91066,42;0,09696946
91083,16;0,09696823
91099,55;0,09696469
91116,12;0,09697166
91133,3;0,09697416
91149,25;0,09697416
91166,1;0,09697416
91182,63;0,09696835
91198,95;0,09696835
91215,52;0,0969637
91232,73;0,09697352
91248,65;0,09699036
91265,69;0,09699257
91281,78;0,09699257
91298,35;0,09699251
91314,92;0,09700319
91331,48;0,09699843
91348,25;0,09700076
91364,63;0,09701742
91381,19;0,0970151
91397,75;0,0970151
91414,31;0,09701858
91430,88;0,09703264
91447,45;0,09702788
91464,02;0,09703368
91480,59;0,09704094
91497,16;0,09705743
91513,72;0,09706207
91530,29;0,09706574
91550,61;0,09707735
91563,42;0,09707259
91579,98;0,09707142
91596,56;0,09708902
91613,16;0,09709738
91629,69;0,09710087
91646,57;0,097109
91662,91;0,09711725
91679,38;0,09711725
91695,95;0,09714337
91713,05;0,09713873
91729,78;0,09713745
91745,65;0,09715023
91762,93;0,09715383
91778,79;0,09716684
91795,35;0,09716684
91812,59;0,09717984
91828,48;0,09717984
91845,09;0,09718798
91861,62;0,09718449
91878,77;0,09718687
91894,94;0,09718572
91911,31;0,09718107
91927,89;0,09717758
91944,83;0,09718699
91961,02;0,09716596
91977,59;0,09715766
91994,15;0,09715999
92011,05;0,09716115
92027,29;0,09715644
92043,85;0,09715877
92060,54;0,09714948
92076,99;0,09714948
92093,56;0,09716573
92110,13;0,09716342
92126,7;0,09715731
92143,47;0,09714919
92159,88;0,09714919
92176,7;0,09714222
92193;0,09712903
92209,95;0,09712787
92226,09;0,09712671
92242,93;0,09712549
92259,23;0,09710679
92276,16;0,09709146
92292,38;0,09709146
92309,16;0,0970878
92325,5;0,09708077
92342,06;0,09706306
92358,82;0,09706306
92375,18;0,09706306
92391,76;0,09705145
92408,32;0,09705145
92424,89;0,09705488
92443,95;0,09703641
92460,52;0,09701997
92477,42;0,09701997
92494,22;0,09700591
92510,24;0,09701172
92526,8;0,09701503
92543,66;0,09701038
92559,95;0,09701154
92576,5;0,09701619
92593,06;0,09700324
92609,72;0,09700789
92626,2;0,09698918
92642,77;0,09699151
92659,99;0,09697989
92675,91;0,09696822
92692,48;0,09696584
92709,04;0,09696236
92725,95;0,09695544
92742,18;0,09695544
92759,31;0,09691944
92775,3;0,09692059
92791,85;0,09692989
92808,43;0,09692524
92824,99;0,09689979
92842,27;0,09688911
92858,31;0,09688429
92874,7;0,09687378
92891,26;0,09687035
92907,82;0,09686454
92924,67;0,09684317
92940,95;0,09682442
92957,52;0,09682674
92974,14;0,09681629
92990,66;0,09681629
93007,23;0,09678835
93023,79;0,09676814
93040,36;0,09676228
93057,83;0,09675531
93082,74;0,09671466
93082,74;0,09667615
93102,74;0,09666337
93119,3;0,09666105
93135,88;0,09663735
93152,51;0,09663154
93169,02;0,09659646
93185,71;0,09659646
93202,14;0,09658466
93218,87;0,0965663
93235,3;0,09654632
93252,03;0,09653354
93268,94;0,09653354
93284,97;0,09651612
93301,54;0,09649702
93319,01;0,0965005
93334,67;0,09647506
93351,82;0,09645635
93368,02;0,09644363
93384,77;0,0964355
93400,93;0,09643085
93417,5;0,09641988
93434,07;0,09640943
93450,64;0,09640589
93467,2;0,09639171
93483,77;0,09637324
93500,34;0,09636278
93516,91;0,09634884
93534,1;0,09632864
93550,15;0,09631
93566,6;0,09631696
93583,17;0,09629147
93600,1;0,09629147
93616,32;0,09626742
93632,87;0,09624662
93649,44;0,09624662
93666,27;0,09625243
93682,57;0,09625243
93699,57;0,09624662
93715,71;0,09619876
93732,27;0,09617414
93748,98;0,09616949
93765,41;0,09616484
93781,97;0,09616368
93798,54;0,09613552
93815,1;0,09611578
93831,67;0,09612274
93848,23;0,09612274
93864,84;0,09612739
93882,17;0,09613192
93897,94;0,0961354
93914,51;0,09615085
93931,07;0,09615451
93947,8;0,09624606
93964,48;0,09633299
93980,91;0,0963888
93997,79;0,09645098
94013,9;0,09647734
94030,63;0,09678116
94047,04;0,09686478
94063,61;0,09710155
94080,17;0,09710155
94097,12;0,09741183
94113,76;0,09764929
94129,87;0,09764929
94146,44;0,09804992
94163;0,09834486
94180,04;0,09863631
94196,4;0,09863631
94212,72;0,09892492
94229,27;0,0991903
94246,4;0,0994864
94262,41;0,09963352
94279,2;0,09963352
94295,66;0,09976443
94312,15;0,09992243
94328,66;0,09992243
94345,41;0,100339
94361,8;0,101026
94378,38;0,1011841
94394,94;0,1013246
94411,65;0,1014073
94428,33;0,1018913
94444,63;0,102151
94461,2;0,1022728
94477,77;0,1024184
94494,48;0,1025409
94510,94;0,1026835
94527,47;0,10321
94544,04;0,1033695
94560,6;0,1033695
94577,17;0,1037641
94593,73;0,1039329
94611,06;0,1042089
94626,88;0,1044896
94643,56;0,1046213
94660,02;0,1049203
94676,75;0,1050622
94693,14;0,1050622
94710,2;0,1056042
94727,2;0,1056383
94743,48;0,1060179
94759,76;0,1060179
94775,97;0,1062849
94792,54;0,1065594
94809,95;0,1068388
94825,73;0,1070066
94842,41;0,1072381
94859,2;0,1073699
94875,37;0,1076514
94892,19;0,1076514
94908,53;0,1080564
94925,07;0,1081993
94941,73;0,1081993
94958,2;0,1083233
94974,79;0,1084609
94991,34;0,1089261
95007,91;0,109425
95024,77;0,1095663
95041,34;0,1097075
95057,6;0,1099997
95074,16;0,1101271
95090,73;0,1101271
95108,13;0,1105413
95123,87;0,1107976
95140,78;0,1110687
95157,01;0,1110687
95173,63;0,1113342
95190,15;0,111616
95206,7;0,1118846
95223,27;0,1120222
95239,84;0,1120222
95256,4;0,1124289
95272,97;0,1126915
95289,54;0,1129558
95306,11;0,113084
95322,99;0,113084
95339,23;0,1136101
95355,8;0,1136326
95372,52;0,1140236
95388,94;0,1141548
95405,5;0,1143971
95422,07;0,1145238
95438,66;0,1146543
95455,2;0,1147839
95471,77;0,1151678
95488,34;0,115443
95505,15;0,115584
95521,48;0,1157471
95538,03;0,1159832
95555,05;0,1161071
95571,73;0,1161071
95587,73;0,1162076
95604,3;0,1162076
95620,9;0,116279
95637,98;0,1169521
95654,2;0,1173648
95670,58;0,117521
95687,77;0,117694
95703,71;0,1178823
95720,27;0,1178823
95736,98;0,1183636
95753,41;0,1185047
95769,98;0,1187433
95786,55;0,1187433
95803,39;0,1190032
95819,74;0,1192652
95836,39;0,1194938
95853,07;0,1197667
95869,38;0,1197667
95886,38;0,1198752
95903,05;0,1202233
95919,33;0,1202233
95936,34;0,1205504
95952,2;0,1207232
95968,77;0,1207857
95985,34;0,1209304
96001,9;0,1209304
96018,66;0,1210751
96035,03;0,1210941
96051,6;0,1211388
96068,17;0,1211442
96084,8;0,1211278
96101,63;0,1211007
96117,87;0,1211007
96135,27;0,1210641
96151,2;0,1210222
96168,23;0,1209818
96184,6;0,120969
96200,91;0,120969
96217,58;0,1209451
96234,24;0,1209325
96250,41;0,1209325
96266,97;0,1208497
96283,54;0,1207673
96300,16;0,1207434
96317,24;0,1207069
96333,56;0,1206629
96349,98;0,1206466
96366,39;0,1206177
96383,55;0,1205851
96399,59;0,1205775
96416,76;0,1205425
96432,64;0,1204862
96449,85;0,1204772
96466,06;0,1204261
96482,36;0,1204261
96498,9;0,1203555
96515,63;0,1203517
96532,09;0,1203205
96548,66;0,1202938
96565,17;0,120274
96581,88;0,1202392
96598,31;0,1202267
96614,87;0,1202267
96631,44;0,1201591
96648,52;0,1201246
96664,56;0,1200881
96681,14;0,1200826
96697,7;0,120039
96714,27;0,1200301
96731,52;0,1200301
96747,41;0,1199671
96763,98;0,1199506
96780,53;0,1199328
96797,48;0,1199217
96813,69;0,1199021
96830,66;0,1198676
96847,05;0,119848
96863,38;0,119848
96880,8;0,1198409
96896,5;0,1198153
96913,07;0,1197453
96930,14;0,1197346
96946,45;0,1197037
96963,27;0,1196712
96979,66;0,1196516
96995,91;0,1196444
97012,47;0,1196444
97029,04;0,1196009
97045,74;0,1195845
97062,29;0,1195608
97078,73;0,1195229
97095,38;0,1195103
97111,87;0,1194888
97128,43;0,119464
97145,01;0,1194354
97161,82;0,1194285
97178,14;0,1193885
97194,7;0,1193777
97211,64;0,1193582
97228,5;0,1193582
97244,55;0,119328
97260,97;0,1192591
97277,53;0,1192502
97294,11;0,1192161
97310,88;0,1192161
97327,43;0,1192021
97343,8;0,1191757
97360,6;0,1191454
97376,94;0,1191131
97393,5;0,1190842
97410,07;0,1190681
97427,57;0,1190359
97443,52;0,1190359
97460,02;0,118995
97476,34;0,1189663
97492,91;0,1189593
97510,05;0,1189417
97526,52;0,1189417
97543,03;0,118903
97559,16;0,1188691
97575,73;0,1188358
97592,38;0,1188092
97609,68;0,1188112
97625,44;0,1187727
97642,34;0,1187567
97658,59;0,1187375
97675,14;0,1187178
97692,06;0,1186898
97708,4;0,1186689
97724,84;0,1186566
97741,73;0,118637
97757,98;0,1186161
97774,56;0,1186161
97791,1;0,1185756
97808,54;0,1185478
97824,26;0,1185161
97840,86;0,1185161
97857,37;0,1184969
97873,94;0,1184637
97890,7;0,1184374
97907,08;0,1184179
97923,64;0,1184179
97940,2;0,1183689
97956,77;0,1183689
97973,91;0,1183481
97990,42;0,11832
98006,59;0,1182833
98023,05;0,1182628
98039,62;0,1182349
98056,41;0,1182173
98072,74;0,1181842
98089,8;0,1181774
98105,87;0,1181513
98122,56;0,1181513
98139,04;0,1181355
98155,57;0,1181337
98172,15;0,1181182
98188,7;0,1180953
98206,02;0,1180377
98221,84;0,1180065
98238,68;0,1179906
98254,98;0,1179906
98271,55;0,1179544
98288,11;0,1179544
98304,73;0,1179161
98321,24;0,1178934
98337,84;0,1178705
98354,88;0,1178463
98371,32;0,1178392
98387,52;0,1178324
98404,09;0,1178167
98420,65;0,1177785
98437,3;0,1177631
98453,78;0,1177421
98470,34;0,1177421
98487,02;0,1177128
98503,67;0,1176971
98520,04;0,1176847
98537,02;0,1176587
98553,49;0,1176587
98569,73;0,1176102
98586,3;0,1175827
98603,05;0,1175827
98619,92;0,1175568
98636,01;0,1175218
98653,35;0,1175131
98669,13;0,1174855
98685,92;0,1174594
98702,27;0,1174594
98718,84;0,1174319
98735,41;0,1173907
98751,97;0,1173872
98768,84;0,1173682
98786,05;0,117363
98802,09;0,117363
98818,73;0,1173495
98834,8;0,1172736
98851,38;0,1172476
98867,94;0,1172198
98884,51;0,1172028
98901,07;0,1172028
98917,63;0,1171853
98934,2;0,1171612
98950,92;0,1171612
98967,41;0,117113
98983,9;0,1170978
99000,48;0,1170734
99017,05;0,1170439
99033,6;0,1170439
99050,96;0,1169976
99067,55;0,1169959
99083,3;0,1169667
99099,87;0,116956
99116,43;0,1169371
99133,33;0,116925
99150,27;0,1169165
99166,59;0,1168976
99183,16;0,1168751
99199,45;0,1168476
99215,84;0,1168476
99232,41;0,1168391
99248,97;0,1168131
99265,53;0,1167963
99282,1;0,1167844
99298,66;0,116769
99315,24;0,1167516
99332,66;0,1167396
99348,63;0,1167363
99364,94;0,1167209
99381,66;0,1167209
99398,07;0,1167021
99414,63;0,1167021
99431,2;0,1166852
99447,77;0,1166835
99464,34;0,1166632
99480,95;0,1166344
99497,58;0,1166274
99514,11;0,1166274
99530,6;0,1165848
99547,25;0,1165848
99563,74;0,1165659
99580,3;0,1165571
99596,87;0,1165349
99613,61;0,1165278
99630,13;0,1165278
99646,57;0,1165261
99663,68;0,116511
99679,8;0,116494
99696,27;0,1164923
99712,94;0,1164923
99729,52;0,1164771
99746,09;0,1164738
99762,53;0,1164584
99779,11;0,11645
99795,67;0,1164481
99813;0,1164397
99829,55;0,116443
99845,37;0,116443
99861,94;0,1164192
99878,5;0,1164242
99895,56;0,1164074
99911,63;0,1164058
99928,23;0,1163889
99944,77;0,1163889
99961,75;0,1163839
99977,91;0,1163789
99994,47;0,1163789
100011,1;0,1163789
100028,1;0,1163669
100044,2;0,1163753
100060,7;0,1163703
100077,3;0,1163602
100094,1;0,1163703
100110,4;0,1163585
100127,1;0,1163585
100143,6;0,1163417
100160,1;0,1163333
100176,7;0,1163333
100193,3;0,1163266
100209,8;0,1163198
100226,4;0,1163098
100243,8;0,1163098
100259,6;0,1163131
100276,1;0,1163081
100293;0,116298
100309,2;0,1162911
100326,3;0,1162911
100342,4;0,1162774
100359,2;0,1162774
100375,5;0,1162707
100392,1;0,1162572
100408,8;0,1162606
100425,2;0,1162505
100441,8;0,1162539
100458,3;0,1162505
100474,9;0,1162455
100491,5;0,1162455
100508,2;0,1162404
100524,8;0,1162253
100541,2;0,1162304
100557,7;0,116227
100574,3;0,116227
100590,9;0,1162219
100607,6;0,1162203
100624;0,1162119
100640,9;0,1162119
100657,4;0,1162068
100673,7;0,1162068
100690,3;0,1162135
100706,8;0,1162068
100723,4;0,1162068
100740;0,1162152
100756,5;0,1162035
100773,6;0,1161967
100789,7;0,1162152
100806,2;0,1162152
100822,8;0,1162169
100839,5;0,1162085
100855,9;0,1162119
100872,5;0,1162018
100889,1;0,1162001
100905,6;0,1162001
100922,2;0,1162018
100938,8;0,11619
100955,6;0,1161883
100972;0,1161934
100990;0,1161917
101005,1;0,1161866
101022,1;0,1161966
101038,2;0,1161966
101054,8;0,1161798
101071,3;0,1161798
101087,9;0,1161798
101104,4;0,1161597
101121;0,1161597
101137,6;0,1161613
101154,5;0,1161479
101171,1;0,1161496
101187,3;0,1161529
101203,9;0,1161529
101220,4;0,1161462
101237,2;0,1161479
101253,5;0,1161496
101270,9;0,1161479
101286,7;0,1161479
101303,2;0,1161445
101320;0,1161445
101336,4;0,1161412
101352,9;0,1161412
101369,5;0,1161395
101386,1;0,1161378
101402,6;0,1161496
101419,2;0,1161546
101435,8;0,1161563
101452,3;0,1161563
101468,9;0,1161529
101486;0,1161546
101502;0,1161613
101518,6;0,116158
101535,2;0,1161597
101552,4;0,1161664
101568,7;0,116163
101584,9;0,1161613
101601,4;0,1161613
101618;0,1161597
101634,6;0,116163
101651,2;0,1161613
101667,7;0,116163
101684,5;0,116163
101701;0,116158
101717,4;0,1161597
101734,2;0,1161597
101750,5;0,1161563
101767,3;0,1161563
101783,7;0,1161613
101801,2;0,116163
101816,8;0,1161597
101833,4;0,1161613
101850,1;0,1161647
101866,5;0,1161613
101883,1;0,1161613
101899,6;0,1161664
101916,3;0,1161664
101932,8;0,116163
101949,3;0,1161681
101966,3;0,1161613
101982,5;0,1161613
101999;0,116163
102015,7;0,1161664
102032,2;0,1161563
102048,7;0,1161664
102065,3;0,1161613
102081,9;0,1161597
102098,5;0,116158
102115;0,1161614
102131,7;0,1161631
102148,6;0,1161682
102164,8;0,1161665
102181,3;0,1161698
102198,1;0,1161648
102214,4;0,1161732
102231,1;0,1161732
102247,6;0,1161698
102264,9;0,1161682
102281;0,1161732
102297,5;0,1161682
102313,8;0,1161682
102330,4;0,1161715
102347,1;0,1161749
102363,5;0,1161715
102380,2;0,1161766
102396,6;0,1161766
102413,2;0,1161682
102430,6;0,1161749
102446,5;0,1161732
102462,9;0,1161715
102479,6;0,1161698
102496;0,1161682
102513,5;0,1161682
102529,5;0,1161732
102545,9;0,1161682
102562,3;0,1161799
102578,9;0,1161799
102595,4;0,1161783
102612,8;0,1161783
102628,6;0,1161816
102645,1;0,1161816
102661,7;0,116185
102678,5;0,1161783
102694,8;0,1161766
102711,4;0,1161766
102728;0,1161783
102744,5;0,11618
102761,2;0,1161851
102777,7;0,1161817
102794,5;0,1161817
102811;0,1161851
102828;0,1161868
102844,1;0,1161884
102860,9;0,1161884
102877,8;0,1161884
102893,7;0,1161851
102910,8;0,1161884
102926,9;0,1161834
102943,3;0,1161952
102959,9;0,1161969
102976,6;0,1162003
102993;0,1162003
103009,6;0,1162087
103026,2;0,1162121
103042,9;0,1162138
103059,7;0,1162205
103076,4;0,1162205
103092,7;0,1162306
103109;0,1162373
103125,6;0,1162339
103142,1;0,1162457
103158,7;0,1162423
103175,3;0,116244
103191,9;0,1162457
103208,4;0,1162507
103225;0,1162524
103241,5;0,1162524
103258,3;0,1162642
103274,7;0,1162642
103291,2;0,1162642
103307,8;0,1162659
103325,1;0,1162709
103341,4;0,1162692
103357,5;0,1162726
103374,2;0,1162675
103390,6;0,1162709
103407,2;0,1162709
103423,8;0,1162743
103440,8;0,1162743
103457;0,1162692
103473,5;0,1162675
103490,4;0,1162726
103506,9;0,1162692
103523,2;0,1162659
103540;0,1162642
103556,4;0,1162692
103572,9;0,1162709
103589,6;0,1162692
103606,9;0,1162692
103622,6;0,1162743
103639,4;0,1162793
103656,4;0,1162827
103672,4;0,1162827
103688,9;0,1162843
103705,4;0,1162743
103722,3;0,1162793
103738,5;0,1162827
103755,1;0,1162776
103771,8;0,1162877
103788,3;0,1162759
103804,8;0,1162759
103821,8;0,1162827
103837,9;0,116286
103854,5;0,116286
103871,1;0,116286
103888;0,1162894
103904,2;0,1162911
103920,8;0,1162911
103937,3;0,1162911
103954,5;0,1162944
103970,9;0,1163011
103987,3;0,1162995
104003,7;0,1162944
104020,3;0,1163028
104036,7;0,1163028
104053,4;0,1162995
104069,9;0,1163028
104086,8;0,1163028
104103;0,1163028
104120,2;0,1163112
104136,1;0,1163129
104152,7;0,1163146
104170;0,116318
104185,8;0,1163146
104202,4;0,116323
104219;0,116323
104235,5;0,116318
104252,1;0,1163213
104268,7;0,1163247
104286;0,1163247
104301,8;0,1163247
104318,7;0,116328
104334,9;0,1163348
104352,2;0,1163381
104368,1;0,1163364
104384,6;0,1163381
104401,2;0,1163381
104417,8;0,1163381
104434,4;0,1163465
104451,2;0,1163449
104467,8;0,1163466
104484;0,1163433
104500,6;0,1163449
104517,2;0,1163517
104533,7;0,1163517
104550,8;0,1163517
104567;0,1163533
104583,5;0,116355
104600;0,1163601
104616,8;0,1163668
104633,2;0,1163651
104649,8;0,1163668
104666,3;0,1163752
104683,1;0,1163752
104699,9;0,1163718
104716,1;0,1163769
104732,5;0,1163735
104749,3;0,1163751
104766,2;0,1163751
104782,2;0,1163852
104798,8;0,1163768
104815,4;0,1163768
104831,9;0,1163818
104848,7;0,1163785
104865,1;0,1163785
104881,6;0,1163919
104898,3;0,1163969
104915,5;0,1163953
104931,3;0,1163969
104948,1;0,1163986
104964,6;0,1164019
104981;0,1163952
104997,6;0,1163968
105014,2;0,1163952
105030,8;0,1163952
105047,3;0,1164037
105063,9;0,1163969
105080,4;0,1164037
105097,5;0,1164037
105113,9;0,1164003
105130,1;0,1163902
105147,4;0,1163902
105163,3;0,1163986
105179,9;0,1163986
105196,4;0,1163986
105213;0,1163969
105229,5;0,1163919
105246,2;0,1163869
105262,7;0,1163869
105279,2;0,1163869
105295,8;0,1163885
105312,5;0,1163953
105328,9;0,1163936
105345,8;0,1163885
105362,1;0,1163818
105378,6;0,1163785
105395,2;0,1163801
105411,8;0,1163818
105428,3;0,1163852
105445,2;0,1163852
105461,5;0,1163936
105478;0,1163885
105494,6;0,1163936
105511,3;0,1163936
105527,7;0,1163936
105544,3;0,116402
105561,1;0,1164003
105577,4;0,1164037
105594,2;0,1163986
105611,1;0,1164003
105627,1;0,1164037
105643,7;0,1164037
105660,3;0,1164037
105676,8;0,1164154
105693,6;0,1164139
105710;0,1164172
105726,5;0,1164172
105743,1;0,1164206
105760,2;0,1164189
105776,2;0,1164223
105792,8;0,1164223
105809,4;0,1164223
105825,9;0,1164256
105842,8;0,1164256
105859,6;0,1164256
105875,6;0,1164239
105892,2;0,1164223
105908,9;0,1164206
105925,8;0,1164206
105941,9;0,1164172
105958,5;0,1164206
105975;0,1164206
105991,6;0,1164206
106009;0,1164206
106024,7;0,1164239
106041,4;0,1164239
106058,1;0,1164239
106074,4;0,1164155
106091;0,1164223
106107,7;0,1164223
106124,1;0,1164205
106141,3;0,1164255
106157,3;0,1164205
106173,8;0,1164205
106190,4;0,1164222
106207;0,1164289
106224;0,1164289
106240,8;0,1164306
106257;0,1164322
106273,7;0,1164306
106290,3;0,1164289
106306,4;0,1164357
106323;0,116434
106340,2;0,1164391
106356,1;0,1164407
106373,6;0,1164491
106389,5;0,1164491
106405,8;0,1164526
106422,4;0,1164577
106439,3;0,1164627
106455,5;0,1164627
106472,2;0,1164609
106488,9;0,1164643
106505,2;0,1164744
106521,7;0,1164795
106538,4;0,1164728
106554,9;0,1164761
106572,1;0,1164862
106588;0,1164914
106604,6;0,1164964
106621,6;0,1164897
106637,7;0,1164863
106654,3;0,1164897
106671,6;0,1164965
106687,4;0,1164965
106704,4;0,1165116
106720,9;0,1165083
106737,1;0,1165116
106754,1;0,116515
106770,2;0,1165218
106786,8;0,116527
106803,9;0,1165405
106820,4;0,1165491
106836,6;0,1165526
106853,1;0,1165576
106869,6;0,1165645
106886,7;0,1165746
106902,8;0,1165848
106919,3;0,1165952
106936,3;0,1165952
106952,9;0,1166005
106969;0,1166124
106985,6;0,1166193
107002,2;0,1166209
107019;0,1166278
107035,3;0,1166431
107051,9;0,1166584
107068,9;0,1166687
107085;0,1166755
107102;0,1166839
107119;0,1166839
107134,7;0,1166891
107151,7;0,1167248
107167,8;0,1167418
107184,8;0,1167504
107201,1;0,1167725
107217,5;0,1167794
107234,1;0,1167879
107250,7;0,1167929
107267,2;0,1168116
107283,9;0,1168151
107300,4;0,1168237
107317,1;0,1168288
107333,8;0,1168441
107350,1;0,1168575
107367,5;0,1168575
107383,2;0,1168577
107400,1;0,1168902
107416,3;0,1168989
107432,9;0,1168989
107449,8;0,1169141
107466,1;0,1169226
107482,6;0,1169327
107499,2;0,1169328
107515,8;0,1169345
107532,5;0,1169431
107549,4;0,1169602
107565,4;0,1169688
107582;0,1169774
107598,7;0,1169877
107615,1;0,1169896
107632;0,1169966
107648,6;0,1169966
107665,3;0,1170102
107681,4;0,117012
107698;0,1170344
107714,5;0,1170479
107731,6;0,1170479
107747,7;0,1170514
107765;0,1170514
107780,8;0,117079
107797,4;0,1170961
107813,9;0,1171234
107830,5;0,1171406
107847,1;0,1171406
107863,6;0,1171458
107880,2;0,1171716
107897,5;0,1171973
107913,3;0,1172075
107930,3;0,1172282
107947;0,1172418
107963,6;0,1172471
107980;0,1172522
107996,2;0,1172831
108012,7;0,1172985
108029,9;0,117307
108046,1;0,1173155
108062,5;0,1173206
108084,2;0,1173379
108095,6;0,1173396
108112,1;0,1173551
108128,7;0,1173687
108145,3;0,1173773
108162;0,1173947
108178,4;0,1173981
108195;0,1174067
108211,7;0,1174084
108228,1;0,1174293
108244,7;0,1174345
108261,2;0,1174449
108277,9;0,11745
108294,7;0,117455
108310,9;0,1174688
108327,6;0,1174724
108344,1;0,117481
108360,6;0,1174862
108377,2;0,1174862
108394,1;0,1174879
108410,6;0,1174879
108426,9;0,1175001
108443,5;0,1175191
108460;0,1175313
108476,6;0,1175365
108493,2;0,1175417
108510,2;0,1175521
108526,3;0,1175573
108542,9;0,1175608
108559,4;0,1175764
108576,1;0,1175764
108592,6;0,1175833
108609,5;0,1175938
108625,7;0,1176075
108642,3;0,1176229
108659,4;0,1176229
108675,5;0,1176369
108692;0,1176525
108708,5;0,1176525
108725,1;0,1176697
108741,7;0,1176697
108758,3;0,1176732
108775,4;0,1176868
108791,4;0,1176868
108808,2;0,117685
108824,5;0,117685
108841,2;0,117685
108858,3;0,1176902
108874,3;0,1176901
108890,8;0,1176937
108907,8;0,1176953
108923,9;0,1176832
108941;0,1176831
108957,8;0,1176882
108974;0,1176831
108990,6;0,1176779
109006,8;0,1176779
109023,3;0,117678
109039,9;0,1176763
109056,7;0,1176798
109073,2;0,1176712
109089,8;0,1176663
109106,1;0,1176682
109122,7;0,1176682
109139,3;0,1176632
109155,8;0,1176615
109172,4;0,1176616
109189,4;0,1176564
109205,5;0,1176529
109222,4;0,1176546
109238,7;0,11766
109255,5;0,1176618
109271,8;0,1176655
109288,6;0,1176655
109305;0,1176655
109321,5;0,1176672
109338,1;0,1176673
109354,9;0,1176709
109371,4;0,1176709
109388,6;0,1176637
109404,3;0,1176621
109420,9;0,1176637
109437,8;0,1176637
109454;0,117669
109470,7;0,1176639
109487,2;0,1176639
109503,9;0,1176709
109520,3;0,1176849
109536,9;0,1176867
109553,4;0,1176814
109570;0,1176814
109586,6;0,1176849
109603,1;0,1176866
109619,7;0,1176778
109636,3;0,1176795
109653,4;0,1176795
109669,5;0,1176795
109686;0,1176795
109702,5;0,1176812
109719,1;0,1176795
109735,7;0,1176742
109752,2;0,1176689
109768,8;0,1176689
109785,4;0,1176654
109801,9;0,1176569
109818,5;0,1176516
109835,1;0,1176482
109851,6;0,1176482
109868,5;0,1176465
109885,4;0,1176381
109901,3;0,1176312
109917,9;0,1176312
109934,5;0,1176241
109951;0,1176069
109967,6;0,1176035
109984,2;0,1176035
110000,7;0,1176037
110017,3;0,1176072
110033,9;0,117602
110051,1;0,117602
110067,7;0,1176054
110083,6;0,1176054
110100,2;0,1176035
110116,7;0,1176034
110133,5;0,1176017
110149,8;0,1175999
110166,5;0,1175964
110183;0,1175982
110199,9;0,1175981
110216,1;0,1175981
110232,7;0,1176013
110249,3;0,1176011
110265,9;0,1176063
110282,5;0,1176099
110299,3;0,1176099
110315,5;0,1176132
110332,2;0,1176116
110348,9;0,1176183
110365,2;0,1176145
110381,8;0,117616
110398,3;0,1176159
110414,9;0,1176127
110431,5;0,117618
110448;0,117618
110464,6;0,1176126
110481,2;0,1176143
110498,6;0,1176195
110514,3;0,1176142
110530,9;0,1176142
110548;0,1176175
110564;0,1176175
110580,6;0,1176104
110597,1;0,1176102
110613,8;0,1176085
110630,3;0,1176118
110646,8;0,1176067
110663,4;0,1176012
110680,3;0,1175959
110696,5;0,1175924
110713,1;0,1175888
110730;0,1175888
110748;0,1175959
110762,8;0,1176029
110779,4;0,1176082
110796,5;0,1176082
110812,5;0,1176082
110829,1;0,1176203
110845,7;0,1176308
110862,2;0,1176343
110879,1;0,1176446
110896,3;0,1176447
110911,9;0,1176447
110928,5;0,1176447
110945,6;0,1176534
110962,3;0,1176552
110978,3;0,1176552
110994,8;0,1176744
111011,5;0,1176916
111027,9;0,1176951
111044,9;0,1176986
111061;0,1177022
111077,6;0,1177091
111094,6;0,1177125
111110,7;0,117714
111127,3;0,117714
111143,8;0,1177191
111160,4;0,1177346
111177;0,1177347
111193,5;0,1177347
111210,1;0,1177329
111226,7;0,1177469
111243,2;0,117745
111259,8;0,1177467
111277;0,117743
111292,9;0,1177498
111309,6;0,117755
111326,1;0,1177636
111342,6;0,1177601
111359,2;0,1177601
111376,1;0,1177688
111392,5;0,1177759
111408,9;0,1177847
111425,5;0,1177864
111442;0,1177864
111459,2;0,1177914
111475,3;0,1177914
111491,9;0,1178017
111508,4;0,1178017
111525,1;0,1178034
111541,4;0,1178068
111558,3;0,1178156
111575,1;0,1178156
111591,8;0,1178157
111608,2;0,117814
111624,6;0,1178279
111641,2;0,1178416
111657,4;0,1178451
111674;0,1178434
111690,7;0,1178434
111707,1;0,1178523
111723,7;0,1178576
111740,3;0,1178629
111756,8;0,1178611
111773,4;0,117868
111790;0,1178748
111806,5;0,117873
111823,5;0,1178767
111839,6;0,1178768
111856,2;0,1178786
111872,8;0,1178785
111889,3;0,1178802
111905,9;0,11788
111922,8;0,1178783
111939,9;0,1178765
111956;0,1178851
111972,3;0,1178834
111989,2;0,1178832
112006,4;0,1178815
112021,9;0,1178763
112038,4;0,1178728
112055;0,1178694
112071,6;0,1178695
112088,4;0,1178695
112104,7;0,1178608
112121,9;0,1178573
112137,8;0,1178505
112154,4;0,1178453
112171;0,1178489
112187,8;0,1178452
112204,1;0,1178401
112221;0,1178401
112237,2;0,117835
112253,8;0,117835
112270,4;0,1178022
112286,9;0,1177936
112303,5;0,1177883
112320,1;0,1177883
112337,2;0,1177783
112353,2;0,1177681
112369,9;0,1177629
112386,3;0,117756
112403,2;0,117756
112419,5;0,1177489
112436,2;0,1177403
112452,8;0,1177403
112469,2;0,117723
112485,8;0,1177213
112502,5;0,1177111
112518,9;0,1177074
112535,6;0,1176954
112552;0,1176921
112568,6;0,1176886
112585,4;0,1176802
112601,7;0,1176716
112618,3;0,1176682
112634,8;0,1176581
112651,4;0,1176581
112668;0,1176478
112684,5;0,1176376
112701,8;0,117634
112717,7;0,1176204
112734,3;0,1176152
112751;0,1175928
112767,4;0,1175928
112783,9;0,1175755
112801,1;0,1175652
112817,1;0,1175514
112833,6;0,1175375
112850,2;0,1175375
112866,9;0,1175323
112883,3;0,1175323
112900,8;0,1175135
112916,5;0,1174963
112933,7;0,1174877
112950,2;0,1174757
112966,2;0,1174618
112982,7;0,1174447
112999,3;0,1174393
113015,9;0,1174376
113032,4;0,1174185
113049;0,1174048
113065,7;0,1173927
113082,1;0,1173806
113098,7;0,1173755
113115,4;0,1173669
113131,8;0,1173669
113148,4;0,1173496
113165,5;0,1173324
113181,7;0,1173203
113198,1;0,1173203
113214,7;0,11731
113231,2;0,1172928
113247,8;0,1172739
113264,4;0,1172703
113281,2;0,1172703
113297,5;0,1172498
113314,8;0,1172412
113330,6;0,1172325
113347,2;0,1172224
113363,8;0,1172016
113380,3;0,117186
113396,9;0,1171773
113414,1;0,1171773
113430;0,1171449
113446,6;0,1171397
113463,2;0,1171226
113479,7;0,1171226
113496,3;0,1171139
113513,6;0,1171139
113529,4;0,1170986
113546;0,1170864
113562,6;0,1170552
113579,9;0,1170412
113595,8;0,117024
113612,8;0,117024
113629,4;0,117012
113645,4;0,117012
113662;0,116988
113679;0,1169653
113695,1;0,1169566
113711,8;0,1169496
113728,3;0,1169496
113744,8;0,1169342
113761,7;0,1169273
113777,9;0,1169153
113794,5;0,1169069
113811,1;0,1169069
113827,6;0,1169067
113844,8;0,1168843
113860,8;0,1168843
113877,4;0,1168669
113893,9;0,1168635
113910,8;0,1168552
113927,7;0,1168517
113943,6;0,1168447
113960,5;0,116843
113976,7;0,1168379
113993,4;0,1168327
114009,9;0,1168311
114026,7;0,1168241
114043;0,1168208
114059,6;0,1168174
114076,3;0,1168071
114093,3;0,1168039
114109,3;0,1168073
114125,8;0,1168057
114142,5;0,1168073
114159,1;0,1168056
114175,6;0,1168123
114192,1;0,1168019
114208,7;0,1168125
114225,8;0,1168143
114242,3;0,1168228
114258,4;0,1168229
114274,9;0,1168229
114292,3;0,1168229
114310,1;0,1168212
114324,6;0,1168281
114341,3;0,1168281
114357,8;0,1168383
114374,5;0,1168417
114390,9;0,1168468
114408,2;0,1168537
114424;0,1168607
114440,6;0,1168589
114457,4;0,1168622
114473,7;0,1168639
114490,4;0,1168691
114506,9;0,1168724
114523,7;0,1168777
114540,1;0,1168794
114557;0,1168864
114573,7;0,1168931
114590;0,1168948
114606,3;0,1169053
114623,5;0,1169086
114639,4;0,1169086
114656,1;0,1169225
114672,5;0,1169293
114689,5;0,1169328
114706;0,1169413
114722,2;0,116948
114738,8;0,1169565
114755,4;0,1169583
114772,2;0,1169583
114788,5;0,1169686
114805,1;0,1169686
114821,8;0,116972
114838,4;0,116991
114854,8;0,1169895
114871,3;0,116998
114887,9;0,1170099
114904,5;0,1170186
114921;0,1170289
114937,6;0,1170426
114954,2;0,1170478
114970,7;0,1170581
114987,3;0,1170702
115004,3;0,1170788
115020,4;0,1170806
115037,2;0,1170944
115053,6;0,1170944
115070,9;0,1171132
115087,2;0,1171304
115104,1;0,117134
115119,8;0,1171391
115136,9;0,1171427
115153,1;0,1171583
115169,5;0,1171719
115186,1;0,117177
115202,7;0,1171788
115219,3;0,1172113
115235,8;0,1172148
115252,4;0,1172267
115269;0,1172303
115285,5;0,1172456
115302,1;0,1172525
115319;0,1172525
115335,6;0,1172644
115351,8;0,1172919
115368,5;0,1173055
115384,9;0,1173159
115401,5;0,1173194
115418;0,1173228
115435;0,1173296
115451,2;0,1173348
115468,1;0,117347
115484,4;0,1173538
115500,9;0,1173762
115517,4;0,1173832
115534,2;0,1174005
115550,6;0,1174091
115567,9;0,1174265
115583,7;0,1174369
115600,3;0,1174557
115616,8;0,117461
115633,4;0,1174816
115650,1;0,117492
115666,5;0,1174972
115683,5;0,1175094
115699,7;0,117525
115716,2;0,1175388
115732,9;0,1175491
115749,4;0,1175578
115765,9;0,1175594
115782,6;0,1175802
115799,1;0,1175853
115815,7;0,117601
115832,2;0,1176181
115848,8;0,1176319
115865,3;0,117644
115882,3;0,117644
115898,7;0,1176631
115915;0,117682
115931,7;0,1176942
115948,4;0,1177115
115964,7;0,1177148
115981,3;0,1177237
115997,9;0,1177391
116014,4;0,1177391
116031,1;0,11776
116048;0,1177685
116064,9;0,1177753
116080,9;0,1177753
116097,8;0,1177805
116114,2;0,1177995
116130,4;0,1178271
116147;0,1178359
116164,1;0,1178481
116180,1;0,11785
116196,7;0,1178603
116213,2;0,1178603
116229,8;0,1178638
116246,9;0,1178829
116263,6;0,1178915
116279,5;0,1178984
116296,1;0,1178966
116312,6;0,1179157
116329,3;0,117928
116345,9;0,1179333
116362,3;0,1179402
116378,9;0,117949
116395,5;0,1179577
116412;0,1179682
116428,6;0,1179733
116445,2;0,1179768
116461,7;0,1179873
116478,3;0,1179943
116495;0,11801
116511,4;0,1180152
116528;0,1180203
116544,9;0,1180255
116561,1;0,1180359
116577,7;0,118048
116594,4;0,118055
116610,8;0,118055
116627,7;0,1180671
116644;0,1180688
116660,5;0,1180741
116677,1;0,118088
116694;0,118088
116710,2;0,1180897
116726,8;0,1180897
116743,4;0,1180986
116760,5;0,1181197
116776,5;0,118123
116793,3;0,1181283
116809,6;0,1181385
116826,5;0,1181489
116842,8;0,1181576
116859,6;0,1181593
116875,9;0,1181576
116892,8;0,1181593
116909,2;0,118168
116926,3;0,1181697
116942,8;0,118175
116959,5;0,1181819
116975,4;0,1181819
116991,9;0,1181905
117008,4;0,1181992
117025;0,1182044
117041,8;0,1182061
117058,7;0,1182078
117075;0,1182131
117091,5;0,1182166
117107,8;0,11822
117124,4;0,11822
117141;0,1182391
117157,8;0,1182408
117175;0,1182515
117190,7;0,1182498
117207,2;0,1182551
117223,8;0,1182586
117240,6;0,1182603
117256,9;0,1182641
117273,6;0,1182746
117290,1;0,1182746
117306,6;0,1182798
117323,2;0,1182868
117339,8;0,1182868
117356,8;0,1182921
117372,9;0,1182955
117389,5;0,1182974
117406;0,1183097
117422,6;0,1183167
117439,5;0,1183167
117455,7;0,1183237
117472,3;0,1183342
117488,9;0,1183359
117505,5;0,1183445
117522;0,1183445
117538,7;0,1183443
117555,1;0,1183426
117572,2;0,1183425
117588,4;0,1183425
117605;0,1183425
117621,4;0,1183441
117638,4;0,1183459
117654,9;0,1183441
117671,2;0,1183425
117687,7;0,1183443
117704,7;0,1183513
117721;0,118353
117737,4;0,1183584
117754;0,1183601
117770,5;0,1183618
117787,1;0,1183635
117803,6;0,1183618
117820,2;0,118367
117836,8;0,118367
117853,3;0,1183687
117869,9;0,1183669
117886,6;0,1183687
117903;0,1183705
117919,6;0,118374
117936,2;0,118374
117952,9;0,1183828
117969,3;0,1183846
117985,9;0,1183846
118002,5;0,1183846
118019;0,1183898
118035,7;0,1183966
118052,3;0,1184037
118068,8;0,1184037
118085,3;0,1184037
118102;0,1184141
118118,8;0,1184141
118135,3;0,1184247
118151,5;0,1184248
118168,4;0,1184334
118184,7;0,1184298
118201,2;0,1184352
118217,9;0,1184404
118234,4;0,1184387
118250,9;0,1184438
118267,5;0,1184474
118284,1;0,1184527
118300,6;0,1184544
118317,2;0,1184561
118333,8;0,1184595
118350,3;0,1184648
118367,5;0,118463
118383,9;0,1184666
118400,9;0,1184648
118416,6;0,1184648
118433,2;0,1184684
118450,5;0,1184755
118466,3;0,1184737
118482,9;0,1184789
118499,6;0,1184895
118516,2;0,1184842
118532,7;0,1184947
118549,2;0,1184965
118566,4;0,1185
118582,3;0,1185035
118598,8;0,1185035
118615,4;0,1185017
118632;0,1185017
118649;0,118507
118665,1;0,118514
118681,7;0,1185246
118698,3;0,1185333
118714,8;0,1185403
118731,4;0,1185403
118748,4;0,1185456
118764,5;0,1185507
118781,3;0,1185507
118797,6;0,1185559
118814,2;0,1185559
118831,1;0,1185631
118847,3;0,1185649
118863,9;0,1185701
118880,5;0,1185701
118897;0,1185806
118913,6;0,1185788
118930,2;0,1185841
118947;0,1185823
118963,3;0,1185841
118979,9;0,1185894
118996,4;0,1185894
119013,3;0,1185894
119030,4;0,1185894
119046,6;0,118593
119062,8;0,1185965
119079,3;0,1186
119096,1;0,1186089
119112,4;0,1186071
119129;0,1186071
119145,6;0,1186071
119162,6;0,1186106
119178,7;0,1186159
119195,2;0,1186212
119212,3;0,1186248
119228,4;0,1186248
119244,9;0,1186283
119261,5;0,1186336
119278,1;0,1186352
119295;0,1186352
119311,4;0,1186371
119327,8;0,118639
119344,3;0,1186444
119360,9;0,1186514
119377,6;0,1186495
119394,7;0,118653
119410,6;0,1186564
119427,7;0,1186564
119444,3;0,1186686
119460,3;0,118674
119477,2;0,1186722
119493,4;0,1186897
119510;0,1186879
119527,2;0,1186967
119543,1;0,1186967
119559,7;0,1187057
119576,3;0,1187111
119593,5;0,1187111
119609,4;0,1187111
119626;0,1187181
119642,5;0,1187217
119659,2;0,1187269
119676,1;0,1187286
119692,2;0,1187286
119709;0,1187268
119725,4;0,1187267
119741,9;0,1187285
119759;0,1187304
119775,2;0,1187322
119791,8;0,1187393
119808,3;0,1187375
119825,5;0,1187429
119841,3;0,1187482
119857,9;0,1187517
119874,5;0,1187517
119891,3;0,1187535
119907,9;0,1187551
119924,6;0,1187551
119940,7;0,1187551
119957,3;0,118764
119973,9;0,118764
119990,8;0,1187676
120007,2;0,1187676
120023,6;0,1187676
120040,1;0,118773
120056,8;0,118773
120073,5;0,118773
120089,8;0,118773
120106,4;0,1187818
120123,4;0,1187835
120139,7;0,1187889
120156,1;0,1187906
120172,7;0,1187906
120189,2;0,1187941
120205,8;0,1187959
120222,7;0,1187995
120238,9;0,118803
120255,5;0,1188047
120272,1;0,1187994
120288,6;0,1188065
120305,2;0,1188101
120321,8;0,1188101
120338,3;0,1188136
120354,9;0,1188172
120371,5;0,1188208
120388,1;0,118819
120404,7;0,1188226
120421,3;0,1188243
120437,9;0,1188296
120454,3;0,1188296
120470,9;0,118826
120487,4;0,1188296
120504;0,1188278
120520,7;0,1188296
120537,1;0,1188296
120553,7;0,1188332
120570,3;0,1188332
120587,2;0,1188385
120603,4;0,1188456
120620,3;0,1188421
120636,7;0,1188421
120653,1;0,1188421
120670,2;0,1188421
120686,2;0,1188403
120702,8;0,1188385
120719,4;0,1188403
120736,1;0,1188421
120752,5;0,1188439
120769,1;0,1188456
120785,9;0,1188492
120802,2;0,1188492
120818,8;0,1188492
120835,4;0,1188563
120851,9;0,1188563
120868,5;0,1188545
120885,1;0,1188635
120901,8;0,1188617
120918,2;0,1188688
120934,8;0,1188777
120951,3;0,1188813
120968,6;0,1188813
120984,4;0,1188813
121001;0,1188813
121017,6;0,1188813
121034,2;0,1188884
121050,7;0,1188973
121067,3;0,1188973
121083,8;0,1188991
121101,1;0,1189009
121117;0,1189027
121133,5;0,1189079
121150,1;0,1189061
121166,7;0,1189097
121183,5;0,1189115
121199,8;0,1189115
121217,3;0,1189097
121232,9;0,1189133
121249,5;0,1189149
121266,1;0,1189149
121282,6;0,1189149
121299,4;0,118922
121316;0,1189255
121332,4;0,1189237
121349,7;0,1189325
121365,8;0,1189378
121382;0,1189432
121398,6;0,1189432
121415,2;0,1189467
121431,8;0,1189467
121448,3;0,1189485
121465,4;0,1189485
121481,4;0,1189503
121498,9;0,1189485
121514,7;0,1189503
121531,1;0,1189539
121547,7;0,1189555
121564,6;0,1189555
121580,9;0,1189609
121598,2;0,1189645
121614;0,118968
121630,9;0,1189716
121647,6;0,1189751
121663,9;0,1189805
121680,2;0,1189823
121697,3;0,1189876
121713,8;0,118993
121729,9;0,1189948
121746,5;0,1189983
121763,1;0,119
121779,6;0,1190036
121796,2;0,1190054
121812,8;0,1190054
121829,3;0,1190071
121845,9;0,1190071
121862,5;0,1190089
121879,7;0,1190214
121895,6;0,119025
121912,5;0,1190267
121929,1;0,1190285
121945,3;0,1190357
121962,1;0,1190357
121978,7;0,119041
121995,7;0,1190446
122011,6;0,1190463
122028,1;0,1190517
122044,7;0,1190535
122061,3;0,1190553
122078,7;0,1190606
122094,6;0,1190588
122111;0,1190553
122127,8;0,1190606
122144,1;0,119057
122160,7;0,1190624
122177,7;0,1190588
122193,8;0,1190588
122211;0,1190677
122227;0,1190766
122243,5;0,1190784
122260,1;0,1190784
122277,1;0,119082
122299,7;0,119082
122309,8;0,1190856
122326,5;0,1190891
122342,9;0,1190891
122359,5;0,1190963
122376;0,1190963
122392,6;0,1190963
122409,6;0,1191034
122426;0,1191087
122442,5;0,119107
122458,9;0,1191105
122475,8;0,1191105
122492,6;0,1191105
122508,6;0,1191159
122525,1;0,119123
122541,7;0,1191248
122558,6;0,1191266
122575;0,1191301
122591,4;0,1191319
122608;0,1191319
122624,7;0,1191444
122641,1;0,1191426
122657,7;0,1191497
122674,4;0,1191497
122690,8;0,1191586
122707,4;0,1191604
122723,9;0,1191604
122740,5;0,1191622
122757,3;0,119164
122773,8;0,1191693
122790,2;0,1191693
122807,5;0,1191693
122824,1;0,1191729
122839,9;0,1191765
122856,5;0,1191765
122873;0,1191783
122889,6;0,1191854
122906,3;0,1191836
122922,7;0,1191907
122939,7;0,1191907
122955,9;0,1191889
122972,4;0,1191925
122989,6;0,1191925
123005,7;0,1191925
123022,2;0,1191961
123038,9;0,1191996
123055,3;0,1192068
123071,8;0,1192032
123088,4;0,1192068
123105;0,1192121
123121,5;0,1192121
123138,1;0,1192086
123154,7;0,1192121
123172;0,1192157
123187,9;0,1192264
123204,4;0,1192335
123220,9;0,1192389
123237,7;0,1192424
123254,8;0,1192424
123270,6;0,1192513
123287,2;0,1192603
123303,8;0,1192585
123320,3;0,119262
123337,1;0,119262
123353,8;0,1192709
123370;0,1192692
123386,9;0,1192745
123403,6;0,1192727
123419,7;0,1192727
123436,3;0,1192816
123452,9;0,1192834
123469,4;0,1192852
123486,2;0,1192923
123502,7;0,1192959
123519,7;0,1192977
123535,7;0,1192977
123552,3;0,1193013
123568,8;0,1193013
123586;0,1193048
123602,4;0,1193048
123618,6;0,119303
123635,6;0,1193048
123651,7;0,1193066
123668,2;0,1193066
123685;0,1193066
123701,8;0,1193066
123718,2;0,1193119
123734,5;0,1193119
123751,2;0,1193137
123768;0,1193137
123784,2;0,1193155
123801,2;0,119328
123817,3;0,1193351
123834,7;0,1193333
123850,5;0,1193405
123867,2;0,1193387
123883,6;0,1193405
123901,1;0,1193458
123916,8;0,1193458
123933,3;0,1193494
123949,9;0,1193476
123966,5;0,1193547
123983,1;0,1193619
124000;0,119369
124016,1;0,119369
124032,7;0,119369
124049,4;0,1193708
124065,8;0,1193779
124082,5;0,1193815
124099;0,1193868
124115,5;0,1193904
124132,1;0,1193957
124148,7;0,1193975
124165,2;0,1193993
124182;0,1193993
124199,1;0,1194046
124214,9;0,1194101
124231,9;0,1194119
124248,6;0,1194154
124264,6;0,1194208
124281,6;0,1194226
124297,8;0,1194226
124314,3;0,1194297
124330,9;0,1194297
124347,5;0,1194315
124364;0,1194315
124380,6;0,1194315
124397,3;0,119435
124413,7;0,119435
124430,3;0,1194386
124446,9;0,1194529
124463,5;0,1194529
124480;0,1194529
124496,7;0,1194618
124513,6;0,1194654
124529,7;0,1194689
124547;0,1194761
124562,8;0,1194796
124579,4;0,1194832
124596,3;0,1194832
124612,5;0,1194921
124629,1;0,1194974
124646,5;0,1195028
124662,3;0,1195099
124678,8;0,1195153
124695,4;0,1195153
124712;0,1195171
124728,5;0,1195277
124745,1;0,1195331
124761,6;0,1195331
124778,2;0,1195402
124795,3;0,1195402
124811,5;0,1195456
124827,9;0,1195509
124845,1;0,1195527
124861,1;0,1195528
124877,6;0,1195671
124894,2;0,1195689
124911,5;0,1195724
124927,7;0,1195724
124943,9;0,1195742
124960,4;0,1195831
124977,6;0,1195831
124993,6;0,1195867
125010,1;0,119592
125026,7;0,1195974
125043,3;0,1195992
125060,3;0,1196009
125077,1;0,1196045
125093;0,1196063
125109,8;0,1196152
125126,1;0,1196152
125142,7;0,1196241
125159,2;0,1196295
125175,8;0,1196405
125192,4;0,1196532
125209;0,1196532
125225,5;0,1196622
125242,1;0,119664
125258,6;0,1196658
125275,6;0,1196693
125291,9;0,1196766
125308,3;0,1196748
125324,9;0,1196911
125341,5;0,1196965
125358,5;0,1197109
125374,6;0,1197109
125391,2;0,1197145
125407,8;0,1197272
125424,3;0,1197343
125441,2;0,1197343
125457,6;0,1197396
125474;0,119745
125490,9;0,1197432
125507,4;0,1197503
125523,7;0,1197521
125540,9;0,1197628
125556,8;0,1197682
125573,8;0,1197735
125590;0,1197771
125607;0,1197771
125623,1;0,1197771
125639,8;0,1197949
125656,3;0,1197949
125672,8;0,1197967
125689,4;0,1198039
125706;0,1198183
125722,8;0,1198383
125739,1;0,1198474
125755,6;0,1198509
125772,8;0,1198545
125789,1;0,11986
125805,7;0,1198671
125821,9;0,1198707
125838,5;0,1198742
125855;0,1198815
125871,6;0,1198977
125888,2;0,1198977
125905;0,1199158
125921,5;0,1199249
125938,3;0,1199431
125954,9;0,1199504
125971;0,1199486
125987,6;0,1199523
126004,1;0,119965
126020,7;0,119965
126037,3;0,1199869
126053,8;0,1199905
126070,4;0,1199942
126087;0,1200196
126103,5;0,1200396
126120,1;0,1200431
126136,7;0,1200431
126153,2;0,120065
126169,8;0,1200831
126186,5;0,1200921
126202,9;0,1200995
126220,3;0,1201049
126236,1;0,1201049
126252,7;0,1201269
126269,2;0,1201452
126286,2;0,1201505
126302,5;0,1201542
126319,1;0,1201542
126335,5;0,1201542
126352;0,1201834
126368,6;0,1202088
126385,7;0,1202179
126402,3;0,1202289
126418,4;0,1202289
126434,9;0,1202471
126452,1;0,1202635
126468,3;0,1202745
126484,9;0,1202745
126501,1;0,1202781
126517,8;0,1203109
126534,3;0,1203258
126551;0,1203258
126567,4;0,1203477
126584;0,1203697
126600,5;0,1203734
126617,6;0,1203971
126633,7;0,1204118
126650,2;0,1204338
126666,8;0,120443
126683,7;0,1204685
126700;0,1204977
126716,5;0,1204977
126733,1;0,1205251
126750,2;0,1205488
126766,2;0,1205726
126782,8;0,1205873
126799,3;0,1206185
126815,9;0,1206296
126832,8;0,1206497
126849;0,1206589
126866;0,1206773
126882,2;0,1206993
126898,8;0,1206993
126915,3;0,1207451
126931,9;0,1207598
126948,6;0,1207688
126965;0,1207688
126981,9;0,1207908
126998,5;0,1208401
127014,7;0,1208603
127031,8;0,1208824
127048,2;0,1208824
127064,7;0,1208988
127081,1;0,1209373
127098,1;0,1209667
127114,1;0,120974
127130,7;0,120974
127147,2;0,1210036
127163,9;0,1210036
127181;0,1210363
127196,9;0,1210437
127213,8;0,1210601
127230,4;0,1210765
127246,6;0,1210819
127263,3;0,1210948
127279,8;0,1211278
127296,3;0,1211388
127312,9;0,1211535
127329,8;0,1211535
127346;0,1211794
127362,8;0,1211904
127379,2;0,1212107
127395,7;0,1212253
127412,4;0,1212253
127428,9;0,1212714
127446,1;0,1213026
127462;0,1213026
127478,6;0,1213301
127495,1;0,1213576
127512,3;0,1213888
127528,3;0,1213888
127545;0,1214036
127561,5;0,1214367
127578;0,1214367
127594,8;0,1214514
127611,1;0,1214533
127627,7;0,121505
127644,2;0,1215472
127661,2;0,1215711
127677,6;0,1215711
127694,6;0,1215969
127710,6;0,1216133
127727,1;0,1216373
127743,6;0,1216556
127760,2;0,1216759
127777,3;0,1216759
127793,3;0,1217053
127809,9;0,1217294
127826,5;0,1217459
127843,8;0,1217606
127859,6;0,1217606
127876,2;0,121781
127892,7;0,1218069
127909,3;0,1218217
127925,9;0,1218217
127942,5;0,121829
127959;0,1218565
127975,6;0,1218785
127992,1;0,1218858
128008,7;0,1219005
128025,3;0,1219114
128042;0,1219189
128058,4;0,1219539
128075;0,1219539
128091,5;0,1219594
128108,1;0,121989
128124,7;0,1219945
128141,5;0,1220056
128158,1;0,1220056
128174,4;0,1220332
128190,9;0,1220441
128207,5;0,1220479
128224,1;0,122057
128240,6;0,122057
128257,2;0,1220754
128273,8;0,1221086
128290,5;0,1221289
128306,9;0,1221398
128323,5;0,1221583
128340;0,122173
128357,1;0,122173
128373,8;0,1221896
128390;0,1221896
128406,3;0,1222211
128422,9;0,1222377
128439,5;0,1222377
128456;0,1222674
128472,8;0,1222747
128489,1;0,122295
128505,8;0,1222986
128522,3;0,1223059
128539,5;0,1223187
128555,4;0,1223261
128572,8;0,1223372
128589,2;0,1223466
128605,1;0,1223575
128621,7;0,1223576
128638,5;0,1223595
128654,8;0,1223633
128671,4;0,1223651
128687,9;0,1223708
128704,5;0,1223689
128721,1;0,1223782
128737,6;0,1223801
128754,3;0,1223857
128771;0,1223876
128787,7;0,1223876
128804,2;0,122393
128821;0,1224004
128837;0,1224004
128853,6;0,1224004
128870,4;0,1224003
128886,7;0,1224003
128903,3;0,1224021
128919,9;0,1224021
128936,5;0,1224058
128953,2;0,1224113
128969,6;0,1224113
128986,2;0,1224262
129003,1;0,1224262
129019,3;0,1224336
129035,8;0,1224391
129052,6;0,1224391
129069,4;0,1224484
129086,5;0,1224465
129102,1;0,1224539
129118,7;0,1224613
129135,2;0,1224669
129152,1;0,1224799
129168,4;0,1224799
129184,9;0,1224818
129202,1;0,1225006
129218,9;0,1225025
129234,6;0,1225081
129252;0,1225119
129267,8;0,1225138
129284,3;0,1225175
129300,9;0,1225175
129317,5;0,1225213
129334,6;0,1225342
129350,6;0,1225436
129367,2;0,1225453
129383,7;0,1225509
129400,9;0,1225602
129416,9;0,122564
129433,6;0,122564
129450,2;0,1225621
129466,8;0,1225696
129483,2;0,1225715
129499,7;0,1225715
129516,3;0,1225715
129532,8;0,1225734
129551,3;0,1225753
129566,3;0,1225848
129582,5;0,1225848
129599,1;0,1225867
129615,7;0,1225848
129632,2;0,1225847
129648,8;0,1225828
129665,6;0,1225828
129681,9;0,1225809
129698,5;0,1225828
129715,3;0,1225827
129731,7;0,1225827
129748,2;0,1225827
129765,3;0,1225882
129781,7;0,1225977
129798;0,1226015
129814,5;0,1226015
129831;0,1226034
129847,6;0,1226071
129864,4;0,122609
129881,2;0,1226071
129897,7;0,1226145
129913,9;0,1226145
129930,8;0,1226145
129947,8;0,122624
129963,9;0,1226259
129980,1;0,1226297
129996,7;0,1226354
130013,3;0,1226429
130029,8;0,1226429
130046,6;0,1226467
130063,2;0,1226467
130079,5;0,1226524
130096,1;0,1226543
130112,7;0,1226543
130129,9;0,1226599
130145,8;0,1226618
130162,4;0,1226618
130179,2;0,1226599
130195,5;0,1226768
130212,4;0,12269
130228,6;0,12269
130245,6;0,1226956
130261,8;0,1227012
130278,8;0,1227012
130294,9;0,1227012
130311,5;0,1227012
130328,3;0,1227069
130344,6;0,122705
130361,2;0,1227126
130377,7;0,1227143
130394,8;0,1227125
130411,3;0,1227162
130427,4;0,1227162
130444,6;0,1227125
130461,1;0,1227125
130477,9;0,1227143
130494,3;0,12272
130510,7;0,1227313
130526,8;0,1227313
130543,5;0,1227332
130560;0,1227425
130577,4;0,1227425
130593,1;0,1227444
130609,7;0,1227444
130626,3;0,1227482
130643,6;0,1227576
130659,4;0,1227614
130675,9;0,1227614
130692,5;0,1227614
130709,2;0,1227652
130725,9;0,1227689
130742,2;0,1227689
130759;0,1227803
130775,4;0,1227803
130792,2;0,1227822
130808,5;0,1227822
130825,4;0,1227917
130841,6;0,1227917
130858,3;0,1228011
130874,8;0,1228163
130891,3;0,1228201
130907,9;0,122822
130924,5;0,1228277
130941;0,1228277
130957,6;0,1228277
130974,1;0,1228371
130991,2;0,1228428
131007,3;0,1228466
131024,2;0,1228523
131040,4;0,1228523
131057;0,1228599
131073,5;0,1228655
131090,1;0,1228617
131107,1;0,1228674
131123,3;0,1228693
131139,8;0,1228712
131156,4;0,1228712
131173,2;0,1228769
131189,5;0,1228788
131206,1;0,1228788
131223,2;0,1228788
131239,2;0,1228864
131255,8;0,1228902
131272,3;0,1228939
131289,1;0,1228939
131305,5;0,1228977
131322;0,1229053
131339,1;0,1229091
131355,2;0,1229091
131371,7;0,1229148
131388,6;0,1229186
131405;0,1229205
131421,6;0,1229205
131438;0,1229224
131454,6;0,1229224
131471,2;0,1229299
131487,7;0,1229432
131504,6;0,1229489
131520,8;0,1229527
131537,4;0,1229527
131554;0,1229564
131570,5;0,1229716
131587,4;0,1229811
131603,7;0,1229907
131620,2;0,1230039
131636,8;0,1230212
131653,4;0,1230424
131670,7;0,1230577
131687;0,1230847
131703,4;0,1231174
131719,6;0,1231348
131737,1;0,1231502
131752,8;0,1231502
131769,6;0,1231637
131785,9;0,1232429
131802,6;0,1232702
131819,3;0,1232935
131835,9;0,1233324
131852,5;0,1233673
131868,7;0,1234026
131885,3;0,1234553
131901,9;0,1234788
131919,2;0,1235238
131935;0,1235532
131951,6;0,1236001
131968,8;0,1236216
131984,7;0,1236216
132001,3;0,123712
132018,7;0,1237613
132034,4;0,1238246
132051,1;0,1238246
132067,5;0,1238246
132084,1;0,1238561
132101,1;0,1238582
132118,1;0,124016
132133,9;0,12417
132150,5;0,1242304
132167;0,1242584
132183,5;0,1242966
132200,1;0,1244188
132216,6;0,1244952
132233,5;0,1245396
132249,8;0,1245396
132266,3;0,1246601
132283,7;0,1247525
132305,4;0,1248451
132316;0,1248652
132332,9;0,1249656
132349,2;0,1249656
132365,8;0,1250479
132382,3;0,1250479
132399;0,1251183
132416,1;0,1252851
132432;0,1253536
132448,6;0,1253957
132465,3;0,1254863
132482,1;0,1254863
132498,3;0,1256052
132514,8;0,1256556
132531,7;0,1257444
132548,5;0,1257826
132565,3;0,1258335
132581,2;0,1259664
132597,7;0,126039
132614,3;0,1261018
132631,1;0,1261625
132648,3;0,1262412
132664,1;0,1263405
132680,5;0,126383
132697,1;0,126383
132713,6;0,1264357
132730,2;0,1264826
132747,6;0,1266594
132763,3;0,1267778
132780,8;0,1268752
132796,5;0,1269218
132813;0,1270035
132830;0,1270709
132846,2;0,127165
132862,8;0,1272178
132879,9;0,1273177
132895,9;0,1273751
132912,7;0,1274728
132929,2;0,1274728
132945,6;0,1275763
132962,1;0,1277023
132978,8;0,1277593
132995,4;0,1277593
133012,3;0,1279059
133028,4;0,1280033
133045;0,1280475
133061,5;0,1280475
133078,1;0,1282241
133094,7;0,1282729
133111,5;0,1283436
133127,8;0,1284062
133144,4;0,1284993
133160,9;0,1285419
133178;0,1286286
133194,1;0,128677
133211,2;0,1287581
133227,2;0,1288425
133244,5;0,1288868
133260,3;0,128937
133277;0,1289735
133294;0,1289735
133310;0,1290522
133326,9;0,1291371
133343,2;0,1291475
133359,8;0,1291794
133376,3;0,1292236
133392,9;0,1293784
133409,5;0,1295202
133426;0,1295202
133443,5;0,1295639
133460,1;0,1296479
133475,7;0,1297017
133492,3;0,1297373
133508,8;0,1297629
133525,7;0,1297924
133542,4;0,1298618
133558,5;0,1299072
133575,1;0,1299289
133591,9;0,1299603
133608,7;0,1299702
133624,8;0,1300214
133642;0,1300293
133657,9;0,1300511
133674,5;0,1300589
133691,1;0,1300668
133707,6;0,1300688
133724,2;0,1300688
133740,8;0,1300849
133757,5;0,1300869
133774,4;0,1300811
133790,8;0,130077
133807;0,1300672
133823,6;0,1300614
133840,3;0,1300614
133856,7;0,13002
133873,7;0,1300121
133889,9;0,1299925
133906,6;0,1299667
133923,2;0,1299369
133939,6;0,1299212
133956,2;0,1299034
133972,8;0,1299034
133989,9;0,1298856
134006;0,1298678
134022,4;0,1298223
134039,3;0,129771
134055,6;0,129666
134072,1;0,1295952
134088,7;0,1295973
134105,5;0,1295629
134122,2;0,1294819
134138,4;0,1294246
134154,9;0,1294018
134172,2;0,1294018
134188,1;0,1293666
134204,8;0,1293498
134221,2;0,1293585
134238;0,1293693
134254,4;0,1294
134270,9;0,1294153
134287,5;0,1294485
134304;0,1294638
134320,6;0,1294638
134337,2;0,1295409
134353,7;0,129563
134370,3;0,1295935
134386,9;0,1296247
134403,9;0,1296247
134420;0,1296821
134437;0,1296821
134453,1;0,129724
134469,7;0,1297593
134486,3;0,1297858
134502,9;0,1298013
134519,8;0,1298345
134536,9;0,1298345
134552,8;0,1298851
134569,1;0,1299006
134585,7;0,1299362
134602,2;0,1299471
134618,8;0,1299537
134635,4;0,1299603
134652,1;0,1299735
134668,5;0,130009
134685,1;0,1300355
134702;0,1300465
134718,2;0,1300533
134735;0,1300533
134751,7;0,1300843
134767,9;0,1301042
134785,1;0,1301176
134801;0,1301176
134817,6;0,1301263
134834,2;0,1301355
134850,7;0,1301375
134867,5;0,1301619
134884,1;0,1301662
134900,5;0,1301728
134917;0,1301705
134933,6;0,1301793
134950,8;0,130206
134966,7;0,1302216
134983,3;0,1302348
134999,8;0,1302459
135016,4;0,1302459
135033;0,1302635
135049,5;0,1302767
135066,4;0,1302833
135082,7;0,1303096
135099,3;0,1303185
135116;0,130334
135132,6;0,130334
135149,2;0,130334
135165,6;0,1303778
135182,4;0,1304179
135199,1;0,1304313
135215,2;0,1304578
135232;0,1304864
135248,3;0,1304864
135264,9;0,130504
135281,5;0,1305106
135298,1;0,1305194
135314,8;0,1305878
135331,3;0,1306451
135348,1;0,1306758
135364,3;0,1307022
135380,9;0,1307022
135397,5;0,1307415
135414;0,130792
135430,6;0,1308161
135447,1;0,1308336
135463,7;0,1308768
135480,7;0,1309177
135496,8;0,1309306
135513,4;0,130982
135530;0,1310012
135546,5;0,1310504
135563,5;0,1310777
135579,9;0,1311198
135596,2;0,1311618
135612,8;0,1311959
135629,4;0,1312546
135646;0,1312796
135662,5;0,1313339
135679,1;0,1313339
135695,6;0,1313967
135712,5;0,1314576
135728,8;0,1315204
135745,3;0,131547
135762,5;0,131547
135778,6;0,1316997
135795;0,1317333
135812,1;0,1318082
135828,6;0,1318558
135845,1;0,1318558
135861,3;0,1319654
135877,9;0,1320068
135894,9;0,1320437
135911;0,1320437
135927,6;0,1320848
135945,5;0,132112
135960,7;0,132355
135977,3;0,1324378
135993,8;0,1324848
136010,4;0,1324848
136027;0,1326714
136043,5;0,1327244
136060,9;0,1328019
136076,7;0,1328019
136093,2;0,132927
136110,3;0,1329926
136126,7;0,1330232
136142,9;0,1330767
136160,2;0,1330767
136176,1;0,1330974
136192,6;0,1331455
136209,3;0,1331369
136226;0,1331129
136242,5;0,1331129
136259,5;0,1330739
136276,4;0,1330303
136292,1;0,1329864
136308,6;0,1329536
136325,2;0,1329143
136341,9;0,132888
136358,3;0,1328332
136374,9;0,1328332
136391,4;0,1327959
136408;0,1327106
136424,6;0,1326888
136441,1;0,1326602
136457,7;0,132634
136474,3;0,1325469
136491,1;0,1324844
136507,6;0,1324435
136524;0,1324114
136540,5;0,132403
136557,1;0,1323691
136573,8;0,1323283
136591;0,1321701
136606,9;0,1320031
136623,6;0,1318964
136640,3;0,131839
136656,5;0,131839
136673,1;0,1317071
136690,1;0,1316992
136706,2;0,1314686
136722,8;0,1312901
136739,6;0,1311341
136755,9;0,1310546
136772,8;0,1310546
136789,9;0,1307281
136810,8;0,1306449
136822,2;0,1305562
136838,7;0,1303774
136855,3;0,1303774
136871,9;0,1301225
136888,8;0,1299101
136905;0,1298034
136921,8;0,1297067
136938,1;0,1295768
136954,7;0,1292949
136971,3;0,1290883
136987,8;0,1290883
137004,5;0,1287749
137021;0,1286511
137037,5;0,1284353
137054,6;0,1283225
137070,7;0,1281015
137087,2;0,1279979
137103,8;0,1277406
137120,4;0,1277406
137136,9;0,1274963
137153,7;0,1271941
137170,2;0,1271279
137187,2;0,127006
137203,2;0,127006
137220,5;0,1267214
137236,3;0,1262638
137252,9;0,1259006
137269,5;0,1256271
137286;0,1254721
137302,6;0,1254721
137319,4;0,1250403
137335,7;0,1247542
137352,6;0,124603
137369,4;0,1243021
137385,4;0,1241339
137402,8;0,1238752
137418,6;0,1236632
137435,7;0,123417
137452;0,1232668
137468,3;0,1232319
137484,9;0,1226864
137501,4;0,1226864
137518;0,1223871
137535;0,1221108
137551,1;0,1219013
137567,7;0,1216504
137584,4;0,1216504
137601;0,1215161
137618,2;0,1212062
137633,9;0,120688
137650,5;0,1206027
137667,2;0,1204334
137683,6;0,1199741
137700,4;0,1196807
137716,9;0,1195148
137733,3;0,1195148
137749,9;0,1190115
137766,6;0,1186843
137783;0,1184017
137799,9;0,1182044
137816,7;0,1182044
137832,7;0,1180457
137849,3;0,118029
137866,3;0,1174425
137882,5;0,1168533
137899;0,1166961
137915,6;0,1165356
137932,1;0,1160161
137949;0,1158525
137965,5;0,1155066
137981,9;0,115321
137998,4;0,1149775
138015;0,1147742
138032,2;0,11446
138048,1;0,1142523
138064,7;0,1139243
138081,4;0,1135807
138097,8;0,1134236
138114,6;0,1131355
138131,1;0,1129519
138147,5;0,112756
138164,2;0,1127476
138180,7;0,112072
138197,2;0,1117864
138214,3;0,1117387
138230,4;0,1112276
138246,9;0,1110563
138263,8;0,1108917
138280;0,1105828
138296,8;0,1102535
138313,2;0,1102535
138330,1;0,1099025
138346,3;0,1095849
138363,5;0,1092588
138379,8;0,1089364
138396,4;0,1087449
138413;0,1085722
138429,1;0,1084018
138445,8;0,1082614
138462,3;0,1082614
138478,8;0,1080902
138496,2;0,1080902
138512;0,107751
138528,5;0,1076014
138545,3;0,1069512
138561,7;0,106487
138578,7;0,1060433
138594,8;0,1060433
138611,4;0,1055456
138628;0,1055008
138644,5;0,105246
138661,1;0,105111
138677,8;0,1049902
138694,2;0,1046065
138710,8;0,1043654
138727,3;0,1042443
138743,9;0,1042443
138760,5;0,1038719
138777;0,103678
138793,6;0,1035538
138810,2;0,1034514
138827,5;0,1034514
138843,3;0,1032016
138859,9;0,1028163
138876,4;0,1027237
138893,5;0,1026263
138909,6;0,1024235
138926,1;0,1022336
138942,7;0,1021369
138959,3;0,1019474
138975,9;0,1018226
138992,7;0,1016692
139009,3;0,1014935
139025,5;0,1013949
139042,7;0,1013114
139059,2;0,1012522
139075,3;0,1009703
139092;0,1009703
139108,6;0,1008792
139124,9;0,1008792
139141,9;0,1008605
139158,1;0,1006267
139174,8;0,1002967
139191,2;0,1001565
139207,9;0,1000891
139224,3;0,0999801
139240,9;0,09989891
139257,5;0,09989891
139274;0,09971011
139290,8;0,0995995
139307,2;0,09951878
139323,7;0,09941782
139340,3;0,09929686
139357,6;0,09924284
139373,6;0,09917314
139390,5;0,09912582
139406,9;0,09907673
139423,1;0,09885104
139439,7;0,09885104
139456,5;0,09871496
139473,3;0,09869258
139489,9;0,09869258
139507,4;0,0984739
139522,6;0,09835561
139539,1;0,09830067
139556,2;0,09819432
139572,2;0,09813673
139588,9;0,09809227
139605,7;0,09807772
139622;0,09789781
139639,1;0,09783931
139655,1;0,09774138
139672,2;0,09768912
139688,2;0,09759351
139705,5;0,09759351
139721,6;0,09754975
139737,9;0,09750897
139754,5;0,09750897
139771;0,09745098
139788,2;0,09723495
139804,6;0,09713977
139820,7;0,0971018
139837,5;0,0971018
139853,9;0,09694627
139870,8;0,09690022
139887;0,09683161
139903,6;0,09679476
139920,3;0,09671824
139937,5;0,09664294
139954,1;0,09664294
139969,9;0,09656549
139986,4;0,09648821
140003;0,0964122
140019,9;0,09637807
140036,1;0,09631073
140053;0,09627844
140069,2;0,09627618
140086,2;0,09615495
140102,4;0,09610296
140118,9;0,09603495
140135,9;0,09599586
140152,1;0,09596057
140168,7;0,09594678
140185,2;0,09582755
140201,8;0,0957694
140218,3;0,09572803
140234,9;0,09568805
140251,5;0,09568805
140268,5;0,09557749
140284,6;0,09551811
140301,3;0,09544544
140318,1;0,09541453
140334,3;0,09541453
140351,1;0,09533959
140367,4;0,09531022
140384;0,0952704
140400,7;0,0952704
140419,6;0,09521616
140433,7;0,09503621
140450,6;0,09500363
140466,8;0,09493721
140484;0,09490541
140500,4;0,09488091
140516,5;0,09477587
140533,1;0,0947199
140549,7;0,09468195
140566,3;0,09464066
140582,8;0,09458902
140599,8;0,09452185
140616,3;0,09452185
140633;0,0944804
140649,6;0,0943878
140666,3;0,09435643
140682,2;0,09428847
140698,8;0,09422833
140715,4;0,09418736
140732,3;0,09416281
140748,8;0,09412046
140765,6;0,09403655
140781,6;0,0939679
140798,2;0,0939347
140814,9;0,09387972
140831,3;0,09383351
140848,4;0,09377626
140864,4;0,09374437
140881;0,0936789
140897,6;0,0936789
140914,4;0,09355319
140930,7;0,09354568
140947,3;0,09348139
140963,8;0,09341498
140980,4;0,09341498
140997,1;0,09332238
141013,7;0,09332238
141030,4;0,09329104
141047,1;0,09328458
141063,2;0,09317807
141080,2;0,09305906
141096,4;0,09302208
141113,6;0,09295738
141129,5;0,09291112
141146,2;0,0928615
141162,6;0,0928615
141179,6;0,09279347
141195,8;0,09268992
141212,6;0,09265333
141229,6;0,09258869
141245,5;0,09258869
141262;0,09251732
141278,8;0,0924486
141295,2;0,09240797
141312,3;0,09231016
141328,3;0,09227721
141344,9;0,09224385
141361,4;0,09217753
141378,1;0,09217753
141394,8;0,09207907
141411,1;0,09204621
141427,7;0,09204087
141444,3;0,09192102
141460,8;0,09187207
141477,4;0,09182339
141494,4;0,09182339
141510,9;0,09178231
141527,1;0,09166902
141543,7;0,09164166
141560,5;0,09160812
141577;0,09160812
141594;0,0915475
141610;0,09151205
141626,5;0,09138816
141643,3;0,09135573
141660,2;0,09135366
141676,5;0,09132055
141692,8;0,09129034
141709,3;0,091166
141726;0,09109362
141742,9;0,09102451
141759,5;0,09099554
141776,1;0,09099554
141792,9;0,09089778
141808,7;0,09082866
141825,3;0,09079156
141841,9;0,09075969
141858,4;0,09071776
141875,5;0,09062911
141891,6;0,09056161
141908,1;0,09056161
141925,2;0,09049503
141941,3;0,09041853
141957,9;0,09036441
141974,5;0,09029636
141991;0,09028725
142007,5;0,09019925
142024,1;0,09016766
142041;0,09010089
142057,7;0,0900636
142073,8;0,0900636
142090,4;0,08996124
142107,4;0,08990509
142123,6;0,08983307
142140,1;0,08980194
142156,6;0,08980194
142173,3;0,0896808
142189,8;0,08965987
142206,3;0,08958944
142222,9;0,08958068
142239,5;0,08947942
142256,2;0,08941016
142272,6;0,08937864
142289,5;0,08937864
142306,3;0,08933801
142322,3;0,08930464
142338,9;0,08930464
142355,6;0,08916076
142372;0,08900603
142388,6;0,08896706
142405,7;0,08896706
142422;0,08885205
142438,7;0,0887754
142454,8;0,08869391
142471,8;0,08865316
142488;0,08865316
142504,7;0,08849615
142521,3;0,08849615
142537,7;0,08841229
142554,2;0,08833092
142571;0,08825212
142587,7;0,08821567
142603,9;0,08817227
142620,5;0,08816558
142637,9;0,08803751
142653,9;0,08795999
142670,2;0,08788098
142686,9;0,08788098
142703,3;0,08778363
142719,9;0,08771032
142736,5;0,08762348
142753;0,08753935
142769,6;0,08749908
142787;0,0874178
142803;0,08736873
142819,9;0,08736873
142836;0,0872839
142852,4;0,08714961
142869;0,08708079
142886,1;0,08702574
142902,3;0,08694722
142918,8;0,08690348
142935,5;0,08690348
142952,3;0,08686624
142968,4;0,08685696
142985,4;0,08673295
143001,5;0,08656381
143018,1;0,08652023
143034,7;0,08643857
143051,2;0,08635454
143067,8;0,08631579
143084,6;0,08627221
143100,9;0,08625936
143117,7;0,08610007
143134,1;0,08610007
143151,3;0,08596487
143167,4;0,08592357
143183,8;0,08582333
143200,5;0,08575615
143217,1;0,08568535
143233,7;0,0855975
143250,1;0,08553881
143266,7;0,08548006
143283,4;0,08540335
143299,8;0,08540335
143316,3;0,08521209
143332,9;0,08519975
143349,5;0,0851039
143366,1;0,08499983
143382,6;0,08490018
143399,2;0,08484591
143415,8;0,0847737
143432,3;0,08468081
143448,8;0,08465784
143465,4;0,08446976
143482;0,08441257
143498,9;0,08433466
143515,3;0,08424674
143531,7;0,08414581
143548,2;0,08407761
143565,7;0,08401477
143581,5;0,08401051
143598,3;0,08394734
143614,5;0,08389053
143631,6;0,08376923
143647,8;0,08351104
143664,4;0,08345477
143680,8;0,08335378
143697,3;0,08318689
143713,9;0,08304644
143730,6;0,08298262
143747;0,08291087
143763,9;0,08277225
143780,2;0,08263347
143796,8;0,08263347
143813,6;0,08245736
143830;0,0823345
143846,5;0,08219212
143863,7;0,08205418
143879,6;0,08197623
143896,1;0,08186298
143912,7;0,08183409
143929,9;0,08168183
143945,8;0,08153662
143962,4;0,08139257
143979;0,08126088
143996;0,08123688
144012,1;0,08110633
144029,2;0,08095941
144045,5;0,08087678
144061,8;0,08082465
144078,5;0,08059169
144095,6;0,08052853
144111,5;0,08038467
144128,1;0,08038467
144144,6;0,08018285
144161,2;0,08010899
144177,9;0,079977
144194,6;0,07991502
144210,9;0,07984475
144227,6;0,07984475
144244;0,07984475
144261,4;0,0796411
144277,2;0,0793846
144293,7;0,07929115
144310,3;0,07919167
144326,9;0,07906236
144343,4;0,07900333
144360,1;0,07900333
144377,3;0,07882164
144393,1;0,07868298
144409,7;0,07858305
144426,3;0,07852971
144442,8;0,07841966
144459,4;0,07831013
144476;0,07829998
144492,5;0,0781929
144509,5;0,07809182
144525,9;0,07809182
144542,3;0,07793719
144559,4;0,07783347
144575,4;0,07778593
144591,9;0,07768309
144608,5;0,07768309
144625,3;0,07753205
144641,9;0,0774941
144658,2;0,07740238
144674,8;0,07740238
144691,3;0,07726376
144707,9;0,07717764
144725,1;0,07713567
144741,5;0,07713567
144757,6;0,07696642
144774,7;0,07692503
144790,7;0,07685907
144807,9;0,07681002
144823,9;0,07673421
144840,4;0,07669342
144857;0,07669342
144873,6;0,0766577
144890,1;0,07665154
144907,5;0,07650301
144923,3;0,07640042
144939,8;0,07635911
144956,4;0,07628957
144973,2;0,07625231
144989,5;0,07622028
145006,3;0,07611328
145022,7;0,07607246
145039,7;0,07601386
145056;0,07598435
145072,7;0,07591567
145089,3;0,07591567
145106,3;0,07579353
145122,6;0,07578728
145138,6;0,07572745
145155,9;0,07566783
145171,8;0,07563692
145188,4;0,07558537
145205,2;0,07555979
145221,5;0,07555979
145238;0,07545403
145254,8;0,07542794
145271,2;0,07540421
145288,1;0,07537903
145304,3;0,07530963
145321,4;0,07528517
145337,4;0,07528517
145354;0,07523258
145370,6;0,07518351
145387,3;0,07516685
145403,7;0,07514726
145420,3;0,0751306
145437,5;0,07507871
145453,4;0,07504874
145470,4;0,07503222
145486,5;0,07501562
145503,4;0,07500297
145519,7;0,07500297
145536,8;0,07500297
145552,8;0,07495379
145569,4;0,07492723
145586,3;0,07492509
145602,9;0,07491266
145619,1;0,07490976
145636,5;0,07490831
145652,2;0,07490823
145668,8;0,07490759
145685,6;0,07490976
145701,9;0,07490976
145718,8;0,07492336
145735;0,07493331
145751,6;0,0749482
145768,2;0,07494822
145784,7;0,07496379
145802;0,07498142
145817,9;0,07500255
145834,4;0,07502151
145851,3;0,07503904
145867,6;0,075051
145884,1;0,0750769
145900,7;0,0750769
145917,5;0,07511196
145933,9;0,07514133
145950,9;0,07515388
145967;0,07518312
145983,6;0,07519852
146000,2;0,07522294
146016,7;0,07523547
146033,3;0,07526489
146050,2;0,07526489
146066,4;0,07530195
146083;0,07532421
146099,5;0,07532421
146116,7;0,07537937
146132,6;0,07537937
146149,3;0,0753954
146166,3;0,0753954
146182,3;0,07540803
146198,9;0,0754359
146216,4;0,07547145
146232;0,075523
146248,6;0,07555164
146265,3;0,07557609
146281,8;0,07559004
146298,4;0,07559004
146315,2;0,07563202
146331,4;0,07565929
146348;0,07567262
146364,6;0,07568728
146381,1;0,07570264
146397,7;0,07573827
146414,5;0,07576212
146430,8;0,07577612
146447,4;0,07578459
146464,1;0,07579653
146480,5;0,07582548
146497,1;0,07584521
146514;0,07584521
146530,5;0,07587136
146547,3;0,07588061
146563,4;0,07588843
146579,9;0,07588843
146596,5;0,07590402
146613,6;0,07593106
146630;0,07593673
146646,5;0,07593673
146662,8;0,0759503
146679,3;0,07596388
146696,1;0,07596961
146712,5;0,07597608
146729;0,07597608
146745,6;0,07599325
146762,3;0,07599541
146778,8;0,07599541
146795,3;0,07599971
146811,9;0,07599971
146828,5;0,07600334
146845;0,07601842
146861,9;0,07602559
146878,6;0,07602777
146894,7;0,07603136
146912,1;0,07603424
146927,8;0,07603712
146944,6;0,07603785
146961;0,07603999
146977,5;0,0760436
146994,1;0,07604215
147010,8;0,07604287
147027,2;0,07604502
147044,3;0,07604574
147060,6;0,07604574
147077,2;0,07604574
147093,5;0,07604793
147110,6;0,07604795
147126,9;0,07604795
147143,2;0,07604505
147159,8;0,07604505
147176,3;0,07604069
147192,9;0,07603997
147209,7;0,07603924
147226,3;0,07603852
147243,1;0,07603706
147259,5;0,07603634
147275,7;0,07603634
147292,3;0,07603489
147309;0,07603347
147325,9;0,07603419
147342;0,07603131
147358,6;0,07603131
147375,6;0,07602629
147392,1;0,07602338
147408,3;0,07602338
147424,8;0,07602193
147441,4;0,07601906
147458;0,0760176
147474,9;0,07601471
147491,1;0,07600892
147507,7;0,07600747
147524,2;0,07600605
147540,8;0,07600532
147557,4;0,07600027
147573,9;0,07599667
147590,5;0,07599379
147607,1;0,07599379
147623,7;0,07599092
147640,2;0,07598514
147656,8;0,07598371
147673,3;0,07598299
147690,4;0,07598299
147706,6;0,07597506
147723;0,07597364
147739,9;0,07597291
147756,5;0,07596719
147772,7;0,07596359
147789,3;0,07596073
147805,9;0,07595928
147822,8;0,07595565
147839,5;0,07595565
147855,7;0,07594772
147872,1;0,07594772
147888,7;0,07594195
147905,3;0,07593689
147921,8;0,07593545
147938,5;0,07593329
147955;0,07593114
147971,8;0,07593114
147988,1;0,07592682
148004,7;0,07592682
148021,2;0,07592321
148037,8;0,07591744
148054,4;0,07591744
148070,9;0,07591528
148087,5;0,07591383
148104,1;0,07591096
148120,6;0,07590088
148137,7;0,07590088
148154,6;0,07590015
148170,3;0,0758937
148187,2;0,07589007
148203,6;0,07588862
148220;0,07588862
148236,6;0,07588144
148253,5;0,07587639
148270;0,07587644
148286,3;0,07587644
148303,4;0,07587212
148319,6;0,07586709
148338;0,07586349
148352,8;0,07586349
148369,1;0,07585914
148386;0,07585484
148402,7;0,07585266
148418,8;0,07585266
148435,4;0,07584691
148452;0,07584113
148469,1;0,07583968
148485,3;0,07583535
148501,7;0,0758332
148518,6;0,07582887
148534,8;0,07582672
148551,7;0,07582312
148568;0,07582312
148585,3;0,07581807
148601,1;0,07581156
148617,6;0,07580941
148634,2;0,07580511
148651;0,07580221
148667,4;0,07580006
148683,9;0,07579646
148700,5;0,07579359
148717;0,07579359
148733,6;0,07579213
148750,6;0,07578496
148766,7;0,07578135
148783,3;0,07577702
148799,9;0,07577346
148816,5;0,0757706
148833,3;0,07576915
148849,6;0,07576915
148866,3;0,07575913
148883,3;0,07575767
148899,9;0,07575335
148916,3;0,07575117
148932,4;0,07575117
148949,7;0,075744
148965,5;0,075744
148982,1;0,07574042
148998,7;0,07573612
149015,2;0,0757347
149031,8;0,07573182
149048,4;0,07573109
149065,2;0,07572751
149081,5;0,07572176
149098,1;0,07571962
149115;0,07571816
149131,2;0,07571816
149147,8;0,07571602
149164,3;0,07571529
149180,9;0,07571317
149197,5;0,07571032
149214;0,07570817
149230,9;0,07570532
149247,2;0,07570387
149263,7;0,07570387
149280,4;0,07570244
149296,9;0,07569957
149313,9;0,07569312
149330;0,07569312
149346,6;0,07569242
149363,1;0,07569242
149379,7;0,07568884
149396,3;0,07568532
149413;0,07568387
149429,4;0,07568459
149446;0,07568245
149462,6;0,07567817
149479,1;0,07567675
149495,7;0,07567317
149512,2;0,07567175
149528,8;0,07566957
149545,4;0,07566817
149561,9;0,0756646
149578,9;0,0756646
149595,3;0,07566457
149611,6;0,07565882
149628,4;0,0756581
149645,5;0,07565737
149661,7;0,07565524
149677,9;0,07565312
149694,5;0,07565167
149711;0,07564742
149727,6;0,07564598
149744,4;0,07564382
149760,9;0,07564312
149777,3;0,07564098
149793,9;0,0756381
149810,4;0,0756381
149827;0,0756374
149843,6;0,07562955
149860,5;0,07562598
149876,7;0,07562315
149893,3;0,07562315
149909,8;0,07561673
149926,4;0,07561673
149943;0,07561028
149959,5;0,07560883
149976,1;0,07560883
149992,7;0,07560456
150009,2;0,07560456
150026,5;0,07559735
150042,4;0,07559232
150059,4;0,07558308
150075,5;0,07558023
150092,1;0,0755752
150108,6;0,07557306
150125,2;0,07556599
150141,8;0,07556169
150158,9;0,07555602
150175,1;0,07555316
150192;0,07555102
150208;0,07554604
150224,6;0,07553965
150241,2;0,07553753
150257,7;0,07553107
150274,8;0,0755239
150290,9;0,07552104
150307,4;0,07551534
150324;0,07550965
150341,2;0,07550183
150357,3;0,07549616
150373,7;0,07549121
150391,2;0,07549121
150406,8;0,07548267
150423,4;0,075477
150440,2;0,07547133
150456,5;0,0754685
150473,1;0,07546638
150489,7;0,07545364
150506,4;0,07545364
150522,8;0,07543942
150539,4;0,07543518
150555,9;0,07542735
150572,5;0,07542028
150589,1;0,07541741
150605,6;0,07541388
150622,7;0,07541458
150638,8;0,07540961
150655,3;0,07540891
150672;0,07539045
150688,5;0,07538268
150705;0,07537489
150721,6;0,07536992
150738,2;0,07536422
150754,8;0,07535922
150772;0,07535922
150788;0,07534293
150804,4;0,07533865
150821;0,07533793
150837,6;0,07532161
150854,2;0,07531807
150870,7;0,07531379
150887,3;0,07530815
150903,8;0,07529896
150920,4;0,07529332
150937,2;0,07528409
150953,6;0,07527702
150970,4;0,0752749
150986,7;0,07526921
151003,2;0,07525647
151019,9;0,07524657
151036,4;0,07524163
151053,6;0,07523241
151069,9;0,07522956
151086,1;0,07521967
151102,6;0,0752154
151120,2;0,07521117
151136,1;0,07520338
151152,4;0,07519349
151169;0,07518922
151185,5;0,07518782
151202;0,0751772
151218,6;0,07517086
151235,3;0,0751631
151251,8;0,0751631
151268,3;0,07515815
151284,9;0,07515815
151301,5;0,07514404
151318;0,07513063
151334,6;0,07512777
151351,2;0,07512286
151367,7;0,07511716
151384,3;0,07511222
151401;0,07511222
151417,4;0,07510162
151434,7;0,07510023
151450,5;0,07508682
151467,7;0,07508327
151483,7;0,07508327
151500,6;0,07507408
151517;0,07507192
151533,5;0,07506701
151549,9;0,07505639
151566,9;0,07505075
151583,1;0,07504652
151599,8;0,07504652
151616,2;0,07503104
151632,8;0,07502615
151650,2;0,07502188
151665,9;0,07501408
151682,5;0,07501408
151699;0,07500419
151715,6;0,07499852
151732,2;0,07499852
151748,7;0,07499215
151765,6;0,07498648
151781,9;0,07498226
151798,5;0,07497659
151815;0,07497519
151831,6;0,07496882
151848,1;0,07496603
151864,7;0,07496108
151881,3;0,07496108
151897,8;0,07495896
151914,4;0,07495896
151931;0,07495616
151947,9;0,07495195
151964,1;0,07494351
151981,1;0,07493861
151997,2;0,07493719
152013,8;0,07493439
152030,4;0,0749295
152046,9;0,0749295
152063,8;0,07492316
152080,1;0,07492036
152096,6;0,07491896
152113,3;0,07491754
152129,8;0,07491754
152146,5;0,07491615
152163;0,07491615
152179,5;0,07491475
152196,3;0,07491475
152212,6;0,07491405
152229,2;0,07491265
152246,2;0,07491055
152262,8;0,07490916
152278,9;0,07490776
152296,2;0,07490776
152312;0,07490566
152328,6;0,07490706
152345,3;0,07490776
152361,7;0,07490846
152378,4;0,07490846
152395;0,07490776
152411,6;0,07490776
152428;0,07490776
152444,5;0,07490776
152461,8;0,07490776
152477,7;0,07490916
152494,3;0,07490916
152510,8;0,07490846
152527,4;0,07490985
152543,9;0,07490985
152560,5;0,07490985
152577,1;0,07490846
152593,6;0,07491055
152610,2;0,07491055
152626,8;0,07491195
152643,7;0,07491265
152660,7;0,07491265
152676,5;0,07491475
152693;0,07491684
152709,6;0,07491615
152726,3;0,07491754
152747,7;0,07491824
152759,3;0,07492033
152775,9;0,07492033
152792,4;0,07492103
152809,3;0,07492103
152825,6;0,07492383
152842,1;0,07492453
152858,7;0,07492593
152875,3;0,07492875
152891,8;0,07492875
152908,4;0,07493155
152925,1;0,07493364
152941,5;0,07493573
152958,1;0,07493643
152974,8;0,07493854
152991,6;0,07494063
153007,8;0,07494482
153024,4;0,07494692
153041,1;0,07494901
153057,5;0,07495181
153074,3;0,07495181
153090,6;0,07495391
153107,2;0,07495391
153123,8;0,07495461
153140,3;0,0749574
153156,9;0,0749588
153173,5;0,0749588
153190,2;0,07495949
153206,6;0,07495949
153223,2;0,07496019
153240,5;0,07496439
153256,3;0,07496788
153272,9;0,07496788
153290,1;0,07497068
153306,2;0,07497277
153322,6;0,07497417
153339,1;0,07497417
153355,8;0,07497417
153372,5;0,07497976
153389,1;0,07497976
153405,4;0,07497976
153422;0,07498186
153438,5;0,07498325
153455,1;0,07498605
153471,7;0,07498745
153488,5;0,07498675
153504,8;0,07498745
153521,4;0,07498745
153538,2;0,07499234
153555,1;0,07499234
153571,1;0,07499514
153587,6;0,07499723
153604,2;0,07500073
153627,4;0,07500352
153637,4;0,07500422
153653,9;0,07500562
153670,5;0,07500562
153687;0,07500701
153704,3;0,07500774
153720,9;0,07500774
153736,7;0,07500914
153753,3;0,07500914
153769,9;0,07500844
153786,4;0,07500984
153803,3;0,07500914
153819,8;0,07500914
153836,5;0,07500984
153853,2;0,07500984
153869,3;0,07501124
153886,3;0,07501124
153902,4;0,07501193
153919,4;0,07501403
153935,6;0,07501543
153952,3;0,07501543
153968,7;0,07501683
153985,5;0,07501683
154001,8;0,07501683
154018,4;0,07501613
154034,9;0,07501543
154051,5;0,07501403
154068,1;0,07501473
154084,6;0,07501543
154101,2;0,07501543
154117,8;0,07501403
154135,2;0,07501193
154150,9;0,07501333
154167,5;0,07501263
154184;0,07501263
154200,6;0,07501193
154217,2;0,07500914
154233,7;0,07500704
154250,7;0,07500774
154267,8;0,07500425
154283,4;0,07500494
154300;0,07500355
154316,6;0,07500215
154333,4;0,07500076
154349,9;0,07499726
154366,8;0,07499796
154382,9;0,07499796
154399,4;0,07499447
154416;0,07499307
154432,6;0,07499307
154449,1;0,07499167
154466;0,07498957
154482,4;0,07498957
154498,8;0,07498957
154515,5;0,07498748
154532,7;0,07498608
154548,5;0,07498188
154565,1;0,07498049
154581,8;0,07497909
154598,2;0,07497839
154614,8;0,07497489
154631,9;0,0749728
154647,9;0,07497001
154665;0,07496791
154681,2;0,07496791
154697,6;0,07496441
154714,2;0,07496092
154730,8;0,07495812
154747,3;0,07495533
154764;0,07495533
154780,9;0,07495183
154797;0,07495183
154813,7;0,07495044
154830,1;0,07494555
154846,7;0,07494345
154863,3;0,07494066
154880,3;0,07494066
154896,4;0,07493786
154913;0,07493366
154929,5;0,07492948
154946,1;0,07492808
154962,9;0,07492808
154979,2;0,07492319
154996,1;0,07492039
155013,1;0,07491759
155029,7;0,0749155
155045,5;0,0749134
155062,5;0,07490921
155078,6;0,0749099
155095,3;0,0749099
155111,8;0,0749099
155128,7;0,07490781
155145;0,07490641
155161,5;0,07490152
155178;0,07489803
155194,6;0,07489733
155211,6;0,07489593
155227,7;0,07489453
155244,3;0,07488894
155260,9;0,07489034
155277,4;0,07488754
155294,2;0,07488617
155310,6;0,07488547
155327,2;0,07488338
155343,7;0,07487988
155361,1;0,07487988
155377;0,07487778
155393,7;0,07487429
155410,6;0,0748729
155426,5;0,0748729
155443,6;0,07487012
155459,7;0,07486593
155476,2;0,07486314
155492,8;0,07486174
155509,4;0,07485894
155526,2;0,07485825
155542,5;0,07485755
155559,7;0,07485195
155575,7;0,07484777
155592,4;0,07484777
155608,8;0,07484569
155625,3;0,07484429
155642,5;0,0748422
155658,6;0,0748415
155675;0,0748415
155691,6;0,07483871
155708,2;0,07483798
155724,7;0,07483658
155741,3;0,07483658
155757,9;0,07483658
155774,7;0,07483379
155791,3;0,07482819
155807,6;0,0748268
155824,1;0,0748247
155841,1;0,07482053
155857,3;0,07481844
155874;0,07481844
155890,5;0,07481634
155907;0,07481495
155923,5;0,07481145
155940,1;0,07481007
155956,7;0,07480938
155973,4;0,07480659
155989,9;0,07480378
156006,4;0,07480309
156022,9;0,07480309
156039,7;0,07480239
156056,8;0,0747982
156073,2;0,0747982
156089,2;0,07479613
156105,8;0,07479403
156122,5;0,07479263
156138,9;0,07479123
156155,5;0,07478774
156172,6;0,07478704
156188,9;0,07478634
156205,2;0,07478564
156222;0,07478564
156238,3;0,07478564
156255,4;0,07478425
156275,3;0,07478425
156288;0,07478355
156304,6;0,07478075
156321,1;0,07478005
156337,7;0,07478005
156354,4;0,07478005
156371,4;0,07478005
156387,4;0,07477865
156404,5;0,07477865
156421,3;0,07477868
156437,7;0,07477798
156453,7;0,07477728
156470,7;0,07477519
156486,8;0,07477519
156503,8;0,07477801
156519,9;0,07477731
156536,5;0,07477871
156553,1;0,07477591
156569,7;0,07477381
156586,2;0,07477312
156603,1;0,07477242
156619,4;0,07477521
156636,1;0,07477312
156652,7;0,07477381
156669;0,07477381
156685,8;0,07477384
156702,4;0,07477244
156718,7;0,07477244
156735,3;0,07477175
156751,9;0,07476898
156768,4;0,07476828
156785;0,07476828
156801,6;0,07476618
156818,6;0,07476408
156834,8;0,07476408
156851,3;0,07476408
156867,8;0,07476338
156884,5;0,07476266
156901,2;0,07476266
156917,8;0,07476406
156934,1;0,07476406
156950,8;0,07476615
156967,2;0,07476615
156984,2;0,07476476
157000,4;0,07476545
157017,2;0,07476545
157033,5;0,07476476
157050,2;0,07476476
157066,9;0,07476338
157083,8;0,07476338
157099,8;0,07476338
157116,9;0,07476408
157133;0,07476408
157149,5;0,07476338
157166,4;0,07476129
157183,5;0,07476059
157199,2;0,07475989
157215,8;0,07475989
157232,6;0,07475849
157248,9;0,07475989
157265,5;0,07475989
157282;0,07475919
157298,6;0,07475986
157315,1;0,07475846
157331,7;0,07475637
157348,6;0,07475707
157364,9;0,07475497
157381,8;0,0747557
157398;0,0747543
157414,7;0,0747543
157431,1;0,0747529
157447,7;0,07475217
157464,2;0,07475078
157480,8;0,07475078
157497,4;0,07475078
157514,6;0,07475008
157530,8;0,07474938
157547,1;0,07474799
157563,6;0,07474868
157580,2;0,07474729
157597;0,07474519
157613,4;0,07474309
157629,9;0,07474169
157646,5;0,07474169
157663;0,07474169
157679,6;0,07474169
157696,3;0,0747396
157712,7;0,0747375
157729,3;0,0747354
157745,9;0,0747354
157762,6;0,0747368
157779,2;0,0747375
157795,6;0,07473473
157812,2;0,07473473
157829,3;0,07473473
157845,3;0,07473333
157861,8;0,07473266
157878,4;0,07473266
157895;0,07473129
157911,5;0,07473131
157928,2;0,07472992
157945,3;0,0747285
157961,6;0,0747278
157977,9;0,0747278
157994,4;0,0747264
158010,9;0,07472502
158027,7;0,07472502
158044,2;0,07472502
158060,6;0,07472228
158077,2;0,07472018
158094;0,07471602
158110,3;0,07471669
158126,9;0,07471395
158143,5;0,07471187
158160;0,07471117
158176,9;0,07471117
158193,4;0,07470908
158210,5;0,07470354
158226,3;0,07470144
158242,9;0,07470007
158259,6;0,07470007
158276;0,07469311
158292,6;0,07469311
158309,3;0,07469244
158325,9;0,07469244
158342,3;0,07468829
158358,9;0,07468138
158375,4;0,07467651
158392;0,07467512
158408,5;0,07467235
158425,2;0,07466681
158441,9;0,07466546
158458,2;0,07466546
158474,8;0,07466059
158491,9;0,0746599
158507,9;0,07465295
158524,6;0,07464809
158541,2;0,07464602
158557,7;0,07464328
158574,2;0,07464328
158590,9;0,07464191
158607,3;0,07463841
158623,9;0,07463562
158640,5;0,07463285
158657;0,07463285
158674,2;0,07462726
158690,2;0,07462726
158707,2;0,07462381
158723,9;0,07462107
158739,9;0,07462042
158756,4;0,07461832
158773;0,07461622
158789,6;0,07461281
158806,3;0,07461281
158822,7;0,07460732
158839,3;0,07460388
158855,8;0,07460388
158872,4;0,07460181
158889,1;0,07459556
158905,5;0,07459143
158922,1;0,07458868
158938,7;0,07458868
158955,2;0,07458659
158971,8;0,07458518
158988,4;0,07457895
159004,9;0,07457201
159022,1;0,07456857
159038,1;0,0745651
159054,7;0,07456096
159071,2;0,07455676
159087,8;0,0745519
159104,3;0,0745519
159120,9;0,07454703
159137,5;0,07454289
159154,3;0,07453874
159171,1;0,074536
159187,4;0,0745339
159204;0,07452632
159220,8;0,07452355
159237;0,07452078
159253,5;0,07451938
159270,2;0,0745132
159286,7;0,07450905
159303,3;0,07450491
159319,8;0,0744987
159336,9;0,0744987
159352,8;0,07449456
159369,4;0,07449181
159386;0,07448418
159402,9;0,07448073
159419,2;0,07448073
159435,9;0,07447449
159452,2;0,07447382
159468,8;0,07446901
159485,8;0,07446901
159501,9;0,07446419
159518,5;0,07445797
159535,1;0,07445314
159551,6;0,0744497
159568,2;0,07444832
159585;0,074449
159601,3;0,07444692
159618,4;0,0744421
159634,5;0,07443175
159651,2;0,07442761
159667,6;0,07442691
159684,2;0,07441798
159701;0,07441039
159717,5;0,07441039
159734,8;0,07440283
159750,4;0,07439592
159767;0,07438903
159783,7;0,07438492
159800,1;0,07438215
159817,1;0,07438215
159833,3;0,074367
159849,8;0,07436152
159866,4;0,07435738
159883,6;0,07435326
159899,5;0,07435326
159916,1;0,07434223
159932,7;0,07433672
159949,5;0,07432985
159965,9;0,07432985
159982,8;0,07432229
159999,4;0,07431818
160015,5;0,07431129
160032,4;0,07430924
160048,6;0,07430173
160065,2;0,07429764
160081,8;0,07429008
160098,3;0,07429008
160115,5;0,07428046
160131,7;0,07428046
160148,5;0,07427154
160164,9;0,07426468
160181,4;0,07425785
160198,4;0,07425236
160214,4;0,07425236
160230,9;0,07425032
160247,4;0,07425032
160264;0,07423794
160280,6;0,07422975
160297,7;0,07422494
160313,7;0,0742208
160330,9;0,07421669
160346,8;0,07420915
160363,8;0,07420433
160380,2;0,07420433
160396,5;0,07419405
160413,6;0,07418719
160430,7;0,07418241
160446,3;0,07418241
160463,4;0,07417484
160479,4;0,07416935
160495,9;0,07416454
160512,5;0,07415908
160529,1;0,07415701
160545,8;0,0741502
160562,2;0,07414882
160578,9;0,07414882
160596,1;0,07413372
160611,9;0,07413372
160628,9;0,07412415
160645,5;0,0741221
160661,6;0,07411043
160681,6;0,07410704
160694,7;0,07410773
160711,3;0,07410362
160727,9;0,07408849
160744,5;0,07408298
160761;0,07408026
160777,6;0,07407959
160794,1;0,07406723
160811;0,07406105
160827,4;0,07405763
160843,8;0,07405763
160860,4;0,07405284
160877,1;0,07405284
160893,5;0,07404943
160910,4;0,07403298
160927,2;0,07401994
160943,2;0,0740138
160959,9;0,07400562
160976,4;0,07399669
160992,9;0,07398777
161009,5;0,07398226
161026,1;0,0739782
161043,4;0,07397064
161059,2;0,07396315
161075,9;0,07396315
161092,3;0,07395497
161109,8;0,07394542
161125,5;0,07393793
161142;0,07392768
161158,6;0,07392292
161175,2;0,0739167
161191,8;0,07391264
161208,3;0,07390916
161225,4;0,07389824
161241,4;0,07388929
161258,6;0,07388654
161275;0,07387906
161291,1;0,07387356
161307,7;0,07386813
161324,4;0,07386471
161340,8;0,0738565
161357,4;0,0738469
161374;0,07384213
161390,5;0,07383669
161407,1;0,0738326
161423,7;0,07382851
161440,2;0,07382372
161456,8;0,07381003
161473,4;0,07380249
161490,2;0,07380249
161506,5;0,07379904
161523,1;0,07379904
161539,9;0,07379291
161556,2;0,07378605
161572,8;0,07378128
161589,4;0,07376899
161605,9;0,07376285
161622,5;0,0737608
161639;0,0737608
161655,6;0,07374783
161672,2;0,07374369
161688,8;0,07373688
161705,5;0,07373346
161721,9;0,07372729
161738,7;0,07372592
161755,3;0,07372592
161772,5;0,07372046
161788,5;0,07371155
161805,3;0,07370814
161821,3;0,07370609
161838,6;0,07370609
161854,6;0,07369993
161871;0,07369856
161887,8;0,07369035
161904,1;0,07368556
161920,7;0,07368217
161937,3;0,07368013
161953,8;0,07367805
161970,4;0,07367805
161986,9;0,07366712
162003,5;0,0736637
162020,1;0,07365891
162036,6;0,07365615
162053,2;0,07365201
162069,8;0,07364859
162086,3;0,07364654
162102,9;0,07363973
162119,5;0,07363906
162136,2;0,07363906
162152,9;0,07363696
162169,2;0,07363696
162185,7;0,07363629
162202,4;0,07362673
162218,9;0,07361718
162235,4;0,07361443
162252;0,07360897
162268,6;0,0736062
162286,1;0,07360006
162301,7;0,07359734
162318,3;0,07359395
162334,8;0,07359053
162351,4;0,07358849
162368;0,07358779
162384,6;0,07358644
162401,1;0,07358305
162417,8;0,07357759
162438,7;0,07357277
162451;0,07357142
162467,4;0,07356733
162483,9;0,07356461
162500,5;0,0735578
162517,7;0,07354486
162533,6;0,07354144
162550,2;0,07353398
162566,8;0,07352989
162583,5;0,07352308
162600,5;0,07352173
162616,5;0,07351966
162633,5;0,07351696
162650,5;0,07350811
162666,2;0,07350811
162683;0,07350335
162699,5;0,0735006
162715,9;0,07349654
162733,1;0,07349315
162749;0,07349315
162765,7;0,0734918
162782,3;0,0734918
162798,7;0,07348976
162815,9;0,07348976
162832,4;0,07348364
162848,5;0,07347621
162865;0,07346396
162881,7;0,07346194
162898,1;0,07346059
162914,9;0,07345586
162931,2;0,07345518
162947,8;0,07345316
162964,6;0,07345316
162980,9;0,07344979
162997,5;0,07344508
163015;0,07344373
163030,8;0,07344037
163047,2;0,07343832
163063,8;0,0734363
163080,3;0,07343428
163096,9;0,07343156
163113,5;0,07343021
163130;0,07342817
163146,6;0,07342547
163163,5;0,0734248
163180,1;0,07342143
163196,3;0,07342143
163212,9;0,0734174
163229,4;0,07341068
163246,6;0,07340597
163262,7;0,07340463
163279,2;0,07340126
163296,3;0,07339988
163313,3;0,07339649
163328,8;0,07339649
163345,4;0,07339312
163362;0,07338975
163378,5;0,07338975
163395,1;0,07338163
163411,7;0,07338163
163428,2;0,07337961
163444,8;0,07337826
163461,4;0,07337219
163478;0,07336813
163494,5;0,07336678
163511,1;0,07336406
163527,7;0,07336003
163544,7;0,07335798
163561;0,07335596
163577,5;0,07335122
163594;0,07334783
163610,9;0,07334783
163627,6;0,07334039
163643,9;0,07334039
163660,2;0,07333501
163676,8;0,07333366
163693,5;0,07333029
163710,9;0,07332894
163726,4;0,07332423
163743,1;0,07332151
163759,6;0,07331815
163776,1;0,07331613
163793;0,07331343
163809,3;0,07331343
163825,8;0,073306
163842,6;0,07330328
163859;0,07329991
163875,5;0,0732972
163892,1;0,0732945
163909,2;0,07329046
163925,2;0,07329046
163941,8;0,07328504
163958,9;0,07327557
163975;0,07327355
163991,5;0,07327083
164008,1;0,07327083
164024,6;0,07327083
164041,2;0,07326412
164058,4;0,07326412
164074,3;0,07326142
164091;0,07325941
164107,5;0,07325604
164124;0,07324791
164140,7;0,07323985
164157,7;0,07323785
164173,7;0,07323718
164190,3;0,07323314
164207,1;0,07323179
164223,4;0,07322778
164240,3;0,07322578
164256,9;0,07322241
164273,1;0,07322039
164289,8;0,07321905
164306,8;0,07321905
164322,9;0,07321905
164339,5;0,07321236
164356;0,07320296
164372,6;0,07319959
164389,1;0,07319625
164405,8;0,07319355
164422,7;0,07318951
164438,8;0,07318951
164456,3;0,07318352
164472;0,0731815
164488,5;0,07317682
164505,1;0,07317349
164521,9;0,07317217
164538,2;0,07317018
164555,3;0,0731695
164571,4;0,07316818
164587,9;0,07316349
164604,5;0,07315945
164621;0,07315676
164637,6;0,07315676
164654,6;0,07315075
164670,7;0,07314608
164687,4;0,07314608
164704,5;0,07314141
164720,5;0,07314141
164737;0,07314141
164753,6;0,07313076
164770,4;0,07312272
164787,3;0,07312006
164803,7;0,07311739
164819,8;0,07311472
164836,4;0,07311407
164853;0,07311207
164869,5;0,07310539
164886,1;0,07310139
164902,9;0,07309805
164919,2;0,07309274
164935,8;0,07309074
164952,4;0,07309007
164968,9;0,07308273
164985,5;0,07307941
165002,1;0,07307609
165018,6;0,07307409
165035,2;0,0730681
165051,8;0,07306676
165068,3;0,07306344
165084,9;0,07306013
165101,5;0,07305748
165118;0,07305481
165134,6;0,07305014
165151,2;0,07304478
165167,7;0,07304211
165184,3;0,07303879
165200,9;0,07303615
165217,4;0,07303615
165234,3;0,07303347
165250,8;0,0730328
165267,4;0,07302681
165283,7;0,07302013
165300,5;0,07301749
165316,8;0,0730115
165333,5;0,0730115
165350,8;0,07300948
165366,8;0,07300948
165383,4;0,07300548
165400,2;0,0729955
165416,2;0,0729935
165433;0,07299221
165449,9;0,07299221
165465,9;0,0729835
165482,5;0,07297886
165499,5;0,07297287
165515,6;0,07297287
165532,2;0,07296755
165548,9;0,07296154
165565,5;0,07295556
165581,9;0,07295021
165598,5;0,07295021
165615;0,0729462
165631,8;0,07293887
165648,2;0,07293355
165664,7;0,07292689
165681,3;0,07292227
165698,5;0,0729196
165714,5;0,07291361
165731;0,07291361
165747,6;0,07290164
165764,1;0,07290164
165780,9;0,07289365
165797,3;0,07288766
165814,1;0,07288235
165830,4;0,07288033
165847;0,07287571
165863,9;0,07287571
165880,1;0,0728664
165896,7;0,07286176
165913,2;0,07285512
165929,8;0,07285512
165946,4;0,07284716
165963;0,07284257
165979,5;0,07284257
165996,3;0,07283987
166012,8;0,07283591
166029,2;0,07282465
166045,8;0,07281274
166062,6;0,07280678
166078,9;0,07280414
166095,5;0,07279817
166112;0,07279286
166128,7;0,07278689
166145,4;0,07278093
166161,8;0,07277896
166178,4;0,07277896
166194,9;0,07276638
166211,4;0,07275972
166228,4;0,07275837
166244,6;0,07275438
166261,1;0,07275305
166277,7;0,07273723
166294,7;0,07273056
166310,8;0,0727279
166327,4;0,07272463
166344;0,07272331
166361,3;0,07271015
166377,1;0,07270356
166393,8;0,07269894
166410,2;0,07269497
166427;0,07268839
166443,4;0,07268175
166459,9;0,07267912
166476,7;0,07267448
166493,2;0,07267121
166509,6;0,07266393
166526,5;0,07265801
166543,5;0,07265801
166559,3;0,0726481
166576,3;0,07264086
166593,1;0,07263362
166609;0,07263362
166625,6;0,07263095
166642,2;0,07263095
166658,7;0,07262176
166675,3;0,07261053
166692,4;0,07260327
166708,6;0,07260065
166725;0,07259735
166741,6;0,07258749
166758,7;0,07258549
166774,7;0,07258353
166791,8;0,07258353
166808,5;0,07257167
166824,4;0,07256308
166841;0,07255517
166857,6;0,07255255
166874,7;0,07254925
166890,7;0,07254858
166907,2;0,07253547
166923,8;0,07253218
166940,4;0,07252559
166956,9;0,07251967
166973,5;0,0725157
166990,7;0,07250912
167006,7;0,07250585
167023,2;0,07249796
167039,8;0,07249796
167056,6;0,07248937
167073;0,07248542
167089,5;0,07248215
167106,8;0,07248215
167122,6;0,07246441
167139,3;0,07245981
167155,8;0,07245652
167173,2;0,07245652
167188,9;0,07244273
167205,6;0,07244273
167222;0,07243358
167239;0,07242898
167255,1;0,07242898
167272,3;0,07242504
167288,6;0,07242504
167305,3;0,0724152
167321,6;0,07240404
167338;0,07240074
167354,5;0,0723955
167371,2;0,07239158
167387,7;0,07238569
167404,2;0,07238569
167420,8;0,07237518
167437,5;0,07236931
167454;0,0723647
167470,6;0,0723647
167487,4;0,07235291
167503,8;0,07234899
167520,2;0,07234634
167536,9;0,07234372
167553,5;0,07234175
167569,9;0,07233261
167586,5;0,07232674
167603;0,07232415
167619,7;0,07232415
167636,7;0,07231368
167653;0,07230972
167669,3;0,07230774
167686,5;0,07230318
167702,4;0,07230318
167719;0,07229666
167735,8;0,07228819
167752,6;0,0722843
167768,7;0,0722843
167785,3;0,07227973
167801,8;0,07227319
167819,1;0,07226667
167835;0,07226599
167851,9;0,0722627
167868,6;0,07225813
167884,7;0,07225683
167901,2;0,07225683
167917,8;0,07225356
167934,4;0,07225226
167951,5;0,07224315
167967,5;0,07223663
167984,1;0,07223403
168000,7;0,07223273
168017,2;0,07223143
168034;0,07222749
168050,3;0,07222424
168067;0,07221902
168083,6;0,07221902
168100,8;0,07221448
168116,6;0,0722125
168133,2;0,0722125
168150;0,07220139
168166,3;0,07220075
168182,9;0,07219358
168199,4;0,07219163
168216;0,07218578
168232,6;0,07218124
168249,1;0,07217994
168265,7;0,07217667
168282,3;0,07217018
168299,3;0,07217018
168315,4;0,07216758
168332,5;0,07216758
168348,5;0,07215719
168365,8;0,07215392
168381,7;0,07215392
168398,8;0,07214678
168415,2;0,07214158
168431,6;0,07213704
168447,9;0,07213704
168464,9;0,07213184
168481,1;0,07212859
168497,9;0,07212405
168514,2;0,07212146
168531;0,07212146
168547,3;0,07212015
168563,9;0,07212015
168581;0,07211688
168597,1;0,07210652
168613,6;0,07209872
168630,2;0,07209743
168646,7;0,07208901
168663,3;0,07208446
168679,9;0,07208057
168697;0,07207732
168713;0,07207732
168729,8;0,07207148
168746,2;0,07206888
168762,7;0,07206888
168779,5;0,07205721
168795,9;0,07205721
168812,4;0,07204687
168829,1;0,07204362
168845,5;0,07203843
168862,4;0,07203455
168879,1;0,07203455
168895,4;0,07202809
168912,2;0,07202031
168928,4;0,07201644
168944,9;0,07201514
168961,5;0,0720093
168978,1;0,0720015
168994,7;0,07199696
169011,3;0,07199436
169027,8;0,07198856
169044,5;0,07198341
169060,9;0,07197759
169077,5;0,07197049
169094,6;0,07196662
169110,7;0,07196662
169127,4;0,07196015
169143,7;0,07195303
169160,3;0,07194981
169176,9;0,07194981
169193,4;0,07194656
169210;0,07194721
169226,8;0,07193881
169243,7;0,07193881
169259,7;0,07192845
169276,8;0,0719149
169293,5;0,07190908
169309,4;0,07190648
169326,6;0,07189746
169342,5;0,07189169
169359,6;0,07188398
169375,9;0,07187946
169392,3;0,07187299
169409,2;0,07187299
169425,4;0,0718646
169441,9;0,07185492
169458,5;0,07184912
169482,8;0,07184333
169491,6;0,07184268
169508,3;0,07183493
169525,3;0,07182913
169541,3;0,07182074
169558,2;0,07181686
169574,5;0,07181039
169591,2;0,07180589
169607,7;0,07179946
169624,2;0,07179946
169640,8;0,07179365
169657,8;0,07178333
169673,9;0,07177815
169691,2;0,07177623
169707;0,07177235
169723,6;0,07176203
169740,2;0,07175753
169756,7;0,07175236
169773,3;0,07174401
169790;0,07174014
169806,4;0,07173499
169823,1;0,07173304
169839,6;0,07173174
169856,3;0,07173174
169873;0,07172015
169889,6;0,07170206
169905,8;0,07169493
169922,6;0,07168848
169939;0,07167947
169955,8;0,07167499
169972,1;0,07166981
169988,6;0,07166468
170005,8;0,07165951
170021,8;0,07164792
170038,6;0,07164149
170054,9;0,07163184
170071,5;0,07162602
170088;0,07162347
170104,6;0,07161635
170121,2;0,07160925
170137,7;0,07160155
170154,7;0,07159895
170170,9;0,07159253
170187,4;0,07158285
170204;0,07158028
170221,1;0,07158028
170237,1;0,07157449
170254,5;0,07156616
170270,3;0,07156293
170286,8;0,07155908
170303,4;0,07155843
170320;0,0715469
170336,5;0,07154238
170356,7;0,0715379
170369,7;0,0715379
170386,3;0,07152951
170402,8;0,07152246
170419,4;0,07151605
170435,9;0,07151605
170452,8;0,07151605
170469,6;0,07151413
170485,7;0,07151218
170502,2;0,07150253
170519,5;0,07149033
170536,1;0,07148648
170551,9;0,07148196
170568,5;0,07148131
170585;0,07147488
170602,2;0,07146915
170618,2;0,07146208
170634,7;0,07145628
170651,3;0,07145628
170668;0,07145115
170684,4;0,07144665
170701;0,07144665
170717,6;0,07144085
170734,3;0,07143062
170750,7;0,07142805
170767,3;0,07142612
170783,8;0,07142483
170800,5;0,07141782
170817;0,07141332
170833,5;0,07141075
170850,2;0,07141075
170866,7;0,07140819
170883,3;0,07140627
170900;0,07140309
170917;0,07140309
170932,9;0,07139926
170949,5;0,07139543
170966,1;0,07139033
170982,6;0,07138843
170999,2;0,0713865
171015,8;0,0713865
171032,7;0,07138267
171049,3;0,07138073
171065,6;0,0713801
171082;0,07137817
171098,6;0,07137817
171115,3;0,07137752
171131,8;0,07137623
171148,7;0,07137045
171165,4;0,07136983
171181,5;0,07136983
171198;0,0713679
171214,6;0,07136595
171231,3;0,07136533
171247,7;0,07136342
171264,3;0,07136277
171280,8;0,07136277
171297,4;0,07136152
171314,1;0,07135895
171330,5;0,07135895
171347,6;0,07136273
171363,7;0,07136398
171380,7;0,0713627
171396,8;0,07136143
171413,4;0,07135892
171429,9;0,07135825
171446,5;0,07135827
171463,1;0,07135762
171479,8;0,071357
171496,2;0,071357
171512,8;0,07135575
171529,3;0,07135637
171545,9;0,07135572
171562,5;0,07135572
171579;0,07135445
171595,8;0,0713557
171612,2;0,07135568
171628,9;0,07135308
171645,7;0,07135306
171661,9;0,07135308
171678,4;0,07135373
171695;0,07135373
171711,6;0,07135373
171728,1;0,07135437
171745,3;0,07135563
171761,9;0,07135563
171777,8;0,07135563
171794,6;0,07135753
171811;0,07136199
171827,6;0,07136136
171844,1;0,07136326
171860,7;0,07136519
171877,3;0,07136647
171893,8;0,07136776
171910,5;0,07136841
171926,9;0,07136906
171944;0,07136906
171960,1;0,07137291
171977,1;0,07137799
171993,4;0,07137799
172009,9;0,07137799
172026,9;0,07138572
172042,9;0,07139082
172059,5;0,07139402
172076;0,07139402
172092,8;0,07139789
172110,1;0,07139789
172125,7;0,07139854
172142,3;0,07140239
172158,9;0,07140364
172175,4;0,07140687
172192;0,07140752
172209,2;0,0714101
172225,1;0,07141332
172242,3;0,07141332
172258,3;0,07141715
172275;0,07142162
172291,4;0,07142608
172308;0,071428
172324,6;0,0714312
172341,1;0,07143185
172357,7;0,07143316
172374,2;0,07143443
172390,8;0,07143631
172407,4;0,07143826
172424,9;0,07144018
172440,6;0,07144849
172457,1;0,07145171
172473,6;0,07145491
172490,7;0,07145491
172507,1;0,07145746
172523,6;0,07146256
172539,9;0,07146514
172556,5;0,07146964
172573;0,07147156
172589,6;0,07147732
172606,2;0,07147987
172622,9;0,07147987
172639,3;0,0714869
172655,9;0,0714901
172672,8;0,07149395
172689;0,0714946
172705,6;0,07149653
172722,2;0,07149653
172738,7;0,07150228
172755,3;0,07150674
172771,8;0,07151056
172788,5;0,07151247
172805;0,07151564
172821,5;0,07151885
172838,1;0,07151949
172854,8;0,07152589
172871,2;0,07152589
172887,8;0,07152972
172904,4;0,0715316
172920,9;0,0715316
172937,6;0,07153288
172954,6;0,07154311
172970,6;0,07154631
172987,6;0,07155209
173003,8;0,07155464
173020,3;0,07155464
173037,7;0,07155464
173053,5;0,07155591
173070;0,07156554
173086,6;0,07157387
173103,5;0,07157645
173119,8;0,07158029
173136,3;0,07158477
173153,3;0,07158672
173169,4;0,07158862
173186,4;0,07158992
173203,3;0,0715957
173219,6;0,07160085
173235,7;0,07160085
173252,4;0,0716079
173268,8;0,07160787
173285,4;0,07160787
173302,3;0,07161622
173318,9;0,07161687
173335,7;0,07162137
173351,9;0,0716246
173368,2;0,07162847
173384,8;0,07163165
173401,4;0,07163613
173418;0,07163738
173434,6;0,07163738
173451,1;0,07164501
173468,1;0,07164631
173484,2;0,07165081
173500,8;0,07165081
173518,1;0,07166044
173534;0,07166173
173550,5;0,07166239
173567;0,07166751
173583,7;0,07166751
173601;0,07167006
173616,8;0,07167584
173633,3;0,07167714
173650,2;0,07167971
173666,7;0,07168099
173683,1;0,07168099
173699,6;0,07168292
173716,5;0,07168611
173732,7;0,07169388
173749,3;0,07169646
173765,9;0,07169646
173782,4;0,07170423
173799,5;0,07170551
173816;0,07171193
173832,9;0,07171258
173848,9;0,07171515
173865,8;0,0717158
173882,2;0,07171968
173898,4;0,0717229
173914,9;0,0717229
173931,6;0,07172803
173948,2;0,07172803
173964,6;0,07173188
173981,2;0,0717338
173998;0,0717338
174014,5;0,07173768
174030,9;0,07173897
174047,5;0,07173897
174064,1;0,0717428
174080,9;0,07174408
174097,2;0,07174793
174113,7;0,0717492
174130,3;0,07175178
174147;0,0717563
174163,8;0,0717563
174180;0,0717608
174197,3;0,07176275
174213,7;0,07176275
174229,7;0,0717653
174246,3;0,0717666
174262,8;0,07176983
174279,4;0,07177242
174296,3;0,07177242
174312,8;0,07177307
174329,6;0,07177437
174345,7;0,07177565
174362,3;0,07178082
174378,8;0,07178406
174395,5;0,07178536
174412,3;0,07178536
174428,8;0,07178986
174445,1;0,07179311
174461,6;0,07179438
174478,9;0,07179569
174494,8;0,07179698
174511,3;0,07179958
174528,3;0,07180153
174545;0,07180153
174561,6;0,07180411
174577,7;0,07180735
174594,9;0,07181187
174610,7;0,07181187
174627,4;0,07181252
174644,5;0,07181964
174660,6;0,07182091
174677;0,07182222
174693,6;0,07182222
174710,1;0,07182739
174726,9;0,07182804
174743,3;0,07183321
174759,8;0,07183516
174776,4;0,07183581
174793;0,0718384
174809,8;0,0718436
174826,1;0,07184488
174842,7;0,07184488
174859,2;0,07184877
174875,8;0,07184942
174892,4;0,07185072
174909;0,07185332
174925,8;0,07185332
174942,2;0,07185397
174959;0,07185461
174975,2;0,07185461
174992,6;0,07185851
175008,7;0,07186176
175025,6;0,0718637
175041,5;0,07186566
175058,2;0,07186695
175074,6;0,07186825
175091,2;0,07186825
175107,8;0,07187214
175124,3;0,07187214
175140,9;0,0718741
175157,4;0,07187735
175174;0,07187864
175190,6;0,07188059
175207,4;0,07188189
175223,7;0,07188319
175240,3;0,07188383
175257,3;0,07188644
175273,7;0,07188708
175290;0,07188838
175307,1;0,07188903
175323,5;0,07188773
175339,7;0,07189033
175356,2;0,07189033
175372,8;0,07189228
175389,4;0,07189228
175406,8;0,07189745
175422,5;0,0718994
175439,8;0,07190524
175455,9;0,07190719
175472,2;0,07190784
175488,8;0,07190979
175505,3;0,07191109
175521,9;0,07191174
175538,5;0,07191174
175555,4;0,07191693
175571,6;0,07191693
175588,2;0,07191628
175604,8;0,07191628
175621,3;0,07191693
175638,4;0,07192537
175654,4;0,07192732
175671,2;0,07193056
175687,6;0,07193252
175704,1;0,07193252
175720,7;0,07193574
175737,3;0,07193704
175754,3;0,07193704
175770,4;0,07194028
175787;0,07194223
175804;0,07194353
175820,8;0,07194548
175836,7;0,07194613
175853,2;0,07194743
175870,4;0,07194678
175886,4;0,07195197
175903,5;0,07195262
175919,5;0,07195587
175936,6;0,07195587
175953,4;0,07195716
175969,2;0,07195847
175985,9;0,07195976
176002,7;0,07196171
176018,9;0,07196171
176036;0,07196431
176052;0,07196691
176069,2;0,07196885
176085,4;0,0719721
176101,7;0,07197145
176118,3;0,0719747
176134,9;0,0719747
176151,4;0,07197665
176168;0,07197794
176184,6;0,07197925
176201,1;0,07197925
176217,7;0,07198054
176234,3;0,07198054
176250,8;0,07198054
176267,4;0,07198703
176284,9;0,07199028
176300,8;0,07199159
176317,1;0,07199223
176333,7;0,07199483
176350,2;0,07199547
176366,8;0,07199547
176383,4;0,072
176399,9;0,07200065
176416,5;0,07200325
176433,1;0,07200585
176449,6;0,07200845
176466,4;0,07200779
176483;0,07200779
176499,3;0,07201299
176521,5;0,07201558
176532,5;0,07201623
176549,7;0,07201754
176565,6;0,07201818
176582,2;0,07202338
176598,7;0,07202403
176615,3;0,07202403
176631,9;0,07202467
176648,4;0,07202663
176665,1;0,07202663
176681,6;0,07203117
176698,1;0,07203571
176714,7;0,07203636
176731,3;0,07203766
176747,8;0,07203961
176764,4;0,07203961
176781;0,07204221
176797,7;0,0720448
176814,2;0,07204545
176831;0,0720461
176847,2;0,07204935
176863,8;0,07204935
176880,4;0,07205
176896,9;0,0720513
176913,5;0,07205714
176930,1;0,07205844
176946,6;0,07206298
176963,5;0,07206754
176979,8;0,07207013
176996,9;0,07207208
177013,4;0,07207338
177029,5;0,07207663
177046;0,07207922
177062,6;0,07207987
177079,2;0,07208182
177096,4;0,07208182
177112,7;0,07208831
177129,8;0,07208831
177145,5;0,07209156
177162;0,07209156
177179,1;0,07209675
177195,1;0,07210065
177211,7;0,0721039
177228,3;0,0721039
177245,3;0,07210714
177261,4;0,07211104
177278;0,07211363
177294,5;0,07211363
177311,1;0,07212013
177327,7;0,07212338
177344,2;0,07212403
177361,3;0,07212597
177377,7;0,07212597
177393,9;0,07213182
177410,5;0,07213312
177427,1;0,07213572
177443,6;0,07213766
177460,2;0,07214091
177476,8;0,07214221
177493,3;0,07214221
177509,9;0,07214156
177527;0,07214156
177543;0,07214156
177559,8;0,07214416
177576,4;0,0721526
177592,8;0,07215779
177609,7;0,07216039
177625,9;0,07216428
177642,4;0,07216688
177659,2;0,07216688
177676,2;0,07217208
177692,2;0,07217338
177709;0,07217532
177725,6;0,07217922
177741,9;0,07218377
177758,4;0,07218572
177775,1;0,07218572
177791,9;0,07218701
177808,5;0,07219221
177824,7;0,07219416
177841,2;0,07219675
177857,8;0,07220194
177874,4;0,07220455
177890,9;0,07220584
177907,5;0,07220649
177924,3;0,07221039
177940,7;0,07221493
177957,6;0,07221948
177974;0,07222337
177990,3;0,072226
178007,2;0,07222924
178024;0,07223054
178040;0,07223184
178057,2;0,07223184
178074;0,07223704
178090;0,07223964
178106,3;0,07224353
178123,2;0,07224353
178139,4;0,07224548
178156;0,07224548
178172,6;0,07224678
178189,4;0,07225522
178205,7;0,07225914
178222,3;0,07226369
178238,8;0,07226498
178255,4;0,0722689
178272;0,0722715
178288,6;0,07227345
178305,1;0,07227345
178321,7;0,07227929
178338,2;0,07228451
178354,8;0,07228776
178371,5;0,07229166
178387,9;0,07229493
178404,5;0,07229885
178421,5;0,07230341
178437,9;0,07230601
178454,8;0,07230798
178470,8;0,07231256
178487,3;0,0723171
178503,9;0,07232229
178520,6;0,07232229
178537,2;0,07232229
178553,6;0,07233213
178570,2;0,07233475
178586,7;0,0723393
178603,3;0,0723393
178619,9;0,07234517
178636,4;0,07235168
178653,8;0,07235493
178669,6;0,07236015
178686,7;0,07236015
178702,7;0,07236604
178719,3;0,07237126
178735,8;0,07237645
178752,5;0,07238105
178769,1;0,0723817
178785,7;0,07238497
178802,1;0,07238497
178818,7;0,07238757
178835,2;0,07239473
178851,8;0,07239473
178868,4;0,07239868
178885,5;0,07240459
178902;0,07241049
178918,2;0,07241243
178935,6;0,0724157
178951,2;0,07241962
178968,5;0,07242289
178984,3;0,07242484
179000,9;0,07242943
179017,5;0,07242943
179034,1;0,07243925
179051,2;0,07244447
179067,3;0,07244774
179084;0,07245428
179100,3;0,07245626
179117,1;0,0724602
179133,4;0,07246347
179155,2;0,07246611
179166,8;0,07246611
179183,1;0,07246938
179199,8;0,07247463
179217,1;0,07247857
179233,1;0,07248449
179249,4;0,07248709
179266,5;0,07249033
179282,5;0,07249428
179299,1;0,07249428
179316;0,07250609
179332,2;0,07250673
179349,2;0,07250871
179365,8;0,07251984
179381,9;0,07251984
179398,5;0,07252638
179415,1;0,07252638
179431,6;0,07252835
179448,3;0,07252835
179465,2;0,07253422
179481,3;0,07254338
179498;0,07255457
179514,5;0,07255916
179531;0,07256375
179547,6;0,0725664
179564,2;0,07257294
179580,7;0,07257621
179597,6;0,07258016
179613,9;0,07258213
179630,4;0,0725841
179647,1;0,0725841
179663,6;0,07259066
179680,1;0,07259197
179696,9;0,07259796
179713,3;0,07260317
179730,7;0,07260582
179746,4;0,07260844
179763;0,07261306
179779,5;0,07261306
179796,1;0,07262424
179813,3;0,07262621
179829,9;0,07262754
179846;0,07263216
179862,4;0,07263809
179878,9;0,07264338
179896;0,07264605
179912,1;0,07265267
179928,7;0,07265796
179945,6;0,07266125
179961,8;0,07266585
179978,3;0,07267049
179994,9;0,07267114
180011,5;0,07268035
180028;0,07268232
180044,8;0,07268694
180061,2;0,07268824
180077,9;0,07269023
180094,3;0,07269485
180110,9;0,07270671
180127,5;0,07271397
180144;0,07271729
180160,6;0,07272059
180177,1;0,0727305
180193,9;0,07273514
180210,3;0,0727391
180226,9;0,0727391
180243,7;0,07274901
180260;0,07275358
180276,5;0,0727569
180293,9;0,07276419
180309,7;0,07276484
180326,3;0,0727728
180342,8;0,07277809
180359,4;0,07278074
180376;0,07278273
180392,5;0,07278407
180409,1;0,07279336
180426;0,07279336
180442,2;0,07279601
180458,8;0,0728033
180475,4;0,07280728
180491,9;0,07280796
180508,7;0,07280796
180525;0,07281664
180541,6;0,07282195
180558,2;0,07282725
180575,4;0,07282725
180591,3;0,07283124
180607,9;0,07283523
180624,4;0,07284055
180641,1;0,07284584
180658,3;0,07284584
180674,1;0,07284985
180690,7;0,07285117
180707,6;0,07285517
180724;0,07285517
180740,4;0,07285849
180757;0,07286852
180773,5;0,07287645
180790,4;0,07288507
180806,8;0,07288507
180823,3;0,072893
180839,8;0,07289696
180856,5;0,07290094
180873,5;0,07290161
180889,8;0,07290558
180906,2;0,07290693
180922,6;0,0729076
180939,2;0,0729196
180955,8;0,07292162
180972,3;0,07292426
180988,9;0,07292426
181005,5;0,07293092
181022;0,07293627
181038,6;0,07293961
181055,3;0,07293961
181071,7;0,07294295
181088,3;0,07294764
181104,9;0,07295096
181121,8;0,07295498
181138,4;0,07295498
181154,6;0,07295832
181171,1;0,07296763
181187,9;0,07297164
181204,3;0,07297431
181220,8;0,07297431
181237,4;0,07297898
181254;0,07298364
181270,5;0,07298699
181287,1;0,07298766
181304;0,07298901
181320,3;0,07298901
181336,8;0,07299238
181353,4;0,07299238
181369,9;0,07299637
181386,9;0,07300103
181403,1;0,07300907
181420;0,07301443
181436,2;0,07301845
181452,8;0,07302248
181469,9;0,07302518
181485,9;0,07302718
181502,5;0,0730292
181519,2;0,0730292
181535,6;0,0730292
181552,2;0,07303658
181569,2;0,07303927
181585,3;0,07304197
181601,9;0,0730473
181618,4;0,07305065
181635,3;0,07305396
181651,6;0,07305596
181668,4;0,07306731
181685,3;0,07307066
181701,7;0,07307268
181717,8;0,07307537
181734,4;0,07307941
181751;0,07308208
181767,5;0,07308208
181784,1;0,07308812
181802,9;0,07309011
181817,2;0,0730968
181834;0,07309812
181850,4;0,07310281
181866,9;0,07310484
181883,6;0,0731075
181900,5;0,0731095
181916,6;0,07311287
181933,2;0,07311486
181949,8;0,07311486
181966,4;0,07311554
181982,9;0,07311753
181999,5;0,07311753
182016;0,0731182
182032,9;0,07312556
182049,5;0,0731336
182066;0,07313427
182082,3;0,07313561
182098,9;0,07313966
182116;0,073141
182132;0,07314235
182148,6;0,0731437
182165,3;0,0731457
182181,7;0,0731504
182198,3;0,07315108
182215,1;0,07315108
182231,5;0,07315108
182248;0,07315512
182264,5;0,07315916
182281,1;0,07316051
182298,6;0,07316186
182314,7;0,07316452
182330,8;0,0731672
182347,5;0,07316922
182364,2;0,07316922
182380,5;0,07317124
182397,6;0,0731746
182413,7;0,07317527
182430,2;0,07317929
182446,8;0,07318064
182463,3;0,07318196
182480,2;0,0731853
182496,5;0,07318732
182513,1;0,07319134
182530,5;0,07319202
182546,6;0,07319202
182562,9;0,07319269
182579,3;0,07319807
182595,9;0,07319942
182612,4;0,07319942
182629;0,07320009
182645,6;0,07320009
182662,2;0,07320212
182679,1;0,07320481
182695,3;0,07320548
182712;0,07320748
182728,4;0,0732088
182745,1;0,07321082
182761,5;0,07321082
182778,1;0,07321486
182794,7;0,07321621
182811,3;0,07321689
182827,8;0,07321689
182844,5;0,07322025
182861,6;0,07322631
182877,5;0,07322833
182894,1;0,07322968
182910,9;0,07322968
182927,6;0,07323302
182943,8;0,07323369
182960,8;0,07323504
182977,8;0,07323504
182993,5;0,07323773
183010;0,07323975
183026,8;0,0732411
183043,6;0,0732438
183059,8;0,0732438
183076,3;0,07324582
183092,9;0,07325118
183110;0,07325252
183126;0,07325387
183143;0,0732532
183159,1;0,07325657
183175,7;0,07325791
183192,3;0,07325993
183208,8;0,07325993
183225,7;0,07326397
183242,1;0,07326464
183258,5;0,07326464
183275,1;0,07326599
183291,7;0,07326599
183308,3;0,07327205
183324,8;0,07327811
183341,4;0,07327946
183358,7;0,07328148
183374,5;0,07328283
183391,1;0,07328417
183407,6;0,07328485
183424,5;0,07328619
183440,8;0,07328619
183457,3;0,07328889
183473,9;0,07329024
183490,5;0,07329158
183507;0,07329226
183523,6;0,07329226
183540,2;0,07329226
183556,8;0,07329562
183573,4;0,07329831
183590,3;0,07330034
183606,5;0,07329966
183623;0,07329966
183639,6;0,07330505
183656,1;0,07330573
183673,1;0,07330707
183689,5;0,0733064
183706,6;0,07330707
183722,4;0,07330707
183739;0,07330909
183756,1;0,07331043
183772,1;0,07331178
183788,7;0,07331178
183805,3;0,07331178
183821,8;0,07331313
183838,5;0,0733165
183855;0,07331717
183871,5;0,07331784
183889;0,07331852
183904,6;0,07331852
183921,2;0,07331852
183938,2;0,07332121
183954,4;0,07332592
183971,2;0,07333134
183987,5;0,07333134
184004;0,07333403
184020,6;0,07333605
184037,2;0,07333605
184053,8;0,0733347
184070,3;0,0733347
184086,9;0,0733374
184103,4;0,07333807
184120;0,07333942
184136,6;0,07334077
184153,5;0,07334279
184170;0,07334346
184186,8;0,0733448
184202,8;0,07334548
184219,8;0,07334817
184236;0,07335087
184252,5;0,07335087
184269,5;0,07335221
184285,8;0,07335356
184302,3;0,07335356
184318,8;0,07335763
184335,4;0,07335898
184351,9;0,07336237
184368,5;0,07336438
184386;0,0733664
184401,6;0,07336708
184418,3;0,07336708
184435,1;0,07337247
184451,3;0,07337586
184467,9;0,07337721
184485,1;0,0733799
184501;0,0733799
184517,6;0,0733799
184534,2;0,0733799
184551,6;0,07338057
184567,4;0,07338125
184584;0,07338326
184601;0,07338596
184618;0,07338798
184633,6;0,0733927
184650,5;0,07339541
184666,7;0,07339676
184683,3;0,07339878
184700;0,07340012
184716,5;0,07340284
184733;0,07340419
184749,7;0,07340756
184766,8;0,07340756
184783,5;0,07340891
184799,2;0,07341025
184815,9;0,0734116
184832,8;0,0734116
184849;0,0734116
184865,5;0,07341567
184882,1;0,07341906
184898,8;0,07342043
184915,2;0,07342111
184932,1;0,07342517
184948,3;0,07342651
184964,9;0,07342856
184981,5;0,07342923
184998,2;0,07343327
185014,6;0,07343667
185031,2;0,07343667
185048,3;0,07343869
185064,3;0,07343939
185081,4;0,07344073
185097,7;0,07344073
185114;0,07344211
185130,8;0,07344892
185147,1;0,07344824
185164;0,07344959
185180,3;0,07344959
185197,5;0,07345026
185213,4;0,07345026
185230;0,07345363
185246,7;0,07345974
185263,1;0,07346378
185279,8;0,07346378
185297;0,07346515
185312,8;0,0734665
185333,5;0,07346717
185345,9;0,07346922
185362,5;0,07346922
185379,1;0,07347393
185395,9;0,07347461
185412,2;0,07347935
185428,8;0,07348204
185445,3;0,0734861
185462,5;0,0734861
185478,7;0,07348949
185495;0,07349356
185511,7;0,0734983
185528,2;0,0734983
185544,8;0,07350237
185562;0,07350786
185578,5;0,07350786
185594,5;0,07351058
185611,5;0,07352148
185627,6;0,07352417
185645;0,07352627
185660,7;0,07352627
185677,5;0,07353103
185693,9;0,07353575
185710,8;0,07354049
185727;0,07354522
185743,8;0,07354932
185760,5;0,07354932
185776,7;0,07355677
185793,3;0,07356154
185810;0,07356154
185826,4;0,07356361
185843,4;0,07356361
185859,8;0,07357246
185876,3;0,07358269
185892,6;0,07358816
185909,7;0,07358816
185925,9;0,07359158
185942,3;0,07359427
185959,2;0,07359492
185975,8;0,07359761
185992;0,07359761
186008,8;0,07360712
186025,2;0,07360984
186041,7;0,07361732
186058,3;0,07361732
186075,2;0,07362209
186091,4;0,07363299
186108,5;0,0736371
186124,6;0,07363985
186141,3;0,07363985
186157,9;0,07365075
186174,4;0,07365756
186190,8;0,0736596
186207,7;0,0736596
186224;0,07366848
186240,5;0,07367876
186257,1;0,07368624
186273,7;0,07369373
186290,3;0,0736971
186307;0,07370052
186323,4;0,07370186
186339,9;0,07371274
186356,6;0,07371613
186373,1;0,07372022
186389,6;0,07372022
186406,4;0,07372506
186422,8;0,07372988
186439,3;0,07373397
186455,9;0,07373397
186718,6;0,07388345
186718,6;0,07390328
186738,6;0,07390937
186755,4;0,07390937
186771,6;0,07391822
186788,2;0,07392097
186804,8;0,0739278
186821,7;0,07393599
186837,9;0,07393599
186854,5;0,07394899
186871,2;0,07394899
186887,6;0,07395171
186904,1;0,07395171
186920,7;0,07395854
186937,3;0,07397426
186953,9;0,07398182
186970,8;0,07398459
186987,2;0,0739866
187003,6;0,0739866
187020,1;0,07399274
187036,7;0,0740017
187053,3;0,07400512
187070,3;0,07400856
187086,4;0,07401058
187103;0,07401804
187119,5;0,07402214
187136,3;0,07402625
187152,7;0,07403099
187169,2;0,07403578
187186,5;0,07404331
187202,6;0,07404331
187219;0,07404743
187235,5;0,07405359
187252,4;0,07405774
187268,6;0,07406055
187285,2;0,07406534
187302,2;0,07407153
187318,6;0,07407498
187335,6;0,07408112
187351,6;0,07408249
187368;0,074088
187384,6;0,07409005
187401,2;0,07409621
187418,1;0,07410092
187434,3;0,07410092
187451,4;0,07410781
187467,4;0,0741126
187484;0,07411674
187500,6;0,07412088
187517,1;0,07412088
187533,7;0,07412433
187550,3;0,07412497
187566,8;0,07413186
187583,4;0,07413799
187600,2;0,07413934
187616,5;0,07413934
187633,1;0,07414271
187650,1;0,07414341
187666,2;0,07414543
187682,8;0,07414543
187699,3;0,07414882
187716,2;0,07415705
187732,5;0,07416257
187749,4;0,07416878
187765,6;0,07417223
187782,2;0,07417702
187799,5;0,07417911
187815,3;0,07418256
187832,2;0,07418396
187848,5;0,07418396
187865;0,07419423
187882,5;0,07419693
187898,4;0,07420169
187914,7;0,07420306
187931,8;0,07420516
187948,6;0,07420723
187964,4;0,07421137
187981;0,07421345
187997,9;0,07421345
188014,1;0,07421885
188030,7;0,07422028
188047,2;0,07422235
188063,8;0,07422514
188080,4;0,07422791
188097,1;0,07422791
188113,5;0,07422861
188130,1;0,07423001
188146,7;0,07423141
188163,2;0,07423278
188179,8;0,07423278
188196,3;0,0742369
188213,1;0,07424303
188229,5;0,07425194
188246,4;0,07425398
188262,6;0,07425536
188279,3;0,07425606
188295,8;0,07426082
188312,3;0,07426491
188329,2;0,07426628
188345,4;0,07426833
188362;0,07427452
188385,8;0,07427592
188395,1;0,07427864
188412,3;0,07428071
188428,3;0,07428278
188445,1;0,07428482
188461,4;0,07428482
188478,1;0,07428896
188494,5;0,07429453
188511,1;0,07429386
188527,7;0,07429525
188544,6;0,07429525
188561;0,07429662
188577,4;0,07429867
188594;0,07430144
188610,9;0,07430352
188627,1;0,07430422
188643,6;0,07430491
188660,2;0,07430898
188676,8;0,07430898
188693,5;0,07431103
188709,9;0,07431449
188726,5;0,07431936
188743,6;0,07432425
188759,6;0,07432704
188776,2;0,07433251
188792,8;0,07433251
188809,3;0,07433528
188826,2;0,07433528
188842,8;0,07433733
188859;0,07434009
188875,6;0,07434354
188892,2;0,07434561
188908,7;0,07434835
188925,4;0,07434975
188942;0,07435045
188958,4;0,07435384
188975;0,07435931
188991,6;0,0743614
189008,1;0,07436622
189024,7;0,07436826
189041,3;0,0743717
189057,8;0,0743724
189074,6;0,07438483
189091,5;0,07439104
189107,5;0,07439314
189124,1;0,07439314
189140,7;0,07439728
189157,5;0,07440142
189174;0,07440699
189190,4;0,07440834
189207;0,07440971
189223,5;0,07441243
189240;0,0744138
189257;0,0744138
189277;0,07441789
189289,9;0,07442063
189306,6;0,07442201
189323,1;0,07442473
189339,5;0,07442817
189356;0,07442884
189372,6;0,07443228
189389,1;0,07443365
189405,7;0,07443506
189422,5;0,07443646
189438,8;0,07443646
189455,4;0,0744399
189472,2;0,07444057
189489;0,07444613
189505,8;0,07444958
189521,9;0,07445095
189538,3;0,07445233
189555,6;0,07445993
189571,4;0,07445991
189588,2;0,07446198
189604,5;0,07446198
189621,1;0,07446612
189637,7;0,0744744
189654,5;0,07447922
189670,8;0,07448266
189687,3;0,07448334
189703,9;0,0744889
189720,5;0,07449307
189737;0,07449441
189753,6;0,07449441
189770,7;0,07449786
189786,8;0,07449993
189803,3;0,07450268
189819,9;0,07450332
189836,4;0,07450332
189853;0,07450747
189869,7;0,07451023
189886,1;0,07451163
189902,8;0,07451163
189919,3;0,07451303
189935,9;0,07451505
189953,2;0,07451849
189969,2;0,07452054
189985,5;0,07452054
190002,1;0,07452261
190018,7;0,07452538
190035,3;0,07452538
190051,8;0,0745281
190068,4;0,07452878
190085;0,07452878
190101,5;0,07452947
190118,4;0,07452947
190134,6;0,07453566
190151,2;0,07454123
190168,1;0,07454604
190184,7;0,07454604
190200,9;0,07455018
190217,5;0,07454878
190234;0,07454878
190250,6;0,07454951
190267,2;0,0745516
190283,8;0,07455301
190300,3;0,07455231
190317,1;0,07455231
190333,5;0,0745565
190350;0,07455857
190367,2;0,07456198
190383,1;0,07456198
190399,7;0,07456408
190416,3;0,07456548
190432,8;0,07456616
190449,9;0,07456758
190466;0,07456758
190482,5;0,07456827
190499,4;0,07456895
190515,7;0,07457309
190532,2;0,07457446
190548,8;0,07457586
190565,5;0,07457935
190582,2;0,07458075
190598,5;0,07458075
190615,1;0,0745821
190631,7;0,0745821
190648,2;0,07458419
190664,8;0,07458629
190681,3;0,07458837
190698,1;0,07458767
190714,5;0,07458767
190731,1;0,07458699
190747,6;0,07458629
190764,2;0,07458215
190780,8;0,0745808
190797,3;0,0745794
190814;0,07457806
190830,8;0,07457257
190847,3;0,0745698
190863,6;0,07456362
190880,1;0,07456359
190896,7;0,07455807
190913,6;0,07455463
190929,8;0,07455463
190946,5;0,07454503
190963;0,07453883
190979,6;0,07453058
190996,8;0,07453058
191012,7;0,07452716
191029,6;0,07451756
191046;0,07450518
191062,5;0,0744969
191079;0,0744969
191095,5;0,07447843
191112,1;0,07447773
191128,9;0,07446471
191146;0,07445852
191161,8;0,07444752
191178,3;0,07444136
191194,9;0,07443111
191211,8;0,07442632
191228,1;0,07441606
191244,8;0,07441606
191261,2;0,07440989
191277,7;0,07438937
191294,3;0,07437981
191310,9;0,0743723
191327,4;0,0743723
191344,1;0,07436477
191360,6;0,07436135
191377,2;0,07435931
191393,8;0,07435177
191410,3;0,07432448
191426,8;0,07430058
191443,4;0,07427803
191460;0,07426985
191476,6;0,07424939
191493,1;0,07423235
191509,7;0,07422217
191526,3;0,07420857
191542,9;0,07419356
191559,5;0,07419356
191576,3;0,07415626
191592,5;0,07415219
191609,1;0,0741265
191625,7;0,07411295
191642,3;0,07408992
191659,6;0,0740784
191675,4;0,07406689
191692,3;0,07405601
191708,5;0,07402096
191725,2;0,07399726
191741,6;0,07398706
191758,2;0,07396877
191774,8;0,0739519
191791,3;0,07392693
191807,9;0,07391547
191824,5;0,0739033
191841,7;0,07389457
191857,8;0,07385414
191874,1;0,07382914
191890,7;0,07381634
191907,4;0,07380085
191923,8;0,07378131
191940,7;0,07375704
191957,8;0,07375704
191973,5;0,07374489
191990,5;0,07373141
192006,7;0,07371659
192023,4;0,07371659
192039,8;0,07370386
192056,9;0,07366339
192073;0,07361229
192089,7;0,07358003
192106,4;0,07356523
192123;0,0735383
192139,2;0,07352341
192155,8;0,07351198
192173,2;0,07349317
192188,9;0,07345746
192205,7;0,07344466
192222,2;0,07341978
192238,9;0,07341978
192255,6;0,07339091
192271,8;0,07335852
192288,3;0,07334375
192304,9;0,07334375
192321,4;0,07330747
192338;0,07327446
192354,6;0,07326238
192371,2;0,07323081
192387,8;0,07321339
192404,3;0,07319183
192420,9;0,0731656
192437,4;0,07315213
192454;0,07313601
192470,9;0,07310986
192487,1;0,07308173
192503,7;0,07308173
192520,4;0,07306828
192536,8;0,07302726
192553,4;0,07299972
192570;0,07297074
192586,6;0,07295462
192603,1;0,07294185
192619,9;0,07294185
192636,2;0,07292844
192652,9;0,0729137
192669,3;0,0729137
192686,4;0,07288548
192702,5;0,07282501
192719;0,07278673
192736;0,07277937
192752,2;0,07275327
192768,8;0,07272512
192785,4;0,0727077
192801,9;0,07268427
192818,5;0,07268427
192835;0,07264765
192851,9;0,07262363
192868,3;0,07260972
192884,7;0,07260101
192901,3;0,07258304
192917,8;0,07255317
192934,4;0,07254054
192951;0,07251998
192967,5;0,07249679
192984,2;0,07247493
193000,8;0,0724623
193017,3;0,07244772
193034;0,0724259
193050,5;0,07240414
193067,2;0,07239228
193083,5;0,07236784
193100,1;0,07234997
193116,6;0,0723434
193133,2;0,0723256
193149,8;0,07229672
193167;0,07229672
193183;0,07228027
193199,5;0,07223637
193216,1;0,07222585
193232,6;0,072216
193249,3;0,07221404
193266,7;0,07220288
193282,9;0,07219502
193298,9;0,07219502
193315,6;0,07217214
193332,3;0,0721256
193348,6;0,07209354
193365,2;0,0720804
193381,7;0,07207127
193398,3;0,07207127
193414,8;0,07203262
193431,4;0,07202085
193448,3;0,07200647
193464,5;0,07199737
193481,1;0,07199737
193497,8;0,07196488
193514,3;0,07195906
193530,8;0,07194342
193547,4;0,07193561
193564,2;0,07192259
193580,5;0,07191285
193597,1;0,07190768
193613,6;0,07190119
193630,2;0,0718882
193646,8;0,07187718
193666,3;0,07187071
193679,9;0,07186292
193696,5;0,07185775
193713;0,07185256
193730,1;0,07185063
193746,2;0,07183177
193762,7;0,07182268
193779,5;0,07181878
193795,9;0,07181424
193812,5;0,07180648
193829,1;0,07180063
193845,6;0,07179738
193862,2;0,07179026
193878,7;0,07179026
193895,6;0,07178441
193911,8;0,07178249
193928,4;0,07177734
193945;0,07177734
193961,5;0,07176892
193978,2;0,07175401
193994,7;0,07174622
194011,8;0,07173908
194027,8;0,07173648
194044,4;0,07173131
194060,9;0,07172482
194077,5;0,07172157
194094,8;0,07171897
194110,6;0,0717138
194127,2;0,07171055
194144;0,07170925
194160,6;0,071706
194176,9;0,07169756
194193,5;0,07169304
194210,1;0,0716885
194226,6;0,0716846
194243,2;0,071682
194259,8;0,07167811
194276,3;0,07167551
194292,9;0,07167096
194309,5;0,07167096
194326;0,07166515
194342,6;0,07166449
194359,1;0,07165869
194375,7;0,0716561
194392,3;0,0716522
194409,1;0,07164768
194425,4;0,07164638
194442,7;0,07164573
194458,5;0,07163735
194475,1;0,07163543
194491,7;0,07163478
194508,5;0,07163218
194525;0,07162766
194541,4;0,07162574
194558;0,07162574
194574,5;0,07162379
194591,3;0,07162054
194608,1;0,07161599
194624,2;0,07161147
194640,8;0,07160757
194658;0,07160693
194674,3;0,07160563
194690,5;0,07160628
194707,2;0,07159654
194723,6;0,07159394
194740,4;0,071592
194757;0,071592
194773,3;0,07158875
194789,9;0,0715849
194806,4;0,0715836
194823,3;0,07158227
194839,6;0,07158227
194856,1;0,07158033
194872,7;0,07157775
194889,3;0,07157645
194906;0,07157648
194922,4;0,07157648
194939,4;0,0715765
194955,7;0,0715765
194972,1;0,0715752
194988,9;0,07157139
195005,3;0,07157012
195022,3;0,07156949
195038,4;0,07156949
195055;0,07157404
195071,5;0,07157531
195088,1;0,07157724
195104,6;0,07157724
195121,4;0,07157919
195138;0,07158496
195154,3;0,07158431
195170,9;0,07158817
195187,5;0,07158944
195204;0,07159264
195220,6;0,07159264
195237,2;0,0715958
195253,8;0,07160225
195270,8;0,07160735
195286,9;0,07160863
195304,4;0,0716099
195320;0,07161118
195336,6;0,07161888
195353,3;0,07162018
195369,7;0,07162277
195386,9;0,07162665
195403,3;0,07162925
195419,4;0,07163247
195436;0,07163247
195454,1;0,07163247
195469,4;0,07164017
195485,9;0,0716453
195502,3;0,07164915
195518,9;0,07164915
195535,4;0,07165107
195551,9;0,07165492
195568,8;0,07165685
195585,1;0,0716588
195601,7;0,0716588
195618,3;0,07166524
195634,8;0,07166524
195651,4;0,07166976
195667,9;0,07167234
195684,6;0,07167557
195701;0,07167751
195717,7;0,07168009
195734,2;0,07168268
195750,8;0,07168464
195767,4;0,07168788
195783,9;0,07169048
195800,7;0,07169048
195817;0,07169177
195833,7;0,07169177
195850,3;0,0716937
195866,9;0,0716937
195883,9;0,07169695
195899,8;0,07170342
195916,5;0,07171112
195933,2;0,07171436
195950;0,07171567
195966,1;0,07171824
195982,9;0,07172149
195999,3;0,07172149
196015,8;0,07172213
196032,4;0,07172731
196049;0,07172991
196065,5;0,07173185
196082,1;0,07173185
196098,9;0,07173964
196115,7;0,07174093
196132,4;0,07174547
196148,3;0,07174677
196164,9;0,07175066
196181,5;0,07175131
196198,1;0,07175194
196214,6;0,07175259
196231,2;0,07175713
196248,2;0,07175779
196264,3;0,07175973
196281,2;0,07175973
196297,4;0,07176298
196314,5;0,07176688
196330,6;0,07176945
196347,2;0,07177075
196363,7;0,07177267
196380,3;0,07178044
196396,9;0,07178044
196413,4;0,07178239
196430;0,07178754
196446,5;0,07179139
196463,1;0,07179334
196479,9;0,07179334
196496,3;0,07179591
196512,8;0,07179851
196529,4;0,07180241
196546,1;0,07181275
196562,5;0,07181665
196579,1;0,07181794
196595,6;0,07182184
196612,2;0,07182636
196628,8;0,07182636
196645,3;0,07182961
196662,1;0,0718348
196679;0,0718374
196695;0,0718413
196711,6;0,0718426
196728,7;0,07184324
196745,1;0,07184844
196761,4;0,07184844
196777,9;0,07185362
196864,5;0,0718711
196881,1;0,071875
196897,8;0,07187565
196914,2;0,07188017
196930,8;0,07188082
196947,3;0,07188404
196963,9;0,07188404
196980,5;0,07189821
196997;0,07190078
197013,6;0,07190726
197030,3;0,07191051
197046,9;0,07191568
197063,3;0,07191892
197079,9;0,07192152
197096,4;0,07192347
197113;0,07192282
197129,6;0,07192542
197146,1;0,07192737
197162,7;0,07193189
197179,7;0,07194228
197196,9;0,07194747
197212,4;0,07195199
197229;0,07195199
197245,6;0,07195459
197262,5;0,07195849
197278,9;0,07196239
197295,5;0,07196693
197311,8;0,07196693
197328,5;0,07197081
197344,9;0,0719747
197361,5;0,07197859
197378,3;0,07198247
197394,6;0,07198571
197411,4;0,07198701
197427,9;0,07199156
197444,7;0,07199545
197461,2;0,07199935
197477,9;0,072
197494;0,072
197510,6;0,07200585
197527,2;0,07200845
197543,8;0,07201234
197560,3;0,07201754
197577;0,07202273
197593,6;0,07202663
197610,4;0,07202857
197626,6;0,07203117
197643,1;0,07203117
197659,7;0,07203442
197676,3;0,07203961
197693,1;0,07204416
197709,4;0,07204676
197726;0,07204676
197742,5;0,07205065
197759,4;0,07205065
197775,7;0,0720526
197792,2;0,07205454
197808,8;0,07205779
197825,4;0,07206364
197841,9;0,07206883
197858,8;0,07207143
197875,2;0,07207403
197891,6;0,07207663
197908,2;0,07207987
197924,8;0,07207987
197941,3;0,07208312
197958;0,07208442
197974,5;0,07208766
197991,2;0,07209156
198008;0,07209351
198024,2;0,07209481
198040,7;0,07209481
198057,6;0,07209675
198073,9;0,07209741
198090,4;0,07209741
198107,1;0,0720987
198123,6;0,0720987
198140,1;0,07209805
198156,8;0,0721
198173,3;0,07209935
198189,8;0,07209741
198206,4;0,07209741
198223;0,07209351
198239,5;0,07209351
198256,2;0,07208963
198272,7;0,07208444
198289,3;0,07207929
198305,8;0,07207799
198322,4;0,07207217
198339;0,07206827
198355,7;0,0720631
198372,4;0,07205988
198388,7;0,0720586
198405,2;0,07205535
198421,8;0,07205535
198438,3;0,07205021
198454,9;0,07203863
198471,9;0,07202835
198488;0,07201998
198505,2;0,07201546
198521,2;0,07201033
198538,4;0,07200259
198554,3;0,07199614
198570,9;0,07199161
198587,4;0,07198389
198604;0,07198389
198620,7;0,0719768
198637,4;0,0719671
198653,7;0,07196193
198670,6;0,07195673
198686,8;0,07195608
198703,7;0,07194512
198720;0,07194189
198736,5;0,07193349
198753,1;0,07193349
198769,7;0,07192897
198786,2;0,0719238
198803,1;0,07191925
198819,4;0,07191473
198835,9;0,07191213
198852,5;0,07190891
198869,4;0,07190374
198885,6;0,07190374
198902,2;0,07189339
198918,9;0,07189015
198935,3;0,07188885
198951,9;0,07188235
198968,8;0,07187396
198985;0,07187007
199001,6;0,07187007
199018,2;0,07186551
199034,8;0,07186551
199051,3;0,07186292
199067,9;0,0718597
199084,4;0,07185321
199101;0,07184286
199117,8;0,07183704
199134,5;0,07183187
199151,2;0,07182927
199167,5;0,07182407
199184;0,07181888
199200,4;0,07181693
199217,3;0,07181109
199233,5;0,07181044
199250,1;0,07180784
199266,8;0,07180137
199283,4;0,07179748
199299,8;0,07179748
199316,4;0,07179552
199333,6;0,07178451
199349,6;0,07178191
199366,1;0,07177739
199382,8;0,07177739
199400;0,07177349
199416,1;0,0717696
199433;0,07177089
199448,9;0,07177155
199465,5;0,0717722
199482;0,07177479
199498,6;0,07177609
199515,5;0,07177866
199531,7;0,0717852
199548,3;0,07179042
199564,9;0,07179564
199581,4;0,07179564
199598;0,07179759
199614,6;0,07180411
199632,1;0,07180606
199647,7;0,07180735
199664,3;0,07180998
199681,2;0,07180998
199697,4;0,07181257
199714;0,07181519
199730,9;0,07181979
199747,1;0,07182763
199763,9;0,0718296
199780,3;0,0718335
199796,9;0,07183609
199813,4;0,07183936
199829,9;0,07184394
199847,3;0,07184394
199863,1;0,07184655
199879,7;0,07185242
199896,3;0,07185704
199912,9;0,07185964
199929,6;0,07186423
199946;0,07186686
199962,5;0,07187013
199979;0,07187404
199995,6;0,07187794
200012,3;0,07188119
200029;0,07188511
200045,4;0,07188511
200061,9;0,07188901
200078,9;0,07189682
200095;0,07189941
200111,8;0,07190137
200128,2;0,07190201
200145;0,07191443
200161,3;0,07191962
200177,9;0,07192549
200194,4;0,07193263
200211,3;0,07194242
200227,5;0,07194696
200244,4;0,07194696
200260,7;0,07195998
200277,6;0,07197885
200293,8;0,0719879
200310,4;0,07198987
200326,9;0,07199377
200343,5;0,07199377
200360,1;0,07200548
200377,3;0,07202619
200393,2;0,07203788
200409,8;0,07204828
200426,3;0,07205347
200443,5;0,07205347
200459,5;0,07206771
200476;0,07209098
200492,6;0,07209935
200509,2;0,07210714
200525,7;0,07210909
200542,4;0,07213759
200558,9;0,07215059
200575,4;0,07215898
200592,3;0,07217132
200608,8;0,07218299
200625,4;0,07218299
200641,7;0,07221092
200658,4;0,07221092
200674,8;0,07222588
200691,4;0,07223237
200708,5;0,07224341
200724,5;0,07225578
200741,1;0,07226941
200757,7;0,07228175
200774,4;0,07229476
200790,8;0,07229996
200807,7;0,07229996
200823,9;0,07232668
200840,5;0,07232928
200857,1;0,07234818
200873,6;0,07235405
200890,7;0,07236964
200906,8;0,07237682
200923,3;0,07238854
200939,9;0,07239898
200956,5;0,07239898
200973,4;0,07240549
200989,9;0,07240745
201006,3;0,07243224
201023,2;0,07245512
201039,6;0,07246887
201055,9;0,07247731
201072,4;0,07248451
201089;0,07249295
201105,6;0,07250468
201122,4;0,07250986
201138,7;0,072517
201155,3;0,07251959
201171,9;0,07254442
201188,4;0,0725575
201205;0,07256272
201221,5;0,07256272
201238,1;0,07257905
201254,7;0,07259595
201271,4;0,0726025
201287,8;0,07261623
201304,4;0,07261623
201321;0,07262734
201337,8;0,0726443
201354,3;0,0726443
201370,7;0,07267239
201387,7;0,07267831
201403,8;0,07268941
201420,5;0,07269006
201436,9;0,07269928
201453,5;0,07270719
201470,4;0,07271246
201486,6;0,07271904
201503,2;0,07272302
201519,7;0,07272901
201536,3;0,07273033
201553,2;0,07273299
201570,2;0,07273569
201586,4;0,07273701
201602,6;0,07273701
201619,2;0,07273769
201635,7;0,07273968
201652,3;0,07275163
201669,6;0,07276029
201685,4;0,07276162
201702;0,07276558
201718,6;0,0727689
201735,1;0,0727689
201751,7;0,07277948
201768,2;0,07278215
201784,8;0,07278612
201801,4;0,07278942
201818,2;0,07278944
201834,5;0,07279143
201851,1;0,07279605
201867,9;0,0727974
201884,2;0,07279875
201900,8;0,07280469
201917,3;0,07280868
201934,7;0,07281198
201950,5;0,0728166
201967;0,0728166
201983,6;0,07282261
202000,2;0,07282859
202016,7;0,07283057
202033,7;0,07283321
202050,1;0,07283648
202066,6;0,07284317
202083,7;0,07284514
202099,6;0,07285111
202116,1;0,0728537
202132,7;0,07285702
202149,3;0,07285834
202165,8;0,07285834
202183,1;0,0728703
202199;0,07287364
202215,6;0,07287696
202232,5;0,07287696
202248,8;0,07287965
202265,3;0,07287965
202281,8;0,07288165
202298,4;0,07289293
202315,2;0,07289755
202331,5;0,07290289
202348,1;0,07290623
202364,6;0,07290623
202381,2;0,07291479
202398;0,0729241
202415;0,07292939
202430,9;0,07293008
202447,5;0,07293273
202464;0,07293874
202480,6;0,07294142
202497,8;0,07294612
202513,9;0,07294612
202530,6;0,07295281
202546,9;0,07295351
202563,4;0,07295351
202580;0,07295681
202596,6;0,07295681
202613,1;0,07296279
202629,7;0,07296481
202646,3;0,0729688
202663,4;0,0729728
202679,4;0,07297412
202696,1;0,07297679
202712,7;0,07297746
202729,1;0,07297746
202745,7;0,0729848
202762,3;0,0729868
202778,8;0,07299213
202795,4;0,07299348
202812;0,0729955
202828,5;0,07299685
202845,1;0,07299884
202861,8;0,07300084
202878,2;0,07300084
202894,8;0,07300351
202911,4;0,07300486
202928,2;0,07300954
202944,5;0,07301291
202961;0,07301426
202977,8;0,07301359
202994,2;0,07302027
203010,8;0,07302297
203027,4;0,07302429
203044;0,07302429
203060,9;0,07302561
203077;0,07303429
203093,6;0,07303694
203110,1;0,07304163
203126,7;0,07304432
203143,3;0,07304901
203160,3;0,07305036
203176,6;0,07305036
203193;0,07305305
203209,6;0,07305507
203226,3;0,07305639
203242,7;0,07305642
203259,5;0,07305844
203276;0,07306381
203292,4;0,07306645
203309,5;0,0730678
203325,5;0,0730678
203342,5;0,07307114
203359;0,07307249
203375,7;0,07307515
203392,2;0,07307515
203409,4;0,07307717
203425,3;0,07307852
203441,8;0,07307987
203458,5;0,07308052
203475;0,07308254
203491,5;0,07308389
203508,1;0,07308658
203524,7;0,07308658
203541,4;0,07308658
203557,8;0,07308725
203574,6;0,07308994
203591;0,07309264
203607,5;0,07309331
203624,2;0,07309464
203640,6;0,07309329
203657,2;0,07309865
203674,3;0,07309865
203690,3;0,0731
203706,9;0,07310134
203723,5;0,073102
203740;0,07310402
203756,6;0,07310537
203773,2;0,07310671
203789,8;0,07310873
203806,4;0,0731114
203822,9;0,0731114
203839,5;0,07311407
203856;0,07311943
203872,6;0,07312278
203889,6;0,07312412
203905,7;0,07312412
203922,9;0,07312679
203939,5;0,07312746
203955,4;0,07312881
203972;0,07313013
203988,5;0,07312946
204005,1;0,07313013
204021,7;0,0731315
204038,6;0,0731315
204054,8;0,07313285
204071,5;0,0731342
204088;0,07313352
204104,5;0,07313624
204121,1;0,07313826
204137,7;0,07313896
204154,2;0,07313896
204171;0,07313829
204187,3;0,07313829
204203,9;0,07313761
204220,6;0,0731336
204237;0,07313158
204253,6;0,07313023
204270,3;0,07312888
204286,8;0,07313023
204303,3;0,07312891
204320,1;0,07312689
204336,8;0,07312422
204353;0,07312422
204369,8;0,07312287
204386,3;0,0731215
204402,7;0,07311951
204419,3;0,07311748
204435,9;0,07311352
204452,4;0,07310948
204469,1;0,07310815
204485,5;0,07310815
204502,7;0,07310147
204519,3;0,07309882
204535,7;0,07309812
204551,8;0,07309812
204568,4;0,07309812
204585;0,07309947
204601,6;0,07309685
204618,1;0,0730935
204634,6;0,07309216
204651,2;0,07308817
204667,9;0,07308749
204684,3;0,0730829
204700,9;0,07308158
204717,5;0,07308026
204734;0,07307891
204750,6;0,07307889
204767,3;0,07307484
204783,8;0,07307484
204800,3;0,07307217
204816,9;0,07307284
204833,5;0,07307217
204850;0,07306683
204866,6;0,0730608
204883,1;0,07305945
204899,7;0,07305543
204916,5;0,07305343
204933,4;0,07305145
204949,5;0,0730501
204966;0,0730501
204982,5;0,07304613
204999,4;0,07304007
205015,7;0,07303739
205032,2;0,07303011
205049,5;0,07302677
205065,4;0,07302278
205082,1;0,07302011
205098,5;0,07302011
205117;0,0730141
205131,7;0,07300878
205148,8;0,07300279
205164,8;0,07299945
205181,3;0,07299478
205197,9;0,07299213
205215,3;0,07298682
205231,1;0,07298215
205247,6;0,07298016
205264,2;0,07297751
205281,2;0,07297417
205297,3;0,0729695
205313,9;0,07296748
205330,4;0,07296748
205347;0,07296079
205363,6;0,07295544
205380,5;0,07295276
205396,7;0,07295344
205413,4;0,07295077
205429,9;0,07294942
205446,4;0,07294673
205463;0,07294673
205479,6;0,07294338
205496,3;0,07293603
205512,7;0,07293069
205529,3;0,07292667
205545,8;0,072924
205562,4;0,07292131
205579,1;0,07291862
205595,7;0,07291862
205612,1;0,07291729
205628,6;0,07291462
205645,7;0,07291058
205662,2;0,07290724
205678,3;0,07290459
205694,9;0,0729019
205711,5;0,07289921
205728,8;0,07289786
205744,6;0,07289718
205761,2;0,07289451
205778,2;0,07289118
205794,3;0,07288915
205810,9;0,07288915
205827,4;0,07288376
205844;0,0728811
205860,8;0,07287975
205877,5;0,07287975
205893,9;0,0728784
205910,3;0,07287304
205926,8;0,07287101
205943,4;0,07287169
205960,1;0,07287169
205976,5;0,072869
205993,4;0,07286967
206009,7;0,0728683
206026,3;0,0728683
206042,8;0,07286897
206059,4;0,07286762
206076;0,07286762
206092,5;0,07286762
206109,2;0,07286695
206125,6;0,07286693
206142,4;0,07286625
206158,8;0,07286691
206175,6;0,0728676
206191,9;0,07286693
206208,8;0,07286895
206225;0,07287162
206241,6;0,07287496
206258,2;0,07287698
206274,8;0,07287765
206291,3;0,07287765
206307,9;0,07288033
206324,5;0,07288167
206341,2;0,072883
206358,1;0,072883
206374,1;0,07288367
206390,7;0,07288836
206407,5;0,07289105
206423,9;0,07289305
206440,7;0,07289305
206457;0,07290375
206474,1;0,0729064
206490,1;0,07291041
206506,7;0,07291041
206523,2;0,07291239
206539,8;0,07291508
206556,4;0,07291575
206573,1;0,07291575
206589,5;0,07291982
206606,4;0,07292511
206622,7;0,07292645
206639,5;0,07293045
206655,8;0,07293314
206672,3;0,07293908
206688,9;0,0729411
206705,5;0,0729431
206722,1;0,07294444
206738,8;0,07294444
206755,2;0,07294779
206771,9;0,07295519
206788,3;0,07295787
206804,9;0,07295854
206821,5;0,07296056
206838;0,07296657
206854,6;0,07297126
206871,1;0,0729726
206888,3;0,0729726
206904,3;0,07298131
206920,9;0,07298398
206937,6;0,07298665
206954;0,07299134
206970,7;0,07299533
206987,1;0,0729987
207003,7;0,07300004
207020,3;0,07300207
207036,8;0,07301537
207053,7;0,07301874
207070;0,07302138
207086,5;0,07302472
207103,1;0,07302871
207120,1;0,07303605
207136,2;0,07303805
207152,8;0,07304538
207169,3;0,0730494
207185,9;0,07305474
207202,5;0,07305945
207219,2;0,07306342
207235,8;0,07306342
207252,2;0,07307145
207268,7;0,07307946
207285,6;0,0730828
207301,9;0,07308882
207318,5;0,07308882
207335;0,07309216
207351,6;0,07309418
207368,2;0,07309418
207384,7;0,07309418
207401,4;0,07310355
207417,8;0,07311025
207435;0,073119
207451;0,07312433
207467,5;0,07312703
207484,1;0,07313307
207500,7;0,07313576
207517,3;0,07313576
207534;0,07314646
207550,4;0,07314846
207567,1;0,0731518
207583,9;0,07315517
207600,6;0,07316118
207616,6;0,07316387
207633,2;0,07316657
207649,8;0,07316859
207666,3;0,07316859
207682,9;0,07317396
207699,5;0,07318199
207716;0,0731867
207732,6;0,07318804
207749,9;0,07318804
207765,8;0,07319006
207782,3;0,0731981
207799,2;0,07320349
207815,4;0,07320753
207832;0,07321022
207848,6;0,07321356
207865,1;0,07321491
207881,7;0,07321491
207899,2;0,07322229
207914,8;0,07322229
207931,4;0,07322633
207948;0,07322835
207964,6;0,0732324
207981,1;0,07323374
207997,7;0,07323374
208014,5;0,07323442
208030,8;0,07323576
208047,4;0,07323778
208064;0,07324384
208080,5;0,07324586
208097,1;0,07324991
208113,7;0,07325257
208130,2;0,07325324
208146,8;0,07325594
208163,4;0,07325661
208180,1;0,07325661
208196,8;0,073262
208213,4;0,07326335
208229,7;0,07326604
208246,2;0,07326671
208263,2;0,07326739
208279,6;0,07327345
208295,9;0,07327614
208313,1;0,07327682
208329;0,07327682
208345,6;0,07328288
208362,2;0,07328489
208378,7;0,07328691
208395,6;0,07329028
208412,4;0,0732923
208428,8;0,0732923
208445;0,07329567
208461,5;0,07329702
208478,2;0,07329702
208494,7;0,0733051
208511,4;0,07330577
208527,8;0,07330712
208544,4;0,07330981
208560,9;0,07330981
208577,5;0,07331517
208594,1;0,07331517
208610,7;0,07331719
208627,2;0,07331921
208643,8;0,07332124
208660,5;0,07332124
208676,9;0,07332258
208693,5;0,07332528
208710;0,07332864
208726,7;0,07332999
208743,3;0,07333133
208760,2;0,07333201
208776,6;0,07333335
208792,9;0,0733347
208809,5;0,07333672
208826;0,07333942
208842,6;0,07334009
208860,1;0,07334279
208875,7;0,07334279
208893,3;0,07334413
208908,8;0,07334547
208925,4;0,0733475
208942;0,07335428
208958,5;0,07335428
208975,1;0,07338265
208991,7;0,07350271
209008,8;0,07372821
209024,8;0,07393243
209041,6;0,074241
209058;0,07444687
209074,7;0,07496277
209091,1;0,07548785
209107,7;0,07588384
209124,2;0,07656605
209140,8;0,07696181
209157,3;0,07733357
209173,9;0,07767665
209190,5;0,07905091
209207,1;0,07952579
209223,6;0,08045676
209240,2;0,08045676
209256,8;0,08117289
209274;0,08144269
209290;0,08193734
209306,4;0,08193734
209323;0,0831138
209339,6;0,08523154
209356,6;0,0861581
209372,9;0,08708642
209389,3;0,08765551
209405,9;0,08851346
209422,4;0,08940223
209439;0,08940223
209455,6;0,08982359
209472,5;0,09121349
209488,9;0,09121349
209505,3;0,09226074
209521,8;0,09342524
209538,6;0,0938883
209555;0,09429555
209571,7;0,09467328
209588,1;0,09612516
209604,6;0,09695115
209621,4;0,09740692
209637,8;0,09740692
209654,3;0,09860449
209670,9;0,09959579
209687,5;0,1004992
209704;0,1009512
209720,6;0,1009512
209737,2;0,1018493
209753,8;0,1029812
209770,3;0,1035137
209787,1;0,1039626
209803,5;0,1041672
209820,2;0,1056944
209836,6;0,1064912
209853,2;0,1069342
209869,9;0,1074092
209886,4;0,1082525
209902,8;0,1086948
209919,4;0,1086948
209936;0,1091039
209952,5;0,109541
209969,4;0,1109325
209985,7;0,1122707
210002,3;0,1129001
210018,8;0,1132951
210035,6;0,1141636
210051,9;0,1149851
210069,1;0,1158486
210085,1;0,1162366
210101,6;0,1166673
210118,2;0,1166673
210134,9;0,1180312
210151,4;0,1187302
210168,7;0,1195404
210184,6;0,1195404
210201;0,1207015
210217,6;0,1208203
210235;0,1216304
210250,8;0,1224448
210267,3;0,1229353
210283,9;0,12371
210300,8;0,1245214
210317,2;0,1249059
210333,6;0,1257516
210351,1;0,1265931
210366,7;0,1269775
210383,3;0,1277813
210399,8;0,128165
210416,4;0,1285865
210433,2;0,1287395
210450;0,1299858
210466,6;0,1310169
210482,7;0,1314305
210499,3;0,1318448
210515,8;0,1326386
210532,4;0,133018
210549,3;0,133018
210565,5;0,1334722
210582,1;0,1338459
210598,6;0,1338932
210615,2;0,1355324
210631,8;0,1370302
210648,4;0,1374417
210665;0,137854
210682,4;0,1382617
210698,1;0,1394664
210714,6;0,1402139
210731,2;0,1406973
210747,8;0,1410315
210764,3;0,1413623
210780,9;0,142631
210797,5;0,1430398
210814;0,1438164
210830,6;0,1443217
210847,3;0,1449964
210863,7;0,1457737
210880,5;0,1457737
210896,8;0,1466191
210913,4;0,1473189
210930,1;0,1481199
210946,5;0,14852
210963,1;0,14852
210980,4;0,1499513
210996,7;0,1503571
211012,8;0,1508061
211029,4;0,151022
211046;0,1513968
211062,5;0,1514407
211079,1;0,1518119
211095,6;0,1519168
211112,2;0,1520211
211128,8;0,1520588
211145,3;0,1520713
211162,3;0,1520713
211178,5;0,1520306
211195;0,1520306
211211,7;0,1519834
211228,2;0,1519608
211245,1;0,1518369
211261,3;0,151427
211277,9;0,1512251
211294,5;0,1510423
211311,2;0,1509161
211327,6;0,1507691
211344,1;0,1507691
211360,7;0,1505016
211377,3;0,1504172
211393,8;0,1503642
211410,4;0,1501061
211427;0,1499693
211443,6;0,1499005
211460,1;0,1498065
211476,7;0,1496953
211493,2;0,1496325
211509,8;0,1496325
211526,4;0,1494403
211543;0,1493104
211559,5;0,1491823
211576,1;0,1490782
211592,7;0,1490042
211609,4;0,1488778
211625,8;0,148821
211642,4;0,1487052
211659,1;0,1485894
211675,5;0,1485303
211692;0,1484604
211708,7;0,1483459
211725,2;0,1482846
211741,8;0,1481735
211758,3;0,1481261
211774,9;0,1480033
211791,4;0,1478979
211808,3;0,1478373
211825,3;0,1477823
211841,6;0,1477823
211858;0,1477326
211874,3;0,1476835
211891,5;0,1475047
211907,4;0,1473067
211924;0,1472551
211940,6;0,147184
211957,1;0,1470966
211973,8;0,1470535
211990,4;0,1470535
212007,8;0,1468559
212023,6;0,1468072
212040;0,1467991
212057;0,1466095
212073,7;0,1465634
212089,8;0,1464691
212106,9;0,1464233
212122,8;0,1463345
212139,5;0,1462432
212155,9;0,1462008
212172,5;0,1461519
212189;0,1461519
212205,6;0,1460046
212222,2;0,1459268
212238,7;0,1458916
212255,3;0,1458032
212272,1;0,145715
212288,5;0,1456748
212305;0,1455921
212321,8;0,1455367
212338,2;0,1454543
212355,2;0,1454116
212371,3;0,1453209
212387,9;0,1452384
212405,3;0,1451933
212421;0,1451933
212437,5;0,1450482
212454,1;0,145027
212470,7;0,145027
212487,3;0,1449874
212503,9;0,1449451
212520,5;0,1448874
212536,9;0,144701
212553,5;0,1446307
212570,2;0,1445728
212586,7;0,1445282
212603,2;0,144458
212620;0,144393
212636,4;0,144393
212652,9;0,1443224
212669,8;0,1443224
212686;0,1441923
212702,6;0,1441428
212719,2;0,1441116
212736,3;0,1440464
212752,3;0,1440464
212769,1;0,143958
212785,5;0,1439242
212802;0,1439191
212818,6;0,1437971
212835,1;0,1437555
212851,7;0,1437064
212868,3;0,1436494
212884,8;0,1436211
212901,5;0,1435619
212918;0,1435282
212934,6;0,143479
212951,1;0,1434219
212967,7;0,1434089
212984,4;0,1433389
213000,8;0,1433389
213017,4;0,1433132
213034;0,1432385
213050,5;0,1432025
213067,5;0,143169
213083,7;0,143169
213105,7;0,1431123
213116,8;0,1431123
213134;0,1430919
213150,3;0,1430661
213166,5;0,143002
213183,1;0,1429173
213199,9;0,1428582
213216,2;0,1428223
213232,8;0,1427761
213249,5;0,1427531
213265,9;0,1427531
213282,4;0,1426838
213299;0,1426401
213315,7;0,1426119
213332,6;0,1425811
213348,8;0,1425554
213365,3;0,1425325
213382;0,1425043
213399;0,1424861
213415,5;0,1424553
213432,2;0,1424347
213448,9;0,1424169
213465;0,1424042
213481,3;0,1424042
213497,8;0,1423991
213514,4;0,1423838
213531,1;0,1423889
213547,6;0,1423838
213564,1;0,1423887
213581,3;0,1423915
213597,2;0,1423915
213613,8;0,1424018
213630,4;0,1423966
213646,9;0,1424019
213663,5;0,1424019
213680;0,1424123
213697;0,1424201
213713,2;0,1424409
213729,8;0,1424541
213746,3;0,14247
213762,9;0,1424778
213779,5;0,142483
213796;0,142504
213812,6;0,1425934
213829,8;0,1426248
213845,7;0,1426458
213862,3;0,1426877
213879;0,1427087
213895,4;0,1427583
213912;0,1427895
213928,5;0,1428263
213945,5;0,1428707
213962;0,1428707
213978,2;0,1429019
213994,8;0,1429594
214011,4;0,1430299
214027,9;0,1430324
214044,5;0,1430876
214061,1;0,1431449
214077,7;0,1431916
214094,2;0,1432334
214111,2;0,1432753
214127,3;0,14333
214143,9;0,143361
214160,5;0,1433973
214177,3;0,1434392
214193,6;0,1434392
214210,8;0,1435514
214226,8;0,1435514
214243,3;0,1435958
214259,9;0,1436451
214276,4;0,1436894
214293;0,1437047
214310,2;0,1437047
214326,5;0,1437486
214342,7;0,1437613
214359,3;0,1437692
214376,8;0,1437493
214393,2;0,1437493
214409;0,1437317
214425,5;0,1437266
214442,5;0,1436676
214459,1;0,1436049
214475,3;0,1435351
214491,8;0,143444
214508,6;0,1433537
214525;0,1432779
214542,1;0,1431907
214558,5;0,1430892
214574,6;0,1429283
214591,2;0,1429283
214608;0,1427727
214624,5;0,14262
214641;0,1424562
214657,5;0,1423461
214674,2;0,1421997
214691;0,1421068
214707,3;0,1419266
214724,1;0,1419266
214740,3;0,1415555
214757;0,1415166
214773,4;0,1413082
214790;0,1411533
214806,6;0,1409762
214823,2;0,1407415
214840,1;0,1407415
214856,3;0,1405165
214872,8;0,1402334
214889,5;0,1400403
214906;0,139794
214922,5;0,139794
214939,1;0,1396611
214955,7;0,1392775
214972,3;0,1389982
214989,5;0,138718
215005,4;0,1385883
215021,9;0,1384461
215039,5;0,1383181
215055,1;0,1383181
215071,9;0,138186
215088,2;0,1378921
215104,8;0,137415
215121,3;0,137061
215137,9;0,1367956
215154,5;0,1365656
215171;0,1364206
215187,6;0,1362638
215204,4;0,1360818
215220,8;0,1356383
215237,3;0,1353257
215254,6;0,1351673
215270,5;0,1351673
215287;0,1346875
215303,6;0,1343492
215320,1;0,1341923
215336,7;0,1340131
215353,3;0,1339289
215370,3;0,1334119
215386,4;0,1329935
215403,2;0,1327944
215419,5;0,1326075
215436,5;0,1322593
215452,7;0,131877
215469,6;0,1316786
215486,4;0,1312996
215502,4;0,1310491
215519,4;0,1307348
215535,9;0,1307348
215552,8;0,1301243
215568,7;0,129898
215585,5;0,1298162
215602,1;0,1290863
215618,4;0,1287471
215635;0,1286522
215651,5;0,1286522
215668,2;0,1282368
215684,6;0,1280224
215701,3;0,1280224
215717,8;0,1278214
215734,3;0,1269538
215750,9;0,1260885
215767,4;0,1258719
215784;0,1253823
215800,6;0,1251679
215817,1;0,1246974
215834;0,124267
215850,3;0,1240257
215866,9;0,1235458
215883,5;0,1235458
215900;0,1232475
215916,5;0,1226234
215933,1;0,1221394
215949,7;0,1218967
215966,3;0,1218967
215982,8;0,1211001
215999,4;0,1207517
216016;0,1204046
216032,5;0,1200078
216049,8;0,1195359
216065,7;0,1191893
216082,5;0,1188693
216099,2;0,1185655
216115,6;0,1185655
216132,5;0,1177621
216148,5;0,117587
216165,1;0,117277
216181,6;0,1166036
216198,7;0,1161214
216214,9;0,1158668
216231,3;0,1158668
216247,9;0,1153132
216264,5;0,114652
216281;0,1141752
216297,6;0,1139287
216314,1;0,1139287
216330,7;0,1137038
216347,3;0,1137038
216363,8;0,1130006
216380,4;0,1121536
216397;0,1119327
216413,5;0,1115285
216430,1;0,111341
216446,8;0,11094
216463,6;0,1105634
216479,8;0,1103941
216496,4;0,1103941
216512,9;0,1098707
216529,7;0,1095232
216546,5;0,1092424
216562,7;0,1090333
216579,2;0,1087429
216595,8;0,1085505
216612,3;0,1083621
216628,9;0,1081084
216645,7;0,1078146
216662;0,1078146
216678,6;0,1075115
216695,6;0,1072094
216711,8;0,1069508
216728,3;0,1066688
216744,9;0,1065272
216761,4;0,1064003
216778,3;0,1062636
216794,6;0,1060933
216811,3;0,105743
216827,7;0,1054782
216844,3;0,1053382
216861;0,1051057
216877,4;0,1049065
216894,8;0,1047273
216910,6;0,1046129
216928;0,1045607
216943,9;0,1043779
216960,3;0,1043779
216976,8;0,1042575
216993,4;0,1041517
217010,2;0,1038991
217026,6;0,1033607
217043,3;0,1031398
217059,6;0,1029231
217076,2;0,1028011
217092,8;0,1026522
217109,8;0,1024868
217125,9;0,1022765
217142,5;0,1022765
217159;0,1020607
217175,6;0,1018534
217192,5;0,1016487
217208,7;0,1014338
217225,6;0,1013284
217241,9;0,1012311
217259,3;0,10102
217275;0,1008333
217291,6;0,1006445
217308,2;0,1005273
217324,7;0,1004274
217341,3;0,1004274
217357,8;0,1001416
217374,4;0,09993174
217391;0,09973406
217407,5;0,09964345
217424,1;0,09944968
217440,7;0,09933167
217457,3;0,09914439
217474;0,09905226
217490,4;0,09895427
217507;0,09885049
217523,5;0,09857751
217540,1;0,09839401
217556,7;0,09838583
217573,2;0,09833709
217589,8;0,09819879
217606,3;0,09811086
217622,9;0,09811086
217639,5;0,0980057
217656,5;0,09755621
217672,7;0,09726132
217689,4;0,09706566
217705,8;0,09696911
217722,3;0,09686151
217738,9;0,09669475
217755,5;0,09651026
217772;0,09641417
217788,6;0,09630801
217805,1;0,09626748
217821,7;0,0959473
217838,5;0,09585459
217854,8;0,09567224
217871,4;0,09556588
217888;0,09552548
217904,5;0,09519683
217921,1;0,09504484
217937,7;0,09490461
217954,4;0,0948064
217970,9;0,09462665
217987,4;0,09444073
218004;0,09444073
218020,8;0,09434386
218037,1;0,09405142
218053,7;0,0939103
218070,2;0,09378209
218086,8;0,09378209
218103,5;0,09340599
218119,9;0,09340599
218136,6;0,09314652
218153,6;0,09304485
218169,6;0,09285863
218186,2;0,09276549
218203,3;0,09264087
218219,3;0,09250496
218236,2;0,09250496
218252,5;0,09241397
218269,2;0,0923326
218285,6;0,09209578
218302,1;0,09178744
218318,9;0,09170558
218335,3;0,09170558
218351,9;0,09141394
218368,4;0,09125756
218385;0,09108663
218401,5;0,09108663
218418,2;0,09091699
218434,7;0,09074023
218451,3;0,09057347
218468,1;0,09048602
218484,4;0,09048602
218501;0,09015004
218517,5;0,0900668
218534,1;0,08993063
218550,6;0,08982568
218567,2;0,08982568
218584,1;0,08950001
218600,4;0,08946516
218617,1;0,08928949
218633,9;0,08918282
218650,2;0,08902446
218666,6;0,08893647
218683,2;0,08883003
218699,8;0,08869024
218716,4;0,08855242
218732,9;0,08847108
218749,5;0,08831225
218766;0,08824119
218782,8;0,08824119
218799,2;0,08796133
218815,8;0,08787163
218832,8;0,08776695
218849,2;0,08764712
218865,4;0,08757839
218882;0,08750347
218898,5;0,08750347
218915,5;0,08743041
218931,7;0,08717939
218948,6;0,08696909
218964,8;0,08687633
218981,6;0,08673901
218997,9;0,08666895
219014,5;0,08666895
219031,1;0,08643635
219047,7;0,08635125
219064,2;0,08621967
219080,9;0,08615181
219097,3;0,08602737
219113,9;0,08596968
219130,8;0,08590407
219147;0,08589353
219163,6;0,08567425
219180,2;0,08565513
219196,8;0,08553582
219213,9;0,08541991
219229,9;0,08529942
219246,4;0,08519668
219263;0,08512657
219279,6;0,08507436
219296,2;0,08507436
219312,7;0,08487692
219329,5;0,08477885
219345,9;0,0846839
219362,4;0,0846839
219379;0,08458213
219395,6;0,08445963
219412,2;0,08437847
219428,7;0,08428301
219445,3;0,08428301
219462,4;0,08421878
219478,4;0,08408926
219495;0,08399963
219511,5;0,08399963
219528,5;0,08395214
219544,6;0,08390855
219561,2;0,08387366
219577,8;0,08371201
219594,4;0,0835986
219610,9;0,08351599
219627,5;0,08346819
219644,1;0,08338869
219660,6;0,08332445
219677,6;0,08326496
219693,7;0,08322208
219710,3;0,08313692
219726,9;0,08305586
219743,9;0,08301327
219760,3;0,08293763
219776,6;0,08289457
219793,2;0,08283598
219809,7;0,08277284
219826,4;0,08277284
219843,2;0,08261993
219859,4;0,08261748
219876,3;0,08250583
219892,6;0,08247147
219909,1;0,08240325
219925,7;0,08240325
219942,3;0,08235828
219959,6;0,08225371
219975,6;0,08219504
219991,9;0,08215947
220008,8;0,08214844
220025,1;0,0820241
220041,6;0,08198879
220058,3;0,08192547
220074,8;0,08189588
220091,3;0,08183189
220107,9;0,08178517
220124,5;0,08176157
220141,3;0,08173143
220157,6;0,08173143
220174,2;0,08169786
220190,8;0,08168212
220207,3;0,08160701
220224;0,08148108
220246,5;0,08137892
220257;0,08135297
220273,6;0,08129916
220290,1;0,08125786
220306,8;0,08119731
220323,3;0,08113785
220339,8;0,08113459
220356,4;0,0810453
220373;0,08099981
220389,5;0,08095546
220406,1;0,08092272
220422,8;0,08085935
220439,8;0,08081176
220455,8;0,08076984
220472,4;0,08070853
220489;0,08067599
220505,5;0,08067599
220522,1;0,08059669
220538,8;0,08055448
220555,5;0,08055448
220571,8;0,08042995
220588,4;0,0803953
220604,9;0,08034186
220621,5;0,08034186
220638;0,08028172
220654,6;0,08021799
220671,2;0,08016456
220687,8;0,08013484
220704,3;0,08013484
220721;0,08002628
220737,4;0,0799932
220754;0,079954
220770,7;0,07991564
220787,3;0,07989067
220803,7;0,07986429
220820,3;0,07986429
220836,9;0,07983856
220853,4;0,07974122
220870,2;0,07965104
220886,5;0,07962409
220903,1;0,07956821
220919,7;0,07954107
220936,3;0,07954107
220953,2;0,07946331
220969,4;0,07944013
220986;0,07942594
221002,5;0,07931366
221019,1;0,07928913
221035,6;0,07926595
221052,4;0,07921806
221068,8;0,07918946
221085,3;0,079164
221102,4;0,07911998
221118,5;0,07910063
221135,7;0,07907341
221151,6;0,07906067
221168,2;0,07903665
221184,7;0,07899298
221201,4;0,07895867
221218,4;0,07894338
221234,5;0,07891456
221251;0,07890975
221267,6;0,07886537
221284,2;0,07884465
221300,7;0,07881606
221317,6;0,07879616
221334,5;0,07878913
221350,4;0,0787591
221367;0,07873135
221383,6;0,07870207
221400,2;0,07870207
221416,7;0,07867438
221433,3;0,07867438
221449,9;0,07866089
221466,6;0,07865621
221483,2;0,07861123
221499,5;0,07854501
221516,7;0,07852599
221532,6;0,07850311
221549,4;0,07848108
221565,8;0,0784575
221582,4;0,07843161
221598,9;0,0784183
221615,5;0,07839796
221632,2;0,07837457
221648,6;0,07834576
221665,2;0,07833103
221682,2;0,07830083
221698,3;0,07828369
221714,9;0,07825823
221731,4;0,07824978
221748,6;0,07822583
221765,3;0,07821271
221781,6;0,07820891
221798;0,07816124
221814,3;0,07816124
221830,8;0,07813426
221847,4;0,07810675
221864,2;0,07809827
221880,5;0,07807767
221897,1;0,07804855
221913,8;0,07802406
221930,7;0,07801111
221946,9;0,07798592
221963,4;0,07797448
221980;0,0779486
221996,9;0,07793713
222013,9;0,07791502
222029,6;0,07789522
222046,2;0,07787703
222062,8;0,07786629
222079,3;0,07786629
222095,9;0,07785338
222112,5;0,0778404
222129;0,07779644
222145,6;0,07777146
222162,2;0,07776159
222178,7;0,07775327
222195,3;0,07771621
222212;0,07769584
222228,5;0,07769584
222245,1;0,07769285
222261,6;0,07764692
222278,2;0,07763262
222294,7;0,07762281
222311,3;0,07760105
222327,8;0,07758454
222345,2;0,0775651
222361;0,0775463
222377,5;0,07753646
222394,3;0,07752753
222410,7;0,07752527
222427,3;0,07750133
222443,8;0,07748792
222460,8;0,07747971
222477,4;0,07745961
222493,5;0,07743797
222510,4;0,07742981
222527,6;0,07742981
222543,2;0,07741342
222559,9;0,07739038
222576,4;0,07737774
222593,3;0,07737405
222609,5;0,07735702
222626,5;0,07734141
222643;0,07732809
222659,9;0,07732214
222675,8;0,07729852
222692,4;0,07729704
222708,9;0,07728889
222725,5;0,07728151
222742,1;0,07728151
222758,6;0,07727336
222775,1;0,07724823
222791,8;0,07721509
222808,3;0,07719965
222824,8;0,07718941
222841,6;0,07717179
222858,4;0,07717179
222874,7;0,0771556
222891,1;0,07714681
222907,7;0,0771446
222924,2;0,07711448
222940,8;0,07710864
222957,4;0,07709834
222973,9;0,07708447
222990,5;0,07706531
223007,1;0,0770551
223023,7;0,07703672
223040,4;0,07702859
223056,8;0,07700796
223073,3;0,07699397
223090,4;0,07697029
223106,5;0,0769541
223123,3;0,07692607
223139,9;0,07690091
223156,2;0,07687206
223172,8;0,07687206
223189,3;0,07684553
223205,9;0,07682259
223222,5;0,07679
223239;0,07676847
223255,7;0,07675442
223272,4;0,07672487
223288,7;0,07672487
223305,3;0,07668877
223321,8;0,07664607
223338,4;0,07663275
223355;0,07663275
223371,5;0,07661809
223388,1;0,07660913
223404,7;0,07656804
223421,3;0,076507
223438,1;0,07648861
223454,4;0,07646445
223471;0,07643215
223487,5;0,07643215
223504,7;0,07639916
223520,9;0,07636911
223537,2;0,07636911
223553,8;0,07632307
223570,4;0,07628724
223587;0,07626607
223603,6;0,07625725
223620,3;0,076242
223637,3;0,0761954
223653,2;0,07616861
223669,7;0,07615418
223686,6;0,07615418
223702,9;0,07613393
223719,5;0,07608534
223736;0,07607158
223752,6;0,07604622
223769,2;0,07604622
223785,9;0,07603608
223802,5;0,07597844
223818,9;0,07596613
223835,9;0,07595175
223852;0,07594454
223868,6;0,07590346
223885,2;0,07587617
223902,1;0,07586254
223918,4;0,07584966
223934,8;0,07582313
223951,4;0,0757966
223968;0,07578023
223984,5;0,07577154
224001,1;0,07576872
224018,6;0,07576009
224034,4;0,07574856
224050,8;0,07571775
224067,5;0,07566896
224083,9;0,07564893
224100,6;0,07562326
224117,5;0,07562326
224133,6;0,07559323
224150,7;0,07557539
224167,1;0,07555386
224183,3;0,07553668
224200,1;0,07552017
224216,5;0,07551152
224233;0,07549429
224249,6;0,07549429
224266,1;0,07547491
224282,7;0,07545268
224299,3;0,07544475
224315,8;0,07543252
224332,4;0,0754246
224349;0,07541244
224365,5;0,07541244
224382,2;0,07540382
224399,4;0,07538076
224415,3;0,07536925
224431,9;0,07536353
224448,4;0,07536353
224465;0,07534197
224481,8;0,07532969
224498,1;0,07532399
224514,8;0,07532399
224531,2;0,07529596
224548,6;0,07528809
224564,4;0,07527166
224580,9;0,07525669
224597,5;0,07524954
224614,1;0,07524102
224631;0,07523602
224647,2;0,07523102
224663,7;0,07522046
224682,8;0,07520556
224696,9;0,07516312
224713,4;0,07514331
224730;0,07512704
224746,6;0,07511505
224763,2;0,07510581
224779,7;0,07510296
224796,3;0,07507205
224813;0,07506008
224829,4;0,07504462
224846;0,07503825
224862,8;0,0750186
224879,1;0,07500446
224895,7;0,07498761
224912,3;0,0749672
224929;0,07495674
224945,4;0,07494543
224962;0,0749265
224978,8;0,07492091
224995,1;0,07492091
225011,6;0,07488662
225028,3;0,07487471
225044,8;0,07486068
225061,3;0,07484107
225077,9;0,07483401
225094,8;0,07482427
225111,6;0,07481586
225127,6;0,07479139
225144,2;0,07478365
225160,8;0,0747676
225177,3;0,07475851
225193,9;0,07474378
225210,5;0,07474378
225227;0,07471797
225244;0,07470264
225260,1;0,07469355
225276,7;0,07469355
225293,3;0,07468597
225309,8;0,07467825
225326,6;0,07465945
225343,1;0,07463448
225359,7;0,0746206
225376,1;0,0746199
225392,8;0,07460672
225409,2;0,07459147
225425,8;0,07458034
225442,9;0,07456786
225459,2;0,07456786
225476,2;0,07454576
225492,1;0,07453193
225508,7;0,07452155
225525,2;0,07451878
225548;0,07451259
225558,4;0,07449742
225575,2;0,07447738
225591,5;0,07446913
225608,1;0,07446913
225624,7;0,07444293
225641,2;0,07443811
225657,8;0,07442778
225674,4;0,07441745
225690,9;0,07441745
225707,5;0,07439749
225724,1;0,07438576
225740,6;0,07437614
225757,2;0,07437269
225773,8;0,07435959
225790,3;0,07434861
225807,6;0,07433766
225823,5;0,0743308
225840;0,07431772
225856,6;0,07431151
225873,2;0,07429983
225889,7;0,07429572
225906,4;0,07429158
225923;0,07428746
225939,4;0,07428746
225956;0,0742806
225972,7;0,07426755
225989,1;0,07425515
226005,7;0,07425515
226022,3;0,07424829
226038,8;0,07423592
226055,4;0,07422561
226072,1;0,07421261
226088,5;0,07420715
226105,1;0,07419617
226121,7;0,07419004
226138,2;0,07418247
226154,8;0,0741715
226171,5;0,07415917
226188,2;0,07415161
226204,5;0,07415161
226221;0,07413369
226237,6;0,07411373
226254,2;0,07409722
226270,8;0,07408898
226288;0,07407311
226304;0,07406418
226320,5;0,07406418
226337;0,0740303
226353,6;0,07402889
226370,1;0,07400886
226387,2;0,07399439
226403,3;0,07397712
226421,8;0,07397505
226438,4;0,07396951
226455;0,07393018
226471,5;0,07391843
226488,1;0,07390186
226505,2;0,07389842
226521,2;0,07388455
226537,8;0,07387553
226554,4;0,07387553
226570,9;0,07386937
226587,7;0,07386868
226604,1;0,07386176
226620,6;0,07384592
226637,2;0,07384382
226653,9;0,07384108
226670,3;0,07383905
226686,9;0,07383694
226703,8;0,07383626
226720,3;0,07383487
226736,6;0,07383209
226753,2;0,07383209
226769,9;0,07383072
226786,3;0,07383282
226802,9;0,07382935
226819,4;0,07383005
226836,3;0,0738266
226853,1;0,07382386
226869,5;0,07382112
226886;0,07381974
226902,3;0,07381565
226918,9;0,07381772
226935,8;0,07381568
226952;0,07381635
226968,5;0,07381366
226985,2;0,07381298
227001,9;0,07381154
227018,4;0,07381154
227034,8;0,07380535
227051,4;0,07380603
227068;0,07380331
227084,7;0,07380398
227101,3;0,07380123
227118,1;0,07379986
227134,2;0,07379849
227150,8;0,07379781
227167,3;0,0737951
227183,9;0,07379235
227201,5;0,07379168
227217,4;0,07379168
227233,8;0,07378963
227250,5;0,07378758
227274,6;0,07378207
227284,3;0,07378137
227300,8;0,07377793
227317,5;0,07377449
227334,1;0,07377449
227350,5;0,07377516
227367,5;0,07377244
227383,7;0,07377174
227400,2;0,07377034
227416,8;0,07376827
227433,4;0,0737676
227449,9;0,0737676
227467;0,07376625
227484;0,0737662
227500,1;0,07376418
227516,6;0,07376485
227532,9;0,07376555
227549,3;0,07376418
227565,9;0,07376216
227582,5;0,07376144
227599;0,07376144
227615,6;0,07376144
227632,7;0,07375665
227648,7;0,07375665
227665,6;0,073756
227681,9;0,07375532
227698,7;0,073756
227715;0,07375535
227731,6;0,07375196
227748,1;0,07375196
227764,7;0,07375129
227781,8;0,07375129
227797,9;0,07374784
227814,6;0,07374919
227831;0,07374919
227847,5;0,07374919
227864,2;0,07374919
227881;0,07374787
227897,2;0,07374445
227913,8;0,07374238
227930,4;0,07374173
227947,2;0,07373761
227963,5;0,07373492
227980,1;0,07373288
227996,7;0,07372946
228013,6;0,07372607
228030,1;0,07372539
228046,4;0,07372472
228063;0,07372472
228079,5;0,07372609
228096,3;0,07372609
228112,6;0,07372609
228130;0,07372609
228147,3;0,07372744
228163,1;0,07372946
228179,7;0,07372811
228196,3;0,07372878
228213,3;0,07372811
228229,4;0,07372878
228246;0,07372811
228262,5;0,07372878
228279,6;0,07372943
228295,7;0,07372674
228312,5;0,07372741
228329,5;0,07372808
228346,4;0,07372674
228362,8;0,07372607
228378,5;0,07372607
228395,2;0,07372539
228411,6;0,07372337
228428,2;0,07372337
228445;0,07372337
228461,3;0,07372335
228478,4;0,07372335
228494,5;0,073722
228511,1;0,07372066
228527,6;0,07371389
228544,3;0,07370439
228561,3;0,07369289
228577,3;0,07368608
228593,9;0,0736739
228610,4;0,07366789
228627,4;0,07364973
228643,6;0,07364973
228660,1;0,07361864
228676,7;0,07361525
228693,3;0,07359779
228709,9;0,07357887
228726,5;0,07356685
228743,3;0,07355068
228759,5;0,07353247
228776,1;0,07352229
228792,7;0,07351079
228809,2;0,07349934
228826,1;0,07348315
228842,4;0,07347574
228859,1;0,07346962
228875,5;0,07345556
228892,1;0,07344209
228908,6;0,07342722
228925,7;0,07342452
228941,8;0,07341778
228958,5;0,07339486
228975,2;0,07339486
228995,8;0,07338144
229008,5;0,07336263
229024,6;0,07334593
229041,2;0,07333914
229057,7;0,07333044
229074,3;0,07330821
229091;0,07330018
229107,4;0,07329274
229124,5;0,07328605
229140,6;0,07328468
229157,3;0,07326993
229174,5;0,07323922
229190,3;0,07321844
229206,8;0,07320978
229223,4;0,07319441
229240,5;0,07318101
229256,5;0,07317228
229273,1;0,07316162
229289,8;0,07315162
229306,3;0,07314231
229323;0,07314296
229340,1;0,07310899
229355,9;0,07310098
229373,3;0,07308434
229389,1;0,07308434
229406;0,0730657
229422,2;0,07304709
229438,8;0,07303379
229455,4;0,07301644
229472,3;0,07301644
229488,5;0,07300112
229505;0,07298707
229521,8;0,07297373
229538,2;0,07296502
229554,7;0,07295366
229571,3;0,072949
229588;0,07293505
229604,5;0,07293505
229621;0,07291574
229637,6;0,0729104
229654,1;0,07289708
229671,2;0,07288443
229687,3;0,07287444
229703,8;0,07286576
229720,4;0,07285581
229737,8;0,07284845
229753,5;0,07284845
229770,1;0,07284179
229786,7;0,07283711
229803,6;0,07282185
229820;0,07279452
229836,4;0,07278854
229853;0,07278854
229869,5;0,07278055
229886,1;0,07275724
229902,7;0,07274861
229919,2;0,07273601
229936,4;0,07272076
229952,3;0,07271282
229969,1;0,07269822
229985,6;0,07268504
230002,1;0,07267975
230019,1;0,07267117
230035,4;0,07264148
230051,8;0,07262508
230068,3;0,07260415
230084,9;0,07260415
230101,6;0,0725551
230118,6;0,07254203
230134,6;0,07252505
230151,4;0,07250869
230167,8;0,07247932
230184,3;0,07246236
230201;0,0724473
230217,4;0,07242514
230234;0,07240228
230250,9;0,0723847
230267,3;0,0723847
230283,7;0,07235672
230300,2;0,07231577
230316,8;0,0723014
230333,4;0,07227337
230349,9;0,0722578
230366,5;0,0722305
230383,3;0,07221746
230399,6;0,07220318
230416,2;0,07220318
230432,8;0,07218891
230449,3;0,07215845
230465,9;0,0721065
230482,5;0,07207346
230499,3;0,07204815
230515,6;0,07203455
230532,2;0,07201578
230548,8;0,07200671
230565,3;0,07198673
230582;0,07195836
230598,4;0,07193656
230615,1;0,071925
230631,6;0,071925
230648,1;0,07189436
230664,7;0,07187322
230681,3;0,07185148
230698,4;0,07184186
230721,2;0,07182587
230731,3;0,07182141
230747,9;0,07181188
230764,5;0,07177801
230781;0,07176077
230797,8;0,07174927
230814,7;0,07174927
230831,5;0,0717115
230847,3;0,07169224
230864;0,07167751
230881,2;0,07167176
230897,1;0,07165193
230913,7;0,07163205
230930,1;0,07161215
230947,2;0,07159732
230963,2;0,07159732
230979,8;0,07159027
230996,4;0,0715664
231013;0,07155929
231029,9;0,07155481
231046,1;0,07154838
231062,7;0,07154838
231079,2;0,07154321
231095,8;0,07151795
231112,3;0,07150438
231129,3;0,07149597
231145,5;0,07149015
231162,4;0,07148757
231178,6;0,07147788
231195,9;0,07146816
231211,8;0,07146426
231228,3;0,07146039
231244,9;0,07145972
231261,4;0,07144418
231278;0,07143446
231294,7;0,07142864
231311,5;0,07142286
231328;0,07142154
231344,3;0,07140101
231360,8;0,07138886
231377,4;0,07138821
231394;0,07137415
231410,8;0,07136012
231427,1;0,07134543
231443,7;0,07134543
231460,2;0,07133777
231477;0,07131351
231493,5;0,0712988
231510;0,07128665
231526,5;0,07128665
231543,1;0,07125271
231559,6;0,07125271
231576,2;0,07123211
231594,2;0,07122251
231610,8;0,07120964
231627,3;0,07120384
231643,9;0,07119224
231660,5;0,07118772
231677;0,07118772
231693,6;0,07118192
231710,3;0,07117997
231726,8;0,07116383
231743,3;0,07113479
231759,9;0,07113349
231776,4;0,07111999
231793;0,07110716
231809,7;0,07109689
231826,1;0,07108283
231843,3;0,07107517
231859,3;0,0710739
231876,3;0,07104576
231893,1;0,07102855
231909,5;0,07101198
231925,5;0,07101198
231942,3;0,07100057
231958,7;0,07097648
231975,2;0,07095876
231991,8;0,07094237
232008,4;0,07093292
232025;0,07092234
232041,5;0,07091539
232058,1;0,07090608
232074,6;0,0708831
232091,8;0,0708719
232107,8;0,07086384
232124,3;0,07086384
232140,9;0,07084893
232157,7;0,0708328
232174,1;0,07082536
232190,6;0,07082536
232207,2;0,07080308
232223,7;0,07079071
232240,3;0,0707777
232256,9;0,0707709
232273,5;0,07076288
232290,4;0,07075422
232306,8;0,07075422
232323,3;0,07074925
232339,7;0,0707443
232356,4;0,07074367
232372,9;0,07072872
232389,7;0,0707237
232406;0,07072308
232422,5;0,07072308
232439,5;0,07072185
232459,4;0,07071746
232475,9;0,07071496
232492,5;0,07071371
232509,1;0,07071245
232525,7;0,07071307
232542,4;0,07071245
232558,8;0,07071245
232575,3;0,07070746
232592,1;0,07070623
232608,5;0,07070437
232625,1;0,07070437
232641,6;0,07070435
232658,5;0,07070495
232674,8;0,0707031
232691,3;0,07070063
232707,9;0,0706994
232724,4;0,07069691
232741,4;0,07069568
232758,1;0,07069445
232774,3;0,0706889
232791,2;0,0706889
232807,7;0,0706889
232824,2;0,07068583
232840,4;0,07068214
232857;0,07068091
232873,5;0,07067533
232890,1;0,07067533
232906,7;0,07066541
232923,3;0,07066168
232939,8;0,07065424
232956,4;0,07065424
232973,3;0,07064927
232989,6;0,0706443
233006,1;0,07063182
233022,7;0,07061877
233039,2;0,07060749
233056,6;0,07060183
233072,3;0,07058746
233089;0,07057682
233105,5;0,0705594
233122,4;0,07054327
233138,6;0,07052772
233155,4;0,07052772
233171,8;0,07050541
233188,4;0,07048118
233204,9;0,07046565
233221,5;0,07045573
233238;0,07045573
233254,6;0,07041235
233271,2;0,07039256
233287,7;0,07036665
233304,3;0,07035434
233320,8;0,07035311
233342,5;0,07033275
233354;0,07030816
233370,9;0,07028187
233387,1;0,07026354
233403,7;0,07026111
233420,9;0,07024027
233436,8;0,07023478
233453,4;0,07022374
233470,1;0,07020296
233486,5;0,07020296
233503,3;0,0701895
233519,7;0,07015834
233536,4;0,07014974
233552,8;0,07013753
233569,5;0,07013328
233585,9;0,07012779
233603,1;0,07011616
233619;0,07011616
233635,8;0,07009231
233652,2;0,07003542
233668,8;0,06999137
233685,3;0,06997117
233701,9;0,06995831
233718,4;0,06995831
233735;0,06990453
233751,8;0,06987649
233768,1;0,06986188
233784,9;0,06983573
233801,3;0,06982177
233817,8;0,06980478
233835,3;0,0697957
233851;0,06977212
233868;0,06974618
233884,1;0,06972262
233900,7;0,06970394
233917,2;0,06969791
233933,8;0,06967748
233950,4;0,06965456
233967;0,06963357
233983,5;0,06962456
234000,1;0,06960355
234016,7;0,06959328
234033,2;0,06957898
234049,8;0,06956761
234066,3;0,06955693
234082,9;0,06954437
234099,5;0,0695306
234116,1;0,06951448
234132,6;0,0695067
234149,8;0,06949178
234165,7;0,06948344
234182,6;0,06947747
234198,9;0,06947747
234215,9;0,06945604
234232;0,0694465
234248,8;0,06943996
234265,1;0,06943996
234281,8;0,06942265
234298,3;0,06939223
234315,2;0,0693761
234331,6;0,06935571
234348,3;0,06935571
234365,3;0,06932869
234381,4;0,06931183
234397,7;0,06928902
234414,3;0,06926496
234431,4;0,06925233
234447,4;0,06923673
234464,3;0,06921504
234480,5;0,06919158
234497,3;0,06919158
234514,2;0,06917533
234530,2;0,06914102
234547,2;0,06914102
234563,3;0,06909171
234579,9;0,06907727
234596,6;0,06906583
234613,1;0,06904955
234629,6;0,06901883
234646,2;0,06900565
234663;0,06898156
234679,3;0,06897017
234696,3;0,06894916
234712,5;0,06892868
234729;0,06892868
234745,6;0,06891787
234762,5;0,06888188
234779,6;0,06886385
234795,3;0,06885182
234811,8;0,06885182
234828,4;0,06883085
234845;0,06879965
234861,5;0,06878943
234878,1;0,06878943
234894,7;0,06877989
234911,5;0,0687691
234927,8;0,06874521
234944,4;0,06870922
234960,9;0,06869058
234977,5;0,06868098
234994,1;0,06865757
235011;0,06864194
235027,3;0,06862453
235043,8;0,06860834
235064,1;0,06859093
235076,9;0,06858378
235093,5;0,06856706
235110;0,06855396
235126,6;0,06854626
235143,2;0,06854029
235159,8;0,06853971
235176,4;0,0685124
235193;0,06849993
235209,4;0,06849165
235226;0,06848514
235242,6;0,06848338
235259,4;0,06846394
235275,7;0,0684545
235292,3;0,06844978
235308,8;0,06844392
235325,5;0,06843565
235342;0,06843035
235358,5;0,06842445
235375,1;0,06842268
235391,7;0,06842268
235408,3;0,06841203
235425,3;0,06840906
235441,4;0,06840372
235458,2;0,06840076
235474,5;0,06839306
235491,1;0,06838774
235507,6;0,06838597
235524,2;0,06838419
235540,8;0,06838419
235557,5;0,06837949
235573,9;0,0683648
235590,5;0,06835774
235607;0,06835774
235623,7;0,06835541
235640,2;0,06834838
235656,8;0,06834543
235673,7;0,0683431
235689,9;0,0683431
235706,4;0,06833255
235723;0,0683308
235740,2;0,06832846
235756,2;0,06832729
235772,7;0,06832788
235789,5;0,06832437
235805,9;0,06832437
235822,4;0,06832378
235839,1;0,06832437
235855,6;0,06832671
235872,2;0,06832846
235888,8;0,06832846
235905,3;0,06833255
235922;0,06834197
235941,1;0,06834785
235957,7;0,06834902
235974,8;0,06835257
235990,8;0,0683561
236007,6;0,06836201
236024;0,0683821
236040,5;0,06838804
236058;0,06839813
236073,6;0,06840403
236090,5;0,0684135
236106,8;0,0684135
236123,4;0,06842004
236139,9;0,06843247
236156,5;0,06843247
236173;0,06843781
236189,6;0,06843959
236206,2;0,06845207
236223;0,06847217
236239,8;0,06847928
236256,1;0,06848875
236272,9;0,06849823
236289,5;0,06850355
236305,7;0,06850355
236322,6;0,06851597
236339,2;0,06852778
236355,3;0,06853427
236372,1;0,0685413
236388,4;0,06855135
236405,3;0,06855487
236421,5;0,06855487
236438,3;0,06856906
236454,7;0,06857735
236471,3;0,06858853
236487,8;0,06859089
236504,9;0,06860208
236521,2;0,06860208
236537,5;0,06860855
236554,3;0,06861677
236570,6;0,06862322
236587,5;0,0686279
236604;0,06862848
236620,3;0,0686314
236637,4;0,06863727
236653,5;0,06863727
236670;0,06864312
236687,3;0,06864896
236703,2;0,06865013
236719,7;0,0686513
236736,3;0,06865247
236753,6;0,06865714
236769,4;0,06865831
236786;0,0686589
236802,8;0,0686589
236819,1;0,06865948
236841,6;0,06866065
236852,3;0,06866416
236869,2;0,06866533
236885,4;0,06866533
236902;0,06866708
236918,6;0,06866708
236935,1;0,06866825
236951,8;0,06866883
236968,3;0,06867
236985,2;0,06867
237001,7;0,06867
237018;0,06867234
237034,8;0,06867292
237051,1;0,06867292
237067,6;0,06867468
237085;0,06867468
237100,8;0,0686776
237117,3;0,06867699
237134,2;0,06868052
237151,1;0,06868169
237167;0,06868228
237183,6;0,06868344
237200,2;0,06868461
237216,8;0,06868637
237233,6;0,06869104
237249,9;0,0686928
237266,5;0,06869572
237283;0,06869572
237299,6;0,06870095
237316,1;0,06870215
237332,7;0,06870332
237349,3;0,06870215
237365,8;0,06870039
237382,4;0,06870098
237399,3;0,06869981
237415,5;0,06869922
237432,1;0,06869922
237448,8;0,06869922
237465,2;0,06870039
237481,8;0,06869689
237498,4;0,0686963
237514,9;0,06869513
237531,5;0,06869513
237548,9;0,06869689
237564,9;0,06869922
237582;0,06869922
237597,8;0,06870098
237614,3;0,06870039
237631;0,06870156
237647,5;0,06870332
237664,2;0,06870507
237680,6;0,06870448
237704;0,06870507
237713,8;0,06870974
237730,7;0,06870974
237746,9;0,06871033
237763,4;0,0687115
237780,1;0,0687115
237796,8;0,0687115
237813,3;0,0687115
237829,8;0,06871208
237846,3;0,06871325
237863,4;0,0687115
237879,4;0,0687115
237896;0,06870799
237912,5;0,06870385
237929,6;0,06869856
237945,7;0,06869561
237962,3;0,06869561
237978,8;0,06868029
237995,8;0,06867435
238012;0,06866727
238028,5;0,06866727
238045,7;0,06865838
238061,6;0,06864772
238078,3;0,06864772
238094,8;0,06864239
238111,8;0,06863883
238128,5;0,06862345
238144,5;0,06861218
238161;0,06859734
238177,6;0,06859142
238194,2;0,06858371
238210,7;0,06857541
238227,3;0,06857128
238243,9;0,06856295
238260,5;0,06856118
238277,7;0,06855112
238293,6;0,06854106
238310,6;0,068531
238326,7;0,0685251
238344,1;0,06851802
238359,8;0,06851387
238377;0,06850742
238393,4;0,06850742
238410,5;0,06849439
238426,1;0,06849144
238442,7;0,06848431
238459,3;0,06847662
238475,8;0,0684719
238492,9;0,06846481
238509;0,06846184
238525,8;0,06846184
238542,1;0,06845124
238558,7;0,06845007
238575,2;0,06844479
238591,8;0,06844245
238608,4;0,06843953
238624,9;0,06843778
238642,1;0,068436
238658,6;0,06843366
238674,6;0,06842899
238691,5;0,06842723
238707,8;0,06842607
238724,3;0,06842373
238741,3;0,06842373
238758,1;0,06842139
238774;0,06841788
238790,6;0,06841788
238807,1;0,06841554
238824,1;0,06841554
238840,3;0,06841496
238856,8;0,06841496
238873,4;0,06841262
238890,3;0,06841262
238906,7;0,06841145
238923,3;0,06841145
238939,7;0,06841028
238956,2;0,0684097
238972,9;0,06840678
238989,4;0,06840736
239006;0,06840736
239022,6;0,06840678
239039,4;0,06840678
239055,8;0,06840678
239072,2;0,06840444
239088,8;0,06840444
239105,8;0,06840444
239122,2;0,06840152
239138,6;0,06839976
239156;0,06839801
239171,7;0,06839801
239188,2;0,06839801
239204,8;0,06839684
239221,3;0,06839626
239237,9;0,0683945
239254,7;0,06839217
239271,7;0,06839158
239287,6;0,06838866
239304,7;0,06838807
239320,7;0,0683869
239337,3;0,06838749
239353,8;0,06838632
239370,6;0,06838515
239387;0,06838515
239403,5;0,06838457
239420,1;0,06837931
239436,7;0,06837405
239453,3;0,06837229
239470,3;0,06836996
239486,4;0,06836879
239502,9;0,06836879
239520;0,06836411
239536,2;0,06836353
239552,6;0,06836177
239569,2;0,06835944
239585,8;0,06835651
239602,3;0,06835534
239619,3;0,06835476
239635,5;0,06835242
239652,3;0,06835184
239668,6;0,06835067
239685,2;0,06835067
239701,8;0,06834541
239718,3;0,06834541
239735;0,0683419
239751,5;0,06834015
239768;0,06833898
239784,6;0,06833781
239802;0,06833664
239817,7;0,06833664
239834,3;0,06833372
239850,8;0,06833314
239867,6;0,06833255
239884;0,0683308
239900,7;0,06833138
239917,1;0,0683308
239933,7;0,0683308
239950,4;0,06833314
239966,8;0,06833781
239983,5;0,06833956
240000,3;0,06834132
240016,6;0,06834132
240033,1;0,06834249
240049,6;0,06834838
240066,4;0,06835841
240082,8;0,06836487
240099,6;0,06836782
240115,9;0,06837726
240132,7;0,06838316
240149,2;0,06838436
240165,9;0,06839204
240182,2;0,06840034
240198,8;0,06840804
240215,3;0,06841338
240232,2;0,06841338
240248,4;0,06842169
240265;0,06842991
240281,9;0,06843699
240298,1;0,06844053
240314,7;0,06844053
240331,5;0,06845059
240347,8;0,06845825
240364,4;0,06846533
240381;0,06847182
240397,5;0,06847887
240414,2;0,06848123
240430,7;0,06848357
240447,3;0,06848357
240464,1;0,06848945
240481,2;0,06849121
240497;0,06849121
240513,5;0,06849179
240530,2;0,06849121
240547,1;0,0684906
240563,2;0,06849121
240580,1;0,06849179
240596,3;0,06849179
240612,9;0,06849121
240629,5;0,06849121
240646,3;0,06849121
240662,6;0,06849121
240679,2;0,06849004
240695,7;0,06849179
240712,4;0,06849238
240728,9;0,06849296
240745,5;0,06849355
240762,5;0,06849355
240778,6;0,06849355
240795,9;0,06849413
240812,2;0,06849413
240828,3;0,06849471
240845;0,06849588
240861,8;0,06849647
240878;0,06849705
240894,5;0,06849705
240911,2;0,06849647
240928,3;0,06849939
240944,3;0,06849997
240961;0,06849939
240977,4;0,06849939
240994;0,06849822
241010,5;0,06849764
241027,4;0,06849881
241043,6;0,06849881
241060,2;0,06849881
241076,8;0,06849822
241093,3;0,06849822
241110;0,06849881
241126,6;0,06849881
241143;0,06849939
241159,9;0,06849881
241176,3;0,06849764
241192,8;0,06849764
241209,3;0,06849764
241226;0,06849764
241242,6;0,06849764
241259,1;0,06849764
241275,6;0,06849822
241292,1;0,06849764
241308,8;0,06849705
241325,3;0,06849822
241341,8;0,06850056
241358,4;0,06850348
241375;0,06850465
241391,6;0,06850465
241409,2;0,06850524
241425;0,06850582
241441,5;0,0685064
241457,8;0,0685064
241474,4;0,06850699
241491,1;0,06850816
241508,3;0,06850933
241524,1;0,06850933
241541,2;0,0685105
241557,2;0,06851108
241573,8;0,06851108
241590,4;0,06851225
241606,9;0,06851283
241623,5;0,06851342
241640;0,068514
241656,6;0,06851225
241673,2;0,06851283
241689,8;0,06851225
241706,5;0,06851225
241723,7;0,06851166
241739,6;0,06851283
241756;0,06851342
241772,6;0,068514
241789,2;0,06851517
241805,9;0,06851576
241822,3;0,06851459
241838,9;0,06851517
241855,4;0,06851517
241872;0,06851692
241888,5;0,06851692
241905,5;0,06851809
241921,8;0,06851809
241938,3;0,06851809
241954,8;0,06851809
241971,4;0,06851459
241988,3;0,06851166
242004,7;0,06851166
242021,3;0,06850874
242038;0,06850578
242054,2;0,06850578
242070,8;0,06850162
242090,7;0,06850225
242107,4;0,06849987
242123,9;0,06849987
242140,4;0,06850348
242157;0,06850526
242174;0,06850524
242190,2;0,06850643
242206,7;0,06850643
242223,7;0,0685082
242239,8;0,06850938
242256,4;0,06851479
242273;0,06851777
242289,5;0,06851959
242306,5;0,06852199
242322,7;0,06852378
242339,2;0,06852318
242355,8;0,0685286
242372,8;0,06853161
242389,3;0,06853279
242405,5;0,06853279
242422,9;0,06854239
242438,9;0,06855018
242455,2;0,06855495
242471,8;0,0685609
242488,6;0,0685609
242504,9;0,06857283
242521,5;0,0685859
242538;0,06859362
242554,9;0,06859362
242571,4;0,06859954
242587,7;0,06860193
242604,3;0,06862214
242620,9;0,06863876
242637,4;0,0686441
242654;0,06865295
242670,7;0,06865825
242687,4;0,06866059
242704,3;0,06866234
242720,3;0,06866293
242736,8;0,06866293
242753,7;0,06866585
242770;0,0686676
242786,5;0,0686676
242803,1;0,06866877
242819,7;0,06866877
242836,4;0,06866994
242852,8;0,06866936
242869,4;0,06866936
242886,1;0,06866936
242902,5;0,06867403
242919,1;0,06867637
242935,6;0,06867871
242955,3;0,06868517
242972,6;0,06868517
242988,9;0,06869989
243005,3;0,06870815
243021,6;0,06871343
243038,1;0,06871518
243054,7;0,06872406
243071,7;0,06873529
243088,3;0,06873529
243104,4;0,06874947
243121,6;0,06875774
243137,5;0,06876306
243154,1;0,06877433
243170,7;0,06877433
243187,5;0,06877963
243203,8;0,06878497
243220,4;0,06878497
243236,9;0,06878971
243253,6;0,06880864
243270,1;0,06882755
243286,6;0,06883644
243303,2;0,0688453
243319,8;0,06885244
243336,3;0,06886194
243353;0,06887381
243369,5;0,06888034
243386,2;0,06888687
243402,8;0,06889931
243419,4;0,06889931
243436,2;0,06892243
243452,3;0,06892775
243468,9;0,06893548
243485,4;0,06894674
243502,2;0,06896041
243518,6;0,06896636
243535,1;0,06897999
243551,7;0,06898652
243568,3;0,06899424
243584,8;0,06900611
243601,4;0,06901857
243618;0,06902389
243634,5;0,06903572
243651,4;0,06904576
243667,8;0,06905161
243684,2;0,06905459
243700,8;0,06906162
243717,4;0,06906688
243733,9;0,06906922
243750,5;0,06907273
243767,1;0,06907273
243783,6;0,06907623
243800,8;0,06908922
243817,2;0,06909277
243833,3;0,06909454
243849,9;0,06909984
243866,8;0,06910457
243883;0,06910871
243899,6;0,06913187
243916,2;0,06914856
243932,7;0,06915453
243949,5;0,06916167
243966,1;0,0691706
243982,7;0,06917657
243999;0,06917657
244015,6;0,06919681
244032,2;0,06920157
244048,7;0,06920933
244065,3;0,06921112
244081,8;0,06921709
244098,4;0,06922126
244115;0,06922606
244131,7;0,06922785
244148,1;0,06922785
244165;0,06923147
244181,3;0,06923267
244198,6;0,06923389
244214,4;0,06923328
244231,2;0,06923267
244247,5;0,06923267
244264,1;0,06923086
244280,9;0,06922967
244297,2;0,06922967
244313,8;0,06922427
244330,4;0,06922126
244346,9;0,0692201
244363,5;0,0692153
244380;0,06920991
244396,8;0,06920334
244413,2;0,06919917
244429,8;0,06919437
244446,3;0,06919138
244462,9;0,0691878
244479,7;0,0691878
244496;0,06918301
244512,6;0,06918124
244529,3;0,0691705
244545,7;0,06915084
244562,3;0,06913826
244579,4;0,06913826
244595,4;0,06912868
244612;0,06912451
244628,7;0,06912267
244645,8;0,06912207
244661,7;0,06912267
244678,4;0,06913166
244694,8;0,06913646
244711,4;0,06915324
244728,3;0,06915324
244744,5;0,06916288
244761,1;0,06919356
244777,6;0,06920497
244794,5;0,06921519
244810,8;0,06921519
244827,3;0,06925856
244843,9;0,0692779
244860,8;0,06929055
244877;0,06930078
244893,6;0,06930261
244910,2;0,06933339
244926,8;0,06934915
244943,6;0,06936194
244959,9;0,06937285
244976,5;0,06938929
244993,2;0,06939536
245009,6;0,06939536
245026,3;0,0694149
245042,8;0,06943318
245059,3;0,06943804
245075,8;0,06944227
245092,4;0,06944349
245109;0,0694459
245125,5;0,0694483
245142,1;0,0694483
245158,7;0,0694531
245175,8;0,06945615
245191,8;0,06945852
245208,4;0,06946094
245224,9;0,06946216
245241,8;0,06946336
245258,1;0,06946639
245274,6;0,06946699
245291,2;0,06946699
245308,4;0,06947062
245324,5;0,06947184
245341;0,06947304
245358;0,06947365
245374,1;0,06947302
245390,7;0,06947667
245407,3;0,06947607
245423,8;0,06947789
245440,3;0,06947789
245457,1;0,06948031
245473,5;0,06948151
245490;0,06948333
245506,6;0,06948577
245523,5;0,06949374
245539,7;0,06949925
245556,3;0,06950841
245577;0,06951638
245593,8;0,0695268
245610,1;0,0695268
245627;0,06953352
245643,7;0,06955309
245660,5;0,06956403
245676,4;0,06957187
245692,9;0,06957187
245709,5;0,06959614
245726,1;0,06961676
245742,6;0,06962585
245759,6;0,06963672
245776,1;0,06963672
245792,6;0,06964583
245808,9;0,06967193
245825,5;0,06969084
245842,6;0,06970611
245858,6;0,06971834
245875,2;0,06972443
245891,7;0,06972995
245908,3;0,06973852
245924,9;0,06973852
245941,5;0,06975075
245958;0,06975319
245975;0,06975866
245991,2;0,0697611
246007,7;0,0697617
246024,3;0,06976534
246040,8;0,06976594
246057,7;0,06976531
246074;0,06977259
246090,7;0,06977439
246107,1;0,06977927
246123,8;0,06978109
246140,3;0,06978964
246156,8;0,06979329
246173,4;0,06979329
246190;0,06980734
246206,7;0,06981771
246223,1;0,06982138
246239,7;0,06982501
246256,2;0,06983168
246272,9;0,06984013
246289,3;0,06984677
246305,9;0,06985221
246322,5;0,0698534
246339,3;0,06985703
246355,6;0,06987517
246372,5;0,06988117
246388,7;0,0698866
246405,3;0,06989142
246422,5;0,06989381
246438,5;0,06989984
246455;0,0699234
246475,5;0,06994339
246492,1;0,06997897
246508,7;0,06998993
246525,6;0,06998993
246542,4;0,07002622
246558,3;0,07004024
246575,2;0,07005969
246591,6;0,07006937
246608,4;0,07006937
246625,3;0,07009921
246641,2;0,07010043
246658,1;0,07011082
246674,3;0,07012123
246690,9;0,0701286
246707,9;0,07013474
246724;0,0701378
246740,7;0,07013904
246757,2;0,07014893
246773,7;0,07015076
246790,3;0,07015325
246806,8;0,07015325
246823,6;0,07015388
246840;0,07015446
246856,8;0,07015448
246873,1;0,07015508
246889,7;0,07015571
246906,6;0,0701582
246922,8;0,0701582
246939,4;0,0701582
246955,9;0,07015945
246972,6;0,07015573
246989,1;0,07015327
247005,6;0,07015327
247022,2;0,07015265
247038,8;0,07015204
247055,3;0,07014895
247071,9;0,07014835
247088,5;0,07013968
247105,4;0,07014154
247121,7;0,07014336
247138,2;0,07014214
247155,2;0,07014396
247171,3;0,07014638
247188;0,07014699
247204,4;0,07014819
247221;0,0701488
247237,5;0,07014941
247254,3;0,07014941
247270,7;0,07014941
247287,3;0,0701488
247306,9;0,07014819
247320,8;0,07014759
247337;0,07014759
247353,5;0,07014337
247370,1;0,07014219
247386,7;0,07013977
247403,2;0,07013793
247419,8;0,07013795
247436,4;0,07013914
247452,9;0,07013734
247469,5;0,07013614
247486,4;0,0701319
247503,1;0,07012762
247519,4;0,07012395
247535,9;0,07012395
247552,3;0,07011293
247568,9;0,0701001
247585,5;0,07009457
247602;0,07008908
247619;0,07008357
247635,4;0,07006581
247651,7;0,07005667
247668,3;0,07005667
247684,9;0,07005179
247701,4;0,07005057
247718;0,07004569
247734,6;0,07001878
247751,1;0,07000715
247767,7;0,0699992
247784,3;0,06998999
247800,8;0,06998449
247817,4;0,06998449
247834;0,06996428
247850,5;0,06995756
247867,1;0,06994715
247884,4;0,06994224
247900,2;0,06993186
247916,8;0,06992699
247933,3;0,0699172
247949,9;0,0699093
247966,5;0,0699093
247983;0,0699032
247999,6;0,06990018
248016,9;0,06989776
248033,3;0,06989534
248049,5;0,06989352
248065,9;0,06989232
248082,5;0,06988627
248099,6;0,0698784
248115,6;0,06987598
248132,2;0,06986803
248148,7;0,06986256
248165,3;0,06985828
248181,9;0,06985282
248198,4;0,06984059
248215;0,06983573
248231,5;0,06982964
248248,1;0,06982964
248264,7;0,06982177
248281,3;0,06981451
248297,8;0,06981209
248314,4;0,06981209
248331;0,06981028
248347,5;0,06980906
248364,3;0,06979813
248380,9;0,06979024
248397,3;0,0697872
248413,8;0,06978051
248430,8;0,06977499
248447,3;0,06977499
248463,5;0,06975667
248480,1;0,0697524
248497;0,06973954
248513,4;0,06973954
248529,8;0,06972852
248547,3;0,06971624
248563;0,06970458
248579,5;0,06969907
248596,2;0,06969907
248612,6;0,06967766
248629,2;0,06966969
248645,7;0,06966238
248662,6;0,06965321
248679,4;0,06965321
248696,3;0,06963665
248712;0,06963054
248728,6;0,06962685
248745,4;0,06960478
248761,7;0,06959191
248778,5;0,06958579
248794,8;0,06957965
248811,5;0,06957477
248828;0,06955703
248844,5;0,06954424
248861,4;0,06953687
248877,7;0,06953137
248894,2;0,06951974
248910,8;0,06950749
248927,4;0,06950749
248943,9;0,06950198
248960,5;0,06950198
248977,9;0,0694965
248993,6;0,06948975
249010,2;0,06948183
249026,8;0,06946415
249046,8;0,06945626
249063,4;0,06945142
249079,9;0,06944959
249096,5;0,06944777
249113,2;0,06944717
249129,7;0,06944233
249146,2;0,06944233
249162,8;0,06944171
249179,3;0,0694387
249195,9;0,06943749
249212,5;0,06943567
249229,3;0,06943326
249245,6;0,06943265
249262,6;0,06943204
249278,7;0,06943204
249295,3;0,06942902
249311,8;0,06942841
249328,4;0,06942902
249345;0,06943021
249361,5;0,06943201
249378,1;0,06943201
249394,7;0,06943261
249411,2;0,06943261
249427,8;0,06943261
249444,4;0,06943261
249461,8;0,06943261
249477,5;0,06943261
249494,1;0,06943201
249510,7;0,06943201
249527,2;0,0694314
249543,8;0,06943201
249560,4;0,06943261
249577,1;0,06943321
249593,5;0,06943321
249610;0,06943382
249626,6;0,06943382
249643,2;0,06943321
249660,1;0,06943261
249676,5;0,06943321
249693,2;0,06943382
249709,4;0,06943382
249726;0,06943321
249743;0,06943321
249759,1;0,06943321
249776,3;0,06943321
249792,3;0,06943261
249809;0,0694314
249825,4;0,06943079
249842;0,06943019
249858,5;0,06943079
249875,7;0,06943019
249892,7;0,06942898
249908,4;0,06942898
249925;0,06942958
249941,6;0,06942958
249958,1;0,06942958
249974,7;0,06943019
249991,3;0,06943019
250007,9;0,06943019
250024,5;0,06942958
250041;0,06942838
250057,5;0,06942838
250074,6;0,06942898
250090,7;0,06942898
250107,8;0,0694338
250123,8;0,06943319
250140,6;0,0694344
250156,9;0,06943501
250174;0,06943561
250190,1;0,06943561
250206,8;0,06943683
250223,4;0,06943743
250239,9;0,06943743
250256,3;0,06943743
250272,9;0,06943803
250289,5;0,06943983
250306,2;0,06944225
250322,8;0,06944346
250339,3;0,06944346
250356,8;0,06944225
250372,3;0,06944164
250388,9;0,06944104
250405,4;0,06944104
250422,3;0,06944285
250438,6;0,06944285
250455,1;0,06944346
250471,7;0,06944346
250488,3;0,06944406
250504,9;0,06944346
250521,5;0,06944346
250538;0,06944346
250554,5;0,06944466
250571,1;0,06944466
250587,9;0,06944527
250604,2;0,0694483
250621,3;0,06945193
250637,4;0,06945435
250653,9;0,06945435
250670,5;0,06946344
250687,1;0,06946649
250704;0,06947442
250720,3;0,06947442
250737,5;0,06948356
250753,3;0,06949276
250770,4;0,06950009
250786,5;0,06951046
250803;0,0695172
250819,6;0,06952454
250836,3;0,0695331
250852,7;0,0695331
250869,7;0,06953984
250885,9;0,06954531
250902,4;0,06954531
250919,5;0,06955205
250935,6;0,06957223
250953;0,0695961
250968,9;0,06960835
250985,3;0,06961512
251001,8;0,06962305
251018,4;0,06963222
251035,4;0,06964508
251051,5;0,06964508
251068,1;0,0696647
251084,7;0,06967205
251101,2;0,06968309
251118,1;0,06968799
251134,4;0,0697021
251151,4;0,06971437
251167,5;0,06972478
251184,5;0,0697346
251200,6;0,06974134
251217,3;0,06974994
251233,9;0,06975361
251250,9;0,06977567
251266,9;0,06978243
251283,5;0,06979714
251300;0,06980821
251317,1;0,0698205
251334;0,0698334
251349,7;0,06984753
251366,5;0,06984936
251383,5;0,06986721
251399,4;0,06987827
251416;0,06988631
251432,6;0,0699023
251449,1;0,0699023
251465,7;0,06992137
251482,3;0,06993864
251499,1;0,06994852
251515,4;0,06994852
251532,2;0,06995714
251548,6;0,06996083
251565,1;0,06997993
251581,7;0,07001702
251598,3;0,07002751
251618;0,07004799
251634,6;0,07006908
251651,1;0,07008158
251667,7;0,07010777
251684,3;0,07013461
251701,2;0,07013461
251718;0,07015888
251734,5;0,07018819
251750,5;0,0702106
251767,1;0,07022432
251783,7;0,07022432
251801,1;0,07027483
251816,8;0,07028728
251833,4;0,07030716
251849,9;0,07032337
251866,5;0,07034643
251883,1;0,07035823
251899,6;0,07038375
251916,2;0,07039803
251932,8;0,07041734
251949,4;0,07044405
251966,1;0,07044405
251982,5;0,07045965
251999,4;0,070492
252015,6;0,070492
252032,2;0,07052872
252049,5;0,07055297
252065,5;0,0705698
252081,8;0,07057723
252098,7;0,0705891
252115;0,0706264
252131,6;0,07063891
252148,1;0,07065011
252164,7;0,07066388
252181,3;0,07066388
252198,1;0,07067572
252214,4;0,07073185
252231,3;0,07076491
252247,5;0,07079048
252264,3;0,07080356
252280,9;0,07080356
252297,2;0,07083915
252313,8;0,07086165
252330,5;0,07086289
252346,9;0,07087594
252363,5;0,07091588
252380;0,07094145
252397,3;0,07095455
252413,2;0,07095455
252429,8;0,070992
252446,3;0,07101696
252466,5;0,07104318
252483,1;0,07104318
252500,2;0,07107627
252516,2;0,071105
252532,8;0,07113443
252549,6;0,07113567
252565,9;0,07116065
252582,7;0,07117319
252599,3;0,07118514
252615,7;0,07122342
252632,1;0,07123603
252648,9;0,07125933
252665,5;0,07128194
252681,8;0,07129078
252698,4;0,07130142
252715;0,07130142
252731,5;0,07133472
252748,1;0,07134163
252764,7;0,07135164
252781,3;0,07135724
252797,8;0,07135724
252814,4;0,07136227
252831;0,07136225
252847,5;0,0713798
252864,1;0,07139168
252881,1;0,07139542
252897,2;0,07140545
252913,8;0,0714142
252930,7;0,07142364
252946,9;0,0714274
252963,5;0,07143116
252980;0,07143306
252996,6;0,07144499
253013,2;0,07145315
253029,8;0,07145692
253046,3;0,07145692
253062,9;0,07147328
253079,4;0,07148082
253096;0,07148775
253112,6;0,07149217
253129,6;0,07149342
253145,7;0,07150409
253162,3;0,0715066
253178,8;0,07151351
253195,5;0,07151602
253212,5;0,0715198
253228,5;0,07152356
253245,1;0,07152481
253261,8;0,07152858
253278,3;0,07153296
253295,6;0,07153358
253312,9;0,07153609
253327,9;0,0715386
253345,1;0,07154176
253361,1;0,07154426
253377,6;0,07154611
253394,2;0,0715499
253410,8;0,07155178
253427,3;0,07155178
253444,2;0,07155366
253460,5;0,07155366
253477,3;0,07155491
253493,9;0,07155617
253510,2;0,07155554
253526,8;0,07155427
253544,2;0,07155491
253559,9;0,07155366
253576,5;0,07155366
253593;0,07155491
253609,6;0,07155298
253626,2;0,07155363
253642,7;0,07155429
253659,3;0,07155623
253676,2;0,07155558
253693,2;0,07155494
253709,1;0,07155623
253725,6;0,07155623
253742,1;0,07156078
253758,7;0,07156273
253775,3;0,071564
253792,3;0,07156403
253808,4;0,07156727
253825;0,0715718
253841,9;0,07157632
253858,1;0,07157826
253874,7;0,07157826
253891,2;0,07158668
253907,8;0,07158864
253924,4;0,07159318
253940,9;0,07159448
253957,5;0,07159448
253974,4;0,07160612
253990,6;0,07160675
254007,3;0,07161132
254023,8;0,07161391
254040,3;0,07161713
254056,9;0,07161778
254073,4;0,07161778
254090;0,07161844
254106,6;0,07161844
254123,2;0,07162036
254139,7;0,07162038
254156,3;0,07161909
254172,8;0,07161778
254189,4;0,07161778
254206;0,07161844
254223;0,07161841
254239,1;0,07161841
254256,6;0,07161776
254272,4;0,07161776
254289,6;0,07161776
254305,6;0,07161841
254321,9;0,07162034
254339,4;0,07162228
254355,2;0,07162228
254371,6;0,07162878
254388,3;0,07162943
254405,5;0,07163462
254421,3;0,07163914
254438;0,07164241
254454,5;0,07164761
254471;0,07164761
254487,6;0,07165673
254504,2;0,07165737
254520,7;0,07166257
254537,7;0,07167106
254554,3;0,0716763
254570,5;0,07168476
254587;0,07168476
254604;0,07169785
254620,1;0,07169915
254636,8;0,07170045
254653,3;0,07170045
254670;0,0716998
254686,4;0,0716985
254703;0,0716972
254720,1;0,0716972
254736,1;0,0716972
254752,7;0,07169592
254769,4;0,07168957
254786,2;0,07168641
254802,4;0,07168328
254819,5;0,07168072
254835,5;0,07167885
254852,1;0,07167321
254869,3;0,0716707
254885,2;0,07166504
254901,8;0,07165875
254918,3;0,07165188
254934,9;0,07165188
254952,1;0,07164308
254968;0,07162561
254984,6;0,07161377
255001,5;0,07160693
255017,8;0,07160693
255034,9;0,07157958
255051,6;0,07156158
255067,4;0,07154544
255084;0,07153548
255100,6;0,07153548
255117,6;0,07150438
255133,7;0,07149691
255150,3;0,07148388
255166,8;0,07146722
255183,6;0,07145858
255200;0,07144248
255216,5;0,07142574
255233,1;0,07141642
255249,8;0,07140837
255266,2;0,07140651
255283;0,07139964
255299,5;0,07139464
255316,2;0,07139214
255332,5;0,071389
255349,1;0,071389
255365,6;0,07138648
255382,5;0,07138458
255398,8;0,07138398
255415,7;0,07137147
255432,3;0,07136086
255448,5;0,07135275
255465;0,07134534
255481,6;0,07133173
255498,2;0,07132497
255514,7;0,07130708
255531,3;0,07129906
255547,9;0,07129906
255564,4;0,07126391
255581;0,07125466
255598;0,07124479
255614,1;0,07124479
255630,7;0,07120451
255647,3;0,07118957
255664,4;0,07115959
255680,5;0,07114903
255697;0,07114903
255713,8;0,07112344
255730,1;0,07108206
255746,7;0,07106769
255763,3;0,07105581
255780;0,07104199
255796,5;0,07099757
255813;0,07097305
255829,5;0,07095985
255846,1;0,07095985
255862,9;0,07092384
255879,3;0,07090928
255896,5;0,07089153
255912,5;0,07089153
255930,7;0,07087307
255945,5;0,07086547
255962;0,07084582
255979,1;0,07082424
255995,6;0,07082424
256011,8;0,07081468
256028,3;0,07081404
256044,9;0,07079259
256061,4;0,07075718
256078;0,07073829
256095,5;0,0707275
256111,1;0,07071356
256128,1;0,07070785
256144,3;0,07070219
256160,9;0,07069963
256177,6;0,07066395
256194,1;0,07064267
256211,4;0,0706295
256227,1;0,07060951
256244;0,07059144
256260,3;0,07056709
256276,8;0,07056709
256293,4;0,07054089
256310;0,07051841
256327;0,07049157
256343,7;0,07046844
256359,7;0,07044901
256376,2;0,07041945
256392,8;0,07041384
256409,4;0,07037987
256425,9;0,07036541
256442,5;0,07033386
256459,5;0,07033386
256475,6;0,07030036
256492,7;0,07027566
256509,2;0,07027378
256525,3;0,07021926
256542;0,07020584
256558,4;0,07018617
256575;0,07017845
256591,6;0,07015796
256608,2;0,07012977
256624,7;0,07012089
256641,3;0,07011511
256657,9;0,07011066
256674,4;0,07010302
256691;0,07007634
256707,5;0,07006493
256724,1;0,07005548
256740,7;0,07004922
256758,1;0,07004797
256773,8;0,07004671
256790,4;0,07004608
256807,7;0,0700417
256823,5;0,07003854
256840,1;0,07003483
256856,6;0,07003483
256873,7;0,07003172
256890;0,07001566
256906,3;0,07001078
256922,9;0,07000648
256939,5;0,07000525
256956,1;0,06998695
256972,6;0,06997965
256989,2;0,06997292
257005,7;0,06996095
257022,3;0,06995676
257038,9;0,06994896
257055,5;0,06994776
257072;0,06993996
257089,3;0,06993394
257105,5;0,06992492
257121,7;0,0699183
257138,3;0,06991287
257154,8;0,06990863
257171,4;0,0699056
257188,1;0,06990201
257204,5;0,0698948
257221,7;0,06988814
257237,7;0,06988393
257254,2;0,06987786
257270,8;0,0698742
257287,4;0,06987176
257304,2;0,06986387
257320,5;0,06985597
257337,6;0,06982359
257353,6;0,06980152
257370,2;0,06978931
257386,8;0,06978256
257403,8;0,06976604
257419,9;0,06975994
257436,5;0,06975994
257453;0,06974102
257469,6;0,06973615
257486,6;0,06973374
257503,1;0,06973252
257519,3;0,06973252
257536,3;0,06973252
257552,4;0,06973192
257569,2;0,06973192
257585,6;0,06973434
257602,1;0,06973979
257618,9;0,06974344
257635,3;0,06974344
257652,1;0,06975197
257669,6;0,06976232
257686,1;0,06976721
257702,7;0,06977334
257719,3;0,06977455
257735,8;0,06979477
257752,4;0,06980705
257769;0,06981504
257785,7;0,06981992
257802,1;0,06982116
257818,9;0,06984205
257835,2;0,06984637
257851,8;0,06984946
257868,5;0,06985194
257884,9;0,06985192
257901,5;0,06985129
257918,1;0,06985129
257934,7;0,06984883
257951,6;0,06984883
257968,4;0,06984693
257984,5;0,0698451
258000,9;0,06984637
258017,8;0,06984637
258034,1;0,06984388
258050,6;0,06984142
258067,1;0,06983958
258083,9;0,06983403
258100,4;0,06982848
258116,9;0,06982167
258133,4;0,06981859
258150,5;0,06981859
258166,5;0,0698173
258183,1;0,0698173
258199,7;0,06981912
258216,3;0,06981973
258232,8;0,06982338
258249,4;0,06983129
258266;0,06983673
258283,2;0,06983855
258299,7;0,06983855
258315,6;0,06984399
258332,2;0,0698525
258348,8;0,06985492
258365,5;0,06985674
258381,9;0,06985734
258399,4;0,06986525
258415;0,06986832
258431,6;0,06986769
258448,5;0,06987007
258464,8;0,06987134
258481,3;0,06987134
258497,9;0,06987195
258514,4;0,06987195
258531;0,06987255
258548;0,06987318
258564,1;0,06987316
258581;0,06987316
258597,3;0,06987009
258613,9;0,06985535
258631;0,06984486
258647;0,06983809
258663,5;0,06983317
258680,1;0,06982638
258696,7;0,06981837
258713,4;0,06981035
258729,8;0,06980601
258746,4;0,06979795
258762,9;0,06979363
258779,6;0,06979363
258796,1;0,06978123
258813;0,06977137
258829,2;0,06976399
258845,8;0,06976215
258862,3;0,06975599
258879,3;0,06975599
258896,5;0,06975725
258912;0,06975843
258928,6;0,06976269
258945,2;0,06976755
258961,8;0,06977302
258978,3;0,06977302
258994,9;0,06978148
259011,5;0,0697953
259028,1;0,06980254
259044,6;0,0698146
259061,2;0,06982426
259078,1;0,06983452
259094,3;0,0698406
259111,2;0,0698406
259127,9;0,06985936
259144,4;0,06986359
259160,5;0,06986419
259177,1;0,06988478
259193,7;0,06988478
259210,4;0,06988902
259226,8;0,06988965
259243,4;0,06989753
259260;0,06992172
259276,5;0,06993376
259293,6;0,06994101
259310,3;0,06994709
259326,2;0,06995437
259342,9;0,06995437
259359,3;0,06996407
259376,1;0,06997258
259392,7;0,06997868
259409,1;0,06997868
259425,7;0,06998896
259442,2;0,06999806
259458,7;0,0700072
259475,7;0,0700072
259491,9;0,07000901
259508,5;0,07001933
259525,2;0,07002601
259541,6;0,07002906
259558,1;0,07002906
259574,7;0,07003878
259591,3;0,07004187
259607,8;0,07004432
259624,4;0,07004678
259641;0,07004678
259657,6;0,0700474
259674,5;0,07010239
259690,8;0,07021996
259707,3;0,07040274
259724;0,07055058
259740,6;0,07082823
259757;0,07100258
259773,6;0,07137357
259790,1;0,07181004
259806,6;0,0720806
259823,2;0,07229298
259840,1;0,0725945
259856,5;0,0725945
259872,9;0,0728374
259890;0,07396555
259906,1;0,07525488
259922,6;0,07566781
259939,2;0,07605035
259955,8;0,07648425
259972,3;0,077572
259988,9;0,07823302
260005,5;0,07911067
260022,5;0,079748
260038,6;0,08042271
260055,1;0,08088964
260071,7;0,08088964
260088,3;0,08268385
260104,9;0,08285851
260121,5;0,08391282
260138,2;0,08440406
260155;0,08525998
260171,3;0,08575119
260187,7;0,0865612
260204,3;0,08712649
260220,8;0,08789695
260237,4;0,08834065
260254;0,08918617
260270,5;0,08980905
260287,1;0,09043135
260303,7;0,09087341
260320,6;0,09087341
260337;0,09258942
260353,6;0,09339231
260369,9;0,093876
260386,5;0,09471074
260403;0,09518769
260419,6;0,09562974
260436,5;0,09602997
260452,8;0,09667328
260469,6;0,09686941
260485,9;0,09726963
260502,4;0,09726963
260519;0,09810335
260536,3;0,1001548
260552,3;0,101063
260569,1;0,1019278
260585,3;0,1023578
260601,9;0,1031859
260618,4;0,103581
260635,2;0,1044417
260651,5;0,1044417
260668,5;0,1051452
260685;0,1062435
260701,2;0,1069471
260717,8;0,1073381
260734,4;0,1074557
260751;0,1088607
260767,5;0,109409
260784,1;0,1102671
260800,7;0,1102671
260817,2;0,1112011
260833,8;0,1119428
260850,3;0,1127604
260866,9;0,1131884
260883,5;0,1140465
260900,1;0,114551
260916,6;0,1152479
260933,2;0,116059
260949,7;0,1165228
260966,5;0,1168701
260982,9;0,117059
260999,5;0,1185712
261016,2;0,1191874
261032,6;0,1197722
261049,2;0,1197722
261065,7;0,1204001
261082,3;0,1218374
261098,9;0,1222259
261115,4;0,1222259
261132,3;0,12265
261148,6;0,123039
261165,5;0,1236317
261181,7;0,1243068
261198,5;0,1246893
261214,8;0,1257536
261231,4;0,1273303
261248;0,1281389
261264,5;0,1288164
261281,1;0,1291969
261297,6;0,1300033
261315,1;0,130802
261331,3;0,130802
261347,3;0,131256
261363,9;0,1324772
261380,5;0,1330083
261397,3;0,1336513
261413,6;0,1336513
261430,3;0,1344448
261446,8;0,1356589
261463,3;0,1363031
261480,3;0,1364907
261496,5;0,1368308
261513,4;0,1381235
261529,8;0,1389169
261546,5;0,1394454
261562,7;0,1399718
261579,3;0,140503
261596;0,1409153
261612,5;0,140996
261629,2;0,1425289
261645,6;0,1430452
261662,4;0,1436973
261679,1;0,1444166
261695,3;0,1447132
261711,9;0,1451544
261728,4;0,1455442
261745,6;0,1458053
261761,9;0,1458708
261778,1;0,1460437
261794,6;0,1462531
261811,3;0,1469476
261827,8;0,1474158
261844,5;0,147535
261860,9;0,147632
261877,7;0,1477324
261894,1;0,1477324
261910,6;0,1478591
261927,2;0,1478591
261943,8;0,147819
261960,7;0,1477838
261976,9;0,1476963
261993,4;0,1476409
262010;0,1475802
262027;0,1474551
262043,2;0,1473626
262059,7;0,1473123
262076,5;0,147211
262092,8;0,147211
262109,6;0,1471042
262126,5;0,1470036
262142,5;0,146949
262159,6;0,146916
262175,7;0,1468969
262192,3;0,1467556
262209,4;0,14671
262225,6;0,1466214
262241,9;0,1466214
262258,5;0,1465065
262275,1;0,1464578
262291,7;0,1463834
262308,2;0,1462933
262324,8;0,1462513
262341,3;0,1461824
262357,9;0,1461235
262375,1;0,1461235
262391,1;0,1460789
262407,6;0,1460603
262424,4;0,146034
262441,2;0,1459574
262457,3;0,1457596
262474,1;0,1456199
262491,2;0,1455228
262507,4;0,1454631
262523,6;0,1453953
262540,2;0,1453478
262556,7;0,1453038
262573,3;0,1452805
262590,4;0,1451017
262606,4;0,1450887
262623;0,1450005
262639,6;0,1449567
262656,1;0,1449336
262672,7;0,1447914
262689,3;0,144745
262705,8;0,1446548
262722,5;0,144642
262738,9;0,1445385
262755,5;0,1444509
262772,1;0,1444509
262788,6;0,144407
262805,2;0,1442735
262822,3;0,1441912
262838,3;0,1441449
262855,3;0,1441449
262871,5;0,1439629
262888,1;0,1439474
262904,6;0,1438395
262921,9;0,1437985
262944,2;0,1437166
262954,3;0,1436755
262971,2;0,1436038
262987,5;0,1435348
263004;0,1434583
263020,8;0,1434122
263037,3;0,1433995
263053,8;0,1433611
263070,3;0,1433253
263086,8;0,1431981
263103,4;0,1430581
263120;0,1429712
263136,5;0,142915
263153,2;0,1428337
263169,7;0,1427498
263186,3;0,1426989
263202,8;0,142636
263219,4;0,1426029
263236,3;0,1425316
263252,8;0,1424356
263269,1;0,1423443
263285,7;0,1423443
263302,2;0,1422816
263318,8;0,1421752
263335,3;0,1420746
263352,3;0,1420047
263368,5;0,1419795
263385;0,141929
263401,7;0,1417866
263418,2;0,1417086
263434,8;0,1416458
263452;0,1415682
263467,9;0,1414758
263484,4;0,1414311
263501,5;0,1413636
263517,6;0,1412838
263534,2;0,1412838
263551;0,1411832
263567,3;0,1410562
263583,9;0,1410113
263600,8;0,1409737
263617;0,1409239
263633,7;0,1408275
263650,1;0,1407426
263667,3;0,1406931
263683,3;0,1406705
263699,8;0,1406458
263716,5;0,1405646
263732,9;0,1403683
263750,2;0,1402718
263766,3;0,1402025
263782,7;0,1401851
263799,4;0,1400892
263815,8;0,1400002
263832,3;0,1400002
263849,4;0,1399562
263865,5;0,1398113
263882,1;0,1398113
263898,6;0,139627
263915,2;0,1395703
263931,8;0,139479
263948,3;0,139479
263964,9;0,1393855
263982;0,1392854
263998;0,1392093
264014,6;0,1391238
264031,6;0,1391238
264047,9;0,1390336
264064,3;0,1389428
264080,8;0,1389428
264097,9;0,1387907
264114;0,1387175
264130,6;0,1386736
264147,1;0,1385829
264163,7;0,1385829
264181,3;0,1384168
264196,8;0,1384047
264213,4;0,138322
264230,1;0,1382444
264246,5;0,1382053
264263,1;0,1382053
264279,6;0,1380888
264296,2;0,1380089
264312,8;0,1380089
264329,6;0,1379727
264346,1;0,1379558
264362,5;0,1378522
264379,1;0,1377465
264395,6;0,1377033
264412,2;0,1376723
264428,8;0,1376077
264445,9;0,1375596
264462,3;0,1375192
264478,5;0,1374739
264495,1;0,1374739
264511,6;0,1374002
264528,2;0,1373573
264544,8;0,1373051
264561,3;0,1372455
264577,8;0,1372146
264594,4;0,1371673
264611;0,1371388
264627,6;0,1371151
264644,4;0,1370938
264660,7;0,1370061
264677,3;0,1369539
264694,1;0,1369161
264710,4;0,1368947
264734,4;0,1368854
264743,5;0,1367905
264760,1;0,136734
264776,7;0,136708
264793,2;0,1366678
264809,8;0,136635
264826,3;0,1366115
264842,9;0,1366115
264859,5;0,136543
264876;0,136543
264892,6;0,136454
264909,2;0,1364256
264925,8;0,1364256
264942,3;0,1363548
264958,9;0,1363548
264975,4;0,1363243
264992;0,1363056
265008,6;0,1362821
265025,3;0,1362144
265041,8;0,1361394
265058,5;0,1361024
265074,9;0,1360696
265091,4;0,1360556
265108;0,1360116
265124,5;0,1359766
265141,1;0,1359604
265157,7;0,1359416
265175,1;0,135937
265191,3;0,1358651
265207,4;0,135842
265223,9;0,1358116
265240,5;0,1357955
265257,1;0,1357955
265274,1;0,1357265
265290,2;0,1356987
265307;0,1356734
265323,3;0,1356621
265340,5;0,135632
265356,5;0,1356114
265373,1;0,1355885
265389,6;0,1355608
265406,2;0,1355516
265422,8;0,1355215
265439,3;0,1354939
265455,9;0,1354939
265472,4;0,1354547
265489;0,1354318
265505,6;0,1354114
265522,2;0,1354068
265538,7;0,1353886
265555,3;0,1353452
265571,8;0,1353293
265588,4;0,1353224
265605;0,1352929
265621,6;0,1352929
265638,1;0,1352816
265654,7;0,1352426
265671,2;0,1351971
265687,8;0,1351744
265704,4;0,1351608
265720,9;0,1351608
265737,5;0,1351517
265754,1;0,1351013
265771,2;0,1350809
265787,3;0,1350765
265803,8;0,1350581
265821;0,1350375
265836,9;0,1350217
265853,5;0,1350217
265870,6;0,1349901
265886,6;0,1349721
265903,3;0,1349607
265919,8;0,1349471
265936,3;0,134938
265952,9;0,1349222
265969,6;0,1349155
265986,6;0,1348883
266002,6;0,1348883
266019,5;0,1348724
266035,7;0,1348521
266052,3;0,1348297
266068,9;0,1348161
266085,6;0,1347887
266102;0,1347887
266118,9;0,1347571
266135,1;0,1347571
266152;0,1347227
266168,3;0,1347183
266184,8;0,1347183
266201,5;0,1346689
266218;0,1346577
266234,5;0,1346577
266251,2;0,1346419
266267,6;0,1346306
266284,3;0,1345991
266300,8;0,1345632
266317,3;0,1345453
266334;0,1345295
266350,8;0,1345092
266367,6;0,1345005
266383,6;0,1345005
266401;0,1344914
266416,8;0,1344868
266433,3;0,1344309
266450,2;0,1344175
266466,5;0,1344085
266487,7;0,1343884
266499,7;0,1343571
266516,4;0,134348
266532,7;0,134348
266549,5;0,1343098
266565,8;0,1342899
266582,5;0,1342854
266599,5;0,1342698
266615,5;0,1342698
266632,1;0,1342451
266648,7;0,1342204
266665,3;0,1342113
266681,8;0,1342025
266698,6;0,1342023
266714,9;0,134198
266731,5;0,1341712
266748,1;0,1341376
266764,7;0,1341264
266781,3;0,1341129
266797,8;0,1341037
266814,4;0,1340925
266831;0,134088
266847,6;0,1340836
266864,4;0,1340836
266881,1;0,1340859
266897,2;0,1340859
266913,8;0,1340859
266930,3;0,1340765
266947;0,1340811
266963,5;0,1340926
266980,2;0,1341041
266996,6;0,134111
267013,2;0,1341248
267029,7;0,1341339
267047;0,1341757
267062,9;0,1341966
267079,4;0,1342437
267096;0,1342787
267112,6;0,1342902
267129,1;0,1343255
267146,2;0,1343846
267162,3;0,1344344
267179,2;0,1344649
267195,7;0,1345191
267212,1;0,1345427
267228,5;0,1345782
267245,1;0,1345876
267261,7;0,1346871
267278,2;0,1347627
267295,2;0,1348031
267311,3;0,1348031
267327,9;0,1348878
267344,5;0,1349619
267374;0,1350614
267390,6;0,1350949
267407,1;0,1351256
267423,7;0,1351279
267440,5;0,1352027
267456,8;0,1353868
267473,7;0,1354762
267490;0,1354762
267506,5;0,1355196
267523,1;0,1355196
267539,7;0,1355754
267556,3;0,1356364
267572,8;0,1357384
267589,8;0,1359738
267605,9;0,1361411
267622,5;0,1361411
267639,1;0,1363224
267655,6;0,1364323
267672,2;0,1365151
267688,8;0,1366121
267705,3;0,1367239
267721,9;0,1367797
267738,5;0,1368938
267755;0,1369721
267771,6;0,1370735
267788,2;0,1371612
267804,8;0,137234
267821,3;0,137295
267838,2;0,1373605
267854,4;0,1374235
267871;0,1375853
267887,8;0,1376917
267904,2;0,1377451
267920,7;0,1378226
267937,3;0,137915
267953,8;0,1379965
267970,4;0,1380394
267987;0,1380442
268003,5;0,1381944
268020,4;0,1382133
268036,7;0,1382836
268053,3;0,1383533
268069,9;0,1384116
268086,5;0,1384116
268102,9;0,1384553
268119,5;0,1385408
268136,2;0,1385661
268153,3;0,1385661
268169,2;0,1385753
268186,8;0,1385753
268203;0,1386294
268226,2;0,1386607
268242,8;0,1386671
268259,4;0,1386768
268275,9;0,1386789
268292,5;0,1386877
268309,1;0,1386898
268325,6;0,1386898
268342,4;0,1386742
268358,7;0,1386611
268375,6;0,138637
268392,3;0,1386326
268408,6;0,1386039
268425,4;0,1385845
268441,6;0,1385606
268458,2;0,1385408
268475;0,1385013
268491,3;0,1384778
268507,8;0,1384778
268524,4;0,1383848
268541;0,138361
268557,6;0,13832
268574,1;0,1382647
268590,7;0,1382048
268607,3;0,1382048
268623,8;0,1381346
268640,4;0,1380667
268656,9;0,137997
268673,8;0,1379174
268690,1;0,1378628
268707;0,1378076
268723,2;0,1377414
268739,8;0,1376544
268756,4;0,1376063
268773,1;0,1375152
268790;0,1375028
268806,3;0,1374613
268822,6;0,1374456
268839,8;0,1374016
268855,8;0,1371925
268872,5;0,1369448
268888,9;0,1368675
268905,5;0,1367544
268922,4;0,1366106
268938,6;0,1366106
268955,3;0,1364309
268972,1;0,136298
268988,8;0,136298
269004,8;0,1359732
269021,6;0,1358866
269038;0,1357497
269054,6;0,1356816
269072;0,1354909
269088,4;0,135276
269104,3;0,1350447
269120,8;0,1348629
269137,4;0,1348235
269154;0,1346039
269170,5;0,1345938
269187,1;0,1343211
269204,2;0,1339931
269220,2;0,1338405
269236,8;0,1336427
269253,3;0,1333884
269270,3;0,1331877
269287,1;0,1329817
269303,6;0,132757
269319,7;0,1326019
269336,2;0,1326019
269352,8;0,1323493
269369,8;0,1319175
269385,9;0,1317953
269402,4;0,1316487
269419;0,1316487
269435,6;0,131515
269452,2;0,1313642
269468,7;0,1313642
269485,3;0,1311965
269501,9;0,1305459
269519,3;0,1297953
269535,8;0,1297906
269551,8;0,1294874
269568,1;0,1291608
269584,7;0,128801
269601,3;0,1285835
269618,1;0,1282967
269634,4;0,1279745
269650,9;0,1278031
269667,5;0,1275994
269684,2;0,1272904
269700,9;0,126955
269717,2;0,1267767
269733,8;0,1264428
269750,3;0,1261936
269766,9;0,12591
269783,5;0,12591
269800,1;0,1254122
269816,6;0,1252182
269833,2;0,1250648
269850,5;0,1248629
269866,4;0,1243572
269882,9;0,1240103
269899,5;0,12383
269916,1;0,12383
269932,6;0,1232159
269949,5;0,1229402
269965,7;0,1226047
269982,8;0,1224495
269998,8;0,1224495
270015,4;0,1218679
270032;0,1217916
270048,6;0,1214674
270065,1;0,1213025
270081,9;0,1212786
270098,3;0,1211276
270114,8;0,1209777
270131,4;0,1206783
270148,2;0,1199962
270164,5;0,1199202
270181,2;0,1197894
270198,2;0,1193357
270214,2;0,1190881
270231,2;0,118932
270247,7;0,118932
270263,9;0,1184755
270280,5;0,1182823
270297,1;0,118018
270314,1;0,1179521
270330,2;0,117613
270346,8;0,1174954
270363,3;0,1172486
270380;0,1170834
270396,7;0,1168744
270413;0,116753
270429,6;0,116753
270446,2;0,1162882
270462,7;0,1161735
270479,3;0,1159281
270495,8;0,1158205
270512,4;0,1155948
270529;0,1154908
270545,6;0,1152588
270562,3;0,1151408
270578,7;0,1151408
270595,6;0,1148166
270611,8;0,1146085
270628,4;0,1144526
270645;0,1143857
270661,5;0,1142855
270678,3;0,1139666
270694,7;0,113782
270711,2;0,113782
270728;0,1136739
270744,4;0,1135763
270760,9;0,1134777
270777,5;0,1130734
270794;0,1128987
270810,7;0,1128987
270833,6;0,1125656
270843,8;0,1125309
270860,3;0,1122949
270876,9;0,1121653
270893,8;0,1119834
270910;0,111898
270926,7;0,1118135
270943,2;0,1117624
270960,7;0,1114509
270976,3;0,1113669
270993;0,1111946
271010,2;0,1111946
271026;0,1109681
271042,5;0,1108585
271059,1;0,1106977
271076,3;0,1105373
271092,3;0,1104522
271108,8;0,1103591
271125,6;0,1102142
271141,9;0,1102142
271158,7;0,1099867
271175,1;0,1099214
271191,9;0,1098398
271208,2;0,1096478
271225,1;0,109474
271241,4;0,1094087
271257,9;0,1094087
271274,5;0,1092346
271291;0,1090521
271308;0,1089868
271324,4;0,1088494
271340,8;0,1087776
271357,6;0,1087776
271374,2;0,1086994
271391,3;0,1086351
271407,2;0,1084117
271423,8;0,1082296
271440,5;0,1080977
271457,5;0,1080977
271474;0,1079666
271489,9;0,1078287
271506,4;0,1077049
271523;0,1076459
271539,7;0,1075166
271556,1;0,1073973
271572,7;0,1073309
271589,5;0,1072084
271605,8;0,1071528
271622,4;0,1070349
271638,9;0,1069184
271655,5;0,1068838
271672,2;0,1067978
271688,7;0,1067978
271705,2;0,1065745
271721,8;0,106525
271738,6;0,1064262
271754,9;0,1064132
271771,5;0,1063005
271788,1;0,1062025
271804,6;0,1061026
271821,2;0,1060066
271837,9;0,1059967
271854,3;0,1059041
271870,9;0,1058147
271887,4;0,1057255
271904;0,1056819
271920,6;0,1055944
271937,3;0,1055555
271953,7;0,1054753
271970,3;0,1054753
271987,5;0,1054424
272004,1;0,105405
272020;0,1054035
272036,6;0,1053578
272053,1;0,1052559
272070;0,1051087
272086,3;0,1050107
272103,4;0,1049807
272119,6;0,1049453
272136,1;0,1049156
272152,8;0,1048873
272169,1;0,1047959
272186,2;0,1047353
272202,3;0,1047069
272219,1;0,1047069
272235,3;0,1046421
272251,9;0,1045399
272268,7;0,1045077
272285;0,1044728
272302,3;0,1044337
272318,4;0,1043361
272334,8;0,1042669
272351,3;0,1042326
272367,9;0,1041557
272384,5;0,1041185
272401;0,1040426
272417,6;0,1040426
272434,2;0,1040332
272450,8;0,1038697
272467,4;0,1038245
272483,8;0,1037606
272500,7;0,1037222
272517,7;0,1036609
272534;0,1036147
272550,1;0,103558
272566,7;0,1035266
272583,3;0,1034656
272599,8;0,1034223
272616,6;0,1033641
272633,4;0,1033641
272649,6;0,1033317
272666,3;0,1033317
272682,7;0,1032924
272699,7;0,1031483
272715,8;0,1030578
272732,5;0,1030268
272748,9;0,1030027
272765,5;0,1029465
272782,1;0,1029074
272798,6;0,1028875
272815,2;0,1028423
272832,1;0,102786
272848,5;0,1027366
272865,4;0,1027151
272882;0,1026633
272898,2;0,1026462
272914,6;0,1025957
272931,2;0,1025957
272948,2;0,1025309
272964,3;0,1025041
272980,9;0,1024634
272997,4;0,10242
273014;0,1024058
273030,6;0,102356
273047,1;0,1023324
273063,7;0,1022894
273080,3;0,1022554
273097,3;0,1022152
273113,4;0,1021685
273129,9;0,1021415
273146,5;0,1021218
273163,1;0,1021128
273180,1;0,1020314
273196,2;0,1020162
273213,1;0,1019555
273229,3;0,1019259
273246;0,1018811
273262,5;0,1018552
273279,1;0,1018325
273295,7;0,1018325
273312,2;0,1018122
273329,3;0,1017689
273345,3;0,1016711
273361,9;0,1016357
273379,1;0,1016103
273395,2;0,10157
273412,2;0,1015336
273428,2;0,1014968
273444,7;0,1014463
273461,3;0,1014186
273477,9;0,1013747
273494,4;0,1013358
273511;0,1012947
273527,6;0,1012734
273544,1;0,1012275
273560,7;0,1011812
273577,4;0,1011464
273594;0,1011153
273610,4;0,1011153
273626,9;0,1010255
273643,5;0,1009707
273660,6;0,1009089
273677,2;0,1008742
273693,6;0,1008742
273709,8;0,1007477
273726,3;0,1007339
273742,9;0,1006474
273759,5;0,1006126
273776,1;0,1005819
273792,9;0,1005337
273809,2;0,1004437
273825,8;0,1004088
273842,3;0,1003297
273858,9;0,1002915
273875,5;0,1002136
273892;0,1002136
273908,6;0,1001765
273925,2;0,1001405
273942;0,1001405
273958,4;0,1000927
273974,8;0,09995667
273991,4;0,09975499
274008;0,09966407
274024,5;0,09962344
274041,1;0,09954651
274057,7;0,09953307
274074,3;0,09948429
274090,8;0,09948429
274107,4;0,09932166
274124,6;0,09919421
274141;0,09919421
274157,1;0,09903762
274173,8;0,09894129
274190,2;0,0988785
274206,8;0,09884433
274223,3;0,09884084
274240,3;0,09864312
274256,5;0,09855166
274273;0,09848226
274289,8;0,09845775
274306,2;0,09840988
274322,8;0,09826748
274339,6;0,09822108
274355,9;0,0981411
274372,5;0,0981411
274389,3;0,09809836
274405,6;0,09805928
274422,4;0,09803654
274439;0,09780986
274455,3;0,0977257
274471,9;0,09767486
274488,9;0,09763358
274505;0,09755524
274521,6;0,09747375
274538,1;0,09742215
274554,7;0,09742215
274571,7;0,09737415
274588,4;0,09737415
274604,4;0,09723729
274620,9;0,097071
274638,1;0,0969772
274654,3;0,09693287
274670,7;0,09687916
274687,2;0,09680185
274704,3;0,09671063
274720,3;0,09671063
274737,1;0,09660889
274754,1;0,09653052
274770,1;0,09644154
274786,8;0,09635297
274803,2;0,09630369
274819,8;0,09625242
274836,3;0,09621983
274852,9;0,09614948
274869,8;0,09603074
274886,3;0,09594671
274902,6;0,09589399
274919,7;0,09589399
274935,7;0,09574436
274952,3;0,09567553
274969,5;0,09562454
274985,4;0,09558734
275002;0,09553771
275018,6;0,09541828
275035,4;0,09533484
275051,7;0,09528442
275068,3;0,09521044
275084,9;0,0951552
275101,4;0,09509654
275118,3;0,09501155
275134,5;0,09497366
275151,1;0,09491078
275167,6;0,09486227
275184,2;0,09486227
275201,2;0,09481967
275217,4;0,09481286
275234,3;0,09478211
275257,1;0,09468453
275268,7;0,09456798
275285,8;0,09445367
275301,8;0,09442974
275318,4;0,09434856
275335;0,09429949
275351,6;0,09429949
275368,2;0,09421621
275384,7;0,09417046
275401,9;0,09410899
275417,8;0,09404991
275434,3;0,09404991
275451,2;0,09396246
275467,5;0,09392709
275484;0,09392709
275500,8;0,09381172
275517,3;0,09380613
275533,8;0,0937302
275550,3;0,09370662
275566,9;0,09365799
275583,5;0,09362954
275600;0,09359708
275616,6;0,09354989
275633,2;0,09354989
275649,7;0,09346604
275666,3;0,09345812
275682,9;0,09340789
275699,4;0,09337095
275716;0,09332086
275732,6;0,09332086
275749,2;0,09329976
275765,7;0,09323496
275782,3;0,09319834
275798,8;0,09317844
275815,4;0,09317844
275832,1;0,09315612
275848,5;0,09313713
275865,1;0,09313713
275882,3;0,09311375
275898,2;0,09304188
275914,8;0,09297217
275931,4;0,09293571
275948,2;0,09291476
275964,5;0,09288716
275981,3;0,09288716
275997,6;0,09286738
276014,2;0,09281371
276030,8;0,09279518
276047,5;0,09278093
276063,9;0,09277978
276080,7;0,09275692
276097;0,09271776
276114;0,09269606
276130,7;0,09269606
276146,7;0,09267437
276163,3;0,09265263
276180,1;0,09263848
276196,9;0,09261895
276213,1;0,09261895
276229,9;0,09261572
276246,1;0,09258774
276263,2;0,09255753
276279,3;0,09254999
276295,8;0,09254999
276312,4;0,09251551
276328,9;0,0925069
276345,5;0,09248541
276362,1;0,0924778
276379,3;0,09245852
276395,2;0,09244992
276411,8;0,09244131
276428,3;0,09241448
276445,5;0,09240587
276461,5;0,09239621
276478,1;0,09239621
276494,6;0,09238876
276511,2;0,09238448
276527,8;0,09235775
276544,3;0,09234602
276561,2;0,09233011
276578;0,09232372
276594,1;0,09232372
276610,6;0,09230464
276627,2;0,09230354
276643,7;0,09229191
276660,5;0,09228451
276677,1;0,09227499
276693,4;0,09227499
276710,7;0,09226971
276726,6;0,09225702
276743,2;0,09224957
276759,7;0,09224217
276777,1;0,09224106
276792,8;0,09222516
276809,6;0,09222093
276826;0,09221248
276842,5;0,09220719
276859,8;0,09219979
276875,9;0,09219345
276892,2;0,09218504
276908,8;0,09218081
276925,6;0,09217552
276941,9;0,09216918
276958,5;0,09216496
276975,3;0,09216072
276991,6;0,09214699
277008,2;0,09214593
277024,8;0,09213958
277041,3;0,09213641
277057,9;0,09213218
277074,5;0,0921206
277091,2;0,09211954
277107,6;0,09211637
277124,3;0,09211109
277140,7;0,09211215
277157,3;0,09210686
277174,7;0,09209206
277190,4;0,09208466
277207;0,09207938
277223,5;0,09207938
277240,5;0,09206669
277256,7;0,09206352
277273,3;0,09205929
277289,8;0,09205295
277306,4;0,09204766
277323;0,09204238
277340;0,09203181
277356,1;0,09202652
277373,2;0,09202018
277389,3;0,09200961
277405,8;0,0920075
277422,7;0,0920001
277438,9;0,09199692
277455,5;0,09199587
277472;0,09197155
277488,9;0,09196838
277505,2;0,09196098
277522;0,09195887
277538,3;0,09195147
277555;0,0919409
277571,5;0,09193037
277588;0,0919272
277604,8;0,0919198
277621,2;0,09191452
277638;0,09190399
277654,3;0,09190399
277670,9;0,09189554
277687,5;0,09188078
277704;0,09187444
277720,9;0,09186921
277737,1;0,09187022
277753,7;0,09186497
277770,3;0,09185868
277786,8;0,09185868
277803,4;0,0918471
277820,6;0,09182499
277836,5;0,09179246
277853,1;0,09179141
277870;0,09177674
277886,3;0,09175997
277902,8;0,09175997
277919,5;0,09174844
277936,3;0,09173157
277952,5;0,09172427
277969,1;0,09171581
277985,6;0,0917137
278002,3;0,09168236
278018,8;0,09166881
278035,3;0,09165434
278051,9;0,09165434
278068,5;0,09163136
278085;0,09160026
278101,6;0,09158882
278118,2;0,09156401
278134,8;0,09156401
278151,3;0,0915382
278167,8;0,09149295
278184,5;0,09147228
278201;0,09145183
278217,9;0,09144462
278234,1;0,09137175
278250,7;0,09135259
278267,3;0,09130811
278283,8;0,09130811
278300,5;0,09125141
278317;0,0912141
278333,6;0,09116694
278350,6;0,09112387
278366,7;0,0910956
278383,3;0,09106858
278399,8;0,09106858
278416,3;0,09104352
278432,9;0,09102045
278449,5;0,09096252
278466,6;0,09085859
278482,7;0,09081261
278499,2;0,09076766
278515,8;0,0907368
278532,3;0,09069975
278548,9;0,09065676
278565,7;0,09065676
278582;0,09055476
278598,6;0,09054571
278615,5;0,09049284
278634,3;0,09045684
278648,3;0,09040885
278665,2;0,09037298
278681,4;0,09035601
278698;0,09035096
278714,6;0,0902526
278731,1;0,09020078
278747,7;0,09017503
278764,3;0,09014219
278780,8;0,09009561
278797,4;0,09004013
278814,3;0,0900077
278830,7;0,08995047
278847,4;0,08992384
278863,7;0,08988164
278880,2;0,08982465
278896,9;0,08976567
278913,8;0,08973032
278929,9;0,08967044
278946,5;0,08963998
278963;0,08963998
278979,6;0,08953819
278996,2;0,08947634
279012,8;0,08943322
279029,8;0,08940868
279046,6;0,08937426
279062,5;0,08937426
279079;0,08934392
279095,6;0,0891951
279112,2;0,0891128
279129,1;0,08904909
279145,3;0,08901665
279161,9;0,08897553
279178,4;0,08891674
279195;0,08891674
279211,6;0,08877447
279228,8;0,0887414
279244,7;0,08869734
279261,5;0,08862916
279277,8;0,08855429
279294,7;0,0885146
279310,9;0,08844166
279327,5;0,08840463
279344,2;0,08832614
279360,7;0,08829007
279377,2;0,08821465
279393,8;0,08817602
279410,4;0,08813728
279427,1;0,08813728
279443,5;0,08804247
279460,3;0,08791239
279476,6;0,08787464
279494,1;0,08787464
279518,2;0,08777219
279534,7;0,08767314
279551,7;0,0876359
279567,8;0,08760639
279584,4;0,08757222
279601,7;0,08747321
279617,8;0,08744103
279634,1;0,08737847
279651,1;0,08737847
279667,5;0,08734893
279684,3;0,08733442
279700,4;0,08731662
279716,9;0,0872815
279733,7;0,0872072
279750,1;0,08706141
279766,7;0,08698145
279783,2;0,08694018
279799,9;0,08691002
279816,3;0,08684979
279832,9;0,08678862
279849,5;0,0867594
279866,1;0,08670399
279882,7;0,08666892
279899,3;0,0866064
279915,8;0,08657645
279933,4;0,08651381
279948,9;0,08648067
279965,9;0,08643104
279982,2;0,08643104
279998,6;0,08635354
280015,1;0,08629066
280031,7;0,08625993
280048,8;0,08624337
280064,8;0,08621642
280082,3;0,086142
280098,1;0,08611707
280114,6;0,08607188
280131,1;0,08607188
280147,9;0,08600021
280164,3;0,08598769
280180,8;0,08594561
280197,4;0,08590955
280214;0,08588882
280230,6;0,08586255
280247,3;0,08585031
280263,7;0,08581945
280280,9;0,08579426
280296,8;0,08576638
280313,3;0,08576638
280329,9;0,08575153
280346,5;0,08575153
280363;0,08570907
280379,6;0,08566846
280396,2;0,08561887
280412,8;0,08561887
280429,3;0,0855593
280446,3;0,08554638
280462,5;0,08551253
280479;0,08549703
280495,6;0,08546306
280512,2;0,08544571
280528,8;0,08543557
280545,5;0,08542096
280561,8;0,08537504
280578,4;0,08535861
280595;0,08532654
280611,9;0,08532654
280628,3;0,08526584
280644,7;0,08525843
280661,3;0,08522804
280678,2;0,08519689
280694,7;0,0851741
280710,9;0,0851576
280727,5;0,08514098
280744,1;0,0851126
280760,9;0,08509155
280777,2;0,08507331
280793,8;0,08505053
280810,7;0,08503874
280827,1;0,08501607
280843,7;0,08501607
280860,3;0,08498897
280876,6;0,08498096
280893,2;0,08498096
280909,8;0,08494218
280926,3;0,08493493
280942,9;0,08492421
280959,4;0,08491527
280976;0,08491527
280992,6;0,08490629
281009,6;0,08487935
281025,7;0,08484886
281042,3;0,08483726
281058,8;0,08483637
281075,4;0,08482388
281092;0,08479882
281108,6;0,08479173
281125,1;0,08477554
281142;0,08476663
281158,3;0,08475491
281174,8;0,08474057
281191,4;0,08473163
281207,9;0,08472808
281224,5;0,0847201
281241,1;0,08470673
281257,7;0,0847023
281274,4;0,08469698
281290,8;0,08469698
281307,3;0,08468287
281324,1;0,08467577
281340,5;0,08466695
281357,1;0,0846634
281373,6;0,08466252
281390,2;0,08464748
281406,8;0,08464394
281423,3;0,08463777
281439,9;0,08463337
281456,4;0,08462894
281473;0,084621
281489,6;0,08460511
281506,2;0,08458722
281522,9;0,08458002
281539,5;0,08456857
281556,3;0,08455954
281572,4;0,08454536
281589;0,08453996
281605,9;0,08453286
281622,5;0,08453286
281638,7;0,08451594
281655,4;0,08446756
281671,8;0,08443919
281688,9;0,08442038
281705,1;0,08441409
281721,5;0,08439617
281738,1;0,08438472
281754,7;0,08437485
281771,2;0,08437485
281787,8;0,08433021
281804,3;0,08431768
281820,9;0,0842999
281837,5;0,08428032
281854,1;0,08426964
281870,6;0,08425981
281887,4;0,08424562
281903,8;0,08422337
281920,7;0,08422337
281936,9;0,08420379
281953,5;0,08418331
281970;0,08416366
281986,8;0,08414754
282003,2;0,08413675
282020;0,08412784
282036,3;0,08411173
282053,6;0,08411173
282069,4;0,08410364
282086,3;0,0840947
282104,1;0,08406872
282119,1;0,08404189
282135,7;0,08403206
282152,8;0,08402041
282168,8;0,08401232
282185,4;0,08399706
282201,9;0,08398095
282218,8;0,08397559
282235,1;0,08397559
282251,9;0,08396838
282268,2;0,08396838
282284,8;0,08395146
282301,4;0,08393727
282318,3;0,08393284
282334,5;0,08393284
282351,1;0,08393018
282368;0,08392929
282384,2;0,08392663
282400,8;0,08392486
282417,7;0,08392309
282434,4;0,08392131
282450,5;0,0839222
282467;0,08391961
282483,6;0,08391695
282500,2;0,08391348
282516,7;0,0839109
282534,3;0,0839109
282549,9;0,08390207
282566,7;0,08390207
282583;0,08389856
282599,6;0,08389856
282616,3;0,08389679
282632,7;0,08389416
282649,3;0,08389416
282665,8;0,08388802
282682,4;0,0838854
282699;0,08388363
282715,5;0,08387314
282732,3;0,08387314
282748,7;0,08386612
282765,2;0,08386084
282781,8;0,08385558
282798,3;0,08385385
282814,9;0,08385473
282831,5;0,08384513
282848,1;0,08384243
282864,8;0,08384066
282881,2;0,08383808
282897,8;0,08383808
282914,8;0,08383634
282930,9;0,08383372
282956;0,08383112
282964,9;0,0838329
282981,8;0,08383378
282998,1;0,08383378
283014,6;0,08384176
283031,6;0,08385056
283047,7;0,08385233
283064,3;0,0838541
283081,5;0,08385942
283098,3;0,08386116
283114;0,08386467
283130,7;0,08386907
283147,7;0,0838735
283163,7;0,0838735
283180,3;0,08388144
283196,8;0,08388144
283213,4;0,08388321
283230,7;0,08388587
283246,9;0,08389119
283269,1;0,08389208
283287,3;0,08389208
283307,2;0,08390796
283327,5;0,08391062
283347,4;0,08391768
283369,1;0,08392477
283387,4;0,08393098
283406,7;0,08393626
283427,1;0,0839442
283443,6;0,0839442
283460,2;0,08395477
283476,8;0,08395474
283493,3;0,0839574
283510,5;0,0839574
283526,5;0,0839574
283543;0,08395743
283560,4;0,08395562
283576,2;0,08394697
283593;0,08394445
283609,4;0,08394445
283625,8;0,08393744
283642,4;0,08392868
283659;0,08392695
283675,6;0,08392258
283692,1;0,08392173
283708,7;0,08390359
283725,3;0,08389316
283741,8;0,08388976
283758,4;0,08388548
283775;0,08388378
283791,5;0,08388378
283808,1;0,08387765
283824,8;0,08387505
283841,2;0,08387424
283857,8;0,08387332
283874,8;0,08387601
283890,9;0,08387601
283907,5;0,08387601
283924,5;0,08388207
283940,6;0,08388296
283957,6;0,08388197
283973,8;0,08388197
283990,3;0,08387668
284006,9;0,08387668
284024,2;0,08387147
284040;0,08387236
284056,6;0,08387066
284073,2;0,08387069
284089,9;0,08387066
284106,3;0,08387066
284122,9;0,0838663
284139,7;0,08386283
284156;0,08386283
284172,5;0,08385928
284189,1;0,08385754
284205,7;0,08384797
284222,4;0,08382709
284239,2;0,08380274
284255,8;0,08379324
284272;0,08377601
284288,5;0,08376822
284305,1;0,08374918
284321,7;0,08374918
284338,2;0,08372753
284355;0,08371445
284371,4;0,08369977
284388;0,08368329
284404,8;0,08367376
284421,1;0,08366164
284437,6;0,0836504
284454,2;0,0836504
284470,8;0,08362094
284487,3;0,08361836
284504,4;0,08359925
284520,4;0,0835923
284537;0,08357675
284553,6;0,08357157
284571,1;0,08355516
284586,7;0,08354733
284603,3;0,08353435
284619,9;0,08352315
284636,4;0,08351451
284653;0,08351365
284669,6;0,08347346
284686,2;0,08345318
284702,9;0,08343017
284719,5;0,08341585
284735,8;0,08340564
284752,6;0,08335011
284769;0,08332898
284785,5;0,08331564
284802,5;0,08329359
284818,8;0,08329359
284836,1;0,08327266
284851,8;0,08320726
284868,4;0,08315124
284885,6;0,08311285
284901,8;0,08307103
284918,1;0,08304846
284934,6;0,08304846
284951,5;0,08296686
284967,8;0,08295838
284984,3;0,08290777
285000,9;0,08288334
285017,6;0,08283094
285034;0,08279639
285051;0,08278359
285067,2;0,08275844
285083,8;0,0826924
285100,3;0,08264442
285116,8;0,08262246
285133,5;0,08259952
285150;0,08255125
285166,6;0,08250056
285183,4;0,08248129
285199,7;0,08242928
285216,3;0,08240083
285232,8;0,08235058
285249,8;0,08235058
285266;0,08229867
285282,5;0,08223586
285299,1;0,08218817
285315,7;0,08213281
285333;0,08213281
285348,8;0,08210455
285365,3;0,08201613
285381,9;0,08195709
285398,5;0,08192648
285415,2;0,08192648
285431,6;0,08189467
285448,2;0,08186396
285465,7;0,08186396
285481,3;0,08180989
285498,1;0,08168594
285514,6;0,08159693
285531,3;0,0815779
285547,6;0,08154172
285564,3;0,08147846
285580,7;0,08142851
285597,7;0,08140429
285613,9;0,08136184
285630,4;0,08133491
285647,2;0,08130735
285663,5;0,08130735
285680,1;0,08121841
285696,7;0,08117643
285713,3;0,08112242
285730,1;0,08112242
285746,4;0,08107087
285763;0,08099856
285779,8;0,08095341
285796,1;0,08089937
285812,8;0,08089937
285829,2;0,08085401
285845,8;0,08077553
285862,6;0,08070716
285879,5;0,08067334
285895,5;0,08067334
285912,1;0,08053367
285929,6;0,08049887
285945,2;0,08045755
285961,8;0,08039933
285978,4;0,08033173
285994,9;0,08028603
286011,8;0,08026306
286028;0,08021586
286044,6;0,08012334
286061,7;0,08012334
286077,7;0,08009049
286094,3;0,08008728
286111,5;0,08008728
286127,9;0,07994654
286144;0,07984166
286161,1;0,07974397
286177,1;0,07970666
286194,4;0,07964898
286210,3;0,07964898
286226,8;0,07958683
286243,6;0,07950892
286259,9;0,0794716
286276,5;0,0794176
286293,1;0,0794176
286309,7;0,07937893
286326,6;0,07929801
286343,3;0,07923998
286359,8;0,07920765
286375,9;0,07920765
286393,1;0,0790878
286409,1;0,07906792
286425,6;0,07901479
286442,5;0,07897018
286458,8;0,07890984
286475,5;0,07887211
286491,9;0,0788514
286509,3;0,07879502
286525,6;0,07873385
286541,6;0,0786751
286558,2;0,0786457
286574,8;0,07859091
286591,3;0,07856302
286607,8;0,07850337
286624,4;0,07848028
286641;0,07848028
286657,6;0,07840928
286674,2;0,07835985
286690,7;0,0783362
286708;0,07831287
286723,8;0,07829711
286740,5;0,07829243
286757,1;0,07825422
286773,5;0,07819694
286790,1;0,07814667
286806,9;0,07812977
286823,3;0,07812977
286839,8;0,0780636
286856,3;0,07804833
286872,9;0,0780139
286889,6;0,07799181
286906,1;0,0779597
286922,6;0,07794132
286939,6;0,0779023
286955,9;0,07787393
286972,3;0,07786016
286988,9;0,07782029
287005,5;0,07777837
287022,1;0,07774025
287038,6;0,07772121
287055,8;0,07767776
287071,7;0,07765866
287088,4;0,07761592
287105,2;0,07758782
287121,4;0,07755123
287138,1;0,077517
287154,6;0,07748652
287171,3;0,07746741
287187,7;0,07746131
287204,4;0,07738859
287220,8;0,07737199
287237,8;0,07733653
287254,1;0,07733653
287270,5;0,07730863
287287,1;0,07725819
287303,7;0,07723187
287320,2;0,0772085
287336,8;0,07720778
287353,9;0,07719272
287369,9;0,077174
287386,5;0,077174
287403,8;0,07715374
287420,3;0,07709315
287436,2;0,07703708
287452,8;0,07700719
287469,6;0,07698847
287486,3;0,07696608
287502,6;0,07696608
287519,7;0,07694443
287535,8;0,07689135
287552,4;0,07687934
287569,2;0,07686367
287585,8;0,07685911
287601,9;0,07681079
287619,1;0,07677716
287635;0,07676604
287651,7;0,07676604
287668,4;0,07674002
287684,9;0,07671184
287701,6;0,07670151
287717,8;0,07668375
287734,4;0,07667191
287750,9;0,07665782
287767,9;0,0766467
287784,3;0,07663187
287800,7;0,07662375
287817,2;0,07662375
287834,2;0,07659346
287850,4;0,0765927
287866,9;0,07658748
287883,5;0,07657488
287900,1;0,07657341
287916,6;0,07657871
287933,2;0,07657871
287949,8;0,07665024
287966,3;0,07678936
287982,9;0,07688229
288000;0,07688229
288016;0,07699685
288033,1;0,07712197
288049,2;0,07744439
288065,8;0,07851912
288082,3;0,07892073
288098,8;0,07952113
288115,7;0,07992388
288132,2;0,08035426
288149,4;0,08110676
288165,1;0,0818143
288181,8;0,08217189
288198,6;0,08292888
288216,6;0,0835456
288231,4;0,08412454
288248;0,08487307
288264,6;0,08522543
288281,1;0,08561713
288297,7;0,08576031
288314,3;0,08714115
288330,8;0,08777
288348;0,08822316
288364,3;0,08864135
288380,5;0,08936799
288397,9;0,09009729
288414;0,09009729
288430,2;0,09082203
288446,9;0,09158017
288463,6;0,09233978
288479,9;0,0926875
288496,6;0,09340885
288513,4;0,09375096
288529,6;0,09453481
288546,7;0,09525204
288562,7;0,09559155
288579,3;0,09630799
288596,7;0,09675241
288612,4;0,09702109
288629,3;0,09739355
288645,6;0,09739355
288662,1;0,09739355
288678,7;0,09739355
288695,3;0,09902093
288711,8;0,1006098
288728,4;0,1010078
288745;0,1017135
288762,2;0,102454
288778,2;0,1027853
288794,7;0,1035156
288811,2;0,1038473
288828,5;0,1045308
288844,6;0,105019
288861,8;0,1056112
288877,5;0,1062927
288894,8;0,1062927
288910,6;0,106969
288927,5;0,1076761
288943,8;0,1083538
288960,3;0,1087095
288976,9;0,109382
288993,6;0,1097303
289010;0,1100505
289026,6;0,1103698
289043,2;0,111454
289059,7;0,112095
289076,3;0,1124728
289093,3;0,1129541
289109,4;0,1134932
289126;0,1141612
289142,9;0,1141612
289159,1;0,1151421
289176;0,1156095
289193,1;0,1161832
289208,8;0,1168158
289225,4;0,1171623
289242;0,1171623
289258,7;0,1178437
289275,1;0,1178437
289291,7;0,1181508
289308,3;0,1181508
289324,8;0,1195841
289341,4;0,1208225
289358,1;0,1211617
289374,5;0,1211617
289391,1;0,1221615
289408,1;0,1227756
289424,2;0,123408
289441;0,1237401
289457,3;0,1243808
289473,9;0,124738
289490,8;0,1250163
289507,1;0,1253434
289523,6;0,1263466
289540,2;0,1269515
289557,3;0,1272814
289573,3;0,1272814
289589,9;0,1282725
289606,4;0,1289002
289623,3;0,1291988
289639,6;0,1298243
289656,1;0,1298243
289672,7;0,1305317
289689,3;0,1314006
289705,8;0,131729
289722,5;0,1320589
289738,9;0,1322585
289755,9;0,132385
289772,9;0,1333343
289788,7;0,1342434
289805,3;0,1346008
289822;0,1351866
289838,7;0,1358351
289854,9;0,1358351
289872,3;0,136519
289888,1;0,1370782
289904,6;0,137394
289921,2;0,1375929
289937,8;0,13768
289954,3;0,1377082
289970,9;0,138872
289987,5;0,1394832
290004;0,1398182
290020,6;0,1400118
290037,2;0,1401722
290054;0,1402658
290070,6;0,1403036
290086,8;0,1403398
290104,3;0,1403405
290120;0,1402566
290137;0,1401123
290153,3;0,1400313
290169,8;0,1399169
290186,3;0,1398092
290202,9;0,1398092
290219,4;0,1395784
290236;0,1393908
290253,5;0,1393193
290269,8;0,1392308
290285,7;0,1392064
290302,6;0,1389173
290319;0,1387623
290335,4;0,138685
290351,9;0,1385375
290368,5;0,1385375
290385,1;0,1383678
290401,6;0,1382412
290418,3;0,138101
290434,8;0,1379537
290451,8;0,1378502
290467,9;0,1377291
290484,5;0,137664
290501;0,1375873
290517,8;0,1375655
290534,2;0,1372948
290550,7;0,1372948
290567,4;0,1372325
290583,9;0,1372325
290600,4;0,1371301
290617;0,1367929
290633,6;0,1366472
290650,2;0,1365141
290667,1;0,1364263
290683,5;0,1362955
290699,8;0,1362243
290717;0,1362243
290733;0,1359513
290749,5;0,1358896
290766,1;0,1357857
290782,8;0,1357452
290799,8;0,1356175
290815,8;0,1355075
290832,4;0,1353835
290848,9;0,1353249
290865,5;0,1353249
290887,5;0,1352084
290898,7;0,1350439
290915,2;0,1349771
290932,2;0,1349446
290948,3;0,1348893
290964,9;0,1347278
290981,4;0,1346357
290998;0,1345898
291015;0,1345898
291031,4;0,1344036
291048;0,1343555
291064,3;0,1343022
291081,1;0,1342109
291097,9;0,1341219
291114;0,1340645
291130,6;0,1340255
291147,2;0,1340166
291164,3;0,1338452
291180,4;0,133809
291197,1;0,133809
291213,7;0,1337588
291230,1;0,133752
291246,5;0,1335501
291263,2;0,1334738
291279,7;0,1334401
291296,2;0,1333586
291313,3;0,1333045
291329,3;0,1332506
291346,6;0,1331739
291362,5;0,1331377
291379,2;0,1331288
291395,6;0,133042
291412,2;0,1330171
291428,8;0,1329837
291445,3;0,1328878
291462,1;0,1328298
291478,5;0,1327988
291495,3;0,1327988
291512;0,1326673
291528,3;0,1326383
291544,8;0,1326004
291561,3;0,1325517
291577,8;0,1325517
291594,7;0,1325227
291611;0,1324205
291627,9;0,1323827
291644,9;0,1323428
291661,3;0,1323049
291677,3;0,1322607
291694,2;0,1322386
291710,6;0,1321855
291727;0,1321301
291743,5;0,1321013
291760,4;0,1320572
291776,7;0,1320572
291793,3;0,1319932
291810,3;0,13196
291826,3;0,1319403
291842,9;0,1319403
291859,5;0,1319403
291876,1;0,1318828
291892,6;0,1318281
291909,2;0,1317598
291925,8;0,1317181
291942,3;0,1316872
291958,9;0,1316432
291975,8;0,1316432
291992,6;0,13156
292008,6;0,1315336
292025,3;0,1315073
292042;0,1314854
292058,3;0,1314854
292075,7;0,1314195
292091,4;0,1313886
292108;0,1313554
292124,8;0,1313403
292141,3;0,1313139
292157,7;0,1312614
292174,7;0,1312046
292191,3;0,1311739
292207,4;0,1311329
292224;0,1311154
292240,5;0,1310781
292257,1;0,1310781
292273,8;0,1310323
292290,7;0,1310128
292306,8;0,1309801
292323,4;0,1309453
292339,9;0,1309322
292357,2;0,1309106
292373,1;0,1309106
292389,6;0,1308934
292406,2;0,1308521
292422,8;0,1308306
292439,9;0,1308069
292455,9;0,1307918
292472,4;0,1307918
292489,6;0,1307768
292506,1;0,1307746
292522,3;0,1307444
292539;0,1307054
292555,7;0,130686
292571,9;0,130686
292588,4;0,1306645
292605,8;0,1306538
292621,6;0,1306366
292644,6;0,1306237
292654,7;0,1306129
292671,4;0,1306065
292688;0,1305806
292705;0,1305806
292721;0,1305591
292738,2;0,1305441
292754,1;0,1305247
292770,7;0,1305183
292787,2;0,1305183
292803,8;0,1304905
292820,7;0,1304689
292836,9;0,1304646
292853,5;0,1304582
292870,1;0,1304518
292886,6;0,1304388
292903,6;0,1304238
292920,4;0,1304173
292936,4;0,1304173
292953;0,1304001
292969,4;0,1303894
292986,2;0,1303722
293002,8;0,1303571
293019,2;0,1303571
293035,9;0,1303249
293052,3;0,1303098
293068,8;0,1302969
293085,4;0,1302948
293102,2;0,130284
293118,9;0,130284
293135,1;0,1302776
293151,7;0,1302711
293168,6;0,1302518
293184,8;0,1302133
293201,7;0,1301896
293218;0,1301854
293234,5;0,1301681
293251,3;0,1301595
293268,2;0,1301595
293285,2;0,1301359
293300,8;0,130123
293318,2;0,1301058
293334,3;0,1301058
293350,5;0,1300993
293367,1;0,1300735
293383,6;0,1300542
293400,2;0,1300434
293416,8;0,1300434
293433,3;0,1300305
293449,9;0,1300198
293466,5;0,1300133
293483,1;0,1300155
293499,7;0,1300047
293516,2;0,1299983
293532,9;0,1299918
293549,6;0,1299875
293565,9;0,129966
293582,5;0,1299552
293599;0,1299466
293615,6;0,1299402
293632,3;0,1299316
293648,7;0,1299165
293665,3;0,1299101
293681,8;0,1299079
293698,4;0,129895
293715;0,1298843
293731,5;0,1298757
293748,1;0,1298757
293764,7;0,1298714
293781,2;0,1298714
293798,3;0,1298692
293814,4;0,1298434
293831,2;0,1298133
293847,5;0,1298026
293864;0,129794
293881,1;0,1297767
293898;0,1297767
293913,8;0,1297789
293930,7;0,1297595
293948;0,1297509
293963,8;0,1297466
293980;0,1297466
293996,6;0,1297402
294013,2;0,1297251
294030,3;0,1297101
294046,3;0,1297101
294062,9;0,1296993
294079,5;0,1296907
294096;0,1296778
294112,6;0,1296757
294129,9;0,1296671
294145,7;0,1296671
294162,3;0,1296606
294178,8;0,1296606
294195,4;0,1296757
294211,9;0,1296864
294228,6;0,12968
294245,5;0,1296864
294261,7;0,1296843
294278,6;0,1296907
294295,5;0,1296929
294311,4;0,1297015
294328;0,1297099
294344,5;0,1297122
294361,1;0,1297187
294378;0,1297187
294394,2;0,1297294
294410,8;0,1297294
294427,4;0,1297294
294444,1;0,129738
294460,5;0,1297726
294477;0,1298268
294493,6;0,1298418
294510,6;0,1298681
294527,4;0,1298681
294543,3;0,1299073
294559,8;0,1299268
294576,4;0,1299616
294593,3;0,1299989
294610,1;0,1300055
294626,1;0,130054
294642,7;0,1301064
294659,3;0,1301064
294675,8;0,1302184
294692,4;0,1302184
294709,6;0,1302778
294725,5;0,1303375
294742,1;0,1303972
294759,3;0,1304528
294775,3;0,1304528
294791,8;0,1304906
294808,3;0,1306361
294824,9;0,1306986
294841,9;0,1307928
294858,7;0,1308473
294874,6;0,1309423
294891,2;0,1310066
294908;0,1311018
294924,3;0,1311545
294940,9;0,1312588
294957,5;0,1313275
294974,2;0,1314208
294990,6;0,1315466
295007,2;0,1316108
295024,2;0,1316768
295040,7;0,1316768
295057;0,1317458
295073,4;0,1318054
295090,5;0,1320456
295106,6;0,1321858
295123,3;0,1323121
295139,7;0,1324453
295156,4;0,1324453
295172,8;0,1325654
295189,4;0,1327249
295206,3;0,1328626
295222,5;0,1329604
295239,1;0,1330712
295255,7;0,1331457
295272,2;0,1332064
295288,8;0,1332548
295310,9;0,133391
295327,4;0,1336379
295344,8;0,1337575
295360,8;0,1337575
295377,2;0,133902
295393,8;0,1340095
295410,7;0,1341452
295426,8;0,1342563
295443,4;0,1343269
295460,4;0,1343801
295476,5;0,1345015
295493,1;0,1345015
295509,7;0,1347225
295526,3;0,1347225
295542,9;0,1348445
295559,3;0,134928
295576,1;0,1350181
295592,5;0,1350723
295609,1;0,1351057
295625,7;0,1351303
295642,7;0,1352592
295659,2;0,1353012
295675,5;0,1353012
295692;0,1353321
295708,5;0,1353453
295725;0,1353915
295741,8;0,1354834
295760,8;0,1355534
295777,4;0,1355754
295794,3;0,1355754
295810,8;0,1356053
295827,5;0,1356139
295844,8;0,135642
295861,3;0,135642
295878,6;0,1356528
295894,5;0,1356526
295911,1;0,1356506
295927,6;0,1356423
295944,2;0,1356423
295960,8;0,1356196
295977,3;0,1356095
295993,9;0,1355806
296010,4;0,1355728
296027;0,1355445
296044,1;0,135524
296060,2;0,135492
296076,7;0,1354552
296093,3;0,1354552
296110,5;0,1354107
296126,4;0,1353665
296145,9;0,1353103
296159,7;0,1352651
296176,5;0,135207
296192,7;0,1351766
296209,8;0,1350924
296226,2;0,1350924
296242,4;0,1349666
296259;0,1349313
296275,5;0,1349313
296292,1;0,1347352
296308,9;0,1347352
296325,3;0,1346919
296342,4;0,1346919
296358,3;0,1345924
296374,9;0,1343494
296391,5;0,1342409
296408,1;0,1341727
296424,8;0,134043
296441,2;0,1339014
296457,8;0,1338199
296474,3;0,1336669
296490,9;0,1336002
296507,8;0,133444
296524;0,1333548
296541;0,1331916
296557,8;0,1330203
296573,9;0,1330203
296590,3;0,1328494
296607;0,1326604
296623,4;0,1325047
296640;0,1323415
296656,6;0,1321579
296673,1;0,1320612
296690,3;0,1318508
296706,3;0,1316243
296723,4;0,131526
296740,1;0,1313096
296755,9;0,1311915
296772,5;0,1310681
296789,4;0,1309984
296805,7;0,1306298
296822,3;0,1305896
296838,8;0,1302062
296855,3;0,1300164
296872,3;0,1297947
296888,5;0,1295701
296905,1;0,1293867
296921,8;0,129238
296938,4;0,1291699
296954,8;0,129099
296971,5;0,1289543
296988,1;0,1289425
297004,5;0,12864
297021;0,1281968
297041,7;0,1276447
297059,3;0,1271899
297075,4;0,127034
297091,4;0,1267076
297108,2;0,1265416
297125,3;0,126392
297141,4;0,1261378
297157,7;0,125751
297174,3;0,1255926
297190,8;0,1252511
297207,4;0,1250352
297223,9;0,1247477
297240,5;0,1244167
297257,8;0,1242303
297273,8;0,1239025
297290,2;0,1237476
297306,8;0,1237476
297323,3;0,1231118
297339,9;0,1228813
297357,4;0,1226623
297373,2;0,1225444
297390,3;0,1224155
297406,6;0,1218778
297422,8;0,1216866
297439,3;0,1213487
297456;0,1211566
297472,6;0,1208061
297489,3;0,1204936
297506;0,1203375
297522,6;0,1201728
297538,7;0,1201045
297555,3;0,1195289
297572,2;0,1193036
297588,4;0,1192158
297605;0,1191492
297621,8;0,1190619
297638,1;0,1188619
297654,7;0,1181761
297671,3;0,1178401
297687,8;0,1176546
297704,4;0,1174111
297721,8;0,1172646
297737,8;0,1172646
297754,1;0,1166904
297770,8;0,1165011
297787,5;0,1162784
297804,1;0,1161517
297820,3;0,1161469
297837,5;0,115709
297853,9;0,1155065
297870,1;0,1152922
297887,2;0,1151107
297904,1;0,1148586
297920;0,1147466
297936,7;0,1147466
297953;0,1144263
297969,8;0,1141599
297986,1;0,1140577
298002,6;0,1139499
298019,1;0,1138502
298035,7;0,1135422
298052,3;0,1135422
298068,8;0,1132387
298085,4;0,1131361
298102,4;0,1130076
298118,6;0,1127415
298135,1;0,1125564
298152;0,1124633
298168,3;0,1123351
298184,8;0,112178
298201,4;0,112109
298218,1;0,112109
298234,6;0,1120269
298251,3;0,1119323
298267,6;0,1119323
298284,2;0,1118389
298300,8;0,1115163
298317,8;0,1111743
298333,9;0,1111199
298350,5;0,1110159
298367,4;0,1108164
298384,1;0,1107233
298400,2;0,1105416
298416,8;0,1105002
298434,3;0,1103448
298449,9;0,1101842
298466,4;0,1101842
298483;0,110007
298499,6;0,1098226
298516,6;0,1097405
298533,3;0,1095944
298550,1;0,1095059
298565,8;0,1094288
298583,2;0,1092553
298599;0,1091974
298615,5;0,1090537
298632,1;0,1089876
298648,7;0,1088824
298665,3;0,1088552
298681,8;0,1087294
298699,3;0,1085978
298715,1;0,1084765
298731,7;0,1084179
298748,1;0,1084179
298770;0,1083776
298782,1;0,1081032
298797,8;0,1080251
298814,3;0,1079835
298831,1;0,1079835
298847,5;0,1077427
298864;0,1076768
298881;0,1076236
298897,2;0,1076236
298913,8;0,1075652
298930,3;0,1073402
298946,9;0,1072119
298963,4;0,107104
298980,1;0,1069909
298996,6;0,106927
299013,2;0,1068764
299030,3;0,1067666
299046,5;0,1066577
299062,8;0,1065787
299079,6;0,1065009
299097;0,1065009
299113,1;0,1064434
299129,1;0,1062417
299146,1;0,1061959
299162,4;0,1061444
299179,1;0,1061444
299195,4;0,1059426
299211,9;0,1058781
299228,8;0,1057985
299245,1;0,1057553
299262;0,1057553
299278,2;0,1056861
299294,8;0,1055216
299311,3;0,1054364
299328;0,1054364
299344,5;0,1053394
299361,2;0,1052717
299377,8;0,1051984
299394,3;0,1051168
299410,8;0,1051168
299427,3;0,1050489
299443,9;0,1049786
299460,4;0,1049786
299477;0,1048828
299493,6;0,1048194
299510,3;0,1048194
299527;0,1047883
299543,3;0,1047727
299559,8;0,1047601
299576,6;0,1047066
299593;0,1045578
299614,6;0,1044924
299626,1;0,1044829
299642,8;0,1044285
299659,3;0,1043786
299675,8;0,1043339
299692,4;0,104309
299709,6;0,104309
299725,5;0,1042401
299742,1;0,1042029
299758,6;0,1041631
299775,5;0,104159
299797,7;0,1041041
299814,4;0,1040685
299830,9;0,1040519
299847,4;0,1040135
299864,7;0,1040135
299880,6;0,1039695
299897,1;0,1039433
299913,7;0,1039433
299930,3;0,1038695
299946,8;0,1038435
299963,4;0,1038067
299979,9;0,1037818
299996,5;0,1037312
300013,1;0,1037035
300029,7;0,1036623
300046,2;0,1036169
300062,9;0,1035935
300079,4;0,1035414
300095,9;0,1035139
300112,8;0,1034757
300129,2;0,1034525
300146,4;0,1034525
300162,8;0,1034223
300178,9;0,1034223
300195,8;0,1034128
300211,9;0,1033017
300228,5;0,1032058
300245;0,1031291
300261,6;0,1030702
300278,2;0,1030151
300294,8;0,1029682
300311,3;0,1029348
300327,8;0,1029107
300344,4;0,1028787
300361;0,1027939
300377,6;0,1027406
300394,2;0,1027102
300410,7;0,1026907
300427,3;0,1026645
300443,9;0,1026041
300460,4;0,1025555
300477;0,102536
300493,5;0,102515
300511,1;0,1024788
300527,7;0,102436
300544,3;0,1024128
300561,4;0,102366
300577,4;0,1023386
300593,9;0,1022998
300610,5;0,1022792
300627,1;0,102274
300643,8;0,1022005
300660,3;0,1021722
300676,8;0,1021271
300693,4;0,1021038
300710,4;0,1020586
300726,5;0,1020239
300743;0,1019817
300759,8;0,1019573
300776,3;0,1019573
300792,7;0,1019316
300809,7;0,1019085
300825,9;0,1019085
300842,6;0,1018827
300859,6;0,1018243
300875,6;0,1017296
300892,3;0,1016723
300908,9;0,1016379
300925,4;0,10161
300942,3;0,1015808
300960,1;0,10154
300976,6;0,1015121
300993,2;0,1014956
301009,9;0,1014626
301026,3;0,1014331
301042,9;0,1014153
301059,4;0,101386
301076;0,1013706
301093;0,1013579
301109,4;0,1013488
301125,7;0,1013119
301142,3;0,1013004
301158,9;0,1012786
301175,4;0,1012786
301192,3;0,1012505
301208,8;0,1012198
301226,1;0,1012046
301241,7;0,1011968
301258,6;0,1011893
301274,8;0,1011461
301291,4;0,1011334
301308,3;0,1011131
301324,5;0,1010979
301341,1;0,1010739
301357,7;0,1010433
301374,6;0,1010394
301391;0,1010062
301407,3;0,1009794
301424,7;0,1009678
301440,5;0,1009565
301457,1;0,100936
301473,8;0,1009194
301490,2;0,1009118
301507;0,1008015
301523,3;0,1007415
301539,9;0,1007156
301556,6;0,1007119
301573,6;0,1006281
301589,9;0,1006002
301606,3;0,1005591
301622,8;0,1005591
301639,4;0,1005337
301656,3;0,100446
301672,6;0,1004013
301689,5;0,1003822
301706;0,1003783
301722,1;0,1002881
301741,8;0,1001312
301741,8;0,1000806
301761,8;0,0999964
301779,2;0,09998126
301794,9;0,09994348
301811,5;0,09984762
301828,2;0,09982009
301844,8;0,0997884
301861,3;0,09973821
301877,8;0,09968148
301894,3;0,09968148
301910,9;0,09963129
301927,5;0,09957854
301944,1;0,09957854
301960,6;0,09947834
301977,3;0,09946473
301993,8;0,09946473
302010,3;0,09943738
302026,9;0,09940644
302043,5;0,09930026
302060;0,09921836
302076,6;0,09919395
302093,2;0,09915856
302109,7;0,09911943
302126,3;0,09911943
302142,8;0,09901726
302159,5;0,09901007
302176,2;0,09894696
302192,6;0,09892046
302209,4;0,09887107
302225,9;0,09884311
302242,3;0,09882046
302259,3;0,09879269
302275,9;0,09872082
302292;0,09869304
302309,2;0,0986418
302325,1;0,09861054
302341,7;0,09856375
302358,7;0,09851448
302374,9;0,09848851
302391,3;0,09844081
302407,9;0,09839687
302424,5;0,09836452
302441,5;0,09833715
302457,6;0,09833715
302474,2;0,09826593
302490,8;0,09822207
302507,3;0,09818884
302523,9;0,09814875
302544,9;0,0981003
302557;0,09807095
302573,6;0,09802394
302590,2;0,09802394
302606,8;0,09797554
302623,3;0,09797554
302639,9;0,0979472
302656,4;0,09794481
302673,3;0,09788231
302689,6;0,09779644
302706,1;0,09775514
302722,7;0,09771412
302739,3;0,09768484
302755,8;0,09765062
302772,4;0,09762577
302789;0,09759992
302805,8;0,09758353
302822,1;0,09752347
302839,1;0,09748831
302855,3;0,09746502
302871,8;0,09746502
302888,4;0,09740616
302905;0,09735893
302921,5;0,0973096
302938,1;0,09728346
302954,6;0,09728346
302971,7;0,09721025
302987,8;0,09718661
303004,3;0,09710252
303020,9;0,09710252
303037,4;0,0970407
303054;0,09699653
303070,6;0,09697022
303087,4;0,09691449
303103,7;0,09691449
303120,3;0,09684941
303136,9;0,09679125
303153,4;0,09675948
303170;0,09675948
303186,6;0,09670625
303203,1;0,09663264
303219,7;0,09659836
303236,3;0,09655135
303252,8;0,09655135
303269,4;0,09652521
303286,1;0,09652293
303302,8;0,09652293
303319,6;0,09642974
303335,7;0,09633996
303352,5;0,09626511
303369,1;0,09623898
303385,4;0,09619673
303402;0,09616756
303418,5;0,09611852
303435,1;0,09608359
303451,6;0,09603692
303468,2;0,09600183
303485,1;0,09597481
303501,9;0,09593506
303517,9;0,09590495
303534,5;0,09586759
303551,8;0,09583034
303567,6;0,09580693
303584,2;0,09578357
303601,1;0,09574509
303617,6;0,09574509
303634,3;0,09568316
303650,5;0,09566196
303667;0,09565842
303683,6;0,09558846
303700,1;0,09556644
303716,7;0,09553628
303733,3;0,09551647
303750,1;0,0954817
303766,4;0,09544795
303783,9;0,09542824
303799,9;0,09539095
303816,1;0,09537484
303832,8;0,09534346
303849,9;0,09532703
303866,3;0,09532703
303883,1;0,09528879
303898,9;0,09527474
303915,5;0,09526212
303932,1;0,09525619
303948,6;0,09522476
303965,2;0,09518431
303982,1;0,09514695
303998,3;0,09513324
304015;0,09510895
304031,8;0,09509733
304048,3;0,09509733
304064,6;0,09505256
304081,5;0,09504106
304097,7;0,09502733
304114,5;0,09501821
304130,9;0,09500565
304147,4;0,09499646
304164;0,09499076
304180,6;0,09498158
304197,4;0,09496343
304214;0,09495994
304230,5;0,09495087
304246,8;0,09494174
304263,4;0,09494063
304280,7;0,09493831
304297,2;0,09493272
304313,2;0,09492812
304329,7;0,09492232
304346,3;0,09492121
304362,8;0,09491208
304380,1;0,09490871
304396,3;0,09490417
304412,5;0,09490184
304429;0,09490063
304446,3;0,09490063
304462,5;0,09489393
304478,9;0,09488602
304495,3;0,09488259
304511,9;0,09487911
304528,5;0,09487567
304545;0,09487567
304561,6;0,09487119
304578,2;0,0948723
304594,7;0,09487341
304611,9;0,09487335
304627,9;0,09486997
304644,4;0,09486997
304661,6;0,09486338
304677,7;0,09486227
304694,6;0,09485436
304710,9;0,09485094
304727,3;0,09485094
304744,1;0,09485088
304760,4;0,09484413
304776,9;0,0948408
304793,5;0,0948408
304810,1;0,09483748
304827,3;0,09483405
304843,2;0,09483183
304859,8;0,09482265
304876,4;0,09481917
304893,8;0,09481695
304909,5;0,09481806
304926,2;0,0948169
304942,6;0,09481579
304959,2;0,09481358
304976,1;0,09481358
304992,9;0,09481574
305009,3;0,09481569
305025,6;0,09481569
305042;0,09481569
305058,6;0,09481458
305075,8;0,09481458
305092,4;0,0948169
305108,5;0,09481247
305125;0,09481474
305141,4;0,09481247
305158,4;0,09481358
305174,7;0,09481595
305191,3;0,09481595
305207,9;0,09481595
305229,6;0,0948159
305240,8;0,0948149
305258,1;0,09481943
305274,4;0,09482276
305290,7;0,09481938
305307,1;0,09481938
305324;0,09482387
305340,4;0,09482387
305357,2;0,09482719
305373,4;0,09482951
305389,9;0,09483394
305406,5;0,09483394
305423,1;0,09483737
305439,6;0,09484629
305456,7;0,09485193
305473,3;0,0948599
305489,5;0,09486101
305505,9;0,0948723
305522,5;0,09488137
305539;0,09488796
305555,6;0,09489355
305572,2;0,09489809
305588,7;0,094906
305605,3;0,094906
305621,8;0,09491281
305638,4;0,0949174
305655;0,09491735
305671,8;0,09493101
305688,5;0,09493915
305704,7;0,09494147
305721,3;0,09494828
305738,5;0,0949573
305754,4;0,09495846
305771;0,0949687
305787,5;0,09497445
305804,1;0,09497561
305820,8;0,09498131
305837,2;0,09498131
305853,8;0,09498131
305870,7;0,09498125
305886,9;0,09499946
305903,5;0,09500284
305920,2;0,09501202
305936,6;0,09501424
305953,2;0,09501424
305970,3;0,09501291
305986,6;0,09502204
306002,9;0,09502431
306019,8;0,09503233
306036;0,09504019
306052,6;0,09504473
306069,2;0,09504811
306085,7;0,09505143
306102,8;0,09505829
306119,3;0,09506061
306135,4;0,09506631
306152;0,0950698
306168,6;0,09507206
306185,1;0,09507433
306201,7;0,09508114
306218,3;0,09508341
306234,8;0,09508668
306251,4;0,0950947
306267,9;0,09509586
306284,9;0,09509586
306301,5;0,0950947
306317,7;0,09510842
306334,2;0,09511412
306350,8;0,09511982
306367,4;0,09511982
306384,7;0,09512547
306400,5;0,09513222
306417,3;0,09513675
306433,6;0,09513902
306450,2;0,09513792
306466,8;0,09513897
306483,3;0,09514572
306500,1;0,09514572
306516,4;0,09514456
306533,3;0,0951559
306549,6;0,09516936
306566,2;0,09517506
306582,9;0,09517606
306599,3;0,09517837
306615,8;0,09518291
306632,4;0,09518972
306649;0,09518972
306666,2;0,09520323
306682,3;0,09520433
306698,7;0,09521452
306715,7;0,09521779
306731,8;0,09522697
306748,4;0,0952304
306765;0,09523156
306781,5;0,09523488
306798,1;0,09524501
306814,7;0,09524944
306831,3;0,09525287
306847,8;0,09525287
306864,3;0,09525857
306880,9;0,09527097
306897,5;0,09527323
306914,1;0,09527318
306930,6;0,09527545
306947,3;0,09528807
306963,8;0,09528922
306980,3;0,09528917
306996,9;0,09529492
307013,7;0,09529603
307030,9;0,09529714
307046,9;0,09529714
307063,4;0,09529936
307079,7;0,09529936
307096,3;0,09529814
307113,7;0,09529703
307129,4;0,09529703
307146;0,09530152
307162,6;0,09529924
307179,1;0,09530384
307195,7;0,09531175
307212,3;0,09531629
307228,8;0,09531629
307245,4;0,09532774
307262;0,0953299
307278,5;0,09533677
307295,1;0,09533677
307311,8;0,09533914
307328,2;0,09534827
307344,9;0,0953517
307361,3;0,09535275
307378;0,09535497
307394,5;0,09535729
307411,6;0,09535729
307427,6;0,09535956
307444,6;0,09535729
307461;0,09535729
307477,3;0,09535608
307493,9;0,09535491
307510,5;0,09535275
307527;0,0953481
307543,6;0,09534827
307560,4;0,09534495
307576,8;0,09534041
307593,3;0,09534047
307609,9;0,09534041
307626,4;0,09533466
307643,1;0,09533814
307659,9;0,09533133
307676,2;0,09532907
307692,7;0,09532553
307709,7;0,09531756
307725,8;0,09531872
307742,4;0,09531988
307759;0,09531988
307775,5;0,09531988
307792,3;0,09531877
307808,7;0,09531418
307825,7;0,09529825
307841,8;0,09529482
307858,4;0,09529482
307874,9;0,09528463
307891,5;0,09528363
307908,1;0,09528021
307924,8;0,09527683
307941,8;0,09527683
307957,8;0,09526997
307974,3;0,09527002
307991,5;0,09526327
308007,4;0,0952542
308024,1;0,09524739
308040,6;0,09524064
308057,5;0,09523948
308074,2;0,09522702
308090,7;0,09522481
308106,9;0,0952237
308123,4;0,09521917
308140,1;0,09520998
308157,3;0,09521114
308173,3;0,09520777
308190,1;0,09520666
308206,3;0,09520439
308222,9;0,0952009
308239,4;0,09519658
308256,3;0,09519088
308272,5;0,09518629
308289,3;0,09518629
308306,2;0,0951703
308322,4;0,09516571
308339;0,09516344
308355,3;0,09516112
308372,3;0,09515663
308388,5;0,09515663
308405,1;0,09515093
308421,6;0,09514983
308438,3;0,0951454
308454,8;0,09513532
308471,3;0,09512281
308488,7;0,09512281
308504,6;0,09512182
308521,4;0,0951196
308537,6;0,09511501
308554,2;0,09511501
308571,2;0,0951082
308587,3;0,09510267
308603,9;0,09509923
308620,4;0,09509459
308637;0,09509343
308653,6;0,09508552
308670,5;0,09508203
308686,8;0,09507976
308703,3;0,09507749
308719,8;0,09506963
308736,4;0,09506393
308753;0,09506172
308769,7;0,09505037
308786,1;0,09505037
308803,4;0,09504257
308819,3;0,0950335
308836,1;0,09502896
308852,4;0,09501994
308869;0,09501994
308885,6;0,09500759
308902,3;0,09500427
308918,9;0,09499973
308935,3;0,09499973
308951,8;0,0949849
308968,3;0,0949792
308985,3;0,09497467
309001,5;0,09497018
309018;0,09497018
309034,6;0,09496681
309051,7;0,09496681
309067,7;0,09496791
309084,3;0,09494655
309100,9;0,09493869
309117,4;0,09493753
309134;0,09493526
309150,6;0,09492502
309167,1;0,0949238
309183,7;0,09491932
309200,3;0,09491932
309217,3;0,09490123
309233,5;0,0948989
309250,2;0,0948922
309266,5;0,09488656
309283,6;0,09487743
309299,7;0,09487627
309317,2;0,09487627
309333;0,09485928
309350;0,09485474
309366,2;0,09485479
309382,6;0,09485147
309399,1;0,09485147
309415,6;0,09484461
309432,2;0,09484351
309448,8;0,09483559
309466;0,09483
309481,9;0,09482657
309498,4;0,09482092
309515;0,09482092
309532,2;0,0948119
309548,4;0,09480172
309564,7;0,0947994
309581,5;0,09480067
309597,9;0,09479502
309614,5;0,09478594
309631,5;0,09477919
309647,6;0,09477571
309664,3;0,09477571
309680,8;0,09477349
309697,3;0,09477007
309713,8;0,09477007
309730,6;0,09476005
309746,9;0,09476005
309763,6;0,09475435
309780,1;0,09475329
309796,7;0,09474643
309813,2;0,09474305
309829,8;0,09474079
309846,5;0,09473741
309862,9;0,0947363
309879,5;0,09473065
309896,1;0,09472833
309912,6;0,09472612
309929,2;0,09472612
309945,8;0,09472506
309962,6;0,09472174
309978,9;0,09471604
309995,4;0,09471262
310012,4;0,09471034
310029;0,09471034
310046,2;0,09471256
310062,3;0,09470923
310078,3;0,09470697
310094,8;0,09470359
310111,5;0,09470011
310128,2;0,09470011
310144,8;0,09470011
310161,1;0,09470011
310177,8;0,09470011
310194,3;0,09469557
310211,3;0,09468892
310227,4;0,09468555
310244;0,0946866
310260,6;0,09468433
310277,5;0,09468549
310293,8;0,09468433
310310,4;0,09468433
310326,8;0,09468433
310343,3;0,09468317
310360,5;0,09467747
310376,5;0,09467974
310393,1;0,09467631
310409,8;0,09467515
310426,2;0,09467504
310442,8;0,09467615
310459,3;0,09467725
310475,9;0,09467155
310492,8;0,09467383
310509,1;0,09466823
310525,6;0,09466381
310542,2;0,09466048
310558,7;0,09466048
310575,3;0,09465937
310591,8;0,09465937
310608,7;0,09465937
310625,7;0,09465948
310641,6;0,09465611
310658,1;0,09464835
310675,5;0,09464609
310691,6;0,0946416
310708,3;0,09463601
310724,4;0,09463601
310741,5;0,09463601
310757,7;0,09463601
310774,1;0,09463158
310790,9;0,09462931
310807,2;0,09462926
310823,8;0,09462821
310840,8;0,09462593
310857,7;0,09462372
310873,5;0,09462145
310890,3;0,09462477
310906,8;0,0946214
310923,3;0,09461797
310939,8;0,09461797
310956,9;0,09461797
310973;0,09461797
310990,1;0,09461243
311006;0,09460684
311022,6;0,09460573
311039,2;0,09460573
311055,9;0,09460463
311072,3;0,09460352
311088,9;0,09460789
311105,4;0,09460451
311122;0,09460451
311138,9;0,09460004
311155,1;0,09460004
311172,1;0,09459223
311188,4;0,09459112
311204,8;0,0945899
311221,4;0,09458758
311237,9;0,09458426
311254,8;0,0945842
311271,6;0,09458088
311287,7;0,09458088
311304,9;0,09457313
311321,2;0,09456976
311337,4;0,09456976
311355,5;0,09456865
311370,8;0,09456976
311387,5;0,09456195
311403,6;0,09456195
311420,2;0,09455863
311436,8;0,09455863
311453,4;0,09455641
311469,9;0,09455188
311486,5;0,09454855
311503;0,0945485
311520,4;0,0945496
311536,2;0,09454844
311553;0,09454512
311569,3;0,09454512
311586,1;0,09454058
311602,4;0,09454058
311619;0,09454169
311635,6;0,09453388
311652,4;0,09452835
311669,3;0,09452276
311685,3;0,09451944
311701,8;0,09451362
311718,4;0,09451362
311735;0,09450571
311751,9;0,09450461
311768,4;0,09450234
311784,7;0,09450117
311801,5;0,09449785
311817,8;0,09449564
311834,4;0,09449115
311850,9;0,09449115
311867,5;0,09448778
311884,1;0,0944844
311900,8;0,0944844
311917,2;0,09447438
311933,8;0,09447095
311950,3;0,09446763
311966,9;0,09446763
311983,5;0,09446541
312000,3;0,0944565
312016,9;0,09445207
312033,2;0,09444869
312049,7;0,09444869
312066,7;0,09444194
312082,8;0,09444083
312099,4;0,09443967
312116;0,09442639
312132,8;0,09442411
312149,1;0,09441963
312165,7;0,0944152
312182,5;0,09440956
312198,8;0,09440956
312215,8;0,09440513
312232;0,09440513
312248,5;0,09440286
312265,1;0,09440064
312281,7;0,09439732
312298,2;0,09437949
312315,6;0,09437174
312331,9;0,09436731
312347,9;0,09436167
312364,5;0,09435607
312381,1;0,09435497
312398,2;0,09435054
312414,8;0,09434722
312430,8;0,09434052
312447,3;0,09434052
312464,5;0,09433936
312480,5;0,09432712
312497;0,09432707
312513,6;0,09432369
312530,5;0,09432369
312546,8;0,09432258
312563,7;0,09432147
312579,9;0,09431705
312596,5;0,09431256
312613;0,09431024
312629,6;0,09430249
312646,3;0,09429579
312663,1;0,09429579
312679,3;0,09429579
312695,8;0,09429357
312712,4;0,09429357
312729,2;0,09429136
312745,8;0,09428466
312762,1;0,09428466
312778,7;0,09428245
312795,2;0,09427913
312812,1;0,09427248
312828,4;0,09427248
312844,9;0,09426799
312862,1;0,09427021
312878,1;0,09426799
312894,9;0,09426799
312911,2;0,09426689
312927,8;0,09426799
312944,3;0,09426135
312960,9;0,09426689
312977,5;0,09426689
312994;0,09426689
313010,6;0,09426357
313027,2;0,09425803
313043,7;0,09425581
313060,4;0,09425139
313076,8;0,09425139
313093,6;0,09424695
313111,1;0,09424585
313126,9;0,09424142
313143,1;0,09424363
313159,7;0,09424363
313176,3;0,09424253
313193,1;0,09423921
313209,4;0,09424031
313225,9;0,09423809
313242,5;0,09423477
313259,1;0,09423477
313275,9;0,09423367
313292,5;0,09423477
313309,4;0,09423477
313325,3;0,09423367
313342,3;0,09422813
313359,4;0,09422591
313375,4;0,0942237
313391,6;0,09422149
313408,2;0,09421927
313424,8;0,09421705
313441,3;0,09421484
313457,9;0,09421373
313474,9;0,0942082
313491;0,09420598
313507,8;0,09420045
313524,2;0,09420155
313540,7;0,09419823
313557,5;0,09419269
313573,9;0,09418383
313590,4;0,09418272
313607;0,09418383
313623,9;0,0941794
313640,1;0,0941794
313656,7;0,09417608
313673,3;0,09418051
313690,3;0,09418051
313706,6;0,0941794
313723;0,0941783
313740,2;0,0941783
313756,1;0,09417497
313772,7;0,09417497
313789,2;0,09417276
313805,9;0,09417276
313822,3;0,09417165
313839,1;0,09417165
313855,5;0,09416944
313872,7;0,09416611
313888,6;0,09416833
313905,2;0,09416833
313921,8;0,094165
313938,3;0,09416833
313955,6;0,09416611
313971,5;0,094165
313991,6;0,09415947
314004,6;0,09415615
314021,5;0,09415836
314037,7;0,09415615
314054,8;0,09415393
314070,9;0,09415393
314087,8;0,0941484
314104,1;0,09415061
314120,6;0,09415172
314137,2;0,0941484
314153,7;0,09414618
314170,3;0,09414729
314186,8;0,09414729
314203,7;0,09413954
314220;0,09414175
314236,5;0,09414396
314253,1;0,09414285
314269,7;0,09414285
314286,2;0,09413732
314302,8;0,09414064
314319,4;0,09413732
314335,9;0,09413732
314352,5;0,09413511
314369,1;0,094134
314386;0,09413511
314402,7;0,09413622
314419,1;0,09413622
314435,3;0,09413511
314451,9;0,094134
314468,4;0,09412846
314485;0,09412957
314502,3;0,09412957
314518,4;0,09412625
314534,7;0,09412625
314551,4;0,09412292
314568,1;0,09412292
314584,4;0,09412403
314601;0,09412403
314617,6;0,09411739
314634,3;0,09411518
314650,7;0,09411628
314667,3;0,0941185
314683,8;0,0941185
314700,4;0,09411739
314716,9;0,09411739
314733,5;0,09411628
314750,2;0,09411407
314766,7;0,09411296
314783,2;0,09411739
314800,4;0,09411739
314816,4;0,09411739
314832,9;0,09411739
314849,5;0,0941185
314866,1;0,0941185
314882,6;0,0941185
314899,2;0,09411296
314915,8;0,09411185
314932,7;0,09411074
314948,9;0,09410521
314965,5;0,09409967
314982,1;0,09409635
314998,9;0,09409635
315015,2;0,09409524
315032,3;0,09409413
315049;0,09409081
315065,5;0,09408638
315081,8;0,09408638
315098,5;0,09408749
315114,6;0,09408527
315131,1;0,09408084
315147,8;0,09407973
315164,3;0,09407752
315180,8;0,09407198
315197,4;0,09407198
315214;0,09407198
315230,5;0,0940598
315247,1;0,09405759
315263,7;0,09406202
315280,2;0,09406313
315296,8;0,0940598
315313,7;0,09405759
315330;0,09405316
315346,9;0,09405648
315363,1;0,09405316
315379,6;0,09405316
315396,8;0,09404983
315413;0,09404983
315429,3;0,09404983
315445,9;0,09404983
315462,7;0,09404872
315479,2;0,09404872
315496,3;0,09405537
315512,2;0,09405648
315529;0,09405537
315546,1;0,09405648
315561,9;0,09405648
315578,4;0,09406423
315595;0,09406202
315612,2;0,09405759
315628,1;0,09405537
315644,7;0,09405316
315661,4;0,09404872
315677,8;0,09404762
315694,4;0,09404762
315711,6;0,0940443
315728;0,09404097
315744,5;0,09404097
315760,9;0,09403986
315777,7;0,09403654
315793,8;0,09403544
315810,5;0,09403544
315826,9;0,09402768
315844;0,09402879
315860,3;0,09402879
315876,6;0,09402879
315893,2;0,09402547
315909,9;0,0940299
315926,3;0,09402879
315943,2;0,09402658
315959,5;0,09402879
315976,6;0,09402768
315992,6;0,0940299
316009,3;0,0940299
316025,7;0,09402879
316042,3;0,09402547
316059,4;0,09402768
316075,4;0,09402658
316092;0,09402768
316108,6;0,09402215
316125,1;0,09402104
316141,7;0,09402215
316159;0,09402436
316175,2;0,09402436
316191,4;0,09401882
316207,9;0,09401772
316224,8;0,09401882
316241,1;0,0940144
316257,9;0,0940144
316274,9;0,09401882
316291,7;0,09401882
316308,2;0,09400886
316323,9;0,09400886
316340,5;0,09400775
316357,8;0,09400775
316373,6;0,09400775
316390,3;0,09400443
316406,8;0,09400111
316423,5;0,09400111
316440,2;0,09399889
316456,4;0,09399557
316473;0,09399668
316489,7;0,09399668
316506,5;0,09399225
316522,8;0,09399336
316539,3;0,09399336
316555,8;0,09399446
316572,4;0,09399446
316589;0,09399225
316605,6;0,09399225
316622,2;0,09399225
316644;0,09399446
316655,4;0,09399668
316672,2;0,09399446
316688,9;0,09399446
316705,6;0,09399446
316721,5;0,09398782
316738,4;0,09398782
316754,7;0,09399446
316771,3;0,09399004
316787,9;0,09398671
316804,4;0,0939856
316821,1;0,0939856
316837,5;0,09398228
316854,4;0,09397674
316871,5;0,09397342
316887,2;0,09397232
316903,9;0,09397121
316920,3;0,09397232
316937,3;0,09397785
316953,7;0,09398007
316970,3;0,09398007
316986,6;0,09398118
317003,2;0,0939845
317019,7;0,0939856
317036,3;0,09398339
317052,9;0,09398339
317069,9;0,09398228
317086;0,09397896
317102,7;0,09397342
317119,1;0,09397453
317136,1;0,09397453
317152,3;0,09397453
317168,8;0,09397453
317185,4;0,09397564
317202,3;0,09397674
317219,3;0,09398118
317235,4;0,09397785
317251,7;0,09397342
317268,7;0,09396899
317284,8;0,09396567
317301,8;0,09396567
317317,9;0,09396567
317334,5;0,09396677
317351;0,09396677
317368,1;0,09396456
317384,2;0,09396456
317400,8;0,09396567
317417,5;0,0939557
317433,9;0,09395903
317450,8;0,09395681
317467,2;0,09395349
317483,6;0,09395238
317500,6;0,0939469
317516,7;0,0939469
317533,3;0,09394468
317549,9;0,09394025
317566,5;0,09393804
317583,3;0,09393028
317599,9;0,09393582
317616,2;0,09393471
317632,7;0,0939336
317649,8;0,0939325
317666,2;0,09393139
317682,4;0,09392807
317698,9;0,09392364
317715,5;0,09392253
317732,1;0,09392364
317748,7;0,09392364
317765,3;0,09392032
317781,8;0,09391256
317798,4;0,09391145
317814,9;0,09390924
317831,9;0,09390814
317848,1;0,09390482
317864,6;0,09390371
317881,3;0,09389596
317897,8;0,09389041
317914,3;0,09388599
317930,9;0,09388599
317947,4;0,09388155
317964;0,09387602
317981,1;0,09387602
317997,7;0,09387381
318013,8;0,09387381
318030,3;0,09386827
318047,4;0,09385719
318063,4;0,09385609
318080;0,09385498
318096,6;0,09385166
318113,7;0,09384622
318129,7;0,09384511
318146,9;0,0938352
318162,8;0,09383087
318179,7;0,09382755
318196;0,09382311
318212,5;0,09382311
318229,1;0,09381979
318245,9;0,09381869
318262,3;0,09381758
318278,9;0,09381204
318295,3;0,09380761
318312,8;0,09380318
318328,5;0,09380097
318345,1;0,0937977
318361,6;0,09379327
318378,2;0,09379105
318395,4;0,09378883
318411,8;0,09378883
318427,9;0,09378108
318444,8;0,09378219
318461;0,09378219
318477,6;0,09377776
318494,2;0,09377223
318511;0,09376895
318528,1;0,09376895
318543,8;0,09376563
318560,8;0,09375566
318577,6;0,09375013
318593,7;0,09374469
318610,1;0,09374469
318626,8;0,09374247
318643,3;0,09374247
318659,8;0,09374247
318676,4;0,09374136
318693,4;0,09372591
318709,5;0,09372153
318727;0,093716
318742,7;0,09371046
318759,2;0,09371046
318775,8;0,09370825
318792,3;0,09370165
318808,9;0,09370054
318825,5;0,09369732
318842,1;0,093694
318858,7;0,09369289
318875,2;0,09369289
318891,8;0,09368519
318909;0,09368297
318925;0,09367528
318941,5;0,09367085
318958;0,09366757
318974,6;0,09366757
318991,2;0,09366098
319008,1;0,09365322
319024,4;0,09365322
319040,9;0,09365322
319057,4;0,09365433
319074,6;0,09365101
319090,6;0,09365101
319107,1;0,09365101
319123,8;0,0936488
319140,4;0,09364215
319157,5;0,09364104
319173,4;0,09364104
319190;0,09363883
319206,5;0,09363772
319223,5;0,09363551
319239,7;0,09363551
319256,3;0,0936344
319273,1;0,09363224
319289,7;0,09363224
319306,1;0,09363224
319322,5;0,09363445
319339,7;0,09362891
319355,7;0,0936278
319372,2;0,09362559
319388,8;0,09362449
319405,3;0,09362449
319421,9;0,09361573
319438,7;0,09361573
319455,1;0,09360581
319471,6;0,0936047
319488,4;0,09360465
319505,1;0,09360138
319521,3;0,09360249
319537,9;0,09360138
319554,4;0,09359695
319571,5;0,09359806
319587,7;0,09359584
319604,1;0,0935893
319620,7;0,09358709
319637,3;0,0935827
319653,8;0,09358492
319670,9;0,09358381
319686,9;0,0935827
319703,5;0,09358381
319720,3;0,09357938
319737,1;0,09357611
319753,3;0,09357611
319769,8;0,09357832
319786,4;0,09357832
319802,9;0,09358276
319819,5;0,0935828
319836,1;0,09358391
319852,6;0,09358175
319869,4;0,09358285
319885,8;0,09358285
319902,3;0,09358396
319918,9;0,09358285
319935,5;0,09358285
319952;0,09358064
319968,8;0,09357858
319985,2;0,09357747
320002,3;0,09358079
320018,4;0,093583
320034,8;0,09358522
320051,6;0,09358522
320068;0,09358633
320084,6;0,09358633
320101,4;0,09358305
320118,4;0,09358416
320134,5;0,09358416
320150,8;0,0935896
320167,7;0,09359725
320184;0,09359615
320200,9;0,09359615
320217,3;0,09359836
320233,9;0,09359624
320250,2;0,09359292
320266,8;0,09359403
320283,3;0,09359735
320300,1;0,09359735
320316,5;0,09359629
320333,1;0,09359518
320349,6;0,09359624
320366,2;0,09359846
320383,4;0,09359846
320399,3;0,09360183
320416,1;0,09360515
320432,5;0,09360515
320449;0,09360299
320465,9;0,09359967
320482,2;0,09359746
320498,7;0,0935974
320515,3;0,09359851
320531,9;0,09359851
320548,4;0,09359851
320565,1;0,09359967
320581,5;0,09359856
320598,3;0,09359529
320614,8;0,09359629
320631,3;0,09359518
320647,8;0,09359518
320664,4;0,09359514
320681;0,09359514
320697,6;0,09359509
320714,1;0,09359509
320730,7;0,09360173
320747,3;0,09360073
320763,8;0,09360183
320780,4;0,0936051
320797,2;0,093604
320813,5;0,093604
320830,1;0,093605
320846,6;0,09360279
320863,2;0,09360279
320879,8;0,093605
320896,5;0,09360828
320913,9;0,09360939
320929,4;0,09361381
320946;0,09361381
320962,6;0,09361603
320979,2;0,09361708
320995,7;0,09361708
321012,3;0,09361598
321029,4;0,09361598
321045,4;0,09361708
321062;0,09361713
321078,7;0,0936183
321095,1;0,09362051
321112,5;0,09362051
321128,7;0,0936194
321144,8;0,0936183
321161,8;0,0936183
321178,6;0,0936183
321194,5;0,0936183
321211,1;0,09361719
321227,7;0,09361392
321244,2;0,09361502
321260,8;0,09360842
321277,3;0,09360616
321293,9;0,09360616
321310,5;0,09360284
321327,1;0,09360616
321344,1;0,09360506
321360,2;0,09360621
321376,8;0,09360621
321394,2;0,09360842
321409,9;0,09361507
321426,4;0,09361507
321443,1;0,09361397
321459,6;0,09361724
321476,7;0,09361281
321492,8;0,09361392
321509,3;0,09361386
321525,8;0,09361608
321542,4;0,09361728
321559;0,09360742
321575,6;0,09360964
321592,1;0,0936118
321608,7;0,09361618
321625,3;0,09361286
321641,9;0,09361286
321658,4;0,09361286
321675,1;0,09360953
321691,9;0,09360621
321708,1;0,09360842
321725,1;0,09360842
321741,4;0,09361175
321757,8;0,09360842
321774,3;0,09360732
321791,3;0,093604
321807,5;0,093604
321824,7;0,09360179
321840,9;0,09359957
321857,4;0,09359957
321873,9;0,09359735
321891,2;0,09359735
321907,8;0,09359187
321923,5;0,09359187
321940;0,09359292
321956,6;0,09359514
321973,8;0,09359514
321989,9;0,09359514
322006,8;0,09359514
322023,1;0,09359408
322039,4;0,09359408
322056,2;0,09359187
322072,6;0,09359408
322089,2;0,09359191
322105,7;0,09359518
322122,3;0,09359408
322138,8;0,09359408
322155,4;0,09359081
322172;0,09358643
322189,2;0,09358532
322205,1;0,09358542
322221,7;0,09358316
322238,2;0,09357878
322254,8;0,09357878
322271,4;0,09358431
322287,9;0,09358099
322304,5;0,09358099
322321;0,09358326
322337,7;0,09358331
322354,2;0,09358442
322370,8;0,0935811
322387,3;0,09357671
322404;0,09357777
322420,7;0,09357556
322437;0,09357551
322453,6;0,09357329
322470,2;0,09357329
322486,7;0,0935744
322503,3;0,09357661
322519,9;0,09357999
322536,6;0,0935811
322553;0,0935756
322569,7;0,09357556
322586,1;0,09357224
322602,7;0,09357113
322619,3;0,0935667
322635,8;0,0935678
322652,7;0,0935678
322669,9;0,0935678
322685,6;0,09357228
322702,1;0,09356675
322718,7;0,09356342
322735,8;0,09356342
322751,8;0,09355894
322768,4;0,09355562
322785;0,0935523
322801,5;0,09354687
322818,1;0,09354687
322834,6;0,09355351
322851,2;0,09355462
322867,9;0,09355462
322884,7;0,09355462
322901,3;0,09355462
322917,4;0,09355456
322934;0,09355235
322950,9;0,09355124
322967,2;0,09354797
322983,8;0,09355018
323000,3;0,09354687
323017;0,09354576
323034,1;0,09354576
323050;0,09354354
323067,4;0,09354243
323083,2;0,09354238
323099,7;0,09354017
323116,3;0,09353906
323132,8;0,09354017
323149,4;0,09354017
323166;0,09353685
323182,5;0,09353805
323199,5;0,09353584
323215,7;0,09353363
323232,3;0,09353473
323249,4;0,0935303
323265,3;0,09353036
323281,9;0,0935293
323298,7;0,0935293
323315,1;0,09353151
323331,6;0,09353262
323349;0,09353262
323364,8;0,09353036
323382,3;0,09353146
323398,1;0,09353257
323414,5;0,09353257
323431;0,09353358
323447,7;0,09353469
323464,2;0,0935369
323480,8;0,093538
323497,3;0,093538
323514,2;0,093538
323530,6;0,09354132
323547;0,09354234
323563,6;0,09354234
323580,1;0,0935522
323596,7;0,0935445
323613,5;0,09354671
323629,8;0,09354561
323646,8;0,09354772
323663;0,09354888
323679,5;0,09354998
323696,1;0,09355441
323712,8;0,09355441
323729,2;0,09355003
323745,8;0,09355003
323762,9;0,09354893
323779,2;0,09354893
323795,5;0,09354888
323812,1;0,09355109
323828,6;0,0935588
323845,2;0,09356101
323861,9;0,09356318
323878,3;0,09356318
323894,9;0,09356977
323911,5;0,09357087
323928,2;0,09356967
323944,6;0,09357078
323961,6;0,09356413
323978,1;0,09356745
323994,3;0,09356634
324011,3;0,09356851
324027,8;0,09356629
324044,4;0,09356302
324060,6;0,09356081
324077,5;0,09356298
324094,3;0,09356408
324110,3;0,09356187
324126,9;0,09356302
324143,4;0,09356413
324160;0,09356629
324176,7;0,09356629
324193,3;0,09356408
324209,7;0,09356625
324226,5;0,09357279
324242,8;0,09357279
324259,8;0,09356835
324276,3;0,09357058
324292,5;0,09357279
324309,1;0,09357279
324325,6;0,09357274
324342,4;0,09356831
324358,8;0,0935672
324375,4;0,0935672
324392,4;0,0935672
324408,5;0,09356831
324425,1;0,09356941
324441,6;0,09356625
324458,2;0,09356846
324474,8;0,09356846
324491,3;0,09357062
324508,7;0,09356619
324524,4;0,09356181
324541,6;0,09356398
324557,6;0,09356619
324574,5;0,09356952
324591,1;0,09357062
324607,5;0,09357062
324623,8;0,09357838
324641,1;0,09357727
324657;0,09357173
324673,6;0,09357072
324690,1;0,09356961
324706,8;0,09356961
324723,3;0,09357847
324740,3;0,09358507
324756,4;0,09358507
324772,9;0,09358839
324789,5;0,09359061
324806,3;0,09359287
324822,6;0,09359182
324839,2;0,09358965
324855,8;0,09358859
324872,3;0,09358859
324888,9;0,09358532
324905,5;0,09358532
324922,2;0,09358643
324939,1;0,09358305
324955,2;0,09357969
324971,7;0,09358079
324988,3;0,093583
325005,4;0,09358305
325021,4;0,09358195
325038;0,09358195
325054,6;0,09358195
325071,1;0,09358084
325087,8;0,09358528
325104,3;0,09358411
325120,8;0,09358744
325137,4;0,09358855
325154;0,09359071
325170,5;0,09359071
325187,1;0,09358734
325203,7;0,09358955
325220,6;0,09358402
325236,8;0,09358623
325253,3;0,09359393
325269,9;0,09359388
325286,6;0,09359494
325303,1;0,09359383
325319,7;0,09359277
325336,2;0,09358502
325353;0,0935817
325369,3;0,0935817
325385,9;0,0935817
325402,5;0,0935817
325419,5;0,09357949
325436;0,09357838
325452,2;0,09358059
325468,9;0,0935817
325485,3;0,0935817
325502,1;0,0935828
325518,4;0,09357843
325535;0,09357294
325552,3;0,09357294
325568,1;0,0935674
325585,1;0,0935674
325601,3;0,09357178
325617,9;0,09356957
325634,8;0,09357178
325651;0,09357067
325667,6;0,09357067
325684,1;0,09356846
325701,5;0,09356514
325717,8;0,09356298
325734,1;0,0935596
325751,1;0,09356292
325766,9;0,09356625
325783,5;0,09356403
325800,1;0,09356514
325816,6;0,09356514
325833,2;0,09356181
325849,8;0,09356181
325866,7;0,09355849
325883;0,09355739
325899,4;0,09355295
325916;0,09355295
325932,6;0,09355295
325949,9;0,09355522
325965,7;0,09355643
325982,3;0,09355421
325999,3;0,09354868
326015,4;0,09354757
326032,1;0,09354868
326048,6;0,09354868
326065,1;0,09354974
326081,8;0,09354752
326098,6;0,09354863
326114,8;0,09354863
326131,4;0,09354857
326147,9;0,09354747
326164,5;0,09354747
326181,1;0,09354747
326198,6;0,09354521
326214,2;0,09354631
326231;0,09354742
326247,3;0,09354742
326264,2;0,09355074
326280,5;0,09355074
326297,3;0,09354631
326314,2;0,09354848
326330,2;0,09354848
326347,4;0,09354848
326363,6;0,09355401
326380;0,09355391
326396,5;0,09355608
326413;0,09355492
326429,6;0,09355381
326446,9;0,09354938
326463;0,09354828
326480;0,09354722
326495,8;0,09354722
326512,4;0,09354943
326529;0,09355054
326545,6;0,09355054
326562,3;0,09354943
326578,7;0,09354943
326595,3;0,09354389
326612,6;0,09354722
326628,5;0,09354389
326645,2;0,09354278
326661,9;0,09354278
326678,1;0,09354596
326694,7;0,09354707
326711,2;0,09354264
326727,8;0,09354153
326744,4;0,09353599
326760,9;0,09353599
326778,1;0,09353599
326794,1;0,09353151
326810,8;0,09353141
326827,2;0,09353247
326843,9;0,09353247
326860,4;0,09352925
326877,2;0,09352809
326893,5;0,09352472
326910;0,09352472
326926,6;0,09352582
326943,2;0,09352582
326959,7;0,09352693
326976,3;0,09352693
326992,8;0,09353796
327009,7;0,09353358
327026;0,09354128
327042,6;0,09354017
327059,8;0,09353796
327075,7;0,09354128
327092,3;0,09354128
327108,8;0,09354128
327125,5;0,09354349
327142;0,09354132
327158,8;0,093538
327175,1;0,09353911
327191,8;0,09354238
327208,3;0,09354576
327224,8;0,09354691
327241,6;0,09355024
327257,9;0,09354913
327274,5;0,09355024
327291,6;0,09355135
327307,7;0,09355246
327324,2;0,09355573
327340,8;0,09356458
327357,4;0,0935668
327373,9;0,09356901
327391;0,09357012
327407;0,09357012
327424;0,09356901
327440,2;0,09357233
327456,7;0,09356901
327473,5;0,09357012
327489,9;0,09356791
327507,4;0,09357128
327523;0,09357566
327539,6;0,09357787
327556,4;0,09357677
327572,7;0,09357677
327589,4;0,09357677
327605,8;0,09357787
327622,4;0,09357898
327639,5;0,09357792
327655,5;0,09357128
327672,5;0,09357465
327688,9;0,09357792
327705,3;0,09357908
327721,9;0,0935824
327738,7;0,09358683
327754,9;0,09358683
327771,5;0,09358572
327788,1;0,09358572
327804,6;0,09358794
327821,2;0,09359242
327837,9;0,09359131
327854,4;0,0935891
327870,9;0,09359131
327887,4;0,09359242
327904,1;0,09359469
327921,1;0,09359907
327937,2;0,09359907
327953,8;0,09359907
327970,3;0,09360007
327986,8;0,0936045
328003,4;0,09360672
328020;0,09360672
328036,6;0,09361114
328053,1;0,09361779
328071,6;0,09361447
328086,3;0,09361341
328102,8;0,09361452
328119,4;0,09361558
328136,1;0,09361668
328153,3;0,09361668
328169,5;0,09361668
328185,7;0,09362111
328202,3;0,09362111
328218,8;0,09362111
328235,5;0,0936189
328251,9;0,0936189
328268,7;0,09361447
328285,6;0,09360672
328301,7;0,09361336
328318,2;0,09360893
328335;0,09361004
328351,3;0,09361004
328367,9;0,09361004
328384,5;0,09361004
328401,9;0,09361447
328417,6;0,09361996
328434,7;0,09362217
328450,7;0,09362327
328467,3;0,09362217
328483,8;0,09362101
328500,4;0,09362101
328517,3;0,09363309
328533,6;0,09363198
328550,1;0,09363198
328566,7;0,09363974
328583,3;0,09364416
328599,8;0,09364095
328616,4;0,09364095
328633,4;0,09364205
328649,5;0,09364648
328666,1;0,09364869
328682,7;0,09364537
328699,2;0,09364316
328716;0,09364869
328732,4;0,09365202
328748,9;0,09365428
328765,5;0,09365428
328782,1;0,09365982
328798,8;0,09366204
328815,2;0,09366536
328831,8;0,0936642
328848,3;0,0936642
328864,9;0,09366853
328881,7;0,09366964
328898;0,09366964
328914,6;0,09366853
328931,2;0,09367749
328948,4;0,0936797
328965,2;0,0936797
328981,6;0,09368187
328997,7;0,09368081
329014,5;0,09367859
329031,1;0,09368081
329047,1;0,09367859
329063,7;0,09367859
329080,3;0,09368081
329096,8;0,09367859
329114;0,0936797
329129,9;0,09368192
329146,5;0,09368408
329163,4;0,0936863
329179,7;0,0936863
329196,2;0,09368408
329212,8;0,09368514
329229,4;0,0936873
329246,2;0,0936873
329263;0,09368398
329279,3;0,09368292
329295,6;0,09368071
329312,2;0,09367961
329328,8;0,09367961
329345,3;0,09368071
329361,9;0,09368182
329378,5;0,0936785
329395,2;0,0936785
329412,1;0,0936785
329428,2;0,09367739
329445,1;0,09368182
329461,3;0,09368403
329477,8;0,09368403
329494,4;0,09368398
329511;0,09368398
329528,1;0,09368066
329544,6;0,09367844
329560,8;0,09367517
329577,3;0,09367955
329593,9;0,09368182
329610,5;0,09368736
329627,7;0,09369179
329643,5;0,09369395
329660,1;0,09369727
329676,8;0,09369727
329693,3;0,09369395
329710;0,09369612
329726,9;0,0936939
329743;0,09369168
329759,5;0,09369057
329776,1;0,09369063
329793,1;0,0936873
329809,3;0,0936873
329831,7;0,09368725
329842,3;0,09368836
329858,9;0,09368836
329875,5;0,09368836
329892,1;0,0936873
329908,6;0,09368615
329925,2;0,09368504
329941,8;0,09368177
329959,3;0,09368066
329975,1;0,09368177
329991,5;0,09367734
330008;0,09367512
330025,1;0,09367517
330041,8;0,09367517
330057,9;0,09367406
330074,3;0,09367185
330091;0,09367185
330107,4;0,09367074
330124;0,09367185
330140,5;0,09367185
330157,1;0,09367074
330173,7;0,09367074
330190,2;0,09367074
330207,2;0,09367074
330223,5;0,09367079
330240,2;0,09367523
330256,5;0,09367523
330273,5;0,09367855
330289,6;0,09367528
330306,2;0,09367196
330322,8;0,09367306
330339,3;0,09367306
330355,9;0,09366979
330372,5;0,09366536
330389;0,09366757
330406;0,09366646
330422,2;0,09366425
330438,7;0,0936565
330455,8;0,09365322
330471,9;0,09365322
330488,4;0,09365433
330505;0,09365655
330521,5;0,09364769
330538,1;0,09364326
330555,4;0,09364104
330571,3;0,09364104
330587,8;0,09363772
330605,3;0,09364095
330621;0,09364095
330637,5;0,09363103
330654,1;0,09363214
330670,7;0,09362992
330687,2;0,09362992
330703,8;0,09362882
330720,4;0,09362333
330736,9;0,09362222
330753,5;0,09362222
330770,1;0,09362327
330786,6;0,09362327
330803,3;0,09362549
330819,8;0,09362549
330836,6;0,09362116
330853,3;0,09361688
330869,5;0,09361688
330886,4;0,09361467
330902,6;0,09361351
330919,2;0,09361351
330935,8;0,09361019
330952,8;0,09360465
330968,9;0,09360576
330985,4;0,09360798
331002,6;0,09360576
331018,6;0,09360465
331035,1;0,09360243
331051,8;0,09360243
331068,3;0,09359589
331085,4;0,09359589
331102,2;0,09359705
331118,3;0,09359272
331134,8;0,09359056
331151,2;0,09358945
331167,7;0,09358723
331184,4;0,09358945
331200,8;0,09358618
331217,3;0,09358507
331233,9;0,09358729
331251,3;0,09358507
331267,1;0,09358391
331283,6;0,0935828
331300,3;0,09358175
331316,8;0,09358285
331333,3;0,09357511
331349,9;0,09357289
331366,5;0,0935674
331383,6;0,0935674
331399,6;0,09356851
331416,2;0,09356629
331433;0,09356629
331449,3;0,09356629
331465,8;0,09356519
331482,4;0,09355743
331499;0,09355527
331515,6;0,0935531
331532,1;0,09355195
331548,8;0,09354983
331565,3;0,09354868
331581,9;0,0935453
331598,4;0,0935442
331615;0,09353539
331631,6;0,09353096
331648,3;0,09353096
331665,4;0,09352099
331681,8;0,09351988
331697,8;0,09352099
331714,4;0,09351777
331731,7;0,09351777
331747,5;0,09352441
331764,5;0,09352215
331781,3;0,09352104
331797,2;0,09351772
331813,8;0,09351882
331830,7;0,09351329
331847,1;0,09351113
331863,5;0,09351113
331880;0,09351223
331896,6;0,09351329
331913,2;0,09351334
331929,7;0,09351334
331946,3;0,09350786
331962,9;0,0935002
331979,4;0,09350795
331996,3;0,09350574
332013;0,09350574
332029,1;0,09350136
332045,7;0,09349915
332062,4;0,09349915
332078,8;0,09350136
332095,9;0,09350357
332112,2;0,09350463
332128,5;0,09349693
332145,4;0,09349582
332161,7;0,09349582
332178,2;0,0935002
332194,8;0,0935002
332211,4;0,09349582
332228;0,09349029
332244,5;0,09348817
332261,1;0,09348817
332277,6;0,09349144
332294,2;0,09349144
332310,8;0,09349588
332327,5;0,09349366
332344;0,09349255
332360,7;0,09349255
332377;0,0934926
332393,6;0,09348706
332410,2;0,09349149
332426,7;0,09349482
332443,3;0,09349597
332459,9;0,09349819
332477,1;0,09349814
332493;0,09349592
332509,6;0,09349482
332526,5;0,09349482
332543;0,09349371
332559,3;0,09349502
332575,8;0,09348837
332592,4;0,09348505
332609;0,09348505
332625,6;0,0934839
332642,2;0,09348167
332658,7;0,09347835
332675,5;0,09348057
332691,8;0,09347725
332708,3;0,09347835
332725,5;0,09347946
332742,3;0,09347609
332758,1;0,09347498
332774,6;0,09346854
332791,2;0,09346622
332807,8;0,09346627
332824,4;0,0934618
332840,9;0,0934628
332857,4;0,09346054
332874;0,09345837
332890,6;0,09345837
332907,2;0,09345616
332924;0,09345736
332940,3;0,09345298
332956,8;0,09345853
332974,3;0,09345853
332990;0,09345419
333006,6;0,09345309
333023,1;0,0934553
333039,8;0,09344991
333056,3;0,09345424
333072,9;0,09345424
333089,4;0,09345424
333106;0,09344655
333122,5;0,09344317
333139,4;0,09344206
333155,7;0,09344091
333172,2;0,09344091
333188,8;0,0934332
333205,3;0,09343763
333222;0,09343652
333238,5;0,09343431
333255,3;0,09343325
333271,8;0,09342892
333288,2;0,09342902
333304,8;0,09342565
333321,9;0,09342454
333338,8;0,09342787
333354,5;0,09343119
333371,3;0,09343119
333387,7;0,09343114
333404,2;0,09342449
333420,9;0,0934256
333437,3;0,09342671
333454,6;0,09342892
333470,4;0,09343109
333487;0,09343008
333503,7;0,09343446
333520,6;0,09343335
333537;0,09343768
333553,3;0,09343879
333569,8;0,09343879
333586,8;0,09343773
333603;0,09344216
333619,5;0,09344216
333636,4;0,0934477
333652,7;0,09345983
333669,3;0,09346104
333685,8;0,09346215
333702,4;0,09346215
333718,9;0,09346215
333736,2;0,09345329
333752,1;0,09345108
333768,6;0,09345108
333785,3;0,0934544
333801,8;0,09345777
333818,3;0,09345334
333834,9;0,09345888
333851,9;0,09345888
333868;0,0934555
333885,5;0,09345218
333902,1;0,09344991
333917,7;0,09345208
333934,4;0,09345429
333950,9;0,09345651
333967,4;0,09345978
333984;0,09346195
334000,6;0,09346195
334017,4;0,09346195
334033,7;0,09346084
334051;0,09346738
334066,8;0,09346849
334083,4;0,09347071
334099,9;0,09347624
334117;0,0934773
334133,6;0,09348173
334149,8;0,09348726
334166,5;0,09348505
334182,9;0,09348832
334199,4;0,09348832
334216,2;0,09349935
334238,3;0,09351374
334249,1;0,0935225
334265,6;0,09355294
334282,2;0,09355294
334299,2;0,09362052
334315,3;0,09363447
334331,9;0,09369947
334348,5;0,09378456
334365,1;0,09383681
334382,2;0,09394468
334398,2;0,09402851
334414,7;0,09402851
334431,6;0,09444084
334448,1;0,09456526
334464,8;0,09484145
334481;0,09500264
334497,6;0,09535403
334514,1;0,09559669
334530,7;0,09574933
334547,3;0,09607547
334563,8;0,09668878
334580,4;0,09668878
334597;0,0970733
334613,5;0,09784917
334630,1;0,09784917
334646,8;0,09813619
334663,3;0,09845822
334679,8;0,09912046
334696,3;0,1004254
334712,9;0,1010345
334729,7;0,1013479
334746,1;0,1020532
334763,1;0,1025667
334779,2;0,1029784
334796;0,1036067
334813;0,1036067
334828,9;0,1039732
334845,5;0,1048867
334862,4;0,1054981
334878,6;0,1061393
334895,2;0,106433
334911,7;0,1068447
334928,3;0,107371
334944,8;0,1077319
334961,6;0,1077319
334978,1;0,1089478
334994,6;0,1093763
335011,4;0,1098206
335028,2;0,1101706
335044,3;0,1101706
335060,8;0,1114406
335077,6;0,1117271
335094,3;0,1122753
335111,1;0,1126231
335127,3;0,1129415
335144;0,1129995
335160,5;0,1139946
335176,8;0,1146025
335193,6;0,1150844
335210,4;0,1153731
335226,5;0,1160203
335243,1;0,1160203
335259,7;0,1163068
335276,3;0,1165938
335292,8;0,1166253
335309,4;0,1169106
335325,9;0,1177401
335342,5;0,1188483
335359;0,1199335
335375,6;0,1202516
335393;0,1208746
335408,9;0,1211735
335425,3;0,1217583
335441,9;0,1220695
335458,4;0,1226943
335475,1;0,122993
335491,8;0,122993
335508,1;0,1240042
335524,7;0,1244911
335541,3;0,1247944
335557,9;0,1251097
335574,4;0,1254399
335591;0,1262553
335608;0,1268924
335624,4;0,127144
335640,7;0,127144
335657,2;0,1281304
335673,8;0,1286237
335690,6;0,128896
335707,1;0,1295243
335723,5;0,1295243
335740,3;0,1297988
335756,6;0,130102
335773,2;0,1312168
335789,8;0,1318408
335807,1;0,1323856
335822,9;0,1326839
335839,4;0,1332731
335856,2;0,1335434
335873,1;0,1335434
335889,2;0,1344263
335905,7;0,1344263
335922,3;0,134697
335938,8;0,1346944
335955,4;0,1354858
335972;0,1366424
335989,2;0,1369338
336005,2;0,1369338
336023,4;0,1376963
336038,3;0,1383437
336055,7;0,1388883
336071,4;0,1388883
336087,9;0,1394313
336104,5;0,1399945
336121,3;0,1405305
336138,3;0,1408122
336154,4;0,1408122
336170,8;0,1419014
336187,3;0,1420104
336203,9;0,1427241
336220,6;0,1431721
336237,5;0,1435336
336253,6;0,1437943
336270,2;0,144283
336286,9;0,1446972
336303,4;0,1449999
336319,9;0,1449999
336336,6;0,1455194
336353;0,1459742
336369,6;0,1460304
336386,3;0,1465778
336402,8;0,1469346
336419,3;0,1472872
336435,8;0,1474525
336452,5;0,1474525
336469,1;0,1479337
336486,5;0,1480395
336502,1;0,1481536
336518,7;0,1482015
336535,3;0,1482475
336552;0,1482475
336568,6;0,1482873
336585,5;0,1482873
336602,2;0,1483636
336618,1;0,1482303
336634,8;0,1480998
336651,2;0,1479571
336667,8;0,1478813
336684,3;0,1477388
336700,9;0,1476685
336717,5;0,1475192
336734,1;0,1475192
336750,6;0,1474205
336767,2;0,1471566
336783,8;0,1470981
336800,3;0,1470251
336816,9;0,1469955
336833,5;0,1467402
336850;0,1466582
336866,6;0,1465618
336883,2;0,1465004
336900,8;0,1463911
336916,3;0,1462467
336932,9;0,1462467
336949,9;0,1461181
336966,3;0,1459937
336982,5;0,1459937
336999,6;0,1458084
337015,7;0,1456909
337032,3;0,1456354
337048,8;0,1455745
337065,4;0,1455667
337082,2;0,1453414
337098,6;0,1452274
337115,2;0,1451668
337131,9;0,1451668
337148,2;0,1450093
337164,8;0,1448726
337181,4;0,1448726
337197,9;0,1448147
337214,5;0,1448014
337231,1;0,1447064
337248,1;0,1444353
337264,3;0,1443673
337281,2;0,1442507
337297,3;0,1442221
337313,9;0,1440657
337330,4;0,1440131
337347;0,1438953
337363,6;0,1438321
337380,2;0,143714
337396,7;0,1436114
337413,3;0,1436114
337429,9;0,1434928
337446,4;0,1433622
337463,1;0,1432653
337479,6;0,1431848
337497;0,1430955
337512,7;0,1430567
337529,3;0,1429961
337546,4;0,142939
337563;0,1427495
337578,9;0,1426927
337596,1;0,1425838
337612,1;0,142499
337628,9;0,1423981
337645,9;0,1423981
337661,8;0,1421883
337678,8;0,142183
337695,7;0,1420603
337711,5;0,1419711
337728,8;0,1418765
337745,3;0,1418307
337761,3;0,1418307
337777,8;0,1417101
337794,4;0,1415796
337811;0,1414852
337827,5;0,1414825
337844;0,1414315
337861;0,1414264
337877,2;0,1412775
337893,8;0,1411311
337911,2;0,1410705
337926,9;0,1410555
337943,4;0,1408572
337960;0,1408043
337977,1;0,1407244
337993,1;0,140667
338010,3;0,1405621
338026,3;0,1405244
338043,3;0,1405244
338059,5;0,1403398
338076,2;0,1402947
338092,5;0,1402401
338109,1;0,1401559
338125,7;0,1401559
338142,2;0,13998
338159,3;0,1399724
338175,4;0,1398519
338191,9;0,1397856
338208,5;0,1397856
338225,1;0,1397412
338241,8;0,1395511
338258,2;0,1395265
338274,8;0,1394852
338291,3;0,1394852
338307,9;0,1393321
338325,1;0,1392632
338341,2;0,1391971
338357,6;0,1391559
338374,2;0,1391559
338390,7;0,139102
338407,3;0,1390063
338423,8;0,1389176
338440,7;0,1388789
338457,4;0,1388789
338473,6;0,138845
338490,2;0,1388211
338506,9;0,1388211
338523,3;0,1386854
338539,8;0,138592
338556,4;0,1385463
338573;0,1385174
338589,5;0,1384911
338606,1;0,1384113
338622,7;0,1383826
338640,1;0,1383465
338655,8;0,1383465
338672,4;0,1382869
338689,7;0,1382248
338705,7;0,1381962
338722,5;0,1381747
338738,6;0,1381576
338755,2;0,1380901
338772,2;0,1380448
338788,8;0,1380186
338804,9;0,1379948
338822;0,1379568
338838,1;0,137909
338854,6;0,137909
338871,2;0,1378544
338887,7;0,137802
338905,1;0,1377521
338921,5;0,137702
338937,4;0,1376759
338954,5;0,1376425
338970,8;0,1376307
338987,5;0,1376044
339003,7;0,1375332
339020,6;0,1374857
339036,8;0,1374619
339053,4;0,1374619
339070;0,1373883
339086,8;0,137336
339103,1;0,137336
339119,7;0,1373122
339136,2;0,1373122
339152,8;0,1372483
339169,4;0,137168
339185,9;0,1371419
339202,5;0,1371156
339219,1;0,1370897
339235,6;0,1370233
339252,4;0,1369808
339268,8;0,136957
339285,3;0,1369095
339301,9;0,1368841
339318,4;0,1368772
339335,3;0,1368772
339351,6;0,1367943
339368,2;0,136766
339384,8;0,1367212
339401,7;0,1366782
339417,8;0,1366545
339434,4;0,1366545
339451;0,1366054
339467,6;0,1365791
339484,4;0,136544
339500,7;0,1365202
339517,8;0,1365061
339533,8;0,1364304
339557,7;0,1364095
339567;0,1364026
339583,9;0,1363842
339600,1;0,1363394
339616,9;0,1362837
339633,3;0,1362654
339650,5;0,1362562
339666,4;0,1362537
339682,9;0,1361928
339699,5;0,1361765
339716,2;0,136146
339733,4;0,1361319
339749,2;0,1361319
339765,8;0,136113
339782,3;0,1361082
339799,4;0,1360637
339815,5;0,1359846
339832;0,1359616
339848,7;0,1359476
339865,9;0,1359476
339881,7;0,1359154
339898,7;0,1358878
339914,8;0,1358764
339931,4;0,1358695
339948;0,1358624
339964,6;0,1358348
339981,4;0,1358141
339997,7;0,1358118
340014,3;0,1358118
340030,8;0,1357747
340047,7;0,1357701
340064,3;0,1357632
340080,5;0,1357494
340097,1;0,1357494
340113,7;0,1357356
340130,3;0,1357011
340146,8;0,1356943
340163,8;0,135692
340179,9;0,1356828
340196,5;0,1356782
340213;0,135669
340229,6;0,1356575
340246,2;0,135646
340262,8;0,1356276
340279,3;0,1356161
340295,9;0,1356161
340312,5;0,1355954
340329,8;0,1355747
340345,6;0,1355634
340362,2;0,135545
340378,7;0,1355243
340395,3;0,1355197
340411,9;0,1355174
340428,4;0,1355082
340445,1;0,1354852
340462;0,1354668
340478,7;0,135453
340494,7;0,1354394
340511,3;0,1354348
340527,8;0,1354348
340544,4;0,1354003
340561;0,135398
340577,7;0,1353934
340594,1;0,1353796
340610,7;0,1353589
340627,3;0,1353522
340643,8;0,135343
340660,6;0,1353338
340677,2;0,1353177
340693,5;0,1353017
340710,1;0,1352903
340727,1;0,1352673
340743,2;0,1352492
340759,8;0,1352331
340776,7;0,1352331
340792,9;0,1352193
340809,9;0,1352078
340826,1;0,1351943
340842,6;0,1351828
340859,2;0,1351805
340875,7;0,1351646
340892,4;0,1351669
340908,8;0,13516
340925,4;0,1351485
340942,3;0,1351393
340958,6;0,1351209
340975,1;0,135114
340991,7;0,1350959
341008,3;0,1350844
341024,8;0,1350844
341042,3;0,1350729
341058;0,1350614
341075;0,135039
341091,1;0,1350278
341107,7;0,1350234
341124,3;0,1350166
341141,3;0,1350076
341157,3;0,1349984
341174,3;0,1349847
341190,8;0,1349824
341207,1;0,1349781
341223,8;0,1349666
341240,2;0,1349531
341256,8;0,1349531
341273,3;0,1349485
341290,2;0,1349234
341306,5;0,1349148
341323,1;0,1349148
341339,6;0,1349059
341356,2;0,1348567
341372,7;0,1348475
341389,5;0,134836
341406,5;0,1348361
341422,5;0,1347998
341439;0,1347815
341455,7;0,1347771
341472,1;0,1347725
341488,7;0,1347725
341505,3;0,1347388
341521,8;0,1347204
341538,4;0,1347159
341555;0,1347136
341571,7;0,1347001
341588,1;0,1346866
341605,4;0,1346892
341621,2;0,1346915
341637,8;0,1346849
341654,3;0,1346849
341671,3;0,1346759
341687,6;0,1346759
341704,1;0,1346759
341720,8;0,1346374
341737,8;0,1345998
341753,8;0,1345425
341770,3;0,1345333
341787;0,1345181
341803,8;0,1345181
341820;0,1345052
341837,4;0,134472
341853,2;0,1344677
341869,8;0,1344769
341886,7;0,1344769
341903,2;0,1344412
341919,7;0,1344099
341936;0,1344011
341952,7;0,1343902
341969,1;0,1343925
341985,9;0,1343577
342002,3;0,134333
342018,8;0,1343169
342035,7;0,1343054
342052,2;0,1342919
342068,7;0,1342744
342085,3;0,1342744
342101,7;0,1342589
342118,5;0,1342589
342134,8;0,1342681
342151,7;0,1342704
342167,9;0,1342704
342184,5;0,1342635
342202,3;0,1342543
342217,7;0,1342543
342234,2;0,1342474
342250,9;0,1342295
342267,8;0,1342276
342284,2;0,1342299
342301,3;0,1342233
342317;0,1342233
342333,9;0,1342165
342350,5;0,1342165
342366,7;0,1342211
342383,5;0,1342302
342399,9;0,1342193
342416,4;0,1342193
342433,8;0,1342193
342449,6;0,134217
342467,1;0,134217
342482,7;0,1342079
342499,3;0,1342079
342515,8;0,1342081
342532,9;0,1342311
342550,1;0,1342358
342565,8;0,1342358
342582,1;0,1342289
342598,7;0,1342128
342615,3;0,1342174
342631,8;0,1342196
342648,4;0,1342265
342664,9;0,1342243
342682;0,1342196
342698,4;0,1342196
342714,7;0,1342357
342731,2;0,134238
342747,8;0,1342446
342764,4;0,1342446
342780,9;0,1342561
342797,5;0,1342492
342814,1;0,1342493
342830,6;0,1342628
342847,3;0,1342628
342863,8;0,1342765
342880,3;0,1342833
342897;0,1342833
342913,4;0,1342765
342930;0,1342788
342947;0,1342833
342963,1;0,1342857
342979,7;0,1342857
342996,3;0,1342926
343012,8;0,1343129
343029,4;0,1343543
343046,2;0,1343744
343062,6;0,1343836
343079,6;0,1343881
343096,2;0,134404
343112,6;0,1344109
343128,8;0,1344246
343145,5;0,134454
343162,3;0,134484
343178,5;0,1345092
343195,1;0,1345115
343211,6;0,1345533
343228,6;0,1346238
343244,9;0,1346828
343261,3;0,1347084
343277,9;0,1347643
343294,5;0,1348278
343311,7;0,1348301
343327,6;0,1349051
343344,2;0,134933
343361,3;0,1350029
343377,3;0,1350896
343394,1;0,1351672
343410,8;0,1351956
343427;0,1351956
343443,7;0,1353627
343460,1;0,1354177
343476,7;0,1354726
343493,3;0,1355421
343510,7;0,13565
343526,4;0,1356983
343543;0,1358252
343559,5;0,1358746
343576,1;0,1359269
343592,7;0,1359269
343609,2;0,1359849
343625,9;0,1360384
343642,4;0,1361866
343658,9;0,1364468
343675,5;0,1365167
343692,1;0,1365817
343708,6;0,1365843
343725,2;0,1367206
343742;0,1367378
343758,7;0,1370343
343775,1;0,1371109
343791,5;0,1372487
343808,4;0,1372487
343824,7;0,1374587
343841,2;0,1375117
343857,7;0,1376494
343874,3;0,1377868
343890,9;0,1378864
343907,5;0,1379896
343924;0,1380597
343940,8;0,1380597
343957,1;0,1382974
343973,7;0,138399
343990,3;0,138548
344006,9;0,138548
344023,4;0,1387014
344040,7;0,1387753
344057,1;0,1389384
344073,7;0,1391242
344089,9;0,1391242
344106,2;0,1392715
344123,3;0,1393958
344139,3;0,1393958
344155,9;0,1396368
344172,5;0,1396368
344189,7;0,1397856
344205,6;0,1399178
344222,3;0,1399178
344239,2;0,1399944
344255,3;0,1399944
344271,9;0,1401634
344288,6;0,1404324
344305,1;0,1405679
344322;0,1407102
344339;0,1407871
344355,1;0,1409096
344371,3;0,1409738
344387,8;0,1409738
344404,4;0,1412622
344421,7;0,1413347
344437,6;0,141444
344454,1;0,1414834
344471,2;0,1416149
344487,3;0,1417611
344504,4;0,1419075
344520,9;0,1419903
344537;0,1420977
344553,5;0,1422245
344570,1;0,1422989
344586,7;0,1423877
344603,2;0,1425209
344619,8;0,1425209
344636,3;0,1427208
344653,4;0,1428624
344669,5;0,1429622
344686,1;0,1430017
344703,3;0,1431112
344719,3;0,1432753
344736,3;0,1433501
344752,6;0,1434889
344768,9;0,1436191
344785,5;0,1436814
344802,9;0,1438221
344818,6;0,1438221
344835,3;0,1438898
344851,7;0,1440849
344868,5;0,1440849
344885,3;0,1441572
344901,4;0,1442195
344918;0,1444933
344935;0,1446357
344951,2;0,1447704
344967,7;0,1448349
344984,3;0,1449774
345000,8;0,1450646
345017,4;0,1450999
345034,1;0,1453072
345050,6;0,1453749
345067,1;0,1454524
345084;0,1455628
345100,4;0,1455628
345117,6;0,1458019
345133,4;0,1458019
345149,9;0,1459027
345167;0,1460014
345183,2;0,1460871
345199,6;0,1461382
345216,2;0,1461766
345232,8;0,1462593
345249,3;0,1463211
345265,9;0,1463719
345282,9;0,1464379
345299;0,1464738
345315,7;0,1465276
345332,2;0,1465633
345348,7;0,1466093
345365,4;0,1466093
345382,3;0,1466655
345398,4;0,1467347
345415,4;0,1467578
345431,6;0,1467813
345448,1;0,1467813
345464,7;0,1468331
345481,6;0,1468569
345497,8;0,146872
345514,6;0,1468872
345530,9;0,1468872
345548;0,1468972
345564,1;0,1469025
345580,7;0,1469131
345597,2;0,1469208
345614,3;0,1469261
345631,2;0,1469235
345646,9;0,1469235
345663,7;0,1469156
345680,1;0,1469076
345696,8;0,1469156
345713,8;0,1469076
345729,8;0,1469076
345753,8;0,1469076
345762,9;0,1469076
345779,9;0,1468812
345796,2;0,1468785
345813,2;0,1468679
345829,6;0,1468574
345845,7;0,1468574
345862,3;0,1468282
345878,9;0,146823
345895,5;0,1468018
345912;0,1467806
345929;0,146778
345945,1;0,1467277
345962,1;0,146696
345978,3;0,1466801
345994,8;0,1466537
346011,6;0,1466325
346028;0,1465954
346044,5;0,1465611
346061,1;0,1465091
346077,7;0,1465091
346094,8;0,1464695
346110,8;0,1464433
346127,3;0,1464089
346143,9;0,1464089
346160,5;0,1463936
346177,1;0,1463726
346194;0,1463514
346210,3;0,1462628
346226,9;0,1462159
346243,3;0,1462004
346259,9;0,1461848
346276,5;0,1461173
346293,1;0,1460754
346309,6;0,1460338
346326,2;0,1459742
346343;0,1459458
346359,3;0,1458806
346375,9;0,1458392
346392,4;0,1457717
346409,1;0,1457717
346425,6;0,1456711
346442,1;0,1456316
346458,7;0,1455616
346475,3;0,1454916
346492,1;0,1454398
346508,7;0,1453753
346525,4;0,1453365
346541,6;0,1453365
346558,6;0,1451945
346574,7;0,1451816
346591,2;0,1450678
346607,8;0,1450343
346624,5;0,1449492
346641,3;0,1449233
346657,5;0,1448487
346674,1;0,1447765
346690,6;0,1447016
346707,9;0,1446628
346723,8;0,1445879
346740,3;0,1445879
346756,9;0,1444847
346773,5;0,1444228
346790,1;0,1444228
346806,6;0,1443841
346823,4;0,1443428
346839,7;0,1442119
346856,4;0,1440369
346872,9;0,1439904
346889,5;0,1439367
346906;0,1438616
346922,5;0,1437742
346939,2;0,143723
346955,7;0,1436791
346972,3;0,1436662
346988,8;0,1435022
347005,4;0,1434176
347022;0,1433637
347038,5;0,1433223
347055,6;0,1432247
347071,7;0,1431373
347088,2;0,1430862
347104,8;0,1430423
347121,8;0,1430346
347138,3;0,1428685
347154,5;0,1428685
347171,1;0,1427966
347187,6;0,1427198
347204,2;0,1426509
347220,8;0,142561
347237,3;0,142502
347254,3;0,1424763
347270,4;0,1424048
347287,2;0,1423569
347303,6;0,1422882
347320,2;0,14221
347336,7;0,1421269
347353,5;0,1420913
347370,3;0,1420334
347387,1;0,1420106
347403,8;0,14193
347419,8;0,1418921
347436,1;0,1418897
347453,3;0,1418641
347469,5;0,1418514
347485,8;0,1416648
347502,7;0,1415492
347518,9;0,1415064
347536,1;0,141446
347552,1;0,1413679
347568,7;0,1413325
347585,8;0,1412492
347601,8;0,1412095
347618,3;0,1411269
347634,9;0,1410691
347651,7;0,1410144
347668,1;0,1409822
347684,6;0,140905
347701,5;0,140905
347717,8;0,1408222
347734,3;0,1407074
347750,9;0,1406671
347767,5;0,1405829
347784;0,1405402
347800,8;0,1404624
347817,2;0,1404624
347833,9;0,1403821
347850,3;0,1402733
347866,9;0,1402066
347883,4;0,1401224
347900;0,140085
347916,7;0,1400203
347933,2;0,1399905
347949,7;0,1399905
347966,3;0,1398832
347982,8;0,1398294
347999,4;0,1397746
348016,3;0,1397207
348032,8;0,1396598
348049,1;0,1396237
348065,7;0,1396237
348082,3;0,1395849
348098,9;0,1395826
348115,3;0,1394822
348131,9;0,1393343
348148,5;0,1392624
348165,1;0,1391902
348181,7;0,1391902
348198,5;0,1390781
348215;0,1389955
348231,8;0,1389466
348247,9;0,1389174
348264,7;0,1388978
348281;0,1387595
348298;0,1386823
348314,4;0,1386528
348330,9;0,1386528
348347,5;0,1385677
348364,2;0,1385436
348380,8;0,1384928
348397;0,1384516
348413,6;0,1384273
348431,1;0,138372
348446,7;0,1383457
348463,3;0,1383409
348479,8;0,1382233
348496,5;0,1382016
348513,2;0,1381491
348529,5;0,1381253
348546,8;0,138075
348562,7;0,1380463
348579,2;0,138008
348595,8;0,138008
348613;0,1379647
348628,9;0,1379171
348645,5;0,1378765
348662,1;0,1378404
348678,8;0,1378404
348695,5;0,1378168
348712,6;0,1378168
348728,3;0,1377929
348744,9;0,1377667
348761,5;0,1377191
348778,6;0,1376381
348795,2;0,1375475
348811,2;0,1375143
348827,9;0,1374956
348844,3;0,1374578
348861,3;0,1374317
348877,4;0,1374054
348894,2;0,1373795
348910,6;0,1373156
348927,3;0,1373156
348943,7;0,1372754
348960,4;0,1372113
348976,8;0,1371928
348993,5;0,1371693
349010,6;0,1371693
349026,5;0,1370867
349043,1;0,1370604
349059,7;0,1370301
349076,2;0,1370301
349093,4;0,1369852
349109,3;0,1369427
349125,9;0,1369076
349143,1;0,1368652
349159,5;0,1368273
349176,2;0,1368012
349192,2;0,1367752
349208,8;0,13673
349225,3;0,1366949
349242,2;0,1366736
349258,5;0,1366194
349275,4;0,1366031
349297,8;0,1365606
349308,8;0,1365583
349325,1;0,136533
349341,3;0,1365192
349357,8;0,1365146
349374,4;0,1365077
349391,4;0,136475
349407,6;0,1364197
349424,1;0,1364033
349440,7;0,1363867
349457,3;0,1363429
349473,9;0,1363199
349490,8;0,1362985
349507,1;0,1362657
349523,9;0,1362376
349540,7;0,1362169
349556,7;0,1361916
349573,2;0,1361731
349590,2;0,1361524
349606,7;0,1361384
349623;0,1361384
349639,8;0,1360944
349656,2;0,1360665
349672,6;0,1360525
349689,5;0,1360386
349705,8;0,1360292
349722,5;0,1359851
349738,9;0,1359736
349755,5;0,1359481
349772;0,1359319
349788,6;0,1359204
349805,3;0,1358997
349821,8;0,1358974
349838,3;0,1358626
349854,8;0,1358486
349871,4;0,1358415
349888,3;0,1358369
349904,6;0,1358369
349921,4;0,1357956
349937,9;0,1357795
349954,3;0,1357726
349970,8;0,1357655
349987,4;0,1357655
350004,2;0,1357517
350020,8;0,1357425
350037,2;0,1357241
350053,8;0,1356989
350070,2;0,1356966
350086,8;0,1356874
350103,5;0,1356874
350120,1;0,1356782
350136,5;0,1356713
350153,1;0,1356644
350169,7;0,1356644
350186,2;0,1356598
350203,3;0,1356483
350219,3;0,1356621
350235,9;0,1356975
350252,5;0,1356975
350269,9;0,1357811
350285,6;0,1358
350302,2;0,1358356
350318,7;0,1358406
350335,9;0,1358931
350352;0,1359417
350368,4;0,1360076
350385,3;0,1360392
350401,6;0,1361033
350418,5;0,1361404
350434,7;0,136179
350451,8;0,1361862
350468;0,1363784
350484,6;0,1364818
350500,9;0,1365267
350517,5;0,1365267
350534,1;0,136651
350550,7;0,1367971
350567,2;0,1368645
350583,8;0,1369855
350600,4;0,1371043
350616,9;0,1371043
350633,7;0,1371771
350650,4;0,1372246
350666,6;0,1372422
350683,5;0,137494
350699,8;0,1376865
350716,4;0,1377702
350732,9;0,137909
350749,4;0,1379716
350766;0,1381047
350782,6;0,1382225
350799,2;0,1383043
350815,9;0,1384482
350832,4;0,1385245
350848,8;0,1385245
350865,7;0,1387242
350882,2;0,1388727
350898,6;0,1389552
350915,4;0,1390286
350931,7;0,1390514
350948,3;0,1393148
350964,8;0,1394158
350981,4;0,1395362
350998;0,1395362
351014,7;0,139708
351031,2;0,139869
351048,2;0,1399618
351069,7;0,1401474
351080,8;0,1401979
351097,7;0,1403021
351114,1;0,1404927
351130,7;0,1405678
351147,1;0,1407146
351163,6;0,1407954
351180,6;0,140846
351196,8;0,1409445
351214,1;0,1411635
351229,9;0,1411635
351246,5;0,1413309
351263,9;0,1413855
351279,6;0,1414481
351296,3;0,1414481
351313,2;0,1415409
351329,3;0,1418545
351345,8;0,1420485
351362,4;0,142209
351379,1;0,1422984
351396,1;0,1424372
351412,1;0,1425249
351428,7;0,1426654
351445,4;0,1428196
351461,8;0,1429016
351478,4;0,1430535
351495,3;0,1431286
351511,5;0,1432607
351528,1;0,1433841
351544,7;0,1434723
351561,5;0,1436323
351577,8;0,1436829
351594,4;0,1438565
351610,9;0,144004
351627,6;0,144004
351644,1;0,1441462
351661,5;0,1442071
351677,3;0,1443494
351694,2;0,144531
351710,3;0,144531
351726,9;0,144692
351743,5;0,1448741
351760,1;0,1449521
351776,6;0,1450198
351793,3;0,1450198
351809,7;0,145289
351826,8;0,1453689
351843,2;0,1455005
351860;0,1455838
351876;0,1457141
351892,6;0,1457791
351909,1;0,1457791
351925,7;0,1458445
351942,3;0,1459045
351958,9;0,1460416
351975,4;0,1463169
351991,9;0,1464455
352008,6;0,1465075
352026;0,1465075
352041,7;0,1467043
352059,2;0,1468188
352074,8;0,1469355
352091,4;0,1469355
352107,9;0,1469946
352124,5;0,147174
352141,1;0,1472881
352157,8;0,1473946
352174,2;0,1474538
352190,8;0,1475058
352208;0,1475636
352223,9;0,1476131
352240,5;0,1477068
352257;0,147755
352273,6;0,1477753
352290,2;0,1478082
352306,7;0,1478307
352323,3;0,1478839
352340;0,1478839
352356,4;0,1479042
352373;0,1478911
352389,6;0,1478815
352406,1;0,1478633
352422,7;0,1478584
352439,3;0,1478105
352455,9;0,1477772
352472,4;0,1477494
352489,5;0,1477085
352505,5;0,1476523
352522,1;0,1476007
352539,5;0,1475804
352555,3;0,1475549
352571,8;0,1475549
352588,6;0,1474835
352604,9;0,1472536
352621,5;0,1471792
352638,1;0,1470767
352654,6;0,147023
352671,4;0,1469597
352687,8;0,1468684
352704,3;0,1467561
352721,1;0,1466893
352737,5;0,1466154
352754;0,1466051
352771,4;0,146387
352787,2;0,1463241
352804,8;0,1461898
352820,3;0,1461039
352837,8;0,1459753
352853,4;0,1458135
352870,1;0,1458108
352886,7;0,1456725
352903,4;0,145532
352920,2;0,145532
352936,3;0,1453056
352952,8;0,1451537
352969,4;0,1449977
352986,3;0,1449248
353002,6;0,1448093
353020;0,1446268
353035,7;0,1445517
353052,2;0,1444644
353068,9;0,1443791
353085,3;0,1442294
353102,4;0,1440648
353118,5;0,1438819
353135,1;0,1438004
353151,6;0,1438004
353168,2;0,1435425
353184,8;0,1435425
353201,7;0,1434578
353217,9;0,1434578
353234,9;0,1433068
353251;0,143004
353267,6;0,142663
353284,2;0,1425452
353300,7;0,1424415
353317,3;0,1422502
353333,9;0,1420632
353350,8;0,1419726
353367;0,1417575
353384,1;0,1416396
353400,1;0,1414697
353417,3;0,1412727
353433,5;0,1411612
353449,8;0,1410742
353466,4;0,1410647
353483,1;0,1406585
353499,7;0,1405641
353516,1;0,1403806
353533,1;0,1402666
353549,2;0,1400689
353565,8;0,1399662
353582,4;0,1399662
353599,8;0,1395513
353615,7;0,1394426
353632,2;0,1393142
353648,6;0,1391373
353665,2;0,1389391
353681,8;0,1388159
353698,9;0,1387108
353714,9;0,1386791
353731,9;0,1384438
353748,1;0,138179
353764,6;0,1380267
353781,2;0,1378909
353797,9;0,1376991
353814,3;0,1375996
353830,9;0,1375996
353847,4;0,1374945
353864,4;0,1373962
353881,2;0,1371785
353897,2;0,136803
353913,7;0,1365145
353930,7;0,1364106
353946,8;0,1363921
353963,4;0,1360101
353979,9;0,1358754
353996,5;0,1356537
354013,2;0,1356537
354029,7;0,1355215
354046,8;0,1352262
354062,8;0,1350105
354079,3;0,1348902
354096,4;0,1348807
354112,5;0,1344649
354129,1;0,1343346
354145,6;0,1341522
354162,5;0,1340353
354178,8;0,1338336
354195,3;0,1337209
354211,9;0,1337209
354228,5;0,1333292
354245;0,1332085
354261,6;0,1330052
354278,2;0,1329187
354295,7;0,1326915
354311,3;0,1326024
354328,6;0,1324088
354344,6;0,1323207
354361;0,1323207
354377,8;0,1319975
354394,5;0,1318825
354410,7;0,131796
354427,8;0,13161
354443,8;0,13161
354460,4;0,1315222
354477,3;0,1314466
354494;0,1314466
354510,1;0,131363
354526,7;0,1310544
354543,7;0,1306701
354560,3;0,1305725
354576,8;0,1304006
354593,6;0,1302433
354610,1;0,1301715
354626,1;0,1300054
354642,6;0,1300054
354659,8;0,1299036
354675,8;0,1296645
354692,6;0,129506
354709,2;0,1293357
354726;0,1292683
354742,2;0,1291551
354758,7;0,1290928
354775,2;0,1290172
354792,1;0,1287888
354808,3;0,1286275
354825;0,1285244
354841,4;0,1284787
354858,1;0,1283579
354875;0,1281944
354891,1;0,12811
354907,8;0,1279641
354924,4;0,1278158
354940,9;0,1276695
354957,4;0,1276695
354974;0,1275065
354990,7;0,1273673
355007,4;0,1272271
355023,7;0,1271512
355041;0,1270088
355056,8;0,126939
355073,4;0,126939
355090,2;0,1267292
355106,5;0,1267292
355123,3;0,1266596
355139,6;0,1266596
355156,2;0,1265159
355172,9;0,12619
355189,3;0,1260304
355205,9;0,1259766
355222,6;0,1259092
355239;0,1258251
355255,6;0,1256376
355272,2;0,1256376
355288,7;0,1255046
355305,7;0,1253697
355321,9;0,1252094
355338,4;0,1251703
355355;0,1250356
355371,6;0,1249142
355388,1;0,1248523
355405;0,1247201
355421,6;0,1247201
355437,8;0,1246457
355454,9;0,1244352
355471;0,1243323
355487,5;0,1242778
355504,1;0,1242778
355521,5;0,1240776
355537,2;0,1239519
355553,9;0,1238223
355570,3;0,123769
355586,9;0,123769
355603,5;0,1235918
355620,8;0,1235161
355636,6;0,1234565
355653,2;0,1232871
355669,9;0,1231628
355686,3;0,1230951
355702,9;0,12297
355720,2;0,1228848
355736;0,1228533
355752,6;0,1228533
355769,3;0,1227907
355785,8;0,1227287
355802,3;0,1225561
355819;0,1223441
355836;0,1222918
355852,2;0,1222426
355868,8;0,1221898
355885,1;0,1220275
355901,7;0,1219742
355918,3;0,1218652
355934,8;0,1218652
355951,4;0,1217413
355968;0,1215995
355984,5;0,1215315
356001,1;0,1214808
356017,7;0,1214545
356034,2;0,121286
356051,4;0,121193
356067,4;0,1211395
356083,9;0,1210904
356100,7;0,1210068
356117,2;0,1209047
356133,6;0,1209047
356150,3;0,1208589
356167,1;0,1207071
356183,3;0,1207071
356199,9;0,1206037
356216,5;0,1204631
356233;0,1204121
356249,6;0,120377
356266,2;0,1203537
356282,8;0,120193
356299,3;0,1201072
356315,8;0,1200595
356333;0,1200595
356349;0,1199164
356365,7;0,1198194
356382,2;0,1198194
356398,7;0,1197678
356415,3;0,1197624
356431,8;0,1196292
356448,4;0,1195334
356465;0,1194235
356481,8;0,1193838
356498,7;0,1193543
356514,8;0,1192263
356531,2;0,1191451
356547,8;0,1191078
356564,4;0,1190605
356581;0,1190121
356597,6;0,1189351
356614;0,1189351
356630,6;0,1188638
356647,2;0,1187974
356663,8;0,1187206
356680,3;0,1186719
356696,9;0,1186255
356713,5;0,118592
356730;0,1185245
356747,3;0,1184592
356763,2;0,1184305
356779,7;0,1183989
356796,3;0,1183404
356813,5;0,1183404
356829,6;0,1182486
356846;0,1181987
356862,6;0,118135
356879,1;0,118135
356895,7;0,1180431
356912,3;0,1180132
356928,8;0,1179653
356945,4;0,1179385
356961,9;0,1178876
356978,8;0,117861
356995,1;0,117861
357011,7;0,1177925
357028,2;0,1177925
357044,9;0,1177642
357061,8;0,1177588
357077,9;0,1176384
357094,5;0,117576
357111,1;0,117516
357127,6;0,1174968
357144,2;0,1174477
357160,8;0,1174094
357177,3;0,1173885
357193,9;0,1173644
357210,4;0,1173155
357227;0,117267
357243,6;0,1172479
357260,2;0,1172064
357276,7;0,1171737
357293,3;0,1171598
357309,8;0,1171373
357326,6;0,117072
357343;0,1170478
357359,6;0,1170118
357376,1;0,1170118
357393;0,1169534
357409,4;0,1169274
357425,8;0,1168912
357442,4;0,11685
357459,6;0,1168191
357475,5;0,1167883
357492,1;0,1167883
357508,7;0,1167557
357525,5;0,1167043
357542;0,1166854
357558,4;0,116653
357574,9;0,1166326
357591,8;0,1165985
357608,4;0,1165865
357624,9;0,1165865
357641,6;0,1165403
357657,8;0,1165234
357674,9;0,1165182
357691,1;0,1165045
357707,5;0,1164842
357724,4;0,1164396
357740,6;0,1163624
357757,8;0,116347
357773,7;0,116347
357790,5;0,1162806
357806,8;0,1162617
357823,8;0,1162377
357840;0,116224
357856,6;0,1161999
357873,1;0,1161506
357889,7;0,1161182
357906,3;0,1160925
357922,8;0,1160925
357939,6;0,1160517
357956,6;0,1160263
357972,8;0,1160129
357989,1;0,1159858
358006,2;0,1159858
358022,2;0,1159293
358038,8;0,1159019
358055,3;0,1158885
358072,3;0,1158598
358088,5;0,1158411
358105,2;0,1158121
358121,8;0,1158121
358138,8;0,1157835
358154,9;0,1157432
358171,4;0,1157298
358187,9;0,1157196
358205,1;0,1157196
358221;0,1156758
358238;0,1156418
358254,2;0,1156234
358271,3;0,1155999
358287,3;0,1155882
358303,9;0,1155882
358320,4;0,1155815
358337,2;0,1155815
358353,5;0,1155445
358370,8;0,1155043
358387,4;0,1154876
358403,3;0,1154655
358420,6;0,1154537
358436,4;0,1154537
358453;0,1154185
358469,8;0,1154084
358486,3;0,1153966
358502,7;0,1153966
358519,2;0,1153515
358536,1;0,1153398
358552,4;0,1153148
358568,9;0,1152863
358585,5;0,1152796
358602,1;0,1152695
358618,6;0,1152695
358635,3;0,1152293
358651,8;0,1152293
358668,6;0,1151895
358685,5;0,1151744
358701,4;0,1151543
358718;0,1151378
358734,6;0,1151395
358751,2;0,1151245
358768,1;0,1150929
358784,5;0,1150696
358801,1;0,1150645
358817,4;0,1150645
358834,2;0,1150211
358851;0,1150194
358867,1;0,1150026
358884,1;0,1149892
358900,3;0,1149726
358916,8;0,1149543
358933,9;0,1149444
358950,2;0,114941
358967,2;0,1149309
358983,1;0,1149292
359000,2;0,1149059
359017,2;0,1148509
359032,9;0,1148177
359049,4;0,1148127
359065,9;0,1148127
359082,5;0,1148027
359099,3;0,114768
359115,6;0,1147414
359132,2;0,114738
359148,8;0,1147281
359165,3;0,1146899
359182,2;0,1146716
359198,5;0,1146518
359215;0,1146452
359231,8;0,1146401
359248,7;0,1146237
359264,8;0,114612
359281,3;0,1146055
359298,4;0,1145938
359314,4;0,1145676
359331,4;0,1145545
359347,6;0,1145414
359364,1;0,1145347
359381,3;0,1145232
359397,3;0,1145151
359413,8;0,1145051
359431,3;0,1144772
359447,1;0,1144609
359463,5;0,1144542
359480,1;0,1144377
359496,9;0,1144377
359513,5;0,1144132
359529,8;0,1144033
359546,3;0,11439
359563,1;0,1143753
359579,7;0,1143753
359596,1;0,1143686
359612,6;0,1143686
359629,4;0,1143589
359645,8;0,1143357
359662,3;0,1143046
359678,9;0,1142915
359695,5;0,1142915
359712,5;0,1142817
359728,6;0,114262
359745,2;0,1142522
359761,9;0,114239
359778,3;0,114239
359795,1;0,1142212
359811,4;0,114208
359828,1;0,114195
359844,5;0,1141916
359861,5;0,1141818
359878,2;0,1141707
359894,3;0,1141576
359910,8;0,1141528
359927,4;0,1141331
359944,3;0,1141234
359960,7;0,1141234
359977,2;0,1141234
359993,7;0,1140954
360010,2;0,1140906
360027,3;0,1140824
360043,4;0,1140644
360059,9;0,1140627
360076,5;0,1140463
360093,1;0,1140367
360110;0,1140283
360126,5;0,1140283
360142,8;0,1140138
360159,5;0,1140074
360175,9;0,1139942
360192,8;0,113986
360209;0,113986
360225,6;0,1139844
360242,2;0,1139796
360259,1;0,1139796
360275,3;0,1139732
360291,9;0,11396
360308,9;0,1139239
360325,1;0,1139223
360341,7;0,1139191
360358,1;0,113911
360374,9;0,1139047
360391,6;0,1138982
360407,8;0,1138982
360424,5;0,1138787
360441,5;0,1138787
360458,1;0,1138639
360474,1;0,1138493
360491;0,1138412
360507,2;0,1138363
360523,8;0,1138363
360540,3;0,1138234
360557,1;0,1138203
360573,5;0,1138138
360590,2;0,1138041
360606,6;0,1138041
360623,5;0,1137926
360639,8;0,1137862
360656,4;0,1137846
360673,4;0,113783
360689,4;0,1137814
360706;0,1137733
360722,9;0,113765
360739,2;0,1137601
360756,3;0,1137601
360772,3;0,1137538
360788,9;0,1137472
360805,4;0,1137472
360822;0,1137344
360839;0,1137312
360855,5;0,1137217
360871,8;0,1137232
360888,3;0,1137166
360904,8;0,1137103
360921,4;0,1137069
360938;0,1136973
360954,5;0,1136957
360971,6;0,1136924
360988,1;0,1136924
361004,2;0,1136845
361020,8;0,1136797
361037,3;0,1136781
361054,7;0,1136781
361070,5;0,1136718
361087,1;0,113667
361103,7;0,1136669
361120,4;0,1136654
361137,1;0,1136654
361153,3;0,113659
361169,9;0,113659
361186,5;0,1136574
361203;0,1136542
361220;0,113651
361236,2;0,1136462
361252,8;0,1136398
361269,3;0,1136382
361285,8;0,1136382
361303,2;0,1136382
361319;0,1136382
361335,6;0,1136382
361352,4;0,1136398
361368,7;0,1136349
361385,3;0,1136349
361402,3;0,1136317
361418,4;0,1136286
361435;0,1136286
361452,2;0,1136302
361468,1;0,1136302
361484,7;0,113627
361501,2;0,1136302
361517,8;0,1136302
361534,4;0,1136302
361550,9;0,113627
361567,5;0,1136159
361584,1;0,1136175
361601,1;0,1136143
361617,2;0,1136143
361633,9;0,1136111
361650,3;0,1136095
361666,9;0,1136095
361683,5;0,1136079
361700;0,1136079
361716,6;0,1136095
361733,2;0,1136063
361749,7;0,1136063
361766,3;0,1136063
361782,9;0,1136079
361799,4;0,1136079
361816;0,1136048
361832,6;0,1136016
361849,3;0,1136016
361865,7;0,1136016
361882,3;0,1136016
361899,1;0,1135968
361915,4;0,1135952
361931,9;0,1135952
361948,5;0,1135968
361965,1;0,1135905
361981,7;0,1135857
361999,1;0,1135873
362014,8;0,1135873
362031,4;0,1135857
362048;0,1135794
362064,5;0,1135794
362081,6;0,1135762
362097,6;0,1135762
362114,2;0,1135714
362130,8;0,1135714
362147,3;0,1135714
362163,9;0,1135698
362180,4;0,1135714
362197;0,1135635
362213,7;0,1135524
362230,2;0,1135508
362246,8;0,1135476
362263,3;0,1135444
362279,8;0,113546
362297,3;0,1135365
362313,1;0,1135333
362329,9;0,1135333
362346,1;0,1135333
362362,8;0,1135206
362379,3;0,1135143
362395,8;0,1135111
362412,5;0,1135127
362429,5;0,1135127
362445,5;0,1135016
362462,1;0,1135032
362478,7;0,1134968
362495,3;0,1134968
362511,8;0,1134921
362528,3;0,1134857
362545,1;0,1134857
362561,5;0,1134825
362578,5;0,1134825
362594,6;0,1134746
362611,2;0,1134698
362627,8;0,1134619
362644,3;0,1134619
362661,2;0,1134571
362677,5;0,1134461
362694,3;0,1134429
362710,6;0,1134382
362727,2;0,1134382
362744;0,1134319
362760,3;0,1134208
362776,9;0,1134145
362793,4;0,1134145
362810;0,1134145
362827;0,1134145
362843,5;0,1134081
362859,7;0,1133986
362876,7;0,1133954
362892,8;0,1133906
362909,6;0,1133891
362926;0,1133891
362942,5;0,1133764
362959,1;0,1133685
362975,7;0,1133638
362992,2;0,1133638
363009,3;0,1133526
363025,4;0,1133558
363041,9;0,1133511
363058,6;0,1133463
363076;0,1133399
363091,6;0,1133368
363108,2;0,1133288
363124,8;0,1133225
363141,4;0,1133209
363158,2;0,1132987
363174,5;0,1132939
363191,5;0,1132828
363207,6;0,1132749
363224,4;0,1132733
363241,4;0,1132733
363257,3;0,1132733
363273,9;0,1132511
363291;0,1132448
363307;0,1132416
363323,6;0,11324
363340,3;0,11324
363356,7;0,1132258
363373,4;0,1132196
363389,8;0,1132164
363406,5;0,1132005
363423,9;0,1132005
363440,2;0,1131973
363456,1;0,1131973
363473,1;0,1131894
363489,6;0,113172
363505,8;0,1131657
363522,4;0,1131642
363539,7;0,113161
363555,5;0,1131468
363572,1;0,1131374
363588,6;0,113131
363605,2;0,1131231
363621,8;0,1131151
363638,3;0,1130994
363655;0,1130916
363671,7;0,1130916
363688;0,1130664
363704,6;0,1130459
363721,2;0,1130286
363737,7;0,1130286
363754,3;0,1130239
363770,8;0,112994
363787,6;0,1129814
363804,2;0,1129672
363820,6;0,1129672
363837,1;0,1129327
363853,8;0,1129296
363870,3;0,1129107
363887;0,1128964
363904,3;0,1128808
363920;0,1128698
363936,9;0,1128589
363953,1;0,1128431
363969,7;0,1128227
363986,3;0,11281
364002,8;0,1127975
364019,3;0,1127959
364035,9;0,1127553
364053;0,1127443
364069,7;0,1127443
364086,1;0,1127365
364102,2;0,1127349
364119,3;0,1126818
364136,3;0,1126599
364152,3;0,112644
364168,5;0,112644
364185,1;0,1126347
364201,7;0,1126097
364218,7;0,1126097
364234,8;0,1125689
364251,3;0,1125518
364267,9;0,1125329
364284,4;0,1125281
364301,5;0,1125281
364318,3;0,1124764
364334,2;0,1124733
364351,1;0,1124498
364367,3;0,1124374
364383,9;0,1124187
364400,9;0,1124045
364417,5;0,1123906
364433,5;0,1123795
364450,1;0,1123372
364466,7;0,1123372
364483,7;0,1123231
364499,8;0,1122953
364516,3;0,1122843
364532,9;0,1122702
364549,5;0,1122702
364566,1;0,1122373
364583,1;0,1122108
364599,8;0,1121921
364615,8;0,1121921
364632,7;0,112175
364649,4;0,1121501
364665,7;0,112133
364682;0,1121111
364698,6;0,1121111
364715,3;0,1121033
364731,7;0,1121033
364748,3;0,112094
364765,5;0,1120441
364781,4;0,1120207
364798;0,1120085
364814,5;0,111996
364831,1;0,111982
364847,7;0,1119429
364864,3;0,1119226
364880,8;0,1119022
364897,4;0,1119022
364914;0,1118804
364931,3;0,1118448
364947,3;0,1118369
364963,7;0,1118276
364980,3;0,1118228
364996,8;0,1117809
365013,4;0,1117671
365029,9;0,1117484
365046,6;0,1117484
365063,1;0,111719
365079,6;0,1116942
365096,2;0,1116835
365112,8;0,111671
365129,6;0,1116664
365146,3;0,1116355
365162,4;0,1116231
365179;0,1116075
365195,6;0,1115922
365212,2;0,1115906
365228,7;0,1115611
365245,3;0,1115471
365261,9;0,1115457
365278,4;0,1115317
365295;0,1115163
365311,6;0,1115038
365328,8;0,1115038
365344,7;0,1114915
365361,3;0,1114804
365378,2;0,1114804
365394,4;0,1114663
365410,9;0,1114276
365427,5;0,1113825
365444,1;0,1113671
365461,1;0,1113624
365477,2;0,1113267
365493,8;0,1113097
365510,8;0,1112972
365526,9;0,1112863
365543,5;0,1112707
365565,2;0,1112521
365576,6;0,1112396
365593,2;0,1112396
365609,8;0,1112087
365626,3;0,1112057
365642,9;0,1111948
365660,1;0,111178
365676;0,1111626
365692,8;0,1111626
365709,2;0,1111549
365725,8;0,1111318
365742,3;0,1111254
365758,9;0,1111162
365775,4;0,1111115
365792,2;0,1111037
365808,6;0,111085
365825,6;0,1110759
365841,7;0,1110665
365858,3;0,1110603
365874,9;0,1110542
365891,8;0,1110542
365908;0,1110312
365924,5;0,1110328
365941,1;0,1110219
365957,9;0,1110082
365974,3;0,1110052
365990,8;0,1110052
366007,3;0,1110009
366024,1;0,1110009
366040,5;0,1109794
366057,1;0,1109626
366074,3;0,1109626
366090,9;0,110955
366106,8;0,1109409
366123,3;0,11093
366140,1;0,1109285
366156,5;0,1109164
366173;0,1109118
366189,8;0,1108995
366206,2;0,1108949
366222,8;0,1108904
366239,3;0,110881
366255,9;0,1108751
366272,5;0,1108736
366289,2;0,1108736
366305,6;0,1108494
366322,1;0,1108511
366338,7;0,1108377
366355,3;0,1108377
366372;0,1108287
366388,4;0,1108194
366405,3;0,1108117
366421,7;0,1108042
366438,1;0,1107997
366454,7;0,1107982
366471,2;0,1107982
366487,8;0,1107828
366504,6;0,1107659
366521;0,1107645
366537,7;0,1107645
366554,4;0,1107367
366570,6;0,110729
366587,8;0,1107275
366604,5;0,1107182
366620,8;0,1107182
366636,9;0,1107182
366653,5;0,1107136
366670;0,1107091
366686,7;0,1106873
366703,3;0,1106611
366719,7;0,1106504
366736,3;0,1106473
366753,3;0,1106443
366769,4;0,1106379
366786;0,1106363
366803,2;0,110607
366819,1;0,1106055
366836,4;0,110604
366852,6;0,110604
366869,3;0,1105798
366885,5;0,1105798
366902;0,1105673
366918,6;0,1105628
366935,1;0,1105458
366951,7;0,1105442
366968,2;0,1105212
366985,2;0,1105227
367001,5;0,1105088
367018,3;0,1104904
367034,5;0,1104888
367051,2;0,1104734
367067,6;0,1104718
367084,2;0,110461
367100,8;0,1104469
367118;0,1104358
367133,9;0,1104313
367150,5;0,1104313
367167;0,1104041
367183,6;0,1103948
367200,2;0,1103826
367217,1;0,1103765
367233,4;0,1103504
367250;0,1103441
367266,6;0,1103441
367283,4;0,1103363
367300,1;0,1103347
367316,1;0,1103162
367332,7;0,1102959
367349,3;0,1102793
367365,8;0,1102639
367382,9;0,1102639
367399;0,1102427
367415,8;0,1102334
367432,3;0,1102274
367449,1;0,1102196
367465,9;0,1102088
367481,9;0,110198
367498,3;0,1101965
367748,9;0,109929
367748,9;0,1099181
367768,9;0,1098966
367785,5;0,1098722
367802,6;0,1098581
367819,1;0,1098551
367835,2;0,1098414
367851,8;0,1098229
367868,3;0,1098198
367884,9;0,109809
367901,5;0,1098059
367918,2;0,1097953
367934,6;0,1097893
367951,5;0,1097756
367967,8;0,1097617
367984,3;0,1097617
368001,3;0,1097433
368017,6;0,1097417
368034;0,1097417
368050,6;0,1097158
368067,5;0,1097097
368083,7;0,1097019
368100,3;0,1097019
368116,8;0,1096896
368133,6;0,1096757
368150;0,1096664
368166,5;0,1096616
368183,1;0,1096568
368199,7;0,1096553
368216,5;0,1096505
368233;0,1096385
368249,4;0,1096355
368266;0,1096325
368282,7;0,1096325
368299,2;0,1096338
368315,7;0,1096354
368332,2;0,1096429
368349,3;0,1096549
368365,5;0,1096549
368382,1;0,1096658
368398,5;0,1096674
368415,6;0,1097048
368431,6;0,1097476
368448,2;0,1100654
368464,8;0,1102482
368481,3;0,1102482
368498,5;0,1105176
368514,4;0,1111029
368531;0,1113294
368548;0,1115903
368564,2;0,11161
368580,7;0,1124005
368597,3;0,1129168
368613,8;0,1133579
368630,5;0,1133579
368647;0,1138874
368663,5;0,1144743
368680,1;0,1150276
368696,7;0,1150963
368713,9;0,1156336
368729,8;0,1161082
368746,4;0,1163647
368763,6;0,1168562
368779,5;0,1171171
368796,1;0,1176374
368812,8;0,1179198
368829,2;0,1183671
368846;0,1188553
368862,3;0,1191377
368878,9;0,1193986
368895,6;0,1194719
368912,1;0,1203416
368928,6;0,1206835
368945,2;0,121094
368961,9;0,1213595
368978,7;0,1218555
368995;0,1220858
369011,4;0,1220858
369028;0,1223452
369045,3;0,1225818
369061,2;0,1231201
369078,1;0,1240981
369094,3;0,1245406
369110,8;0,1247633
369127,4;0,1248045
369144;0,12554
369160,6;0,1260862
369177,1;0,1264705
369193,7;0,1264705
369211,1;0,1270595
369226,8;0,1274593
369243,4;0,1279491
369259,9;0,1284547
369276,5;0,1287004
369293,1;0,1289714
369309,7;0,1293776
369326,2;0,1293776
369342,8;0,1299483
369359,8;0,1305916
369375,9;0,1308144
369392,5;0,1310584
369409,1;0,1313347
369425,6;0,1320221
369442,6;0,132489
369458,8;0,1327393
369475,3;0,1331335
369491,9;0,1334236
369508,5;0,1339117
369525,7;0,134243
369541,8;0,1346112
369558,2;0,1348314
369574,8;0,1353225
369591,5;0,1357895
369608;0,1359977
369624,5;0,1359977
369641,3;0,1362402
369658,2;0,1364356
369674,8;0,1364616
369691,5;0,1367102
369707,3;0,1373195
369724,1;0,1381294
369740,4;0,1390392
369757;0,1392792
369773,5;0,1392792
369790,2;0,1399386
369806,6;0,1404188
369823,8;0,1407157
369839,8;0,1409128
369856,3;0,1409998
369872,9;0,1417807
369889,5;0,1421372
369906;0,1424726
369922,6;0,1424726
369939,2;0,1427861
369955,8;0,1436133
369972,7;0,1438218
369988,9;0,1440701
370005,7;0,1441115
370022;0,1448737
370038,7;0,1452551
370055,2;0,1454006
370072,1;0,1454175
370088,3;0,1462941
370104,8;0,1466936
370121,4;0,147172
370138,4;0,1474218
370154,5;0,1476318
370171,2;0,1478601
370187,7;0,1480825
370204,3;0,1487262
370221,4;0,1491845
370237,4;0,1494101
370253,9;0,1494101
370270,8;0,1500107
370287,1;0,1500536
370304,2;0,1502576
370320,3;0,1502576
370336,8;0,1505869
370360,3;0,1514545
370370,3;0,1519801
370386,8;0,1523887
370403;0,1527536
370420,2;0,1529334
370436,8;0,1532065
370452,8;0,1532065
370469,3;0,1534474
370485,9;0,1535982
370502,4;0,1536783
370519,5;0,1536868
370535,9;0,1536868
370552,2;0,1536583
370568,7;0,1535962
370585,3;0,1535218
370601,8;0,1535218
370618,4;0,153477
370635;0,1533533
370651,6;0,1532879
370668,3;0,1532492
370684,8;0,1532492
370701,2;0,153102
370717,8;0,1530636
370734,4;0,153034
370750,9;0,1529576
370767,5;0,1529576
370784,1;0,1528455
370800,7;0,1527748
370817,2;0,1527101
370834;0,1527042
370850,3;0,1526364
370866,9;0,1525747
370884,4;0,152504
370900,1;0,1524718
370916,6;0,1524573
370933,3;0,1524573
370949,8;0,1524372
370966,8;0,1524075
370983,3;0,1523252
370999,4;0,1521872
371016,1;0,1521578
371032,8;0,1521578
371049,2;0,1521177
371065,8;0,152028
371082,3;0,151964
371098,9;0,1519469
371115,4;0,1519469
371132,1;0,1518688
371149,2;0,1518304
371165,1;0,1517754
371181,9;0,1517206
371198,3;0,1516765
371215,3;0,151612
371231,4;0,1515826
371248;0,1515826
371264,5;0,1515152
371281,3;0,1514137
371297,6;0,1513847
371314,2;0,1513847
371330,8;0,1513209
371347,3;0,1512599
371363,9;0,1512168
371380,5;0,1511769
371397,2;0,1511244
371413,6;0,1510981
371430,2;0,151044
371447,2;0,1510041
371463,3;0,1509692
371480;0,1509116
371496,5;0,1508774
371513;0,1508774
371529,6;0,1507974
371546,3;0,1507461
371562,7;0,1507461
371579,3;0,1507314
371595,8;0,1507314
371612,4;0,1506659
371629;0,1505714
371646;0,1505484
371662,1;0,1505199
371678,7;0,1505199
371695,3;0,150423
371712;0,150423
371729,3;0,1503798
371744,9;0,1503399
371761,5;0,1503027
371778,1;0,1502457
371794,7;0,1502167
371811,2;0,1501768
371827,8;0,1501597
371844,4;0,1501597
371861,2;0,1501142
371877,5;0,1500657
371894,4;0,1500486
371910,6;0,150023
371927,4;0,1500088
371943,8;0,1499518
371960,3;0,1499147
371976,9;0,1499119
371993,7;0,149909
372010;0,1498323
372026,6;0,1498069
372043,2;0,1497729
372059,7;0,1497501
372076,3;0,1497273
372092,8;0,1497216
372109,4;0,1496988
372126;0,1496591
372142,6;0,1496477
372159,1;0,1496193
372175,8;0,1495967
372192,3;0,1495826
372208,8;0,1495826
372225,4;0,1495686
372242,2;0,1495657
372259;0,1495319
372275,1;0,1494778
372291,7;0,1494211
372308,2;0,1494068
372324,9;0,1493869
372341,4;0,1493614
372358,1;0,1493614
372374,5;0,1492884
372391,1;0,1492827
372408,3;0,1492324
372424,2;0,1492153
372440,8;0,1491868
372457,3;0,149164
372474,5;0,1491412
372490,4;0,1491327
372507;0,1491127
372523,6;0,1490843
372540,2;0,1490814
372556,7;0,1490415
372573,6;0,1490358
372589,8;0,1490159
372606,4;0,148979
372623;0,1489648
372639,6;0,148951
372656,1;0,1489196
372673,1;0,1489054
372689,3;0,1489054
372705,8;0,1488687
372722,4;0,1488437
372739;0,1488185
372755,6;0,1488071
372772,8;0,1487684
372788,7;0,1487572
372805,6;0,1487572
372821,8;0,148735
372838,5;0,1487039
372855,7;0,1487011
372871,5;0,1486954
372888;0,148684
372904,6;0,1486386
372921,2;0,1485875
372937,8;0,1485678
372954,3;0,1485678
372970,9;0,1485315
372987,5;0,1484874
373004,1;0,1484483
373020,6;0,1484261
373037,1;0,1484261
373053,7;0,1484182
373070,4;0,1483657
373086,8;0,1483464
373103,8;0,1483268
373120;0,148313
373136,5;0,148258
373153,5;0,1482411
373169,7;0,148219
373186,3;0,1482049
373203,1;0,148188
373219,4;0,1481626
373235,9;0,1481486
373253,3;0,1481243
373269,1;0,1481164
373285,7;0,1481164
373302,2;0,1480826
373319;0,1480611
373335,3;0,1480389
373352,2;0,1480305
373368,5;0,1480167
373385,4;0,1480167
373401,7;0,1480004
373418,2;0,1479705
373434,8;0,1479406
373451,3;0,1479217
373467,9;0,1479188
373485;0,1479133
373501,5;0,1479054
373517,6;0,1479027
373534,6;0,1478683
373550,7;0,1478655
373567,4;0,147838
373583,9;0,147838
373600,4;0,1478026
373617,2;0,1477753
373633,6;0,1477674
373650,3;0,1477379
373666,7;0,1477188
373683,3;0,147719
373699,8;0,1477188
373717,3;0,1477188
373732,9;0,1476752
373749,5;0,1476593
373766,8;0,1476429
373783,2;0,1476429
373799,7;0,1476294
373816,2;0,1476264
373832,4;0,1476129
373848,9;0,1476024
373865,8;0,1475918
373882,1;0,1475702
373898,6;0,1475596
373915,2;0,1475354
373931,7;0,1475138
373948,3;0,147498
373964,9;0,1474927
373981,4;0,1474847
373998,1;0,1474817
374014,6;0,1474738
374031,2;0,1474632
374047,7;0,1474632
374064,3;0,1474552
374080,8;0,1474341
374097,8;0,1474206
374114;0,1474127
374130,6;0,1474127
374147,1;0,1473964
374164,5;0,1473885
374180,3;0,1473777
374196,8;0,1473403
374213,4;0,1473187
374230,2;0,1473028
374246,5;0,1472812
374263,2;0,1472678
374279,6;0,1472678
374296,2;0,1472519
374313,4;0,1472308
374329,3;0,1472041
374345,9;0,1471882
374362,5;0,1471695
374379,1;0,1471616
374395,6;0,1471616
374412,2;0,1471245
374429,1;0,1471166
374445,3;0,147106
374461,9;0,1471007
374478,6;0,1470981
374495,5;0,1470743
374511,6;0,1470531
374528,1;0,1470372
374544,7;0,1470318
374561,3;0,1470106
374577,8;0,1469947
374594,4;0,1469894
374611;0,1469603
374628;0,1469444
374644,1;0,1469365
374660,7;0,1469233
374677,3;0,1469233
374694,3;0,1468942
374710,4;0,1468783
374727;0,1468677
374743,8;0,1468677
374760,1;0,1468624
374776,7;0,1468624
374793,9;0,1468492
374814,2;0,1468439
374826,6;0,1468307
374843;0,1468307
374859,9;0,1467936
374876,3;0,1467884
374892,6;0,1467751
374909,6;0,1467751
374925,8;0,146754
374942,9;0,1467487
374958,9;0,1467355
374975,8;0,1467275
374992,4;0,1467196
375008,6;0,1467143
375025,6;0,1467143
375041,9;0,1467143
375058,3;0,1467196
375074,9;0,1467196
375091,4;0,1467116
375108,6;0,1466984
375124,5;0,1467011
375141,1;0,1467011
375157,7;0,1467011
375174,6;0,146709
375191,2;0,1466958
375207,4;0,1466931
375224,3;0,146672
375240,5;0,1466667
375257,1;0,1466693
375273,7;0,1466693
375290,8;0,1466561
375306,8;0,1466455
375323,3;0,1466482
375340,2;0,1466323
375356,7;0,146627
375373,3;0,1466243
375389,9;0,1466243
375406,2;0,1466243
375422,8;0,1466217
375439,3;0,1466217
375456,2;0,146627
375472,4;0,1466349
375489;0,1466376
375505,6;0,1466508
375522,2;0,1466614
375538,7;0,1466482
375555,3;0,1466455
375571,8;0,1466349
375588,4;0,1466455
375605;0,1466508
375621,6;0,1466429
375638,1;0,1466429
375654,7;0,1466482
375671,3;0,1466429
375688;0,1466323
375704,7;0,1466349
375721,1;0,1466323
375737,5;0,1466349
375754,1;0,1466349
375771,3;0,1466296
375787,2;0,146627
375804;0,146627
375820,7;0,1466243
375836,9;0,1466243
375853,5;0,146627
375870,1;0,1466296
375886,6;0,1466296
375903,8;0,1466296
375919,8;0,1466402
375936,3;0,1466429
375953,7;0,1466482
375970;0,1466534
375986,6;0,1466402
376003,1;0,1466243
376020;0,1466243
376035,9;0,1466323
376052,3;0,1466296
376068,8;0,1466296
376085,4;0,1466296
376102;0,1466349
376118,5;0,146627
376135,1;0,1466429
376151,7;0,1466429
376168,3;0,1466429
376185,5;0,1466508
376201,6;0,1466482
376218;0,1466455
376234,5;0,1466455
376251,1;0,1466508
376267,6;0,146664
376284,2;0,146664
376300,8;0,1466667
376317,3;0,1466746
376334,4;0,1467011
376351,2;0,146709
376367;0,1467249
376383,6;0,1467328
376400,2;0,1467407
376417,1;0,1467566
376433,6;0,1467593
376449,9;0,1467725
376466,7;0,1467725
376483;0,1467751
376499,6;0,1467831
376516,2;0,1467857
376532,8;0,1467857
376549,3;0,1467936
376566,1;0,1468042
376582,6;0,1468042
376599;0,1468042
376615,5;0,1468333
376632,1;0,146836
376648,8;0,1468519
376665,4;0,1468545
376681,8;0,1468545
376698,4;0,1468519
376714,9;0,1468519
376731,8;0,1468571
376748,1;0,1468704
376764,7;0,1468862
376781,5;0,1468942
376797,8;0,1468942
376814,8;0,1468995
376830,9;0,1468968
376847,7;0,1468889
376864;0,1468836
376881,3;0,1468836
376897,2;0,1468598
376913,8;0,1468571
376930,3;0,1468651
376946,9;0,1468757
376963,4;0,1468624
376980;0,1468757
376996,8;0,1468757
377013,2;0,146873
377029,7;0,1468889
377046,3;0,1468757
377062,9;0,1468836
377079,4;0,1468836
377096,1;0,1468783
377113;0,1468862
377129,1;0,1468995
377145,8;0,146881
377162,3;0,1468757
377178,8;0,146873
377195,7;0,1468757
377211,9;0,1468651
377229;0,1468677
377245,3;0,1468757
377261,7;0,146881
377278,2;0,146881
377295,3;0,146873
377311,3;0,1468889
377327,9;0,1468889
377344,5;0,1468915
377361,1;0,1468915
377377,7;0,1468915
377395,1;0,146881
377413,2;0,1468889
377427,3;0,1468862
377444;0,146881
377461,1;0,146881
377477;0,146881
377493,6;0,146881
377510,3;0,146881
377526,7;0,1468492
377543,3;0,1468571
377560,1;0,1468519
377576,5;0,1468519
377593;0,1468386
377610,1;0,1468413
377626,2;0,1468413
377642,7;0,146836
377659,3;0,146836
377676;0,1468439
377692,8;0,146836
377709,1;0,146836
377725,9;0,1468254
377742,1;0,146828
377758,6;0,1468307
377775,2;0,1468307
377791,9;0,1468228
377808,3;0,1468148
377824,9;0,1468148
377841,8;0,1468042
377858,2;0,1467963
377874,6;0,1468016
377891,2;0,1467963
377908;0,1467963
377924,6;0,1467936
377940,9;0,1467857
377957,5;0,1467857
377974,4;0,1467831
377990,7;0,1467804
378007,2;0,1467804
378023,7;0,1467778
378040,3;0,1467672
378056,8;0,1467698
378073,4;0,1467698
378090,3;0,1467672
378106,5;0,1467566
378123,1;0,1467487
378139,8;0,1467487
378156,5;0,1467487
378173,4;0,146746
378189,4;0,1467434
378205,9;0,1467434
378222,9;0,1467407
378239,2;0,1467407
378255,7;0,1467275
378272,2;0,1467275
378288,8;0,1467222
378305,3;0,146709
378321,9;0,1467037
378338,5;0,1466931
378355;0,1466852
378371,8;0,1466746
378388,4;0,146664
378404,8;0,1466561
378421,3;0,1466508
378438,7;0,1466349
378455;0,1466191
378471,1;0,1466164
378487,6;0,1466085
378504,3;0,1466058
378521,1;0,1466085
378537,3;0,1465926
378553,8;0,1466032
378570,5;0,1465979
378587,3;0,1465952
378603,5;0,1465952
378620,1;0,1465873
378636,7;0,146582
378653,3;0,146582
378670,2;0,1465503
378686,4;0,1465582
378702,9;0,1465503
378719,5;0,1465503
378736,1;0,1465608
378752,7;0,1465608
378769,2;0,1465556
378785,8;0,1465556
378803,1;0,1465529
378818,9;0,1465423
378835,8;0,146545
378852,1;0,1465582
378868,6;0,1465582
378885,4;0,1465688
378902,3;0,1465899
378918,3;0,1465926
378934,9;0,1465899
378951,9;0,1465873
378968;0,1465952
378984,6;0,1466005
379001,2;0,1466005
379017,7;0,1465767
379034,3;0,1465714
379050,8;0,1465767
379067,5;0,1465714
379084,3;0,1465688
379100,7;0,1465741
379117,5;0,1465741
379133,7;0,1465608
379150,9;0,1465608
379166,8;0,1465608
379183,7;0,1465608
379200,5;0,1465635
379216,8;0,1465556
379233,1;0,1465556
379249,6;0,1465556
379266,2;0,146545
379282,8;0,146537
379299,3;0,1465344
379315,9;0,1465212
379333;0,1465132
379349,5;0,1465132
379365,6;0,1465317
379382,2;0,1465265
379398,8;0,1465423
379415,3;0,1465291
379431,9;0,1465238
379448,6;0,1465291
379465,3;0,1465344
379481,7;0,1465344
379498,1;0,1465529
379515,2;0,1465529
379531,3;0,1465582
379547,8;0,1465476
379564,8;0,1465503
379581,2;0,1465423
379597,5;0,1465423
379614,1;0,146545
379630,7;0,1465556
379647,3;0,1465503
379663,8;0,1465529
379680,4;0,1465476
379697;0,1465688
379713,5;0,1465714
379730,1;0,1465767
379746,7;0,1465767
379763,2;0,1465714
379779,8;0,1465767
379796,8;0,1465794
379812,9;0,1465794
379830,1;0,1465794
379846,1;0,1465899
379863,4;0,1465952
379879,2;0,1465952
379895,8;0,1466005
379912,5;0,1466005
379929,3;0,1466058
379945,6;0,1466058
379962;0,1466164
379978,6;0,146627
379995,2;0,1466349
380011,7;0,1466349
380028,3;0,1466402
380044,8;0,1466455
380064,4;0,1466561
380078;0,1466561
380094,5;0,1466587
380111,2;0,1466878
380127,8;0,1466958
380144,3;0,1466958
380161,1;0,146709
380177,7;0,1467442
380194;0,1467963
380211,1;0,1468181
380227,5;0,1468679
380243,8;0,1468846
380260,2;0,1468846
380276,8;0,1469371
380293,4;0,1469947
380310;0,1470028
380326,5;0,1470975
380343,3;0,1471528
380360;0,1471891
380376,2;0,1472196
380392,8;0,1472279
380409,3;0,1473682
380425,9;0,1474301
380442,4;0,1475039
380459;0,1475612
380475,6;0,1476661
380492,6;0,1477118
380508,7;0,1478068
380525,3;0,1478068
380541,8;0,1478694
380558,4;0,1479234
380575;0,1479465
380591,6;0,1481482
380608,1;0,1483032
380624,7;0,1483032
380641,3;0,1484387
380658,2;0,1485763
380674,4;0,1486916
380691,8;0,1486916
380707,8;0,148703
380724,1;0,1488918
380740,6;0,1489662
380757,2;0,1489982
380773,8;0,1490407
380790,3;0,1490491
380807,6;0,1492115
380823,5;0,1492963
380840,1;0,1493448
380856,6;0,1494297
380873,6;0,1494774
380890,4;0,1495265
380906,3;0,1496101
380922,9;0,1496898
380939,5;0,1496898
380956,4;0,1498028
380979,6;0,149915
380996,1;0,1500212
381012,7;0,1500634
381029,3;0,1501571
381045,8;0,1502223
381062,6;0,1502482
381079;0,1503026
381095,5;0,1504418
381112,1;0,150536
381128,6;0,1505874
381145,2;0,1506648
381161,8;0,1506763
381178,3;0,150718
381194,9;0,150718
381211,5;0,1507891
381228,1;0,1509963
381244,6;0,1511239
381261,2;0,1512106
381277,8;0,1512648
381294,3;0,1512648
381311,1;0,1513893
381327,5;0,1515224
381344,4;0,1515224
381360,6;0,1516463
381377,8;0,1517172
381393,8;0,1517723
381410,3;0,1518091
381426,9;0,151906
381443,4;0,1519913
381460,4;0,1520427
381476,7;0,1521059
381493,1;0,1521059
381509,9;0,1521914
381526,3;0,1522511
381542,8;0,1522511
381559,6;0,1524171
381576;0,1524895
381592,5;0,1525438
381609,1;0,1526234
381626,4;0,1527033
381642,6;0,152709
381658,8;0,1527655
381675,3;0,1529202
381692,4;0,1529959
381708,5;0,1530453
381725,1;0,1530453
381742;0,1532
381758,2;0,153303
381774,8;0,1534011
381791,3;0,1534564
381807,9;0,1534564
381824,4;0,1534994
381841,4;0,153508
381857,6;0,1535602
381879,1;0,1536487
381893,1;0,1537755
381909,6;0,1539783
381926,2;0,1539783
381943,2;0,1540639
381959,3;0,1541809
381975,9;0,1542271
381992,5;0,1542563
382009;0,1543136
382025,6;0,1544133
382042,3;0,1544879
382058,8;0,1545135
382075,4;0,1545135
382092,2;0,1546285
382108,4;0,1546572
382125;0,1546686
382142,2;0,1546942
382158,2;0,154717
382174,7;0,1547512
382191,7;0,1547484
382207,8;0,1547455
382225;0,154737
382241;0,154737
382257,7;0,1547227
382274,9;0,1547004
382290,7;0,1546523
382307,3;0,1545988
382324,3;0,1545789
382340,9;0,1545341
382356,9;0,1545341
382373,5;0,1544665
382390,4;0,1544103
382406,7;0,1543425
382423,5;0,1542719
382439,8;0,1542747
382456,3;0,1542499
382473,1;0,1542218
382489,5;0,1541678
382506;0,1539743
382522,6;0,1537879
382539,2;0,1536999
382556,5;0,153677
382572,3;0,1535582
382588,9;0,1534358
382605,4;0,1533047
382622;0,1532141
382638,6;0,1530893
382655,2;0,1530308
382671,9;0,1528975
382688,3;0,1527982
382713,2;0,1526498
382729,8;0,1526188
382746,5;0,1525016
382762,9;0,15236
382779,5;0,1522705
382796,1;0,1522261
382813,1;0,1522261
382829,2;0,1520085
382846,4;0,151947
382862,3;0,1518606
382878,9;0,1517824
382896,2;0,1516762
382912;0,1516762
382928,6;0,1515327
382945,3;0,1514408
382962;0,1513228
382978,3;0,1512106
382994,9;0,1511328
383011,8;0,1510574
383028;0,1510074
383044,6;0,1509322
383061,2;0,1507585
383077,7;0,1507023
383094,3;0,1506399
383110,8;0,1506399
383127,4;0,1505669
383144,1;0,1502616
383160,5;0,1501168
383177,2;0,1499635
383193,7;0,1498399
383210,6;0,1497814
383227,2;0,1497542
383243,5;0,149506
383259,9;0,1494595
383276,5;0,1492905
383293,1;0,1491065
383309,6;0,1489986
383326,2;0,1488153
383342,9;0,1488153
383359,7;0,1484589
383375,9;0,1483559
383392,5;0,1482375
383409;0,1480837
383425,6;0,1478936
383442,5;0,1478009
383459;0,1477212
383475,7;0,1476948
383491,8;0,147379
383508,4;0,147199
383525;0,1470584
383542,1;0,1470584
383558,7;0,1468254
383574,7;0,1466643
383591,3;0,1464714
383608,1;0,1463663
383624,4;0,1463663
383641,6;0,1459599
383657,7;0,1458524
383674,6;0,1456385
383690,7;0,1455343
383707,5;0,1453188
383723,8;0,1453188
383740,3;0,1452091
383756,9;0,1452091
383773,5;0,1449726
383790,3;0,1446692
383806,6;0,1442662
383823,2;0,1441457
383839,8;0,143961
383856,3;0,1437594
383872,9;0,1436175
383889,4;0,1434397
383906;0,1432432
383922,6;0,1432432
383939,2;0,1430529
383955,7;0,1428477
383972,3;0,1426411
383988,9;0,1424846
384005,5;0,1423443
384022;0,1422599
384038,5;0,1421556
384055,1;0,1420529
384071,7;0,1417561
384088,7;0,1415867
384104,8;0,1414641
384121,4;0,1413672
384138;0,1412124
384154,8;0,1410633
384171,1;0,1409933
384187,7;0,1408357
384204,4;0,1408357
384220,8;0,1406649
384237,3;0,1405519
384253,9;0,1404081
384270,5;0,1403381
384287,1;0,1402787
384303,6;0,140072
384320,2;0,1399351
384336,9;0,1398741
384353,3;0,1397398
384370;0,1397398
384386,4;0,1396798
384403,8;0,1396798
384419,6;0,1396039
384436,2;0,1393296
384452,7;0,1391686
384469,3;0,1391144
384485,8;0,1389989
384502,7;0,1389263
384519,8;0,1387911
384535,6;0,1386705
384552,1;0,1386215
384568,7;0,138501
384585,5;0,1384232
384601,8;0,1383826
384619;0,1383177
384635,2;0,1381111
384651,5;0,1380324
384668,1;0,1379066
384684,6;0,1379066
384701,2;0,1377171
384717,8;0,1375605
384734,7;0,1374853
384750,9;0,1374214
384767,9;0,1373304
384784,5;0,1371292
384800,6;0,1369852
384817,2;0,1369174
384833,8;0,1368106
384850,3;0,1366919
384866,9;0,1365499
384883,5;0,1365499
384900;0,1363967
384917,4;0,1362523
384933,1;0,1361063
384949,7;0,1359621
384966,5;0,1358833
384983,2;0,1357964
384999,4;0,1357417
385016;0,1356768
385032,8;0,1356768
385049,1;0,1355235
385066;0,1353039
385082,3;0,1351364
385098,8;0,1350805
385115,4;0,1350826
385132;0,1348868
385148,5;0,1348608
385165,1;0,1347372
385181,6;0,1346831
385198,6;0,1345915
385215,7;0,1345278
385231,3;0,1344603
385247,9;0,1344201
385264,5;0,1343461
385281,2;0,1343163
385297,6;0,1342862
385314,9;0,134266
385330,8;0,1341882
385347,6;0,1341591
385363,9;0,1341113
385380,4;0,134086
385397;0,1340539
385413,6;0,1339679
385430,2;0,1339445
385447,4;0,1338919
385463,3;0,1338649
385479,8;0,1338175
385496,4;0,1337994
385513;0,133777
385530,1;0,1337071
385546,2;0,1336755
385562,8;0,1336533
385579,3;0,1336417
385595,8;0,1335967
385612,4;0,1335519
385629;0,1335227
385645,5;0,1335227
385662,3;0,133496
385678,7;0,1334824
385695,2;0,1334735
385712,2;0,1333996
385729,2;0,1333505
385745;0,133315
385761,5;0,1332975
385778;0,1332842
385794,6;0,1332776
385811,5;0,133213
385827,8;0,1331996
385844,7;0,1331975
385860,9;0,1331261
385877,4;0,1330974
385894;0,1330841
385910,6;0,1330841
385927,2;0,1329721
385943,7;0,132952
385960,3;0,1329117
385976,8;0,1328715
385993,5;0,1328468
386010,1;0,1327976
386027,2;0,1327531
386043,1;0,1327284
386059,7;0,132704
386076,2;0,1327017
386093;0,1326322
386109,7;0,1325984
386126,7;0,1325562
386142,8;0,1325562
386164,3;0,1325182
386175,6;0,132469
386192,2;0,1324292
386208,8;0,1323956
386225,3;0,1323622
386241,9;0,1323379
386258,5;0,132298
386275,5;0,132298
386291,6;0,1322735
386308,3;0,1322515
386324,9;0,1322515
386341,5;0,1322
386357,9;0,1321047
386374,4;0,1320779
386391,1;0,1320779
386407,6;0,1320355
386424,1;0,1319958
386440,8;0,1319645
386457,4;0,1319292
386473,8;0,1319292
386490,4;0,1318848
386507,8;0,131856
386523,7;0,1318187
386540,2;0,1317791
386557,2;0,1317791
386573,4;0,1317373
386589,8;0,1317109
386606,4;0,1317109
386623;0,1316825
386639,6;0,1316802
386656,1;0,1316781
386672,6;0,1316759
386690,1;0,1316781
386705,8;0,131691
386723;0,1316996
386739,1;0,1316974
386755,5;0,1317082
386772,1;0,1317082
386789,1;0,1317146
386805,3;0,1317146
386821,8;0,1317104
386838,3;0,1317082
386854,9;0,1317082
386871,5;0,1317017
386888;0,1317039
386904,6;0,1317039
386921,2;0,1316996
386937,7;0,1316974
386954,3;0,1316974
386970,8;0,1316952
386987,4;0,1316845
387004;0,1316782
387020,7;0,1316696
387037,1;0,1316675
387053,7;0,1316653
387070,6;0,131661
387086,8;0,131646
387103,4;0,131646
387120,6;0,1316115
387136,5;0,1315874
387153,6;0,1315616
387169,7;0,1315401
387186,2;0,1314968
387203,1;0,1314775
387219,4;0,13146
387235,9;0,1314319
387252,8;0,1313881
387269;0,1313536
387285,6;0,131328
387302,2;0,1313108
387318,8;0,1312741
387335,3;0,1312241
387352,1;0,1311831
387368,5;0,1311611
387385;0,1311135
387401,6;0,1310986
387418,2;0,1310809
387434,7;0,1310809
387451,3;0,1309869
387468,1;0,1309397
387484,4;0,1309397
387501,2;0,1308609
387517,6;0,1308359
387534,1;0,1307993
387550,7;0,1307929
387571,8;0,130769
387594,8;0,130748
387617,5;0,1307035
387640;0,1305577
387664,2;0,1305086
387683,3;0,1305065
387704;0,1304617
387723,8;0,1303854
387746,9;0,1303534
387767,9;0,1303385
387788,3;0,1302424
387814,4;0,1301981
387835,8;0,1301981
387852,4;0,1301338
387869;0,130091
387885,9;0,1300611
387902,7;0,1300548
387918,8;0,1300359
387939;0,1300043
387955,6;0,1299424
387972,1;0,1299041
387988,8;0,1299041
388005,3;0,1298658
388022,2;0,12983
388038,5;0,1297899
388055;0,1297646
388071,5;0,1297411
388088,1;0,1297155
388104,7;0,1296815
388121,2;0,1296815
388137,8;0,1296265
388154,7;0,1296008
388171;0,1295628
388187,5;0,1295331
388204;0,1295331
388220,6;0,1295123
388237,8;0,1295123
388254,2;0,1294703
388270,7;0,1293661
388286,9;0,1293247
388303,8;0,1292625
388320;0,1292319
388336,6;0,1292028
388353,6;0,1291572
388370;0,1290993
388386,3;0,1290414
388402,9;0,1290067
388419,7;0,1290067
388449;0,1288767
388468,5;0,1288399
388488;0,1288072
388508,8;0,1287437
388525,4;0,1286615
388542;0,1286311
388559;0,1286024
388575,1;0,1285845
388591,9;0,1284904
388608,5;0,1284252
388624,8;0,1283785
388642,3;0,1283359
388657,9;0,1282652
388674,7;0,1281944
388691;0,1281453
388707,7;0,1280641
388724,9;0,1280641
388740,8;0,1279971
388757,5;0,1278944
388773,9;0,1277982
388790,4;0,1277578
388807;0,1277516
388826,2;0,1276462
388840,2;0,1275979
388856,7;0,1275442
388873,6;0,1275442
388889,9;0,1275019
388906,4;0,1272976
388923,1;0,1271804
388940;0,1270972
388956,1;0,1270504
388972,9;0,1269984
388989,3;0,1269175
389005,8;0,1269175
389022,4;0,1267271
389038,9;0,1267271
389055,5;0,1266038
389072,5;0,12657
389088,7;0,1264903
389105,5;0,1263763
389121,8;0,1262827
389138,4;0,1262381
389154,9;0,1261596
389171,5;0,1260889
389188,1;0,1260017
389204,7;0,1260017
389221,6;0,1259261
389237,8;0,1258073
389255;0,1257006
389270,9;0,1256537
389288,2;0,1256306
389304;0,1254592
389320,6;0,1254267
389337,2;0,1252995
389353,7;0,1252512
389370,3;0,1251546
389386,8;0,1250682
389403,7;0,1250567
389420;0,1250097
389436,6;0,1248716
389453,1;0,1248176
389469,7;0,1247467
389486,3;0,1247467
389503,4;0,1246972
389519,8;0,1246972
389536;0,124596
389552,5;0,1243989
389569,6;0,1243185
389586;0,1242632
389602,8;0,12421
389618,8;0,1241334
389635,3;0,1240433
389652,5;0,1239933
389668,5;0,1238999
389685,2;0,1238999
389701,6;0,1238212
389718,7;0,1237088
389734,8;0,1236323
389751,5;0,1235901
389767,9;0,1235767
389784,5;0,1234214
389801,3;0,123339
389817,6;0,1232911
389834,1;0,123254
389850,7;0,1231675
389867,5;0,1230705
389883,8;0,1230705
389900,4;0,1230302
389917;0,1228941
389933,6;0,1228436
389950,1;0,1227798
389966,8;0,1227798
389983,3;0,1226415
389999,8;0,1225967
390016,4;0,1224952
390033;0,1224761
390049,8;0,1223954
390066,1;0,1223144
390082,8;0,122237
390099,2;0,1221968
390115,8;0,122156
390132,3;0,122156
390148,9;0,1221141
390165,8;0,1220752
390182;0,1219121
390199;0,1218259
390215,5;0,1218259
390231,8;0,1217091
390248,3;0,121673
390265;0,1216084
390281,4;0,1215324
390298;0,1214627
390314,8;0,1214627
390331,2;0,1213828
390348;0,1213284
390364,7;0,1212621
390380,9;0,1211942
390397,9;0,1211643
390414;0,1211133
390430,5;0,1210492
390447,1;0,1209909
390463,8;0,1209535
390480,3;0,1209212
390497,1;0,1209119
390513,4;0,1208163
390530;0,1207619
390546,5;0,1207189
390563,1;0,1207189
390579,7;0,1206644
390596,3;0,1206253
390612,8;0,1205853
390629,4;0,1205362
390645,9;0,1205233
390662,8;0,1204918
390679;0,1204749
390695,9;0,1204749
390712,2;0,1204378
390729,2;0,1204156
390745,6;0,1203933
390761,9;0,1203933
390778,4;0,1203805
390795;0,1203805
390811,6;0,1203656
390828,4;0,1203321
390845,3;0,1203248
390861,3;0,1203175
390877,8;0,1203085
390894,4;0,1202994
390911,7;0,1202793
390927,6;0,1202793
390944,2;0,1202572
390960,8;0,1202263
390977,2;0,1202081
390993,8;0,1202063
391010,4;0,1201812
391027,3;0,1201717
391043,8;0,1201591
391060,3;0,1201519
391077,7;0,1201463
391093,2;0,1201482
391109,8;0,120139
391126,3;0,120139
391142,9;0,1201227
391159,5;0,1201228
391176,1;0,120121
391193,3;0,1201227
391209,6;0,1201228
391225,8;0,1201154
391242,3;0,1201154
391258,9;0,1201172
391275,4;0,1201134
391292;0,1201223
391308,6;0,1201277
391325,1;0,1201277
391341,8;0,1201327
391358,7;0,1201307
391375;0,1201416
391391,4;0,1201453
391408,4;0,1201453
391424,6;0,1201471
391441,4;0,1201471
391457,7;0,1201671
391474,3;0,1201794
391490,8;0,1202087
391507,7;0,1202216
391524;0,1202216
391540,5;0,1202452
391557,1;0,1202687
391574;0,1202796
391590,2;0,1202886
391606,8;0,1203031
391623,5;0,1203324
391639,9;0,1203582
391656,7;0,120369
391673;0,120369
391689,8;0,1204002
391706,3;0,1204315
391722,8;0,1204589
391739,3;0,1204753
391755,9;0,1204753
391772,5;0,1204953
391790;0,1205321
391805,8;0,1205431
391822,4;0,1205653
391838,7;0,1205763
391855,3;0,1205947
391871,8;0,1206112
391888,4;0,1206112
391905,3;0,1206552
391921,5;0,1206699
391938,2;0,1206828
391954,7;0,1206922
391971,3;0,1207196
391987,8;0,1207289
392004,4;0,1207289
392020,9;0,1207511
392037,9;0,1207659
392054,1;0,1207659
392070,7;0,1207769
392087,2;0,120784
392104;0,1208172
392120,7;0,1208446
392137,3;0,1208482
392153,8;0,1208629
392170,3;0,1208719
392186,9;0,1208719
392203,6;0,1208977
392220,1;0,1209014
392236,3;0,1209053
392252,9;0,1209127
392269,5;0,1209091
392286;0,1209108
392302,6;0,1209181
392319,2;0,1209217
392335,7;0,1209398
392358,8;0,1209491
392368,8;0,1209656
392385,4;0,1209727
392402;0,1209983
392418,6;0,1210221
392435,1;0,1210293
392451,7;0,1210547
392468,7;0,1210676
392484,8;0,1210676
392502;0,121082
392518;0,1211111
392535,1;0,1211312
392551,1;0,1211422
392567,7;0,1211531
392584,2;0,1211731
392601,2;0,12119
392617,5;0,1211973
392633,9;0,1211973
392650,7;0,121223
392667,1;0,1212303
392683,6;0,1212303
392700,2;0,1212413
392717,1;0,1212413
392733,4;0,1212447
392749,9;0,1212615
392766,4;0,1212781
392783;0,1212835
392799,6;0,1212853
392816,2;0,1212853
392832,8;0,1212962
392849,8;0,1212961
392865,8;0,1213016
392882,4;0,1213016
392899,1;0,1213142
392915,6;0,1213306
392932,5;0,1213581
392948,7;0,1213673
392965,6;0,1213673
392981,8;0,121391
392998,4;0,1214145
393015,3;0,121431
393031,5;0,1214383
393048,1;0,1214439
393064,6;0,1214806
393081,3;0,1214842
393097,8;0,1215041
393114,6;0,1215059
393130,9;0,1215115
393147,6;0,1215388
393164,1;0,1215461
393180,6;0,1215589
393197,8;0,1215645
393213,8;0,1215775
393230,6;0,1216032
393246,9;0,1216032
393263,6;0,1216122
393282;0,121638
393298,6;0,1216436
393315,3;0,1216475
393332,3;0,121653
393348,3;0,121653
393365,3;0,121653
393381,7;0,1216823
393398;0,121682
393414,7;0,1216712
393431,1;0,1216602
393447,7;0,1216602
393464,3;0,121626
393481;0,1215951
393497,8;0,1215807
393513,9;0,1215771
393531,5;0,1215463
393547,1;0,1215029
393563,8;0,1214811
393581,1;0,1214486
393596,8;0,1214358
393613,4;0,1214085
393630,2;0,1213938
393646,5;0,121361
393663,1;0,12135
393680,3;0,12135
393696,2;0,1212972
393712,8;0,1212734
393729,3;0,1212553
393745,9;0,1212243
393762,5;0,1211933
393779,1;0,1211752
393795,6;0,1211354
393812,1;0,1211189
393828,7;0,1211189
393845,3;0,1210552
393861,8;0,1210534
393878,6;0,121015
393895;0,1210003
393911,6;0,1210003
393928,1;0,1209313
393944,7;0,1209131
393961,4;0,1209003
393978,6;0,1208839
393994,4;0,1208839
394011;0,1208674
394027,5;0,1207999
394044,2;0,1207388
394060,6;0,1206972
394077,4;0,1206972
394093,8;0,1206537
394111,3;0,1206103
394127,9;0,120567
394144,4;0,1205437
394161;0,1205437
394177,6;0,120467
394194,2;0,120456
394211,2;0,1204078
394228,1;0,1203885
394243,8;0,1203491
394260,4;0,1203176
394276,9;0,1203159
394293,7;0,1203002
394310,4;0,1202311
394326,7;0,1202119
394343,2;0,1201692
394359,8;0,1201692
394376,8;0,1200719
394392,9;0,1200664
394409,5;0,1200149
394426,1;0,1199793
394442,6;0,1199209
394459,3;0,1198836
394475,8;0,1198601
394493,1;0,1198514
394508,9;0,1197466
394525,5;0,1197274
394542,2;0,119654
394558,6;0,1196326
394575,7;0,1195708
394591,7;0,1195475
394608,4;0,1195475
394624,8;0,1195173
394641,4;0,1195136
394658;0,1194222
394674,6;0,1193121
394691,1;0,119264
394707,7;0,1192339
394724,3;0,1191799
394740,8;0,1191338
394757,4;0,1190892
394774;0,1190358
394790,5;0,1190055
394807,1;0,1189844
394823,6;0,1189202
394840,2;0,1189202
394857,6;0,1188028
394873,6;0,1188028
394889,9;0,118753
394906,5;0,1187033
394923,1;0,1186677
394939,6;0,118618
394956,2;0,118593
394972,8;0,1185878
394991,5;0,1184991
395008,1;0,1184315
395024,8;0,1184013
395041,8;0,1183551
395057,8;0,1183231
395074,4;0,1182665
395090,9;0,1182396
395107,5;0,1181862
395124;0,1181599
395140,6;0,1181071
395157,2;0,1180783
395173,7;0,1180183
395190,3;0,1179809
395206,8;0,1179366
395223,5;0,117878
395240;0,117878
395256,6;0,1178497
395273,1;0,1178497
395289,7;0,1178463
395306,8;0,1177042
395323;0,1176233
395339,8;0,1176017
395356;0,1175717
395372,5;0,1175451
395389,1;0,1174959
395405,6;0,1174384
395422,4;0,1174195
395438,8;0,1174195
395455,3;0,1173638
395472,5;0,1173326
395488,6;0,1173155
395505,1;0,1172983
395521,6;0,1172931
395538,2;0,117255
395554,8;0,1172272
395572,1;0,1172117
395587,9;0,1172117
395605,2;0,1171651
395621,3;0,1171271
395637,7;0,1171148
395654,7;0,1170869
395671,1;0,1170626
395687,3;0,1170575
395703,8;0,1170206
395720,4;0,1170052
395737;0,1169722
395753,6;0,1169583
395770,1;0,1169272
395787,4;0,1168997
395803,3;0,1168843
395819,8;0,1168843
395836,4;0,1168377
395853,2;0,1168017
395869,8;0,1167827
395886,4;0,1167827
395902,9;0,1167672
395919,4;0,1167672
395936;0,1167256
395953;0,1166564
395969,2;0,1166393
395985,7;0,1166067
396002,3;0,1166067
396019,5;0,1165583
396035,4;0,1165376
396052,3;0,1165359
396068,6;0,1164997
396085,1;0,1164689
396101,7;0,1164534
396118,9;0,1164534
396134,8;0,1164258
396151,4;0,1163933
396167,9;0,1163693
396184,6;0,1163677
396201,3;0,1163332
396217,7;0,1163349
396234,2;0,1163196
396250,8;0,1163095
396267,3;0,1163095
396284;0,1162959
396300,5;0,1162824
396317,1;0,1162774
396333,7;0,116262
396350,2;0,1162519
396367,2;0,1162368
396383,3;0,1162385
396399,9;0,1162249
396416,4;0,1162232
396433,2;0,1162232
396449,7;0,1162047
396466,2;0,1161996
396482,7;0,1161862
396499,3;0,1161812
396516;0,116176
396532,4;0,1161743
396549;0,1161743
396565,8;0,1161726
396582,1;0,1161525
396598,7;0,1161406
396615,5;0,1161305
396631,8;0,1161221
396648,4;0,1161188
396665;0,1161168
396681,7;0,1161168
396698,3;0,1161134
396719;0,1161117
396731,3;0,1161205
396748,1;0,1161238
396764,3;0,1161272
396780,9;0,1161358
396797,8;0,1161393
396814,3;0,1161393
396830,9;0,1161549
396847,2;0,1161634
396863,8;0,1161634
396880,7;0,1161822
396896,9;0,1161874
396913,4;0,1161978
396930;0,1161997
396946,7;0,1162135
396963,2;0,1162219
396979,7;0,1162357
396996,3;0,1162427
397013,2;0,1162461
397029,4;0,1162547
397046;0,1162634
397062,5;0,1162634
397079,3;0,1162686
397095,7;0,1162719
397112,3;0,1162858
397128,8;0,1162874
397145,4;0,1162993
397162;0,1162993
397178,5;0,116301
397195,1;0,116301
397211,6;0,1163096
397228,2;0,1163355
397244,8;0,1163525
397261,3;0,1163578
397277,9;0,1163715
397294,5;0,1163817
397311,1;0,1163851
397327,6;0,1163955
397344,2;0,1164005
397360,8;0,1164005
397377,3;0,1164041
397393,9;0,1164162
397410,4;0,1164334
397427;0,116442
397443,7;0,1164557
397460,2;0,1164661
397476,8;0,1164814
397493,8;0,1164968
397509,8;0,1165055
397526,4;0,1165175
397543;0,1165209
397560,1;0,1165295
397576,7;0,1165278
397593,3;0,116557
397609,8;0,1165655
397626,9;0,1165739
397643,2;0,1165739
397659,9;0,116574
397676,1;0,1165706
397692,7;0,1165674
397709,2;0,1165657
397725,9;0,116564
397742,8;0,1165573
397758,9;0,116554
397775,5;0,1165556
397792,1;0,1165556
397808,6;0,1165556
397825,8;0,116559
397841,8;0,1165573
397858,3;0,1165657
397875,6;0,1165708
397891,4;0,1165708
397908;0,1165691
397924,8;0,1165724
397941,2;0,1165674
397957,7;0,1165691
397974,3;0,1165724
397990,9;0,1165741
398007,4;0,1165758
398024,1;0,1165775
398040,6;0,1165775
398057,1;0,1165809
398073,7;0,1165792
398090,3;0,1165825
398106,8;0,1165825
398123,4;0,1165859
398140,6;0,1165876
398157,1;0,1165943
398173,1;0,1165943
398189,8;0,116596
398206,3;0,1165977
398223;0,116601
398239,3;0,116601
398256,7;0,1165977
398272,5;0,1165993
398289,5;0,116601
398306;0,1166044
398322,4;0,1166044
398339,3;0,1166094
398355,3;0,1166145
398371,9;0,1166195
398388,6;0,1166161
398408,3;0,1166212
398421,7;0,1166212
398438,2;0,1166195
398454,8;0,1166212
398471,3;0,1166212
398487,8;0,1166245
398504,4;0,1166296
398521;0,1166313
398537,6;0,116633
398554,6;0,1166346
398571,2;0,1166447
398587,3;0,1166447
398603,8;0,116643
398620,8;0,116643
398637;0,116638
398653,5;0,116638
398670,1;0,1166346
398686,9;0,1166296
398703,2;0,1166228
398720,9;0,1166109
398736,3;0,1166074
398752,9;0,1165989
398770;0,1165886
398786,1;0,1165748
398802,7;0,1165748
398819,7;0,1165662
398835,8;0,1165457
398853,2;0,1165322
398868,9;0,1165166
398885,7;0,1165081
398902,1;0,1165029
398918,6;0,1164891
398935,5;0,1164753
398951,7;0,1164632
398968,3;0,1164495
398984,9;0,1164393
399001,6;0,1164307
399018;0,1164239
399035,1;0,1164036
399051,4;0,1163983
399068;0,1163881
399084,3;0,1163881
399101,3;0,1163813
399117,4;0,1163813
399134,8;0,1163725
399150,5;0,1163606
399167,1;0,1163368
399183,8;0,1163264
399200,3;0,1163264
399216,8;0,1163093
399233,4;0,1162922
399249,9;0,1162819
399266,5;0,1162698
399283,1;0,1162698
399300,7;0,1162681
399316,2;0,1162614
399332,8;0,1162561
399349,3;0,1162581
399366;0,1162614
399382,5;0,1162631
399399,1;0,1162526
399416,3;0,1162578
399432,2;0,116256
399448,9;0,1162541
399465,4;0,1162644
399481,9;0,1162663
399498,5;0,1162679
399515,8;0,1162731
399531,8;0,1162749
399548,6;0,1162696
399564,7;0,1162696
399581,5;0,1162747
399597,8;0,1162816
399614,4;0,1162904
399631;0,1162938
399647,5;0,1163008
399664,2;0,1163179
399680,7;0,116328
399697,3;0,1163384
399713,8;0,1163472
399730,4;0,1163472
399747,1;0,1163556
399763,6;0,1163607
399780,1;0,1163813
399796,6;0,1164104
399813,2;0,1164326
399830,2;0,1164379
399847;0,1164362
399863,1;0,1164633
399879,8;0,1164736
399896,1;0,1164857
399912,6;0,1164944
399929,6;0,1165184
399946,4;0,1165355
399962,3;0,1165408
399978,8;0,1165493
399995,6;0,1165734
400012;0,1165903
400029,2;0,1166007
400045,6;0,1166007
400061,8;0,11663
400078,3;0,1166522
400094,8;0,116666
400111,4;0,1166779
400128;0,1166882
400152,1;0,1167003
400162,4;0,1167003
400179;0,1167276
400195,5;0,1167517
400212,1;0,1167587
400228,8;0,1167793
400245,2;0,1167793
400261,9;0,116803
400278,3;0,1168185
400294,9;0,1168426
400311,5;0,1168529
400328,1;0,11687
400344,6;0,1168924
400361,2;0,1168959
400377,8;0,1169079
400394,4;0,1169079
400410,9;0,116925
400428;0,1169661
400444;0,1169987
400461,2;0,1170106
400477,2;0,1170106
400493,7;0,1170518
400510,3;0,1170637
400526,8;0,1170825
400543,4;0,1170927
400560;0,11711
400576,6;0,1171273
400593,8;0,1171306
400609,9;0,1171511
400627;0,11717
400642,8;0,117182
400659,5;0,1172061
400676,3;0,1172266
400692,5;0,1172388
400709,1;0,1172544
400725,7;0,1172544
400742,2;0,1172783
400758,9;0,1172905
400775,7;0,1173129
400791,9;0,11733
400808,5;0,1173352
400825;0,1173539
400841,8;0,1173642
400858,2;0,1173711
400874,8;0,1173832
400891,3;0,1174023
400907,9;0,1174247
400925,1;0,1174247
400941,1;0,1174367
400957,6;0,1174626
400974,2;0,1174831
400994,5;0,1174952
401011,1;0,1175039
401027,7;0,1175089
401044,2;0,1175089
401061,2;0,1175413
401077,4;0,1175651
401093,9;0,1175772
401110,5;0,1175822
401127,6;0,1175822
401143,7;0,1176079
401160,6;0,1176217
401177;0,1176355
401193,7;0,1176441
401209,9;0,1176441
401226,5;0,1176853
401243;0,1176888
401259,6;0,1177095
401276,4;0,1177216
401293;0,1177407
401309,3;0,1177407
401325,9;0,117744
401342,4;0,1177544
401359;0,1177595
401375,6;0,1177631
401392,3;0,1177736
401408,7;0,1177736
401425,3;0,1177787
401441,8;0,1177786
401458,4;0,1177786
401475;0,1177751
401491,5;0,1177717
401508,1;0,1177718
401525,2;0,1177751
401541,6;0,1177751
401557,8;0,1177751
401574,4;0,1177769
401590,9;0,1177752
401607,5;0,1177771
401624,3;0,1177682
401640,6;0,1177682
401657,2;0,11777
401673,8;0,11777
401690,3;0,1177736
401706,9;0,1177735
401723,5;0,1177786
401740;0,1177874
401756,9;0,1177874
401773,3;0,1177839
401789,7;0,1177925
401806,4;0,1177925
401822,9;0,1177942
401844,1;0,1177942
401856;0,1177979
401872,6;0,1177998
401889,3;0,1177962
401905,7;0,1177943
401922,7;0,1177978
401939,2;0,1177942
401955,9;0,1177893
401972,4;0,1177841
401988,5;0,1177701
402005,9;0,117758
402021,7;0,1177512
402038,3;0,1177512
402054,8;0,1177167
402071,4;0,1177081
402087,9;0,1176859
402104,5;0,1176722
402121,1;0,1176671
402137,6;0,1176516
402154,2;0,1176377
402170,9;0,1176377
402187,3;0,117595
402204,2;0,1175932
402220,5;0,1175777
402237;0,1175639
402253,6;0,1175437
402270,2;0,1175351
402287,1;0,1175351
402303,3;0,1175248
402320,4;0,1175248
402336,4;0,1174852
402353,2;0,1174338
402369,8;0,117422
402386,1;0,1174015
402402,7;0,117374
402419,3;0,1173671
402435,9;0,1173671
402453,1;0,117331
402469,1;0,1173086
402485,6;0,1173036
402502,1;0,1172848
402519;0,1172848
402535,2;0,1172422
402551,8;0,1172352
402568,9;0,1172114
402584,9;0,1171821
402601,5;0,117172
402618,5;0,1171566
402634,7;0,1171429
402651,2;0,1171429
402668;0,1171016
402684,6;0,1170932
402700,9;0,1170656
402718,8;0,1170503
402735,4;0,117028
402752;0,1170075
402768,9;0,1169885
402785,1;0,1169664
402802,2;0,1169562
402818,3;0,1169425
402834,8;0,1169289
402851,6;0,1169134
402868,1;0,1169067
402884,7;0,116879
402901,1;0,1168688
402917,7;0,1168567
402934,3;0,1168567
402951,7;0,1168567
402967,4;0,1168274
402983,9;0,1167762
403000,5;0,1167503
403017,2;0,1167503
403033,6;0,1167316
403050,8;0,1167196
403066,9;0,1167059
403083,6;0,1167059
403099,9;0,1166974
403116,5;0,1166735
403133;0,1166564
403149,9;0,1166409
403166,4;0,1166409
403182,7;0,1166358
403199,7;0,116605
403215,8;0,1165845
403232,5;0,1165604
403249;0,1165449
403265,5;0,1165226
403282,1;0,1165141
403298,7;0,1164967
403315,3;0,1164833
403331,9;0,1164833
403348,4;0,1164543
403365;0,1164337
403381,5;0,1164165
403398,1;0,1164131
403414,7;0,1163994
403431,2;0,1163701
403447,8;0,1163599
403464,6;0,1163362
403481,1;0,1163362
403498,5;0,1162934
403514,3;0,1162934
403530,7;0,1162712
403547,2;0,1162472
403563,8;0,1162472
403580,3;0,1162369
403596,9;0,1162369
403613,4;0,1162198
403630;0,1161805
403646,7;0,1161702
403663,2;0,1161668
403679,8;0,1161411
403696,3;0,1161222
403712,9;0,116112
403729,6;0,116112
403746;0,1160913
403762,5;0,1160588
403779,1;0,1160451
403795,7;0,11604
403812,3;0,1160194
403829,4;0,1159937
403845,4;0,1159731
403861,9;0,1159543
403878,5;0,1159508
403895,1;0,1159491
403911,7;0,1159133
403928,2;0,1158996
403944,8;0,1158926
403961,3;0,1158773
403977,9;0,1158756
403994,5;0,1158723
404011,1;0,1158706
404027,6;0,1158706
404044,7;0,1158639
404060,8;0,1158655
404077,3;0,1158639
404093,9;0,1158655
404110,4;0,1158622
404127;0,1158605
404143,7;0,1158622
404160,2;0,1158672
404177,5;0,1158689
404193,5;0,1158622
404209,8;0,1158622
404226,4;0,1158605
404243;0,1158571
404259,9;0,1158588
404276,1;0,1158639
404292,7;0,1158639
404309,3;0,1158655
404326,2;0,1158706
404342,5;0,1158739
404358,9;0,1158672
404375,5;0,1158672
404392,1;0,1158723
404409,1;0,1158756
404425,2;0,1158706
404446,8;0,1158706
404460,1;0,1158689
404476,7;0,1158655
404493,2;0,1158605
404509,8;0,1158605
404527,7;0,1158672
404544,8;0,1158689
404560,9;0,1158689
404577,4;0,1158689
404594,1;0,1158689
404610,5;0,1158689
404627,1;0,1158723
404643,7;0,1158773
404660,3;0,115879
404677;0,115879
404693,4;0,1158807
404709,9;0,115879
404726,5;0,115879
404743,5;0,1158807
404759,7;0,115884
404776,2;0,115884
404793;0,115884
404809,3;0,1158874
404825,9;0,1158857
404842,5;0,115884
404859;0,115884
404875,6;0,115884
404892,3;0,1158824
404909,2;0,115884
404925,4;0,115884
404943;0,1158891
404958,6;0,1158891
404975,2;0,1158857
404991,7;0,1158891
405008,6;0,1158874
405024,8;0,1158857
405041,8;0,115884
405058;0,1158756
405074,6;0,1158739
405091,1;0,1158706
405107,7;0,1158739
405124,3;0,1158672
405140,8;0,1158655
405157,5;0,1158622
405173,9;0,1158571
405191;0,1158571
405207,3;0,1158588
405224,3;0,1158588
405240,3;0,1158555
405257,5;0,1158571
405273,3;0,1158605
405294,3;0,1158605
405310,9;0,1158588
405327,5;0,1158588
405344;0,1158571
405360,6;0,1158571
405377,2;0,1158571
405393,8;0,1158588
405410,3;0,1158571
405426,8;0,1158571
405443,4;0,1158538
405460;0,1158555
405476,9;0,1158555
405493,8;0,1158605
405509,7;0,1158605
405526,3;0,1158605
405542,8;0,1158571
405559,4;0,1158538
405576;0,1158487
405592,6;0,1158437
405609,2;0,1158471
405625,7;0,1158471
405642,4;0,1158487
405658,8;0,1158454
405675,3;0,1158454
405691,9;0,1158403
405708,5;0,1158437
405725,1;0,1158387
405741,6;0,1158387
405758,2;0,1158387
405775,2;0,115837
405792,1;0,1158353
405807,9;0,1158353
405824,5;0,115837
405841;0,115842
405857,6;0,1158437
405874,2;0,1158454
405890,7;0,1158454
405907,3;0,1158471
405923,8;0,1158471
405940,4;0,1158454
405957;0,1158437
405973,6;0,1158454
405990,2;0,1158454
406006,7;0,1158454
406023,9;0,1158387
406039,8;0,1158403
406056,4;0,115842
406073,3;0,1158437
406089,5;0,1158454
406106,1;0,1158437
406122,8;0,1158437
406140,1;0,1158454
406155,8;0,1158454
406178,2;0,1158471
406188,9;0,1158471
406205,9;0,1158521
406222;0,1158504
406238,6;0,1158437
406255,2;0,115837
406271,8;0,1158303
406288,3;0,1158235
406304,9;0,1158118
406321,5;0,1158034
406338;0,1157899
406354,9;0,1157866
406371,2;0,1157765
406387,7;0,1157648
406404,5;0,1157548
406421;0,1157447
406437,6;0,1157347
406454,2;0,115728
406470,6;0,1157214
406487,6;0,1157163
406503,7;0,115718
406520,3;0,1157096
406536,8;0,1156895
406554,2;0,1156895
406570;0,1156796
406586,8;0,1156579
406603,1;0,1156461
406619,7;0,1156361
406637,3;0,1156361
406652,8;0,1156061
406669,4;0,1155978
406685,9;0,1155793
406702,6;0,1155692
406719,4;0,1155641
406736;0,1155509
406752,2;0,1155426
406768,8;0,1155426
406785,5;0,1155342
406802,1;0,1155292
406818,4;0,1155176
406835,1;0,1155058
406851,6;0,1154677
406868,2;0,115446
406884,8;0,1154344
406901,3;0,1154193
406918,5;0,1154077
406934,4;0,115396
406951;0,1153843
406967,6;0,1153843
406984,1;0,1153595
407000,8;0,1153528
407017,5;0,1153528
407036,4;0,1153344
407050,8;0,1153045
407067;0,1152979
407083,9;0,1152979
407100,1;0,1152845
407116,8;0,1152644
407133,4;0,1152495
407149,8;0,1152445
407166,3;0,1152429
407182,9;0,1152196
407199,5;0,1152078
407216,1;0,1152011
407232,6;0,1151978
407249,3;0,1151978
407265,8;0,1151844
407282,3;0,1151743
407298,9;0,1151659
407315,5;0,1151659
407332,6;0,1151592
407348,8;0,1151542
407365,2;0,1151458
407381,7;0,1151407
407398,3;0,115139
407414,9;0,1151357
407431,8;0,1151306
407448;0,1151273
407464,6;0,1151189
407481,1;0,1151054
407498;0,1151054
407514,3;0,1151037
407530,8;0,1150987
407547,9;0,1150987
407564;0,115097
407580,5;0,115092
407597,4;0,1150836
407613,7;0,1150802
407630,7;0,1150735
407646,8;0,1150735
407663,4;0,1150617
407679,9;0,1150617
407696,5;0,11505
407713,1;0,1150449
407729,6;0,1150399
407746,2;0,1150382
407762,8;0,1150315
407779,3;0,1150264
407795,9;0,1150264
407812,5;0,1150231
407829,5;0,1150113
407846,4;0,1150113
407862,2;0,1149862
407882,4;0,1149811
407895,3;0,1149761
407912,5;0,1149694
407928,4;0,1149694
407945,4;0,1149542
407961,6;0,1149542
407978,1;0,1149475
407994,7;0,1149374
408011,3;0,1149307
408028;0,114924
408044,4;0,114924
408061;0,1149156
408077,5;0,1149156
408094,4;0,1149121
408111,3;0,1148853
408127,2;0,1148753
408144,1;0,1148669
408160,4;0,1148584
408177;0,1148484
408193,5;0,114845
408210,1;0,1148383
408226,8;0,1148332
408243,2;0,1148332
408259,8;0,1148299
408276,5;0,1148299
408292,9;0,1148299
408309,8;0,1148282
408326;0,1148316
408342,6;0,1148332
408359,6;0,1148349
408376,4;0,1148366
408392,3;0,1148399
408409;0,1148399
408426;0,1148482
408442,1;0,1148482
408458,9;0,1148448
408475,6;0,1148498
408491,7;0,1148447
408508,3;0,1148414
408525,8;0,1148463
408541,4;0,1148463
408557,9;0,1148562
408574,5;0,1148596
408591,5;0,1148597
408607,7;0,1148597
408624,4;0,1148647
408640,8;0,1148663
408657,4;0,1148712
408673,9;0,1148744
408690,5;0,1148744
408707,1;0,1148744
408723,6;0,1148744
408744,8;0,1148761
408756,9;0,1148893
408773,3;0,1148976
408790,1;0,1148976
408806,8;0,1149007
408823;0,1149106
408839,6;0,1149156
408856,2;0,1149222
408872,9;0,1149304
408889,4;0,1149403
408905,8;0,1149403
408923,2;0,114947
408939;0,1149486
408955,6;0,1149486
408972,1;0,1149585
408988,7;0,1149634
409005,3;0,114965
409022,7;0,1149698
409038,6;0,1149698
409055;0,1149781
409071,5;0,1149781
409088,1;0,114983
409104,7;0,1149881
409121,3;0,1149912
409137,8;0,1149963
409154,3;0,1149995
409170,9;0,1150044
409187,5;0,1150027
409204,1;0,1150027
409220,6;0,1150027
409237,2;0,1150027
409253,8;0,1149925
409270,3;0,1149877
409286,9;0,1149845
409303,6;0,1149845
409320;0,1149845
409336,6;0,1149845
409353,2;0,1149828
409369,7;0,1149828
409386,3;0,1149762
409403,3;0,1149661
409419,4;0,1149644
409436;0,1149644
409452,7;0,1149545
409469,2;0,1149546
409486,1;0,1149496
409502,3;0,114943
409518,9;0,1149363
409535,4;0,1149363
409552,1;0,114928
409568,5;0,1149248
409587,1;0,1149216
409603,7;0,1149083
409620,3;0,1149083
409636,8;0,1148999
409653,4;0,1148949
409669,9;0,1148949
409687,2;0,1148716
409703,3;0,1148667
409719,7;0,1148568
409737;0,1148551
409753,5;0,1148419
409769,3;0,1148237
409785,9;0,1148137
409802,5;0,1148137
409819,1;0,1148055
409836;0,1147872
409852,2;0,1147822
409869,1;0,1147724
409885,3;0,114769
409902;0,1147642
409918,5;0,1147443
409935,7;0,1147295
409951,6;0,1147213
409968,2;0,1147213
409984,8;0,1147131
410002,3;0,1147115
410018;0,1146883
410034,6;0,1146637
410051,2;0,1146473
410068,4;0,1146473
410084,7;0,1146294
410100,9;0,1146131
410118;0,1145968
410133,8;0,1145806
410150,4;0,1145659
410167,8;0,1145514
410183,9;0,1145239
410200,2;0,1145109
410216,7;0,1144979
410233,2;0,1144751
410249,8;0,1144751
410266,3;0,1144751
410283,6;0,1144184
410299,5;0,1144072
410316;0,1143782
410332,6;0,1143654
410349,2;0,1143364
410366,4;0,1143207
410382,3;0,1142919
410399,8;0,1142773
410420;0,1142405
410436,6;0,1142119
410453,2;0,114191
410469,7;0,1141672
410486,3;0,1141368
410503,7;0,114118
410519,4;0,114118
410536;0,1140956
410552,6;0,114038
410569,1;0,1140109
410585,7;0,1139872
410602,8;0,1139872
410618,8;0,1139679
410635,4;0,1139586
410651,9;0,113949
410669,1;0,1138743
410685,8;0,1138175
410701,7;0,1137968
410718,6;0,1137856
410734,8;0,1137506
410751,4;0,1137011
410767,9;0,1136614
410784,8;0,1136329
410801,1;0,1136313
410817,6;0,1135918
410834,2;0,113549
410850,8;0,1135141
410867,3;0,1134794
410884,3;0,1134412
410900,6;0,1134204
410917;0,1133854
410933,6;0,1133616
410950,5;0,1133218
410966,7;0,1132837
410983,8;0,1132617
410999,8;0,1132471
411016,4;0,1132346
411033,1;0,1131708
411049,5;0,113147
411066,1;0,1131058
411082,7;0,1130805
411099,3;0,1130471
411115,8;0,1130264
411132,4;0,1130264
411148,9;0,1129397
411165,5;0,1129149
411182,1;0,1128737
411198,6;0,11285
411215,2;0,11285
411231,8;0,1127857
411248,3;0,1127857
411264,9;0,1127619
411289,7;0,1127511
411298,1;0,112699
411314,6;0,1126042
411331,8;0,1125615
411347,8;0,1125319
411364,3;0,1125319
411380,9;0,1124701
411397,4;0,1124402
411414;0,1124339
411430,8;0,112352
411447,5;0,1123126
411463,9;0,1122875
411480,5;0,1122875
411497,1;0,1122228
411513,6;0,1121691
411530;0,1121298
411546,7;0,1121298
411563,1;0,1120826
411579,7;0,1120493
411596,3;0,11201
411613,4;0,11201
411629,5;0,111966
411645,9;0,1119235
411662,6;0,1119235
411679,1;0,1118548
411695,7;0,1118297
411712,2;0,1118
411729,1;0,1117814
411745,3;0,1117518
411761,9;0,1117096
411778,7;0,1116674
411795,8;0,111647
411811,6;0,1116219
411828,2;0,1115936
411844,9;0,1115592
411862,2;0,1115434
411877,9;0,1115263
411895,3;0,1115107
411911;0,1115107
411927,6;0,1114921
411944,1;0,1114189
411960,7;0,1113812
411977,3;0,1113531
411993,8;0,1113188
412010,4;0,1112813
412027;0,1112611
412043,6;0,111233
412060,2;0,1112144
412076,8;0,1111862
412093,3;0,1111737
412110,3;0,1111567
412126,4;0,1111504
412142,9;0,1110991
412159,5;0,1110758
412176,1;0,1110633
412192,8;0,1110495
412209,3;0,1110183
412226,1;0,1110012
412242,3;0,1109856
412258,9;0,1109778
412275,6;0,1109559
412292,1;0,1109357
412308,6;0,1109251
412325,2;0,1109095
412341,9;0,1109033
412358,5;0,1108757
412374,9;0,1108631
412391,4;0,1108492
412408;0,1108338
412424,6;0,1108245
412441,1;0,1108198
412457,7;0,1108089
412474,4;0,1107936
412490,8;0,1107796
412507,4;0,1107781
412524;0,1107734
412540,5;0,1107734
412557,1;0,1107734
412573,7;0,1107672
412590,3;0,1107441
412606,8;0,1107213
412623,7;0,110712
412640;0,1107074
412656,5;0,1106996
412673,1;0,1106935
412690,5;0,1106844
412707,1;0,110672
412723,2;0,1106674
412739,3;0,1106659
412756,6;0,1106628
412772,5;0,1106643
412789,4;0,1106551
412805,6;0,1106582
412822,2;0,1106567
412839;0,1106582
412855,8;0,1106538
412871,8;0,1106523
412888,7;0,1106492
412905;0,1106492
412921,6;0,1106508
412938,2;0,1106555
412954,7;0,1106586
412971,3;0,1106647
412996;0,1106693
413007,7;0,1106819
413024,3;0,1106851
413040,9;0,1107006
413057,4;0,1107207
413074;0,1107287
413090,5;0,1107443
413107,1;0,1107629
413123,7;0,1107769
413140,3;0,1108017
413157,3;0,1108142
413173,4;0,1108281
413190;0,1108281
413206,5;0,1108437
413223,1;0,1108979
413239,9;0,1109461
413256,2;0,1109618
413272,8;0,1109914
413289,4;0,111013
413305,9;0,1110395
413322,5;0,1110551
413339,1;0,1110738
413355,6;0,1110786
413372,2;0,1111409
413388,8;0,111172
413405,3;0,1111859
413422,4;0,1111859
413438,4;0,1112185
413455;0,1112559
413471,6;0,1112745
413488,2;0,1113088
413505;0,111332
413521,3;0,1113617
413537,9;0,1113898
413554,4;0,111404
413571,2;0,1114227
413588,1;0,111432
413604,2;0,1114819
413620,7;0,1115116
413637,3;0,1115398
413654;0,1115694
413670,4;0,1115912
413686,9;0,1116161
413703,6;0,1116223
413720,1;0,1116581
413736,7;0,1117001
413753,4;0,1117361
413770,1;0,1117625
413786,4;0,1117953
413802,9;0,1117922
413819,5;0,1118094
413836,1;0,1118094
413852,6;0,1118234
413871,1;0,1118468
413887,7;0,1119344
413904,3;0,1119763
413921,3;0,1119905
413937,4;0,1119905
413954;0,1120339
413970,5;0,112073
413987,1;0,1120964
414004,1;0,1121057
414020,2;0,1121322
414037,1;0,1121744
414053,5;0,1122041
414069,9;0,1122322
414086,5;0,1122369
414103,1;0,1122571
414120;0,1123056
414136,2;0,1123245
414152,8;0,1123492
414169,3;0,1123492
414185,9;0,1124178
414202,5;0,1124225
414219,1;0,1124568
414235,6;0,1124789
414252,2;0,1125086
414269,1;0,1125257
414285,3;0,1125445
414301,9;0,1125788
414318,5;0,1126024
414335;0,1126181
414351,6;0,1126522
414368,1;0,1126739
414384,7;0,1126865
414401,3;0,112716
414417,8;0,1127581
414434,4;0,1127736
414451;0,1127736
414467,7;0,1127736
414484,1;0,1128033
414500,7;0,1128672
414517,3;0,1128781
414534,1;0,1129046
414550,3;0,1129388
414566,9;0,112948
414583,5;0,1129758
414600,3;0,1129883
414617,4;0,1130083
414633,2;0,1130239
414649,8;0,1130424
414666,4;0,1130424
414683,4;0,1130673
414701;0,1130873
414717,6;0,1131121
414734,2;0,1131306
414751,5;0,1131431
414767,3;0,1131588
414783,8;0,1131588
414800,5;0,1131695
414817;0,1131912
414833,8;0,1132145
414850,1;0,1132314
414866,7;0,1132561
414883,5;0,1132828
414899,8;0,1132922
414916,4;0,113311
414932,9;0,113325
414949,6;0,1133502
414966,1;0,1133611
414982,6;0,1133769
414999,2;0,1133895
415015,8;0,1134005
415032,3;0,1134131
415049;0,1134131
415065,5;0,1134179
415082,8;0,1134227
415098,8;0,1134258
415115,2;0,1134258
415131,8;0,1134322
415148,3;0,1134401
415165,2;0,1134385
415181,5;0,1134354
415198,1;0,1134354
415214,6;0,1134274
415231,4;0,1134197
415248,3;0,1134134
415264,3;0,1134102
415280,8;0,1134055
415297,4;0,1133991
415314;0,1133975
415331;0,1133896
415347,1;0,1133737
415363,7;0,1133626
415380,3;0,1133578
415396,8;0,1133515
415413,4;0,1133499
415430,3;0,1133436
415446,8;0,1133452
415463,5;0,1133405
415479,7;0,1133405
415496,8;0,1133389
415513,1;0,1133405
415529,6;0,1133357
415545,9;0,1133293
415562,7;0,1133278
415579;0,1133262
415595,7;0,1133278
415612,2;0,1133278
415628,8;0,1133182
415645,3;0,1133182
415662,2;0,1133151
415678,4;0,1133151
415695;0,1133166
415711,6;0,1133166
415728,3;0,1133166
415744,7;0,1133166
415761,3;0,1133166
415777,9;0,1133182
415794,4;0,1133087
415811;0,1133039
415827,5;0,1133039
415844,1;0,1132944
415860,8;0,1132881
415877,3;0,1132849
415893,8;0,113277
415910,7;0,1132628
415927,3;0,1132596
415943,5;0,1132548
415960,8;0,1132486
415976,7;0,1132327
415994,1;0,1132185
416009,8;0,1132138
416026,3;0,1132075
416043,3;0,1132028
416059,9;0,1131822
416076,1;0,1131822
416093;0,1131712
416109,2;0,1131585
416125,8;0,1131553
416142,3;0,113149
416158,9;0,113149
416175,5;0,1131474
416192;0,1131426
416208,6;0,1131411
416225,2;0,1131379
416241,7;0,1131363
416258,3;0,1131363
416275;0,1131379
416291,4;0,1131347
416308,2;0,1131347
416325,4;0,1131379
416341,1;0,1131363
416357,8;0,1131379
416374,3;0,1131379
416390,9;0,1131379
416407,4;0,1131395
416424,8;0,1131426
416440,5;0,1131411
416457,4;0,1131395
416473,7;0,1131363
416490,2;0,1131395
416506,8;0,1131411
416523,8;0,1131411
416539,9;0,1131411
416556,5;0,1131506
416573,1;0,1131553
416589,6;0,1131617
416606,2;0,113168
416622,9;0,1131806
416639,3;0,1131869
416655,9;0,1131949
416672,5;0,1132075
416689;0,1132186
416705,6;0,1132297
416722,5;0,113236
416738,7;0,1132471
416755,3;0,1132535
416771,8;0,1132535
416788,4;0,1132724
416805;0,1132851
416821,6;0,113293
416838,1;0,1132946
416854,7;0,1132962
416871,3;0,1133025
416887,8;0,1133041
416904,9;0,1133025
416921;0,1133025
416937,6;0,1133057
416954,1;0,1133057
416970,8;0,1133041
416987,3;0,1133025
417004,3;0,1133025
417021,1;0,1133025
417036,9;0,1133025
417053,5;0,1133009
417070,1;0,1133009
417086,6;0,1132994
417103,5;0,1132946
417119,8;0,1132946
417136,5;0,1132946
417153,1;0,1132914
417170;0,1132898
417186,6;0,1132882
417202,6;0,1132914
417219,2;0,1132946
417235,7;0,1132976
417252,4;0,1133008
417269;0,1132975
417285,4;0,1133023
417302,3;0,1133086
417318,5;0,1133086
417335,1;0,1133166
417351,7;0,1133197
417368,3;0,1133213
417384,8;0,1133245
417401,4;0,1133245
417418,6;0,1133293
417434,5;0,1133293
417451,1;0,1133245
417468,2;0,1133214
417484,2;0,1133166
417500,8;0,1133182
417517,4;0,1133072
417534,3;0,113304
417550,5;0,1132993
417567,1;0,1132993
417583,6;0,1132993
417600,2;0,1132836
417617,1;0,1132694
417633,7;0,113263
417649,9;0,113263
417667,1;0,1132567
417683,2;0,1132519
417699,6;0,1132265
417716,2;0,1132075
417732,8;0,1131901
417749,3;0,1131901
417765,8;0,113168
417782,4;0,1131586
417799,4;0,1131413
417815,6;0,1131335
417832,1;0,1131115
417848,7;0,1131037
417865,3;0,1130864
417882,6;0,1130755
417898,4;0,1130707
417914,9;0,1130582
417931,7;0,1130582
417948,1;0,1130395
417964,8;0,1130161
417981,2;0,11301
417998,3;0,1130022
418014,3;0,1129897
418030,9;0,112971
418047,5;0,1129477
418064,1;0,1129338
418081;0,1129229
418097,2;0,1128997
418113,8;0,1128719
418130,3;0,1128579
418146,9;0,1128377
418163,4;0,1128252
418180,2;0,112791
418196,9;0,112791
418219,6;0,1127692
418229,8;0,1127272
418246,3;0,1126944
418263,5;0,1126866
418279,4;0,1126649
418296;0,1126649
418312,6;0,1126649
418329,1;0,1126462
418345,8;0,1125668
418362,7;0,1125214
418378,8;0,1125119
418395,4;0,1124913
418412,3;0,1124818
418428,5;0,1124661
418445,1;0,1124535
418461,8;0,1124487
418478,5;0,112444
418495,2;0,1124376
418511,4;0,1124376
418527,9;0,1124266
418544,7;0,112425
418561;0,1124234
418577,6;0,1124156
418594,2;0,1124076
418610,8;0,1124013
418627,4;0,1124013
418643,9;0,1123933
418660,6;0,1123822
418677;0,1123791
418693,6;0,1123664
418711;0,1123568
418727,4;0,1123505
418743,3;0,1123457
418759,8;0,1123441
418776,4;0,1123378
418793;0,1123346
418809,5;0,112333
418826,1;0,1123314
418842,7;0,1123251
418859,7;0,1123251
418876,7;0,1123219
418892,5;0,1123172
418909;0,1123156
418925,6;0,1123156
418942,1;0,1123156
418958,7;0,1123187
418975,2;0,1123061
418991,8;0,1123045
419008,4;0,1123013
419024,9;0,1123029
419041,5;0,1123075
419058;0,1123045
419075;0,1123092
419094,2;0,1123124
419110,9;0,1123219
419127,6;0,1123251
419143,9;0,1123267
419160,5;0,1123378
419177,6;0,1123441
419193,9;0,1123521
419210,3;0,1123632
419226,8;0,1123664
419243,3;0,1123759
419259,8;0,1123839
419276,4;0,1123934
419293;0,1123982
419309,6;0,1124046
419327,1;0,1124109
419342,7;0,1124109
419359,8;0,1124268
419375,8;0,1124379
419392,4;0,1124474
419409;0,1124506
419425,6;0,11246
419442,1;0,1124759
419458,7;0,1124775
419475,3;0,112495
419491,8;0,1125047
419508,5;0,1125142
419525,4;0,1125236
419541,5;0,1125236
419558,1;0,11253
419574,8;0,11253
419591,2;0,1125363
419607,8;0,1125395
419624,3;0,1125474
419640,9;0,1125694
419658,1;0,1125885
419674,4;0,1125885
419690,6;0,1126107
419707,2;0,1126107
419723,7;0,1126201
419740,9;0,1126233
419757;0,112639
419773,4;0,1126516
419790,1;0,1126626
419806,6;0,1126767
419823,2;0,1126939
419839,7;0,1127019
419856,3;0,1127019
419872,8;0,1127396
419889,4;0,1127601
419906;0,1127789
419922,5;0,1127836
419945,6;0,1127993
419955,8;0,112837
419972,8;0,1128621
419988,9;0,1128824
420005,4;0,112909
420021,9;0,1129231
420039;0,112945
420055,3;0,1129761
420072,1;0,1129964
420088,5;0,1130276
420105,3;0,1130493
420121,3;0,1130493
420137,9;0,1130945
420154,5;0,1131227
420171,2;0,1131555
420188,3;0,1131632
420204,2;0,1131756
420220,8;0,1131943
420237,5;0,1131943
420254;0,1132317
420270,7;0,1132787
420287;0,1133377
420303,6;0,1133688
420320,4;0,1133688
420336,7;0,1134031
420353,6;0,1134125
420370,1;0,113436
420386,7;0,1134691
420403;0,1134691
420419,8;0,1134865
420436,1;0,1135038
420453,3;0,1135196
420469,3;0,1135323
420485,9;0,1135435
420502,4;0,1135596
420518,9;0,113577
420535,8;0,1135963
420552,1;0,1136058
420568,6;0,1136268
420585,2;0,1136381
420601,8;0,1136381
420618,9;0,1136688
420634,9;0,1136915
420651,5;0,1137026
420668,5;0,1137026
420685,5;0,1137429
420701,2;0,113756
420717,8;0,1137753
420734,3;0,1137851
420751;0,1137996
420767,4;0,1138158
420793,3;0,1138303
420800,9;0,1138401
420817,5;0,1138417
420834,5;0,1138549
420850,8;0,1138549
420867,2;0,1138629
420883,8;0,113871
420900,6;0,1138838
420916,9;0,1139012
420933,5;0,113906
420950;0,1139139
420966,8;0,1139203
420983,3;0,113925
420999,7;0,1139266
421016,5;0,1139282
421032,9;0,1139314
421049,4;0,1139345
421066,1;0,1139361
421082,9;0,1139361
421099,1;0,1139361
421116,2;0,1139361
421132,5;0,1139377
421148,8;0,1139393
421165,5;0,1139393
421181,9;0,1139393
421199,2;0,1139377
421215,2;0,1139394
421231,7;0,113941
421248,2;0,1139393
421264,9;0,1139425
421281,6;0,1139425
421297,9;0,1139442
421314,5;0,1139458
421331,1;0,1139474
421347,8;0,113949
421364,2;0,1139491
421381,1;0,1139508
421397,4;0,1139492
421414,6;0,1139527
421430,4;0,1139543
421447;0,1139559
421463,7;0,1139575
421480,2;0,1139591
421496,8;0,1139591
421513,3;0,1139591
421529,8;0,113959
421546,4;0,1139655
421563,4;0,1139737
421579,6;0,1139803
421596,3;0,1139803
421613;0,1140012
421629,3;0,1140044
421653,8;0,1140175
421662,4;0,1140289
421679;0,1140306
421695,7;0,1140355
421712,1;0,1140645
421728,7;0,1140791
421745,3;0,1140921
421762,6;0,1141117
421778,3;0,1141199
421795;0,1141411
421811,5;0,1141411
421828,4;0,1141606
421844,6;0,1141819
421861,2;0,1141968
421877,8;0,1142083
421894,3;0,1142281
421911,3;0,1142413
421927,5;0,114246
421944,5;0,114246
421960,8;0,1142674
421977,2;0,1142739
421993,7;0,1142739
422010,3;0,1143066
422026,8;0,1143196
422043,4;0,1143293
422060;0,1143375
422077,2;0,1143426
422093,4;0,1143426
422109,7;0,1143557
422126,3;0,1143557
422142,8;0,1143606
422159,4;0,1143606
422176,5;0,1143719
422192,7;0,1143867
422209,3;0,114413
422225,7;0,1144275
422242,2;0,1144342
422258,8;0,1144358
422275,4;0,1144604
422291,9;0,114467
422308,6;0,11448
422325,1;0,11448
422341,6;0,1144997
422358,2;0,1145046
422374,8;0,1145078
422391,4;0,1145078
422407,9;0,1145078
422424,5;0,1145078
422441;0,1145094
422457,6;0,1145078
422474,2;0,1145078
422491,1;0,1144996
422507,3;0,1144932
422527,5;0,11449
422544,9;0,1144851
422560,7;0,114477
422577,3;0,1144638
422593,8;0,1144606
422610,3;0,1144475
422626,9;0,114436
422643,5;0,1144278
422660,5;0,1144278
422676,9;0,1144098
422693,2;0,1143999
422710;0,1143901
422726,3;0,1143901
422742,9;0,1143852
422759,5;0,114374
422776,7;0,1143689
422792,6;0,114364
422809,3;0,1143558
422826,2;0,1143345
422842,3;0,1143103
422858,8;0,114307
422875,4;0,114307
422892;0,1143038
422908,6;0,1142943
422925,1;0,1142848
422941,7;0,1142816
422958,5;0,1142784
422974,8;0,1142737
422991,4;0,1142721
423008;0,1142721
423024,5;0,1142546
423041,1;0,1142499
423057,7;0,1142387
423074,5;0,114234
423091;0,1142324
423107,5;0,1142102
423124;0,1142038
423140,5;0,114188
423157,1;0,1141801
423173,6;0,1141706
423190,3;0,1141611
423206,8;0,1141611
423223,3;0,1141372
423239,9;0,114123
423256,5;0,1141039
423273,3;0,1140896
423289,6;0,1140817
423306,2;0,1140721
423322,8;0,1140625
423339,4;0,1140544
423355,9;0,1140308
423377,4;0,1140133
423393,9;0,1140007
423410,5;0,1140007
423427,3;0,1139943
423443,6;0,1139943
423460,2;0,1139642
423476,8;0,1139101
423493,3;0,1138976
423510,1;0,1138803
423526,8;0,1138566
423543;0,1138487
423559,6;0,1138487
423576,2;0,1137946
423592,8;0,113782
423609,3;0,1137629
423625,9;0,1137423
423642,5;0,1137423
423659;0,1137004
423675,6;0,1136862
423692,3;0,1136701
423708,7;0,1136208
423725,4;0,1135856
423742,8;0,1135619
423758,4;0,1135443
423775;0,1135236
423792;0,113466
423808,1;0,1134323
423824,7;0,1134086
423841,3;0,113381
423857,8;0,1133489
423874,4;0,1133103
423890,9;0,113288
423907,7;0,113251
423924,1;0,1132352
423940,7;0,1132002
423957,2;0,1131682
423973,8;0,1131553
423990,4;0,1131281
424007,5;0,1130932
424023,5;0,1130753
424040,2;0,1130753
424056,6;0,113058
424073,2;0,1130418
424089,9;0,1130372
424106,3;0,1129781
424122,9;0,1129236
424139,5;0,1129138
424156;0,1129028
424172,7;0,1128946
424189,2;0,1128543
424205,9;0,1128254
424228,2;0,1128126
424238,9;0,1127998
424256,3;0,1127854
424272,1;0,112734
424288,6;0,1127214
424305,1;0,1126939
424321,7;0,1126698
424338,3;0,1126473
424354,8;0,112625
424371,6;0,1126187
424387,9;0,1126045
424404,6;0,1125902
424421,7;0,1125854
424437,7;0,1125854
424454,2;0,1125602
424470,8;0,1125492
424487,6;0,112535
424503,9;0,1125239
424520,5;0,1125191
424537,1;0,1125112
424553,6;0,1125097
424570,2;0,1124875
424586,7;0,1124812
424603,5;0,1124716
424620,4;0,1124653
424636,4;0,1124558
424653;0,1124558
424670;0,1124353
424686,2;0,1124353
424703,1;0,112429
424719,5;0,112429
424735,9;0,1124023
424752,4;0,1123599
424769;0,1123459
424785,6;0,1123223
424802,1;0,1123223
424819,1;0,1122861
424835,3;0,1122767
424851,8;0,1122532
424868,4;0,1122296
424884,9;0,1122124
424901,9;0,1121951
424918,4;0,1121951
424934,8;0,1121826
424951,2;0,1121591
424967,8;0,1121465
424984,3;0,112134
425000,9;0,112134
425017,6;0,1121324
425034,1;0,1121199
425050,7;0,1121199
425067,3;0,1121058
425083,8;0,1120966
425100,7;0,1120966
425116,9;0,1120904
425133,5;0,1120826
425150,2;0,1120812
425166,6;0,1120764
425183,2;0,1120749
425200,1;0,1120639
425216,3;0,1120624
425232,8;0,1120609
425249,4;0,1120595
425266,1;0,1120564
425282,5;0,1120486
425299,1;0,1120486
425315,8;0,1120471
425332,3;0,1120471
425348,8;0,1120425
425365,4;0,1120394
425382;0,1120238
425398,5;0,1119989
425415,1;0,1119879
425431,6;0,1119879
425448,4;0,1119661
425464,8;0,1119677
425481,6;0,1119538
425498,3;0,1119446
425514,5;0,1119338
425531;0,1119338
425547,6;0,1119307
425564,2;0,1119091
425580,8;0,1119028
425597,4;0,1118981
425614,3;0,1118981
425630,4;0,1118875
425647;0,1118737
425663,6;0,1118676
425680,2;0,111866
425697,3;0,1118569
425713,3;0,1118493
425729,8;0,1118369
425746,7;0,1118324
425763,1;0,1118293
425779,7;0,1118262
425796,3;0,1118185
425813,2;0,1118122
425829,3;0,1118107
425845,8;0,1118076
425862,4;0,1118
425879,5;0,1118
425895,5;0,111783
425912,1;0,1117739
425928,7;0,1117692
425945,2;0,1117661
425961,8;0,1117646
425978,5;0,1117616
425995,1;0,1117554
426017;0,1117523
426028;0,1117264
426044,8;0,1117142
426061,2;0,1117019
426077,8;0,1117019
426094,3;0,1116881
426111;0,1116776
426127,4;0,1116575
426144,4;0,111642
426160,6;0,1116373
426177,2;0,1116172
426193,7;0,1115955
426210,3;0,1115972
426226,8;0,111602
426243,9;0,1116161
426260;0,1116324
426276,6;0,1116762
426293,2;0,1116762
426309,7;0,1117707
426326,2;0,1117974
426343;0,1118735
426359,4;0,1119491
426375,9;0,111983
426392,8;0,1120567
426409,1;0,1120567
426426,2;0,1121
426442,5;0,1122119
426458,8;0,1122569
426475,3;0,1123148
426492,3;0,1123409
426508,5;0,1123909
426525,3;0,1124171
426542,2;0,1124564
426558,2;0,1124796
426574,8;0,1124796
426591,6;0,1125351
426607,9;0,1125335
426624,4;0,1125517
426641;0,1125598
426657,6;0,1126088
426674,6;0,112682
426690,7;0,1127092
426707,3;0,1127383
426723,8;0,1127787
426740,6;0,1128
426757,1;0,1128482
426773,6;0,1128802
426790,1;0,1129156
426806,9;0,1129461
426823,3;0,1129832
426840,1;0,1129832
426861,5;0,1130204
426873;0,1130959
426889,5;0,1131296
426906,1;0,1131476
426922,9;0,1131605
426939,2;0,1132648
426956;0,1133273
426972,3;0,113362
426989,5;0,1133999
427006,2;0,1134216
427022,6;0,1135368
427038,6;0,1135955
427055,2;0,1136456
427071,8;0,1136955
427088,3;0,113762
427104,9;0,1138441
427121,5;0,1139056
427138;0,1139636
427154,9;0,1140006
427171,2;0,1140006
427188,5;0,1141118
427204,3;0,1141784
427220,8;0,1142137
427237,4;0,1142519
427254;0,1142873
427270,5;0,1142873
427287,3;0,1143237
427303,9;0,1144632
427320,3;0,1145786
427336,8;0,1146121
427353,7;0,1146867
427370,2;0,1147341
427386,5;0,1147674
427403,5;0,1147855
427419,8;0,1148217
427436,8;0,1148829
427452,9;0,1150594
427469,3;0,1151021
427485,9;0,1151807
427502,5;0,1152441
427519;0,1153127
427535,9;0,1153589
427552,2;0,1154026
427568,8;0,1154674
427585,3;0,1155021
427602,2;0,1155021
427618,4;0,1156337
427635;0,1156634
427651,6;0,11572
427668,2;0,1157332
427685;0,1157898
427701,4;0,1158527
427717,8;0,1159192
427734,4;0,1159753
427751,3;0,1160237
427767,6;0,1160801
427784,9;0,1161253
427800,7;0,1161612
427817,3;0,1162083
427833,8;0,1162548
427850,4;0,1163176
427866,9;0,1163479
427884,1;0,1163479
427900,1;0,1163752
427916,9;0,1163925
427933,2;0,1164313
427949,8;0,1165112
427966,3;0,1165895
427983,5;0,1165895
427999,5;0,1166916
428016,1;0,1167299
428032,6;0,1167844
428049,3;0,1168131
428066,1;0,1168655
428082,6;0,1168862
428098,9;0,1169434
428115,4;0,1169641
428132;0,1170071
428148,6;0,1170469
428165,2;0,1170929
428182,2;0,1171168
428198,3;0,1171633
428214,8;0,1171954
428231,4;0,1172084
428248;0,1172165
428264,9;0,1172132
428281,1;0,1172132
428297,7;0,1171743
428314,8;0,1171419
428330,8;0,1171214
428347,4;0,1171007
428363,9;0,1170889
428380,9;0,1170096
428397,4;0,1169616
428413,7;0,1169342
428430,2;0,1169121
428446,8;0,1169001
428463,8;0,1168407
428479,9;0,1168407
428496,5;0,1168067
428513,1;0,1167778
428529,8;0,1167778
428546,2;0,1167659
428563;0,1167558
428580,8;0,1167508
428595,9;0,1166939
428612,5;0,1166756
428629;0,1166655
428645,8;0,1166571
428662,1;0,1166453
428678,7;0,116632
428695,3;0,1166237
428711,8;0,1166237
428728,4;0,1166037
428745,3;0,1165935
428761,6;0,1165936
428778,2;0,1165886
428794,7;0,1165886
428811,4;0,1165869
428827,8;0,1165919
428844,4;0,1165936
428860,9;0,1166021
428877,5;0,1166071
428894,1;0,1166071
428910,7;0,116614
428927,4;0,1166175
428943,8;0,1166074
428960,3;0,1166074
428976,9;0,1165986
428994,5;0,1165863
429010;0,1165828
429026,8;0,1165656
429043,3;0,1165429
429059,8;0,1165256
429076,4;0,1165117
429092,9;0,1165117
429109,4;0,1164803
429126;0,116454
429142,6;0,1164469
429159,2;0,1164364
429175,9;0,1164293
429192,3;0,1164293
429208,8;0,1164101
429225,4;0,1163824
429242;0,116365
429258,5;0,1163562
429275,3;0,1163476
429291,8;0,1163476
429308,3;0,1163406
429324,8;0,1163163
429341,4;0,1163039
429358;0,1162952
429374,9;0,1162934
429391,1;0,1162691
429407,7;0,1162656
429424,3;0,11625
429440,9;0,1162464
429457,4;0,1162497
429474,2;0,1162344
429490,5;0,1162293
429507,2;0,116224
429523,6;0,116224
429541,2;0,1162291
429556,8;0,1162222
429573,7;0,1162274
429589,9;0,1162377
429606,5;0,116236
429623,8;0,1162446
429639,8;0,1162517
429656,7;0,1162517
429672,7;0,1162707
429689,3;0,1162723
429706,3;0,1162844
429723,3;0,116293
429739;0,1163033
429755,6;0,1163101
429772,3;0,1163101
429788,7;0,1163239
429805,5;0,1163239
429822,2;0,116329
429838,4;0,116329
429855,1;0,1163344
429871,5;0,1163515
429888,5;0,1164013
429904,6;0,1164272
429921,2;0,1164392
429937,8;0,1164445
429954,9;0,1164892
429970,9;0,1164976
429987,5;0,1165252
430004;0,1165252
430020,9;0,1165631
430037,3;0,1165837
430053,8;0,1166147
430070,3;0,1166438
430087;0,1166626
430103,5;0,1166866
430120,5;0,1167174
430136,8;0,1167467
430153,1;0,1167622
430169,8;0,1167758
430186,3;0,1167809
430203,7;0,1168202
430219,4;0,1168389
430236;0,116863
430252,5;0,1168818
430269,2;0,1169072
430285,8;0,1169072
430303;0,1169683
430318,9;0,1169683
430335,5;0,1170093
430352;0,1170296
430368,8;0,1170535
430385,1;0,1170671
430401,7;0,1170842
430418,3;0,1170892
430435,2;0,1171248
430451,6;0,1171248
430468;0,1171419
430484,5;0,1171436
430501,1;0,1171789
430517,7;0,1172539
430534,3;0,1172828
430550,8;0,1173099
430567,3;0,1173317
430583,9;0,1173537
430600,7;0,1173876
430617,1;0,1173876
430633,6;0,1174484
430650,4;0,1174517
430667,1;0,117482
430684;0,1175125
430699,9;0,1175294
430716,5;0,1175445
430733,1;0,1175445
430749,8;0,1175615
430766,2;0,1175836
430783;0,1175905
430799,8;0,1175955
430815,8;0,1176022
430832,4;0,1176022
430849;0,1176038
430866,1;0,1176039
430882,3;0,1176022
430898,7;0,1176005
430915,3;0,1175935
430932;0,1175935
430948,5;0,1175833
430965;0,1175833
430981,9;0,1175611
430998,1;0,1175492
431014,7;0,1175492
431031,9;0,1175424
431047,8;0,1175441
431064,4;0,1175388
431080,9;0,117544
431097,5;0,1175492
431114,1;0,1175509
431131,3;0,1175561
431147,2;0,1175648
431163,8;0,1175806
431180,3;0,1175927
431196,9;0,1175962
431213,5;0,11761
431230,3;0,1176187
431246,6;0,1176187
431263,5;0,1176534
431279,7;0,1176552
431296,3;0,1176726
431312,9;0,1176812
431329,4;0,1176988
431347;0,1177163
431363,2;0,1177181
431379,7;0,117725
431396,1;0,1177372
431412,8;0,1177423
431428,8;0,1177546
431445,4;0,1177546
431462,1;0,1177667
431478,5;0,1177736
431495,1;0,1177892
431511,7;0,1178049
431528,8;0,1178049
431544,8;0,1178083
431561,5;0,1178172
431577,9;0,1178172
431594,5;0,1178311
431611,1;0,1178449
431627,6;0,1178467
431644,2;0,1178466
431660,8;0,117857
431677,3;0,1178589
431693,9;0,1178606
431710,7;0,117864
431727;0,117864
431743,6;0,1178676
431760,4;0,1178693
431776,7;0,1178709
431793,3;0,1178919
431810,4;0,1179023
431826,4;0,1179023
431843,2;0,1179164
431859,8;0,1179164
431876,3;0,1179216
431892,7;0,1179164
431909,4;0,1179045
431926,3;0,1178856
431943;0,1178753
431959;0,1178467
431977,4;0,1177604
431993,9;0,1176833
432010,5;0,1175924
432027,1;0,1175342
432043,6;0,1174881
432060,7;0,1173924
432076,8;0,1173924
432093,7;0,1171948
432110;0,1171873
432126,5;0,1170856
432143;0,1170126
432160,3;0,1169146
432176,2;0,1168329
432192,8;0,1168329
432209,3;0,1167273
432225,9;0,1166227
432242,4;0,1165451
432259;0,1164338
432275,6;0,1164371
432292,2;0,1163275
432308,8;0,1162196
432325,3;0,116149
432341,9;0,116055
432358,9;0,1160238
432375,4;0,1160092
432391,5;0,1159756
432408,7;0,115924
432425;0,1157239
432441,3;0,1155631
432457,8;0,1155046
432474,4;0,1154059
432491;0,1153191
432507,5;0,1152466
432524,1;0,1151835
432540,7;0,1150913
432557,6;0,1150913
432573,8;0,1149124
432590,9;0,114871
432607;0,1147614
432624;0,1146849
432640;0,1145917
432656,6;0,1145418
432673,7;0,1144399
432689,8;0,1143917
432706,3;0,1143298
432722,9;0,1143032
432739,8;0,1142274
432756;0,1141211
432772,9;0,1140375
432789,2;0,1139747
432805,7;0,113951
432828,7;0,1139224
432839,5;0,1137693
432855,8;0,1137036
432872,1;0,1136331
432888,7;0,1136331
432905,1;0,11346
432922,4;0,1134504
432938,4;0,1133737
432954,9;0,1132842
432971,4;0,1131954
432987,9;0,113149
433004,5;0,113149
433021,1;0,1131044
433037,6;0,1130965
433054,2;0,1129312
433071,1;0,1127626
433087,3;0,1127033
433104,4;0,1125949
433120,8;0,1125392
433137;0,1125392
433153,6;0,1123664
433170,6;0,1122566
433187,4;0,1121433
433203,6;0,1121433
433219,9;0,1120265
433236,4;0,1119063
433253,1;0,1117864
433269,6;0,1116737
433286,5;0,1116737
433302,7;0,1116125
433319,3;0,1114479
433335,8;0,1113709
433352,8;0,1112788
433369;0,1112788
433385,5;0,1110622
433402,1;0,1110622
433418,7;0,1109234
433435,7;0,1108489
433451,8;0,1107438
433468,4;0,1106889
433485;0,1106398
433501,6;0,110581
433518,1;0,1104223
433535,3;0,1104223
433551,2;0,110365
433568;0,1101938
433584,6;0,1101179
433601;0,1100077
433618,4;0,1099603
433634;0,1099074
433650,6;0,109883
433667,5;0,1098586
433684,1;0,109807
433700,7;0,1096562
433717,9;0,1095046
433733,8;0,1094368
433750,4;0,1093643
433767,6;0,1092512
433783,5;0,1091489
433800,1;0,1090983
433816,7;0,1090173
433833,2;0,1089332
433849,8;0,1088509
433866,5;0,1087912
433883;0,1087443
433899,6;0,1086992
433916;0,1085798
433932,6;0,1085137
433949,2;0,1084876
433965,8;0,1084876
433982,3;0,1084372
433998,9;0,1084161
434015,8;0,1084131
434032;0,1084086
434048,6;0,1084101
434065,2;0,1083921
434082,1;0,1083936
434098,3;0,1083921
434114,9;0,1083921
434131,4;0,1083921
434148;0,1083919
434164,6;0,1083918
434181,1;0,1083933
434197,8;0,1083933
434214,8;0,1083977
434231;0,1083992
434247,4;0,1084036
434263,9;0,1084123
434280,5;0,1084123
434297,4;0,1084153
434313,7;0,1084153
434330,2;0,1084271
434347;0,1084461
434363,4;0,1084637
434379,9;0,1084769
434396,5;0,1084769
434413,4;0,1084916
434429,6;0,1085049
434446,2;0,1085092
434462,8;0,1085195
434482,2;0,1085299
434497,2;0,108537
434513,7;0,1085444
434530,5;0,1085518
434547;0,108565
434563,4;0,1085811
434580;0,108581
434596,7;0,108581
434613,5;0,1085958
434629,7;0,1086061
434646,3;0,1086076
434662,8;0,1086105
434679,4;0,1086105
434696;0,1086221
434712,7;0,108625
434729,1;0,1086293
434745,7;0,1086366
434762,3;0,1086381
434778,8;0,1086456
434795,4;0,1086529
434811,9;0,1086544
434828,8;0,108656
434845,1;0,1086576
434861,9;0,108665
434878,8;0,1086649
434894,8;0,1086619
434911,6;0,108662
434928;0,108662
434944,9;0,1086561
434961;0,1086517
434977,6;0,1086472
434994,2;0,1086342
435011;0,1086255
435027,3;0,1086241
435043,8;0,1086226
435060,8;0,1086197
435077,6;0,108611
435094;0,1085994
435110,1;0,1085994
435127;0,1085864
435143,3;0,1085863
435159,8;0,108579
435176,4;0,1085805
435193;0,1085761
435210;0,1085761
435226,1;0,1085674
435242,7;0,1085616
435259,3;0,1085499
435275,8;0,1085411
435292,4;0,1085353
435309;0,1085281
435325,5;0,1085135
435342,1;0,1085047
435358,7;0,1085061
435376,1;0,108471
435391,8;0,1084566
435408,4;0,1084407
435425,3;0,1084333
435441,6;0,1084275
435458,1;0,1083939
435474,6;0,1083909
435491,9;0,1083718
435508;0,1083646
435524,3;0,1083456
435540,9;0,1083368
435557,4;0,1083368
435574;0,1083253
435590,6;0,1083178
435607,2;0,1083178
435623,7;0,1082902
435640,7;0,1082363
435656,8;0,1082173
435673,4;0,1082085
435690;0,1082056
435706,5;0,1081792
435723,4;0,1081763
435740;0,1081528
435756,2;0,1081484
435772,8;0,1081484
435789,4;0,1081336
435806,5;0,1081336
435823,1;0,1081292
435839,1;0,1081276
435855,6;0,1081277
435872,2;0,1081306
435888,8;0,1081306
435905,3;0,1081321
435922,9;0,1081322
435938,5;0,1081352
435955,1;0,1081397
435971,6;0,1081397
435988,2;0,1081589
436004,7;0,1081604
436021,3;0,1081664
436038;0,1081694
436054,4;0,1081874
436071,1;0,1081905
436087,9;0,108192
436104,1;0,108192
436120,8;0,1082055
436137,3;0,108207
436154,4;0,1082159
436170,4;0,1082159
436187;0,1082233
436204;0,1082263
436220,5;0,1082293
436236,9;0,1082293
436253,3;0,1082426
436269,8;0,1082576
436286,6;0,1082666
436302,9;0,1082727
436319,5;0,1082727
436336,1;0,1082802
436352,7;0,1082921
436369,2;0,1082968
436385,8;0,1083057
436402,3;0,1083087
436418,9;0,1083223
436435,5;0,1083223
436452;0,1083284
436468,7;0,1083403
436485,2;0,108345
436501,8;0,1083598
436518,5;0,1083569
436534,9;0,1083644
436551,4;0,1083735
436568,3;0,1083872
436585,3;0,1083978
436601,1;0,1084053
436617,7;0,1084114
436634,6;0,1084144
436650,9;0,1084205
436667,4;0,1084415
436684;0,1084507
436700,5;0,1084507
436717,1;0,1084809
436734,3;0,1084913
436750,4;0,1085068
436766,8;0,1085158
436783,3;0,1085309
436799,9;0,1085339
436816,5;0,108555
436833,3;0,108564
436849,6;0,108564
436866,2;0,1085685
436883,1;0,1085773
436899,3;0,1086105
436915,9;0,1086566
436932,7;0,1086744
436949,2;0,1086877
436965,6;0,1087041
436982,3;0,1087231
436999;0,1087753
437019,4;0,1088034
437031,9;0,1088181
437048,4;0,1088181
437065,1;0,108864
437081,6;0,108904
437098,4;0,1089187
437114,7;0,1089512
437131,3;0,1089512
437147,8;0,1089945
437164,4;0,1090213
437181,6;0,1090481
437198;0,1090598
437214,1;0,1090765
437231,3;0,1091281
437247,4;0,1091636
437263,8;0,1091829
437280,4;0,1092023
437297;0,1092336
437313,7;0,1092709
437330,1;0,1092709
437346,9;0,1093005
437363,3;0,1093422
437379,8;0,1093852
437396,3;0,1094028
437412,9;0,1094028
437429,5;0,1094772
437446;0,1094817
437462,9;0,1095291
437479,2;0,1095291
437495,7;0,1095472
437512,6;0,1095472
437528,9;0,1095618
437545,4;0,1096138
437562;0,1096956
437578,6;0,1097162
437595,1;0,109755
437611,7;0,1097983
437628,5;0,1098369
437644,9;0,1098605
437661,4;0,1098818
437678;0,1099235
437695,2;0,1099489
437711,1;0,1099742
437727,7;0,1099924
437744,3;0,1100132
437760,8;0,1100222
437777,4;0,1100401
437794;0,1100535
437810,5;0,1100565
437827,4;0,1100639
437843,6;0,1100669
437860,2;0,1100669
437882,4;0,1100682
437893,3;0,1100743
437910,2;0,1100772
437926,5;0,1100757
437943,1;0,1100772
437959,6;0,1100787
437976,2;0,1100773
437992,8;0,1100788
438009,3;0,1100788
438025,9;0,1100834
438042,4;0,1100895
438059;0,1100925
438075,6;0,1101018
438092,2;0,1101018
438108,8;0,1101112
438125,5;0,1101112
438141,8;0,1101188
438158,5;0,1101188
438175;0,1101371
438191,5;0,1101816
438208,1;0,110194
438224,7;0,110211
438241,3;0,1102232
438257,8;0,1102356
438274,6;0,1102511
438290,9;0,1102619
438307,5;0,1102743
438324,1;0,1102851
438340,6;0,1102851
438357,2;0,1103053
438374,3;0,1103191
438390,6;0,1103238
438407;0,1103299
438423,5;0,1103346
438440;0,1103514
438456,6;0,1103666
438473,6;0,1103789
438490,3;0,1103881
438506,3;0,1104019
438522,8;0,1104127
438539,6;0,1104188
438556;0,110431
438572,6;0,110431
438589,2;0,1104509
438605,7;0,1104647
438622,3;0,1104707
438638,8;0,1104722
438655,4;0,1104737
438672,2;0,1104706
438688,5;0,1104644
438705,1;0,1104631
438721,7;0,1104615
438738,2;0,1104569
438754,8;0,1104476
438771,4;0,1104476
438787,9;0,1104368
438805;0,1104323
438821,5;0,1104137
438837,9;0,1104047
438854,2;0,110397
438871,3;0,1103879
438887,3;0,1103849
438903,9;0,1103757
438920,5;0,1103696
438937;0,1103666
438953,6;0,11035
438970,6;0,1103499
438986,7;0,110344
439003,3;0,1103212
439019,9;0,1103182
439036,4;0,1103075
439053,3;0,1103075
439069,6;0,1102908
439086,1;0,1102785
439103,3;0,1102664
439119,3;0,1102664
439136,1;0,1102498
439152,9;0,1102361
439169;0,1102361
439185,6;0,11023
439202,1;0,1102039
439219,1;0,1101949
439235,2;0,1101905
439251,8;0,1101905
439268,5;0,1101573
439284,9;0,1101391
439301,5;0,1101298
439318,1;0,1101298
439334,6;0,1101131
439351,6;0,1100979
439367,8;0,1100812
439384,3;0,1100644
439400,9;0,1100644
439417,5;0,1100599
439434;0,1100599
439450,8;0,1100492
439467,3;0,110034
439483,7;0,1100247
439500,3;0,1100201
439516,9;0,1100201
439533,4;0,1100217
439550,4;0,1100171
439566,6;0,1100125
439583,4;0,1100095
439599,7;0,1100095
439620,2;0,1100187
439632,8;0,1100079
439649,4;0,1100049
439666;0,1100019
439682,5;0,1099989
439699,1;0,1100004
439715,7;0,1100018
439732,4;0,1100018
439748,8;0,1100173
439765,4;0,1100266
439781,9;0,1100375
439798,5;0,1100529
439815,1;0,110059
439831,6;0,1100697
439848,2;0,110082
439864,8;0,1101049
439881,3;0,1101172
439897,9;0,110134
439914,5;0,1101509
439931,5;0,1101523
439947,6;0,1101599
439964,3;0,1101938
439980,8;0,1102044
439997,6;0,1102182
440013,9;0,1102182
440030,8;0,1102413
440047,1;0,1102413
440064,2;0,110249
440080,1;0,1102505
440096,8;0,1102688
440113,4;0,1102827
440129,8;0,1102873
440146,4;0,1102889
440163,2;0,1102935
440179,5;0,110292
440196,1;0,1102997
440213,1;0,1102997
440229,3;0,1102996
440245,8;0,1103028
440262,4;0,1103028
440278,9;0,1103025
440295,8;0,1103008
440312,6;0,1103038
440328,7;0,1103007
440345,2;0,1103022
440361,9;0,1103006
440378,3;0,1103023
440394,9;0,1103037
440411,6;0,1103037
440428,1;0,1103037
440446,9;0,1103115
440461,2;0,1103147
440477,7;0,1103116
440494,3;0,1103116
440510,9;0,1103131
440527,5;0,1103115
440544;0,1103113
440561,3;0,1103098
440577,2;0,1103129
440593,7;0,1103129
440610,3;0,110316
440626,8;0,1103191
440643,4;0,1103224
440660,1;0,1103285
440676,6;0,1103346
440693,2;0,1103346
440709,7;0,1103424
440726,3;0,1103562
440743,1;0,1103927
440759,4;0,1104141
440775,9;0,1104217
440792,8;0,1104371
440809,4;0,1104356
440826,3;0,1104463
440842,4;0,110489
440858,8;0,1105028
440875,3;0,1105104
440891,9;0,1105104
440908,7;0,110547
440925,1;0,1105625
440941,6;0,1105853
440958,2;0,1105944
440974,8;0,1105944
440992;0,1106261
441007,9;0,1106474
441024,4;0,1106629
441041;0,1106842
441058;0,1107102
441074,2;0,1107194
441090,7;0,1107316
441107,4;0,1107377
441124,4;0,1107591
441140,4;0,1107865
441156,9;0,1108094
441174;0,1108293
441190,8;0,1108308
441206,7;0,1108552
441223,3;0,110881
441239,8;0,1109038
441256,4;0,1109158
441272,9;0,1109431
441297,7;0,1109658
441314,3;0,1109658
441330,8;0,1109795
441347,8;0,110981
441364,4;0,1109902
441380,8;0,1110114
441397,1;0,1110618
441413,6;0,1110894
441430,2;0,1111018
441446,8;0,1111018
441463,3;0,1111263
441479,9;0,1111385
441496,5;0,1111525
441513,1;0,1111571
441529,6;0,1111571
441546,2;0,1111679
441563,1;0,1111679
441579,3;0,1111818
441595,9;0,1111832
441613,1;0,1111879
441629;0,1111894
441645,6;0,1111924
441662,2;0,111197
441678,7;0,1112062
441695,7;0,1112062
441711,8;0,1112093
441728,4;0,1112091
441745;0,1112076
441761,5;0,1112061
441778,5;0,1112061
441794,9;0,1112092
441811,2;0,1112107
441827,8;0,1112061
441844,4;0,1112061
441861;0,1112077
441877,5;0,1112062
441894,1;0,111211
441910,7;0,1112111
441927,2;0,1112111
441943,8;0,1112111
441960,3;0,1112097
441976,9;0,1112112
441993,5;0,1112112
442010,2;0,1112097
442026,7;0,1112083
442043,3;0,1112068
442059,7;0,1112053
442076,3;0,1112069
442093,1;0,1112099
442109,7;0,1112098
442126,5;0,1112021
442142,6;0,1112067
442159,3;0,111199
442175,7;0,1112006
442192,3;0,1111959
442208,9;0,1111883
442225,8;0,1111915
442242;0,1111899
442258,5;0,1111837
442275,1;0,1111791
442292,3;0,1111699
442308,2;0,1111577
442324,8;0,1111453
442341,7;0,1111468
442357,9;0,1111269
442374,6;0,111113
442391,1;0,1110978
442407,6;0,1110978
442424,2;0,1110901
442440,8;0,1110671
442457,3;0,1110456
442474,6;0,1110365
442490,4;0,1110365
442507;0,1109936
442523,7;0,110986
442540,9;0,1109676
442556,7;0,1109676
442573,3;0,1109478
442589,8;0,1109341
442606,4;0,1109341
442623;0,1109187
442639,8;0,1109187
442656,8;0,1108866
442672,7;0,1108483
442689,3;0,1108269
442705,8;0,1108117
442723,1;0,1107905
442738,9;0,1107813
442755,5;0,1107813
442772,3;0,1107706
442788,7;0,1107706
442805,3;0,1107294
442822,2;0,110705
442838,3;0,1106865
442854,9;0,1106697
442871,6;0,1106499
442888,2;0,1106407
442904,6;0,1106224
442921,2;0,1106117
442937,8;0,1105856
442954,3;0,1105674
442970,9;0,1105567
442987,5;0,1105567
443004;0,1105309
443020,7;0,1105064
443037,4;0,1104957
443054;0,1104727
443070,8;0,1104605
443087,4;0,1104437
443103,5;0,1104253
443120;0,1104116
443136,6;0,1104116
443153,4;0,1103947
443169,8;0,1103687
443186,3;0,1103609
443202,9;0,1103517
443219,4;0,1103517
443236;0,1103318
443253,3;0,1103242
443269,1;0,1103257
443285,7;0,1103134
443302,2;0,110295
443318,8;0,110266
443335,3;0,1102599
443351,9;0,1102538
443368,6;0,1102538
443385,1;0,1102555
443401,6;0,1102555
443418,5;0,1102401
443434,8;0,1102401
443451,3;0,1102401
443467,9;0,1102432
443484,5;0,1102448
443501,2;0,1102507
443517,6;0,1102538
443534,2;0,1102598
443550,7;0,1102613
443567,8;0,1102659
443583,9;0,1102705
443600,4;0,110269
443617;0,110269
443633,8;0,110272
443650,1;0,110275
443666,7;0,110278
443683,4;0,1102828
443699,8;0,1102828
443716,4;0,1102937
443732,9;0,1102967
443749,6;0,1102998
443766,1;0,1102998
443782,7;0,1103029
443799,2;0,1103059
443815,8;0,110306
443832,4;0,1103044
443854,4;0,1102967
443865,8;0,1102967
443882,1;0,110289
443898,8;0,1102873
443915,7;0,1102873
443931,8;0,1102765
443948,3;0,1102593
443964,9;0,1102546
443981,4;0,1102439
443998;0,1102439
444014,6;0,1102285
444031,3;0,110213
444047,7;0,1102007
444064,3;0,1101869
444081,3;0,110173
444097,4;0,1101669
444114;0,1101501
444130,6;0,1101501
444147,1;0,1101239
444163,7;0,1101239
444180,4;0,1101069
444196,8;0,1100994
444213,8;0,1100901
444230,3;0,1100794
444246,5;0,1100717
444263,1;0,1100686
444279,7;0,1100502
444297,2;0,1100487
444312,8;0,1100486
444329,6;0,1100455
444346;0,1100379
444362,5;0,1100379
444379,1;0,1100379
444396,1;0,1100347
444412,2;0,1100332
444428,8;0,1100317
444445,3;0,1100301
444461,9;0,1100301
444478,7;0,1100316
444495;0,1100316
444511,7;0,1100301
444528,2;0,1100301
444545,2;0,1100301
444561,5;0,1100301
444578,5;0,1100301
444594,4;0,1100285
444611;0,1100345
444627,6;0,1100345
444644,1;0,1100376
444660,7;0,110042
444677,3;0,110042
444694,3;0,110045
444710,8;0,1100464
444727;0,1100479
444743,8;0,1100494
444760,1;0,1100524
444776,7;0,1100509
444793,2;0,1100509
444809,8;0,1100539
444826,3;0,1100539
444842,9;0,1100539
444859,5;0,1100539
444876,2;0,1100466
444892,6;0,1100481
444909,3;0,1100451
444925,9;0,1100451
444942,3;0,1100451
444959;0,110045
444975,9;0,1100406
444992;0,110039
445008,6;0,110039
445025,2;0,1100405
445041,7;0,1100376
445058,3;0,1100376
445075,2;0,110033
445091,4;0,110033
445108;0,1100315
445124,5;0,1100285
445141,4;0,1100225
445157,7;0,110024
445174,3;0,110021
445191,2;0,110021
445207,4;0,1100179
445224,2;0,1100089
445241;0,1100046
445257,4;0,1099941
445273,9;0,1099941
445290,5;0,1099897
445307,2;0,109976
445324,2;0,1099549
445339,9;0,1099443
445356,5;0,1099443
445373,1;0,1099139
445390,1;0,1098896
445406,2;0,1098789
445422,8;0,1098487
445439,3;0,1098487
445456,4;0,109814
445472,4;0,1097912
445489,1;0,1097593
445505,6;0,1097304
445522,2;0,109715
445538,7;0,1096893
445555,3;0,1096786
445571,9;0,1096541
445589;0,1096191
445605;0,1095873
445621,6;0,1095737
445638,1;0,1095737
445654,7;0,1095313
445671,3;0,1095009
445687,8;0,1094672
445704,4;0,109452
445720,9;0,109452
445737,5;0,1093851
445754,5;0,1093851
445770,7;0,1093473
445787,2;0,1093245
445803,8;0,1093245
445820,4;0,1093107
445836,9;0,1093107
445853,5;0,1092987
445870,1;0,1092471
445886,6;0,1092123
445903,2;0,1092047
445919,8;0,1091944
445936,3;0,1091733
445953,5;0,1091582
445969,4;0,1091582
445986;0,1091385
446002,8;0,1091235
446019,2;0,1091055
446036;0,109095
446052,4;0,1090845
446068,9;0,1090784
446085,4;0,1090633
446102,4;0,1090484
446118,6;0,1090422
446135,8;0,1090288
446151,7;0,1090244
446168,3;0,1090183
446184,8;0,1090183
446201,4;0,1090049
446218,8;0,1089927
446234,5;0,1089896
446251,1;0,1089896
446267,8;0,1089761
446284,2;0,1089746
446301,4;0,1089671
446318,2;0,1089655
446334,5;0,1089671
446350,8;0,108958
446367,3;0,1089505
446383,6;0,1089475
446400,2;0,108943
446417,3;0,1089312
446433,3;0,1089267
446450,1;0,1089237
446466,6;0,1089237
446483;0,1089237
446499,6;0,1089104
446517,4;0,1088956
446534;0,1088616
446550,7;0,1088499
446567,3;0,1088352
446583,7;0,1088263
446600,3;0,1088189
446617;0,1088115
446633,4;0,1087952
446650,7;0,1087952
446666,7;0,1087701
446683,1;0,1087656
446699,7;0,1087554
446716,2;0,1087467
446733,2;0,1087318
446749,3;0,1087186
446765,9;0,1087142
446783;0,1087097
446799;0,1087097
446815,8;0,1086922
446832,2;0,1086789
446848,8;0,1086774
446865,4;0,1086701
446881,9;0,1086701
446898,5;0,1086583
446915;0,1086598
446931,6;0,1086598
446948,2;0,108657
446964,7;0,1086554
446981,3;0,1086614
446997,9;0,1086614
447014,5;0,1086614
447031;0,1086583
447047,5;0,1086598
447064,4;0,1086598
447080,7;0,1086598
447097,3;0,1086583
447113,8;0,1086583
447130,4;0,1086583
447146,9;0,1086598
447163,9;0,1086569
447180,1;0,1086555
447197,1;0,1086525
447213,4;0,1086526
447230,1;0,1086407
447246,4;0,1086348
447263,6;0,108629
447280;0,108629
447296,1;0,1086099
447312,7;0,1085982
447329,2;0,1085951
447346;0,1085864
447363,3;0,1085864
447378,9;0,1085714
447395,5;0,1085627
447412;0,1085612
447429,2;0,1085453
447445,2;0,1085438
447461,7;0,1085306
447478,3;0,1085263
447494,9;0,1085233
447512,1;0,1085013
447528;0,1084955
447545,2;0,1084897
447561,1;0,1084853
447578,1;0,1084736
447594,5;0,1084618
447610,8;0,1084603
447627,4;0,1084531
447644,7;0,1084297
447660,5;0,1084194
447677,1;0,108418
447693,8;0,1084091
447710,4;0,1083973
447727,1;0,1083973
447743,3;0,1083944
447759,9;0,1083944
447776,5;0,1083798
447793,4;0,1083536
447809,6;0,1083404
447826,2;0,1083359
447842,9;0,1083214
447859,7;0,1083141
447875,9;0,1082994
447892,5;0,1082994
447909,1;0,1082833
447925,8;0,1082759
447942,2;0,1082627
447958,7;0,108251
447975,3;0,108241
447992,2;0,1082338
448008,4;0,1082191
448025;0,1082191
448041,6;0,1082016
448058,1;0,1081943
448074,8;0,1081885
448091,3;0,1081681
448107,8;0,1081491
448124,5;0,1081403
448141;0,1081403
448157,7;0,1081229
448174,1;0,1080937
448190,7;0,108085
448207,2;0,108079
448224,2;0,1080703
448240,3;0,1080425
448256,9;0,1080249
448273,5;0,1080161
448290;0,1080161
448306,8;0,1079942
448323,6;0,1079606
448339,8;0,1079533
448356,9;0,107943
448373,1;0,1079387
448389,5;0,1079358
448406;0,1079271
448422,6;0,1078921
448439,2;0,1078686
448455,7;0,1078657
448472,5;0,1078555
448489;0,1078555
448505,4;0,1078511
448522;0,1078366
448538,6;0,1078249
448555,1;0,1078205
448571,7;0,1078205
448588,3;0,1078016
448604,8;0,1077957
448621,4;0,1077885
448637,9;0,1077813
448654,5;0,1077696
448671,2;0,1077638
448687,7;0,1077536
448704,7;0,1077448
448720,9;0,1077361
448737,4;0,1077318
448753,9;0,1077318
448770,5;0,1077055
448787,1;0,1076953
448803,6;0,1076852
448820,5;0,1076852
448837,1;0,1076706
448853,3;0,1076531
448870,4;0,10764
448886,5;0,1076268
448903,1;0,1076194
448919,9;0,1075989
448936,2;0,1075859
448953;0,1075669
448969,4;0,1075552
448986,3;0,1075303
449002,4;0,1075303
449019;0,1075172
449035,6;0,1075128
449052,8;0,1074968
449068,7;0,1074489
449085,3;0,1074271
449102,8;0,1074083
449118,7;0,1073894
449134,9;0,107369
449151,5;0,1073559
449168,1;0,1073472
449184,7;0,1073384
449201,4;0,1073122
449217,8;0,1072949
449234,3;0,1072906
449250,9;0,107279
449267,5;0,1072703
449284,1;0,1072631
449300,6;0,1072458
449317,2;0,10724
449333,8;0,10724
449350,3;0,1072256
449366,9;0,1072214
449383,9;0,1072114
449400,3;0,107207
449417,2;0,1072026
449433,4;0,1071968
449450,3;0,1071939
449467;0,1071824
449482,8;0,107181
449499,5;0,1071739
449516;0,1071724
449532,7;0,1071724
449549,6;0,1071622
449565,8;0,1071551
449582,9;0,1071551
449598,8;0,1071465
449615,4;0,1071451
449632,7;0,107145
449648,5;0,1071422
449665,1;0,1071436
449681,7;0,1071379
449698,2;0,1071364
449715;0,1071279
449731,3;0,1071163
449748,4;0,107112
449764,5;0,1071062
449781,1;0,1071048
449797,6;0,1070975
449814,2;0,1070975
449831,1;0,1070933
449847,7;0,1070918
449864;0,1070876
449880,5;0,1070817
449897;0,1070774
449914;0,1070774
449930,2;0,1070746
449946,7;0,1070746
449964;0,1070732
449980,3;0,1070731
449996,4;0,1070717
450013;0,1070717
450029,7;0,1070674
450046,3;0,1070658
450062,7;0,1070572
450079,3;0,1070586
450095,8;0,1070572
450112,7;0,1070544
450129;0,1070558
450146,4;0,1070558
450162,1;0,1070558
450178,7;0,1070558
450195,2;0,1070544
450211,9;0,1070544
450228,4;0,1070501
450245,1;0,1070429
450261,6;0,1070429
450278,4;0,1070401
450294,9;0,1070401
450311,3;0,1070401
450327,8;0,1070372
450344,5;0,1070343
450361;0,1070343
450377,6;0,1070343
450394,5;0,1070329
450410,6;0,1070343
450427,2;0,1070357
450443,7;0,1070357
450460,5;0,1070285
450476,9;0,107027
450494,2;0,107027
450510;0,1070285
450526,6;0,1070256
450543,1;0,1070256
450559,7;0,1070256
450576,5;0,1070242
450592,8;0,1070256
450609,4;0,1070213
450626,1;0,1070185
450642,5;0,1070185
450659,3;0,1070185
450675,7;0,1070228
450692,3;0,1070213
450708,8;0,1070228
450725,3;0,1070228
450742,4;0,1070228
450758,5;0,1070242
450775,1;0,1070285
450792,1;0,1070299
450808,2;0,1070327
450824,8;0,1070356
450841,3;0,1070398
450857,9;0,1070455
450874,9;0,1070455
450891;0,1070455
450907,8;0,1070512
450924,2;0,1070512
450940,8;0,1070527
450957,3;0,1070527
450973,8;0,1070541
450991,1;0,1070671
451007,4;0,1070816
451023,6;0,1070873
451040,1;0,1070873
451056,7;0,107093
451073,3;0,1070973
451089,8;0,1071044
451106,4;0,1071158
451123,4;0,1071158
451139,8;0,1071201
451156,6;0,1071245
451172,6;0,1071302
451189,2;0,1071317
451205,8;0,1071374
451223,1;0,1071403
451238,9;0,1071431
451255,5;0,1071431
451272,1;0,1071561
451288,6;0,1071561
451305,5;0,1071603
451321,8;0,1071632
451338,3;0,1071646
451354,9;0,1071703
451371,5;0,1071703
451388,4;0,107176
451405,1;0,1071774
451421,2;0,1071788
451437,7;0,1071788
451454,3;0,1071788
451471,1;0,1071817
451487,4;0,1071874
451504;0,1071889
451520,5;0,1071874
451537,7;0,107186
451553,7;0,1071903
451570,3;0,1071903
451586,8;0,1071931
451603,4;0,1071946
451620;0,107196
451636,5;0,1071974
451653,1;0,1072045
451669,9;0,1072045
451686,2;0,1072046
451702,8;0,1072047
451719,4;0,1072047
451735,9;0,1072119
451752,5;0,1072119
451769,5;0,1072162
451785,9;0,1072219
451802,3;0,1072334
451818,8;0,107245
451835,3;0,1072479
451852,3;0,1072566
451868,4;0,1072669
451885;0,1072858
451901,6;0,1072961
451918,8;0,1073137
451934,7;0,1073137
451951,3;0,1073297
451967,9;0,1073589
451984,4;0,1073751
452001;0,1073751
452017,8;0,107416
452034,8;0,1074336
452051,2;0,1074336
452067,3;0,1074586
452084,4;0,1074878
452100,8;0,1075114
452116,9;0,1075348
452133,5;0,1075363
452150,1;0,1075597
452166,9;0,107589
452183,2;0,107589
452200,8;0,1076036
452216,3;0,1076095
452232,9;0,1076169
452249,5;0,1076286
452266,1;0,1076797
452282,6;0,1077282
452299,2;0,10775
452315,8;0,1077601
452332,5;0,1077747
452348,9;0,1077907
452365,5;0,1078069
452382,2;0,1078069
452398,8;0,1078201
452415,3;0,1078361
452432;0,1078534
452448,4;0,1078609
452465,1;0,107877
452481,4;0,1078856
452498;0,1079003
452514,6;0,1079178
452531,1;0,1079222
452548,1;0,1079426
452564,3;0,1079469
452580,8;0,1079512
452597,4;0,1079527
452614,1;0,1079715
452630,6;0,1079759
452647,4;0,1079904
452663,8;0,1080034
452680,3;0,1080122
452697;0,1080166
452713,3;0,1080166
452730,3;0,1080268
452746,5;0,1080341
452763,1;0,1080398
452779,6;0,1080427
452796,2;0,1080456
452812,9;0,1080646
452829,3;0,1080706
452846,1;0,108072
452862,5;0,1080778
452879,2;0,1080793
452895,6;0,108088
452912,1;0,1081041
452928,7;0,1081409
452945,9;0,1081467
452961,8;0,1081497
452978,4;0,1081818
452995;0,1081979
453011,6;0,1082053
453028,1;0,1082186
453044,7;0,1082186
453061,4;0,1082569
453077,8;0,1082716
453094,4;0,1082954
453111,7;0,1083089
453127,5;0,1083103
453144,1;0,1083558
453161,3;0,1083721
453177,2;0,1083896
453193,8;0,1084102
453210,4;0,1084339
453226,9;0,1084489
453243,5;0,1084489
453260;0,1084855
453277;0,1085135
453293,4;0,1085447
453309,8;0,1085581
453326,3;0,1085908
453342,9;0,1086056
453359,5;0,108635
453376;0,1086603
453392,6;0,108684
453409,3;0,1087076
453426;0,1087256
453442,3;0,1087434
453458,9;0,108773
453475,5;0,1087864
453492,2;0,1087864
453508,6;0,1087996
453525,2;0,1088041
453541,8;0,1088617
453558,3;0,108912
453574,9;0,1089312
453591,5;0,1089591
453608;0,1089724
453624,7;0,1089975
453641,5;0,1090152
453657,7;0,1090328
453674,4;0,1090328
453690,8;0,1090606
453707,4;0,1090811
453724;0,1091046
453740,6;0,1091236
453757,6;0,1091323
453773,7;0,1091396
453790,3;0,1091456
453806,8;0,1091559
453823,6;0,1091633
453840;0,1091707
453856,7;0,109175
453873,1;0,109175
453889,9;0,109175
453906,2;0,1091691
453923,7;0,1091662
453939,4;0,1091632
453955,9;0,1091632
453972,5;0,1091515
453989,1;0,1091515
454005,6;0,1091441
454022,8;0,1091411
454038,8;0,1091396
454055,9;0,1091308
454072;0,1091248
454088,5;0,1091248
454105;0,1091173
454121,6;0,1091143
454138,3;0,1091113
454154,8;0,1091113
454171,3;0,1091055
454187,9;0,1090816
454204,4;0,1090743
454221;0,1090669
454237,6;0,1090609
454254,7;0,109055
454270,7;0,1090507
454287,6;0,1090432
454303,8;0,1090417
454323,9;0,1090417
454340,5;0,1090417
454357,1;0,1090373
454373,9;0,1090358
454390,9;0,1090358
454407;0,1090358
454424,3;0,1090387
454439,9;0,1090387
454456,6;0,1090416
454473,1;0,1090416
454489,6;0,1090401
454506,2;0,1090401
454523;0,1090371
454539,4;0,1090371
454555,9;0,1090297
454573,2;0,1090341
454589,7;0,1090356
454605,6;0,1090429
454623;0,1090503
454638,7;0,1090533
454655,3;0,1090592
454672,3;0,1090651
454688,4;0,1090695
454705;0,1090739
454721,6;0,1090782
454738,1;0,109084
454754,7;0,109084
454771,3;0,1090885
454787,8;0,1090929
454804,4;0,1090959
454821;0,1090973
454838,1;0,1091031
454854,1;0,1091046
454870,7;0,1091031
454887,3;0,1091046
454903,8;0,1091046
454920,8;0,1091001
454936,9;0,1090957
454953,5;0,1090942
454970,8;0,1090928
454986,6;0,1090899
455003,2;0,1090899
455020;0,1090808
455036,3;0,1090808
455052,9;0,1090763
455069,5;0,1090703
455086,3;0,1090703
455102,6;0,1090597
455119,2;0,1090521
455136;0,1090521
455152,3;0,1090506
455168,8;0,1090506
455186,3;0,109043
455203;0,10904
455219,5;0,10904
455236;0,10904
455252,6;0,1090401
455269,2;0,1090477
455285,8;0,1090493
455302,3;0,1090476
455318,9;0,1090492
455336,3;0,1090554
455352;0,1090524
455368,6;0,109057
455385,1;0,1090584
455401,7;0,1090584
455418,6;0,1090614
455434,8;0,1090645
455451,4;0,1090645
455468;0,1090676
455485,3;0,109063
455501,4;0,1090569
455518,4;0,1090568
455534,3;0,1090507
455550,8;0,1090507
455567,4;0,1090431
455584;0,1090416
455600,8;0,1090416
455617,1;0,1090431
455633,8;0,1090386
455650,8;0,1090341
455666,8;0,1090326
455683,3;0,1090326
455700,4;0,1090326
455716,5;0,1090296
455733;0,1090281
455749,6;0,1090281
455766,2;0,1090312
455782,8;0,1090341
455799,7;0,1090356
455816,7;0,1090475
455832,4;0,1090535
455849;0,1090609
455865,7;0,1090669
455882,8;0,1090742
455899;0,1090847
455915,5;0,1090967
455931,8;0,1091027
455948,4;0,1091027
455965;0,109113
455981,5;0,1091295
455998,2;0,1091354
456014,7;0,1091354
456031,3;0,1091413
456048,2;0,1091413
456067,6;0,1091473
456084,3;0,1091547
456100,8;0,1091697
456118,2;0,1091996
456134;0,1092026
456151,2;0,1092099
456167;0,1092189
456184,1;0,1092279
456200,3;0,1092323
456216,8;0,1092397
456233,6;0,1092425
456249,8;0,1092456
456266,5;0,1092501
456283;0,1092589
456300;0,1092604
456316,4;0,1092693
456332,7;0,1092693
456349,3;0,1092753
456365,8;0,1092871
456382,9;0,1092915
456399;0,1093005
456415,5;0,109308
456432,5;0,1093184
456448,7;0,109323
456465,3;0,1093319
456481,8;0,1093319
456498,4;0,1093559
456515;0,1093712
456531,8;0,1093937
456548,1;0,1094222
456564,6;0,1094359
456581,8;0,1094572
456597,8;0,1094572
456614,6;0,1094769
456630,9;0,1095087
456647,5;0,1095239
456664;0,1095313
456680,6;0,1095313
456697,3;0,1095451
456714;0,1095556
456730,4;0,1095617
456746,8;0,1095981
456763,4;0,109639
456780,2;0,109654
456796,6;0,1096767
456813,2;0,1096918
456829,7;0,1097026
456846,3;0,1097239
456862,8;0,109739
456879,4;0,1097602
456896;0,1097786
456912,5;0,1097817
456929,1;0,1097907
456945,8;0,1098334
456962,2;0,1098334
456978,8;0,109882
456995,4;0,1098882
457011,9;0,1099172
457028,9;0,1099416
457045,1;0,1099645
457061,6;0,1099829
457078,3;0,1099829
457094,8;0,1100057
457111,3;0,1100347
457127,9;0,110047
457144,5;0,1100516
457161,5;0,1100516
457177,8;0,1100731
457194,2;0,1100807
457210,9;0,1100869
457227,3;0,1100961
457244,1;0,1100977
457260,4;0,1101054
457277;0,1101084
457293,7;0,1101099
457310,1;0,1101099
457326,7;0,1101084
457343,3;0,110113
457359,8;0,110113
457376,4;0,1101114
457393;0,1101131
457409,5;0,1101239
457426,4;0,1101331
457442,7;0,1101438
457459,9;0,1101469
457475,9;0,1101592
457492,4;0,1101809
457508,9;0,1101993
457526;0,1102208
457542,3;0,110233
457558,6;0,1102484
457575,2;0,1102545
457591,8;0,1102745
457608,7;0,1102854
457625,4;0,1103085
457641,4;0,1103177
457658;0,1103421
457674,6;0,1103713
457691,3;0,1103713
457707,8;0,1103773
457724,3;0,1104142
457740,9;0,1104323
457760,6;0,1104508
457777,2;0,1104508
457794;0,1104998
457810,3;0,1105182
457827;0,1105366
457843,5;0,1105443
457860;0,1105657
457876,6;0,1105919
457893,2;0,110595
457909,7;0,1106042
457926,3;0,1106396
457943,2;0,1106519
457959,5;0,1106627
457976;0,1106734
457992,7;0,1106734
458009,1;0,1106981
458025,7;0,1107444
458042,6;0,1107629
458058,8;0,1107813
458075,4;0,1107889
458091,9;0,1107967
458108,6;0,1108182
458125,1;0,1108352
458141,7;0,1108352
458158,4;0,1108552
458174,8;0,110869
458191,4;0,1108874
458207,9;0,1108982
458224,5;0,1109166
458241,1;0,1109226
458257,6;0,1109472
458274,5;0,1109686
458290,8;0,1109794
458307,3;0,1110039
458323,9;0,1110145
458340,5;0,1110237
458357,3;0,1110344
458373,6;0,111059
458390,2;0,111059
458406,8;0,1110775
458423,3;0,1111053
458439,9;0,111113
458456,4;0,1111206
458473,4;0,1111453
458489,6;0,1111529
458506,1;0,111156
458522,7;0,111156
458539,6;0,1111668
458555,8;0,1111714
458573;0,1111713
458589,2;0,1111759
458605,5;0,1111743
458622,1;0,1111743
458638,7;0,1111804
458655,5;0,1111805
458672,2;0,1111927
458688,5;0,111202
458704,9;0,1112068
458721,5;0,1112068
458738,8;0,1112067
458754,6;0,1112005
458771,2;0,1111958
458787,9;0,1111852
458804,3;0,1111806
458821,1;0,1111638
458837,5;0,1111455
458854,6;0,1111379
458870,6;0,1111302
458887,2;0,1111287
458903,7;0,1111054
458920,5;0,1110947
458936,8;0,1110823
458953,4;0,1110746
458970,1;0,1110593
458986,6;0,1110517
459003,3;0,1110517
459019,7;0,1110224
459036,3;0,1110194
459053,4;0,1110117
459069,4;0,1110055
459086,6;0,1109964
459103,4;0,1109843
459119,1;0,1109827
459135,7;0,1109827
459152,2;0,1109827
459169,2;0,1109841
459185,4;0,110984
459201,9;0,110984
459218,5;0,1109855
459235,6;0,1109855
459251,7;0,1109839
459268,2;0,1109839
459284,8;0,1109824
459301,5;0,1109779
459317,9;0,1109888
459334,5;0,1109948
459351,8;0,1109964
459367,8;0,111001
459384,6;0,111001
459400,8;0,1110087
459417,3;0,1110042
459434,3;0,1110011
459450,6;0,1110026
459473,3;0,1109964
459490,1;0,1109872
459506,4;0,1109841
459523;0,1109794
459539,8;0,1109716
459556,2;0,1109717
459572,7;0,1109701
459589,2;0,1109655
459605,8;0,1109655
459623;0,1109653
459638,9;0,1109591
459655,6;0,1109499
459672,1;0,1109499
459689,4;0,1109469
459705,2;0,1109392
459721,8;0,1109377
459738,6;0,1109377
459754,9;0,1109284
459771,5;0,1109269
459788,1;0,1109224
459804,6;0,1109131
459821,6;0,1109069
459838,3;0,1109069
459854,3;0,1109053
459871,3;0,1108993
459888,3;0,1108993
459904;0,1108898
459920,6;0,1108882
459937,1;0,110879
459953,7;0,1108682
459970,8;0,1108528
459986,8;0,1108528
460003,6;0,110842
460020,3;0,1108404
460036,6;0,1108374
460053,1;0,1108358
460069,7;0,1108296
460086,5;0,1108296
460102,8;0,1108281
460119,4;0,1108235
460136;0,1108188
460152,5;0,1108188
460169,1;0,1108171
460185,6;0,1108187
460202,2;0,1108233
460219,4;0,1108264
460235,5;0,1108247
460251,9;0,1108232
460268,5;0,1108184
460285;0,11082
460301,9;0,1108185
460318,2;0,1108185
460336,2;0,1108185
460352,8;0,1108169
460369,4;0,1108169
460385,9;0,1108183
460402,5;0,1108152
460419,1;0,1108135
460435,6;0,1108136
460452,3;0,1108151
460468,8;0,110809
460485,3;0,1108029
460501,9;0,1108029
460518,5;0,1108029
460535;0,1108014
460551,6;0,1107968
460568,2;0,1107968
460584,8;0,1108
460601,3;0,1108017
460617,8;0,1107924
460634,4;0,1107924
460651;0,110797
460668;0,110797
460684,7;0,1107953
460700,7;0,1107999
460717,8;0,1107999
460733,9;0,1107937
460750,5;0,110803
460767;0,1108045
460783,6;0,1107984
460800,8;0,110806
460816,7;0,1108089
460833,2;0,110818
460850,1;0,110818
460866,4;0,1108165
460882,9;0,110815
460899,5;0,1108105
460916,6;0,1108105
460932,7;0,110809
460949,2;0,110806
460966,6;0,1108014
460982,3;0,1108
460998,9;0,1108
461015,7;0,1107816
461032;0,1107724
461048,6;0,1107647
461065,2;0,1107601
461081,7;0,1107524
461098,5;0,1107432
461115,3;0,1107356
461131,4;0,110728
461148;0,1107233
461167,1;0,1107218
461183,6;0,110711
461200,3;0,110711
461216,8;0,1107003
461233,6;0,1106759
461249,9;0,1106651
461266,4;0,1106652
461283;0,1106482
461299,6;0,1106498
461316,3;0,1106359
461332,9;0,1106205
461349,3;0,1106098
461366,3;0,1105959
461382,8;0,1105868
461399;0,1105699
461415,6;0,1105622
461432,1;0,1105499
461448,8;0,1105346
461465,3;0,1105192
461481,8;0,1105131
461498,4;0,1105024
461515;0,1104932
461531,5;0,1104809
461548,1;0,1104731
461565,3;0,110464
461581,2;0,1104472
461598,1;0,1104426
461614,3;0,1104257
461630,9;0,110415
461647,5;0,1104028
461664,1;0,1104028
461680,6;0,1103828
461697,2;0,1103765
461713,8;0,1103765
461730,4;0,1103474
461747,6;0,1103335
461763,5;0,1103181
461780;0,1103166
461796,6;0,1103073
461813,2;0,1103073
461829,7;0,1103043
461846,3;0,1102919
461862,8;0,1102583
461879,4;0,1102323
461896;0,1102247
461912,6;0,1102094
461929,1;0,1102001
461945,7;0,1101985
461962,3;0,1101955
461978,8;0,1101631
461995,4;0,1101524
462012,6;0,1101339
462028,5;0,1101232
462045,3;0,1101047
462061,7;0,1101017
462078,2;0,1100879
462094,8;0,1100665
462111,9;0,1100665
462127,9;0,1100541
462144,5;0,1100266
462161;0,1100144
462177,6;0,1100097
462194,2;0,1100097
462210,8;0,1099713
462227,3;0,1099607
462243,9;0,1099438
462260,4;0,1099347
462277,3;0,1099178
462293,6;0,109904
462310,2;0,109884
462326,7;0,1098764
462343,3;0,1098764
462359,8;0,1098566
462376,4;0,1098305
462393;0,1098122
462409,5;0,1098122
462426,1;0,109803
462442,7;0,109803
462459,3;0,1097968
462476,4;0,1097906
462492,4;0,1097784
462508,9;0,1097431
462525,5;0,1097139
462542,1;0,1097016
462558,7;0,1097016
462575,2;0,1096678
462591,8;0,1096539
462608,3;0,1096386
462624,9;0,1096188
462642,5;0,1096081
462658,4;0,1095881
462675,6;0,1095789
462691,2;0,109565
462707,7;0,1095528
462724,5;0,1095528
462741;0,1095344
462757,4;0,1095251
462774;0,1095236
462790,6;0,109516
462807,2;0,1095115
462823,7;0,1095084
462841,9;0,1095054
462858,5;0,1095039
462875;0,1094994
462891,6;0,1094979
462908,2;0,1094964
462924,8;0,1094934
462941,7;0,1094934
462958,5;0,1094919
462974,8;0,1094919
462991;0,1094858
463007,6;0,1094888
463024,6;0,1094858
463040,7;0,1094873
463057,3;0,1094858
463073,8;0,1094858
463090,4;0,1094843
463107;0,1094843
463123,5;0,1094828
463140,1;0,1094768
463156,7;0,1094692
463173,4;0,1094662
463190;0,1094603
463206,4;0,1094588
463223;0,1094588
463239,5;0,1094543
463256,1;0,1094513
463272,7;0,1094497
463289,2;0,1094467
463305,8;0,1094407
463322,3;0,1094363
463339,6;0,1094318
463355,6;0,1094303
463372,5;0,1094303
463388,8;0,1094273
463405,3;0,1094183
463421,8;0,1094183
463438,3;0,1094153
463454,9;0,1094032
463471,4;0,1094017
463488;0,1093942
463504,8;0,1093942
463521,2;0,1093838
463537,7;0,1093764
463554,9;0,1093674
463570,8;0,1093674
463587,4;0,1093644
463604,1;0,10936
463620,5;0,1093466
463637,1;0,109339
463653,7;0,109339
463670,3;0,1093345
463686,8;0,1093256
463704,4;0,1093181
463721;0,1093181
463737,6;0,1093137
463754,2;0,1093122
463770,9;0,1093047
463788;0,1092882
463803,9;0,1092837
463820,4;0,1092763
463837;0,1092748
463853,6;0,1092733
463870,2;0,1092703
463886,7;0,1092689
463903,3;0,1092628
463919,8;0,1092613
463936,4;0,1092628
463953,4;0,1092568
463970;0,1092553
463986,1;0,1092538
464002,7;0,1092478
464019,3;0,1092492
464035,8;0,1092417
464052,3;0,1092387
464068,9;0,1092372
464085,5;0,1092372
464102,1;0,1092387
464118,6;0,1092342
464135,3;0,1092342
464151,8;0,1092312
464168,5;0,1092267
464184,9;0,1092267
464202,2;0,1092193
464218,1;0,1092178
464234,6;0,1092163
464251,2;0,1092148
464267,7;0,1092133
464284,8;0,1092133
464300,8;0,1092163
464318;0,1092118
464334;0,1092119
464350,6;0,1092104
464367,3;0,1092104
464384,2;0,1092089
464400,3;0,1092104
464417,2;0,1092074
464433,7;0,1092074
464449,9;0,1092
464467,4;0,1092015
464483,1;0,1092
464499,7;0,1091985
464516,3;0,1091985
464532,8;0,1091955
464549,4;0,109194
464567,4;0,109191
464582,9;0,109194
464599,1;0,109191
464615,7;0,1091895
464632,2;0,1091925
464648,8;0,109191
464665,3;0,109191
464681,9;0,109185
464698,5;0,109185
464715;0,109182
464731,6;0,109182
464748,1;0,1091775
464765,1;0,109176
464781,3;0,1091759
464797,8;0,1091759
464814,4;0,1091729
464831;0,1091759
464847,6;0,1091729
464864,6;0,1091744
464880,8;0,1091744
464897,3;0,1091774
464913,9;0,1091759
464930,4;0,1091759
464947;0,109176
464963,5;0,1091715
464980,1;0,1091745
464996,7;0,1091745
465013,3;0,1091745
465029,8;0,1091745
465046,3;0,109173
465063,4;0,1091685
465079,5;0,1091686
465096;0,1091671
465113,2;0,1091671
465129,2;0,1091701
465146,1;0,1091716
465162,3;0,1091656
465179,1;0,1091672
465195,7;0,1091672
465212;0,1091656
465228,6;0,1091613
465245,5;0,1091598
465261,8;0,1091583
465278,3;0,1091539
465294,9;0,1091509
465311,4;0,1091509
465328;0,1091509
465344,9;0,1091509
465361,1;0,109145
465377,7;0,1091434
465394,3;0,1091434
465411;0,1091389
465427,5;0,1091404
465451,7;0,1091419
465460,5;0,1091449
465477,1;0,109139
465493,9;0,1091405
465510,2;0,1091391
465527,4;0,1091361
465543,5;0,1091361
465559,9;0,1091361
465576,8;0,1091361
465593,1;0,1091332
465609,6;0,1091316
465626,2;0,1091331
465642,8;0,1091331
465659,3;0,1091272
465675,9;0,1091272
465692,4;0,1091287
465709;0,1091184
465725,6;0,1091199
465742,4;0,10912
465758,7;0,109114
465775,3;0,1091125
465792,7;0,109111
465808,4;0,109111
465825;0,109111
465841,6;0,109108
465858,1;0,1090978
465874,7;0,1090978
465891,3;0,1090918
465907,8;0,1090903
465924,4;0,1090903
465940,9;0,10908
465957,6;0,1090756
465974,3;0,1090726
465990,7;0,1090696
466007,9;0,1090696
466023,9;0,1090607
466040,3;0,1090592
466057,2;0,1090518
466073,5;0,1090473
466090,1;0,1090473
466106,6;0,1090428
466123,2;0,1090368
466139,8;0,1090323
466156,3;0,1090293
466172,9;0,109025
466189,4;0,1090235
466206;0,1090235
466223,3;0,1090086
466239,8;0,1090042
466255,9;0,1089938
466272,3;0,1089908
466288,8;0,1089908
466305,4;0,1089879
466322,1;0,1089849
466338,6;0,1089789
466355,1;0,1089715
466371,8;0,1089625
466388,3;0,1089595
466404,8;0,1089595
466421,4;0,108952
466438;0,108952
466454,5;0,1089429
466471,5;0,1089429
466488,6;0,1089384
466504,5;0,108937
466521,3;0,1089355
466537,3;0,1089325
466554,3;0,1089325
466571;0,1089325
466587;0,108928
466604,2;0,1089265
466620,2;0,1089265
466636,8;0,1089235
466653,4;0,108925
466670,3;0,108928
466686,8;0,108928
466703;0,1089265
466719,6;0,108925
466736,2;0,108925
466752,7;0,1089235
466769,3;0,1089235
466785,8;0,1089279
466802,4;0,108922
466819,2;0,108922
466835,6;0,108922
466852,6;0,108922
466868,7;0,108922
466885,3;0,108925
466901,8;0,108925
466918,5;0,1089235
466934,9;0,1089265
466951,8;0,108925
466968,1;0,1089265
466984,7;0,1089249
467001,2;0,1089131
467017,8;0,1089101
467034,4;0,1089101
467050,9;0,1089086
467067,8;0,1089086
467084,5;0,1089115
467101,1;0,108916
467117,2;0,1089205
467133,9;0,108919
467150,4;0,1089234
467166,9;0,1089279
467183,6;0,1089324
467200;0,1089354
467216,6;0,1089427
467233,2;0,1089457
467249,7;0,1089457
467266,3;0,1089532
467282,9;0,1089576
467299,4;0,1089651
467316;0,1089681
467332,6;0,1089741
467349,1;0,1089741
467365,7;0,1089756
467382,3;0,1089905
467398,8;0,1089934
467415,4;0,1089995
467432;0,108998
467448,7;0,109004
467465,1;0,109004
467481,7;0,1090114
467498,2;0,1090202
467514,8;0,1090277
467531,3;0,1090292
467547,9;0,1090292
467564,5;0,1090336
467581,1;0,1090336
467597,6;0,1090336
467614,2;0,1090425
467630,9;0,1090589
467647,8;0,1090737
467663,9;0,1090827
467680,4;0,1090915
467697,2;0,1090975
467713,8;0,1091064
467730,2;0,1091094
467747,4;0,1091094
467763,4;0,1091257
467779,8;0,1091317
467796,4;0,1091377
467813,6;0,1091407
467829,6;0,1091437
467846,5;0,109157
467862,7;0,1091659
467880,2;0,1091703
467895,8;0,1091762
467912,4;0,1091823
467929;0,1091897
467945,5;0,1091941
467962,2;0,1092
467978,6;0,109209
467995,2;0,1092149
468012,7;0,1092164
468028,6;0,1092164
468049,8;0,1092253
468061,5;0,1092343
468078,1;0,1092373
468095;0,1092433
468111,2;0,1092433
468127,8;0,1092507
468144,4;0,1092537
468160,9;0,1092627
468177,6;0,10927
468194,4;0,109273
468210,6;0,109273
468227,2;0,1092774
468243,7;0,1092804
468260,3;0,1092923
468277;0,1093071
468293,4;0,109316
468310;0,109319
468326,5;0,109319
468343,1;0,1093294
468359,7;0,1093324
468376,3;0,1093368
468392,8;0,1093398
468409,4;0,1093398
468426;0,1093518
468442,5;0,1093518
468459,1;0,1093578
468475,9;0,1093593
468492,3;0,1093622
468508,8;0,1093637
468525,5;0,1093652
468542,4;0,1093652
468558,7;0,1093682
468575;0,1093712
468591,8;0,1093727
468608,2;0,1093728
468624,8;0,1093728
468641,3;0,1093729
468657,9;0,1093729
468674,4;0,1093669
468691;0,1093654
468707,6;0,1093655
468724,2;0,1093655
468741;0,109364
468757,3;0,1093596
468773,9;0,1093566
468790,4;0,1093566
468807;0,1093566
468824,3;0,1093552
468840,1;0,1093537
468856,9;0,1093552
468873,4;0,1093537
468889,8;0,1093537
468908,5;0,1093522
468922,9;0,1093477
468939,5;0,1093462
468956,4;0,1093462
468972,7;0,1093433
468989,2;0,1093447
469005,8;0,1093492
469023;0,1093477
469038,9;0,1093492
469055,8;0,1093492
469072,1;0,1093447
469088,6;0,1093432
469105,7;0,1093387
469122,1;0,1093327
469138,3;0,1093299
469154,9;0,1093269
469171,4;0,1093194
469188,5;0,1093134
469204,6;0,1093046
469221,6;0,1092957
469237,7;0,1092957
469254,3;0,1092883
469270,8;0,1092823
469287,4;0,1092734
469304;0,1092689
469321;0,1092586
469337,1;0,109254
469353,7;0,1092452
469370,7;0,1092332
469387,3;0,1092332
469403,4;0,1092214
469419,9;0,1092096
469436,5;0,1092067
469453,1;0,1092052
469469,9;0,1092022
469486,3;0,1091978
469502,8;0,1091918
469520,3;0,1091918
469535,9;0,1091815
469552,7;0,1091622
469569,1;0,1091533
469585,6;0,1091533
469602,7;0,1091429
469619,2;0,1091384
469635,3;0,109131
469651,9;0,1091235
469668,5;0,1091235
469685;0,1091057
469701,8;0,1090968
469718,6;0,109091
469734,8;0,1090865
469751,3;0,1090835
469770,7;0,1090656
469787,2;0,1090612
469803,8;0,1090524
469820,4;0,1090524
469837,2;0,1090345
469853,8;0,109033
469870,3;0,1090211
469886,6;0,1090153
469903,2;0,1090153
469919,9;0,1090005
469936,3;0,108996
469952,9;0,1089871
469969,4;0,1089871
469986,1;0,1089841
470002,8;0,1089723
470019,2;0,1089723
470035,8;0,1089634
470052,3;0,1089516
470069;0,1089471
470085,4;0,1089412
470102;0,1089382
470118,6;0,1089382
470135,1;0,1089339
470151,7;0,1089339
470168,4;0,1089294
470185,1;0,1089145
470201,4;0,1089041
470218,4;0,1088894
470234,5;0,1088879
470251,2;0,108882
470267,7;0,1088776
470284,3;0,1088717
470301,1;0,1088657
470317,3;0,1088597
470334;0,1088582
470350,8;0,1088582
470367,1;0,1088509
470383,6;0,1088479
470400,2;0,1088419
470416,8;0,1088405
470433,4;0,108833
470449,9;0,108833
470466,6;0,1088256
470483;0,1088256
470499,8;0,1088241
470516,6;0,1088196
470532,8;0,1088181
470549,3;0,1088167
470565,8;0,1088122
470584;0,1088047
470600,7;0,1088032
470617,1;0,1087987
470633,6;0,1087972
470650,2;0,1087972
470666,8;0,1087972
470683,3;0,1087971
470699,9;0,1087986
470716,5;0,1088016
470733,1;0,1088001
470749,6;0,1087986
470766,2;0,1087986
470783,1;0,1087971
470799,7;0,1087956
470816,2;0,1087986
470832,5;0,108806
470849;0,108806
470865,6;0,108812
470882,2;0,1088164
470898,7;0,1088179
470915,3;0,1088209
470932,2;0,1088209
470948,4;0,1088254
470965,2;0,1088374
470981,5;0,1088419
470998,3;0,1088479
471014,7;0,1088479
471031,3;0,1088508
471047,9;0,1088523
471064,4;0,1088523
471081;0,108854
471097,8;0,108851
471114,1;0,1088525
471130,7;0,108851
471147,2;0,1088509
471163,9;0,108848
471180,5;0,108848
471197,3;0,1088466
471213,5;0,1088407
471230;0,1088362
471246,8;0,1088377
471263,3;0,1088377
471279,8;0,1088259
471296,4;0,1088201
471313;0,1088201
471329,4;0,1088157
471346,1;0,1088157
471362,7;0,108804
471379,2;0,1088025
471395,8;0,108801
471412,3;0,108801
471429,4;0,1087997
471445,4;0,1087967
471469,9;0,1087805
471478,5;0,1087732
471495,2;0,108766
471512,4;0,1087615
471528,3;0,1087555
471544,8;0,1087482
471561,4;0,1087454
471578;0,1087364
471594,8;0,1087263
471611,7;0,1087263
471627,7;0,1087043
471644,2;0,1086984
471661,1;0,1086897
471677,4;0,1086793
471693,9;0,1086691
471710,5;0,1086677
471727,1;0,1086603
471743,6;0,1086486
471760,2;0,1086441
471776,8;0,1086369
471793,8;0,1086251
471809,9;0,1086134
471826,4;0,1086061
471843;0,1085944
471859,6;0,1085886
471876,2;0,1085812
471893;0,1085812
471909,3;0,1085665
471925,9;0,1085564
471942,7;0,1085417
471959,2;0,1085285
471975,6;0,1085168
471992,7;0,1085036
472008,7;0,1084949
472025,3;0,108479
472041,8;0,108479
472058,4;0,1084731
472074,9;0,1084688
472091,7;0,1084614
472108,1;0,1084322
472124,7;0,1084117
472141,3;0,1084117
472158,5;0,1083956
472174,3;0,1083737
472190,9;0,1083635
472207,5;0,1083592
472224,1;0,1083503
472241;0,1083284
472257,2;0,1083122
472273,8;0,1083048
472290,4;0,108299
472306,9;0,1082903
472328,4;0,1082698
472343,3;0,1082523
472359,9;0,1082378
472376,4;0,1082378
472393;0,1081997
472409,6;0,1082011
472426,6;0,1081779
472442,8;0,1081561
472459,3;0,1081385
472475,9;0,1081297
472492,6;0,1081151
472509;0,108102
472525,8;0,1080831
472542,1;0,1080743
472559,2;0,1080743
472575,3;0,1080509
472591,8;0,108029
472608,4;0,1080188
472625,3;0,1080056
472641,6;0,1079809
472658,7;0,1079678
472674,9;0,1079678
472691,2;0,107959
472708,5;0,1079503
472724,3;0,1079503
472741,5;0,1079182
472757,5;0,1078771
472774,4;0,1078552
472790,6;0,1078333
472807,2;0,1078216
472823,8;0,1078026
472840,4;0,1077778
472857;0,1077515
472873,5;0,1077515
472890;0,1077251
472906,6;0,1077002
472923,2;0,1076739
472939,7;0,1076445
472956,3;0,107627
472972,8;0,1076123
472989,4;0,107602
473006;0,10758
473022,6;0,1075465
473039,1;0,1075189
473055,8;0,1075058
473072,3;0,1074852
473088,8;0,1074648
473105,4;0,1074576
473121,9;0,1074342
473138,5;0,1074284
473155,9;0,1074109
473171,7;0,1074036
473188,3;0,1074036
473204,8;0,1073933
473221,3;0,1073876
473237,9;0,1073817
473254,5;0,1073788
473271,1;0,1073788
473287,6;0,1073788
473304,2;0,1073743
473320,8;0,1073714
473337,4;0,1073684
473353,9;0,1073684
473370,4;0,1073699
473387,3;0,1073713
473403,6;0,1073654
473420,7;0,1073713
473437,1;0,1073756
473453,3;0,1073757
473469,8;0,1073773
473486,4;0,1073832
473503;0,1073846
473519,6;0,1073876
473536,1;0,107389
473552,7;0,107395
473569,3;0,1074052
473586,3;0,1074052
473602,4;0,1074082
473619,9;0,1074112
473635,8;0,107417
473652,1;0,1074257
473668,6;0,1074302
473685,3;0,1074374
473701,8;0,1074418
473718,4;0,1074418
473735;0,1074418
473751,5;0,1074448
473768;0,107461
473784,6;0,1074668
473801,2;0,1074727
473817,8;0,1074785
473834,4;0,1074844
473850,9;0,1074844
473867,5;0,1074889
473884,8;0,1075006
473900,8;0,1075138
473917,2;0,107521
473933,7;0,107521
473950,3;0,1075327
473966,8;0,1075327
473983,8;0,1075401
474000,2;0,1075401
474016,8;0,1075576
474033,8;0,1075912
474054,4;0,1076042
474066,3;0,1076072
474083;0,1076072
474099,8;0,1076189
474116;0,1076189
474132,5;0,1076246
474149,2;0,107632
474165,8;0,1076377
474182,2;0,107645
474198,9;0,107645
474215,3;0,1076625
474231,9;0,1076654
474248,5;0,1076757
474265;0,1076918
474281,9;0,1077051
474298,2;0,1077121
474314,8;0,1077254
474331,3;0,1077414
474348,3;0,1077517
474364,4;0,1077517
474381;0,1078001
474397,6;0,1078118
474414,2;0,107828
474430,7;0,1078322
474447,3;0,107854
474463,8;0,1078759
474480,4;0,1078979
474497;0,1079125
474514,2;0,1079243
474530,5;0,1079373
474546,7;0,1079388
474563,6;0,107977
474579,8;0,107996
474596,4;0,1080004
474612,9;0,1080106
474629,9;0,1080106
474646,8;0,1080209
474662,7;0,1080647
474679,2;0,1081028
474695,9;0,1081219
474712,3;0,1081498
474728,9;0,1081645
474745,8;0,1081806
474762,1;0,1081806
474778,6;0,1082041
474795,2;0,108238
474811,8;0,1082628
474828,3;0,108273
474845;0,1083038
474861,8;0,1083375
474878;0,1083508
474894,8;0,1083757
474911,3;0,1083757
474932,8;0,1084008
474944,7;0,1084343
474961,3;0,1084636
474978,1;0,1084901
474994,3;0,108505
475011,1;0,1085254
475027,5;0,1085298
475044,1;0,108584
475060,6;0,1086134
475077,2;0,1086342
475093,8;0,1086342
475110,3;0,1086665
475127,5;0,1087049
475143,7;0,108718
475160;0,1087443
475176,9;0,1087443
475193,2;0,108759
475209,8;0,1087917
475226,3;0,1088064
475242,8;0,1088079
475260,4;0,1088211
475276;0,1088211
475292,6;0,1088494
475309,1;0,108873
475325,7;0,1088967
475343;0,1089055
475358,9;0,1089143
475375,4;0,1089292
475392;0,1089439
475408,9;0,1089498
475425,1;0,1089587
475442,2;0,1089704
475458,9;0,1089881
475475,3;0,1089912
475491,4;0,1090061
475507,9;0,109012
475525,3;0,109012
475541;0,1090401
475557,8;0,1090505
475574,2;0,1090567
475591,5;0,1090717
475607,3;0,1090717
475624,3;0,1091089
475640,5;0,1091119
475657;0,1091297
475673,6;0,1091447
475690,5;0,1091595
475706,7;0,1091685
475723,5;0,1091773
475739,9;0,1091773
475756,5;0,1092039
475773;0,1092084
475796;0,1092203
475809,8;0,1092427
475826,3;0,109253
475842,9;0,1092722
475859,6;0,1092826
475876;0,1092901
475892,9;0,1092975
475909,2;0,1092975
475925,8;0,109302
475942,3;0,1093139
475958,9;0,1093349
475975,6;0,1093514
475992;0,1093649
476008,6;0,1093649
476026,4;0,1093738
476044,8;0,10939
476061,3;0,1094183
476078,4;0,1094331
476095,4;0,1094522
476111,9;0,1094628
476128,3;0,1094746
476144,7;0,1094807
476161,3;0,1095014
476177,8;0,1095236
476194,4;0,1095429
476211;0,1095429
476227,6;0,1095579
476244,1;0,1095699
476260,7;0,1095817
476277,6;0,1095967
476293,8;0,1096058
476310,4;0,1096103
476327;0,1096148
476343,5;0,1096222
476360,1;0,1096283
476377,7;0,1096329
476394,6;0,1096406
476411;0,1096406
476427,4;0,1096452
476445,4;0,1096556
476462;0,1096632
476478,5;0,1096693
476495,5;0,1096768
476511,7;0,1096798
476528,9;0,1096798
476544,8;0,1096829
476561,8;0,1096829
476578,2;0,1096889
476594,8;0,1096994
476612,5;0,1097102
476641,6;0,1097208
476658,2;0,1097299
476674,8;0,1097329
476691,3;0,1097329
476707,8;0,1097451
476724,4;0,1097466
476741;0,1097526
476757,6;0,1097526
476774,1;0,1097558
476790,7;0,1097649
476807,8;0,1097695
476824,7;0,1097726
476841,1;0,1097726
476857;0,1097772
476873,7;0,1097864
476890,3;0,1097941
476906,9;0,1098002
476923,6;0,1098032
476940,1;0,1098094
476956,7;0,109814
476973,3;0,1098171
476990,2;0,1098279
477006,3;0,1098295
477023;0,1098325
477039,5;0,1098371
477056,1;0,1098447
477073,4;0,1098507
477089,2;0,1098629
477105,8;0,1098676
477122,3;0,1098736
477138,9;0,1098782
477155,5;0,1098828
477172;0,1098828
477188,6;0,1098905
477205,2;0,1098967
477222;0,1099261
477238,3;0,1099292
477254,8;0,1099369
477271,8;0,1099506
477288;0,1099536
477304,8;0,1099642
477321,1;0,109969
477337,7;0,1099858
477354,6;0,1099965
477370,9;0,1099965
477387,4;0,1100257
477404;0,1100317
477420,5;0,1100453
477437,6;0,110053
477454;0,1100685
477470,6;0,1100685
477486,8;0,1100731
477511,7;0,1101036
477528,3;0,110119
477544,8;0,110119
477561,4;0,1101327
477578,3;0,1101478
477594,5;0,1101586
477611,1;0,1101616
477627,7;0,1101616
477644,2;0,1101755
477660,8;0,1101907
477677,4;0,1102014
477693,9;0,1102014
477710,5;0,1102092
477727,1;0,1102368
477743,9;0,1102476
477760,4;0,1102538
477776,9;0,1102538
477793,6;0,1102767
477810,3;0,1102767
477826,5;0,1102844
477843,2;0,1102873
477859,6;0,1102997
477876,4;0,1103211
477892,8;0,1103581
477909,3;0,1103627
477925,9;0,1103764
477942,4;0,1103902
477959,7;0,1103949
477975,6;0,1104072
477992,1;0,1104072
478008,9;0,1104163
478025,3;0,1104286
478041,8;0,1104378
478058,4;0,1104363
478074,9;0,1104363
478091,8;0,1104407
478108,1;0,1104437
478124,7;0,1104437
478141,6;0,1104437
478158;0,1104422
478174,8;0,1104422
478190,9;0,1104407
478207,5;0,1104407
478224,1;0,1104437
478241,3;0,1104436
478257,2;0,1104451
478273,8;0,110442
478290,4;0,1104405
478307,3;0,1104404
478323,5;0,110442
478340;0,110445
478360;0,110448
478376,7;0,1104434
478393,2;0,1104434
478409,8;0,110448
478426,8;0,1104448
478443,2;0,1104463
478459,5;0,1104494
478476;0,1104494
478492,6;0,1104479
478509,2;0,1104508
478525,7;0,1104524
478542,3;0,1104525
478559,3;0,1104541
478576,1;0,1104556
478592,4;0,1104494
478608,6;0,1104494
478625,1;0,1104462
478641,8;0,1104417
478658,3;0,1104403
478674,8;0,1104434
478691,4;0,110445
478708;0,110445
478724,5;0,1104465
478741,1;0,110445
478758,1;0,1104435
478774,3;0,1104465
478790,8;0,1104435
478807,4;0,1104404
478824,1;0,1104389
478841;0,1104327
478857,3;0,1104327
478873,6;0,110431
478890,2;0,1104203
478906,9;0,1104157
478923,8;0,1104111
478939,9;0,110411
478956,5;0,1104094
478973,3;0,1104062
478989,6;0,110397
479006,2;0,110397
479023;0,110397
479039,4;0,1103864
479055,9;0,1103773
479072,6;0,1103728
479089;0,1103728
479105,6;0,1103698
479122,2;0,1103667
479138,7;0,1103575
479155,4;0,110333
479171,8;0,1103237
479188,6;0,1103206
479205,5;0,1103143
479221,9;0,1103128
479241,3;0,1103019
479258,1;0,1102928
479274,5;0,1102806
479291;0,110276
479307,7;0,1102715
479324,2;0,1102653
479340,7;0,11025
479357,3;0,1102423
479373,9;0,1102284
479390,5;0,1102284
479407;0,1102192
479423,6;0,1102071
479440,2;0,110201
479456,7;0,1101856
479473,8;0,1101795
479489,8;0,1101765
479506,6;0,1101673
479523;0,1101457
479539,6;0,1101412
479556,2;0,1101305
479572,7;0,1101305
479589,4;0,1101074
479605,8;0,1101013
479622,4;0,110086
479639;0,1100738
479655,5;0,1100599
479672,3;0,1100476
479688,6;0,110043
479705,2;0,110043
479721,8;0,1100307
479738,7;0,1100215
479754,9;0,1100215
479771,5;0,1100139
479788,8;0,1099802
479804,7;0,1099345
479821,2;0,1099145
479838;0,1099054
479854,5;0,1098855
479871,3;0,1098855
479887,4;0,1098671
479904;0,1098456
479920,6;0,1098272
479937,2;0,1098105
479954;0,1097966
479970,5;0,109789
479986,8;0,1097813
480003,4;0,1097706
480020;0,109769
480036,6;0,1097658
480053,3;0,1097658
480070,1;0,1097764
480091,6;0,1097781
480108,2;0,1097919
480124,7;0,1097981
480141,3;0,1098103
480157,9;0,1098211
480175,2;0,1098318
480191;0,1098471
480207,6;0,1098579
480224,2;0,1098579
480240,7;0,1098671
480257,5;0,1098856
480273,8;0,1098933
480290,4;0,1098964
480307;0,1098994
480323,6;0,109915
480340,8;0,1099257
480356,7;0,1099257
480373,3;0,1099334
480390;0,1099334
480406,4;0,1099412
480423,3;0,109958
480439,5;0,1099748
480456,1;0,1099856
480472,6;0,1099918
480489,2;0,110001
480505,8;0,1100087
480522,3;0,1100195
480538,9;0,1100195
480555,5;0,1100345
480572,5;0,1100468
480588,8;0,110056
480605,2;0,1100607
480621,8;0,1100744
480638,3;0,1100775
480654,9;0,1100805
480671,7;0,1100805
480688;0,1100819
480704,6;0,1100819
480721,2;0,1100787
480737,7;0,1100726
480754,6;0,1100695
480770,8;0,1100665
480787,4;0,1100665
480804,7;0,1100635
480820,6;0,110062
480837,1;0,1100575
480854,3;0,1100575
480870,3;0,1100545
480887;0,110056
480903,4;0,1100545
480920,2;0,1100545
480936,5;0,1100545
480954;0,1100529
480977,1;0,1100453
480993,7;0,1100378
481010,2;0,1100378
481026,8;0,1100363
481043,7;0,1100348
481059,9;0,1100256
481076,5;0,110021
481093,3;0,1100179
481109,7;0,1100179
481126,2;0,1100149
481143,4;0,1100149
481159,3;0,1100133
481175,9;0,1099969
481193;0,1099924
481209,3;0,1099849
481225,7;0,1099803
481242,6;0,1099803
481258,7;0,1099758
481275,3;0,1099682
481292,2;0,1099621
481308,4;0,1099591
481325,4;0,1099486
481341,6;0,1099486
481358,1;0,109947
481374,7;0,1099395
481391,3;0,1099306
481407,8;0,1099261
481424,4;0,1099261
481441,5;0,109902
481457,5;0,1098959
481474,1;0,1098915
481490,6;0,109884
481507,2;0,1098779
481523,8;0,1098749
481540,3;0,1098749
481556,9;0,1098612
481573,5;0,1098521
481590,3;0,1098431
481607,1;0,1098416
481623,2;0,1098356
481640,3;0,1098296
481656,8;0,109822
481672,9;0,1098251
481689,4;0,1098191
481706,3;0,1098057
481722,8;0,1097953
481739,1;0,1097953
481755,7;0,1097835
481772,3;0,1097821
481788,8;0,1097746
481805,4;0,1097688
481822;0,1097688
481841;0,1097629
481857,5;0,109751
481874,1;0,109751
481890,9;0,1097317
481907,3;0,1097273
481923,8;0,1097214
481940,8;0,1097199
481957,3;0,109714
481973,5;0,1097095
481990,1;0,1096976
482006,7;0,1096887
482023,2;0,1096887
482039,8;0,1096706
482056,4;0,1096448
482072,9;0,1096269
482089,5;0,1096164
482106,1;0,1095936
482122,9;0,1095784
482139,3;0,10956
482155,8;0,1095478
482172,3;0,1095478
482188,9;0,1095096
482205,7;0,1094975
482222;0,1094821
482238,7;0,1094821
482255,2;0,1094666
482271,7;0,1094484
482288,3;0,1094484
482305;0,1094392
482321,4;0,1094392
482338,5;0,1094207
482354,6;0,1093977
482371,1;0,1093717
482387,7;0,1093626
482404,6;0,1093473
482420,8;0,109329
482437,4;0,1093198
482454,1;0,1093046
482470,5;0,1092938
482487,4;0,1092739
482503,7;0,1092648
482520,2;0,109251
482536,8;0,1092388
482553,3;0,1092251
482570,1;0,1092128
482586,5;0,1092022
482603,1;0,1091945
482619,6;0,1091899
482636,3;0,1091822
482652,8;0,1091578
482676,2;0,1091487
482692,8;0,1091413
482709,3;0,1091398
482726;0,1091205
482743;0,10911
482759;0,1091085
482776,1;0,1091085
482792,5;0,1090952
482808,7;0,1090802
482825,3;0,1090757
482842,4;0,1090682
482858,4;0,1090682
482875,9;0,1090578
482891,5;0,1090474
482908,4;0,109034
482924,7;0,109034
482941,2;0,109031
482958,2;0,1090221
482974,6;0,1090087
482990,9;0,1089984
483007,5;0,1089879
483024,1;0,1089835
483040,6;0,1089717
483057,2;0,1089672
483074,3;0,1089599
483090,3;0,1089569
483106,9;0,1089569
483123,8;0,108942
483140;0,1089392
483156,6;0,1089377
483173,6;0,1089318
483189,7;0,1089318
483206,3;0,1089289
483222,8;0,1089245
483239,5;0,10892
483256;0,10892
483272,5;0,10892
483289,1;0,1089275
483305,9;0,108929
483322,3;0,108935
483339;0,108935
483355,5;0,1089411
483371,9;0,1089516
483388,5;0,1089698
483405,3;0,1089759
483422,2;0,1089835
483438,2;0,1090184
483454,8;0,1090397
483471,6;0,1090474
483487,9;0,1090671
483504,5;0,1090823
483521,2;0,1091068
483537,6;0,1091205
483554,2;0,1091282
483570,8;0,1091344
483587,4;0,1091419
483603,9;0,109151
483620,4;0,1091921
483637,4;0,1092227
483653,6;0,1092656
483670,1;0,1092932
483686,7;0,1093067
483703,4;0,1093295
483719,8;0,1093478
483736,4;0,1093797
483753,5;0,109407
483769,5;0,1094254
483786,1;0,1094254
483802,7;0,1094589
483819,3;0,1094998
483836;0,1095198
483852,3;0,1095347
483869,5;0,1095393
483885,5;0,1095804
483902,1;0,1096137
483918,8;0,1096381
483935,2;0,1096504
483952,4;0,1096504
483968,3;0,1096683
483984,9;0,1096938
484001,6;0,1097121
484018,1;0,1097121
484034,6;0,1097286
484051,2;0,1097407
484067,8;0,1097407
484084,3;0,1097585
484100,9;0,1097705
484117,4;0,109775
484134,2;0,1097749
484150,6;0,1097764
484167,2;0,1097869
484183,8;0,1097899
484200,3;0,1097899
484217,1;0,1097914
484233,4;0,1097899
484250;0,1097884
484267;0,1097839
484283,7;0,1097779
484299,7;0,1097749
484316,2;0,1097734
484332,8;0,1097674
484349,4;0,1097659
484365,9;0,1097659
484382,5;0,1097584
484399,1;0,1097614
484415,6;0,1097599
484432,4;0,1097569
484448,8;0,1097584
484465,8;0,1097494
484481,9;0,1097494
484499,1;0,1097449
484515;0,1097435
484531,9;0,1097435
484548,2;0,1097346
484564,7;0,1097331
484581,3;0,1097285
484597,9;0,109727
484614,4;0,1097225
484631;0,1097225
484647,7;0,1097225
484664,1;0,1097255
484680,7;0,1097285
484697,3;0,1097418
484714,2;0,1097478
484730,4;0,1097614
484747;0,1097811
484763,6;0,1097915
484780,1;0,1098096
484796,7;0,1098385
484813,6;0,1098553
484829,8;0,1098658
484846,4;0,1098658
484863,2;0,1098826
484879,5;0,1098826
484896,1;0,1099251
484912,6;0,1099857
484929,2;0,1100192
484945,8;0,1100343
484962,3;0,1100497
484978,9;0,1100497
484995,6;0,1101119
485012;0,1101302
485028,8;0,1101589
485045,2;0,1101589
485061,8;0,1101878
485078,9;0,1102273
485094,9;0,1102472
485111,4;0,1102592
485128,6;0,1102592
485144,6;0,1103125
485161,3;0,1103322
485177,7;0,1103595
485194,3;0,1103838
485210,9;0,1104006
485227,4;0,1104127
485244;0,1104355
485266,5;0,1104523
485277,8;0,1104677
485294,3;0,1104739
485310,9;0,1104923
485328,4;0,1105092
485344,2;0,110526
485360,6;0,1105337
485377,2;0,1105352
485393,8;0,1105444
485410,3;0,1105536
485426,9;0,1105628
485443,4;0,1105675
485460;0,1105675
485476,8;0,1105659
485493,1;0,1105659
485509,7;0,110569
485526,5;0,1105659
485542,9;0,1105751
485559,8;0,1105765
485576,1;0,1105813
485592,5;0,1105797
485609,1;0,1105797
485625,7;0,1105766
485642,4;0,1105795
485658,8;0,110581
485675,3;0,1105765
485692,2;0,1105749
485708,5;0,1105811
485725,1;0,1105734
485741,6;0,1105734
485758,2;0,1105626
485775,5;0,1105626
485791,8;0,1105625
485807,9;0,1105594
485824,5;0,1105546
485841;0,1105469
485857,7;0,1105376
485874,2;0,1105314
485891,1;0,1105222
485907,3;0,1105068
485923,8;0,1104929
485940,4;0,1104929
485957,7;0,1104776
485973,6;0,1104655
485990,2;0,1104638
486006,7;0,1104561
486023,3;0,1104515
486039,8;0,1104408
486056,4;0,1104408
486073;0,1104408
486089,6;0,1104333
486106,1;0,1104348
486122,8;0,1104348
486139,3;0,1104303
486163,3;0,1104303
486172,9;0,1104288
486189;0,1104332
486205,8;0,1104409
486223,1;0,1104485
486238,7;0,1104546
486255,2;0,1104652
486272,3;0,1104759
486288,7;0,1104867
486304,9;0,1105141
486321,5;0,1105233
486338;0,1105357
486355,3;0,1105601
486371,2;0,1105785
486387,7;0,1105861
486404,3;0,1106059
486420,9;0,1106259
486437,7;0,1106488
486454;0,1106687
486470,6;0,11069
486487,2;0,11069
486503,7;0,1107252
486520,6;0,110754
486536,8;0,1107693
486554,1;0,110786
486570;0,1107906
486586,7;0,110838
486603,1;0,1108672
486619,7;0,1108825
486636,2;0,1108963
486652,8;0,1109025
486669,7;0,110944
486685,9;0,110944
486702,5;0,1109517
486719,1;0,1109871
486735,6;0,1110056
486752,3;0,1110116
486768,9;0,1110116
486785,8;0,1110163
486801,9;0,111024
486818,5;0,1110302
486835;0,1110348
486851,8;0,1110332
486868,5;0,1110347
486885,2;0,1110363
486901,3;0,1110362
486918,5;0,1110363
486934,9;0,1110393
486951;0,1110378
486967,6;0,1110378
486984,8;0,1110425
487005,3;0,1110424
487017,3;0,1110455
487034;0,1110471
487050,4;0,1110486
487067;0,1110502
487083,5;0,1110486
487100,1;0,1110517
487116,7;0,1110517
487133,5;0,1110562
487149,8;0,1110546
487166,4;0,1110546
487183,2;0,1110576
487199,9;0,1110592
487216,1;0,1110607
487233,6;0,1110668
487249,3;0,1110668
487265,9;0,1110699
487282,3;0,1110745
487298,9;0,1110699
487315,5;0,1110683
487332;0,1110668
487348,6;0,1110639
487365,2;0,1110671
487382,8;0,1110671
487398,3;0,1110687
487414,8;0,1110687
487431,7;0,1110687
487448;0,1110703
487464,8;0,1110612
487481,8;0,1110595
487497,7;0,111058
487514,3;0,1110549
487531,4;0,1110504
487547,4;0,1110505
487564;0,1110411
487580,5;0,1110411
487597,2;0,1110396
487613,7;0,1110365
487630,3;0,1110304
487646,8;0,1110244
487663,4;0,1110244
487680;0,1110042
487696,5;0,1109982
487713,5;0,1109921
487729,7;0,1109907
487746,2;0,1109815
487762,8;0,11098
487779,3;0,11098
487795,9;0,1109615
487812,8;0,1109525
487829,4;0,1109555
487845,7;0,110951
487868,3;0,1109495
487880,5;0,1109419
487897,1;0,110948
487913,6;0,1109511
487930,2;0,1109511
487946,8;0,1109665
487963,6;0,110971
487979,9;0,1109771
487996,5;0,1109772
488013,3;0,1109834
488029,9;0,1109927
488046,3;0,1109927
488062,7;0,111002
488079,3;0,111002
488095,8;0,111022
488112,7;0,1110372
488129;0,1110372
488145,6;0,1110448
488162,2;0,1110494
488178,7;0,1110495
488195,3;0,1110586
488211,8;0,1110586
488229,1;0,1110616
488245,7;0,1110616
488261,8;0,1110602
488278,1;0,1110571
488294,7;0,1110462
488311,2;0,1110401
488327,8;0,1110231
488344,4;0,1110124
488360,9;0,1109971
488377,5;0,1109741
488394;0,1109483
488410,6;0,1109498
488427,2;0,110921
488443,8;0,1108906
488460,3;0,1108602
488477,8;0,1108388
488493,7;0,1108143
488510;0,1108008
488526,6;0,1107705
488543,4;0,1107705
488559,7;0,1107323
488576,7;0,1106913
488592,9;0,1106745
488609,4;0,1106592
488626;0,11065
488643,4;0,1105879
488659,1;0,1105725
488675,7;0,1105587
488692,7;0,1105525
488708,8;0,1105434
488725,4;0,1105265
488743,4;0,1104807
488760,2;0,1104409
488776,6;0,1104209
488793,4;0,1104009
488809,7;0,1104009
488826,3;0,1103826
488842,8;0,1103551
488859,4;0,1103429
488876,5;0,1103305
488892,6;0,1103305
488909,1;0,1102892
488926,1;0,1102785
488942,3;0,1102648
488959,3;0,1102648
488975,4;0,1102433
488992,4;0,1102248
489008,5;0,1102124
489025,8;0,1101925
489041,8;0,1101925
489058,3;0,1101787
489075;0,1101618
489091,6;0,1101618
489108,5;0,1101478
489124,5;0,1101403
489141,1;0,110131
489157,6;0,1101158
489174,6;0,1101066
489190,8;0,1100851
489207,3;0,1100851
489223,9;0,1100605
489240,4;0,1100299
489257,2;0,1100099
489273,9;0,1100022
489290,7;0,1099746
489307;0,1099655
489323,8;0,1099655
489340;0,1099655
489356,5;0,1099655
489373,7;0,1099364
489389,7;0,1099039
489406,1;0,1098795
489423,2;0,1098795
489439,3;0,1098626
489456,1;0,1098535
489472,4;0,1098458
489489,3;0,1098443
489505,5;0,1098383
489522,3;0,1098306
489539,3;0,1098276
489555,2;0,1098245
489571,9;0,109823
489588,3;0,1098277
489604,9;0,1098246
489621,5;0,1098201
489638;0,1098216
489654,6;0,1098262
489671,4;0,1098447
489687,9;0,109857
489704,3;0,1098646
489721;0,1098754
489737,5;0,1098877
489754;0,1098923
489770,6;0,1098969
489787,2;0,1099015
489803,7;0,1099015
489820,3;0,1099135
489836,8;0,1099166
489853,4;0,109929
489870;0,1099413
489886,8;0,1099504
489903,1;0,1099644
489919,9;0,1099766
489936,8;0,1099875
489952,8;0,1099968
489969,4;0,1099968
489985,9;0,110006
490002,5;0,110006
490019,1;0,1100291
490035,7;0,1100782
490052,2;0,1101013
490068,8;0,1101214
490085,6;0,1101415
490102,2;0,1101694
490118,5;0,1101866
490135,2;0,1102142
490151,6;0,1102142
490168,2;0,1102373
490184,8;0,110259
490201,3;0,1102698
490217,9;0,1102931
490234,4;0,1103056
490251;0,1103132
490267,7;0,1103254
490284,2;0,1103408
490300,7;0,1103515
490317,3;0,1103746
490334,3;0,1103854
490350,8;0,1104162
490367,1;0,1104283
490383,5;0,1104698
490400,3;0,1104698
490417,5;0,1105172
490433,3;0,1105633
490450;0,1105876
490466,5;0,1105876
490482,9;0,1106333
490499,5;0,1106606
490516,1;0,1106758
490532,7;0,1107046
490549,3;0,1107336
490566,4;0,110744
490582,7;0,110764
490599,1;0,1107776
490615,5;0,1107944
490632,1;0,1107944
490648,6;0,110808
490665,6;0,1108871
490681,7;0,1109191
490698,3;0,1109345
490715,1;0,1109496
490731,8;0,1109911
490748;0,1110033
490764,6;0,1110281
490781,2;0,1110281
490797,8;0,1110466
490814,3;0,1110912
490830,8;0,1111157
490847,4;0,1111264
490864;0,1111264
490880,9;0,1111696
490897,3;0,1111973
490913,9;0,1112202
490931,3;0,1112202
490947,2;0,111231
490963,6;0,1112695
490979,9;0,1112911
490997,3;0,111305
491013,1;0,1113344
491030;0,1113421
491046,2;0,1113667
491063,3;0,1113868
491079,3;0,1113898
491095,9;0,1114023
491113;0,111424
491129,1;0,1114455
491145,6;0,1114578
491162,2;0,1114578
491178,8;0,1115179
491195,7;0,1115365
491211,9;0,1115519
491228,8;0,1115843
491245;0,1115843
491261,7;0,111606
491278,1;0,1116212
491294,7;0,1116228
491311,6;0,1116814
491327,8;0,1117741
491344,4;0,1117895
491361,3;0,1118282
491377,6;0,1118484
491394,3;0,1118484
491410,7;0,1119055
491427,3;0,1119163
491443,8;0,1119475
491460,4;0,1119613
491477;0,1119737
491493,9;0,1120217
491510,1;0,1120451
491526,7;0,1120574
491543,2;0,1120574
491559,8;0,1120963
491576,3;0,112118
491592,9;0,1121272
491609,5;0,1121538
491626;0,1121538
491642,6;0,1121864
491659,3;0,1121927
491675,8;0,1121927
491692,8;0,1122178
491708,9;0,1122255
491725,6;0,1122396
491742;0,1122473
491758,7;0,1122661
491775,3;0,1122817
491792,3;0,1122926
491808,7;0,1123098
491824,9;0,1123206
491841,4;0,1123425
491858;0,1123504
491874,6;0,1123566
491891,9;0,1123628
491907,7;0,1123628
491924,7;0,1123722
491940,8;0,1123847
491957,7;0,1124082
491974;0,1124129
491991,3;0,1124161
492007,1;0,1124239
492023,7;0,1124303
492040,4;0,112435
492056,8;0,1124381
492073,8;0,1124366
492089,9;0,1124381
492106,5;0,1124429
492123,7;0,1124428
492142,8;0,1124507
492159,6;0,1124618
492175,9;0,1124618
492193,4;0,1124727
492209,2;0,112482
492225,8;0,1124946
492243;0,1125071
492259,4;0,1125181
492275,8;0,1125243
492291,9;0,1125368
492309;0,1125493
492325;0,1125571
492342,2;0,1125664
492358,7;0,1125696
492374,8;0,1125759
492391,3;0,1125759
492408;0,1125837
492424,6;0,1125853
492441;0,1125963
492458;0,1125963
492474,5;0,1126058
492490,7;0,1126276
492507,3;0,1126417
492523,9;0,1126417
492541,2;0,1126496
492557;0,1126496
492573,6;0,1126621
492590,1;0,1127043
492607,1;0,1127167
492623,8;0,1127308
492639,8;0,1127464
492656,4;0,1127464
492672,9;0,1127557
492690,3;0,1127683
492706,1;0,1127776
492722,7;0,1127854
492739,2;0,11279
492755,8;0,1127932
492772,4;0,1128025
492789,7;0,1128041
492805,5;0,1128087
492822,1;0,112815
492839,4;0,1128182
492855,5;0,1128306
492871,8;0,1128337
492888,4;0,1128352
492904,9;0,1128448
492921,4;0,1128448
492938;0,1128557
492954,7;0,1128573
492971,2;0,1128604
492987,7;0,1128619
493004,3;0,1128619
493021;0,1128649
493037,4;0,1128713
493054;0,1128729
493070,6;0,1128807
493087,2;0,1128807
493103,7;0,1128902
493120,3;0,1128934
493136,8;0,112898
493153,4;0,1129011
493170;0,1129043
493186,5;0,1129027
493203,1;0,1129059
493219,7;0,1129106
493236,2;0,1129153
493252,8;0,1129169
493269,3;0,1129137
493286;0,1129138
493302,5;0,1129107
493319,1;0,1129028
493335,6;0,1128965
493352,2;0,1128871
493369,2;0,1128682
493385,3;0,1128619
493401,9;0,1128557
493418,6;0,1128557
493435;0,1128353
493451,6;0,1128259
493468,1;0,1128212
493484,7;0,112818
493501,3;0,1128118
493517,8;0,1127976
493534,6;0,1127991
493551,1;0,1127929
493568,3;0,1127866
493584,3;0,1127804
493600,7;0,1127725
493617,3;0,1127725
493634,3;0,1127662
493650,4;0,1127566
493667,1;0,1127472
493683,5;0,1127409
493700,1;0,1127425
493717,2;0,1127393
493733,2;0,1127267
493750,4;0,1127204
493766,4;0,1127141
493782,9;0,1127063
493799,9;0,1127063
493816;0,1127031
493832,7;0,1126984
493849,2;0,1126968
493869,8;0,1126779
493882,3;0,1126701
493898,9;0,1126653
493915,7;0,1126622
493932;0,1126591
493948,6;0,1126591
493965,6;0,1126575
493981,7;0,1126591
493998,3;0,1126591
494015,2;0,1126434
494031,4;0,1126355
494048;0,1126323
494064,7;0,1126323
494081,1;0,1126276
494097,9;0,112626
494114,3;0,1126212
494130,8;0,1126212
494147,4;0,1126196
494163,9;0,112615
494180,6;0,1126166
494197,1;0,1126166
494213,7;0,1126118
494230,7;0,1126101
494246,8;0,1126038
494263,5;0,1126006
494279,9;0,1126006
494296,7;0,1125913
494313,1;0,112585
494329,6;0,1125788
494346,2;0,1125726
494363,2;0,1125648
494379,3;0,112557
494395,9;0,1125445
494413,3;0,1125429
494429;0,1125414
494445,7;0,1125382
494462,4;0,1125366
494478,7;0,112532
494495,4;0,1125225
494512,1;0,1125132
494528,4;0,1125084
494545,6;0,1125036
494561,9;0,1124927
494578,1;0,1124879
494594,7;0,1124771
494611,3;0,1124755
494627,8;0,1124337
494644,4;0,1124337
494661,2;0,1124058
494678,2;0,1123811
494694,1;0,112364
494710,6;0,1123531
494727,2;0,1123531
494744;0,1123392
494760,8;0,1123004
494777,1;0,1122988
494793,7;0,1122895
494810,3;0,1122895
494827,1;0,1122678
494843,4;0,1122615
494860,3;0,1122554
494876,5;0,1122382
494893,1;0,1122258
494909,7;0,1122194
494926,3;0,1122163
494942,8;0,1122148
494959,7;0,1121946
494975,9;0,1121866
494992,5;0,1121835
495009,3;0,1121758
495026,1;0,1121681
495042,6;0,112154
495059;0,112154
495075,4;0,1121508
495092,1;0,1121492
495108,7;0,1121399
495125,1;0,1121351
495141,6;0,1121009
495158,7;0,1120635
495174,8;0,1120478
495191,9;0,1120246
495207,9;0,1120124
495224,5;0,1119891
495241;0,1119704
495257,7;0,1119642
495274,1;0,1119579
495290,7;0,1119299
495307,6;0,1119175
495323,8;0,1119082
495340,4;0,1119082
495357,4;0,1118915
495373,8;0,1118823
495390,5;0,1118714
495406,7;0,1118699
495423,3;0,1118637
495439,8;0,1118391
495456,4;0,1118345
495473,1;0,1118192
495489,5;0,1118192
495506,6;0,1117881
495522,7;0,1117897
495539,2;0,1117711
495555,8;0,1117525
495573;0,1117354
495594,1;0,1117231
495605,8;0,1117231
495622;0,1117015
495638,8;0,1116783
495655,6;0,1116675
495671,7;0,1116535
495688,3;0,1116535
495704,9;0,1116318
495722,1;0,1116194
495738;0,1116118
495754,6;0,1116118
495771,1;0,1116056
495787,7;0,1115765
495804,3;0,1115656
495820,8;0,1115656
495837,4;0,1115454
495854;0,1115315
495870,6;0,111516
495887,1;0,1115098
495903,7;0,111502
495920,3;0,1114725
495936,8;0,1114555
495953,4;0,1114432
495970,4;0,1114154
495986,5;0,1114062
496003,1;0,1113907
496019,6;0,1113907
496036,5;0,1113721
496053,2;0,1113644
496069,7;0,1113429
496085,9;0,1113243
496102,9;0,1113103
496119,5;0,1112901
496136,1;0,1112825
496152,2;0,1112638
496169,6;0,1112421
496185,3;0,1112203
496201,9;0,1111986
496218,6;0,1111986
496235;0,1111909
496251,6;0,1111645
496268,3;0,1111474
496284,7;0,1111336
496301,7;0,1111088
496317,8;0,1110994
496334,4;0,1110887
496351,4;0,1110887
496367,5;0,1110887
496384,1;0,1110887
496400,8;0,1110887
496417,4;0,1110702
496434,2;0,1110268
496454,8;0,1110035
496471,3;0,1109836
496487,9;0,1109573
496504,5;0,1109342
496521,4;0,1109111
496537,6;0,1109049
496554,8;0,1108817
496570,8;0,1108771
496587,7;0,1108694
496604,2;0,1108709
496620,6;0,1108569
496637;0,1108538
496653,6;0,1108554
496670,3;0,1108554
496686,8;0,1108508
496704,1;0,1108446
496719,8;0,1108462
496736,4;0,1108432
496753;0,1108432
496769,6;0,1108369
496786,6;0,1108277
496802,7;0,1108184
496819,3;0,1108184
496835,8;0,1108123
496852,6;0,1108123
496869,6;0,1107847
496885,5;0,1107678
496902,1;0,1107678
496918,7;0,1107555
496935,3;0,1107338
496951,8;0,1107338
496968,3;0,1107046
496985,7;0,1106923
497001,5;0,1106923
497018,1;0,110683
497034,6;0,1106815
497051,2;0,1106768
497067,8;0,1106461
497084,3;0,1106368
497101,3;0,1106246
497117,5;0,11062
497134,6;0,1106093
497150,7;0,1106046
497167,2;0,1105987
497183,7;0,1105956
497200,3;0,1105955
497216,8;0,1105923
497233,7;0,1105877
497250;0,1105877
497266,6;0,1105725
497283,6;0,110565
497300,2;0,1105603
497316,7;0,1105543
497333,3;0,1105481
497349,8;0,1105481
497366,4;0,1105373
497383;0,1105342
497399,5;0,1105281
497416,2;0,110522
497432,7;0,1105173
497449,3;0,1105173
497466;0,1105096
497482,4;0,1104988
497498,9;0,1104896
497515,5;0,1104881
497532,1;0,1104881
497548,7;0,1104775
497565,2;0,1104714
497581,8;0,1104667
497598,3;0,1104653
497614,9;0,1104653
497631,5;0,1104499
497648;0,1104499
497664,8;0,1104453
497681,2;0,1104422
497697,9;0,1104285
497714,3;0,1104147
497730,9;0,1104115
497747,8;0,1104055
497764;0,1104009
497781;0,1103962
497797,2;0,1103777
497814;0,1103716
497830,3;0,1103656
497847,2;0,1103564
497863,8;0,1103519
497880;0,1103488
497896,5;0,1103472
497913,1;0,1103287
497929,8;0,1103164
497946,2;0,1103103
497962,8;0,1103116
497979,4;0,1103055
497995,9;0,1103024
498012,9;0,1103024
498029,2;0,110284
498045,6;0,110281
498062,2;0,1102765
498078,8;0,1102735
498095,8;0,1102674
498111,9;0,1102658
498135,4;0,1102551
498152;0,1102505
498168,6;0,1102443
498185,3;0,1102397
498201,7;0,1102397
498218,3;0,110232
498235,5;0,1102305
498251,7;0,1102214
498268,1;0,1102199
498284,6;0,1102199
498301,3;0,1102153
498318,1;0,1102153
498334,2;0,1102123
498350,8;0,1102061
498367,4;0,1102015
498384,2;0,1102031
498400,5;0,1101969
498417,1;0,1101907
498433,7;0,1101861
498450,2;0,110183
498466,8;0,1101813
498483,3;0,1101737
498499,9;0,1101704
498516,4;0,1101674
498533;0,1101612
498549,6;0,1101551
498566,2;0,1101536
498582,7;0,1101506
498599,3;0,1101445
498615,9;0,1101445
498632,6;0,1101415
498649;0,1101354
498665,8;0,1101292
498682,1;0,1101292
498698,7;0,1101169
498715,7;0,110103
498731,8;0,1101061
498748,7;0,1101046
498765;0,1101046
498781,7;0,1100877
498798,1;0,1100847
498814,7;0,1100817
498831,3;0,1100755
498848,2;0,1100755
498864,3;0,1100723
498881,1;0,1100677
498897,6;0,1100677
498914,1;0,1100677
498930,6;0,1100692
498947,2;0,1100692
498963,8;0,1100707
498980,3;0,1100984
498996,9;0,1101122
499013,5;0,1101402
499030,3;0,1101572
499046,6;0,1101572
499063,2;0,1102066
499079,8;0,1102208
499096,5;0,1102456
499113,1;0,1102673
499129,6;0,1103
499146;0,1103139
499162,6;0,1103465
499179,1;0,1103776
499195,7;0,1103995
499212,3;0,1104385
499228,8;0,1104385
499245,5;0,1104789
499262,7;0,1105053
499278,5;0,1105053
499295,1;0,110541
499311,8;0,1105938
499328,2;0,1106186
499344,8;0,1106264
499361,7;0,1106653
499377,9;0,1106931
499394,5;0,1107289
499411,1;0,1107506
499427,6;0,1107833
499444,2;0,1108207
499460,8;0,1108407
499477,3;0,110861
499494;0,1108967
499510,5;0,110934
499527,7;0,1109526
499543,7;0,1109884
499560,2;0,1109884
499576,8;0,1110071
499593,3;0,1110179
499609,9;0,1110257
499626,4;0,111102
499643,2;0,111161
499659,6;0,1111936
499676,2;0,1112201
499692,8;0,1112433
499709,5;0,1112527
499725,8;0,1113243
499742,4;0,1113554
499759;0,111385
499775,8;0,111385
499792,3;0,1114302
499808,7;0,1114739
499825,2;0,1115033
499841,8;0,111539
499858,4;0,1115594
499874,9;0,111606
499891,7;0,11162
499908,4;0,11162
499924,7;0,1116839
499941,8;0,1117257
499957,8;0,1117445
499974,3;0,1117584
499991,3;0,1117787
500007,4;0,1118377
500024,3;0,1118734
500040,7;0,1118906
500057,2;0,1118906
500074,1;0,1119511
500090,3;0,1119711
500106,9;0,1120069
500123,4;0,1120178
500140,8;0,1120659
500156,8;0,1120846
500173,1;0,1121157
500189,8;0,1121327
500206,3;0,1121438
500222,8;0,1121515
500239,5;0,112167
500256,1;0,1121858
500273;0,112265
500289,1;0,1123117
500305,7;0,1123349
500322,4;0,1123709
500338,8;0,112388
500355,3;0,1124097
500371,9;0,1124239
500388,6;0,1124861
500405,1;0,1125234
500421,6;0,1125451
500438,2;0,1125718
500454,8;0,1126044
500471,3;0,112645
500487,9;0,1126635
500504,5;0,1127024
500521;0,1127212
500537,6;0,1127616
500554,2;0,1127616
500571,5;0,1127786
500587,3;0,1128499
500603,8;0,1128607
500620,6;0,1129042
500637;0,1129042
500653,6;0,1129382
500670,1;0,1129692
500686,7;0,1130081
500703,6;0,1130359
500722,2;0,1130686
500738,8;0,1130951
500755,3;0,1131324
500771,9;0,1131649
500788,4;0,1131804
500805;0,113185
500821,7;0,1132517
500838,4;0,1132517
500854,7;0,1132736
500871,3;0,1132736
500887,8;0,1132875
500904,8;0,1133465
500921;0,1134041
500937,5;0,1134307
500954,2;0,1134402
500970,7;0,1134402
500987,3;0,113462
501004,2;0,1134747
501020,3;0,1134747
501036,9;0,1134905
501053,5;0,1134952
501070,8;0,1135016
501086,8;0,1135016
501103,2;0,1135048
501119,8;0,1135095
501136,6;0,1135111
501153,4;0,1135191
501169,5;0,1135206
501186;0,1135191
501202,9;0,1135175
501219,4;0,1135143
501235,8;0,1135143
501253;0,1135159
501268,9;0,1135159
501285,4;0,1135175
501302;0,1135238
501318,6;0,113527
501335,2;0,1135302
501351,7;0,1135302
501368,8;0,1135333
501384,8;0,1135381
501401,4;0,1135397
501418;0,1135397
501434,6;0,1135444
501451,2;0,113546
501467,7;0,1135508
501484,2;0,1135508
501500,8;0,1135508
501517,6;0,1135524
501533,9;0,1135524
501550,5;0,1135587
501567,1;0,1135587
501583,9;0,1135571
501600,7;0,1135571
501617;0,1135587
501633,8;0,1135603
501650,3;0,1135651
501667,2;0,1135714
501683,3;0,1135683
501699,9;0,1135683
501716,5;0,1135667
501733,6;0,1135698
501749,6;0,1135667
501766,2;0,1135667
501782,7;0,1135683
501799,7;0,1135667
501815,8;0,1135683
501832,4;0,1135683
501849;0,1135683
501865,6;0,1135651
501882,1;0,1135667
501899,3;0,1135667
501915,6;0,1135651
501932,1;0,1135603
501948,5;0,1135587
501965,6;0,113554
501981,5;0,113554
501998,3;0,1135381
502014,7;0,1135302
502031,2;0,1135175
502047,8;0,1135113
502064,4;0,1135034
502080,9;0,1134939
502097,5;0,1134907
502114;0,1134876
502130,8;0,1134876
502147,2;0,1134812
502163,8;0,113478
502180,3;0,1134622
502197,4;0,1134558
502213,4;0,1134526
502230;0,1134495
502246,6;0,1134463
502263,2;0,1134447
502279,7;0,1134289
502296,3;0,113421
502312,8;0,1134178
502330,2;0,1134178
502346;0,1134003
502362,6;0,113394
502379,1;0,1133845
502395,7;0,1133734
502412,3;0,1133624
502429,4;0,1133498
502445,4;0,113342
502461,9;0,1133263
502478,5;0,1133167
502495,1;0,1133104
502511,7;0,1133104
502528,7;0,1132898
502545,3;0,113274
502561,5;0,1132615
502578,4;0,1132615
502594,6;0,1132506
502611,1;0,1132348
502627,6;0,1132176
502644,2;0,1132082
502660,8;0,113205
502677,3;0,1131988
502693,9;0,1131767
502711;0,1131689
502727,1;0,113161
502743,6;0,113161
502760,2;0,1131547
502777,4;0,1131499
502794,1;0,1131499
502809,8;0,1131421
502826,4;0,1131231
502843;0,1131168
502859,6;0,1131152
502876,2;0,1131151
502892,7;0,1131088
502909,3;0,1131136
502925,8;0,1131136
502942,8;0,1131136
502959,6;0,1131104
502975,5;0,1131088
502992,1;0,1131088
503008,6;0,1131104
503025,5;0,1131136
503041,8;0,1131041
503058,3;0,1131009
503074,9;0,1130993
503091,5;0,1130946
503108,1;0,1130946
503124,8;0,113093
503141,2;0,113093
503157,8;0,1130914
503174,4;0,113085
503190,9;0,113085
503207,5;0,1130866
503224;0,1130866
503240,6;0,1130755
503257,8;0,1130771
503273,7;0,1130692
503290,3;0,1130692
503313,1;0,1130692
503325,4;0,1130644
503342;0,1130596
503358,5;0,1130596
503375,1;0,1130596
503391,7;0,1130596
503408,3;0,1130596
503425,1;0,1130612
503441,4;0,1130565
503457,9;0,1130501
503474,6;0,1130422
503491,3;0,113039
503507,6;0,1130374
503524,5;0,1130358
503540,8;0,1130374
503557,8;0,113039
503573,9;0,1130422
503591;0,1130422
503607;0,1130438
503623,6;0,1130438
503640,2;0,1130438
503656,8;0,1130438
503673,3;0,1130438
503689,8;0,1130438
503706,4;0,1130453
503723,2;0,1130438
503739,6;0,1130438
503756,8;0,1130438
503773,1;0,1130453
503789,4;0,1130438
503806,3;0,1130438
503822,4;0,113039
503839;0,1130374
503855,7;0,1130326
503872,8;0,1130295
503889,2;0,1130215
503905,3;0,1130215
503921,8;0,1130088
503938,3;0,1130009
503954,9;0,1129962
503971,5;0,1129931
503988,5;0,11299
504004,6;0,1129838
504021,2;0,1129806
504038,2;0,1129806
504054,5;0,1129774
504070,9;0,1129774
504087,5;0,112979
504104;0,1129697
504120,6;0,1129556
504137,4;0,1129525
504154,1;0,1129447
504170,7;0,1129417
504187,3;0,1129417
504203,8;0,112926
504220,4;0,1129244
504237;0,1129103
504253,5;0,112904
504270,1;0,1128977
504286,7;0,1128915
504303,4;0,1128868
504319,8;0,1128821
504336,6;0,1128805
504352,9;0,1128742
504369,5;0,1128742
504386,2;0,1128742
504402,7;0,1128742
504419,6;0,1128789
504435,8;0,1128773
504452,3;0,1128804
504468,9;0,1128866
504485,5;0,1128866
504502;0,1128866
504518,6;0,1128866
504535,9;0,1128866
504551,7;0,1128818
504568,3;0,1128756
504585,6;0,1128756
504601,4;0,1128723
504618,2;0,1128772
504634,6;0,1128787
504651,1;0,1128787
504667,7;0,1128803
504684,5;0,1128819
504701,2;0,112882
504717,4;0,112882
504733,9;0,1128821
504750,5;0,1128821
504767,1;0,112871
504783,7;0,1128679
504800,2;0,1128616
504816,8;0,11286
504833,4;0,11286
504850,2;0,1128445
504866,8;0,112835
504883,3;0,1128288
504899,6;0,112824
504916,2;0,1128224
504932,8;0,1127958
504949,3;0,1127848
504965,9;0,1127785
504982,4;0,1127785
504999;0,1127596
505016,4;0,1127392
505033;0,112736
505049,6;0,1127251
505066,1;0,1127251
505083,3;0,1127157
505099,3;0,1126985
505115,8;0,1126921
505132,3;0,1126875
505148,9;0,1126811
505165,5;0,1126622
505182,1;0,1126622
505198,9;0,1126544
505215,2;0,1126278
505231,8;0,1126231
505248,8;0,1126152
505264,9;0,1126152
505281,9;0,1125932
505298,7;0,1125806
505314,6;0,1125711
505331,2;0,1125711
505347,7;0,1125632
505364,3;0,1125538
505380,9;0,1125334
505397,4;0,1124879
505414;0,1124738
505430,6;0,112466
505447,6;0,112455
505463,7;0,1124425
505480,3;0,1124238
505497,1;0,1124127
505514;0,1124003
505530,3;0,1123907
505546,7;0,1123798
505563,6;0,1123436
505580;0,1123201
505596,3;0,1123121
505612,8;0,1122996
505629,6;0,1122901
505646,2;0,1122524
505662,5;0,112232
505679,1;0,1122193
505695,6;0,1122115
505712,2;0,1121817
505728,8;0,1121565
505745,3;0,1121455
505761,9;0,1121455
505778,5;0,1121093
505795,4;0,1120982
505811,7;0,1120826
505828,2;0,1120826
505844,8;0,1120497
505863,9;0,1120434
505878,3;0,1120187
505894,7;0,1120187
505911,1;0,1120156
505927,6;0,1119985
505944,2;0,1119985
505960,7;0,1119969
505977,3;0,1119953
505994,7;0,1119953
506010,4;0,1119969
506027,2;0,1119798
506043,6;0,1119737
506060,1;0,1119705
506076,7;0,1119705
506093,2;0,1119611
506110;0,1119565
506126,4;0,1119534
506143;0,1119534
506159,7;0,1119502
506176,1;0,1119439
506192,6;0,1119377
506209,2;0,1119347
506226,2;0,1119331
506242,3;0,1119206
506258,9;0,1119206
506275,4;0,1119175
506292;0,1119175
506308,6;0,1119129
506325,2;0,1119019
506341,9;0,1119019
506358,3;0,1118942
506374,9;0,1118942
506391,8;0,1118896
506408;0,1118834
506424,6;0,1118694
506441,1;0,1118679
506457,8;0,1118585
506474,4;0,1118585
506490,8;0,1118508
506507,7;0,1118413
506524;0,1118429
506540,5;0,1118429
506557,1;0,1118478
506573,7;0,1118555
506590,6;0,1118557
506606,8;0,1118557
506623,3;0,1118572
506640,3;0,1118556
506657,5;0,1118556
506673,1;0,1118571
506689,8;0,1118587
506706,2;0,1118602
506729,5;0,1118601
506739,3;0,1118633
506755,9;0,1118617
506772,5;0,1118617
506789,3;0,111868
506805,6;0,1118588
506822,2;0,1118587
506838,9;0,111857
506855,7;0,111857
506872,3;0,1118648
506889,2;0,1118695
506905,4;0,1118695
506921,6;0,1118679
506938,2;0,1118679
506954,7;0,1118694
506971,5;0,1118694
506987,8;0,1118661
507004,4;0,1118693
507021;0,1118693
507037,5;0,1118693
507054,3;0,1118645
507070,7;0,1118598
507087,2;0,1118568
507103,8;0,1118598
507120,4;0,1118567
507137,3;0,1118535
507153,6;0,1118535
507170,1;0,1118551
507186,8;0,1118581
507203,2;0,1118596
507220;0,111858
507236,3;0,1118564
507252,9;0,1118564
507269,8;0,111858
507286;0,1118611
507302,8;0,1118642
507319,2;0,1118705
507335,7;0,1118721
507352,7;0,1118752
507368,9;0,1118814
507385,4;0,1118845
507402;0,1118907
507418,8;0,1118922
507435,6;0,1118984
507452,5;0,1119
507468,3;0,1119061
507484,8;0,1119061
507501,9;0,1119123
507518;0,1119122
507534,6;0,1119169
507551,6;0,1119201
507567,7;0,1119184
507584,3;0,1119184
507603,4;0,1119184
507617,4;0,1119277
507633,9;0,1119278
507650,5;0,1119308
507667,1;0,1119371
507683,7;0,1119433
507700,2;0,1119449
507716,8;0,1119512
507733,3;0,1119574
507749,9;0,1119606
507766,4;0,1119685
507783,1;0,1119717
507800,2;0,1119717
507816,2;0,1119748
507832,7;0,111978
507849,3;0,1119827
507865,9;0,1119873
507882,8;0,1119873
507899,1;0,1119919
507916;0,1119965
507932,1;0,1119996
507948,7;0,1120075
507965,3;0,1120091
507982,8;0,1120105
507998,4;0,1120121
508015,2;0,1120198
508031,5;0,1120229
508048,6;0,1120229
508064,7;0,1120323
508081,3;0,1120292
508097,8;0,112037
508114,5;0,1120416
508131,1;0,1120463
508147,5;0,1120494
508164,1;0,1120494
508180,8;0,1120603
508197,3;0,1120681
508213,8;0,1120727
508230,3;0,1120773
508247,3;0,112082
508264,1;0,112082
508280;0,112082
508296,6;0,1120898
508313,2;0,1120898
508329,9;0,1120898
508346,3;0,1120931
508363,4;0,112093
508379,7;0,1120946
508396;0,1120976
508412,7;0,1120961
508429,6;0,1121039
508445,8;0,1121085
508462,3;0,1121132
508478,8;0,1121178
508495,7;0,1121148
508512;0,1121148
508529,1;0,1121148
508545,1;0,1121148
508561,7;0,1121179
508578,5;0,1121054
508595,7;0,1121085
508612,2;0,1121069
508628;0,1121052
508645,3;0,1121068
508661,1;0,1121021
508677,7;0,1121005
508694,7;0,1121005
508710,8;0,1120927
508727,3;0,1120864
508743,9;0,1120803
508760,5;0,1120803
508777;0,1120616
508794,4;0,1120632
508810,2;0,1120586
508826,7;0,112048
508843,3;0,1120372
508860,3;0,1120279
508876,4;0,1120202
508893,3;0,1120063
508909,6;0,1119878
508926,1;0,1119878
508942,7;0,1119647
508959,3;0,1119429
508976,6;0,1119275
508992,4;0,1119014
509009,4;0,1118876
509025,6;0,1118737
509042,7;0,1118629
509058,7;0,1118445
509075,2;0,1118106
509091,8;0,1117844
509108,4;0,1117707
509124,9;0,1117707
509141,8;0,1117246
509158,1;0,1117047
509174,6;0,1117
509191,2;0,1116909
509208,5;0,1116664
509224,3;0,1115928
509240,9;0,1115759
509257,7;0,1115405
509274,3;0,1115314
509290,6;0,1115052
509308;0,1114698
509323,9;0,1114529
509340,7;0,1114299
509356,9;0,1113839
509373,6;0,1113701
509390;0,1113701
509406,7;0,1113149
509423,1;0,1112828
509439,7;0,1112521
509456,3;0,1112521
509473,5;0,1112153
509489,4;0,1111802
509506,2;0,1111496
509522,9;0,1111221
509539,1;0,1110959
509556;0,1110792
509572,3;0,1110471
509588,8;0,1110471
509605,5;0,1109985
509622,2;0,1109799
509638,5;0,1109799
509655,2;0,1109235
509672,4;0,1108868
509688,2;0,1108622
509704,8;0,1108622
509721,3;0,1108454
509738,3;0,1107918
509754,5;0,1107596
509771;0,1107596
509787,6;0,1107243
509804,4;0,1107243
509820,8;0,1107075
509837,3;0,110709
509854;0,1106418
509870,4;0,110576
509887;0,1105516
509903,7;0,1105195
509920,1;0,1104844
509936,7;0,1104844
509953,3;0,1104493
509970,3;0,1104142
509987,2;0,1103791
510003;0,1103501
510019,5;0,1103209
510036,7;0,1103041
510052,7;0,110269
510069,3;0,1102324
510085,8;0,1102145
510102,3;0,1101719
510118,9;0,1101476
510135,5;0,1101476
510152,1;0,1100748
510168,8;0,1100339
510185,2;0,1099868
510201,8;0,1099868
510218,3;0,1099186
510234,9;0,1098867
510251,5;0,1098564
510268;0,1098325
510284,6;0,1098325
510301,2;0,1097808
510318,5;0,1097188
510334,4;0,1096733
510350,9;0,1096522
510367,4;0,1096522
510384;0,1095826
510401;0,1095582
510417,2;0,1095157
510433,7;0,1094888
510450,3;0,1094782
510467;0,1094597
510483,4;0,1094356
510500;0,1093687
510516,7;0,1093082
510533,1;0,1092869
510549,7;0,1092671
510566,2;0,1091978
510583,2;0,109157
510599,6;0,1091356
510615,9;0,1091356
510633,3;0,10906
510649,1;0,1090298
510665,8;0,1089859
510682,2;0,1089828
510698,8;0,1089285
510715,3;0,1089043
510731,9;0,1088652
510749,2;0,1088426
510765;0,1088138
510782;0,1087972
510798,4;0,1087972
510814,8;0,1087234
510831,3;0,1087084
510848,1;0,1086828
510864,4;0,108672
510881;0,108645
510897,9;0,1086133
510914,1;0,1085892
510930,7;0,1085774
510947,3;0,1085579
510964;0,1085342
510980,4;0,1085207
510996,9;0,1085134
511013,8;0,108494
511030,1;0,1084776
511046,7;0,1084674
511063,2;0,1084542
511079,8;0,1084542
511096,4;0,1084512
511113,3;0,1084467
511129,7;0,1084335
511146,1;0,1084114
511162,9;0,1084041
511179,5;0,1084041
511196;0,1083908
511212,3;0,1083864
511228,9;0,1083821
511245,5;0,1083672
511262,3;0,1083569
511278,6;0,1083539
511295,2;0,1083465
511312,2;0,108348
511328,3;0,1083305
511344,9;0,1083202
511361,5;0,1083114
511378,3;0,1083114
511394,6;0,1083011
511411,1;0,1082951
511427,7;0,1082892
511444,3;0,1082817
511460,8;0,1082802
511477,4;0,1082802
511494;0,1082757
511511,1;0,1082787
511527,1;0,1082742
511543,8;0,1082773
511560,9;0,1082758
511576,8;0,1082758
511593,3;0,1082757
511609,9;0,1082787
511626,9;0,1082786
511643,1;0,1082802
511659,6;0,1082815
511676,3;0,1082829
511692,8;0,1082815
511709,5;0,1082844
511725,9;0,1082844
511742,5;0,1082829
511759,1;0,1082814
511775,9;0,1082859
511793,1;0,1082903
511808,7;0,1082918
511825,4;0,1082948
511841,9;0,1083007
511858,4;0,1083007
511875;0,1082993
511891,6;0,1083023
511908,2;0,1083081
511924,7;0,1083081
511941,3;0,1083141
511965,8;0,1083244
511982,5;0,1083333
511998,9;0,1083348
512015,5;0,1083348
512032,1;0,1083362
512048,7;0,1083347
512065,4;0,1083289
512081,8;0,1083289
512098,3;0,1083363
512115,7;0,1083378
512131,5;0,1083393
512148,1;0,1083466
512164,7;0,108351
512181,2;0,1083525
512197,8;0,108351
512214,3;0,1083672
512230,9;0,1083672
512247,7;0,1083744
512264;0,1083816
512280,6;0,1083889
512297,1;0,1083963
512313,7;0,1083963
512330,3;0,1084226
512346,9;0,1084255
512363,7;0,1084255
512380;0,1084329
512396,7;0,1084388
512413,2;0,1084432
512429,7;0,1084727
512446,2;0,1085021
512462,8;0,1085185
512479,4;0,1085364
512496,2;0,1085469
512512,6;0,1085708
512530,1;0,1085811
512546;0,1085962
512562,3;0,1085962
512579,1;0,1086498
512595,3;0,1086679
512611,9;0,1086918
512628,5;0,1087158
512645;0,1087351
512662;0,1087457
512678,2;0,1087502
512694,8;0,1088026
512711,3;0,1088026
512728;0,1088144
512744,4;0,1088365
512761,1;0,1088513
512777,6;0,1088558
512794,2;0,1088558
512810,7;0,1088762
512827,3;0,1088762
512847,5;0,1088835
512864,1;0,1088953
512880,6;0,1089041
512897,2;0,1089086
512913,8;0,1089101
512930,3;0,1089159
512946,9;0,1089203
512963,6;0,1089261
512980,1;0,1089305
512996,7;0,1089378
513013,5;0,1089378
513030;0,1089393
513046,3;0,1089437
513062,9;0,1089495
513079,8;0,108964
513096;0,108967
513113,3;0,1089729
513129,3;0,1089803
513146,7;0,1089847
513162,3;0,1089847
513179,3;0,1089861
513195,7;0,1089889
513212;0,1089904
513228,5;0,1089904
513245,3;0,1089889
513261,7;0,1089904
513278,3;0,1089905
513294,8;0,1089935
513311,4;0,1089905
513328,2;0,1090022
513344,6;0,1090037
513361,1;0,1090052
513377,8;0,1090066
513394,2;0,1090111
513411;0,1090081
513427,3;0,1090111
513443,9;0,1090111
513460,9;0,1090038
513477,3;0,1089979
513494,3;0,1089979
513510,1;0,1089934
513526,7;0,1089861
513543,3;0,1089771
513560;0,1089771
513576,8;0,1089609
513593,4;0,1089594
513609,7;0,1089535
513626,2;0,1089493
513642,7;0,1089493
513659,3;0,1089463
513675,8;0,1089463
513693,2;0,1089346
513711,9;0,1089244
513728,5;0,1089142
513745,6;0,1089112
513761,6;0,1088936
513778,2;0,1088905
513795;0,1088758
513811,3;0,1088714
513828,1;0,1088714
513844,5;0,1088597
513861;0,1088464
513877,6;0,108842
513894,2;0,1088346
513910,7;0,1088272
513927,3;0,1088212
513943,8;0,1088108
513960,4;0,1088048
513977;0,1088048
513993,5;0,1087915
514010,1;0,1087887
514026,8;0,1087828
514043,3;0,1087815
514059,8;0,10878
514076,5;0,10878
514093;0,1087798
514109,5;0,1087724
514126,5;0,1087725
514142,6;0,1087726
514159,3;0,1087681
514175,8;0,1087681
514192,3;0,1087681
514209;0,1087579
514225,5;0,1087506
514242,1;0,1087448
514258,6;0,1087448
514275,6;0,1087433
514292;0,1087404
514308,3;0,1087391
514324,9;0,1087376
514341,4;0,1087258
514358,2;0,1087141
514374,6;0,1086964
514391,8;0,1086846
514407,9;0,1086773
514424,6;0,108661
514440,8;0,1086461
514457,4;0,1086356
514474,1;0,1086253
514490,6;0,1086253
514507,2;0,1085926
514523,9;0,108582
514540,2;0,1085656
514559,2;0,1085432
514575,2;0,1085116
514591,8;0,1084875
514608,7;0,1084875
514625,1;0,1084649
514641,5;0,1084424
514658;0,1084287
514675,3;0,1084135
514692;0,1084
514707,7;0,1083924
514724,6;0,108385
514740,8;0,108385
514757,4;0,1083746
514774,3;0,1083747
514790,7;0,1083717
514807,1;0,1083643
514823,7;0,1083688
514840,3;0,1083643
514857,4;0,1083628
514873,4;0,1083583
514890,3;0,1083597
514906,6;0,1083567
514923,1;0,1083567
514939,6;0,1083566
514956,3;0,1083566
514973,2;0,1083523
514989,4;0,1083435
515005,9;0,1083319
515022,5;0,1083232
515039,1;0,1083187
515055,7;0,1083157
515072,3;0,1083128
515088,8;0,1083128
515105,3;0,108304
515122,4;0,1083026
515138,5;0,1083026
515155;0,1083026
515171,6;0,1083055
515188,2;0,1083056
515204,7;0,1083115
515221,3;0,1083174
515237,8;0,1083205
515254,5;0,1083264
515271;0,1083264
515287,6;0,108341
515305,1;0,1083528
515320,8;0,1083602
515337,3;0,1083602
515354,2;0,1083662
515370,7;0,1083886
515387;0,1083959
515403,6;0,1084004
515420,9;0,1084004
515437,8;0,1084167
515454,4;0,1084451
515470,9;0,108454
515487,4;0,1084643
515504;0,1084643
515520,6;0,1084925
515537,1;0,1085
515553,7;0,1085074
515570,3;0,1085149
515586,8;0,1085149
515603,4;0,1085222
515619,9;0,1085474
515636,8;0,108577
515653,1;0,108586
515669,7;0,1085978
515686,2;0,1086096
515703,1;0,1086096
515719,4;0,1086229
515735,9;0,1086229
515752,8;0,1086347
515769,7;0,1086362
515785,9;0,1086421
515802,2;0,108645
515818,8;0,108648
515835,6;0,108651
515851,9;0,1086568
515868,5;0,1086553
515885;0,1086583
515901,6;0,1086583
515918,2;0,1086553
515934,8;0,1086553
515951,5;0,1086612
515968;0,1086642
515984,4;0,1086686
516001;0,1086686
516017,6;0,1086744
516034,4;0,1086788
516050,7;0,1086847
516067,3;0,1086934
516083,8;0,1087023
516100,4;0,1087009
516117,6;0,1087039
516134;0,1087111
516150,1;0,1087155
516167,1;0,1087213
516183,2;0,1087213
516199,8;0,1087228
516216,4;0,1087228
516233,3;0,1087331
516249,5;0,1087374
516266,2;0,1087623
516287,6;0,108774
516299,5;0,1087829
516315,8;0,1087844
516332,3;0,1087977
516348,9;0,1087977
516365,7;0,1088036
516382,3;0,1088212
516398,6;0,10883
516415,8;0,1088344
516431,7;0,1088344
516448,7;0,108855
516464,8;0,1088667
516481,4;0,1088756
516498,1;0,1088771
516514,6;0,108883
516531,1;0,1089022
516547,8;0,1089156
516564,3;0,108923
516581;0,108923
516597,4;0,108923
516614,3;0,1089393
516630,6;0,1089466
516647,1;0,1089525
516663,8;0,108954
516680,3;0,108954
516696,8;0,1089585
516713,4;0,108957
516730,2;0,108957
516746,5;0,1089615
516763,1;0,1089586
516779,7;0,108957
516796,2;0,10896
516812,8;0,10896
516829,3;0,1089629
516845,9;0,1089629
516862,6;0,1089644
516879;0,1089644
516895,6;0,1089717
516912,2;0,1089762
516929,1;0,1089836
516945,4;0,1089909
516961,8;0,1089909
516978,6;0,1090056
516995;0,1090085
517011,5;0,1090202
517028,1;0,109032
517044,7;0,1090393
517061,7;0,1090393
517077,8;0,1090422
517094,4;0,1090629
517111;0,1090703
517127,6;0,1090747
517144,1;0,1090747
517160,7;0,1090746
517177,3;0,1090806
517194,2;0,109088
517210,4;0,1090879
517227,1;0,1090908
517243,8;0,1090908
517260,1;0,1090923
517276,6;0,1090923
517293,3;0,1090923
517309,8;0,1090893
517326,3;0,1090878
517342,9;0,1090848
517359,4;0,1090833
517376,2;0,1090757
517392,6;0,1090728
517409,3;0,1090713
517426;0,1090653
517442,3;0,1090562
517458,9;0,1090547
517475,4;0,1090547
517492,3;0,1090532
517509,2;0,1090532
517525,3;0,1090532
517542,1;0,1090413
517558,7;0,1090324
517575;0,1090279
517591,4;0,1090219
517608;0,1090174
517624,6;0,109013
517641,2;0,1090099
517657,7;0,1090023
517674,3;0,1089993
517691,2;0,1089978
517707,3;0,1089964
517723,9;0,1089964
517740,5;0,1090008
517757,1;0,1090037
517773,6;0,1090066
517790,5;0,109011
517806,8;0,1090138
517823,6;0,1090183
517839,9;0,1090198
517856,4;0,1090212
517873,1;0,1090212
517889,7;0,1090299
517906,3;0,1090358
517923,1;0,1090358
517939,3;0,1090358
517955,9;0,1090374
517973,3;0,1090419
517989;0,1090404
518006;0,109039
518022,2;0,109039
518039,3;0,1090375
518055,3;0,109039
518072,2;0,109039
518088,6;0,1090405
518105;0,1090405
518121,5;0,109039
518138,1;0,109036
518154,7;0,109036
518171,6;0,1090361
518187,8;0,109039
518204,7;0,109039
518220,9;0,1090375
518237,6;0,1090405
518254,1;0,1090361
518270,6;0,1090361
518287,2;0,1090346
518303,8;0,1090345
518320,6;0,1090315
518337,3;0,1090315
518353,5;0,1090315
518370,3;0,1090344
518386,8;0,1090299
518403,3;0,1090284
518419,8;0,1090284
518436,5;0,1090269
518452,9;0,1090315
518469,4;0,1090285
518486;0,1090329
518502,6;0,1090329
518519,6;0,1090343
518535,7;0,1090314
518552,6;0,1090314
518568,8;0,1090313
518585,4;0,1090313
518602,3;0,1090312
518618,5;0,1090297
518635,1;0,1090267
518651,7;0,1090252
518668,3;0,1090281
518684,8;0,1090281
518701,3;0,1090296
518718,4;0,1090281
518734,6;0,109034
518751;0,109031
518767,7;0,109031
518784,2;0,109034
518800,8;0,1090398
518817,8;0,1090443
518834;0,1090563
518850,7;0,1090593
518867;0,1090608
518888,6;0,1090668
518900,2;0,1090713
518916,8;0,1090728
518933,3;0,1090728
518949,9;0,1090772
518966,4;0,1090801
518983;0,1090817
518999,6;0,1090877
519016,2;0,1090862
519032,7;0,1090893
519049,6;0,1090893
519066,2;0,1090923
519082,4;0,1090938
519098,9;0,1090923
519115,5;0,1090953
519132,1;0,1090953
519148,7;0,1091072
519165,3;0,1091057
519182;0,1091057
519198,5;0,1091087
519215,3;0,1091148
519231,5;0,1091178
519248,1;0,1091223
519264,8;0,1091223
519281,4;0,1091253
519297,8;0,1091253
519314,3;0,1091344
519331,1;0,1091359
519347,6;0,1091359
519364,4;0,1091344
519380,6;0,1091389
519397,2;0,1091374
519413,8;0,1091433
519430,5;0,1091433
519446,8;0,1091403
519463,8;0,1091463
519480,2;0,1091463
519496,9;0,1091537
519513,4;0,1091567
519529,7;0,1091596
519546,4;0,1091626
519563,3;0,1091716
519579,4;0,1091716
519596;0,1091776
519612,6;0,1091776
519629,1;0,109179
519645,9;0,1091805
519662,3;0,1091835
519678,8;0,109188
519695,4;0,109191
519711,9;0,1091939
519728,5;0,1091939
519745,1;0,1091954
519766,5;0,1092014
519783;0,1091984
519799,6;0,1091984
519816,4;0,1091984
519832,9;0,1091867
519849,8;0,1091822
519866,3;0,1091765
519882,4;0,1091677
519899;0,1091662
519915,5;0,1091589
519933,2;0,1091574
519948,7;0,1091499
519965,3;0,1091396
519982,1;0,1091381
519998,4;0,1091337
520015;0,1091307
520031,6;0,1091307
520048,8;0,1091307
520064,7;0,1091293
520081,3;0,1091278
520097,8;0,1091233
520114,4;0,1091219
520130,9;0,1091234
520147,5;0,1091234
520164,1;0,1091205
520180,8;0,1091175
520197,2;0,1091161
520213,9;0,1091103
520230,3;0,1091087
520247,5;0,1091087
520263,4;0,1091057
520280;0,1091029
520296,6;0,1091029
520313,3;0,109103
520329,7;0,1091001
520346,5;0,1090986
520363,5;0,1090971
520379,4;0,1090971
520396;0,1090971
520412,5;0,1090971
520429,9;0,1090957
520446;0,1090942
520462,8;0,1090927
520478,8;0,1090898
520496,2;0,1090869
520512,3;0,1090839
520528,5;0,1090795
520545,1;0,1090765
520561,7;0,109072
520578,3;0,1090676
520594,8;0,1090676
520615,3;0,1090691
520627,9;0,1090677
520644,5;0,1090647
520661,1;0,1090573
520677,6;0,1090603
520694,2;0,1090588
520711,2;0,1090588
520727,7;0,1090559
520743,9;0,1090427
520760,6;0,1090353
520777,2;0,1090353
520793,8;0,1090277
520810,2;0,1090248
520826,8;0,1090115
520843,3;0,1090055
520859,9;0,1089995
520876,9;0,1089936
520893,1;0,1089936
520909,5;0,1089862
520926,2;0,1089803
520942,7;0,1089728
520959,2;0,1089743
520975,8;0,1089713
520992,4;0,1089683
521009;0,1089683
521025,5;0,1089683
521042,1;0,1089653
521058,7;0,1089593
521075,3;0,1089578
521092;0,1089548
521108,4;0,1089518
521124,9;0,1089384
521141,7;0,1089339
521158,1;0,1089324
521174,6;0,1089324
521191,2;0,1089174
521207,8;0,10891
521224,3;0,1088996
521240,9;0,1088981
521257,4;0,1088966
521274,2;0,1088891
521290,7;0,1088831
521307,1;0,1088756
521323,7;0,1088756
521340,3;0,1088695
521356,9;0,1088695
521373,4;0,1088592
521390;0,1088458
521406,9;0,1088429
521423,8;0,1088399
521439,7;0,1088354
521456,4;0,108828
521472,8;0,1088205
521492,1;0,1088175
521506,3;0,1088071
521522,5;0,1087983
521539,1;0,1087908
521555,9;0,1087863
521572,2;0,1087773
521588,8;0,1087744
521605,3;0,1087685
521621,9;0,1087625
521638,5;0,108761
521655;0,108761
521671,6;0,108752
521688,2;0,1087432
521705,1;0,1087372
521722,2;0,1087327
521737,9;0,1087312
521754,8;0,1087267
521771,1;0,1087222
521788,2;0,1087236
521804,1;0,1087222
521820,8;0,1087309
521837,3;0,1087338
521854,5;0,1087353
521870,4;0,1087353
521887;0,108747
521903,6;0,1087587
521920,1;0,1087691
521936,8;0,1087691
521953,3;0,1087721
521969,8;0,1087721
521986,4;0,1087779
522003,3;0,1087839
522020,2;0,1087869
522036,1;0,1088001
522053,2;0,1088047
522069,2;0,108812
522085,9;0,1088163
522102,4;0,1088178
522118,9;0,1088178
522135,5;0,1088178
522152,2;0,1088251
522169,1;0,1088295
522185,2;0,1088355
522201,8;0,1088355
522218,5;0,108834
522234,9;0,1088413
522251,5;0,1088428
522268,3;0,1088458
522284,6;0,1088473
522301,2;0,1088502
522317,8;0,1088532
522334,3;0,1088561
522354,3;0,1088619
522367,4;0,1088634
522384;0,1088649
522400,8;0,1088664
522417,1;0,1088664
522433,7;0,1088649
522450,5;0,1088664
522466,8;0,1088664
522483,4;0,1088739
522499,9;0,1088752
522516,5;0,1088797
522533,1;0,1088796
522549,7;0,1088796
522566,2;0,1088827
522582,8;0,1088916
522599,5;0,1088901
522615,9;0,1088931
522632,9;0,1088931
522649,1;0,1088931
522665,7;0,1088931
522682,2;0,108902
522698,8;0,1089034
522715,3;0,1089049
522732,6;0,1089152
522748,5;0,1089241
522765,6;0,1089256
522781,6;0,1089301
522798,2;0,1089406
522814,8;0,1089493
522831,3;0,1089524
522847,8;0,1089613
522864,4;0,1089641
522881;0,1089701
522897,9;0,1089701
522914,8;0,1089806
522930,7;0,1089835
522947,3;0,1089894
522964,1;0,1089983
522980,4;0,1089983
522997,6;0,1090013
523013,6;0,1090013
523030,1;0,1090058
523046,6;0,1090088
523063,7;0,1090163
523079,8;0,1090178
523096,4;0,1090178
523113,8;0,1090237
523129,5;0,1090312
523146,3;0,1090327
523162,9;0,1090327
523179,6;0,1090372
523195,8;0,1090446
523212,5;0,1090521
523228,9;0,109061
523245,5;0,109061
523262;0,1090595
523278,6;0,1090595
523295,8;0,1090624
523311,7;0,1090699
523328,3;0,1090804
523344,8;0,1090789
523361,7;0,1090863
523378;0,1090863
523394,5;0,1090952
523411,1;0,1090967
523427,8;0,1091042
523444,8;0,1091086
523460,8;0,1091101
523477,4;0,1091101
523494;0,1091205
523510,5;0,1091294
523527,1;0,1091338
523543,6;0,1091382
523560,3;0,1091442
523577,2;0,1091442
523593,4;0,1091547
523609,9;0,1091637
523626,5;0,1091681
523643,3;0,1091758
523659,8;0,1091817
523676,6;0,1091983
523692,8;0,1091998
523709,3;0,1092074
523725,9;0,1092179
523743,2;0,1092299
523759;0,1092375
523775,6;0,1092482
523792,3;0,109265
523808,7;0,1092816
523825,5;0,1092846
523842,4;0,1092985
523858,4;0,1092985
523875,4;0,1093136
523891,7;0,109321
523908,2;0,109321
523924,7;0,1093287
523941,3;0,1093454
523957,8;0,1093744
523974,4;0,1093773
523991;0,1093911
524007,5;0,1094018
524024,2;0,1094169
524040,7;0,1094276
524057,9;0,1094276
524073,8;0,109455
524091,8;0,1094702
524108,4;0,109487
524125,3;0,1094915
524141,5;0,1094915
524158,1;0,1095341
524174,7;0,1095341
524191,5;0,1095648
524207,8;0,10958
524224,5;0,1096013
524241;0,1096133
524257,8;0,1096256
524274,6;0,1096333
524290,6;0,1096578
524307,2;0,1096698
524323,8;0,1096835
524340,3;0,1096835
524357,3;0,1097142
524373,5;0,1097218
524390,1;0,1097218
524406,6;0,1097491
524423,2;0,1097689
524439,8;0,1097917
524456,3;0,1097917
524472,9;0,1098039
524489,9;0,1098405
524506;0,1098605
524522,6;0,1098605
524539,1;0,1098711
524555,8;0,1098711
524572,3;0,1099031
524588,9;0,1099522
524605,4;0,1099538
524622;0,1099598
524638,6;0,1099672
524655,1;0,1099746
524671,7;0,1099777
524688,3;0,1099807
524704,8;0,1099867
524721,4;0,1099928
524738;0,1099928
524754,9;0,1100004
524771,1;0,110008
524787,9;0,110011
524804,2;0,110017
524820,8;0,110017
524837,3;0,1100339
524853,9;0,11004
524870,7;0,1100568
524887;0,1100738
524903,6;0,1100861
524920,3;0,1100921
524936,8;0,1101
524953,5;0,1101
524969,9;0,1101108
524986,4;0,110126
525003,3;0,1101321
525019,6;0,1101352
525036,1;0,1101429
525053,1;0,1101459
525069,3;0,1101459
525085,8;0,1101429
525102,9;0,1101474
525119;0,1101444
525135,8;0,11014
525152,4;0,1101385
525168,7;0,1101385
525185,4;0,110137
525201,8;0,1101355
525218,6;0,1101207
525235;0,1101103
525251,5;0,1101073
525268,1;0,1101029
525284,7;0,1101029
525301,2;0,1100955
525317,8;0,1100925
525334,6;0,1100896
525350,9;0,110091
525367,5;0,110091
525384,6;0,1100835
525400,6;0,1100821
525417,2;0,1100777
525433,8;0,1100762
525450,4;0,1100686
525466,9;0,1100702
525483,4;0,1100688
525500;0,1100583
525516,6;0,1100553
525533,1;0,1100524
525549,8;0,1100524
525566,3;0,1100434
525582,9;0,1100434
525599,4;0,1100419
525615,9;0,1100434
525632,6;0,1100388
525649,2;0,1100447
525665,7;0,1100523
525682,7;0,1100569
525699,4;0,11006
525715,7;0,1100646
525732;0,1100862
525748,6;0,110094
525765,1;0,1100971
525781,6;0,1100971
525798,2;0,1101017
525814,8;0,1101016
525831,4;0,1101016
525848,5;0,1101077
525864,5;0,1101229
525881,1;0,1101306
525897,6;0,1101306
525914,2;0,110129
525930,8;0,1101183
525947,3;0,1101184
525964,3;0,1101138
525980,5;0,1100954
525997,1;0,1100878
526013,6;0,1100816
526030,1;0,1100816
526046,7;0,1100589
526063,3;0,1100391
526079,8;0,1100315
526096,9;0,110027
526113;0,1100118
526129,5;0,1099934
526146,8;0,1099735
526163,1;0,1099629
526179,4;0,109943
526195,8;0,1099276
526212,4;0,1099093
526228,9;0,1099093
526245,6;0,109891
526262,6;0,1098695
526278,7;0,1098526
526295,3;0,1098481
526312,6;0,1098419
526328,4;0,1098192
526345;0,1097917
526361,6;0,1097917
526378,1;0,1097736
526394,7;0,1097582
526411,4;0,10974
526428;0,1097324
526444,3;0,1097324
526460,9;0,1097201
526477,4;0,1097201
526494,1;0,1096988
526510,6;0,1096441
526527,2;0,1096119
526544,1;0,1096013
526560,3;0,1095799
526576,8;0,1095629
526593,4;0,1095446
526610;0,1095446
526626,8;0,1095341
526643,4;0,1095238
526659,7;0,1095104
526676,3;0,1095058
526692,8;0,1094969
526709,4;0,1094881
526725,9;0,1094746
526743;0,1094746
526759,4;0,1094402
526775,6;0,1094402
526792,3;0,1094209
526808,8;0,1094073
526825,7;0,1093924
526842,4;0,1093772
526858,7;0,1093665
526875,1;0,1093606
526892,6;0,1093165
526908,3;0,1092999
526924,9;0,1092833
526941,3;0,1092697
526958;0,1092605
526974,4;0,109241
526991;0,1092199
527007,6;0,1092064
527024,4;0,1091991
527041;0,1091991
527057,3;0,1091751
527073,9;0,1091736
527090,4;0,1091736
527107;0,1091692
527123,6;0,1091692
527140,4;0,1091486
527156,7;0,1091412
527173,7;0,1091412
527189,8;0,1091383
527206,4;0,1091324
527223;0,1091324
527239,8;0,1091178
527256,5;0,1091134
527272,6;0,1091104
527289,2;0,109103
527306,1;0,1091015
527322,9;0,109103
527338,9;0,1091015
527355,7;0,1091
527372,3;0,1091031
527388,6;0,1091045
527405,4;0,109106
527421,8;0,109103
527438,3;0,109103
527454,9;0,1091045
527471,6;0,1091045
527488,1;0,1091045
527504,6;0,1090986
527521,1;0,1090985
527537,8;0,1091
527554,8;0,1091015
527570,9;0,1091015
527587,4;0,1091015
527604,1;0,1090852
527621,2;0,1090837
527637,1;0,1090792
527653,7;0,1090506
527670,3;0,1090358
527686,8;0,1090133
527704,2;0,1090133
527720,3;0,108998
527736,5;0,1089876
527753,1;0,1089876
527769,6;0,1089695
527786,2;0,1089105
527802,8;0,1088518
527819,6;0,1088246
527836,7;0,1088034
527852,5;0,1087792
527869,3;0,1087792
527885,6;0,1087656
527902,2;0,1087327
527918,8;0,1087191
527935,3;0,1087104
527952,4;0,1087074
527968,6;0,1087029
527985;0,1087014
528001,6;0,1086852
528018,1;0,1086837
528034,8;0,1086777
528051,3;0,1086763
528068,3;0,108672
528084,4;0,1086647
528101;0,1086617
528117,6;0,1086558
528134,1;0,1086425
528150,7;0,1086291
528167,3;0,1086204
528183,8;0,1086115
528200,4;0,1086012
528217;0,1085909
528233,5;0,1085865
528250,1;0,1085542
528266,7;0,1085277
528283,4;0,1085161
528299,9;0,1085161
528316,6;0,1084883
528332,9;0,1084635
528349,5;0,1084506
528366;0,1084506
528383;0,1084432
528399,2;0,1084432
528415,9;0,1084125
528435,5;0,1083934
528448,9;0,1083582
528465,4;0,108351
528482;0,1083349
528499,1;0,108329
528515,1;0,1083129
528531,9;0,1083129
528548,3;0,1082909
528564,8;0,1082732
528581,4;0,1082616
528598,3;0,1082469
528614,6;0,108241
528631,1;0,1082337
528647,8;0,1082235
528664,5;0,1082235
528680,8;0,1082059
528697,5;0,1082059
528713,9;0,1081987
528730,5;0,1081944
528747,2;0,1081886
528764,2;0,1081842
528780,2;0,1081813
528796,8;0,1081784
528813,9;0,1081711
528829,9;0,1081711
528846,5;0,1081682
528863,4;0,1081565
528879,6;0,1081506
528896,2;0,1081448
528912,8;0,1081448
528929,3;0,1081332
528945,9;0,1081244
528962,6;0,108114
528979;0,108114
528995,9;0,108114
529012,3;0,108114
529028,7;0,1081111
529045,3;0,1081067
529062,1;0,1080933
529078,4;0,1080802
529095,2;0,1080744
529111,7;0,1080744
529128,1;0,1080685
529144,6;0,1080627
529161,4;0,1080597
529178,7;0,1080568
529194,4;0,1080525
529210,9;0,1080495
529227,6;0,1080464
529244,1;0,1080464
529260,6;0,1080464
529277,4;0,1080362
529294,4;0,1080303
529310,4;0,1080259
529326,9;0,1080097
529344;0,1080097
529360,1;0,1079892
529376,6;0,1079803
529393,2;0,1079803
529409,8;0,1079687
529426,3;0,1079438
529442,9;0,1079306
529459,5;0,1079174
529476;0,1079145
529492,6;0,1079145
529509,6;0,1079101
529525,7;0,1079087
529542,4;0,1079087
529559,2;0,1078985
529575,4;0,107897
529592;0,1078912
529608,5;0,1078854
529625,8;0,1078854
529641,7;0,1078824
529658,3;0,1078811
529674,8;0,1078811
529691,4;0,1078796
529707,9;0,1078812
529724,6;0,1078887
529741,1;0,1078932
529757,6;0,1078916
529774,3;0,1078945
529790,8;0,107896
529807,7;0,107896
529823,9;0,1079003
529840,4;0,1079004
529857,3;0,1079033
529873,7;0,1079033
529890,4;0,1079033
529906,8;0,1079121
529923,3;0,1079092
529939,9;0,1079077
529956,8;0,1079062
529973,3;0,1079106
529989,6;0,1079135
530006,5;0,1079106
530022,7;0,1079121
530039,3;0,1079136
530055,9;0,1079121
530072,8;0,1079165
530089;0,1079164
530105,5;0,1079192
530122,1;0,1079192
530138,7;0,1079251
530157,8;0,1079281
530174,3;0,1079281
530190,9;0,1079384
530207,6;0,1079487
530224,3;0,107956
530240,6;0,1079634
530257,4;0,1079634
530274,2;0,1079926
530290,3;0,1079926
530306,9;0,1080013
530323,7;0,1080028
530340;0,1080261
530356,7;0,1080624
530373,2;0,1080786
530389,9;0,1080961
530406,3;0,1081048
530422,9;0,108115
530439,4;0,1081325
530456,1;0,1081325
530472,6;0,1081532
530489,5;0,1081532
530505,8;0,1081663
530522,4;0,108175
530538,8;0,1081852
530555,6;0,1081941
530571,9;0,1081984
530588,5;0,1082044
530605,1;0,1082293
530621,8;0,1082409
530638,4;0,1082496
530654,8;0,1082557
530671,4;0,1082719
530687,9;0,108282
530704,4;0,108282
530721,1;0,1082937
530737,6;0,1083054
530754,5;0,1083216
530770,8;0,1083288
530787,3;0,1083288
530803,9;0,1083582
530820,4;0,1083642
530837,1;0,1083742
530853,7;0,1083801
530870,1;0,1083846
530886,8;0,1083963
530903,3;0,1084022
530920,9;0,1084095
530936,4;0,1084095
530953,1;0,1084095
530969,9;0,108411
530986,1;0,1084405
531002,7;0,1084667
531019,3;0,1084698
531035,9;0,1084816
531052,4;0,1084918
531069,3;0,108502
531085,5;0,1085152
531102,5;0,1085269
531119;0,1085312
531135,3;0,1085401
531152,1;0,1085429
531168,4;0,1085503
531184,9;0,108565
531201,5;0,1085797
531218,1;0,1085827
531234,6;0,1085899
531251,2;0,1085959
531267,8;0,1086003
531284,3;0,1086076
531301,1;0,1086061
531317,6;0,1086106
531334,3;0,1086194
531350,6;0,1086268
531367,1;0,1086283
531383,8;0,1086283
531400,8;0,1086296
531417,3;0,108631
531433,4;0,108628
531449,9;0,1086265
531466,6;0,1086265
531483,3;0,1086178
531499,7;0,1086118
531516,3;0,1085987
531533,1;0,1085973
531549,4;0,1085958
531566,5;0,1085928
531582,8;0,1085884
531599,3;0,1085884
531615,8;0,1085825
531632,3;0,1085692
531648,8;0,1085605
531665,4;0,1085605
531682,5;0,1085588
531698,5;0,1085573
531715;0,1085573
531731,6;0,1085515
531748,7;0,1085485
531765,1;0,1085442
531781,5;0,1085442
531798,1;0,1085457
531814,4;0,1085383
531831;0,1085309
531847,6;0,1085323
531864,8;0,1085323
531886,7;0,1085322
531897,3;0,1085234
531913,8;0,1085221
531930,7;0,1085177
531946,9;0,1085177
531963,6;0,108506
531980,3;0,1085015
531996,6;0,1085
532013,3;0,1085
532029,8;0,1084999
532046,8;0,1085028
532063,4;0,1085028
532079,7;0,1085059
532096,6;0,1085104
532112,6;0,1085119
532129,2;0,1085134
532145,8;0,1085222
532162,8;0,1085311
532178,9;0,1085341
532196,4;0,1085414
532212,1;0,1085414
532228,9;0,1085473
532245,2;0,1085473
532261,8;0,108562
532278,3;0,1085695
532294,9;0,1085725
532311,8;0,1085799
532328;0,1085903
532344,6;0,1085948
532361,1;0,1086023
532377,7;0,1086037
532394,4;0,1086098
532410,8;0,1086203
532427,6;0,1086325
532444,4;0,1086369
532460,8;0,1086503
532477,1;0,108658
532493,8;0,108676
532510,3;0,1086866
532526,8;0,1086866
532543,4;0,1087121
532560,1;0,1087182
532576,8;0,1087258
532593,6;0,1087546
532609,6;0,1087742
532626,6;0,1087863
532642,8;0,108791
532659,4;0,1087969
532675,9;0,1088212
532692,4;0,1088364
532709,2;0,108847
532725,6;0,1088591
532742,2;0,1088698
532758,8;0,1088805
532775,4;0,1088805
532792,3;0,108908
532808,6;0,1089172
532825,6;0,1089385
532841,6;0,1089385
532858,1;0,1089536
532874,7;0,1089581
532891,3;0,1089749
532907,8;0,1090341
532924,4;0,1090432
532941;0,1090647
532957,5;0,1090722
532974,6;0,1090875
532990,7;0,1091071
533007,6;0,1091407
533023,8;0,109162
533040,8;0,1091741
533056,9;0,1091925
533073,7;0,1092079
533090,1;0,1092233
533106,6;0,1092293
533123,3;0,1092385
533139,9;0,1092415
533156,8;0,1092415
533172,9;0,1092505
533189,4;0,1092609
533206,1;0,10927
533223,1;0,1092715
533239,2;0,1092775
533255,8;0,1093033
533272,3;0,1093196
533288,9;0,10933
533305,4;0,10933
533322;0,1093703
533339;0,1093853
533355,2;0,1093973
533371,7;0,109415
533388,3;0,1094391
533405,3;0,1094538
533421,4;0,1094673
533438;0,1094701
533454,5;0,1095147
533471,1;0,1095249
533487,7;0,1095249
533504,5;0,1095367
533520,8;0,109547
533537,4;0,1095631
533554,3;0,1096179
533570,9;0,1096371
533587,1;0,1096517
533606,6;0,1096694
533623,3;0,1096872
533639,8;0,1096989
533656,4;0,1097122
533672,9;0,1097301
533689,5;0,1097375
533706,1;0,1097478
533723;0,1097507
533739,2;0,1097803
533755,8;0,1097818
533772,3;0,1098012
533789,2;0,1098131
533805,9;0,1098278
533822;0,1098353
533838,6;0,1098353
533855,2;0,1098545
533871,7;0,1098576
533888,3;0,109862
533905,6;0,1098692
533921,7;0,1098765
533938;0,109881
533954,5;0,1098956
533971,1;0,1099015
533987,7;0,1099149
534004,3;0,1099254
534020,8;0,1099328
534037,4;0,1099358
534053,9;0,1099433
534070,9;0,1099433
534087,1;0,1099597
534103,8;0,1099612
534120,6;0,1099702
534136,8;0,1099747
534153,4;0,1099747
534169,9;0,1099777
534187;0,1099883
534203,1;0,1099883
534219,6;0,1099944
534236,2;0,1100035
534252,8;0,1100112
534269,4;0,1100112
534285,9;0,1100157
534302,9;0,1100188
534319,3;0,1100204
534335,7;0,110025
534352,2;0,110025
534368,8;0,1100266
534385,3;0,1100281
534401,9;0,1100281
534418,4;0,1100281
534435,7;0,1100251
534451,8;0,1100266
534468,1;0,1100266
534484,7;0,110025
534501,8;0,1100234
534517,8;0,1100188
534534,4;0,1100189
534551,3;0,1100189
534567,5;0,1100097
534584,1;0,1100082
534600,7;0,1100066
534617,3;0,1100036
534633,9;0,1100005
534651,4;0,1100005
534667,1;0,1100052
534683,5;0,1100113
534700,3;0,1100191
534717;0,1100221
534733,4;0,1100297
534749,8;0,1100297
534766,8;0,1100343
534782,9;0,1100343
534800,1;0,1100343
534816,2;0,1100449
534832,6;0,1100634
534849,8;0,1100633
534865,9;0,1100632
534882,3;0,1100603
534898,9;0,1100603
534915,4;0,1100557
534932;0,1100541
534948,6;0,1100541
534965,1;0,1100542
534981,7;0,1100541
534998,3;0,110048
535014,8;0,1100464
535031,5;0,1100464
535048;0,1100373
535064,8;0,1100343
535081,9;0,1100403
535097,6;0,1100387
535114,9;0,1100462
535131,1;0,1100524
535147,4;0,11006
535164;0,1100648
535180,8;0,1100772
535197,1;0,1100863
535213,8;0,1100926
535230,2;0,110091
535246,8;0,1100878
535264;0,1100863
535279,9;0,1100787
535296,6;0,1100635
535313,1;0,1100574
535329,7;0,1100467
535346,1;0,1100423
535362,8;0,1100288
535379,3;0,1100288
535395,9;0,1100288
535412,8;0,1100288
535429;0,1100197
535445,9;0,1100152
535462,3;0,1099911
535478,9;0,1099686
535495,3;0,1099553
535511,8;0,1099493
535528,4;0,1099404
535545;0,1099359
535561,5;0,1099285
535578,1;0,1099107
535594,7;0,1098974
535611,2;0,1098899
535628,3;0,1098899
535644,6;0,1098752
535660,9;0,1098618
535677,7;0,1098573
535694,1;0,1098499
535710,6;0,1098469
535728;0,1098232
535743,8;0,1098097
535760,3;0,1098037
535776,9;0,1097978
535793,4;0,1097963
535810;0,10978
535826,9;0,1097712
535843,1;0,1097667
535859,8;0,1097667
535876,6;0,1097623
535892,9;0,1097652
535909,6;0,1097623
535925,9;0,1097698
535943,1;0,1097652
535959,3;0,1097712
535975,7;0,1097682
535992,4;0,1097682
536008,9;0,1097622
536025,4;0,1097591
536041,9;0,1097637
536058,6;0,1097607
536075,1;0,1097607
536091,8;0,1097531
536108,2;0,1097339
536124,8;0,1097219
536141,4;0,1097087
536157,9;0,1097011
536174,5;0,1096938
536191,1;0,1096862
536208,3;0,1096683
536225,1;0,1096518
536241,5;0,1096473
536258;0,1096396
536274,8;0,109635
536291,1;0,109629
536307,7;0,1096274
536324,3;0,1096213
536340,8;0,1096213
536357,4;0,1096228
536374,4;0,1096227
536390,6;0,1096227
536407,3;0,1096304
536423,6;0,1096366
536440,2;0,109632
536457;0,1096365
536473,3;0,1096365
536489,9;0,1096395
536506,5;0,1096472
536523,5;0,1096533
536540,3;0,1096533
536556,1;0,1096655
536572,9;0,1096716
536589,3;0,1096748
536605,9;0,1096824
536622,6;0,1096809
536639;0,1096885
536655,6;0,1096885
536672,1;0,1096885
536689;0,10969
536705,7;0,10969
536721,9;0,10969
536738,4;0,1096915
536754,9;0,1096778
536771,6;0,1096732
536788,1;0,1096732
536804,7;0,1096655
536821,3;0,1096577
536837,8;0,1096531
536854,4;0,1096561
536870,9;0,1096561
536887,5;0,1096546
536904,2;0,1096577
536920,6;0,1096623
536937,2;0,1096639
536953,8;0,1096623
536970,3;0,1096653
536986,9;0,1096592
537003,5;0,1096638
537020;0,1096638
537037,1;0,1096593
537055,6;0,1096548
537069,8;0,1096439
537086,6;0,1096439
537103,1;0,1096347
537119,4;0,109621
537136;0,1095967
537152,6;0,1095738
537169,1;0,1095481
537185,8;0,109536
537202,3;0,1095224
537218,9;0,1095148
537235,4;0,1095058
537252,4;0,1094984
537269;0,1094969
537285,1;0,1094939
537301,7;0,1094984
537319,1;0,1094984
537335;0,1095014
537351,4;0,1095014
537367,9;0,1095059
537384,5;0,1095089
537401,4;0,1095436
537417,7;0,1095695
537434,7;0,109583
537450,8;0,1095935
537467,4;0,1096056
537484;0,1096189
537500,5;0,1096265
537517;0,1096444
537533,6;0,1096536
537550,2;0,109667
537567,4;0,1096868
537583,4;0,1096973
537600;0,1097094
537616,9;0,1097335
537633;0,1097575
537649,6;0,1097575
537666,1;0,1097802
537682,7;0,1098046
537699,6;0,1098304
537715,8;0,1098546
537732,6;0,1098744
537748,9;0,1098849
537765,6;0,1099153
537782,1;0,1099153
537798,6;0,1099729
537815,3;0,1099714
537831,8;0,1100049
537848,5;0,1100199
537865;0,110032
537881,5;0,110038
537898,1;0,1100425
537914,6;0,110044
537933,4;0,1100543
537948,2;0,1100665
537964,4;0,110068
537980,9;0,1100772
537997,5;0,1100772
538014,1;0,1100955
538030,6;0,1101278
538047,2;0,1101339
538063,9;0,1101506
538080,3;0,1101658
538097,2;0,1101734
538114,1;0,1101962
538130;0,1102251
538146,8;0,1102598
538163,1;0,1102763
538179,8;0,1103066
538196,5;0,1103338
538213,1;0,1103507
538229,8;0,1103657
538246;0,1103825
538262,5;0,1103825
538279,4;0,1104176
538295,6;0,1104176
538312,3;0,1104314
538328,8;0,1104407
538345,3;0,1104437
538361,9;0,1104437
538379,1;0,1104437
538395,5;0,1104391
538411,6;0,1104343
538428,3;0,1104343
538444,8;0,1104359
538461,3;0,1104359
538477,9;0,1104406
538494,4;0,110439
538511,1;0,110439
538527,6;0,1104436
538544,3;0,1104436
538560,8;0,1104421
538577,6;0,1104406
538593,9;0,1104361
538610,7;0,1104361
538627;0,1104361
538643,6;0,1104347
538660,1;0,1104347
538677,5;0,1104285
538693,5;0,1104193
538709,9;0,1104193
538726,7;0,1104192
538743;0,1104147
538759,5;0,1104132
538776,1;0,1104055
538792,7;0,1103979
538809,6;0,1103994
538825,8;0,1103979
538843,3;0,1103964
538859,3;0,110398
538876,1;0,110398
538892,1;0,1103949
538908,6;0,1103964
538925,4;0,1103995
538942;0,1104057
538958,3;0,1104088
538974,9;0,110415
538991,5;0,1104165
539008,1;0,110418
539024,6;0,1104195
539041,4;0,1104227
539057,8;0,1104287
539074,3;0,1104379
539090,9;0,1104487
539107,4;0,1104686
539124;0,1104822
539140,6;0,110525
539157,1;0,1105448
539173,8;0,1105615
539190,3;0,1105827
539207,3;0,110592
539224,1;0,1106195
539240;0,110621
539256,5;0,1106408
539273,5;0,1106408
539289,9;0,110653
539306,2;0,1107098
539322,8;0,1107696
539339,5;0,1107912
539356,4;0,1107988
539372,8;0,1108082
539389,1;0,110819
539405,8;0,1108266
539422,3;0,1108297
539438,8;0,1108651
539455,3;0,1108837
539472,2;0,1108929
539488,4;0,1109069
539505;0,1109099
539521,6;0,1109191
539538,2;0,1109267
539555,8;0,1109389
539571,3;0,110945
539587,9;0,1109558
539604,4;0,1109558
539621,1;0,110968
539637,6;0,110971
539654,3;0,1109741
539672,1;0,1109788
539687,3;0,1109894
539703,9;0,1109909
539720,7;0,1109893
539737;0,1109922
539753,6;0,1109954
539770,1;0,1109969
539786,7;0,1109969
539803,3;0,1110063
539819,8;0,1110093
539836,6;0,1110169
539852,9;0,1110278
539869,8;0,1110479
539886,5;0,1110479
539902,6;0,1110587
539919,6;0,1110603
539936,3;0,1110817
539952,3;0,1111205
539969,6;0,1111359
539985,5;0,1111451
540002,1;0,1111653
540018,6;0,1111746
540035,3;0,1111883
540051,8;0,1111883
540068,3;0,1111978
540084,8;0,1112038
540101,4;0,1112053
540118;0,1112084
540134,6;0,1112084
540151,1;0,1112084
540167,8;0,1112085
540184,3;0,1112085
540200,9;0,1112085
540217,4;0,1112085
540233,9;0,11121
540250,7;0,1112207
540267,1;0,11123
540283,7;0,1112315
540300,3;0,1112315
540317,1;0,1112438
540333,4;0,1112606
540350,6;0,1112698
540366,5;0,1112776
540383,1;0,1112776
540399,8;0,1113055
540416,4;0,1113348
540433,4;0,1113425
540449,8;0,1113425
540465,9;0,1113503
540482,5;0,1113749
540499,6;0,1113919
540515,8;0,1113919
540532,8;0,1113965
540548,7;0,1113965
540568,3;0,1114106
540584,8;0,1114397
540601,4;0,1114597
540618;0,1114752
540634,5;0,1114829
540651,1;0,1114923
540667,7;0,1114955
540684,3;0,1115184
540700,8;0,1115386
540717,4;0,1115448
540734,3;0,111551
540750,5;0,1115648
540767,1;0,1115788
540783,6;0,111591
540800,3;0,1116081
540816,8;0,1116111
540833,3;0,1116111
540850,1;0,1116264
540866,5;0,1116404
540883,7;0,1116512
540899,6;0,1116559
540916,3;0,111662
540933;0,1116698
540949,3;0,111676
540965,9;0,1116775
540982,4;0,1116775
540999,7;0,1116946
541015,7;0,1117116
541032,1;0,1117239
541048,7;0,1117302
541066;0,1117396
541081,9;0,1117457
541098,4;0,1117551
541115,1;0,1117567
541131,5;0,111766
541148,1;0,111766
541164,7;0,111766
541181,2;0,1117707
541197,8;0,1117707
541214,4;0,1117769
541231,5;0,1117939
541247,6;0,1118046
541264,3;0,1118062
541280,6;0,1118078
541297,6;0,1118094
541313,8;0,1118124
541330,8;0,1118109
541347;0,1118094
541363,4;0,1118079
541380,8;0,1118031
541397,3;0,1118031
541414,1;0,1117985
541430,7;0,1117985
541447;0,1117953
541463,7;0,1117984
541480,3;0,1118
541496,7;0,1118016
541513,3;0,1118016
541529,9;0,1118094
541547,1;0,111825
541563;0,1118342
541579,5;0,1118374
541596,1;0,1118374
541612,7;0,1118606
541629,6;0,1118638
541645,8;0,11187
541662,7;0,1118777
541678,9;0,1118777
541695,5;0,1118933
541712,1;0,1118995
541728,6;0,111912
541745,4;0,1119213
541761,8;0,1119243
541778,3;0,1119258
541794,9;0,111932
541811,6;0,111932
541828,3;0,1119367
541844,9;0,1119382
541861,1;0,1119492
541877,9;0,1119553
541894,3;0,1119632
541910,9;0,1119726
541927,4;0,1119818
541944;0,1119803
541960,6;0,1119787
541977,1;0,1119787
541993,7;0,1119803
542010,3;0,1119802
542026,9;0,1119802
542043,6;0,1119818
542060;0,1119878
542076,8;0,1119926
542093,3;0,1120019
542109,7;0,1120113
542126,4;0,1120253
542143,3;0,1120393
542159,4;0,112047
542176;0,1120517
542192,5;0,1120641
542209,1;0,1120749
542225,6;0,1120749
542242,4;0,1120843
542258,8;0,1120967
542277,3;0,112103
542294,3;0,1121216
542310,4;0,1121248
542327;0,1121326
542343,6;0,1121388
542360,2;0,1121482
542376,7;0,1121498
542393,3;0,1121574
542409,9;0,1121636
542426,4;0,1121729
542443,1;0,1121729
542459,6;0,1121807
542476,7;0,1121869
542493;0,1121869
542509,2;0,1122056
542525,8;0,1122072
542543;0,1122119
542559,7;0,1122119
542575,6;0,1122165
542592,1;0,1122196
542608,6;0,1122196
542625,2;0,1122321
542641,8;0,1122337
542658,3;0,1122399
542675,1;0,1122494
542691,4;0,1122541
542708,1;0,1122539
542724,7;0,1122523
542741,1;0,1122523
542757,8;0,1122476
542774,3;0,1122338
542790,9;0,1122292
542807,4;0,1122153
542824,1;0,1122046
542840,7;0,112186
542857,1;0,1121722
542873,9;0,1121584
542890,9;0,1121368
542906,9;0,1121291
542923,4;0,1121198
542940;0,1121198
542956,9;0,1120721
542973,1;0,1120613
542989,7;0,1120399
543006,4;0,1120259
543022,8;0,1120044
543039,8;0,1120044
543056;0,1119812
543073,3;0,1119703
543089,1;0,1119703
543105,8;0,1119611
543122,9;0,111955
543138,8;0,1119302
543155,3;0,1119134
543171,9;0,1118686
543188,5;0,1118532
543205,1;0,1118454
543222,2;0,1118347
543238,4;0,1118347
543254,9;0,1118068
543271,3;0,1117635
543288,6;0,111745
543305;0,1117326
543321,1;0,111725
543337,6;0,1117189
543354,2;0,1116866
543370,8;0,1116805
543387,3;0,1116651
543404;0,1116574
543420,4;0,1116559
543437;0,1116188
543453,6;0,111608
543470,1;0,1115896
543486,7;0,1115896
543503,4;0,1115618
543519,8;0,111548
543536,8;0,1115402
543553,7;0,1115202
543569,6;0,11148
543586,4;0,1114615
543602,7;0,1114416
543619,4;0,1114122
543636;0,1114014
543652,4;0,1113752
543668,9;0,1113566
543685,5;0,1113335
543702,2;0,1113058
543718,8;0,1113058
543735,2;0,1113011
543751,8;0,1112919
543768,8;0,1112704
543784,9;0,1112241
543801,9;0,111181
543818;0,111161
543834,6;0,1111533
543851,6;0,1111301
543867,8;0,1110977
543884,3;0,1110668
543900,9;0,1110545
543917,6;0,1110545
543934,5;0,1110051
543950,6;0,1109758
543967,3;0,1109589
543983,8;0,110948
544000,3;0,1109249
544016,9;0,1108957
544033,4;0,110851
544049,9;0,1108265
544066,8;0,110819
544083,3;0,1107836
544099,7;0,1107405
544116,4;0,1107405
544132,8;0,110696
544149,4;0,11067
544165,9;0,1106561
544182,5;0,1105947
544199,1;0,1105748
544215,6;0,1105486
544232,2;0,1105164
544249,3;0,1104889
544265,3;0,110466
544282,6;0,110426
544298,4;0,1103954
544315,2;0,1103723
544331,6;0,1103356
544348,1;0,1103356
544365,1;0,1103156
544381,4;0,1103156
544398;0,1103156
544414,4;0,1102817
544431,8;0,1102324
544447,7;0,1101554
544464,1;0,1101246
544480,7;0,1100891
544497,3;0,1100722
544514,3;0,1100429
544530,4;0,1100197
544546,9;0,1100105
544563,6;0,109995
544580,6;0,1099519
544596,7;0,1099379
544613,3;0,1099086
544629,8;0,1099086
544646,5;0,1098624
544662,9;0,1098377
544679,5;0,1098392
544696,1;0,1097791
544712,7;0,1097438
544729,2;0,1097285
544745,8;0,1097285
544762,3;0,1097101
544778,9;0,109678
544795,5;0,1096641
544812;0,1096582
544828,6;0,1096582
544845,1;0,109622
544861,7;0,1096054
544878,3;0,1095873
544894,8;0,1095783
544911,4;0,1095783
544928;0,109545
544944,6;0,1095376
544961,1;0,1095241
544977,7;0,1095241
544994,6;0,109515
545011;0,109515
545027,8;0,1095089
545043,9;0,1094984
545060,6;0,1094848
545077,1;0,1094576
545093,6;0,1094183
545110,7;0,1094062
545126,9;0,1094001
545143,4;0,1093863
545159,9;0,1093773
545177,3;0,1093636
545193,1;0,1093515
545209,6;0,109338
545226,2;0,1093291
545242,8;0,109323
545260;0,109323
545275,9;0,109284
545292,5;0,1092675
545309;0,1092585
545325,6;0,1092495
545342,4;0,1092358
545358,7;0,1092136
545375,3;0,109206
545392,1;0,1091896
545408,5;0,1091896
545425,3;0,1091598
545441,9;0,1091539
545458,1;0,1091539
545474,8;0,1091229
545491,3;0,1090873
545507,8;0,1090591
545524,4;0,109034
545541,1;0,1090207
545557,5;0,1090207
545574,1;0,108991
545590,8;0,1089731
545607,6;0,1089613
545623,8;0,1089436
545640,4;0,1089436
545656,9;0,1089331
545674,3;0,1089331
545690,1;0,1089256
545706,6;0,1088914
545723,4;0,1088631
545739,9;0,1088542
545757;0,1088482
545773,6;0,1088334
545790,8;0,1088334
545807,1;0,1088141
545823,3;0,1088021
545839,9;0,1087918
545856,8;0,1087888
545873;0,1087858
545889,6;0,108771
545906,1;0,1087606
545922,8;0,1087533
545939,3;0,1087533
545956,8;0,1087369
545973,4;0,1087354
545989,1;0,1087265
546005,9;0,1087207
546022,3;0,1087103
546038,8;0,1087088
546055,4;0,1087014
546072;0,1087014
546088,4;0,1086852
546105;0,1086793
546121,5;0,1086691
546138,1;0,1086661
546154,7;0,1086616
546171,5;0,1086586
546188,1;0,10866
546204,4;0,1086615
546220,9;0,1086586
546237,6;0,1086586
546254;0,1086586
546271;0,1086586
546287,2;0,1086615
546303,8;0,1086615
546320,4;0,1086615
546336,9;0,108663
546353,6;0,1086645
546370;0,108657
546386,7;0,108654
546403,1;0,1086525
546419,7;0,108651
546436,7;0,1086495
546452,9;0,1086495
546469,4;0,1086495
546485,9;0,1086466
546502,5;0,108645
546519,3;0,1086434
546536,2;0,1086346
546552,3;0,1086346
546569;0,108605
546585,4;0,108605
546602,5;0,1085916
546618,6;0,1085826
546635,1;0,1085737
546651,6;0,1085722
546668,2;0,1085662
546684,8;0,1085616
546701,9;0,1085587
546717,9;0,1085557
546734,4;0,1085543
546751,1;0,1085498
546767,6;0,1085498
546784,2;0,1085513
546800,8;0,1085513
546817,3;0,1085557
546833,9;0,1085676
546850,4;0,1085751
546867;0,1085751
546883,6;0,108584
546900,1;0,1086002
546916,7;0,1086003
546933,7;0,1086048
546949,8;0,1086048
546966,6;0,1086092
546983,1;0,1086242
546999,5;0,1086403
547016,1;0,1086492
547033,1;0,1086506
547049,3;0,108652
547065,8;0,108658
547083,1;0,1086639
547098,9;0,1086668
547115,5;0,1086728
547132,1;0,1086758
547148,6;0,1086848
547165,3;0,1086894
547181,8;0,1086939
547198,3;0,1086984
547215,2;0,1087118
547231,4;0,1087118
547248,1;0,1087282
547264,6;0,1087371
547281,2;0,1087489
547298,3;0,108755
547314,3;0,1087608
547330,9;0,1087773
547347,4;0,1087891
547364;0,108801
547380,6;0,1088142
547397,1;0,1088203
547413,7;0,1088264
547430,3;0,1088264
547449,3;0,1088545
547463,4;0,1088796
547480;0,1089017
547496,5;0,1089152
547513,5;0,1089152
547529,7;0,1089519
547546,2;0,1089579
547562,8;0,1089682
547579,4;0,1089682
547596,2;0,1089713
547612,5;0,108998
547629,1;0,1090424
547645,6;0,1090681
547662,5;0,109083
547678,9;0,1090905
547695,3;0,1091024
547712;0,1091113
547728,9;0,1091427
547745,4;0,109156
547761,6;0,1091649
547778,1;0,1091769
547794,8;0,1091919
547811,3;0,1092055
547827,9;0,1092159
547844,4;0,1092189
547861;0,1092427
547877,6;0,1092488
547894,5;0,1092654
547910,7;0,1092788
547927,3;0,109297
547944,6;0,109297
547960,4;0,1093088
547977;0,1093331
547994;0,1093406
548010,1;0,1093557
548027;0,1093602
548043,2;0,1093707
548060,2;0,1093961
548077,3;0,109414
548093;0,1094231
548109,5;0,1094231
548126,1;0,1094619
548143;0,1094768
548159,8;0,1094829
548175,8;0,1094859
548192,3;0,1094919
548208,9;0,1094919
548225,6;0,1094949
548242,5;0,1094995
548258,6;0,1095131
548275,1;0,1095528
548294,1;0,1095757
548308,4;0,1095864
548324,9;0,1096138
548341,6;0,109655
548358,1;0,1096687
548374,6;0,1096962
548391,1;0,1096962
548407,7;0,1097315
548424,3;0,1097513
548440,9;0,1097742
548457,4;0,109785
548473,9;0,1098094
548490,6;0,1098307
548507,3;0,1098506
548523,7;0,1098506
548540,3;0,1098929
548556,9;0,1099127
548573,5;0,1099277
548590,2;0,109981
548606,5;0,1100068
548623,1;0,1100234
548640,1;0,1100402
548657,4;0,1100614
548673,9;0,1100889
548690,5;0,1101041
548707;0,1101223
548723,6;0,1101223
548740,2;0,1101466
548756,8;0,1101559
548773,4;0,1101559
548790,8;0,1101651
548806,4;0,1101666
548823,2;0,1101636
548839,7;0,1101636
548856,3;0,1101621
548872,9;0,1101621
548889,3;0,1101591
548906,2;0,1101517
548922,4;0,1101488
548938,9;0,1101443
548956,5;0,1101383
548972,1;0,1101383
548988,7;0,1101323
549005,5;0,1101338
549022,1;0,1101323
549038,6;0,1101323
549054,9;0,1101292
549071,6;0,1101293
549088,1;0,1101293
549104,9;0,1101293
549121,2;0,1101293
549144,4;0,1101278
549157,5;0,1101339
549174,7;0,1101339
549190,9;0,1101493
549207,2;0,1101524
549223,8;0,1101648
549240,6;0,1101801
549256,9;0,1101924
549273,4;0,1102108
549290,1;0,11022
549306,6;0,11022
549323,2;0,1102506
549340;0,1102537
549356,3;0,1102628
549372,9;0,1102814
549389,4;0,1102936
549406;0,1103044
549422,7;0,1103074
549439,1;0,1103197
549455,7;0,1103334
549472,3;0,1103472
549488,8;0,1103472
549505,4;0,1103502
549522,4;0,1103549
549538,5;0,1103657
549555,1;0,1103795
549571,9;0,1103872
549588,6;0,1103917
549604,8;0,1103917
549621,3;0,110407
549637,9;0,110407
549654,5;0,1104099
549671,1;0,1104084
549688,1;0,1104099
549704,2;0,1104176
549720,8;0,1104222
549737,3;0,1104254
549754,2;0,1104254
549770,5;0,1104345
549787,1;0,1104329
549803,9;0,1104375
549820,1;0,110436
549836,8;0,110436
549853,3;0,1104316
549869,9;0,1104301
549886,4;0,1104286
549903;0,1104286
549919,6;0,1104254
549936,6;0,1104162
549952,7;0,1104147
549969,3;0,1104146
549985,8;0,1104099
550002,6;0,1104069
550019;0,1103946
550035,5;0,1103885
550052,1;0,1103854
550069;0,1103809
550085,3;0,1103808
550101,8;0,1103778
550118,4;0,1103793
550134,9;0,1103747
550151,5;0,1103762
550168,1;0,1103701
550184,6;0,1103656
550201,2;0,1103641
550217,8;0,1103518
550234,3;0,1103456
550251,2;0,110341
550267,5;0,1103364
550284;0,1103132
550300,6;0,1103056
550317,1;0,1102917
550333,8;0,1102793
550350,3;0,1102577
550366,9;0,1102379
550383,4;0,1102379
550399,9;0,1102193
550416,6;0,1102025
550433,1;0,1101811
550449,7;0,1101642
550466,3;0,1101504
550482,9;0,1101412
550499,4;0,1101167
550516,1;0,1101167
550532,9;0,1100829
550549,1;0,1100768
550565,9;0,1100768
550582,2;0,1100352
550598,8;0,110029
550615,4;0,1100091
550632,7;0,1100091
550648,5;0,1099952
550665,1;0,1099707
550681,6;0,1099554
550698,3;0,1099461
550714,8;0,1099461
550731,3;0,1099246
550747,9;0,1099168
550764,4;0,1099168
550781,2;0,1099138
550797,6;0,1099138
550814,1;0,1099107
550831,2;0,1099137
550847,3;0,1099212
550864,1;0,1099241
550885,5;0,10993
550897;0,109933
550913,6;0,1099346
550930,1;0,1099435
550946,7;0,1099451
550963,3;0,1099466
550979,8;0,1099526
550996,4;0,1099571
551013,2;0,1099601
551029,6;0,1099662
551046,1;0,1099707
551062,7;0,1099768
551079,4;0,1099814
551095,8;0,1099967
551112,4;0,1100045
551128,9;0,1100075
551145,5;0,110009
551162,1;0,1100166
551178,9;0,1100242
551195,2;0,1100319
551211,8;0,1100348
551228,3;0,1100348
551244,9;0,1100287
551261,5;0,1100272
551278,7;0,1100272
551294,6;0,1100272
551311,5;0,1100302
551327,7;0,1100272
551344,3;0,1100287
551360,8;0,1100302
551377,4;0,1100364
551394;0,1100396
551410,6;0,1100396
551427,1;0,1100411
551443,7;0,110041
551460,3;0,1100441
551476,8;0,1100456
551493,9;0,1100532
551510,9;0,1100563
551526,6;0,110064
551543,3;0,1100731
551560,3;0,1100902
551576,8;0,1100948
551592,9;0,110104
551609,4;0,110104
551625,9;0,1101147
551642,8;0,1101208
551659,1;0,1101316
551676;0,1101347
551692,4;0,1101392
551709;0,1101422
551725,8;0,1101575
551741,9;0,11017
551762;0,11017
551775,5;0,1101823
551792,6;0,1101917
551808,8;0,1102054
551825,2;0,1102054
551841,8;0,110216
551859,2;0,1102297
551874,9;0,1102466
551891,6;0,1102512
551908;0,1102512
551924,9;0,1102834
551941,2;0,110291
551957,7;0,1103048
551974,3;0,1103171
551990,9;0,1103325
552007,4;0,1103523
552024;0,1103523
552040,5;0,1103553
552057,1;0,110363
552073,7;0,110363
552090,3;0,1103708
552107,2;0,1104168
552124,1;0,1104629
552140,1;0,1104613
552156,7;0,1104674
552173,1;0,1104981
552189,6;0,1105134
552206,3;0,1105242
552222,9;0,1105288
552239,4;0,1105303
552255,9;0,1105549
552272,9;0,1105564
552289,1;0,1105642
552305,6;0,110575
552322,2;0,1105811
552338,8;0,1105842
552355,4;0,1105888
552371,9;0,1105964
552388,4;0,1105964
552405,1;0,110598
552421,6;0,1106026
552438,2;0,1106103
552454,7;0,1106164
552471,3;0,1106225
552488,1;0,1106303
552504,6;0,1106426
552521;0,1106517
552537,6;0,1106517
552554,1;0,1106749
552571;0,1106794
552587,4;0,1106964
552603,8;0,1107088
552621,6;0,1107133
552638,8;0,1107194
552654,8;0,1107303
552671,4;0,1107365
552687,9;0,1107381
552704,4;0,1107411
552721,4;0,1107487
552738,2;0,1107596
552754,5;0,1107826
552771,1;0,1108057
552787,3;0,1108088
552804,8;0,1108256
552820,4;0,1108363
552837,1;0,1108363
552853,7;0,1108609
552870,8;0,1108746
552886,8;0,110893
552903,3;0,110893
552919,9;0,1108946
552936,4;0,1109192
552953;0,1109359
552969,6;0,1109421
552986,1;0,1109421
553002,7;0,1109622
553019,3;0,1109744
553035,8;0,1109882
553052,4;0,110996
553069,1;0,110996
553085,5;0,1110052
553102,1;0,1110037
553118,6;0,1110174
553135,3;0,1110222
553151,8;0,1110237
553168,3;0,1110222
553184,9;0,1110222
553201,5;0,1110221
553218,1;0,1110161
553235,3;0,1110193
553251,3;0,1110208
553267,8;0,1110208
553285,1;0,1110161
553300,9;0,1110145
553318,1;0,1110083
553334,1;0,1110053
553350,8;0,1110051
553367,3;0,1110051
553384,2;0,1110052
553400,3;0,1110037
553416,9;0,1109898
553434;0,1109837
553450;0,1109791
553469,4;0,1109807
553485,9;0,1109731
553502,6;0,110967
553519,1;0,1109608
553535,6;0,1109562
553552,3;0,110947
553568,8;0,1109377
553585,8;0,1109317
553601,9;0,1109317
553619,6;0,1109241
553636,3;0,1109149
553652,7;0,1109133
553669,3;0,1109133
553685,9;0,1109103
553702,4;0,1108997
553719,8;0,1108906
553735,6;0,1108797
553752,9;0,1108751
553769,2;0,1108659
553785,3;0,1108613
553801,8;0,1108551
553818,9;0,1108429
553834,9;0,1108368
553851,5;0,1108322
553868,1;0,1108322
553884,6;0,110823
553901,7;0,1108154
553917,8;0,1108109
553934,8;0,1108079
553950,9;0,1108017
553967,5;0,1108017
553984,5;0,1107955
554000,6;0,1107955
554017,2;0,1107893
554033,8;0,1107649
554050,8;0,1107479
554066,9;0,1107479
554083,6;0,1107356
554100,1;0,110725
554116,6;0,1107203
554133,2;0,1107187
554149,8;0,1107187
554166,8;0,1107127
554182,9;0,1106989
554199,4;0,1106866
554216,2;0,1106835
554232,6;0,1106835
554249,1;0,1106696
554265,7;0,1106711
554282,6;0,1106726
554299,1;0,110671
554316,1;0,110668
554332;0,1106711
554348,5;0,1106711
554365,4;0,1106711
554381,6;0,1106712
554398,3;0,1106727
554414,8;0,1106774
554431,6;0,1106804
554447,9;0,110685
554464,5;0,1106896
554481,1;0,1106896
554497,6;0,1106928
554514,5;0,1106881
554530,8;0,110688
554547,3;0,1106865
554563,9;0,1106818
554580,4;0,1106787
554597,1;0,1106804
554614,2;0,1106805
554630,2;0,1106805
554646,8;0,1106789
554663,3;0,1106727
554679,9;0,1106573
554696,4;0,1106465
554713,1;0,110642
554729,6;0,1106357
554746,1;0,1106295
554763,2;0,110628
554779,3;0,110628
554796,4;0,1106266
554812,4;0,1106236
554829;0,1106235
554845,5;0,110625
554862,1;0,1106266
554878,7;0,1106297
554895,6;0,1106344
554911,8;0,1106359
554928,4;0,1106359
554944,9;0,1106405
554961,5;0,1106405
554978,5;0,110639
554994,6;0,1106436
555011,4;0,1106451
555027,8;0,1106421
555044,3;0,1106374
555061,2;0,1106374
555077,8;0,1106389
555094,1;0,1106404
555110,8;0,1106359
555127,1;0,1106282
555143,8;0,1106282
555160,3;0,1106251
555176,9;0,1106098
555193,4;0,1106005
555210;0,1105943
555227,4;0,1105913
555243,3;0,1105914
555259,7;0,1105914
555276,9;0,1105914
555292,9;0,1105867
555309,6;0,1105698
555326;0,1105545
555342,5;0,1105483
555359,3;0,110536
555375,8;0,1105236
555392,2;0,110516
555409,4;0,1105099
555425,4;0,1105021
555441,9;0,110496
555458,5;0,1104912
555475,3;0,1104788
555491,6;0,1104665
555508,2;0,110465
555524,8;0,1104588
555541,3;0,1104542
555558,5;0,1104495
555574,5;0,1104418
555591,1;0,110434
555607,6;0,1104325
555624,9;0,1104263
555640,8;0,1104201
555657,5;0,1104109
555673,9;0,1104064
555690,6;0,110397
555707;0,1103939
555723,6;0,1103908
555740,4;0,1103908
555756,7;0,1103785
555773,6;0,1103771
555789,9;0,1103755
555806,4;0,1103755
555822,9;0,1103725
555839,6;0,1103604
555856,1;0,1103573
555873,2;0,1103556
555889,3;0,1103541
555905,9;0,1103541
555922,4;0,1103479
555939;0,1103417
555955,5;0,1103447
555972,1;0,1103448
555988,6;0,1103418
556005,2;0,1103432
556021,8;0,1103432
556038,3;0,1103417
556055,7;0,1103372
556073,5;0,110345
556090;0,110348
556106,9;0,110345
556123,2;0,1103496
556139,7;0,1103511
556156,3;0,1103525
556172,9;0,1103571
556189,8;0,1103571
556206,1;0,1103618
556222,6;0,1103725
556239,1;0,110374
556255,7;0,1103755
556272,4;0,1103771
556288,8;0,1103756
556305,6;0,1103803
556321,9;0,1103758
556339,2;0,1103774
556355,3;0,1103837
556371,6;0,1103897
556388,7;0,1103927
556404,8;0,1103958
556422,1;0,1103973
556437,9;0,110402
556454,5;0,1104082
556472,1;0,1104082
556487,6;0,1104082
556504,6;0,1104082
556520,8;0,1104081
556537,8;0,1104065
556553,9;0,1104065
556570,5;0,1104066
556587,1;0,1104035
556603,6;0,1103942
556620,2;0,1103866
556637;0,110385
556653,3;0,1103866
556669,9;0,1103881
556686,4;0,1103834
556703,1;0,1103804
556719,9;0,1103772
556736,1;0,1103819
556752,7;0,110385
556769,3;0,1103772
556785,9;0,1103756
556802,4;0,1103725
556819;0,1103648
556835,6;0,1103602
556852,1;0,1103509
556869;0,1103402
556885,3;0,1103279
556901,8;0,1103202
556918,4;0,1103124
556934,9;0,1103032
556951,5;0,1102955
556968,1;0,1102877
556984,6;0,1102816
557001,3;0,1102816
557017,8;0,110271
557034,8;0,1102633
557051,2;0,1102588
557067,4;0,1102588
557084,1;0,1102603
557100,6;0,1102664
557117,2;0,110274
557133,8;0,1102786
557150,5;0,1102786
557166,9;0,1102832
557183,6;0,1102832
557200;0,1102832
557216,6;0,110294
557233,4;0,1103017
557249,7;0,1103064
557266,4;0,1103125
557282,9;0,1103155
557299,4;0,1103262
557316;0,1103294
557332,8;0,110334
557349,1;0,1103477
557365,7;0,1103477
557382,3;0,1103631
557398,8;0,1103724
557415,4;0,1103877
557432;0,1103908
557448,5;0,1104047
557465,1;0,1104202
557481,6;0,1104202
557498,3;0,1104339
557514,8;0,110454
557531,6;0,1104664
557547,9;0,1104801
557564,5;0,1104893
557581,4;0,1104971
557597,6;0,1105079
557614,3;0,1105079
557630,8;0,1105341
557647,3;0,1105372
557663,9;0,1105464
557680,6;0,1105556
557697;0,110574
557713,6;0,1105848
557730,2;0,1105848
557746,7;0,1106048
557763,3;0,1106247
557779,9;0,1106324
557796,7;0,1106355
557813;0,1106417
557829,6;0,1106432
557846,2;0,1106493
557865,9;0,1106783
557882,4;0,1106982
557899,1;0,1107106
557915,6;0,1107106
557932,1;0,110729
557948,8;0,1107367
557965,5;0,1107474
557981,9;0,1107535
557999;0,1107504
558015;0,1107674
558031,6;0,1107797
558048,1;0,1107904
558064,7;0,1107904
558081,3;0,110792
558097,9;0,1107997
558114,4;0,1108043
558131,3;0,1108044
558147,5;0,1108122
558164,1;0,1108138
558180,7;0,1108168
558197,2;0,1108214
558213,8;0,110823
558230,5;0,1108262
558247,1;0,1108278
558263,5;0,110834
558280,3;0,1108401
558296,9;0,1108415
558313,2;0,1108474
558329,8;0,1108489
558346,5;0,1108519
558363,1;0,1108535
558379,4;0,1108567
558396,2;0,1108567
558413,2;0,1108551
558429,1;0,1108504
558445,8;0,1108504
558462,3;0,1108488
558478,9;0,1108488
558495,4;0,1108472
558512,2;0,1108548
558528,6;0,1108579
558545,1;0,1108641
558561,7;0,1108702
558578,3;0,1108687
558595,1;0,1108732
558612;0,1108825
558627,9;0,1108977
558644,5;0,1109039
558661,1;0,1109009
558683,9;0,1109209
558696;0,1109209
558712,6;0,1109392
558729,4;0,1109361
558746;0,1109422
558762,3;0,1109453
558779;0,11095
558795,5;0,1109531
558812,1;0,1109531
558828,6;0,1109607
558845,1;0,1109667
558861,7;0,1109745
558878,3;0,1109806
558894,8;0,1109806
558911,6;0,1109915
558927,9;0,1109946
558944,6;0,1109961
558961,1;0,1110023
558977,7;0,1110023
558994,2;0,1110101
559010,8;0,1110146
559027,4;0,1110145
559043,9;0,1110145
559060,9;0,1110115
559077,3;0,1110115
559093,6;0,111013
559110,2;0,1110146
559126,7;0,1110099
559143,6;0,1110038
559160,1;0,1110023
559176,4;0,1110023
559193;0,1110038
559209,7;0,1110021
559226,1;0,1110051
559242,8;0,1110036
559259,4;0,1110034
559275,8;0,1110004
559292,8;0,1110036
559308,9;0,1110021
559325,6;0,110999
559342,8;0,1110006
559359,4;0,1109976
559375,3;0,1110006
559391,8;0,1109943
559408,4;0,1109836
559425;0,110979
559441,5;0,1109759
559458,2;0,1109745
559475,1;0,1109761
559491,6;0,1109715
559507,8;0,1109715
559524,8;0,1109762
559540,9;0,1109746
559557,5;0,1109746
559574,3;0,1109837
559590,6;0,1109837
559607,2;0,11099
559624,1;0,1109915
559640,8;0,1109961
559656,9;0,1109977
559674,2;0,111007
559690;0,1110133
559706,7;0,111021
559723,1;0,111021
559740,1;0,1110304
559756,4;0,1110304
559772,8;0,1110474
559789,9;0,1110738
559806;0,1110893
559822,5;0,1110987
559839,1;0,1111112
559855,6;0,1111143
559872,3;0,1111204
559888,8;0,1111266
559905,4;0,1111359
559921,9;0,1111438
559938,5;0,1111609
559955,1;0,1111625
559971,7;0,1111671
559988,3;0,1111671
560004,8;0,1111857
560021,5;0,1111919
560037,9;0,1111965
560054,4;0,1112059
560071,7;0,1112106
560088;0,1112323
560104,6;0,111248
560120,8;0,111248
560137,3;0,1112698
560154,4;0,1112838
560170,6;0,1112946
560187;0,1112946
560203,6;0,1113289
560220,1;0,1113397
560236,9;0,1113598
560253,3;0,1113598
560269,8;0,1113753
560286,4;0,1113878
560303,2;0,1114095
560319,5;0,1114283
560336,1;0,1114283
560352,7;0,111433
560369,3;0,111433
560385,8;0,1114453
560403,2;0,1114515
560418,9;0,1114792
560436,6;0,1114839
560452,1;0,111532
560468,8;0,1115475
560485,8;0,1115631
560501,8;0,1115677
560518,3;0,111591
560534,9;0,1116002
560551,4;0,1116095
560568,1;0,1116391
560584,6;0,1116531
560601,2;0,1116669
560617,8;0,1116763
560634,3;0,111684
560651,4;0,111698
560667,4;0,1117072
560684,2;0,1117179
560700,6;0,1117243
560717,2;0,1117427
560733,7;0,111749
560750,3;0,1117598
560766,9;0,1117768
560783,4;0,1117768
560800;0,1117876
560816,6;0,1118124
560833,1;0,1118217
560849,7;0,1118279
560866,2;0,1118402
560882,9;0,1118478
560899,4;0,1118632
560915,9;0,1118632
560933,1;0,1118708
560949,1;0,1118908
560965,9;0,1118985
560983,1;0,1119202
560998,8;0,1119202
561015,3;0,1119186
561032,3;0,1119262
561048,4;0,1119357
561065,1;0,1119635
561081,6;0,1119883
561098,1;0,1120085
561114,8;0,1120256
561131,8;0,1120395
561147,9;0,1120395
561164,4;0,1120658
561181;0,112086
561198,3;0,1121108
561214,1;0,1121248
561230,9;0,1121264
561247,5;0,1121779
561263,9;0,1121902
561281,2;0,1122135
561297;0,1122245
561313,6;0,1122524
561330,3;0,1122695
561346,7;0,1122773
561363,3;0,1122898
561379,8;0,1123334
561396,6;0,1123505
561413,1;0,1123738
561429,5;0,1123738
561446,1;0,1124329
561463;0,1124329
561479,2;0,1124547
561495,8;0,1124813
561513,1;0,1125031
561528,9;0,1125125
561545,5;0,1125234
561562;0,1125407
561578,6;0,1125486
561595,8;0,1125627
561611,8;0,1125783
561628,3;0,1125783
561645,5;0,1125876
561661,4;0,1125892
561678;0,1125955
561694,6;0,1126033
561711,1;0,112622
561727,8;0,1126314
561744,3;0,1126361
561760,9;0,1126361
561777,4;0,1126392
561794,6;0,1126408
561810,6;0,1126408
561827,1;0,1126439
561843,7;0,1126439
561860,3;0,1126471
561876,9;0,1126487
561893,4;0,1126471
561910,4;0,1126425
561926,5;0,1126425
561943,4;0,1126425
561959,6;0,1126471
561976,2;0,1126472
561992,8;0,1126472
562009,5;0,1126487
562025,9;0,1126488
562042,5;0,1126504
562059;0,1126519
562075,6;0,112655
562092,7;0,1126597
562108,8;0,1126581
562125,5;0,1126613
562141,9;0,1126629
562159,2;0,112666
562175,8;0,1126676
562192,7;0,1126708
562208,9;0,1126755
562225,4;0,1126771
562242;0,1126771
562258,6;0,1126914
562275,1;0,1126962
562291,7;0,1127025
562308,3;0,1127025
562324,8;0,1127072
562341,5;0,1127151
562358,1;0,1127326
562375,4;0,1127421
562391,5;0,1127517
562407,6;0,1127517
562424,3;0,1127627
562440,8;0,1127706
562457,6;0,1127786
562473,9;0,1127849
562490,6;0,1127928
562507,1;0,1127976
562523,6;0,1128008
562540,3;0,1128071
562556,8;0,112823
562573,7;0,1128325
562590,3;0,112842
562606,5;0,1128467
562623,6;0,1128562
562639,6;0,1128641
562656,2;0,1128829
562673;0,1128924
562689,3;0,112905
562705,9;0,1129128
562723,4;0,1129144
562739;0,1129397
562755,6;0,1129491
562772,1;0,1129601
562788,7;0,112979
562805,7;0,1129869
562822,3;0,1129915
562838,4;0,1129915
562855,1;0,1130057
562871,6;0,1130135
562888,8;0,1130151
562904,7;0,1130198
562921,3;0,1130198
562938,4;0,1130214
562954,4;0,1130214
562970,9;0,113026
562987,8;0,1130322
563004,1;0,1130384
563025,3;0,1130369
563037,4;0,1130369
563053,8;0,1130369
563070,3;0,1130369
563086,9;0,1130368
563103,9;0,1130383
563120,1;0,1130383
563136,6;0,1130304
563153,2;0,113032
563170,7;0,113032
563186,3;0,113032
563203,3;0,113029
563219,4;0,113029
563236;0,1130243
563252,7;0,1130148
563269,4;0,1130148
563285,7;0,1130116
563302,3;0,1130068
563318,9;0,1130021
563335,4;0,1129973
563352;0,1129973
563368,5;0,1129909
563385,6;0,1129909
563401,7;0,1129894
563418,2;0,1129863
563434,9;0,1129815
563452;0,1129799
563467,9;0,1129799
563484,7;0,1129768
563501,1;0,1129752
563517,6;0,1129768
563534,3;0,1129768
563550,8;0,1129799
563567,3;0,1129799
563584,1;0,1129799
563600,4;0,1129799
563617,1;0,1129815
563633,8;0,1129879
563650,1;0,1130006
563666,8;0,1130069
563683,3;0,1130117
563699,9;0,113018
563716,4;0,1130212
563733,1;0,113026
563750,4;0,113026
563766,4;0,1130275
563782,8;0,1130418
563799,4;0,1130466
563816,2;0,1130529
563832,4;0,1130609
563849;0,1130671
563865,6;0,1130703
563882,3;0,1130734
563902,5;0,1130892
563915,3;0,1131033
563931,8;0,1131097
563948,4;0,1131097
563964,9;0,1131222
563982,1;0,1131411
563998,1;0,1131522
564014,6;0,1131601
564031,3;0,113168
564047,8;0,1131695
564064,4;0,1131726
564081,3;0,1131774
564097,5;0,1131853
564114;0,1131853
564130,8;0,1131869
564147,6;0,1131885
564164,5;0,1131885
564180,6;0,1131885
564196,9;0,1131885
564213,4;0,1131885
564230;0,1131885
564246,9;0,1131853
564263,1;0,1131774
564279,8;0,113171
564296,3;0,1131726
564313,6;0,1131695
564329,4;0,1131695
564345,9;0,1131615
564362,8;0,1131615
564379,4;0,1131568
564396;0,1131536
564412,3;0,113152
564429;0,1131488
564445,4;0,1131456
564461,9;0,1131456
564478,5;0,1131329
564495,3;0,1131298
564511,9;0,1131218
564528,2;0,1131187
564544,9;0,1131107
564561,5;0,1131076
564577,9;0,1131028
564594,8;0,1131012
564611;0,1131012
564627,6;0,1130964
564644,2;0,1130949
564660,8;0,1130949
564677,3;0,1130885
564693,9;0,1130917
564710,7;0,1130917
564727,4;0,1130885
564743,6;0,1130837
564760,1;0,1130806
564777,3;0,113079
564793,9;0,113079
564811,1;0,1130885
564827,3;0,1130917
564844,3;0,1130917
564860,2;0,1130933
564876,7;0,1130949
564893,3;0,113098
564909,9;0,1131169
564926,4;0,1131311
564943;0,1131422
564959,9;0,1131596
564976,5;0,1131659
564992,7;0,1131739
565009,2;0,1131786
565026,6;0,1131865
565042,4;0,1131896
565059,2;0,11321
565075,5;0,1132211
565092,3;0,113229
565108,6;0,113229
565125,2;0,1132369
565142,3;0,1132543
565158,5;0,1132591
565174,9;0,1132685
565191,4;0,1132685
565208,5;0,1132779
565224,6;0,1132858
565241,1;0,1132985
565258,3;0,1133064
565274,3;0,1133064
565290,8;0,1133239
565307,4;0,1133318
565324;0,1133366
565340,6;0,1133429
565357,1;0,1133477
565373,7;0,1133525
565390,3;0,1133571
565406,8;0,1133619
565423,4;0,1133619
565439,9;0,1133667
565456,6;0,1133667
565473,3;0,1133698
565489,7;0,113373
565506,6;0,113373
565522,8;0,1133746
565539,4;0,1133778
565555,9;0,1133841
565573;0,1133825
565589,3;0,1133825
565605,9;0,1133841
565622,6;0,113381
565642,3;0,1133794
565658,9;0,1133762
565675,4;0,1133762
565691,9;0,1133746
565708,6;0,1133714
565725,4;0,113373
565741,9;0,1133794
565758,3;0,1133794
565774,8;0,1133762
565791,4;0,1133746
565807,9;0,113373
565824,6;0,1133762
565841,1;0,1133778
565857,6;0,1133794
565874,3;0,1133794
565890,8;0,1133762
565907,4;0,113381
565924;0,1133841
565940,6;0,1133841
565957,4;0,1133889
565973,7;0,1133889
565990,7;0,1133841
566006,8;0,1133857
566023,3;0,1133857
566039,9;0,1133905
566056,6;0,1133952
566073;0,1133984
566089,6;0,1133968
566106,1;0,1133968
566122,8;0,1133936
566139,3;0,1133921
566155,8;0,1133921
566172,5;0,1133936
566189;0,1133921
566205,6;0,1133842
566222,1;0,1133826
566238,6;0,1133747
566255,3;0,1133715
566271,8;0,1133652
566288,4;0,113362
566304,9;0,1133572
566321,6;0,1133511
566338,5;0,1133432
566354,6;0,1133369
566371,2;0,1133274
566388,1;0,1133258
566404,4;0,1133242
566421,6;0,1133242
566437,4;0,1133258
566454,4;0,1133322
566470,6;0,1133401
566491,4;0,1133496
566504;0,1133496
566520,6;0,1133576
566537,2;0,1133623
566553,7;0,1133623
566570,4;0,1133639
566587,3;0,1133639
566603,4;0,1133703
566620,6;0,1133734
566636,6;0,1133782
566653,2;0,1133798
566669,7;0,1133798
566686,3;0,1133814
566702,8;0,1133814
566719,4;0,1133814
566735,9;0,1133798
566752,6;0,1133798
566769,1;0,1133798
566785,6;0,1133798
566802,3;0,1133782
566818,8;0,113375
566835,4;0,1133655
566851,9;0,1133639
566868,5;0,1133655
566885,1;0,1133655
566901,6;0,1133576
566918,2;0,1133528
566934,8;0,1133449
566951,4;0,1133449
566967,9;0,1133449
566985,1;0,1133322
567001,1;0,1133274
567017,6;0,1133274
567034,2;0,1133274
567050,8;0,1133163
567067,3;0,1133147
567083,9;0,1133147
567100,4;0,1133147
567117,1;0,1133147
567133,6;0,1133131
567150,1;0,1133115
567166,8;0,11331
567183,3;0,11331
567199,8;0,1133115
567216,7;0,1133115
567233;0,1133084
567249,5;0,1133068
567266,1;0,1133084
567282,6;0,1133084
567299,3;0,1133068
567315,9;0,1133068
567332,3;0,1133068
567349,8;0,11331
567368,9;0,1133131
567382,6;0,1133131
567399,2;0,1133147
567415,7;0,1133179
567432,3;0,1133179
567448,9;0,1133211
567465,4;0,1133258
567482,3;0,1133386
567498,7;0,11335
567515,1;0,1133534
567531,7;0,1133614
567548,2;0,1133663
567564,8;0,1133711
567581,4;0,113376
567598,2;0,113376
567614,5;0,1134003
567631,1;0,1134066
567647,6;0,1134213
567664,2;0,1134213
567680,8;0,1134361
567697,3;0,113449
567713,9;0,1134522
567730,6;0,1134569
567747;0,1134553
567763,9;0,1134506
567780,1;0,1134474
567796,8;0,1134458
567813,3;0,1134458
567829,9;0,1134363
567846,9;0,1134315
567863;0,1134268
567879,8;0,1134252
567896,1;0,1134268
567912,9;0,1134252
567929,4;0,1134188
567945,9;0,1134188
567962,5;0,1134125
567979,5;0,1134093
567995,7;0,1134045
568012,1;0,113395
568028,7;0,1133934
568045,3;0,1133934
568061,8;0,1133903
568078,4;0,1133903
568094,9;0,1133807
568111,6;0,113368
568128,3;0,1133522
568144,6;0,1133413
568161,2;0,113332
568177,8;0,1133288
568194,3;0,113324
568211,3;0,1133193
568227,5;0,1133163
568244;0,1133178
568260,7;0,1133179
568277,4;0,1133227
568294,4;0,1133211
568310,3;0,1133226
568327,3;0,1133241
568343,4;0,1133241
568360;0,1133273
568376,6;0,1133351
568393,9;0,1133336
568409,9;0,113332
568426,3;0,1133258
568442,8;0,1133226
568459,4;0,113321
568475,9;0,1133194
568492,9;0,1133004
568509,1;0,1132972
568525,7;0,1132861
568542,3;0,1132782
568559,1;0,1132767
568575,5;0,1132625
568591,9;0,1132483
568608,5;0,1132357
568625,1;0,1132357
568641,7;0,1132137
568658,3;0,113198
568674,8;0,1131809
568691,4;0,1131809
568707,9;0,113173
568724,8;0,1131698
568741,1;0,1131589
568757,8;0,1131258
568774,2;0,1131101
568791,1;0,1130929
568807,8;0,1130836
568824;0,1130836
568840,4;0,1130537
568857,4;0,1130443
568873,6;0,1130349
568890,1;0,1130301
568906,8;0,1130223
568923,3;0,1129898
568939,9;0,1129741
568956,4;0,1129662
568972,9;0,1129523
568989,6;0,1129367
569006,5;0,1129087
569023,1;0,1129087
569039,3;0,1128822
569055,8;0,1128496
569072,7;0,112834
569088,9;0,1128106
569105,5;0,1128106
569125,6;0,1127902
569142,1;0,1127529
569158,7;0,1127202
569175,3;0,112683
569191,8;0,1126456
569208,4;0,1126224
569224,9;0,1126008
569241,7;0,1125946
569258,1;0,112511
569274,7;0,1124739
569291,2;0,1124368
569308,3;0,1124123
569324,6;0,112403
569340,9;0,1123875
569357,5;0,1123599
569374,5;0,1123015
569390,6;0,1121756
569407,2;0,1121344
569423,8;0,1120748
569440,3;0,1120045
569456,9;0,1119706
569473,4;0,1119312
569490;0,1119174
569507,3;0,1117753
569523,1;0,1117127
569540,1;0,1116596
569556,7;0,1116596
569573,1;0,1115455
569590,3;0,1114523
569605,9;0,1114022
569622,7;0,1113169
569639,1;0,111268
569656,4;0,1111816
569672,4;0,1110816
569688,8;0,1110361
569705,4;0,1109939
569721,9;0,1109112
569738,7;0,1108228
569755,6;0,1107821
569771,6;0,1107435
569788,2;0,1107435
569804,9;0,1105882
569821,4;0,1105155
569837,9;0,1104706
569855,3;0,1104706
569871,6;0,1103774
569887,6;0,1102743
569904,2;0,1102179
569920,7;0,1101269
569937,3;0,1101269
569953,9;0,1101194
569970,9;0,1100922
569988,7;0,1100493
570003,6;0,1100493
570020,6;0,1099719
570036,7;0,1098116
570053,3;0,1096759
570069,8;0,1096085
570086,4;0,1095684
570103,2;0,1095398
570119,6;0,1095339
570136,1;0,1094069
570152,9;0,1093503
570169,8;0,1093159
570186;0,1093159
570202,6;0,1092698
570219;0,1091531
570235,8;0,1091185
570252,1;0,1091185
570268,6;0,1090798
570285,2;0,1089484
570301,8;0,1088827
570318,4;0,108845
570334,9;0,1088077
570351,5;0,1087376
570368,1;0,1087376
570384,6;0,1086225
570401,2;0,1085881
570418,1;0,1085166
570434,3;0,1084796
570450,9;0,1084554
570467,4;0,1083241
570484,3;0,1082528
570500,6;0,1082499
570517,1;0,1082424
570533,7;0,1080956
570550,8;0,1080264
570567,1;0,1079825
570583,5;0,1079087
570600,4;0,1079087
570616,5;0,1078701
570633,1;0,1078428
570649,9;0,1078291
570666,8;0,1076749
570682,8;0,1075651
570699,4;0,1074922
570715,9;0,1074497
570732,8;0,1074079
570749,1;0,1073993
570765,8;0,107245
570782,3;0,1071693
570799;0,1071257
570815,6;0,1071257
570833,4;0,1070893
570848,5;0,1069256
570865,5;0,1068823
570881,6;0,1067934
570898,4;0,106754
570914,8;0,1066818
570931,3;0,1066458
570947,9;0,1066458
570964,4;0,1064776
570981;0,1064445
570997,6;0,1064066
571014,2;0,1063316
571030,8;0,1063316
571047,3;0,106203
571064,6;0,1061844
571080,6;0,1061161
571097;0,106065
571114;0,1060084
571130,1;0,1059777
571146,7;0,1059447
571163,3;0,1058967
571179,8;0,1058548
571196,4;0,1058259
571212,9;0,1057769
571229,5;0,1057769
571246,4;0,1057555
571262,6;0,1057555
571279,3;0,1057555
571295,8;0,1056938
571312,7;0,1056151
571329,8;0,1055721
571345,9;0,1055509
571362,1;0,1055241
571378,6;0,1055241
571395,8;0,1054815
571411,8;0,1054703
571428,4;0,1054703
571444,9;0,1054238
571461,7;0,105414
571478;0,1054068
571494,6;0,1053831
571511,2;0,1053704
571527,7;0,1053592
571544,3;0,1053551
571561,4;0,1053342
571578,1;0,1053328
571594;0,1053201
571610,7;0,1053159
571627,3;0,1053118
571644,1;0,1053047
571660,2;0,1053019
571685,8;0,1052951
571702,3;0,1052951
571718,9;0,1052911
571735,7;0,1052939
571751,9;0,1052939
571768,6;0,1052911
571785,4;0,1052952
571801,7;0,1052924
571818,3;0,1052951
571834,9;0,1052951
571851,4;0,1052951
571868,1;0,1052966
571884,9;0,1052951
571901,1;0,1052965
571917,7;0,1052965
571934,2;0,105302
571951,3;0,1053119
571967,4;0,1053229
571983,9;0,1053229
572001;0,1053286
572017;0,1053286
572033,6;0,1053327
572050,2;0,1053299
572066,8;0,1053285
572083,3;0,1053286
572099,9;0,1053215
572116,4;0,105316
572133,3;0,105316
572149,6;0,1053146
572166,1;0,1052991
572182,9;0,1052935
572199,3;0,1052879
572216,1;0,1052879
572232,5;0,1052713
572248,9;0,1052727
572265,6;0,1052656
572282,1;0,1052629
572298,7;0,1052558
572315,7;0,1052447
572331,8;0,1052393
572348,4;0,1052337
572365,1;0,1052322
572381,6;0,1052294
572398,1;0,1052294
572414,7;0,1052226
572431,2;0,1052253
572447,8;0,105228
572464,6;0,105228
572480,9;0,1052337
572497,8;0,1052448
572517,8;0,1052587
572530,6;0,1052587
572547,4;0,1052629
572563,8;0,1052685
572580,3;0,1052907
572597,1;0,1053199
572613,4;0,1053256
572630,7;0,1053353
572646,6;0,1053381
572663,2;0,1053659
572680,3;0,1053853
572696,4;0,1054033
572712,9;0,1054033
572729,9;0,1054215
572746,5;0,1054713
572762,8;0,1054851
572779,1;0,1054976
572795,7;0,1055018
572812,3;0,1055602
572828,8;0,1055866
572845,4;0,1056115
572861,9;0,1056311
572878,6;0,1056311
572895,1;0,1056727
572911,8;0,1057174
572928,3;0,1057579
572944,8;0,1057579
572961,4;0,1057996
572977,9;0,105833
572994,5;0,1058722
573011,1;0,1059016
573027,8;0,1059253
573044,2;0,1059449
573060,8;0,1059727
573077,4;0,1059727
573093,9;0,1060091
573110,5;0,1060187
573127;0,1060202
573143,6;0,1060481
573160,1;0,1060509
573176,9;0,1060565
573193,4;0,1060565
573209,9;0,1060802
573226,4;0,1061151
573243;0,106136
573259,5;0,1061431
573276,1;0,1061446
573292,7;0,1061769
573309,3;0,1061923
573325,8;0,106202
573342,4;0,1062091
573359,2;0,1062104
573375,5;0,1062469
573392,1;0,1062622
573408,6;0,1062833
573425,3;0,1062959
573441,8;0,106317
573458,4;0,1063255
573474,9;0,1063255
573491,4;0,1063606
573508,1;0,1063775
573525,3;0,1063915
573541,2;0,1063958
573557,8;0,1064083
573574,3;0,106435
573591,4;0,1064491
573607,4;0,1064589
573624,4;0,1064589
573641;0,1064646
573657,3;0,1064646
573673,7;0,1064982
573690,3;0,1065248
573706,9;0,1065417
573723,4;0,1065502
573740;0,106573
573757,4;0,1065931
573773,1;0,1065973
573789,9;0,1066104
573806,4;0,1066104
573823,3;0,1066231
573839,8;0,1066245
573855,9;0,1066445
573873,3;0,1066928
573889,2;0,1067529
573906;0,1067699
573922,3;0,1067944
573938,8;0,1068088
573955,6;0,1068317
573971,9;0,1068317
573988,4;0,1068546
574005,1;0,1068875
574021,7;0,1069048
574038,8;0,1069292
574054,8;0,1069292
574071,3;0,1069536
574087,9;0,1069822
574104,4;0,107011
574121,3;0,1070353
574138;0,1070554
574154,2;0,1070897
574170,7;0,107104
574187,3;0,107104
574203,9;0,1071598
574220,4;0,1071627
574237,4;0,1071926
574256,3;0,1072283
574270,1;0,1072597
574286,7;0,1072751
574303,3;0,1072938
574320;0,1073008
574336,4;0,1073579
574352,9;0,1073751
574369,5;0,1074038
574386,1;0,1074038
574402,6;0,1074464
574419,3;0,1074651
574435,8;0,1074909
574452,3;0,1074909
574468,9;0,1075009
574486,3;0,1075112
574502,1;0,1075573
574518,6;0,1075818
574535,2;0,1075918
574551,8;0,107615
574568,3;0,1076222
574585,8;0,1076454
574601,4;0,1076585
574618,1;0,1076585
574634,6;0,1077078
574651,2;0,1077151
574667,8;0,107747
574684,3;0,107747
574701,1;0,1077717
574717,5;0,1077934
574734,4;0,1078121
574750,6;0,1078294
574767,1;0,107838
574783,9;0,1078497
574800,3;0,1078525
574816,8;0,1078743
574833,4;0,1078788
574850;0,1078919
574866,5;0,1078919
574883,1;0,1078977
574900;0,1079022
574916,2;0,1079022
574932,8;0,1079065
574949,3;0,1079139
574965,9;0,1079241
574982,5;0,1079241
574999;0,1079241
575015,6;0,1079301
575032,2;0,1079344
575048,8;0,1079316
575065,4;0,1079316
575081,9;0,1079345
575098,9;0,1079345
575115;0,1079345
575131,6;0,107936
575150;0,1079418
575169,2;0,1079489
575187,9;0,1079531
575207,3;0,1079531
575226,8;0,1079531
575248,6;0,1079503
575266,6;0,1079503
575286,7;0,1079516
575305,9;0,1079517
575326,8;0,1079517
575348,3;0,1079531
575366,6;0,1079517
575386,9;0,1079517
575406,9;0,1079503
575427,8;0,107949
575450,1;0,1079461
575468,3;0,1079461
575488,1;0,1079447
575509,3;0,1079476
575532,8;0,107952
575553,4;0,107952
575574,6;0,1079549
575600,1;0,1079606
575620,3;0,1079621
575636,8;0,1079649
575658,4;0,1079707
575677,8;0,1079707
575701,9;0,107978
575719,9;0,107978
575738,6;0,1079764
575760,6;0,107975
575786,1;0,1079632
575802,9;0,1079471
575824,3;0,1079355
575840,8;0,1079267
575861,8;0,1079208
575881,1;0,1079179
575897,7;0,1079093
575920,1;0,1078946
575936,6;0,1078873
575956,4;0,107883
575974,6;0,1078668
576001,1;0,1078466
576017,7;0,1078466
576034,3;0,1078349
576052,4;0,1078189
576069;0,1078102
576086,8;0,1077941
576103,3;0,1077941
576120,9;0,1077779
576137,4;0,1077677
576157;0,1077474
576174,3;0,1077371
576191,3;0,1077225
576208,1;0,1077182
576224,5;0,1077123
576241;0,1077094
576257,7;0,107689
576274,1;0,1076758
576290,7;0,1076685
576307,4;0,1076685
576324,1;0,1076481
576341,4;0,1076422
576357,6;0,1076275
576374,3;0,1076246
576391,1;0,1076204
576407,3;0,1076145
576423,8;0,1076087
576440,6;0,1075854
576458,6;0,1075649
576475,3;0,1075635
576491,8;0,107556
576509,6;0,107527
576526,2;0,1075183
576542,8;0,1075138
576559,3;0,1075138
576575,9;0,107508
576592,5;0,1074757
576609;0,1074598
576625,6;0,1074598
576642,1;0,1074422
576659,4;0,1074202
576676,2;0,1073998
576692,6;0,1073781
576709,2;0,1073781
576726,3;0,107365
576742,3;0,1073404
576758,9;0,1073246
576775,6;0,1073158
576792,5;0,1073158
576808,6;0,1072827
576825,1;0,1072741
576846,6;0,1072509
576863,2;0,1072422
576879,7;0,1072364
576896,3;0,1072235
576913,3;0,1072235
576929,7;0,107209
576946,6;0,1072032
576962,5;0,1071859
576979,1;0,1071772
576995,9;0,1071743
577012,3;0,1071657
577029,1;0,1071657
577045,9;0,1071614
577061,9;0,1071355
577078,5;0,1071213
577095,1;0,1071141
577111,6;0,1071098
577128,3;0,107107
577144,8;0,1071014
577161,4;0,1071014
577177,9;0,1070971
577194,6;0,1070858
577211,1;0,1070787
577227,6;0,1070731
577244,4;0,1070746
577260,8;0,1070605
577277,3;0,1070534
577293,9;0,1070505
577310,4;0,1070505
577327,2;0,1070406
577343,6;0,1070251
577360,3;0,1070209
577376,7;0,1070181
577393,3;0,1070181
577409,9;0,1069955
577426,5;0,1069869
577443,4;0,1069785
577459,6;0,1069785
577476,5;0,1069615
577492,7;0,1069431
577509,2;0,1069346
577525,8;0,1069218
577542,4;0,1069162
577558,9;0,1069035
577575,5;0,1068935
577592,1;0,1068836
577608,6;0,106878
577625,2;0,106878
577641,8;0,1068723
577658,3;0,1068639
577675,3;0,1068639
577691,4;0,1068568
577708,1;0,1068313
577727,1;0,1068156
577743,9;0,1067958
577760,7;0,1067802
577776,8;0,106776
577793,3;0,106776
577809,9;0,1067592
577826,4;0,1067408
577843;0,1067338
577859,6;0,1067252
577876,4;0,1067238
577893;0,1067039
577909,4;0,1066885
577925,8;0,1066772
577942,8;0,1066772
577959;0,1066616
577975,6;0,1066446
577992,3;0,1066404
578008,9;0,1066361
578025,2;0,1066319
578041,8;0,1066121
578058,7;0,1066021
578074,9;0,1065979
578091,6;0,1065922
578108,1;0,1065908
578124,6;0,1065654
578141,2;0,1065541
578158,4;0,1065485
578174,5;0,1065428
578191,1;0,1065344
578207,4;0,1065259
578224,3;0,1065259
578240,7;0,1065159
578257,1;0,1065032
578274,3;0,1064905
578290,3;0,1064905
578306,9;0,1064849
578323,7;0,1064834
578340,6;0,1064636
578356,9;0,1064524
578373,9;0,1064482
578389,7;0,1064482
578406,3;0,1064396
578422,9;0,1064312
578439,4;0,1064297
578456;0,1064283
578472,8;0,1064283
578489,1;0,1064283
578505,7;0,1064428
578522,5;0,1064486
578538,8;0,1064531
578555,4;0,1064531
578575,1;0,1064707
578588,5;0,1064808
578605,1;0,1064838
578622,1;0,1064881
578638,2;0,1064881
578654,8;0,106507
578671,6;0,1065143
578687,9;0,106533
578704,7;0,106533
578721;0,1065488
578737,6;0,106562
578754,9;0,1065763
578770,8;0,106585
578787,3;0,1065951
578803,9;0,1066065
578820,4;0,106628
578837;0,106628
578853,8;0,1066556
578870,1;0,1066556
578886,8;0,1066684
578903,6;0,1066698
578919,9;0,1066713
578937,3;0,1066713
578952,9;0,1066713
578969,6;0,1066742
578986,1;0,1066698
579002,8;0,1066685
579019,3;0,1066699
579035,8;0,1066699
579052,8;0,10667
579068,9;0,10667
579085,7;0,1066685
579102,1;0,1066671
579118,6;0,1066671
579135,2;0,1066671
579152,4;0,1066671
579168,3;0,1066671
579184,9;0,1066685
579202,3;0,1066698
579218;0,1066727
579234,6;0,1066727
579251,2;0,1066726
579267,8;0,1066754
579284,3;0,1066782
579301,5;0,1066796
579317,4;0,1066796
579334;0,1066853
579351;0,1066853
579367,1;0,1066895
579383,8;0,1066895
579400,3;0,1066951
579417,1;0,1067022
579433,4;0,1067008
579449,9;0,1067036
579466,6;0,1067035
579485,3;0,1067091
579501,8;0,1067204
579518,4;0,1067218
579535,4;0,106726
579551,6;0,1067289
579568,1;0,1067289
579584,9;0,1067316
579601,7;0,1067344
579618;0,10674
579634,4;0,1067483
579650,9;0,1067553
579667,7;0,1067609
579684,4;0,1067608
579700,9;0,106765
579717,4;0,106765
579733,8;0,1067692
579750,4;0,1067735
579767,1;0,1067805
579784,1;0,1067805
579800,1;0,1067903
579817,1;0,1067903
579833,2;0,1067987
579850;0,1068029
579866,3;0,1068029
579882,9;0,1068084
579900,1;0,1068098
579916;0,1068154
579932,6;0,1068154
579949,4;0,1068196
579965,7;0,1068211
579982,3;0,1068224
579998,8;0,1068223
580015,4;0,1068267
580032;0,1068281
580048,5;0,106828
580065,1;0,106828
580081,7;0,1068294
580098,3;0,1068337
580115,1;0,1068351
580131,8;0,1068365
580148,4;0,1068379
580164,6;0,1068393
580181,1;0,1068393
580197,6;0,1068393
580214,3;0,1068366
580230,8;0,1068366
580247,4;0,1068366
580263,9;0,1068352
580280,5;0,1068324
580297,1;0,1068282
580313,9;0,1068238
580330,2;0,1068211
580346,8;0,1068211
580363,3;0,1068112
580380,4;0,1068057
580396,8;0,1067987
580413;0,1068015
580430,6;0,106793
580446,8;0,106782
580462,9;0,1067736
580479,3;0,1067595
580495,9;0,1067566
580512,4;0,1067324
580529,1;0,1067067
580545,6;0,1066781
580562,1;0,1066609
580579,1;0,1066368
580595,6;0,1066226
580611,8;0,1065956
580628,4;0,1065956
580644,9;0,1065444
580662;0,1065357
580678,4;0,1065101
580694,6;0,1064845
580711,6;0,1064547
580727,9;0,1064391
580744,3;0,1064263
580760,9;0,1064263
580778;0,1063767
580794,4;0,1063511
580810,9;0,1063199
580827,2;0,1063199
580843,8;0,1063031
580860,3;0,1063031
580876,9;0,1062844
580893,4;0,1062732
580910,1;0,1062098
580926,6;0,1061694
580943,2;0,1061569
580959,7;0,1061569
580976,3;0,1061361
580992,9;0,106107
581009,4;0,106093
581026;0,1060832
581055,3;0,1059931
581055,3;0,1059113
581075,3;0,1058934
581091,6;0,1058768
581108,1;0,1058573
581124,6;0,1058573
581141,4;0,1058199
581157,8;0,1057935
581174,3;0,1057713
581190,9;0,1057672
581208,4;0,1057437
581224;0,10572
581240,6;0,1056882
581257,1;0,105673
581273,7;0,105673
581290,3;0,1056202
581306,8;0,1056175
581323,4;0,1055897
581340,3;0,1055607
581356,5;0,1055373
581373,7;0,1055289
581390,3;0,1055151
581406,4;0,1055151
581422,8;0,105475
581439,8;0,1054209
581455,9;0,1053918
581472,5;0,105378
581489,1;0,1053571
581505,6;0,1053349
581522,2;0,1053086
581538,8;0,1052727
581556,2;0,1052575
581572,3;0,1052575
581588,4;0,1052133
581605,4;0,1051994
581621,6;0,1051994
581638,2;0,1051358
581654,8;0,105111
581671,3;0,1050903
581687,9;0,105064
581704,4;0,1050404
581721;0,1050226
581737,9;0,1049922
581754,1;0,1049631
581770,7;0,1049493
581787,3;0,104919
581804,1;0,104919
581820,4;0,104905
581837,2;0,104905
581853,5;0,1048429
581870,1;0,104818
581886,7;0,1048167
581903,2;0,1047808
581920,5;0,1047476
581936,3;0,1047173
581952,9;0,1047173
581969,6;0,1046841
581986,1;0,1046646
582002,6;0,1046384
582019,3;0,1046384
582035,8;0,1046261
582052,5;0,1046123
582068,9;0,1045737
582085,5;0,104535
582102,1;0,1045197
582118,8;0,1045087
582135,3;0,1045032
582152,4;0,1044632
582169,2;0,1044384
582184,9;0,1044217
582201,4;0,1044217
582218;0,1044039
582234,6;0,1043652
582251,3;0,1043542
582267,7;0,1043431
582284,3;0,1043404
582300,8;0,1043004
582317,7;0,1042921
582334;0,1042727
582350,6;0,1042574
582367,7;0,1042534
582383,9;0,1042133
582400,6;0,104205
582417;0,1041857
582433,4;0,1041857
582449,9;0,104161
582466,5;0,1041485
582483,3;0,1041347
582499,6;0,1041127
582516,2;0,1041059
582533,4;0,1040922
582550,1;0,1040825
582565,9;0,1040633
582582,4;0,1040508
582599;0,1040342
582615,7;0,1040287
582632,1;0,1040287
582649,7;0,1040177
582665,3;0,1040177
582681,9;0,1040122
582698,8;0,1040038
582715;0,1039736
582737,3;0,1039501
582748,7;0,1039432
582764,7;0,1039362
582781,3;0,1039334
582797,9;0,1039224
582814,7;0,1039196
582831,8;0,1039182
582847,8;0,1039155
582864,6;0,103914
582880,8;0,103914
582897,3;0,1039126
582913,8;0,1039126
582930,4;0,103914
582946,9;0,1039182
582964,3;0,1039223
582980,1;0,1039264
582996,6;0,1039374
583013,3;0,1039415
583029,8;0,1039456
583046,3;0,1039456
583062,9;0,1039552
583080;0,1039579
583096;0,103962
583112,7;0,1039784
583129,6;0,1039908
583145,8;0,1039978
583162,3;0,1039978
583179,1;0,1040117
583195,4;0,1040337
583212;0,1040364
583228,6;0,1040434
583245,1;0,1040461
583261,8;0,1040723
583278,6;0,1040778
583295,5;0,1040875
583311,8;0,1040875
583327,9;0,1040875
583344,9;0,1041136
583361,1;0,104133
583378,3;0,1041509
583394,3;0,1041603
583410,8;0,1041768
583427,4;0,1041864
583444;0,1041961
583460,8;0,1042057
583477,2;0,1042113
583493,6;0,1042265
583510,3;0,1042306
583526,8;0,1042306
583543,3;0,1042609
583559,9;0,1042637
583576,5;0,1042855
583593;0,1042896
583616,8;0,1043076
583626,3;0,1043214
583642,7;0,1043365
583659,8;0,10435
583676,1;0,1043638
583692,4;0,1043775
583709,9;0,1043871
583725,6;0,1043871
583742,2;0,1044118
583759,4;0,1044352
583775,9;0,1044421
583791,8;0,1044613
583808,4;0,1044682
583824,9;0,1044847
583841,6;0,1044847
583858,6;0,1045039
583874,8;0,1045163
583891,4;0,1045342
583907,9;0,1045492
583924,4;0,1045492
583940,9;0,1045492
583957,5;0,104563
583974,1;0,1045657
583990,6;0,1045972
584007,2;0,1046136
584023,8;0,1046288
584040,4;0,1046328
584057;0,1046452
584073,5;0,1046713
584090;0,1046864
584107,5;0,1046974
584123,5;0,1046974
584139,7;0,1047083
584156,3;0,1047317
584172,9;0,1047358
584189,4;0,1047454
584206,1;0,1047441
584223,2;0,1047646
584239,1;0,1047757
584255,7;0,1047798
584272,3;0,1047854
584288,8;0,1047978
584305,6;0,104806
584322,3;0,1048129
584338,9;0,1048197
584355,1;0,1048238
584372,2;0,1048471
584388,3;0,1048609
584405,6;0,1048651
584422,1;0,1048748
584438,1;0,1048844
584454,4;0,1048899
584471,1;0,1048928
584487,6;0,104901
584504,2;0,104901
584520,9;0,1049066
584537,4;0,1049258
584553,9;0,1049355
584570,9;0,1049369
584587,1;0,1049478
584603,9;0,1049492
584620,2;0,1049506
584636,8;0,1049617
584653,3;0,1049768
584669,9;0,1049795
584686,9;0,1049863
584703;0,1049973
584719,6;0,1050042
584736,3;0,1050083
584752,8;0,1050083
584769,9;0,1050085
584785,8;0,1050125
584803,3;0,1050194
584819,3;0,1050193
584835,5;0,1050193
584852,9;0,1050263
584868,6;0,1050235
584885,3;0,1050222
584901,9;0,1050208
584918,4;0,1050195
584934,9;0,1050196
584951,6;0,1050181
584968,1;0,1050181
584985,3;0,10501
585001,3;0,1050044
585017,9;0,1050016
585034,3;0,1050016
585050,9;0,1049947
585067,4;0,1049879
585084,5;0,104985
585100,6;0,104978
585117,4;0,1049726
585133,8;0,1049685
585150,3;0,1049589
585167,1;0,1049589
585184;0,104938
585200,1;0,1049353
585216,6;0,1049339
585233,1;0,1049284
585249,7;0,104927
585266,3;0,104916
585282,8;0,1048992
585299,4;0,1048937
585316;0,1048783
585332,9;0,104877
585349,8;0,10487
585365,8;0,10487
585382,4;0,1048534
585398,8;0,1048397
585415,8;0,1048342
585432;0,1048342
585448,9;0,1048287
585465,1;0,104815
585481,6;0,104808
585498,2;0,1047983
585515,6;0,1047942
585531,3;0,1047872
585547,9;0,1047859
585564,6;0,1047679
585581;0,1047624
585597,6;0,10475
585614,8;0,1047361
585630,8;0,1047306
585647,3;0,1047169
585663,9;0,1047142
585680,7;0,1047114
585697,8;0,1047046
585713,6;0,1046824
585730,1;0,1046729
585746,8;0,1046619
585763,3;0,1046619
585779,9;0,1046439
585796,4;0,1046245
585813,1;0,1046218
585829,5;0,1046078
585846,1;0,1046078
585862,7;0,1046051
585879,2;0,1045982
585895,8;0,1045941
585912,8;0,1045692
585929,1;0,1045513
585945,5;0,1045403
585962,1;0,1045403
585978,9;0,1045307
585995,3;0,1045169
586011,8;0,1045019
586028,8;0,1044922
586045,2;0,1044922
586061,4;0,1044689
586078,2;0,1044509
586095,1;0,1044468
586111,2;0,1044385
586127,8;0,1044317
586144,4;0,104411
586160,8;0,1043986
586177,9;0,1043945
586194;0,1043835
586210,6;0,1043767
586227,3;0,1043685
586243,9;0,1043603
586260,4;0,1043588
586283,8;0,1043492
586293,4;0,1043258
586310,5;0,1043258
586326,6;0,1043107
586343,1;0,1043053
586360,1;0,1042915
586376,7;0,104275
586392,8;0,1042682
586409,4;0,1042572
586426,8;0,1042422
586442,5;0,1042352
586459,1;0,1042215
586475,6;0,1042215
586492,9;0,1042188
586509,4;0,1042188
586525,3;0,1042119
586542,2;0,1041994
586559;0,1041774
586575;0,1041597
586591,6;0,1041528
586608,3;0,1041446
586625;0,1041336
586641,3;0,1041213
586657,8;0,1041132
586674,4;0,1041022
586691;0,1040968
586707,6;0,1040968
586724,1;0,1040736
586740,9;0,1040682
586757,6;0,1040599
586774,1;0,1040464
586790,6;0,1040314
586806,9;0,1040192
586823,6;0,1040152
586840,1;0,1040043
586856,8;0,1039878
586873,3;0,1039783
586889,9;0,1039783
586906,4;0,1039662
586922,9;0,1039593
586939,5;0,1039525
586956,1;0,1039525
586972,6;0,1039282
586989,2;0,1039188
587005,8;0,1039105
587022,9;0,1039105
587039,4;0,1038916
587055,6;0,1038809
587072;0,1038714
587088,6;0,1038566
587105,6;0,1038566
587121,7;0,1038512
587138,3;0,1038512
587154,9;0,1038445
587171,9;0,1038363
587188;0,1038228
587204,5;0,1037999
587221,5;0,1037704
587237,9;0,1037595
587254,6;0,1037595
587270,8;0,1037434
587287,6;0,10373
587304,2;0,1037219
587320,6;0,1037113
587337,1;0,1037018
587353,6;0,1036912
587370,3;0,1036818
587386,9;0,1036696
587403,4;0,1036696
587420,3;0,1036642
587436,9;0,103648
587453,1;0,1036331
587469,6;0,1036249
587486,7;0,1036249
587502,8;0,1036061
587519,8;0,1035913
587536,3;0,1035778
587552,5;0,1035765
587569;0,1035645
587585,6;0,1035551
587602,3;0,1035405
587619,3;0,1035364
587635,3;0,1035216
587652,4;0,1035203
587668,4;0,1035054
587685;0,1034987
587701,8;0,103496
587718,4;0,1034854
587734,7;0,1034786
587751,3;0,1034679
587767,9;0,1034679
587784,4;0,1034665
587801,2;0,1034599
587818;0,1034599
587834,1;0,1034332
587850,6;0,1034185
587867,3;0,1034118
587883,8;0,1034064
587900,3;0,103397
587916,9;0,103397
587933,5;0,1033835
587950,4;0,1033808
587966,9;0,1033702
587983,2;0,1033622
587999,8;0,1033581
588016,3;0,1033501
588033,1;0,1033474
588050,1;0,1033474
588066,1;0,1033408
588082,6;0,103334
588099,2;0,1033234
588115,8;0,1033234
588132,3;0,1033194
588148,9;0,10331
588166,3;0,1033033
588182,1;0,1032993
588198,6;0,1032993
588215,1;0,1032885
588232,1;0,1032846
588248,3;0,1032792
588264,9;0,1032766
588281,4;0,1032752
588298,1;0,1032712
588314,6;0,1032671
588331,1;0,1032658
588347,6;0,1032617
588364,8;0,1032617
588381,1;0,103259
588397,3;0,1032537
588413,9;0,1032551
588430,5;0,1032551
588447,1;0,1032551
588463,6;0,1032537
588480,8;0,1032484
588496,8;0,1032484
588513,3;0,1032484
588529,9;0,1032457
588546,7;0,103239
588563,1;0,1032403
588580,1;0,1032417
588596,1;0,103239
588612,8;0,1032444
588629,4;0,1032458
588645,9;0,1032458
588662,4;0,1032484
588679;0,1032484
588695,6;0,1032484
588712,1;0,1032484
588728,7;0,1032511
588745,4;0,1032511
588761,8;0,1032551
588778,7;0,1032605
588795,5;0,1032605
588811,5;0,1032645
588828,1;0,1032752
588845,1;0,1032752
588862;0,1032752
588877,8;0,103282
588894,4;0,1032847
588911,3;0,1032874
588928,1;0,1032874
588944,6;0,1032953
588961;0,1032994
588977,2;0,1033074
588993,8;0,1033074
589010,3;0,10331
589027,1;0,1033167
589044,1;0,1033235
589060;0,1033235
589076,6;0,1033288
589093,3;0,1033302
589109,8;0,1033463
589126,3;0,103361
589143;0,1033704
589159,4;0,1033744
589175,9;0,1033771
589192,6;0,1033878
589209,1;0,1033998
589226,4;0,1034025
589242,3;0,1034132
589258,9;0,1034211
589275,4;0,1034224
589292,2;0,1034304
589308,8;0,1034371
589326;0,1034426
589341,7;0,1034493
589358,4;0,1034628
589374,8;0,1034681
589391,4;0,1034788
589408,4;0,1034815
589424,5;0,1034923
589441,2;0,1035044
589457,6;0,1035098
589474,8;0,1035166
589490,8;0,1035166
589507,3;0,103522
589523,9;0,1035407
589540,4;0,1035541
589557;0,103562
589573,6;0,1035755
589590,1;0,1035848
589607;0,1035983
589623,3;0,1035983
589639,8;0,1036117
589656,4;0,1036265
589673;0,1036318
589689,9;0,10364
589706,1;0,1036453
589722,7;0,1036453
589739,3;0,1036615
589755,8;0,1036791
589772,4;0,1036884
589788,9;0,1036991
589806,4;0,1037059
589822,1;0,1037085
589838,7;0,1037287
589855,3;0,1037354
589871,8;0,1037381
589888,6;0,1037557
589904,9;0,1037611
589922,1;0,1037623
589938,4;0,1037799
589954,8;0,1037934
589971,7;0,1038001
589987,8;0,1038069
590004,3;0,1038229
590021,1;0,1038285
590037,8;0,1038407
590054,1;0,1038514
590070,6;0,1038568
590087,6;0,1038648
590103,8;0,1038716
590120,3;0,1038716
590136,8;0,1038987
590153,4;0,1038987
590170;0,1039108
590186,6;0,1039162
590203,1;0,1039285
590219,8;0,1039393
590236,3;0,1039433
590253,1;0,1039556
590269,4;0,1039704
590286,1;0,1039758
590302,7;0,1039853
590319,1;0,1039935
590336,2;0,1039935
590352,3;0,1039975
590369;0,1040016
590385,4;0,1040248
590402,2;0,1040316
590418,9;0,1040316
590435,1;0,1040576
590451,9;0,1040617
590468,2;0,1040685
590484,8;0,1040698
590501,9;0,1040739
590517,9;0,1040861
590535;0,104097
590551,1;0,104101
590567,6;0,104101
590584,2;0,1041255
590600,8;0,104127
590617,3;0,1041297
590633,9;0,1041339
590650,4;0,1041339
590667;0,1041503
590683,6;0,1041517
590700,1;0,1041557
590716,8;0,1041668
590733,3;0,1041708
590750,7;0,1041749
590766,4;0,1041857
590783,1;0,1041899
590799,8;0,1041967
590816,1;0,1042009
590832,6;0,1042076
590850,1;0,1042131
590865,9;0,1042186
590882,4;0,10422
590899,5;0,10422
590915,4;0,1042323
590932,1;0,1042365
590948,6;0,1042407
590965,5;0,1042407
590981,8;0,1042434
590998,4;0,1042434
591015,2;0,1042448
591031,8;0,1042625
591048,1;0,1042625
591064,6;0,1042721
591081,3;0,1042899
591097,8;0,1042981
591114,3;0,1042981
591130,9;0,1042981
591147,8;0,1043038
591164;0,1043079
591180,6;0,1043134
591197,8;0,1043257
591214,4;0,1043299
591230,4;0,1043313
591246,8;0,1043354
591263,4;0,1043448
591279,9;0,1043531
591296,5;0,1043531
591313,6;0,1043573
591329,8;0,1043627
591346,3;0,1043641
591362,9;0,1043669
591379,4;0,1043724
591396,3;0,1043737
591412,6;0,1043793
591429,1;0,1043848
591445,6;0,1043875
591462,3;0,1043931
591478,8;0,1044
591495,3;0,1044042
591511,9;0,1044027
591528,4;0,104407
591545,1;0,1044098
591561,8;0,1044097
591578,9;0,1044179
591594,8;0,1044167
591611,3;0,1044166
591627,9;0,1044153
591645;0,1044153
591661,9;0,1044195
591677,6;0,1044237
591694,1;0,1044251
591711,1;0,1044264
591727,4;0,1044264
591743,8;0,104436
591760,4;0,1044428
591777;0,1044428
591793,5;0,1044455
591810,2;0,1044469
591826,7;0,1044511
591843,4;0,1044512
591859,8;0,1044526
591876,3;0,1044499
591892,9;0,1044512
591909,5;0,1044567
591926,1;0,1044595
591942,6;0,1044595
591959,2;0,1044595
591976,4;0,1044622
591992,3;0,1044622
592008,9;0,104465
592025,4;0,1044651
592042,1;0,1044638
592058,9;0,1044638
592075,3;0,1044666
592091,8;0,1044693
592108,3;0,1044693
592124,9;0,104483
592141,4;0,1044776
592158,1;0,1044804
592175,1;0,1044817
592191,1;0,1044817
592207,7;0,1044816
592224,4;0,104479
592240,9;0,104479
592257,4;0,104479
592274;0,104479
592290,5;0,104479
592307,1;0,1044804
592323,8;0,1044777
592340,2;0,1044777
592356,8;0,1044777
592373,4;0,1044777
592389,9;0,1044708
592407,1;0,1044612
592423,1;0,1044612
592439,6;0,1044584
592456,8;0,1044571
592473,6;0,1044639
592489,3;0,1044653
592506,1;0,1044625
592522,5;0,1044639
592539,1;0,1044612
592555,6;0,1044612
592572,1;0,1044584
592589,1;0,1044556
592605,5;0,1044541
592622;0,1044541
592638,4;0,1044541
592655,8;0,1044485
592671,6;0,1044512
592688,3;0,1044554
592704,7;0,1044527
592721,3;0,1044511
592737,9;0,1044526
592754,9;0,10445
592771,5;0,1044486
592787,6;0,10445
592804,1;0,1044487
592821,1;0,1044514
592837,3;0,1044431
592853,8;0,1044404
592870,8;0,1044376
592886,9;0,1044376
592903,5;0,1044321
592920,1;0,1044335
592936,9;0,1044335
592953,2;0,1044252
592969,8;0,1044266
592986,4;0,1044279
593002,9;0,1044251
593019,6;0,1044224
593036,2;0,1044197
593052,8;0,10441
593069,2;0,1044072
593085,8;0,1044072
593102,3;0,1044003
593118,8;0,1044003
593135,4;0,1043989
593152,1;0,1044002
593168,9;0,1043932
593185,1;0,1043946
593202,2;0,1043863
593218,9;0,1043877
593235,1;0,1043836
593252,2;0,1043796
593268,2;0,1043769
593284,6;0,1043741
593301,1;0,1043686
593318;0,10437
593334,7;0,1043632
593358,5;0,104359
593367,4;0,1043562
593383,9;0,1043548
593400,5;0,1043507
593417,4;0,104341
593433,6;0,1043327
593450,5;0,1043286
593466,9;0,1043244
593483,3;0,1043204
593499,9;0,1043053
593516,5;0,1043053
593533;0,1043039
593549,6;0,1043039
593566,2;0,1042984
593582,8;0,1042915
593599,3;0,1042765
593616,4;0,104263
593632,4;0,104263
593649;0,104263
593665,7;0,1042506
593682,1;0,1042424
593698,7;0,1042385
593715,3;0,1042317
593731,8;0,1042276
593748,7;0,1042098
593765;0,1041989
593782,1;0,1041934
593798,1;0,1041934
593814,9;0,1041838
593831,5;0,1041837
593847,8;0,1041768
593864,4;0,1041754
593881,1;0,1041754
593897,4;0,1041631
593914,1;0,1041563
593930,8;0,1041535
593947,2;0,1041467
593963,8;0,1041467
593980,4;0,1041291
593997,3;0,1041291
594013,9;0,1041196
594030;0,1041086
594046,6;0,1041017
594063,2;0,1040936
594079,8;0,1040895
594096,3;0,104073
594113;0,1040649
594129,5;0,1040567
594146;0,1040485
594162,6;0,1040485
594179,6;0,1040485
594195,7;0,104043
594212,3;0,1040377
594228,8;0,1040148
594245,7;0,1040093
594262;0,103989
594278,5;0,1039863
594295,1;0,1039808
594311,6;0,103966
594329,2;0,1039578
594344,8;0,103947
594361,4;0,103947
594378,6;0,1039335
594394,5;0,1039175
594411,1;0,1039135
594427,7;0,1038986
594444,2;0,1038851
594460,8;0,1038742
594478,2;0,1038742
594493,9;0,1038527
594510,4;0,1038367
594527,2;0,1038218
594543,6;0,1038058
594560,4;0,1038058
594577;0,1037883
594593,3;0,1037723
594610,1;0,1037723
594627;0,1037415
594643;0,1037188
594659,6;0,1037053
594676,5;0,1036974
594692,7;0,1036839
594709,3;0,1036388
594726;0,1036148
594742,4;0,1036014
594759;0,1036014
594775,5;0,1035415
594792,1;0,1035257
594808,6;0,1035257
594825,2;0,1035097
594841,8;0,1035085
594859;0,103478
594874,9;0,10342
594891,5;0,1033923
594908,1;0,103375
594924,6;0,1033553
594941,3;0,1033117
594957,8;0,1032787
594974,4;0,1032642
594990,9;0,1032284
595007,4;0,1032034
595024,1;0,1031953
595040,6;0,1031953
595057,1;0,1031243
595073,8;0,1030954
595090,3;0,1030703
595106,9;0,1030703
595123,4;0,1030376
595140,2;0,1029848
595156,9;0,1029573
595173,1;0,102939
595190;0,102939
595206,8;0,1028748
595222,8;0,1028446
595239,9;0,1028026
595256,7;0,1027845
595272,5;0,1027845
595289,3;0,1027073
595305,8;0,1026995
595322,7;0,1026629
595338,8;0,1026096
595355,5;0,1025925
595371,9;0,1025616
595388,5;0,102524
595405,1;0,1024952
595421,6;0,1024627
595438,3;0,1024627
595454,8;0,1024433
595471,3;0,1024381
595488,2;0,1024238
595504,8;0,1023848
595521,3;0,1023199
595537,6;0,102237
595554,2;0,1022191
595570,8;0,1022191
595587,3;0,1021579
595604,1;0,1021191
595620,4;0,1020958
595636,9;0,1020868
595653,6;0,1020659
595670,2;0,1020075
595687,2;0,1019763
595703,3;0,1019605
595719,9;0,1019605
595736,4;0,1018904
595752,9;0,1018736
595769,5;0,101837
595786,1;0,1018201
595802,7;0,1017824
595819,6;0,101764
595835,8;0,1017288
595852,4;0,1017081
595868,9;0,1016717
595885,5;0,1016546
595902,1;0,1016546
595918,6;0,1015831
595935,6;0,1015611
595951,8;0,1015298
595968,6;0,1015298
595984,9;0,1014986
596001,5;0,1014607
596019;0,1014308
596034,6;0,1013993
596051,4;0,1013787
596067,8;0,10135
596084,3;0,10135
596101,3;0,1013355
596117,4;0,1013355
596134,8;0,1013187
596150,6;0,1012755
596167,1;0,1012259
596183,7;0,1012037
596200,8;0,1012037
596216,9;0,1011918
596233,6;0,1011578
596250,1;0,1011382
596266,6;0,101125
596283,1;0,101125
596299,9;0,1010871
596316,4;0,101078
596332,8;0,1010492
596349,4;0,1010414
596365,9;0,1010206
596382,7;0,1010023
596399,1;0,1009801
596416,4;0,1009723
596432,3;0,1009501
596448,8;0,1009411
596465,3;0,1009189
596481,9;0,1009189
596498,6;0,1008903
596515;0,1008811
596531,6;0,1008604
596548,2;0,1008436
596564,8;0,1008331
596581,3;0,1008162
596598,2;0,1008084
596614,4;0,1007955
596631;0,1007916
596647,6;0,1007788
596664,1;0,1007672
596680,9;0,1007672
596697,3;0,1007608
596713,8;0,1007531
596730,5;0,1007531
596746,9;0,1007492
596763,6;0,1007492
596780,1;0,1007467
596796,8;0,1007363
596813,4;0,1007325
596829,9;0,1007312
596846,4;0,1007299
596863,3;0,1007286
596879,5;0,1007286
596896,1;0,1007286
596912,9;0,1007274
596929,2;0,1007286
596945,8;0,1007299
596962,3;0,1007299
596978,9;0,1007312
596995,5;0,1007286
597012;0,1007286
597030,3;0,1007312
597045,2;0,1007363
597061,7;0,1007466
597078,3;0,1007466
597094,9;0,1007492
597111,9;0,100762
597128;0,1007735
597144,8;0,1007812
597161,1;0,1007812
597177,7;0,1008015
597194,3;0,1008015
597210,8;0,1008337
597227,4;0,1008439
597244;0,1008439
597260,6;0,1008696
597277,1;0,1008862
597294,3;0,1009027
597310,4;0,1009027
597326,8;0,1009027
597343,4;0,1009372
597359,9;0,1009575
597376,4;0,1009575
597393,5;0,1009714
597409,8;0,1009815
597426,4;0,1010044
597442,8;0,1010337
597459,4;0,1010515
597475,9;0,1010617
597492,4;0,1010617
597509,3;0,1010807
597525,8;0,1011087
597542,4;0,1011328
597559;0,1011328
597576,1;0,1011404
597591,9;0,1011721
597608,4;0,1011899
597625,1;0,1012065
597641,6;0,1012116
597658,9;0,1012321
597674,8;0,1012409
597691,3;0,1012562
597707,8;0,1012562
597724,4;0,1012652
597740,9;0,1012906
597757,5;0,1013047
597774,9;0,1013188
597790,6;0,1013276
597807,3;0,1013276
597824,3;0,1013367
597840,6;0,1013647
597857;0,1013736
597873,9;0,1013736
597890,1;0,1014055
597906,9;0,1014093
597924,1;0,1014335
597940,1;0,1014373
597956,9;0,1014541
597973,1;0,101463
597989,4;0,101463
598006,1;0,1014694
598023,1;0,1014694
598039,8;0,1014783
598055,8;0,1014847
598072,8;0,1015065
598089,8;0,1015347
598106,4;0,101554
598122,2;0,1015591
598138,7;0,1015707
598155,1;0,1015758
598172,1;0,1015809
598188,3;0,1015874
598204,8;0,1015938
598221,4;0,1016015
598238;0,1016041
598254,5;0,101608
598271,1;0,101608
598287,7;0,1016246
598304,3;0,1016312
598320,9;0,1016389
598337,3;0,1016441
598353,9;0,1016441
598370,5;0,1016671
598387,1;0,1016659
598404,3;0,1016827
598420,2;0,1016827
598437;0,1017034
598453,8;0,1017125
598470,6;0,1017215
598486,4;0,101728
598503,1;0,1017422
598519,6;0,1017513
598536,1;0,1017578
598553;0,1017733
598569,3;0,1017759
598586,1;0,1017862
598602,4;0,1017862
598619;0,1017953
598635,6;0,1018094
598652,1;0,1018134
598668,7;0,1018186
598686;0,1018263
598702;0,1018288
598718,4;0,1018468
598735,3;0,1018663
598751,5;0,1018727
598768,5;0,1018857
598784,7;0,1018922
598801,2;0,1018922
598817,8;0,1019064
598834,4;0,1019142
598850,9;0,1019206
598867,5;0,1019246
598884,1;0,1019297
598901,1;0,1019388
598917,7;0,1019401
598933,8;0,1019401
598950,3;0,1019594
598966,9;0,1019659
598983,8;0,1019763
599000;0,1019853
599016,6;0,1019944
599033,2;0,1019944
599049,8;0,1020061
599066,4;0,1020087
599082,9;0,102014
599099,4;0,1020205
599115,9;0,1020231
599132,6;0,1020271
599149,1;0,1020285
599165,7;0,1020324
599182,3;0,102035
599199,1;0,1020376
599215,6;0,1020401
599231,9;0,1020389
599248,6;0,1020416
599265,1;0,1020416
599281,7;0,1020454
599298,6;0,1020454
599314,8;0,1020454
599331,4;0,1020467
599348,3;0,1020586
599364,5;0,1020719
599381,1;0,1020746
599397,6;0,1020826
599414,2;0,1020826
599430,9;0,1020943
599447,6;0,1020997
599463,9;0,1020997
599480,8;0,1021167
599497;0,1021179
599514,1;0,1021299
599530,2;0,1021325
599546,8;0,102143
599563,8;0,1021484
599580,4;0,1021603
599596,4;0,1021667
599613;0,102176
599629,8;0,102176
599646,1;0,1021905
599662,8;0,1021997
599679,3;0,1022051
599696,6;0,1022142
599712,4;0,1022142
599728,9;0,1022235
599745,6;0,1022327
599762,1;0,1022406
599778,7;0,1022496
599795,3;0,1022575
599811,8;0,1022613
599828,4;0,1022745
599844,9;0,1022745
599861,9;0,1022969
599878,1;0,1022969
599894,8;0,1023127
599911,2;0,1023206
599927,8;0,1023206
599944,5;0,1023219
599961,3;0,1023219
599977,7;0,1023298
599994,1;0,1023534
600010,6;0,1023692
600027,2;0,1023758
600043,7;0,1023811
600060,3;0,1023811
600076,8;0,1024047
600093,4;0,1024101
600110;0,1024166
600126,6;0,1024298
600143,9;0,1024415
600159,7;0,1024468
600176,4;0,1024613
600192,8;0,1024678
600209,4;0,1024798
600226,3;0,1024877
600243;0,1024957
600259,9;0,1025049
600275,6;0,1025128
600292,3;0,1025128
600309;0,1025312
600325,6;0,1025416
600341,9;0,1025484
600358,4;0,1025603
600375,1;0,1025721
600391,9;0,1025747
600408,9;0,1025827
600424,8;0,1025854
600441,4;0,1025893
600458,2;0,1025932
600474,9;0,1026011
600491;0,1026088
600507,6;0,1026206
600524,8;0,1026206
600540,7;0,1026246
600557,3;0,1026404
600574,1;0,1026404
600590,5;0,1026431
600607,6;0,1026431
600623,9;0,1026589
600640,1;0,1026694
600657,2;0,1026786
600673,3;0,1026825
600689,8;0,1026891
600706,4;0,1026985
600723,1;0,102701
600739,6;0,1027049
600756,1;0,1027076
600772,8;0,1027182
600789,6;0,1027273
600805,8;0,1027326
600822,4;0,1027339
600839,2;0,1027431
600855,5;0,1027444
600872,7;0,1027444
600888,7;0,1027628
600905,2;0,1027655
600921,8;0,1027721
600938,4;0,1027746
600955,1;0,1027773
600971,4;0,1027892
600988,3;0,1027892
601005,3;0,1027984
601021,2;0,1027984
601037,8;0,1028063
601054,4;0,1028129
601071,2;0,1028168
601087,6;0,102826
601104;0,102826
601120,6;0,1028327
601137,1;0,1028366
601153,7;0,1028366
601170,3;0,1028406
601186,8;0,1028406
601203,6;0,1028459
601220,6;0,1028459
601236,5;0,1028459
601253,1;0,1028446
601269,8;0,1028526
601286,2;0,1028565
601303,4;0,1028644
601319,3;0,1028658
601336,8;0,1028684
601353,3;0,1028684
601369,5;0,1028711
601385,7;0,1028723
601402,2;0,1028723
601418,9;0,1028696
601435,3;0,1028762
601452;0,1028749
601469;0,1028815
601485,1;0,1028841
601501,9;0,1028829
601518,1;0,1028881
601534,8;0,1028907
601551,3;0,1028934
601568,4;0,1028985
601584,4;0,1029025
601601,1;0,1029025
601617,6;0,1029064
601634,1;0,102909
601650,9;0,1029143
601667,3;0,1029196
601683,8;0,1029223
601700,6;0,1029222
601717;0,1029235
601733,5;0,1029289
601750,1;0,1029342
601766,9;0,1029368
601783,4;0,1029409
601799,8;0,1029436
601816,4;0,1029436
601832,9;0,1029436
601849,6;0,1029436
601866;0,1029436
601882,6;0,1029462
601899,2;0,1029462
601915,8;0,1029447
601932,3;0,1029461
601949;0,1029474
601965,5;0,1029474
601982,1;0,1029461
601998,8;0,1029448
602015,7;0,1029422
602031,8;0,1029435
602048,5;0,1029435
602064,9;0,1029449
602081,7;0,1029422
602098,1;0,1029449
602114,6;0,1029449
602131,5;0,1029435
602147,7;0,1029422
602165,1;0,1029422
602181;0,1029343
602197,4;0,1029316
602213,9;0,1029329
602230,5;0,1029328
602247,3;0,1029328
602263,7;0,1029341
602280,7;0,1029354
602296,9;0,1029327
602313,4;0,1029302
602329,9;0,1029262
602347;0,102925
602363,1;0,1029237
602379,6;0,1029237
602396,4;0,102921
602413;0,1029209
602430,3;0,1029248
602445,9;0,1029196
602463;0,1029196
602479;0,1029223
602495,7;0,1029223
602512,7;0,1029249
602528,8;0,1029235
602545,3;0,102921
602562,1;0,102921
602578,4;0,1029196
602595;0,1029196
602611,6;0,1029182
602628,1;0,1029209
602644,7;0,1029209
602661,3;0,1029169
602677,8;0,1029169
602694,4;0,1029183
602711;0,1029235
602727,6;0,1029223
602744,1;0,1029223
602760,7;0,1029223
602777,3;0,1029196
602793,8;0,1029235
602810,4;0,1029262
602827,7;0,1029275
602843,5;0,1029275
602860,1;0,1029301
602876,6;0,1029314
602894,2;0,102934
602910,1;0,1029327
602926,3;0,1029366
602942,9;0,1029433
602959,6;0,102942
602976,1;0,102946
602992,6;0,1029485
603009,5;0,1029486
603025,8;0,1029538
603042,3;0,1029551
603059,2;0,1029551
603075,7;0,1029525
603092;0,1029538
603108,8;0,1029577
603125,1;0,1029577
603141,9;0,1029577
603158,8;0,102959
603174,8;0,102959
603191,5;0,1029669
603207,9;0,1029723
603224,9;0,1029762
603241,3;0,1029775
603257,9;0,1029762
603274,6;0,1029802
603290,8;0,1029802
603307,4;0,1029829
603323,9;0,1029829
603347;0,1029841
603357,2;0,1029842
603373,9;0,1029868
603390,2;0,1029882
603406,8;0,1029883
603423,3;0,1029869
603440,3;0,1029883
603456,5;0,102987
603473;0,1029844
603489,7;0,1029804
603506,2;0,1029805
603523,2;0,1029764
603539,3;0,1029738
603555,9;0,1029713
603572,4;0,1029699
603589;0,1029659
603605,9;0,102958
603622,1;0,1029579
603638,7;0,102954
603655,3;0,1029474
603671,8;0,1029435
603688,4;0,1029435
603704,9;0,1029328
603721,6;0,1029328
603738,3;0,1029248
603754,6;0,1029208
603771,5;0,1029208
603787,8;0,1029168
603804,6;0,1029155
603821,1;0,1029049
603838,1;0,1028958
603854,4;0,1028852
603870,6;0,1028839
603887,7;0,1028826
603903,8;0,1028682
603920,4;0,1028682
603936,9;0,1028616
603953,4;0,1028616
603970,1;0,1028538
603986,6;0,1028512
604003,2;0,1028485
604019,7;0,102846
604036,4;0,1028366
604053,4;0,102834
604069,4;0,1028287
604086;0,1028287
604102,6;0,1028261
604119,4;0,1028103
604136,4;0,102809
604152,4;0,1028051
604168,9;0,1028038
604185,4;0,1027935
604201,9;0,1027935
604218,9;0,1027868
604235,7;0,1027856
604251,9;0,1027789
604268,3;0,1027737
604284,8;0,102767
604301,3;0,1027632
604317,9;0,1027632
604334,5;0,1027579
604351,1;0,1027539
604367,6;0,1027539
604384,2;0,1027486
604401,5;0,1027461
604417,6;0,1027487
604434,1;0,1027435
604450,4;0,1027408
604467,1;0,1027303
604483,6;0,1027197
604500,2;0,1027157
604517,4;0,1027103
604533,4;0,1027064
604549,9;0,1027024
604566,4;0,1027024
604583;0,1026972
604599,6;0,1026933
604616,1;0,102692
604632,7;0,102692
604649,3;0,1026906
604666,3;0,1026841
604682,4;0,1026827
604699,2;0,1026814
604715,5;0,1026814
604732,1;0,1026657
604748,7;0,1026616
604765,3;0,102659
604782,2;0,1026576
604798,4;0,1026576
604815,1;0,102647
604831,5;0,1026484
604848,1;0,1026457
604864,9;0,1026431
604881,7;0,1026404
604897,8;0,1026351
604915;0,1026352
604931;0,1026272
604947,8;0,1026246
604964,1;0,1026153
604980,6;0,1026153
604997,1;0,1026113
605013,8;0,1026086
605030,3;0,1026021
605046,9;0,1026021
605063,6;0,1025994
605080;0,1026007
605096,6;0,1025981
605113,1;0,1025887
605130,6;0,1025795
605146,3;0,1025716
605162,9;0,1025649
605179,4;0,1025649
605196;0,1025583
605213;0,1025543
605229,7;0,1025503
605245,7;0,1025515
605262,2;0,1025515
605278,8;0,1025476
605295,4;0,102541
605311,9;0,1025343
605328,5;0,1025304
605345,1;0,1025277
605362;0,1025262
605378,8;0,1025249
605394,8;0,102517
605411,5;0,1025184
605428,3;0,1025171
605445,3;0,1025171
605461,4;0,1025117
605477,6;0,1025117
605494,1;0,1025117
605510,8;0,102509
605528;0,1025051
605544,1;0,1025037
605560,5;0,1025024
605577,5;0,1025024
605594,3;0,1024984
605610,1;0,1024984
605626,8;0,1024944
605643,9;0,102493
605659,9;0,1024904
605676,4;0,1024892
605692,9;0,1024892
605709,6;0,1024879
605726,1;0,1024918
605742,7;0,1024905
605759,2;0,1024905
605775,8;0,1024957
605792,4;0,1024944
605808,9;0,102493
605826,3;0,102493
605842,1;0,1024945
605858,6;0,1024958
605875,2;0,1024985
605892,4;0,1024998
605908,3;0,1025038
605925,1;0,1024998
605941,9;0,1025024
605958,7;0,1025011
605975,4;0,1025023
605991,9;0,1024996
606007,8;0,1025009
606024,3;0,1024983
606040,9;0,1024957
606057,4;0,1024918
606074,1;0,1024905
606090,6;0,1024891
606107,6;0,1024904
606124,2;0,102489
606140,3;0,102485
606156,8;0,102485
606173,4;0,102481
606189,9;0,1024771
606206,6;0,1024704
606223,1;0,1024704
606240;0,1024651
606256,4;0,1024586
606272,9;0,1024573
606289,4;0,1024508
606305,9;0,1024442
606322,5;0,1024429
606339,1;0,1024389
606355,6;0,1024389
606372,2;0,1024402
606388,9;0,1024257
606405,4;0,1024165
606421,9;0,1024138
606438,5;0,1024138
606455;0,1024073
606471,6;0,1024008
606488,2;0,1023879
606504,7;0,1023839
606521,9;0,1023773
606537,8;0,1023721
606554,4;0,1023682
606571,1;0,1023642
606587,6;0,1023486
606604,1;0,1023368
606620,7;0,1023302
606637,3;0,102325
606653,8;0,102312
606670,4;0,1023029
606687,5;0,1022989
606703,6;0,1022912
606720,1;0,1022821
606736,6;0,1022703
606753,3;0,102256
606769,8;0,1022547
606786,9;0,1022469
606803,3;0,1022352
606819,5;0,1022326
606836,9;0,1022169
606852,6;0,1022065
606869,2;0,1021987
606886;0,1021935
606902,4;0,1021818
606918,9;0,1021661
606935,5;0,1021661
606952;0,1021557
606969,3;0,1021493
606985,7;0,1021402
607002;0,1021402
607018,8;0,1021336
607035;0,1021024
607051,5;0,1020881
607068;0,1020881
607084,6;0,1020635
607101,1;0,1020635
607117,7;0,1020492
607134,3;0,1020401
607150,8;0,1020271
607167,4;0,1020194
607183,9;0,1020194
607200,5;0,1019999
607217,4;0,1019856
607233,6;0,1019805
607250,3;0,1019637
607266,8;0,1019532
607283,4;0,1019364
607300,1;0,1019261
607316,9;0,1019184
607333,3;0,1019158
607349,6;0,1019016
607366,2;0,1018963
607382,8;0,1018754
607399,4;0,1018637
607415,9;0,1018637
607432,4;0,1018455
607449,1;0,1018326
607465,6;0,1018208
607482,2;0,1018091
607499,3;0,1017987
607515,3;0,1017883
607531,9;0,1017806
607548,4;0,1017676
607565,4;0,1017611
607581,6;0,1017455
607598,1;0,1017404
607614,7;0,1017364
607631,3;0,10173
607647,8;0,1017222
607664,4;0,1017041
607681,8;0,101678
607697,5;0,1016598
607714,3;0,1016547
607731,1;0,1016547
607747,3;0,10163
607763,8;0,1016157
607780,4;0,1016027
607797;0,1015962
607813,5;0,101591
607830,4;0,1015794
607846,6;0,1015794
607863,3;0,101552
607884,1;0,1015415
607896,8;0,1015363
607913,1;0,1015284
607929,9;0,1015284
607946,1;0,1015089
607962,6;0,1015024
607979,2;0,1015024
607995,8;0,1014752
608012,3;0,1014675
608028,9;0,1014598
608045,4;0,1014532
608062;0,1014416
608078,6;0,1014339
608095,1;0,1014287
608111,7;0,1014184
608128,9;0,1014119
608144,8;0,1014042
608161,4;0,1013978
608178;0,1013901
608194,5;0,1013901
608211,4;0,1013785
608227,7;0,1013682
608244,4;0,1013657
608260,8;0,1013631
608277,8;0,1013631
608294,3;0,1013631
608310,5;0,1013528
608328;0,1013412
608343,6;0,1013348
608360,2;0,1013348
608377,3;0,1013244
608393,4;0,1013244
608410,1;0,1013115
608426,8;0,1013077
608444;0,1013051
608459,6;0,1013013
608476,9;0,1013026
608492,8;0,1013
608509,3;0,101291
608525,9;0,1012872
608543,4;0,1012846
608559,1;0,1012846
608576,1;0,1012808
608592,6;0,1012782
608608,7;0,1012731
608625,3;0,1012718
608641,9;0,1012718
608658,4;0,1012692
608675,2;0,1012692
608691,5;0,1012692
608708,5;0,1012731
608724,8;0,1012744
608741,2;0,1012744
608757,8;0,1012731
608774,4;0,1012756
608790,9;0,1012769
608807,6;0,1012808
608824,1;0,1012796
608840,9;0,1012847
608857,2;0,1012847
608873,8;0,1012898
608890,3;0,1012924
608906,9;0,1012937
608924,2;0,1012937
608940;0,1013055
608957,3;0,1013146
608973,1;0,1013223
608989,8;0,1013236
609006,3;0,1013327
609022,8;0,1013391
609039,4;0,1013404
609056;0,1013416
609072,6;0,101348
609089,1;0,1013519
609105,7;0,1013597
609122,3;0,1013636
609138,9;0,1013725
609155,4;0,1013739
609172,2;0,1013829
609188,6;0,1013829
609205,1;0,1014022
609221,7;0,1014022
609238,3;0,1014126
609254,8;0,1014242
609271,4;0,1014294
609287,9;0,1014345
609304,6;0,1014345
609321,2;0,1014461
609337,6;0,1014578
609354,2;0,1014629
609371,1;0,101472
609388;0,101472
609403,9;0,1014876
609420,5;0,1014953
609437;0,1015018
609453,6;0,1015057
609470,1;0,1015134
609486,7;0,1015198
609503,6;0,1015198
609519,8;0,1015263
609536,4;0,1015263
609553;0,1015276
609569,6;0,101529
609586,1;0,101538
609602,9;0,1015586
609619,3;0,1015792
609636,1;0,1015792
609652,5;0,1015895
609668,9;0,1016011
609685,8;0,1016062
609702,5;0,1016088
609719,3;0,1016101
609736,1;0,1016268
609751,9;0,1016358
609768,4;0,1016436
609784,9;0,1016488
609801,5;0,1016579
609818,1;0,1016656
609834,6;0,1016682
609851,5;0,1016799
609868,1;0,1016942
609885;0,1017045
609901,3;0,101711
609917,5;0,101711
609934;0,1017188
609950,6;0,1017344
609967,2;0,1017448
609983,7;0,1017526
610000,8;0,1017629
610016,9;0,1017706
610033,4;0,1017837
610050,5;0,1017928
610066,8;0,1018006
610083,6;0,1018149
610099,7;0,1018214
610116,3;0,1018279
610132,8;0,1018422
610149,5;0,1018552
610166,4;0,1018552
610182,5;0,1018616
610199,7;0,1018616
610215,6;0,1018667
610232,3;0,1019005
610248,8;0,1019147
610265,9;0,1019147
610281,9;0,1019277
610298,6;0,1019526
610315,2;0,101963
610332,3;0,1019656
610348,9;0,1019656
610365,2;0,1019798
610381,4;0,101985
610397,9;0,101998
610414,9;0,1020161
610431;0,1020226
610447,7;0,1020292
610464,2;0,1020318
610480,9;0,1020449
610497,3;0,1020605
610513,9;0,1020762
610531,3;0,1020787
610547,1;0,1020787
610563,6;0,1020997
610580,1;0,1021101
610597,1;0,1021165
610613,3;0,1021308
610629,8;0,1021386
610646,4;0,1021528
610663,2;0,102158
610679,5;0,1021606
610696,1;0,1021696
610712,6;0,1021721
610729,3;0,1021721
610745,8;0,1021812
610762,3;0,1021931
610778,9;0,1021931
610795,5;0,1022061
610812,1;0,1022061
610828,8;0,1022061
610845,4;0,1022061
610861,8;0,1022125
610878,3;0,1022179
610894,9;0,1022203
610911,4;0,1022229
610928,3;0,1022294
610944,6;0,1022294
610961,5;0,1022294
610977,8;0,102232
610994,3;0,1022294
611010,9;0,1022321
611027,9;0,1022334
611044,5;0,102236
611061,3;0,1022412
611077,1;0,1022412
611093,7;0,1022386
611110,4;0,102236
611126,8;0,1022372
611143,6;0,102236
611160,1;0,1022372
611176,5;0,1022412
611193,3;0,1022412
611209,6;0,1022412
611226,6;0,1022398
611243,4;0,1022399
611259,6;0,1022412
611275,9;0,1022438
611292,5;0,1022451
611309,1;0,1022424
611325,6;0,1022411
611342,4;0,1022359
611358,8;0,1022359
611375,8;0,1022345
611391,9;0,1022319
611408,4;0,1022291
611425,1;0,1022278
611441,8;0,1022304
611458,1;0,1022304
611474,8;0,1022304
611491,3;0,1022291
611507,9;0,1022279
611524,4;0,1022265
611541;0,1022251
611557,6;0,1022225
611574,1;0,1022173
611590,8;0,1022173
611607,3;0,1022148
611623,9;0,1022135
611640,4;0,1022108
611657;0,1022057
611673,6;0,102198
611690,9;0,102198
611706,9;0,102198
611723,2;0,1021954
611739,8;0,1021916
611756,4;0,1021916
611772,9;0,1021863
611789,5;0,1021863
611806,2;0,102181
611823,2;0,1021798
611840,1;0,102172
611855,8;0,1021589
611873,1;0,102155
611888,9;0,1021511
611905,4;0,1021511
611922;0,1021472
611938,6;0,1021406
611955,1;0,1021327
611971,9;0,1021248
611988,8;0,1021209
612004,9;0,1021158
612021,6;0,1021118
612037,9;0,1021065
612054,9;0,1020961
612071,7;0,1020921
612087,7;0,1020856
612104,3;0,1020868
612120,9;0,1020868
612137,4;0,1020673
612154,6;0,1020543
612170,6;0,102053
612187,1;0,1020466
612203,7;0,1020373
612220,2;0,1020294
612236,8;0,1020255
612253,4;0,1020217
612269,9;0,1020177
612286,5;0,1020137
612303,1;0,1020018
612319,6;0,1019875
612336,2;0,1019784
612352,8;0,1019758
612369,3;0,1019694
612386,1;0,1019603
612402,4;0,1019511
612419,8;0,101946
612435,6;0,1019394
612452,1;0,101925
612469,4;0,1019197
612486;0,1019093
612501,9;0,1019014
612518,6;0,1019001
612535,2;0,1018948
612551,9;0,1018948
612568,1;0,1018844
612584,7;0,1018635
612602,1;0,1018518
612617,8;0,1018453
612634,4;0,1018414
612650,9;0,1018414
612667,6;0,1018271
612684,1;0,1018232
612700,7;0,1018181
612717,3;0,1018168
612733,8;0,1018168
612750,4;0,1018116
612767,1;0,1018116
612783,5;0,101796
612800,1;0,1017803
612816,6;0,1017674
612833,2;0,1017648
612849,8;0,1017648
612866,3;0,1017518
612883,4;0,1017491
612899,5;0,1017453
612916,3;0,1017414
612932,6;0,1017374
612949,2;0,1017258
612966,1;0,1017219
612982,3;0,1017219
612998,8;0,1017167
613015,8;0,1017011
613032,2;0,1016972
613048,6;0,1016883
613065,1;0,1016831
613082,2;0,1016754
613098,3;0,1016754
613114,8;0,1016689
613131,8;0,1016612
613148,8;0,1016534
613164,6;0,1016419
613181,1;0,1016327
613197,7;0,1016302
613214,8;0,1016289
613230,8;0,1016198
613247,4;0,1016146
613264,3;0,1016055
613280,5;0,1016055
613297,1;0,1015978
613313,6;0,1015889
613330,2;0,1015863
613346,9;0,101585
613363,3;0,101585
613379,9;0,1015863
613396,5;0,1015837
613413;0,1015837
613430,2;0,1015735
613446,2;0,1015567
613463;0,1015529
613479,3;0,1015477
613495,9;0,1015439
613512,4;0,10154
613529,1;0,1015335
613545,6;0,1015297
613562,3;0,1015271
613579,6;0,1015245
613595,4;0,1015207
613612,1;0,1015181
613629,2;0,1015155
613645,3;0,1015104
613661,9;0,1015065
613678,4;0,1015039
613694,6;0,1015039
613711,6;0,1014988
613728,2;0,1014949
613745;0,1014898
613760,9;0,1014898
613777,5;0,1014834
613794,1;0,1014796
613810,8;0,1014718
613827,4;0,1014692
613843,8;0,1014667
613860,4;0,1014667
613877;0,1014641
613893,5;0,1014577
613910,7;0,1014551
613926,8;0,1014526
613943,2;0,1014474
613959,7;0,1014449
613976,3;0,1014436
613992,9;0,1014436
614009,4;0,1014423
614026;0,101441
614043;0,101441
614059,1;0,101441
614075,7;0,1014346
614092,3;0,1014321
614109,3;0,1014269
614125,4;0,1014256
614141,9;0,1014205
614158,5;0,1014167
614175,3;0,1014154
614192;0,1014154
614208,3;0,1014064
614225,4;0,1014064
614241,3;0,1014051
614257,9;0,1013962
614274,5;0,1013949
614291,6;0,1013936
614308;0,1013936
614324,3;0,1013962
614341,1;0,101391
614357,3;0,1013897
614374,1;0,1013833
614390,8;0,1013846
614407,1;0,1013846
614423,6;0,1013795
614440,2;0,1013769
614456,8;0,1013795
614473,3;0,1013795
614489,9;0,1013782
614507,2;0,1013769
614523;0,1013756
614539,6;0,1013718
614556,1;0,1013705
614573,4;0,1013705
614589,3;0,1013769
614605,8;0,1013782
614622,4;0,1013756
614639,6;0,1013744
614655,5;0,1013756
614672,1;0,1013756
614688,7;0,1013756
614705,2;0,1013718
614721,8;0,1013641
614738,3;0,1013615
614755,6;0,101359
614771,5;0,101359
614788,3;0,101359
614804,6;0,1013564
614821,4;0,1013577
614838,1;0,1013577
614854,6;0,1013577
614870,9;0,1013538
614887,6;0,1013513
614904,1;0,1013526
614920,9;0,1013474
614937,5;0,1013462
614953,8;0,1013462
614970,7;0,1013462
614987;0,1013424
615003,9;0,1013398
615020,6;0,1013385
615036,6;0,1013385
615053,1;0,1013385
615070,3;0,1013385
615086,4;0,1013398
615102,9;0,1013424
615119,9;0,1013449
615136;0,1013411
615152,5;0,1013449
615169,1;0,1013475
615186,2;0,1013488
615202,2;0,1013488
615218,9;0,1013449
615235,9;0,1013411
615251,9;0,1013437
615268,9;0,1013424
615285,1;0,1013424
615301,6;0,1013424
615318,2;0,1013449
615334,8;0,1013411
615351,4;0,1013475
615367,9;0,1013398
615384,4;0,1013424
615401,6;0,1013411
615417,6;0,1013437
615434,2;0,1013437
615450,9;0,1013424
615467,3;0,1013475
615483,9;0,1013462
615500,9;0,1013475
615516,9;0,1013462
615533,6;0,1013462
615550,4;0,1013488
615566,7;0,1013513
615583,3;0,1013513
615599,9;0,1013475
615616,4;0,1013437
615633,1;0,1013488
615649,6;0,1013488
615666,1;0,1013501
615682,7;0,1013526
615699,6;0,1013552
615715,8;0,1013603
615732,4;0,1013616
615749,3;0,1013642
615765,5;0,1013642
615782,3;0,1013629
615798,9;0,1013667
615815,2;0,1013693
615831,8;0,1013693
615848,3;0,1013719
615864,9;0,1013719
615881,6;0,1013719
615898,1;0,1013757
615914,8;0,1013796
615931,3;0,1013796
615947,8;0,1013821
615964,3;0,1013821
615980,8;0,1013808
615997,4;0,101386
616014,3;0,1013872
616030,6;0,1013911
616047,3;0,1013924
616063,7;0,1013924
616080,3;0,1013962
616096,8;0,1013949
616113,4;0,1013949
616130,2;0,1014001
616152,3;0,1014001
616163,1;0,101409
616179,9;0,101409
616196,4;0,1014142
616213,6;0,1014116
616229,4;0,1014116
616245,9;0,1014154
616262,5;0,1014193
616279,1;0,101418
616295,6;0,1014167
616312,4;0,1014167
616328,8;0,1014154
616345,3;0,1014142
616362,7;0,1014154
616379,1;0,101418
616395;0,1014154
616411,6;0,101418
616428,3;0,101418
616445,7;0,1014244
616461,3;0,1014219
616478;0,1014206
616494,4;0,1014257
616511;0,1014257
616528,3;0,1014193
616544,1;0,1014244
616561,4;0,1014244
616577,3;0,1014244
616593,9;0,1014231
616610,4;0,1014231
616627,3;0,1014206
616643,6;0,101427
616660,3;0,1014321
616676,6;0,1014308
616693,3;0,1014296
616709,8;0,1014372
616726,4;0,1014385
616743,5;0,1014398
616759,7;0,1014398
616776,1;0,1014437
616793,2;0,1014488
616809,2;0,1014527
616825,8;0,1014527
616842,8;0,1014514
616859,4;0,1014488
616875,5;0,1014488
616892;0,1014527
616908,9;0,1014527
616925,2;0,1014604
616941,7;0,1014604
616958,3;0,1014668
616974,9;0,1014731
616991,4;0,1014757
617008;0,1014757
617024,6;0,1014783
617041,1;0,1014808
617057,7;0,1014834
617076,1;0,101486
617091,3;0,1014898
617107,4;0,1014911
617124,8;0,1014911
617140,5;0,1014937
617157,1;0,1014924
617173,6;0,1014937
617190,3;0,1014975
617206,8;0,1014975
617223,4;0,1014975
617239,9;0,1014988
617256,5;0,1014988
617273,1;0,1015052
617289,6;0,1015039
617306,4;0,1015052
617322,8;0,1015039
617339,3;0,1015065
617355,9;0,1015103
617372,4;0,101509
617389,1;0,101509
617406,1;0,1015065
617422,3;0,101509
617438,9;0,1015116
617455,9;0,1015129
617472,4;0,101509
617488,4;0,101509
617505,3;0,1015078
617521,8;0,1015078
617538,3;0,1015052
617554,7;0,1015052
617571,4;0,1015039
617587,8;0,1015052
617604,6;0,1015065
617621;0,1015065
617637,9;0,1015001
617654,1;0,1015026
617671;0,1015026
617687,2;0,1014962
617704,1;0,1014962
617720,8;0,1014937
617737,1;0,1014937
617753,5;0,1014911
617770,1;0,1014898
617786,6;0,101486
617803,2;0,101486
617820,4;0,1014834
617836,3;0,1014821
617852,9;0,1014821
617869,4;0,1014783
617886,9;0,1014783
617902,6;0,1014693
617919,1;0,1014642
617935,8;0,1014616
617952,3;0,1014565
617969,8;0,1014501
617985,4;0,1014475
618007,8;0,1014475
618018,6;0,1014449
618035,3;0,1014373
618051,7;0,1014309
618068,3;0,1014232
618084,8;0,1014245
618101,4;0,1014245
618118,1;0,1014169
618134,5;0,1014104
618151,3;0,1014104
618167,7;0,1013963
618184,3;0,1013938
618200,8;0,1013899
618217,4;0,1013887
618234,1;0,1013861
618250,5;0,101381
618267,2;0,101372
618284,1;0,1013708
618300,2;0,1013682
618317,5;0,1013656
618333,4;0,1013656
618350,1;0,1013619
618367,3;0,1013542
618383;0,1013503
618399,7;0,1013503
618416,1;0,1013465
618432,8;0,1013375
618449,4;0,1013337
618465,9;0,1013299
618482,4;0,1013299
618498,9;0,101326
618516;0,101326
618532,1;0,101326
618548,9;0,101317
618565,5;0,1013055
618582;0,1013029
618598,4;0,1013004
618614,9;0,1012965
618631,5;0,1012876
618648,1;0,1012799
618664,7;0,101276
618681,3;0,101276
618698;0,1012696
618714,4;0,1012594
618731,2;0,1012568
618747,9;0,1012568
618764,3;0,1012491
618780,6;0,1012362
618797,2;0,1012324
618813,8;0,1012311
618830,3;0,1012247
618847,3;0,1012234
618863,4;0,1012234
618880,6;0,1012107
618896,6;0,1012094
618913,6;0,1012017
618929,8;0,1011928
618946,3;0,1011876
618963,3;0,1011825
618979,4;0,1011786
618996,5;0,1011722
619012,6;0,1011671
619029,1;0,101162
619046;0,1011594
619062,3;0,1011569
619078,9;0,1011492
619095,4;0,1011479
619111,9;0,101144
619128,8;0,101144
619145,1;0,101144
619161,7;0,1011402
619178,3;0,1011402
619194,8;0,10113
619211,9;0,1011236
619227,9;0,1011236
619244,5;0,1011223
619261,1;0,1011172
619278,1;0,1011159
619294,5;0,1011172
619310,8;0,1011108
619327,3;0,1011095
619343,9;0,1011095
619360,7;0,1011031
619377,4;0,1011018
619393,6;0,1011005
619410,1;0,1010967
619426,7;0,1010941
619443,4;0,1010941
619459,9;0,1010902
619476,8;0,1010902
619493,5;0,1010902
619509,7;0,1010864
619526,3;0,1010864
619542,7;0,1010864
619559,3;0,1010826
619575,9;0,1010813
619592,4;0,1010813
619608,9;0,1010774
619626;0,1010774
619642,1;0,1010775
619658,6;0,1010736
619675,3;0,1010736
619691,9;0,1010736
619708,4;0,1010736
619724,9;0,1010672
619741,5;0,1010672
619758,1;0,1010685
619775,5;0,1010685
619791,6;0,1010685
619807,8;0,1010698
619824,3;0,1010672
619840,9;0,1010672
619857,5;0,1010672
619874;0,1010685
619890,6;0,1010698
619907,2;0,1010698
619923,7;0,1010685
619940,8;0,1010685
619956,9;0,1010698
619973,8;0,1010736
619990,3;0,1010736
620006,5;0,1010762
620023,3;0,1010788
620039,7;0,1010813
620056,4;0,1010838
620072,8;0,1010838
620089,4;0,101089
620105,9;0,1010954
620122,5;0,1010979
620139,1;0,101103
620155,6;0,101103
620172,6;0,101112
620188,8;0,1011094
620205,8;0,1011158
620221,9;0,1011171
620239,4;0,1011197
620255,1;0,1011222
620272,1;0,1011222
620288,2;0,1011286
620304,8;0,1011311
620321,9;0,1011324
620338,1;0,1011401
620354,6;0,1011401
620371,1;0,1011439
620387,6;0,101149
620404,3;0,1011529
620420,7;0,1011529
620437,4;0,1011554
620454;0,101158
620470,6;0,1011631
620487;0,1011656
620504;0,1011682
620520,1;0,1011682
620536,7;0,1011772
620553,6;0,1011823
620569,8;0,1011874
620586,4;0,10119
620602,9;0,10119
620619,5;0,1011951
620636,1;0,1011977
620653;0,1011977
620670,1;0,101199
620685,8;0,1012003
620702,3;0,1012028
620718,9;0,1012092
620735,9;0,1012105
620752,3;0,1012105
620768,6;0,1012156
620785,2;0,1012233
620801,8;0,1012233
620818,3;0,101222
620834,9;0,101222
620851,4;0,1012272
620868,1;0,1012297
620884,8;0,1012297
620901,2;0,1012386
620917,8;0,1012399
620934,3;0,1012463
620951,3;0,1012476
620967,4;0,1012476
620984;0,1012553
621000,7;0,1012553
621017,9;0,1012578
621033,7;0,1012578
621050,3;0,1012578
621067,1;0,1012617
621083,4;0,1012617
621100;0,1012604
621116,5;0,1012604
621133,1;0,1012667
621149,7;0,101268
621166,6;0,1012693
621182,8;0,1012719
621199,3;0,1012719
621216,1;0,1012719
621233,1;0,1012731
621249,7;0,101277
621266,1;0,1012744
621282,4;0,1012744
621299,3;0,101277
621315,7;0,1012744
621331,9;0,1012757
621348,4;0,1012757
621365,3;0,1012757
621382,1;0,1012757
621398,1;0,1012757
621414,8;0,1012744
621431,3;0,1012757
621448;0,1012757
621464,4;0,1012744
621481,3;0,1012744
621498,2;0,1012731
621514,4;0,1012757
621531,3;0,1012744
621547,3;0,1012757
621563,9;0,1012731
621580,4;0,1012744
621597,3;0,1012757
621613,5;0,1012757
621630,1;0,1012783
621646,7;0,1012821
621663,6;0,1012833
621679,8;0,1012808
621696,4;0,1012808
621712,9;0,1012795
621729,5;0,1012782
621746,6;0,1012795
621762,7;0,1012731
621779,3;0,1012719
621796;0,1012693
621812,3;0,1012667
621829,5;0,1012654
621845,5;0,1012667
621862,6;0,101249
621878,6;0,1012427
621895,1;0,1012363
621911,8;0,1012286
621928,4;0,1012274
621945,1;0,1012184
621961,4;0,1012134
621977,9;0,1012046
621995,2;0,1012059
622011,1;0,1011868
622027,7;0,1011741
622045,1;0,1011627
622060,9;0,1011539
622077,4;0,1011539
622094;0,1011197
622110,6;0,1011197
622127,3;0,1010933
622143,7;0,1010856
622160,2;0,1010642
622176,8;0,1010529
622193,4;0,1010529
622209,9;0,1010139
622226,5;0,1009999
622243,1;0,1009924
622259,6;0,100966
622276,2;0,100966
622292,8;0,1009246
622309,3;0,1009208
622325,9;0,1008931
622342,4;0,1008819
622359;0,1008819
622375,9;0,100868
622393,2;0,1008405
622409,4;0,1007818
622425,3;0,1007568
622442,1;0,1007418
622458,4;0,1007143
622475,1;0,1007143
622491,6;0,1006843
622508,8;0,1006593
622524,8;0,1006281
622541,3;0,1005982
622557,9;0,1005794
622574,4;0,1005594
622591,3;0,1005481
622607,6;0,100527
622624,1;0,1004882
622640,7;0,100457
622657,7;0,1004423
622673,8;0,1004423
622690,8;0,1003915
622707;0,1003627
622723,5;0,1003453
622740,1;0,1003093
622756,6;0,1003093
622773,2;0,1002421
622789,8;0,1002421
622806,3;0,1002024
622823,1;0,100174
622839,5;0,1001392
622856;0,1001208
622872,9;0,1001047
622889,4;0,1000974
622905,7;0,1000292
622922,4;0,0999994
622939,3;0,09997591
622955,4;0,09995614
622972;0,09995614
622988,6;0,09993979
623005,2;0,09993979
623022,1;0,09986565
623038,3;0,09980872
623055,1;0,09980872
623072,1;0,09976534
623088,2;0,09971994
623104,6;0,099705
623121,1;0,09968413
623137,6;0,09967162
623154,4;0,09960469
623170,8;0,09957125
623187,5;0,09955154
623203,9;0,09955154
623221,3;0,09949089
623237,1;0,09945514
623254;0,09943671
623270,2;0,09940206
623286,8;0,09940206
623303,6;0,09936496
623319,9;0,09933048
623336,9;0,09928972
623353;0,09927245
623369,6;0,09927245
623387;0,09918996
623402,9;0,09918996
623419,3;0,09917501
623435,9;0,09911467
623452,7;0,09907164
623469;0,09905419
623485,9;0,09905419
623502,1;0,09897072
623518,7;0,09894864
623535,3;0,09891306
623551,8;0,09890677
623568,6;0,09886625
623584,9;0,09882568
623601,5;0,09880261
623618,1;0,09878265
623634,6;0,09878265
623651,3;0,09878021
623667,8;0,09868837
623684,4;0,09861362
623701,5;0,09857072
623717,4;0,0985316
623734,3;0,09850969
623750,6;0,09846941
623767,2;0,09843634
623783,8;0,09840205
623800,5;0,09835933
623816,9;0,09835933
623834,4;0,09831215
623850,1;0,09827921
623867,4;0,09827921
623883,2;0,09819896
623899,8;0,09817931
623916,9;0,09815753
623932,9;0,09814032
623949,5;0,09811127
623966;0,09806618
623982,6;0,09802981
623999,1;0,09801169
624015,7;0,09801169
624032,3;0,09796324
624049,4;0,0979306
624065,4;0,09791351
624082,5;0,09789917
624098,5;0,09787849
624115,3;0,09783991
624131,9;0,09780239
624149,1;0,09778798
624164,8;0,09776278
624181,4;0,09773868
624197,9;0,09771585
624214,6;0,09770279
624231,3;0,09767392
624247,6;0,09767392
624264,3;0,09765946
624280,8;0,09765946
624297,4;0,09764756
624313,9;0,09759378
624330,4;0,09755667
624347,1;0,09753165
624363,7;0,09750668
624380,3;0,0974971
624396,8;0,09748165
624413,3;0,09746254
624429,9;0,09743752
624446,8;0,09743752
624466,3;0,09742677
624479,6;0,09739338
624496,1;0,09737305
624513,4;0,097354
624529,3;0,09734924
624545,8;0,09734803
624562,9;0,09730052
624579;0,09728031
624595,7;0,09727091
624612,5;0,09725075
624628,8;0,09723647
624645,2;0,09722816
624661,8;0,09721864
624678,6;0,0971878
624694,9;0,09717834
624711,5;0,09716062
624728,1;0,09716062
624744,6;0,09713815
624761,7;0,09710976
624778,2;0,09710151
624794,3;0,09708844
624811,1;0,09708014
624827,4;0,09705412
624844,1;0,09703763
624860,6;0,09702694
624877,4;0,09701637
624893,8;0,09701637
624910,3;0,09700685
624927,3;0,09700099
624943,8;0,09698328
624959,9;0,09694541
624976,6;0,09692416
624993,3;0,09692062
625010;0,09692062
625026,8;0,09688403
625043;0,09687578
625059,6;0,09684977
625075,9;0,09684274
625092,5;0,09682973
625109,1;0,09681794
625126,4;0,09681202
625142,2;0,09680145
625158,8;0,09676979
625175,4;0,09676038
625192,1;0,09674511
625208,5;0,09674511
625225,4;0,09671683
625242,1;0,09669807
625258,8;0,09668867
625274,8;0,09667687
625291,3;0,0966663
625308,4;0,09664273
625328,3;0,09663442
625341;0,09662031
625357,6;0,09661328
625374,3;0,09660393
625390,9;0,09658749
625407,3;0,09657803
625423,8;0,09655922
625440,6;0,09655335
625457;0,09655335
625473,6;0,09652983
625490,1;0,09652042
625506,7;0,09651334
625523,3;0,09651101
625540;0,09650277
625556,8;0,09650277
625573;0,09650277
625589,6;0,0964886
625606,2;0,09646403
625622,7;0,09645346
625639,4;0,09644759
625656;0,09644289
625672,4;0,09643824
625688,9;0,09643244
625705,6;0,09641943
625722,3;0,09641235
625739,3;0,09640758
625755,2;0,0964041
625772;0,09640061
625788,3;0,09639469
625805,5;0,09638661
625822,3;0,09638307
625838;0,09637959
625854,6;0,09637611
625871,4;0,09637024
625887,7;0,09636792
625905,1;0,09635978
625920,8;0,09635863
625937,4;0,09635863
625954,1;0,09634695
625970,9;0,09633999
625987,4;0,09633295
626003,7;0,09633064
626020,7;0,09632476
626036,8;0,09631199
626053,8;0,09630734
626069,9;0,0963027
626086,6;0,0963027
626103,1;0,09628876
626119,9;0,09628411
626136,3;0,09628294
626152,8;0,09627702
626169,7;0,09627702
626186,1;0,0962747
626203,1;0,0962747
626219,1;0,09627122
626235,6;0,09626309
626252,2;0,09625031
626268,8;0,09624682
626285,3;0,09624682
626301,9;0,09624677
626318,5;0,09623742
626335,4;0,09623742
626351,6;0,09623277
626368,2;0,09623277
626384,7;0,09623045
626401,3;0,09622581
626417,9;0,09622122
626434,4;0,09622122
626451;0,09622122
626468;0,09621193
626484,5;0,09620844
626500,7;0,09620611
626517,3;0,09620263
626533,8;0,09620031
626551,1;0,09619682
626567,1;0,09619682
626583,5;0,09619566
626600,1;0,09618764
626617;0,09618653
626633,3;0,09618188
626649,9;0,09618188
626666,4;0,0961784
626683;0,09617492
626699,9;0,09617259
626716,7;0,09617027
626732,6;0,09616911
626749,2;0,09616911
626765,8;0,09616563
626782,4;0,09616214
626798,9;0,09616104
626815,4;0,09616104
626832;0,09615988
626848,6;0,0961576
626865,2;0,09615301
626881,7;0,09614726
626898,6;0,09614726
626915,1;0,09613807
626931,5;0,09613691
626948,1;0,09613005
626964,6;0,0961289
626981,1;0,09612779
626997,8;0,09612092
627014,3;0,09611744
627030,8;0,09611628
627047,5;0,09611401
627064,4;0,09611517
627082,4;0,0961061
627097,6;0,09610145
627114,4;0,09609575
627130,3;0,09609575
627146,8;0,09609
627163,6;0,09608883
627180,3;0,09608313
627196,5;0,09607965
627213,1;0,09607849
627229,6;0,09607274
627246,2;0,09606826
627263,1;0,09606367
627279,3;0,09605902
627295,9;0,09605215
627312,4;0,09604529
627329,1;0,09604529
627345,6;0,09604414
627362,2;0,09602925
627378,8;0,09602466
627395,3;0,09602466
627412,5;0,09601785
627428,4;0,09600994
627445;0,09600645
627461,6;0,09600529
627478,8;0,09600529
627494,9;0,09600192
627511,4;0,09598582
627527,8;0,09597437
627544,8;0,09597437
627561;0,09596524
627577,5;0,09595832
627594,5;0,09594803
627610,7;0,09594344
627627,2;0,09593542
627644,1;0,09592507
627660,3;0,09591827
627676,9;0,09591383
627693,8;0,09590233
627710,8;0,09589774
627726,6;0,09589431
627743,3;0,09588634
627760,1;0,09588169
627776,8;0,09586459
627792,9;0,09585314
627809,4;0,09584623
627826,5;0,0958428
627842,9;0,09582914
627859,9;0,09581541
627875,8;0,09580739
627893;0,0958028
627908,9;0,09578913
627925,4;0,09578454
627942,1;0,09577314
627958,6;0,09577314
627975,9;0,09576285
627992,4;0,09575029
628008,5;0,09573773
628024,8;0,09572628
628041,4;0,09572058
628058;0,09570691
628074,6;0,09569895
628091,1;0,0956943
628108,4;0,09568866
628125,2;0,09568866
628141,7;0,09568284
628157,4;0,09566348
628174;0,09564638
628190,5;0,09562702
628207;0,09561778
628224;0,09560522
628240,4;0,09559271
628257;0,09558707
628273,3;0,09557113
628289,9;0,09556195
628306,4;0,09555393
628323,1;0,09554026
628339,7;0,09554026
628356,1;0,09551973
628373,3;0,09551409
628389,3;0,09550264
628406,1;0,09549804
628422,4;0,09548775
628438,9;0,09547868
628456,1;0,09546717
628472,6;0,09545588
628488,7;0,0954467
628505,7;0,09543525
628522,1;0,09542955
628538,4;0,09541588
628555,3;0,0954057
628571,6;0,0954
628588,1;0,09539419
628604,7;0,09538157
628621,5;0,09537582
628637,8;0,09537582
628654,4;0,09537017
628670,9;0,09535418
628687,5;0,09534738
628704,1;0,09534162
628720,9;0,09533376
628737,6;0,09533376
628753,9;0,09532912
628770,8;0,09532231
628786,9;0,09530516
628803,4;0,09528922
628820;0,09528469
628836,6;0,09528469
628853,1;0,09526991
628869,8;0,09526084
628886,6;0,09525741
628902,8;0,09525287
628919,4;0,09524828
628936;0,09524142
628952,6;0,09523793
628969,4;0,09523793
628986,4;0,09523218
629002,3;0,09522875
629019,2;0,09522305
629035,4;0,09522194
629051,9;0,09521624
629068,6;0,09521624
629085,1;0,09521398
629101,9;0,09521054
629118,8;0,09520822
629134,9;0,09520706
629151,4;0,09520479
629168,7;0,09520252
629184,5;0,09520485
629201,4;0,09519926
629218;0,09519926
629234,2;0,09519477
629250,9;0,09519361
629267,4;0,09519477
629284,2;0,09519256
629300,5;0,09519256
629317,2;0,09519029
629333,6;0,09518686
629350,2;0,09518453
629366,7;0,09518453
629383,3;0,09518342
629399,9;0,09518342
629416,9;0,09518232
629433;0,09518121
629450;0,09517895
629466,1;0,09517889
629482,7;0,09517778
629499,5;0,09517778
629516,3;0,09517562
629532,6;0,09517562
629549,3;0,09517556
629565,9;0,0951733
629582,8;0,09517556
629598,6;0,09517451
629615,3;0,09517684
629631,8;0,09517689
629648,5;0,09518032
629665,1;0,09517916
629682,1;0,09518027
629698,1;0,09518143
629714,7;0,09518032
629731,2;0,09518143
629748,7;0,0951848
629764,9;0,09518929
629780,9;0,09519045
629797,6;0,09518929
629814,3;0,09519045
629830,6;0,09519494
629847,3;0,0951972
629863,7;0,09519831
629880,3;0,0952018
629897,1;0,0952018
629913,4;0,09520628
629930;0,09520628
629946,6;0,09520971
629963,8;0,09521879
629979,7;0,09521767
629996,3;0,09522111
630013;0,09522
630029,4;0,09522
630045,9;0,09522
630063;0,0952257
630079,4;0,09522913
630096;0,0952371
630112,4;0,0952382
630128,8;0,0952382
630145,4;0,09524396
630161,9;0,09524844
630178,4;0,09525304
630195,1;0,09525298
630211,9;0,09525641
630229,1;0,09526781
630244,8;0,09527235
630262,1;0,09527229
630277,9;0,09527229
630294,4;0,09528015
630311,1;0,09528126
630327,7;0,09528237
630344,6;0,09528691
630361,2;0,0952915
630377,3;0,09529598
630393,9;0,09529714
630410,8;0,09529825
630427,1;0,09530052
630443,6;0,09530848
630460,1;0,09530848
630476,7;0,09531297
630493,3;0,09531524
630509,8;0,09532199
630526,4;0,09532548
630543,1;0,09532769
630559,5;0,09532769
630576,4;0,09533682
630592,9;0,09534246
630609,3;0,09534479
630625,8;0,09534479
630642,3;0,09534479
630658,9;0,09534473
630675,5;0,09534357
630692,1;0,09534357
630708,6;0,09535154
630725,3;0,09535945
630741,8;0,09536056
630758,6;0,09536056
630774,9;0,09536842
630791,7;0,09536953
630808,1;0,09537406
630824,8;0,09537871
630841,2;0,09537871
630857,8;0,0953843
630874,3;0,09538546
630891,1;0,09538879
630907,4;0,09538652
630924;0,09538995
630941;0,09539116
630957,3;0,09539116
630973,7;0,09539349
630990,8;0,09539465
631006,8;0,09539581
631023,6;0,09539808
631040;0,09539924
631056,7;0,09540261
631073,1;0,09540261
631089,7;0,09540256
631106,6;0,0954014
631122,8;0,09540256
631139,5;0,09540256
631156,1;0,09540942
631172,7;0,09540821
631189,4;0,09540826
631205,6;0,09541269
631222,2;0,09541496
631238,8;0,09541612
631255,3;0,09541496
631272;0,09541607
631288,4;0,09541607
631305,1;0,09541839
631321,7;0,09541723
631338,1;0,09541723
631354,8;0,09542061
631371,3;0,09542049
631387,9;0,09542619
631404,4;0,0954273
631421,5;0,0954273
631437,8;0,09542736
631454,2;0,09542736
631470,9;0,09543073
631487,3;0,09543073
631503,9;0,09543195
631520,4;0,09543184
631537,1;0,09543417
631553,5;0,09543522
631570,1;0,09543638
631586,7;0,09543638
631603,2;0,09543633
631619,8;0,095434
631636,4;0,09543284
631653,3;0,09543284
631669,5;0,095434
631686,1;0,095434
631702,6;0,09543511
631719,2;0,09543057
631735,8;0,09543063
631752,3;0,09543068
631768,9;0,09542841
631786,4;0,09542847
631802,3;0,09543073
631818,6;0,09543073
631835,7;0,09543306
631852;0,09543306
631869;0,09543306
631884,8;0,09543538
631901,4;0,09543311
631918;0,09543311
631934,6;0,09543195
631951,1;0,09543427
631967,9;0,09543427
631984,3;0,09543549
632001,3;0,0954377
632018,2;0,09544113
632033,9;0,09544113
632050,6;0,09544113
632067,1;0,09544462
632083,8;0,09544346
632100,3;0,09544235
632116,8;0,09544577
632133,5;0,09544805
632149,9;0,09544805
632166,8;0,09544572
632183,1;0,0954491
632199,6;0,09545369
632216,3;0,09545369
632233,5;0,09545369
632249,3;0,0954548
632265,9;0,09545712
632282,5;0,09545601
632299,3;0,09546066
632315,8;0,09546404
632332,4;0,09546515
632349;0,0954652
632365,3;0,0954652
632381,9;0,0954652
632398,4;0,09546979
632415,1;0,09547316
632431,6;0,09547549
632448,1;0,09547549
632464,8;0,09547206
632481,6;0,09547554
632498,4;0,09547903
632514,4;0,09547908
632531,2;0,09547908
632547,6;0,09547781
632564,1;0,09547897
632581,2;0,09547903
632597,3;0,09547903
632614,2;0,0954813
632630,4;0,09548245
632647,8;0,09548368
632663,5;0,09548378
632680,9;0,09548484
632696,9;0,09548373
632713,2;0,09548373
632729,8;0,09548605
632746,4;0,09548605
632762,9;0,09548721
632779,5;0,09548721
632796;0,09548727
632812,6;0,09548948
632829,3;0,09549164
632845,7;0,09549053
632862,3;0,09549053
632878,9;0,09549845
632895,4;0,09549723
632912,3;0,09550066
632928,5;0,09550066
632945,1;0,0954995
632961,7;0,09549723
632978,4;0,09549834
632995,1;0,09550061
633011,4;0,0954995
633028,1;0,09550177
633044,6;0,0955052
633061,4;0,09550183
633077,6;0,09550299
633094,9;0,09550299
633110,8;0,095511
633127,4;0,09550984
633143,9;0,095511
633160,4;0,09550758
633177,3;0,09551223
633193,8;0,0955099
633210,6;0,0955099
633226,8;0,09550874
633243,4;0,09550874
633261;0,09551106
633276,7;0,09551903
633293,2;0,09552019
633310,2;0,09552478
633326,2;0,09552705
633343,1;0,09552478
633359,3;0,09552368
633375,9;0,09552594
633392,4;0,09552594
633409;0,09552822
633425,6;0,09552822
633442,1;0,09553275
633458,7;0,09553275
633475,3;0,09553502
633491,8;0,09553613
633508,5;0,09553718
633524,9;0,09554067
633542,1;0,09554067
633558,1;0,09554178
633574,6;0,09554178
633591,3;0,09554853
633608,1;0,09554969
633624,3;0,09554974
633641,1;0,09555201
633657,6;0,09555433
633674,1;0,09555323
633690,6;0,0955566
633707,6;0,09555776
633724,1;0,09556003
633740,3;0,0955577
633756,9;0,09556451
633773,9;0,09556451
633790,1;0,09556905
633806,6;0,095569
633823,2;0,09556673
633839,9;0,09556673
633856,3;0,09556668
633872,9;0,09556668
633889,4;0,09556668
633906;0,09557237
633923,1;0,09558029
633939,1;0,09558145
633955,7;0,09558261
633972,3;0,09558261
633988,9;0,0955871
634005,4;0,0955882
634022;0,09558826
634038,5;0,09559269
634055,2;0,09559269
634071,9;0,09559833
634088,2;0,0956006
634104,9;0,09560171
634121,3;0,09560171
634138,1;0,09560403
634154,7;0,09560746
634171,1;0,09561089
634187,6;0,09560867
634204,2;0,09560862
634220,8;0,09560973
634237,3;0,09561089
634254,1;0,09561089
634270,4;0,09561653
634287,1;0,09561886
634303,6;0,09561881
634320,1;0,09561997
634337;0,09561997
634353,3;0,09561881
634369,9;0,09561991
634387,2;0,09562223
634403;0,09562223
634419,9;0,09562456
634436,4;0,09562456
634452,7;0,09562788
634469,3;0,09563126
634486;0,09563126
634502,4;0,09563004
634519;0,09563004
634535,5;0,09563342
634552,1;0,09563807
634568,7;0,09563801
634585,2;0,09563801
634601,8;0,09564023
634619,2;0,0956447
634635,2;0,09564582
634651,5;0,09564582
634668,2;0,09564914
634684,8;0,09565146
634701,2;0,09565262
634718,1;0,09565378
634734,7;0,09565489
634751,6;0,09565838
634767,5;0,09566408
634784;0,09566634
634800,8;0,09566524
634817,6;0,09566408
634833,9;0,09566634
634850,4;0,09566634
634866,9;0,09566639
634883,4;0,09566639
634900;0,09566872
634916,6;0,09566988
634933,3;0,09567099
634949,7;0,0956732
634966,5;0,09567437
634983,4;0,09567669
634999,9;0,09567669
635016,3;0,09567779
635032,6;0,09568117
635049,1;0,09568344
635065,8;0,0956846
635082,3;0,0956846
635098,8;0,09568117
635115,4;0,09568001
635132,1;0,09568001
635148,5;0,09567769
635165,3;0,09568001
635182,1;0,09568344
635198,3;0,09568571
635214,8;0,09568687
635231,3;0,09568687
635248,8;0,09568693
635264,8;0,09568924
635281,4;0,09569035
635297,6;0,09569263
635314,1;0,09569146
635330,8;0,09569141
635347,3;0,09569252
635364,4;0,09569589
635380,4;0,09569479
635397;0,09569705
635413,7;0,09569705
635430,8;0,09570513
635446,7;0,09570967
635463,4;0,09571083
635479,9;0,09571199
635496,4;0,09571315
635512,9;0,09571663
635530,1;0,09571663
635546,1;0,0957178
635562,7;0,0957178
635579,3;0,09572012
635595,8;0,09571901
635612,4;0,09572133
635628,9;0,09572582
635645,5;0,09572698
635662,1;0,09572693
635678,6;0,09573257
635695,9;0,09573257
635711,8;0,09573711
635728,3;0,09573938
635744,9;0,09574513
635761,9;0,0957417
635778;0,0957417
635795,2;0,0957417
635811,2;0,0957417
635828,7;0,09574624
635849,1;0,09574967
635860,9;0,09575083
635877,4;0,0957531
635894,1;0,09575194
635910,8;0,09575542
635927,3;0,09575653
635943,7;0,09575653
635960,7;0,0957588
635977;0,09575996
635993,9;0,09576333
636010,5;0,09576793
636026,7;0,09577025
636043,2;0,09577147
636059,6;0,09577152
636076,3;0,09577257
636093;0,09577484
636109,5;0,09577595
636125,9;0,09577595
636142,5;0,09577933
636159,4;0,09577938
636175,6;0,09578281
636192,2;0,09578624
636209,3;0,09578856
636225,3;0,09578741
636242;0,09578741
636258,5;0,09578624
636275,1;0,09578624
636292,2;0,09578624
636308,4;0,09578624
636324,7;0,09578519
636341,3;0,09579094
636358,3;0,09579437
636375,5;0,09579437
636391;0,09579664
636407,6;0,09579664
636424,1;0,09579664
636441,3;0,09579664
636457,3;0,09580007
636473,9;0,09580593
636490,6;0,09580709
636506,9;0,09580709
636523,9;0,09580704
636540,1;0,09580931
636556,6;0,09580931
636573,4;0,09581053
636589,9;0,09581174
636607,1;0,09581174
636623,2;0,09581174
636639,4;0,09581069
636656,1;0,09581069
636672,9;0,09581184
636689,3;0,0958176
636705,8;0,09581871
636722,4;0,09581871
636738,9;0,09582784
636755,7;0,09582446
636772,2;0,09582678
636788,6;0,09582452
636805,2;0,09582452
636821,7;0,09583137
636838,3;0,09583137
636854,9;0,0958337
636871,4;0,09583375
636888;0,09583607
636904,6;0,0958384
636921,1;0,09583729
636937,7;0,09583845
636955;0,09584526
636970,8;0,09584642
636988,1;0,09584642
637004,6;0,09585101
637020,7;0,09585334
637037,4;0,09585217
637053,6;0,09585217
637070,3;0,09585217
637086,8;0,09585334
637103,4;0,09585782
637120,4;0,09586468
637136,6;0,09586695
637153,3;0,09586811
637169,6;0,09586811
637186,2;0,09587154
637202,8;0,09587386
637219,3;0,09587724
637235,9;0,09587491
637252,4;0,09587491
637269,1;0,09587713
637285,7;0,09587945
637302,6;0,09588178
637318,9;0,09588294
637335,3;0,09588294
637351,9;0,09588642
637368,9;0,09588526
637385,6;0,09588526
637401,6;0,09589317
637418,1;0,09589317
637434,7;0,0958955
637451,8;0,0958909
637468,4;0,09588975
637484,4;0,09588975
637501;0,09589201
637517,5;0,09588964
637534,1;0,09588964
637550,7;0,09589312
637567,3;0,09589539
637583,9;0,09589539
637600,7;0,0958965
637617,4;0,09590336
637633,5;0,09590103
637650,1;0,0959022
637666,8;0,0959033
637683,3;0,09590336
637700,6;0,09590336
637716,9;0,09590109
637733,4;0,09589992
637750,3;0,09590346
637766,1;0,09590806
637782,6;0,0959127
637799,2;0,09591265
637816;0,09591265
637832,8;0,09591375
637848,9;0,09591719
637865,4;0,09591719
637882;0,09591492
637898,9;0,09591951
637915,1;0,09591719
637931,7;0,09591835
637948,3;0,09591835
637965,5;0,09591603
637981,4;0,09591724
637998;0,09591613
638014,5;0,09591724
638031,1;0,09591724
638048,1;0,09591724
638064,2;0,09591845
638081,4;0,09592305
638097,4;0,09592421
638113,9;0,09592537
638130,5;0,09593112
638147,3;0,09593223
638163,9;0,09593112
638180,6;0,0959288
638196,8;0,09593107
638213,4;0,09593223
638230,2;0,09593339
638246,4;0,09593339
638263,1;0,09594263
638279,6;0,0959449
638296,6;0,09594838
638313,2;0,09594717
638329,4;0,09594717
638345,9;0,09594717
638362,4;0,09594717
638379;0,09594479
638395,9;0,09594706
638412,3;0,09594706
638428,8;0,09594589
638445,3;0,09594817
638461,9;0,09595044
638478,6;0,09595044
638494,9;0,09595276
638511,6;0,09595165
638528,8;0,09595282
638544,7;0,09595508
638561,2;0,09595508
638577,8;0,09595735
638594,4;0,09596083
638610,9;0,09596083
638627,6;0,09596427
638644,1;0,09596775
638660,9;0,09597351
638677,2;0,09597577
638694,6;0,09597577
638710,3;0,09597577
638726,9;0,09597693
638743,5;0,09597461
638760;0,09597693
638776,6;0,09598152
638793,4;0,0959781
638810,5;0,0959781
638826,3;0,0959792
638842,8;0,09598501
638859,5;0,09598611
638876;0,09598606
638893,2;0,09598722
638909,1;0,09598955
638926,3;0,09599181
638942,3;0,09599297
638959,4;0,09599414
638975,7;0,09599414
638991,9;0,09599181
639008,6;0,09599181
639025,1;0,0959953
639041,7;0,09599303
639058,3;0,09599541
639074,9;0,09599657
639091,5;0,09599651
639107,9;0,09599884
639124,5;0,09600005
639141,1;0,09600233
639157,6;0,09600349
639174,2;0,09600227
639191,2;0,09600227
639207,3;0,09600227
639223,9;0,09600227
639240,5;0,09600575
639257;0,09600691
639273,7;0,09600691
639290,2;0,09600464
639306,7;0,0960058
639323,3;0,09600349
639339,9;0,0960058
639356,4;0,09600813
639373;0,09600586
639389,6;0,0960047
639406,1;0,0960047
639422,7;0,09600359
639439,4;0,09600702
639456,1;0,09600818
639472,4;0,0960094
639488,9;0,09600824
639505,6;0,09601172
639522,1;0,09601172
639538,6;0,09601288
639556;0,09601288
639571,8;0,09601172
639588,8;0,09601288
639604,9;0,09601056
639621,7;0,09601056
639638,1;0,09601056
639655,1;0,09601056
639671,2;0,09601626
639688,2;0,09601742
639704,4;0,09601632
639721,3;0,09601747
639737,6;0,09601858
639754;0,09602207
639771,2;0,09602433
639787,2;0,09602433
639803,7;0,09602439
639820,4;0,09602555
639837,2;0,09602671
639853,9;0,09602782
639870;0,09602666
639886,6;0,09603125
639903,1;0,09603125
639919,8;0,09603241
639936,3;0,09603236
639953,1;0,09603352
639969,6;0,09603811
639986,2;0,09603927
640003,4;0,09603806
640019,5;0,09603922
640036,4;0,09604265
640052,3;0,09604265
640068,9;0,09604497
640085,4;0,09604497
640101,9;0,09604381
640118,6;0,09604265
640135,1;0,09604149
640152,3;0,09604032
640168,2;0,09604032
640184,8;0,09603573
640201,4;0,09603573
640224,4;0,09603579
640234,5;0,09603347
640251,1;0,09603347
640267,8;0,09603462
640284,6;0,09603347
640300,8;0,09603341
640317,3;0,09603573
640334,4;0,09603806
640350,4;0,09604038
640367;0,09604381
640383,6;0,09604381
640400,1;0,09604149
640416,7;0,0960426
640433,3;0,09604492
640450,1;0,09604724
640466,4;0,09604724
640483;0,09604724
640499,9;0,0960484
640516,1;0,0960484
640532,9;0,09604956
640549,2;0,09604956
640565,9;0,09605067
640582,3;0,09605294
640598,9;0,09605177
640615,9;0,09605177
640632,4;0,09604946
640648,6;0,0960483
640665,2;0,09604486
640681,9;0,09604602
640698,5;0,09604602
640714,9;0,09604486
640731,4;0,0960426
640748,1;0,09604371
640764,6;0,09604022
640781,2;0,09603906
640797,8;0,09604132
640814,3;0,09604127
640831;0,09604132
640847,4;0,096039
640864,5;0,09603784
640880,6;0,09603668
640897,4;0,09603668
640913,7;0,09603668
640930,3;0,09603209
640946,8;0,09603093
640963,4;0,0960286
640980,1;0,09602749
640996,8;0,09602744
641013,5;0,09602401
641029,7;0,09602401
641046,3;0,09602512
641063,3;0,0960228
641080;0,09601826
641096,3;0,09601826
641112,5;0,09601599
641129;0,09601361
641145,6;0,09600896
641162,2;0,09601013
641178,8;0,09601013
641195,3;0,09600791
641212,1;0,09600791
641228,4;0,0960067
641245,1;0,09599984
641261,7;0,09599641
641278,1;0,09599867
641294,9;0,09599984
641311,3;0,09599751
641327,9;0,09599525
641345,1;0,09599409
641360,9;0,09599176
641378,4;0,09598944
641394,1;0,09598828
641410,7;0,09598706
641427,3;0,09598706
641444,2;0,09598596
641460,6;0,09598712
641476,9;0,09598247
641494,3;0,09598015
641510,2;0,09597783
641526,7;0,09597898
641543,2;0,09597893
641559,8;0,09597783
641576,4;0,09597783
641592,9;0,09597672
641610,4;0,09597334
641626,1;0,09597445
641642,7;0,09597445
641659,2;0,09597445
641676,3;0,09596759
641692,3;0,0959641
641708,9;0,09596183
641725,4;0,09596183
641742,1;0,09595608
641758,9;0,09595033
641775,1;0,09594574
641791,8;0,09594336
641808,3;0,09594336
641824,8;0,09594109
641841,4;0,09594114
641858,5;0,09593655
641874,6;0,09593655
641891,1;0,09593539
641908,1;0,09593307
641924,3;0,09593075
641941;0,09593307
641957,4;0,09592621
641973,9;0,09592505
641990,9;0,09592161
642007,9;0,09592161
642023,7;0,0959194
642040,3;0,09591708
642057,1;0,0959136
642073,4;0,0959136
642089,9;0,09591011
642107,1;0,09590552
642123,1;0,09590336
642139,6;0,09590336
642156,4;0,09590446
642173;0,09590446
642189,3;0,09590336
642205,9;0,09590336
642222,5;0,09589987
642239;0,09589407
642256,4;0,09589174
642272,1;0,09589174
642288,7;0,09589174
642305,3;0,09588942
642322,1;0,0958882
642338,4;0,09588478
642355,8;0,09587792
642371,6;0,09587559
642388,1;0,09587443
642405;0,09587443
642421,8;0,09587327
642437,9;0,09586868
642454,4;0,0958664
642471,4;0,09586757
642487,6;0,09586181
642504,1;0,09586065
642520,6;0,09585717
642537,3;0,09585717
642554,6;0,09585606
642570,4;0,09585723
642586,9;0,09585723
642603,5;0,09585495
642620,1;0,0958549
642636,6;0,09585264
642653,2;0,09585374
642669,8;0,0958549
642686,3;0,09585258
642702,9;0,09584915
642719,5;0,09584566
642736;0,09584915
642752,6;0,09585026
642769,2;0,09585141
642786,1;0,09585264
642802,3;0,0958492
642818,9;0,0958492
642835,4;0,0958492
642852,1;0,09584915
642868,6;0,09584566
642885,4;0,09584571
642901,9;0,09585042
642918,3;0,09585042
642934,8;0,09584931
642951,4;0,09584931
642967,9;0,0958539
642984,6;0,09585612
643001,1;0,09585728
643017,6;0,0958596
643034,3;0,0958596
643050,8;0,0958596
643067,4;0,0958596
643083,9;0,09586989
643100,9;0,09586984
643117,1;0,09586868
643133,6;0,09587216
643150,7;0,09587675
643167,6;0,09587792
643183,4;0,09588129
643200;0,09588013
643216,4;0,09588362
643233,1;0,0958882
643249,6;0,09588937
643266,2;0,09589163
643282,7;0,09589169
643299,9;0,09589512
643315,9;0,09589512
643332,4;0,09589396
643349;0,09589512
643365,6;0,09589739
643382,1;0,09590203
643398,7;0,0959032
643415,3;0,0959032
643431,8;0,0959032
643448,4;0,09590441
643465,4;0,09590441
643481,9;0,09590441
643498,1;0,09590784
643514,6;0,09591254
643531,3;0,09591714
643547,8;0,09592173
643564,3;0,09592399
643581,2;0,09592284
643597,7;0,09593318
643614,1;0,09593434
643631,1;0,09593898
643647,3;0,09593898
643663,8;0,09594474
643680,3;0,09595165
643697,4;0,09595508
643713,4;0,09595735
643733,1;0,09595967
643746,7;0,09596427
643763,2;0,09596886
643780,3;0,09596886
643796,3;0,0959781
643812,9;0,09597926
643829,4;0,09598042
643846;0,09598501
643862,6;0,09599076
643879,1;0,09599081
643895,8;0,09599081
643912,5;0,0959943
643929,4;0,09600354
643945,4;0,0960047
643962,1;0,09600697
643978,8;0,09600813
643995,1;0,09601383
644011,9;0,09601726
644028,2;0,09601842
644045,5;0,09602074
644061,3;0,09602074
644077,9;0,0960265
644094,5;0,0960265
644111,1;0,09602766
644127,6;0,09602887
644144,6;0,09603922
644160,8;0,0960484
644177,3;0,09605305
644194;0,09605305
644210,4;0,09605996
644227,1;0,09606345
644243,6;0,09606455
644260,1;0,09606571
644276,8;0,09607268
644293,3;0,09607495
644309,9;0,09607728
644326,4;0,09607728
644343,4;0,09608646
644359,6;0,09608873
644376,6;0,09609453
644392,7;0,09609453
644409,8;0,09609686
644426,1;0,09609802
644442,4;0,09610145
644459,4;0,09610372
644475,5;0,09610372
644492,1;0,09610831
644508,7;0,09611528
644525,7;0,09611528
644541,8;0,09611871
644558,4;0,09612563
644575,6;0,09612563
644591,5;0,09612905
644608,1;0,09612905
644631,3;0,09612905
644641,2;0,09613021
644657,8;0,09613486
644674,3;0,0961337
644691,6;0,09613834
644708,2;0,09614521
644724,1;0,09614521
644740,6;0,0961441
644757,2;0,0961441
644773,8;0,09614874
644790,3;0,09614991
644806,9;0,09615328
644823,9;0,09615909
644840,7;0,09616025
644856,6;0,09616025
644873,1;0,09616373
644889,8;0,09616827
644906,3;0,09616822
644923;0,09616822
644939,6;0,09616938
644956,4;0,09617165
644972,6;0,09617746
644989,4;0,09617862
645005,7;0,09618094
645022,5;0,09618326
645038,9;0,09618321
645055,4;0,09618437
645072,4;0,09618437
645088,6;0,09618437
645105,8;0,0961821
645121,6;0,09618791
645138,4;0,09618559
645155,1;0,09618791
645171,3;0,09618791
645188,5;0,09619139
645204,4;0,09619372
645221;0,09619488
645237,6;0,09619715
645254,1;0,09620179
645270,8;0,09619947
645287,3;0,09619947
645303,9;0,09619947
645320,7;0,09620528
645337;0,09620876
645353,8;0,09621225
645370,1;0,09621225
645387;0,09621341
645403,4;0,09621684
645419,9;0,09621684
645436,4;0,09622032
645453,1;0,0962237
645469,6;0,09622602
645487,9;0,09622713
645505,1;0,09622713
645521,1;0,09622481
645537,7;0,09622481
645554,1;0,09622713
645570,8;0,09622713
645587,3;0,09622481
645603,9;0,09622364
645620,4;0,09622364
645637,1;0,09622597
645653,6;0,09622248
645670,4;0,096219
645686,7;0,09622132
645703,9;0,09621906
645720,1;0,09622021
645736,9;0,09622021
645752,9;0,09622021
645770,3;0,09622021
645786,1;0,09621911
645802,7;0,09622027
645819,2;0,09621911
645835,8;0,09622027
645852,4;0,09622137
645869,4;0,09622021
645886,1;0,09622481
645902,1;0,09622481
645918,6;0,09622481
645935,2;0,09622243
645951,8;0,09622707
645968,4;0,09622707
645984,9;0,09622591
646001,4;0,09622707
646018;0,09622707
646034,9;0,09622707
646051,3;0,09622476
646067,7;0,09622476
646084,8;0,09622122
646100,9;0,09622122
646117,4;0,09622348
646134;0,09621999
646150,6;0,09622232
646167,1;0,09622348
646184;0,09622348
646200,6;0,09622581
646216,8;0,09622581
646233,4;0,09622464
646250,5;0,09622464
646266,9;0,09622581
646283,2;0,09622581
646299,7;0,09622464
646316,3;0,09622581
646333,6;0,09622464
646349,4;0,09622464
646365,9;0,09622464
646382,5;0,09622813
646399,1;0,09622813
646415,6;0,09622813
646432,3;0,09622697
646448,8;0,09623393
646465,4;0,09623626
646482,1;0,09623393
646498,5;0,09623393
646515;0,0962351
646531,6;0,09623277
646548,2;0,09623277
646565,1;0,09623277
646581,3;0,09623277
646598,6;0,09623737
646614,4;0,09624085
646631;0,09624196
646647,6;0,09624196
646664,1;0,09624312
646681,1;0,09624312
646697,3;0,09624428
646714,3;0,0962455
646730,5;0,09624776
646746,9;0,09624776
646763,5;0,09624776
646780,1;0,09624892
646796,6;0,09625009
646813,5;0,09625241
646829,8;0,09625241
646846,4;0,09625589
646862,9;0,09625705
646879,8;0,09625705
646896,1;0,09625933
646912,8;0,09626165
646929,3;0,09626165
646946,4;0,09626281
646962,4;0,09626397
646979,1;0,09626281
646995,4;0,09626513
647012;0,09626513
647028,6;0,09626629
647045,2;0,09626629
647061,7;0,09626862
647078,3;0,09627094
647094,9;0,09627786
647111,6;0,09627902
647128;0,09628023
647144,5;0,09628023
647161,1;0,09628721
647177,7;0,09628721
647194,4;0,09628837
647210,8;0,09629069
647229,2;0,09629417
647244,1;0,09629533
647260,5;0,09629533
647277,6;0,09629766
647293,8;0,09629766
647310,3;0,0962976
647326,8;0,09629876
647343,3;0,09629876
647360,6;0,09631032
647376,7;0,09631381
647393,1;0,09631845
647409,8;0,09631845
647426,4;0,09631845
647443,1;0,09632426
647459,3;0,09632548
647475,9;0,09632903
647492,4;0,09632903
647509,1;0,09633367
647526,4;0,09633715
647542,2;0,09634069
647558,7;0,09634418
647575,3;0,09635347
647592,5;0,09635696
647609,2;0,09635696
647625;0,09636044
647642;0,09636392
647658,3;0,09636631
647675,4;0,09636631
647691,3;0,09637327
647708,3;0,09638135
647725,2;0,09638368
647740,9;0,09638483
647757,6;0,09638832
647774,6;0,09639059
647790,6;0,09639523
647807,2;0,09639756
647823,8;0,09640104
647840,3;0,09640336
647856,9;0,09640685
647874;0,09640685
647890,9;0,09640917
647906,6;0,09641381
647923,2;0,09641381
647939,8;0,09641381
647957,3;0,0964173
647972,9;0,09642195
647989,4;0,09642543
648006;0,09643356
648022,6;0,09643937
648039,1;0,09644169
648056,1;0,09644285
648072,3;0,0964522
648088,9;0,09646045
648106,1;0,0964651
648121,9;0,09647096
648138,6;0,09647445
648155,1;0,09647915
648171,7;0,09647915
648188,3;0,09649436
648204,8;0,09650017
648221,4;0,09650481
648237,9;0,09651068
648254,5;0,096513
648271,1;0,09652828
648287,7;0,09653414
648304,2;0,09654703
648321,1;0,09655168
648337,8;0,09655754
648353,9;0,0965623
648370,6;0,09656933
648387,3;0,09658112
648403,7;0,09658466
648420,5;0,09658466
648437,2;0,09658936
648454,1;0,09659169
648470,3;0,0965975
648486,4;0,09660453
648503,1;0,09661155
648520,1;0,09661619
648536,6;0,09662438
648552,8;0,09663019
648569,3;0,09663252
648586,1;0,09663252
648602,4;0,09663252
648619;0,09663849
648635,6;0,09664663
648652,1;0,09664895
648669;0,09665122
648685,3;0,09665824
648701,8;0,09666289
648718,6;0,09666521
648735,4;0,09666992
648751,5;0,0966734
648768,1;0,09667921
648784,7;0,09668037
648801,5;0,09668734
648817,8;0,09668972
648834,5;0,09669559
648850,9;0,09669442
648867,5;0,09669675
648884,7;0,09669907
648900,7;0,09670725
648917,2;0,09670725
648934,1;0,09671428
648950,3;0,09671428
648966,9;0,09672131
648983,4;0,0967295
649000;0,0967295
649016,6;0,09673885
649033,4;0,09675058
649049,7;0,09675761
649066,4;0,09675644
649082,8;0,09676126
649099,9;0,09676475
649115,9;0,09677172
649132,6;0,0967752
649149,4;0,0967752
649165,6;0,09678577
649182,5;0,09678693
649198,8;0,09679048
649215,4;0,09679279
649232,3;0,09679279
649249,2;0,09679634
649265,1;0,09679982
649281,9;0,09681033
649298,2;0,09681736
649314,8;0,09681858
649331,4;0,09682567
649348,4;0,09683037
649364,5;0,09683159
649381,1;0,09683508
649397,6;0,09683623
649414,9;0,0968421
649430,9;0,0968421
649447,3;0,09684913
649463,9;0,09685023
649481,2;0,09685023
649497,1;0,09685726
649513,8;0,09685726
649530,4;0,09685487
649546,7;0,09686074
649563,3;0,09686074
649579,8;0,09686434
649596,4;0,09686434
649613,4;0,09687021
649630,4;0,09687021
649646,1;0,09687363
649662,7;0,09687363
649679,4;0,09687369
649695,8;0,09687723
649712,4;0,09687962
649728,9;0,09688078
649745,5;0,09688664
649762,1;0,09688786
649778,6;0,09689134
649795,3;0,09689134
649811,8;0,09689134
649828,4;0,09688902
649844,9;0,09689367
649861,8;0,09689018
649878,4;0,09689018
649894,6;0,09689251
649911,5;0,09689251
649927,9;0,09688322
649944,7;0,09687509
649961,4;0,09687509
649977,5;0,09687276
649994;0,09686701
650010,9;0,09686242
650027,8;0,09685434
650043,7;0,09685202
650060,3;0,09684743
650077,3;0,09683813
650093,7;0,09683813
650110;0,09682524
650126,5;0,09680782
650143,2;0,09679968
650159,9;0,09679968
650176,4;0,09677882
650192,8;0,09676266
650209,4;0,09675686
650225,9;0,09673838
650243,2;0,09673838
650259,3;0,09670839
650275,6;0,09670131
650292,3;0,0966794
650308,8;0,09665743
650325,7;0,09664366
650341,9;0,09662285
650358,4;0,09661372
650375,1;0,09661372
650391,6;0,09656066
650408,2;0,0965502
650425,3;0,0965227
650442;0,09651252
650457,9;0,09648629
650474,4;0,09647135
650491;0,09645995
650507,6;0,09645995
650524,3;0,09645995
650540,7;0,09641641
650557,4;0,09635814
650573,9;0,09633417
650590,4;0,09631581
650607;0,0962862
650623,6;0,09627032
650640,5;0,09625095
650656,7;0,09622826
650673,8;0,09619882
650690,6;0,09618399
650706,4;0,09614642
650722,9;0,09612024
650739,6;0,0961033
650761,1;0,09607265
650772,8;0,09607265
650789,2;0,09604769
650805,8;0,09600337
650822,3;0,09597033
650839,3;0,09595339
650856,3;0,09594885
650872,2;0,09589007
650889,3;0,09586396
650905,6;0,09583662
650921,9;0,09582195
650938,3;0,09578449
650955,1;0,09575947
650971,4;0,09572981
650988,4;0,09568585
651004,9;0,09566427
651022;0,09563825
651038,3;0,09559877
651055,2;0,09555814
651070,9;0,09555814
651087,4;0,0955129
651104,2;0,09547232
651363,3;0,09460618
651363,3;0,09445801
651383,3;0,09445353
651400,6;0,09442428
651416,6;0,09434273
651433;0,09429269
651449,6;0,0942672
651466,1;0,0942672
651482,8;0,0941638
651499,7;0,09413239
651515,9;0,09409697
651532,4;0,09405368
651549;0,09405368
651565,6;0,09397804
651582,4;0,09397028
651598,8;0,09394346
651615,8;0,09393343
651631,8;0,09388234
651648,6;0,0937585
651665,4;0,09372309
651681,9;0,09370324
651698,1;0,09366994
651714,7;0,09359598
651731,2;0,09356938
651747,8;0,09356298
651764,3;0,09348264
651780,9;0,0934288
651797,5;0,09339893
651814;0,09339893
651830,6;0,09334498
651847,4;0,09328237
651863,8;0,09323402
651880,3;0,09323402
651897,2;0,09316703
651913,4;0,09316054
651930,6;0,09310433
651946,6;0,09308132
651963,1;0,09308132
651979,8;0,09305482
651996,3;0,09305482
652012,9;0,0929902
652029,4;0,09291578
652046,3;0,09289377
652062,6;0,09287519
652079,1;0,09286533
652095,7;0,09280097
652112,6;0,09276397
652128,8;0,09274337
652145,4;0,09272151
652162,1;0,09268471
652178,8;0,09265013
652195,7;0,09263301
652211,7;0,09259509
652228,3;0,09259509
652244,8;0,09259509
652261,7;0,09257783
652277,9;0,09252521
652294,5;0,09246746
652311,1;0,09242783
652327,6;0,09238945
652344,2;0,09238945
652361,1;0,09236694
652377,3;0,09231035
652393,9;0,09227408
652410,4;0,09225605
652427,4;0,09225605
652443,6;0,09217835
652460,1;0,09216113
652476,7;0,09213142
652493,5;0,09210608
652509,8;0,09210608
652526,4;0,09204983
652543;0,0920117
652559,7;0,09197881
652576,1;0,0919778
652593;0,09196069
652609,3;0,0919028
652625,8;0,09190174
652642,4;0,09187525
652658,9;0,0918077
652675,6;0,09179087
652692,1;0,09177083
652709;0,09175828
652725,4;0,09169799
652741,8;0,09166843
652758,7;0,0916503
652774,9;0,0916503
652791,8;0,09160823
652808,1;0,09156828
652824,6;0,09153776
652841,3;0,09153776
652857,8;0,09152295
652874,3;0,09151368
652890,9;0,09150421
652907,8;0,09148955
652924,1;0,09146335
652940,6;0,09140663
652957,1;0,09137514
652973,7;0,09135535
652990,3;0,09132708
653006,8;0,09132708
653023,8;0,09129035
653040;0,09127253
653057,1;0,09124638
653074,1;0,09121913
653089,7;0,09120774
653106,3;0,0911837
653122,8;0,09116789
653140,1;0,09114905
653155,9;0,09114905
653172,5;0,09113967
653189,1;0,09110945
653205,6;0,09110945
653222,3;0,09107388
653238,8;0,09106336
653255,4;0,09104875
653271,9;0,09103202
653288,5;0,09101842
653305,1;0,09100372
653321,6;0,09099535
653338,2;0,0909818
653354,8;0,09097757
653371,3;0,09096925
653387,9;0,09095988
653404,4;0,09094734
653421;0,09094311
653437,6;0,09093057
653454,2;0,09092432
653470,9;0,09092432
653487,3;0,09091388
653504,4;0,09091283
653521;0,09090658
653537,1;0,09090345
653553,8;0,09089615
653570,1;0,09088149
653586,7;0,09086688
653603,3;0,09086174
653619,8;0,0908565
653636,6;0,09085544
653653,2;0,09084819
653669,6;0,09084611
653686,1;0,09084198
653702,6;0,09083886
653719,3;0,09083991
653735,8;0,09083775
653752,3;0,09083366
653768,9;0,09083366
653790,4;0,0908327
653802,1;0,09082852
653819;0,09082852
653835,2;0,09082641
653852,3;0,09082847
653868,3;0,09082847
653885,1;0,09082847
653901,4;0,09082328
653918;0,09082328
653934,9;0,09082011
653951,2;0,09081905
653967,7;0,09082213
653984,3;0,09082007
654000,9;0,09081901
654017,5;0,09081901
654034,1;0,09082112
654051,2;0,09082319
654067,7;0,09082314
654083,7;0,09082319
654100,3;0,09082425
654116,8;0,09082847
654133,5;0,09083059
654150,1;0,09083366
654166,5;0,09083265
654183,3;0,09083578
654200,2;0,09084736
654216,3;0,0908673
654232,8;0,09087884
654249,3;0,09088403
654265,9;0,09088403
654283,1;0,09089446
654299,1;0,09091753
654315,7;0,09092796
654332,2;0,09094776
654348,8;0,09095915
654365,3;0,09097064
654382,3;0,09098011
654398,4;0,09099476
654415,2;0,09100413
654431,6;0,09100413
654448,5;0,09102716
654464,8;0,09104586
654481,3;0,09106561
654497,9;0,09106561
654514,4;0,09108123
654531;0,09109887
654547,9;0,09111758
654564,1;0,09112906
654581,4;0,09113324
654597,4;0,09115088
654614,9;0,09117372
654631,5;0,0911966
654648,1;0,09121943
654664,6;0,09121943
654681,2;0,09123923
654697,8;0,09123923
654714,4;0,09127672
654731,3;0,09128811
654747,8;0,09130061
654764,1;0,09130792
654780,6;0,0913184
654797,5;0,0913184
654813,8;0,09132979
654830,8;0,0913319
654846,9;0,09136723
654863,4;0,09141924
654880;0,09143592
654896,6;0,09143592
654913,1;0,09145572
654929,7;0,09148278
654946,3;0,09149639
654962,8;0,09151825
654979,4;0,09151825
654996,1;0,09154531
655012,5;0,09156507
655029,1;0,09158386
655045,6;0,09160583
655062,8;0,09162048
655078,8;0,09163298
655095,3;0,09164961
655111,9;0,09167264
655129,1;0,09168307
655145,1;0,09170296
655161,6;0,09171863
655178,2;0,09173536
655194,8;0,09175626
655211,4;0,09176669
655227,9;0,09178659
655244,4;0,09179711
655261,9;0,09181692
655277,9;0,09183153
655294,6;0,09183893
655311,4;0,0918494
655328;0,0918494
655344,3;0,09188294
655360,9;0,09189246
655377,3;0,09190813
655393,6;0,09191856
655410,1;0,09191856
655426,7;0,09192807
655444;0,09193754
655459,8;0,09193754
655477,2;0,0919596
655493,8;0,09199002
655510,9;0,09201833
655527;0,09201833
655543,6;0,0920426
655560,3;0,09206254
655576,8;0,09207095
655593,8;0,09208465
655609,8;0,09209719
655626,4;0,09211084
655642,9;0,09212766
655659,9;0,09213506
655676,1;0,09214875
655692,7;0,09215818
655709,3;0,09215818
655725,9;0,09216975
655742,4;0,0921897
655758,9;0,09219705
655775,5;0,09220123
655792,1;0,09220753
655808,9;0,09222968
655825,2;0,09223919
655842,5;0,09224659
655858,3;0,09224977
655874,9;0,09225722
655891,5;0,09227937
655908;0,09229422
655924,6;0,09231234
655941,2;0,09231234
655958;0,09233797
655974,3;0,09234536
655990,9;0,0923657
656007,4;0,09238181
656024,6;0,09239037
656040,6;0,09240753
656057,1;0,09241398
656073,8;0,09241398
656090,3;0,09241398
656106,8;0,09242359
656123,6;0,09245142
656139,9;0,09247186
656157;0,09248687
656173,1;0,09249537
656189,6;0,09249537
656206,3;0,09251264
656222,8;0,09252668
656239,8;0,09253317
656256,1;0,09255039
656272,4;0,09256332
656289,3;0,09256756
656307,5;0,0925816
656324,1;0,09259132
656340,9;0,09259342
656357,3;0,09259992
656373,8;0,09262252
656390,4;0,09263219
656406,9;0,09264301
656423,4;0,09265484
656440,1;0,09266133
656456,6;0,09266873
656473,2;0,09267195
656489,8;0,09269556
656506,4;0,09270839
656522,9;0,09271595
656539,4;0,09271595
656556;0,0927235
656572,6;0,09274157
656589,2;0,09274796
656605,7;0,09274796
656622,6;0,09275969
656638,9;0,09276941
656655,4;0,09277474
656672,1;0,09278541
656688,6;0,0927908
656705,1;0,0927908
656721,9;0,09279507
656738,3;0,09279613
656754,9;0,09280787
656771,4;0,09282065
656788,5;0,0928282
656804,5;0,09283676
656821,1;0,09283998
656837,6;0,09284209
656854,2;0,09284209
656870,8;0,09286031
656887,3;0,0928646
656903,9;0,09287537
656920,5;0,0928797
656937,1;0,0928883
656953,6;0,09288936
656970,1;0,09288936
656986,8;0,09290441
657003,3;0,09290874
657019,9;0,09291196
657036,4;0,0929184
657053,5;0,09292278
657069,6;0,0929324
657086,4;0,09294538
657102,8;0,09294967
657119,3;0,09295948
657136;0,09296481
657152,4;0,09296481
657171,5;0,09297986
657185,6;0,0929919
657202,1;0,09300156
657218,7;0,09300156
657235,5;0,09301455
657252,5;0,09303081
657268,6;0,0930438
657285;0,09306005
657301,9;0,09306005
657318,3;0,09307314
657334,6;0,0930819
657351,2;0,09308734
657367,8;0,09308955
657384,3;0,09310038
657401,2;0,0931275
657417,6;0,09314497
657434,3;0,09315147
657450,8;0,09316339
657468,1;0,09316999
657483,8;0,09316999
657500,9;0,09319179
657516,9;0,09319939
657533,4;0,09320799
657550,1;0,09320804
657566,8;0,09321338
657583,1;0,09323734
657599,8;0,09324726
657616,4;0,0932537
657632,9;0,0932537
657649,4;0,09327872
657665,9;0,09329397
657682,6;0,0932984
657699,1;0,0932984
657715,7;0,09332332
657732,3;0,09333746
657748,8;0,09334949
657765,4;0,09336364
657781,9;0,09336807
657798,5;0,09338221
657815,2;0,09339309
657832,5;0,09340511
657848,6;0,09341271
657864,8;0,09341271
657881,4;0,09343028
657898,7;0,09343572
657914,8;0,09344015
657931,1;0,09345233
657947,6;0,09346658
657964,2;0,09347101
657980,9;0,09347101
657997,3;0,09347212
658013,9;0,09347212
658030,4;0,09347649
658051,4;0,09347871
658065,1;0,09348309
658081,8;0,09350176
658098,3;0,09351928
658115,5;0,09352919
658131,4;0,09353574
658147,9;0,09354682
658164,6;0,09355124
658181,3;0,09356005
658198,1;0,09356448
658214,7;0,09356992
658231,3;0,09357103
658247,8;0,09358099
658264,3;0,09359207
658280,9;0,09360188
658297,5;0,09360742
658314,1;0,09361401
658331,3;0,09362177
658347,8;0,09362841
658365,3;0,09363616
658384,6;0,09364603
658401,2;0,09365156
658417,9;0,09366038
658435,1;0,09366807
658451,7;0,09368026
658468,2;0,09368026
658485,4;0,09368685
658501,3;0,09369893
658517,9;0,09371212
658534,8;0,09371866
658551,1;0,09372526
658567,6;0,0937395
658584,2;0,09374721
658601,1;0,09375375
658617,3;0,09375375
658633,9;0,09375813
658650,9;0,09376251
658667,1;0,09376251
658683,6;0,09378556
658700,1;0,09380651
658716,8;0,09383056
658733,3;0,0938361
658749,8;0,0938504
658766,6;0,09386459
658782,9;0,09387667
658799,6;0,09388866
658816,6;0,09388971
658832,6;0,09390396
658852,5;0,09391931
658869,1;0,09392701
658885,8;0,09393799
658902,3;0,09394131
658918,8;0,09394896
658935,5;0,09395666
658951,9;0,09396648
658968,4;0,09397086
658985,4;0,09398288
659001,6;0,09398621
659018,4;0,09398621
659034,9;0,09399819
659051,4;0,09401575
659067,9;0,09402019
659084,8;0,09402678
659101;0,09402678
659117,6;0,09403886
659134,1;0,09404439
659150,7;0,09404994
659167,3;0,09405321
659183,8;0,09406091
659200,4;0,09406755
659217;0,09406755
659233,6;0,09406977
659250,1;0,0940742
659266,9;0,0940742
659283,4;0,09407641
659299,9;0,09407641
659316,4;0,09408527
659332,9;0,09408749
659349,5;0,09408749
659366,1;0,09409191
659382,6;0,09409635
659399,2;0,09410188
659415,9;0,09410521
659432,3;0,09410632
659448,9;0,0941196
659465,4;0,09412514
659482,1;0,09412736
659498,7;0,09412736
659515,6;0,09413954
659531,8;0,09414175
659549,1;0,0941495
659564,9;0,09415061
659581,4;0,09415393
659598,6;0,09416168
659614,6;0,094165
659631,1;0,09417165
659647,7;0,09417276
659671,3;0,09417608
659682,1;0,09418162
659699;0,09419158
659715,3;0,09419048
659731,8;0,09419269
659748,4;0,09419269
659765,2;0,09420045
659781,9;0,09420155
659798,4;0,09420266
659815;0,09420266
659831,4;0,09420266
659847,8;0,09419934
659864,3;0,09420045
659880,9;0,09419934
659898,2;0,09419934
659914,1;0,09420045
659930,6;0,09420045
659947,6;0,09419823
659963,8;0,0941949
659980,3;0,09419158
659997,2;0,09419048
660013,7;0,09419048
660030;0,09418937
660046,6;0,09418937
660063,1;0,09418937
660079,7;0,09418272
660096,3;0,09418162
660113,3;0,09417497
660129,5;0,09417497
660146,1;0,09417165
660163,3;0,094165
660179,6;0,09416058
660195,7;0,09415947
660212,3;0,09415947
660228,8;0,09415615
660246;0,09414729
660261,9;0,09414729
660278,5;0,09414285
660295,8;0,09413622
660311,6;0,094134
660328,2;0,09413068
660345;0,09412846
660362,2;0,09411296
660377,9;0,09410521
660394,8;0,09410521
660411,8;0,09410188
660427,6;0,09409524
660444,1;0,09408859
660460,8;0,09408195
660477,3;0,09407973
660493,9;0,09407752
660510,8;0,09407087
660527,1;0,09407087
660543,6;0,09407087
660560,1;0,09406866
660576,8;0,09406866
660593,3;0,09406755
660610,2;0,09406091
660626,4;0,09405537
660643,6;0,09405094
660660,2;0,0940443
660676,1;0,09404209
660692,9;0,09404209
660709,3;0,09403765
660726,8;0,09403433
660742,4;0,09402879
660759,1;0,09402215
660775,5;0,0940144
660792,1;0,0940155
660809,3;0,0940155
660825,6;0,09400443
660841,8;0,094
660858,3;0,09399778
660874,9;0,09399668
660891,9;0,09399557
660908;0,09399114
660924,8;0,09398893
660941,3;0,09398893
660957,8;0,09398671
660974,3;0,0939856
660990,9;0,0939845
661007,9;0,0939856
661024,3;0,0939845
661041;0,09398339
661057,5;0,09397785
661073,9;0,09397785
661090,8;0,09397342
661106,9;0,09397342
661123,4;0,09397342
661139,9;0,0939701
661156,6;0,09396788
661173,1;0,09396677
661189,7;0,09396456
661206,3;0,09396456
661223;0,09396346
661239,7;0,09396014
661255,9;0,09395681
661272,8;0,09395792
661289,1;0,09395681
661305,7;0,09395459
661322,2;0,09395459
661338,8;0,09395017
661355,4;0,09394684
661371,9;0,09394684
661392,1;0,09394352
661409,1;0,0939391
661425,3;0,09393577
661441,9;0,09393023
661458,4;0,09393023
661475;0,0939258
661492;0,09391916
661508,1;0,09391916
661524,9;0,09391805
661541,4;0,09391473
661558,3;0,09391473
661574,4;0,09390476
661590,9;0,09390365
661607,6;0,09389923
661624,6;0,09389923
661640,8;0,09389701
661657,3;0,0938959
661673,9;0,0938959
661691,3;0,0938959
661706,9;0,09389479
661723,5;0,09389147
661740,9;0,09389147
661756,6;0,09389258
661773,6;0,09389369
661789,8;0,09389923
661806,3;0,09389923
661823,1;0,09389923
661839,5;0,09390144
661856;0,09390144
661872,6;0,09390809
661889,2;0,09392253
661906,2;0,09393139
661922,3;0,09393582
661938,8;0,09394025
661955,4;0,09394136
661972;0,09395133
661989,2;0,09396019
662005,1;0,09396351
662022,1;0,09396351
662038,3;0,09397131
662054,8;0,09398018
662071,9;0,09398239
662087,9;0,09398793
662105,1;0,09398793
662121,6;0,09399236
662138,4;0,09400908
662154,3;0,0940135
662170,8;0,0940191
662187,4;0,0940191
662204;0,09403466
662221,4;0,09404246
662238,1;0,09405359
662254,6;0,09405359
662271,1;0,09406023
662288,1;0,09406798
662304,2;0,09406798
662320,8;0,09407352
662337,3;0,09407795
662354,1;0,09408349
662370,5;0,09408349
662387,3;0,09408792
662403,6;0,09408792
662420,6;0,09409235
662436,7;0,09409457
662453,3;0,09409567
662469,9;0,09409567
662486,6;0,09409788
662503,7;0,0941001
662520,3;0,09410564
662536,4;0,09410564
662552,7;0,09410675
662569,4;0,09411006
662585,8;0,0941145
662602,4;0,09411671
662618,9;0,09411893
662635,6;0,09412225
662652,4;0,09412225
662669,1;0,09412557
662685,4;0,09413111
662702,1;0,09413111
662718,4;0,09413221
662734,9;0,09413332
662751,5;0,09414218
662768,1;0,09414772
662784,7;0,09414772
662801,2;0,09414772
662818,2;0,09415437
662834,8;0,0941599
662850,9;0,09416101
662867,8;0,09416322
662884,1;0,09416433
662901,6;0,09416655
662917,7;0,09416655
662933,7;0,09417319
662950,3;0,09417652
662967,4;0,09417762
662983,4;0,09417762
663000,2;0,09418315
663016,8;0,09418426
663033,1;0,09418537
663050,3;0,0941887
663066,3;0,09418648
663082,8;0,09419091
663099,6;0,09419312
663115,9;0,09419534
663132,5;0,09419534
663149,1;0,09419534
663165,6;0,0942053
663182,5;0,0942053
663199,2;0,09420752
663215,4;0,09420974
663232,3;0,09421306
663248,5;0,09421306
663265,1;0,09421306
663281,6;0,0942186
663298,3;0,0942197
663315,2;0,09422192
663331,4;0,09422192
663347,9;0,09422746
663364,7;0,09422856
663381,7;0,09423299
663397,6;0,09423742
663414,3;0,09423964
663430,8;0,09423964
663447,3;0,09423964
663463,9;0,09424185
663481,1;0,09424517
663497,3;0,09425071
663513,6;0,09425182
663530,3;0,09425403
663546,8;0,09425735
663563,8;0,09425957
663580;0,09426178
663596,4;0,094264
663613;0,094264
663629,8;0,09426621
663646,1;0,09426732
663662,8;0,09426954
663679,6;0,09426843
663695,8;0,09426732
663712,9;0,09426954
663728,9;0,09426732
663745,5;0,09426732
663762,1;0,09426732
663778,6;0,09426843
663796,2;0,09426621
663811,8;0,09426621
663828,8;0,09426621
663844,9;0,09426732
663861,4;0,0942573
663878,9;0,0942573
663894,8;0,0942573
663915,1;0,09425619
663927,8;0,09424955
663944,3;0,09424955
663961,5;0,09425066
663977,4;0,09424733
663994,3;0,09424844
664011,3;0,09424512
664027,4;0,09424512
664043,7;0,09424175
664060,9;0,09424175
664076,8;0,09424175
664093,6;0,0942418
664110;0,09424401
664126,5;0,09423847
664143,1;0,09423394
664159,7;0,09423278
664176,3;0,09423056
664192,8;0,0942294
664209,4;0,09422829
664225,9;0,09422491
664242,7;0,09422264
664259,1;0,09422264
664275,9;0,09422375
664292,6;0,09422375
664308,8;0,09422375
664325,3;0,09422708
664342;0,09422929
664358,4;0,0942304
664375,1;0,0942304
664391,6;0,09423372
664408,1;0,09423482
664424,8;0,09423482
664441,3;0,09424479
664457,9;0,0942603
664474,7;0,09426251
664491;0,09426811
664507,8;0,09427475
664524,2;0,0942825
664541,6;0,09428804
664557,3;0,0942959
664573,9;0,09430033
664590,4;0,09430487
664607,5;0,09431599
664623,7;0,09432612
664640,1;0,09433404
664656,7;0,09434633
664673,2;0,09435192
664689,8;0,09436089
664706,4;0,09436089
664722,9;0,09437091
664739,5;0,09437755
664756,1;0,09438425
664773,2;0,09438979
664792;0,09439089
664805,8;0,09439754
664822,3;0,09439643
664838,9;0,09439643
664855,5;0,09440307
664872;0,0944064
664888,6;0,09440861
664905,2;0,09441753
664922,1;0,09442085
664938,6;0,09442528
664954,9;0,09442971
664972,1;0,09443308
664988;0,09443308
665004,6;0,09444194
665021,1;0,09444194
665037,8;0,09444527
665054,3;0,09444527
665071;0,09445301
665087,4;0,09446531
665104,3;0,09446979
665121,3;0,09447538
665137,1;0,09447538
665153,7;0,09448545
665170,3;0,09449105
665186,8;0,09450006
665203,9;0,09451125
665220,1;0,0945169
665236,5;0,09452692
665253,5;0,09452692
665269,6;0,09453704
665286,2;0,09454375
665302,8;0,09455039
665319,8;0,09455487
665336,4;0,09455487
665352,5;0,09457059
665369,1;0,09457392
665385,6;0,09457729
665402,3;0,0945784
665418,8;0,0945784
665435,3;0,0945862
665451,9;0,0945862
665468,8;0,09459174
665485;0,09459733
665501,6;0,09459844
665518,8;0,09460298
665534,9;0,09460852
665551,3;0,09461073
665567,8;0,09461632
665584,4;0,09461632
665601,1;0,0946197
665617,6;0,09462861
665634,4;0,09462861
665650,7;0,09463193
665667,3;0,09463193
665683,8;0,09463304
665700,4;0,09463304
665716,9;0,09463531
665733,5;0,09464195
665750,1;0,09465092
665766,7;0,094661
665783,2;0,0946678
665800;0,09467793
665816,4;0,09467793
665832,9;0,09469143
665849,5;0,09470948
665866;0,09471507
665882,6;0,09471507
665899,2;0,09472415
665915,7;0,09473095
665932,6;0,09473992
665948,9;0,09474441
665966,3;0,09474441
665982;0,09474219
665998,6;0,09474556
666015,1;0,09474894
666031,8;0,09475453
666048,3;0,09475564
666065,1;0,09475791
666082,1;0,09475674
666097,9;0,09475902
666114,6;0,09475902
666131,1;0,09476461
666147,6;0,09476682
666164,3;0,09476682
666180,8;0,09476904
666197,6;0,0947702
666213,9;0,09477352
666230,5;0,09478249
666247,1;0,09478365
666263,9;0,09478365
666280,4;0,09478481
666296,8;0,0947837
666313,4;0,09478486
666330,4;0,09478819
666346,5;0,09479167
666363,1;0,09479399
666379,6;0,09479848
666396,2;0,09479854
666412,8;0,09479859
666429,8;0,09479859
666445,9;0,09479975
666462,4;0,09480655
666479,1;0,09480429
666495,8;0,09480429
666512,1;0,09480312
666528,7;0,09480655
666545,3;0,0948066
666562,1;0,09480434
666578,5;0,09480318
666595,1;0,09479975
666611,5;0,09479415
666628,1;0,09479415
666644,6;0,09478724
666661,3;0,09478049
666678,1;0,09478049
666694,7;0,09477152
666711;0,09476925
666727,5;0,09476698
666744,1;0,09476698
666760,7;0,09476588
666777,3;0,09476366
666793,8;0,09476814
666810,3;0,09476814
666826,9;0,09476814
666843,7;0,094777
666860,1;0,09477711
666876,6;0,0947827
666893,2;0,09478381
666909,8;0,09478381
666926,6;0,09478835
666942,9;0,09478835
666959,6;0,09479284
666976,5;0,09479515
666992,7;0,0948008
667009,1;0,09481668
667025,9;0,094819
667042,3;0,0948247
667059,2;0,09483726
667075,6;0,09484175
667092;0,09484629
667108,5;0,09484745
667125,1;0,09486211
667141,7;0,09487119
667158,6;0,09487689
667174,8;0,09487916
667191,4;0,09488027
667207,9;0,09488027
667224,5;0,09489056
667241,3;0,09489166
667257,6;0,09489398
667274,3;0,09489509
667290,8;0,09490196
667307,9;0,09491457
667324;0,09491921
667340,4;0,09492596
667357,4;0,09492596
667373,6;0,09493615
667390,1;0,09494528
667406,8;0,09495319
667423,3;0,09496111
667439,9;0,09497356
667456,9;0,09497356
667473;0,09498485
667489,6;0,09499619
667506,1;0,095003
667522,9;0,09500638
667539,3;0,0950098
667555,9;0,09502004
667572,4;0,09502906
667589;0,09502906
667605,9;0,09503581
667622,4;0,09504151
667638,7;0,09505059
667655,3;0,09506299
667671,8;0,09507206
667688,4;0,09508457
667704,9;0,09509032
667721,5;0,09510388
667738,1;0,09510842
667754,6;0,09511296
667771,2;0,09511296
667787,8;0,09511296
667804,3;0,09511523
667821;0,09511744
667837,4;0,09512314
667854,9;0,09512314
667870,6;0,09512314
667887,2;0,09512878
667903,9;0,09513443
667920,6;0,09514008
667937,1;0,09514008
667953,5;0,09514124
667970,1;0,09515706
667986,6;0,09515706
668003,2;0,09517179
668020,3;0,09518645
668036,3;0,09518988
668052,9;0,09519215
668069,4;0,09519558
668086;0,09521246
668102,6;0,09522148
668119,1;0,09522951
668135,7;0,09523974
668152,4;0,09524766
668169,1;0,09525447
668185,4;0,09526243
668202,4;0,09526697
668219,1;0,09526813
668235,3;0,09527267
668258,7;0,09527499
668268,2;0,09527499
668284,8;0,09528866
668301,3;0,09530786
668317,9;0,09532021
668334,5;0,09532021
668351;0,09532691
668367,6;0,09533598
668384,1;0,09534168
668401;0,09535176
668417,3;0,09535176
668433,8;0,09535635
668451;0,09536199
668467;0,09536199
668483,6;0,09536996
668500,1;0,09538247
668516,8;0,09538363
668533,6;0,09538706
668550,7;0,09538811
668566,8;0,09539492
668582,9;0,09539492
668599,6;0,0953984
668616,1;0,09541085
668632,7;0,09541428
668649,8;0,09542104
668665,8;0,09542563
668682,4;0,095429
668699,1;0,09543017
668715,5;0,09544267
668732,5;0,09544721
668748,7;0,09544832
668765,6;0,09545401
668781,8;0,09545745
668798,3;0,09546199
668815,2;0,09546199
668831,6;0,0954643
668848;0,09547228
668864,6;0,09547228
668881,5;0,09547338
668897,7;0,09547338
668914,9;0,09547681
668930,9;0,09548251
668947,4;0,09548135
668964;0,09548245
668981,4;0,09548245
668997,1;0,09547792
669013,7;0,09547792
669030,3;0,09547444
669046,8;0,09547444
669069,1;0,0954699
669079,9;0,09546874
669096,6;0,0954653
669113,1;0,09546646
669129,7;0,0954642
669146,3;0,09545855
669163,2;0,09545623
669179,6;0,09545623
669196;0,09544832
669212,5;0,09544721
669229,1;0,09544373
669245,8;0,09544373
669262,2;0,09544373
669279,2;0,09543797
669295,4;0,0954357
669311,9;0,09543111
669328,6;0,09542774
669345,1;0,09542209
669361,6;0,09542093
669378,5;0,09542093
669395;0,09541982
669411,3;0,09541406
669427,9;0,0954061
669445;0,09540045
669461,1;0,09539819
669477,8;0,09539708
669494,1;0,0953937
669510,7;0,09539143
669527,6;0,09539143
669543,8;0,09538916
669560,4;0,09538114
669577,8;0,09535729
669593,7;0,09535159
669610,1;0,09534147
669626,6;0,09534147
669643,3;0,09533698
669659,8;0,09531561
669676,4;0,09530991
669692,9;0,095302
669709,6;0,09529974
669726,1;0,09527699
669742,8;0,09526908
669759,2;0,09526
669775,8;0,0952533
669792,4;0,0952533
669809,4;0,09525103
669825,7;0,09521943
669842,1;0,09520371
669858,8;0,09520371
669875,2;0,09518789
669892,3;0,09517433
669908,4;0,09515633
669925,4;0,09515069
669941,9;0,09513608
669958;0,09512479
669975,1;0,09512147
669991,1;0,09511012
670007,8;0,09508665
670024,3;0,09507082
670040,8;0,0950618
670057,4;0,09505732
670074,4;0,09504049
670090,6;0,09502361
670107,1;0,09502361
670124;0,09499875
670140,7;0,09498868
670156,8;0,09497972
670173,3;0,09497972
670189,9;0,09496062
670206,5;0,09492121
670223,4;0,09490106
670239,7;0,09489425
670256,3;0,09487073
670272,8;0,09486176
670289,3;0,09484494
670306;0,09482922
670322,8;0,09481355
670339,1;0,09480231
670355,9;0,09479456
670372,2;0,09478105
670388,8;0,09474982
670405,3;0,09473864
670421,9;0,09471527
670438,6;0,09471527
670455,3;0,09468958
670471,6;0,09467407
670488,2;0,09465618
670504,8;0,0946449
670521,3;0,0946393
670537,8;0,09461372
670554,4;0,09458481
670571;0,09456814
670587,8;0,09456814
670604,6;0,09455485
670621,1;0,09451164
670637,3;0,09449819
670654,4;0,09448832
670670,4;0,09448162
670686,9;0,0944372
670703,5;0,09441943
670720,1;0,09440054
670736,7;0,09438951
670753,4;0,09438282
670769,9;0,09435084
670786,8;0,09435084
670803,4;0,09433644
670822,1;0,09432857
670838,7;0,09426267
670855,5;0,09421502
670871,8;0,09420072
670888,4;0,09418859
670905,4;0,09418099
670922,1;0,09413356
670938,1;0,09411024
670954,6;0,09409039
670971,3;0,09406739
670988,3;0,09404428
671004,3;0,09402861
671021,2;0,09402861
671037,5;0,09398586
671054;0,0939561
671070,6;0,09392523
671087,2;0,09390876
671103,8;0,09390444
671120,3;0,09384486
671136,8;0,0938371
671153,6;0,09379753
671170;0,09378333
671186,7;0,09375468
671203,3;0,09373288
671219,9;0,09370212
671236,3;0,09368011
671253,1;0,09365277
671269,4;0,09365277
671285,9;0,09360775
671302,6;0,09356616
671319,6;0,09354515
671336,4;0,09351222
671352,4;0,09348815
671368,8;0,09345421
671385,4;0,09341916
671401,9;0,09340174
671418,6;0,09338529
671435,6;0,09336786
671451,7;0,09336786
671468,2;0,09334702
671484,8;0,09328901
671501,3;0,09325286
671517,9;0,09322125
671534,5;0,09320056
671551,2;0,09317987
671567,9;0,09314942
671584,9;0,09313416
671601,3;0,09311558
671617,3;0,09309606
671634,6;0,09309606
671652,8;0,09306438
671669,4;0,09303392
671686,2;0,09300997
671702,6;0,09300997
671719,2;0,09299471
671735,7;0,09295983
671752,2;0,0929402
671768,8;0,09292832
671785,4;0,09292832
671802,6;0,09288372
671818,5;0,09287169
671835;0,09285101
671851,6;0,09284113
671868,2;0,0928215
671884,7;0,09280847
671901,3;0,09280298
671918,5;0,09279317
671934,4;0,0927681
671951,2;0,09274957
671967,6;0,09274092
671984,1;0,09272778
672000,7;0,09272118
672017,3;0,09271469
672033,8;0,09271469
672050,5;0,09269062
672066,9;0,09269062
672084,3;0,09268298
672100,1;0,09267537
672117,3;0,09265353
672134,1;0,09262836
672150,1;0,09262076
672166,5;0,09261633
672183,1;0,09261633
672199,6;0,09261411
672216,1;0,09260319
672232,6;0,09260425
672249,9;0,0925966
672265,8;0,0925966
672282,4;0,09259333
672298,9;0,09259333
672315,4;0,09259111
672332,3;0,09258889
672348,6;0,09259
672365,2;0,09259428
672381,7;0,09259106
672398,3;0,09259212
672414,9;0,09259428
672431,4;0,09259534
672448;0,0925964
672464,9;0,0925964
672481,1;0,09259967
672497,7;0,09260405
672514,4;0,09260727
672530,8;0,0926117
672547,4;0,09262041
672563,9;0,09262151
672580,5;0,09262151
672597,1;0,09262151
672613,6;0,09263566
672630,3;0,09264004
672647,1;0,09264658
672663,4;0,09264658
672679,9;0,09265424
672696,5;0,09265967
672713,1;0,09266299
672729,6;0,09266299
672746,2;0,09266626
672762,8;0,09268363
672779,4;0,09269667
672796,7;0,09271182
672812,4;0,09271827
672829,1;0,09273019
672845,6;0,09273991
672862,7;0,09274429
672878,8;0,09275511
672895,3;0,09276935
672911,9;0,0927835
672928,4;0,09279105
672945;0,09280847
672961,6;0,09281722
672978,3;0,09283897
672994,7;0,09285105
673011,3;0,09285538
673028,5;0,09286525
673044,4;0,09289344
673061;0,09290109
673077,7;0,0929262
673094,1;0,09294251
673111,4;0,09295776
673127,3;0,09297846
673143,8;0,09297846
673160,3;0,09299155
673176,9;0,09301978
673193,6;0,09303831
673210,1;0,09305125
673226,9;0,09305341
673243,3;0,09310118
673259,8;0,09311099
673276,3;0,09313375
673292,9;0,09315101
673309,7;0,09317608
673326,2;0,09319018
673342,6;0,09319888
673359,1;0,09321187
673375,8;0,09321187
673392,3;0,09324323
673408,9;0,09328979
673425,5;0,0933136
673442;0,09332559
673458,8;0,09334934
673475,2;0,09336238
673491,8;0,09338181
673508,3;0,0933958
673525,1;0,09341417
673541,4;0,09342505
673558;0,09342721
673574,5;0,09346396
673591,4;0,09347362
673608;0,09349527
673624,2;0,09349527
673640,8;0,09350936
673657,4;0,09353428
673674;0,09354943
673690,5;0,09355915
673707,2;0,09356242
673723,8;0,09360263
673740,3;0,09361784
673757,1;0,09363092
673773,6;0,09364396
673789,9;0,09366677
673806,4;0,09367981
673823,1;0,09368635
673840,5;0,09370045
673856,4;0,09372898
673873;0,09375305
673889,5;0,09376609
673905,9;0,09378139
673922,6;0,09379452
673939;0,0938054
673955,6;0,09380989
673972,6;0,09383827
673988,7;0,09383827
674005,3;0,09385035
674022,1;0,09385906
674038,4;0,0938788
674055,4;0,09392269
674072;0,09393472
674088,7;0,09395546
674104,7;0,09395546
674121,2;0,09396864
674137,9;0,0939994
674154,4;0,09401038
674170,9;0,09401481
674187,5;0,09401591
674205,6;0,09403247
674220,6;0,09404456
674237,2;0,09405674
674253,8;0,09406333
674270,3;0,09407435
674287;0,09408654
674303,6;0,09408543
674320;0,09409097
674336,8;0,09410653
674353,3;0,09411428
674369,9;0,09411871
674386,3;0,09412535
674403,4;0,09413975
674419,5;0,09414418
674436,6;0,09415304
674452,9;0,09415304
674469,1;0,09417414
674485,9;0,09417856
674502,3;0,09418189
674518,8;0,09419296
674535,6;0,09419296
674551,9;0,09420293
674568,6;0,09420404
674585,1;0,09421732
674601,8;0,09422286
674618,8;0,09422286
674634,9;0,09422729
674651,4;0,09422729
674667,9;0,09423726
674684,5;0,09426162
674701,1;0,09426051
674717,6;0,09427048
674734,2;0,09428045
674750,8;0,09428709
674767,3;0,09429485
674784,1;0,09429485
674800,5;0,09429595
674817,4;0,09430592
674833,9;0,09431367
674850,2;0,09431589
674866,7;0,094317
674883,8;0,09432031
674899,8;0,09432142
674916,4;0,09432364
674933;0,09433471
674949,6;0,09433919
674966,4;0,09433809
674982,8;0,09433809
674999,3;0,09434479
675015,8;0,09435149
675032,9;0,09435149
675048,9;0,09435929
675065,6;0,09436372
675082,1;0,09436488
675098,6;0,09436599
675115,3;0,09436599
675131,8;0,09437264
675148,4;0,09437264
675165,2;0,09437595
675181,5;0,09438044
675198,2;0,09438597
675215,1;0,0943893
675231,2;0,09439157
675247,8;0,09439605
675264,3;0,09439605
675281,4;0,09439605
675297,5;0,09439605
675314,1;0,09440269
675331,1;0,09440608
675347,2;0,09440829
675363,7;0,09440829
675380,4;0,09441271
675396,9;0,09441493
675413,6;0,09441826
675430,2;0,09442047
675446,6;0,09442379
675463,8;0,0944249
675479,7;0,0944249
675496,4;0,09443154
675512,8;0,09443265
675529,4;0,09443597
675545,9;0,09443597
675562,5;0,09443486
675579,1;0,09443708
675595,6;0,0944393
675612,3;0,0944393
675628,8;0,0944404
675645,5;0,09444483
675661,9;0,09444483
675678,5;0,09444594
675695,1;0,09444594
675711,7;0,09444483
675728,2;0,0944404
675744,8;0,0944404
675761,4;0,0944404
675777,9;0,0944393
675794,4;0,09443597
675811,1;0,09443597
675827,6;0,09443486
675844,4;0,09443375
675860,7;0,09442933
675877,7;0,09442706
675893,9;0,09442595
675910,4;0,09442595
675927;0,09442706
675943,6;0,09442928
675960,8;0,09442595
675976,7;0,09442484
675993,3;0,09442484
676009,8;0,09442374
676026,4;0,09442042
676043;0,09441931
676059,5;0,0944182
676076,1;0,0944182
676092,6;0,0944171
676109,6;0,0944171
676126,1;0,09441599
676142,4;0,09441377
676158,9;0,09441045
676175,7;0,09440602
676192,1;0,0944038
676208,8;0,09439827
676225,3;0,09439827
676242,6;0,09439273
676258,4;0,0943883
676274,9;0,09438387
676291,4;0,09437944
676308,1;0,09437501
676324,6;0,0943739
676341,2;0,09436383
676358,1;0,09435607
676374,3;0,09435275
676390,9;0,094345
676407,4;0,09434168
676424;0,09433836
676440,6;0,09433725
676457,1;0,09433055
676473,8;0,09432723
676490,4;0,09432169
676506,8;0,09432169
676523,9;0,09431948
676540;0,09431948
676556,5;0,09431948
676573,1;0,09431837
676589,9;0,09431837
676606,3;0,09431726
676623,1;0,09431062
676639,3;0,09430951
676656,1;0,09430841
676672,5;0,09430508
676689,4;0,09430176
676705,9;0,09430176
676722,3;0,09429955
676739,4;0,09429733
676755,7;0,09430065
676771,9;0,09430065
676788,4;0,09430176
676805,4;0,09430065
676821,6;0,09430287
676838,2;0,09430508
676854,8;0,09430619
676871,3;0,09430841
676887,9;0,09431173
676904,4;0,09431504
676921;0,09431504
676937,6;0,09431173
676954,6;0,09431173
676970,8;0,09431167
676987,3;0,09430497
677003,9;0,09429944
677020,4;0,09429717
677037;0,09429158
677053,5;0,09429047
677070,2;0,09428493
677086,7;0,09428377
677103,2;0,09428155
677120,2;0,09427491
677136,4;0,09427159
677152,9;0,09426937
677169,6;0,09427048
677186,1;0,09427048
677202,6;0,09426716
677219,4;0,09426267
677236,5;0,09425825
677252,6;0,09424379
677269,3;0,09423821
677285,4;0,0942371
677302;0,09423488
677318,6;0,09423156
677335,1;0,09422486
677351,9;0,09421933
677368,3;0,09421933
677384,9;0,09421933
677401,8;0,09421047
677418;0,09420493
677434,6;0,09420382
677451,8;0,0942005
677467,7;0,0942005
677484,3;0,09419718
677501,1;0,09419496
677518;0,09419496
677534;0,09419496
677550,6;0,09419496
677567,1;0,09419718
677583,7;0,09419939
677600,3;0,0942016
677616,8;0,0942016
677633,4;0,0942016
677649,9;0,09420271
677666,5;0,09420382
677683,1;0,09420493
677699,6;0,09420382
677716,2;0,09420382
677732,8;0,09420825
677749,3;0,09420825
677766,1;0,09420604
677783;0,09420825
677799;0,09420825
677816;0,09420825
677832,3;0,09420936
677848,8;0,09420936
677865,3;0,09420936
677882,1;0,09421268
677898,4;0,09421157
677915,3;0,09421157
677932,2;0,09420825
677948,1;0,09420825
677964,8;0,09420487
677981,3;0,09420266
677998,5;0,09419934
678014,4;0,09419823
678031,1;0,09419934
678047,6;0,09419269
678064,1;0,09419158
678080,8;0,09419048
678097,3;0,09418937
678113,8;0,09418937
678130,4;0,09418937
678146,9;0,09418937
678163,5;0,09419048
678180,1;0,09419158
678197,4;0,09419158
678213,2;0,09419269
678229,8;0,0941938
678246,6;0,09419601
678263,3;0,09419601
678279,5;0,09419601
678296,1;0,09419934
678312,6;0,09420266
678329,2;0,09420155
678345,9;0,09420155
678362,3;0,09420266
678378,9;0,09420376
678395,6;0,09420598
678412,1;0,09420709
678428,7;0,09420709
678445,8;0,09420487
678461,8;0,09420487
678478,3;0,09420487
678495,1;0,09420598
678511,4;0,09420487
678533,6;0,09420155
678550,1;0,09418827
678566,7;0,09418162
678583,3;0,09417608
678600,3;0,09417276
678616,6;0,09417054
678633;0,09417054
678649,7;0,0941639
678666,1;0,0941639
678683,4;0,09416058
678699,3;0,09415836
678716;0,09415393
678732,4;0,09415282
678748,9;0,09415061
678765,6;0,09414729
678782,2;0,09414618
678798,8;0,09414618
678815,3;0,09414396
678831,8;0,09414396
678848,4;0,09414175
678864,9;0,09413954
678881,5;0,09413843
678898;0,09413622
678914,7;0,09413622
678931,5;0,09413289
678948;0,09413178
678964,3;0,09413289
678980,9;0,09413289
678997,8;0,09413627
679014,1;0,09413848
679030,6;0,09413848
679047,1;0,09413848
679063,8;0,09414069
679080,4;0,09414069
679096,9;0,09414069
679113,7;0,09414291
679129,9;0,09414291
679147,1;0,09414513
679163,2;0,09415177
679179,8;0,09415293
679196,5;0,09415515
679212,8;0,09415736
679229,4;0,09415736
679246;0,0941629
679262,5;0,09416628
679279,1;0,09416628
679295,9;0,09416517
679312,2;0,09416959
679329,1;0,09416959
679347,9;0,0941707
679364,7;0,0941707
679381,1;0,0941707
679397,6;0,0941707
679414,8;0,09417624
679430,8;0,09417624
679447,3;0,09417735
679463,9;0,09417735
679481,1;0,09418067
679497;0,09418067
679513,8;0,09418067
679530,1;0,09417624
679547,3;0,09417624
679563,3;0,09417403
679579,8;0,09417292
679597,1;0,09417181
679613;0,09416849
679629,9;0,09416628
679646,1;0,09416517
679662,8;0,09416296
679679,2;0,09416406
679696,4;0,09415963
679712,4;0,09415852
679728,9;0,09415963
679745,6;0,09415963
679762,2;0,09415631
679779,3;0,0941541
679795,6;0,09415299
679811,8;0,0941552
679828,4;0,09415299
679844,9;0,09415299
679861,8;0,09414634
679878,1;0,09414302
679894,8;0,09414192
679911,4;0,09414192
679927,8;0,09414081
679944,8;0,09413527
679960,9;0,09413527
679977,6;0,09413195
679994;0,09413416
680010,9;0,09413306
680027,1;0,09412862
680043,8;0,09412862
680060,3;0,0941253
680076,8;0,09412419
680093,4;0,09412198
680110,3;0,09411976
680127,1;0,09411865
680143,1;0,09411312
680159,7;0,09411312
680176,2;0,0941098
680192,8;0,0941098
680209,4;0,09410758
680226;0,09410537
680243,3;0,09410426
680259,4;0,09410426
680275,7;0,09410426
680293;0,09410094
680308,8;0,09409761
680325,9;0,09409429
680342,4;0,09409429
680358,5;0,09409208
680375,1;0,09409319
680391,7;0,09409429
680408,2;0,09409429
680424,8;0,09409319
680441,4;0,09409097
680458;0,09409319
680475,3;0,09409097
680491,2;0,09409208
680507,6;0,09409319
680524,2;0,09409429
680540,8;0,09409761
680557,4;0,09409983
680574,7;0,09410094
680590,6;0,09410537
680607,1;0,09410869
680624;0,09410869
680640,9;0,09411201
680656,8;0,09411533
680673,4;0,09411865
680690,2;0,09412198
680706,6;0,0941253
680723,1;0,09412751
680739,6;0,09412751
680756,1;0,09412751
680773;0,09413084
680789,3;0,09412862
680806;0,09412973
680822,4;0,09412973
680838,9;0,09412751
680855,5;0,09412973
680872,1;0,09413195
680888,6;0,09412973
680905,5;0,09412862
680922,6;0,09412751
680938,5;0,09413084
680954,9;0,09413084
680971,5;0,09412973
680988,1;0,09412635
681004,9;0,09412414
681021,3;0,09412304
681037,8;0,09412414
681054,6;0,09412414
681075,7;0,09412193
681092,3;0,09412414
681108,9;0,09412414
681125,4;0,09411971
681142,1;0,09411971
681158,6;0,09411523
681175,1;0,09411523
681191,6;0,09411744
681208,4;0,09410858
681225,3;0,09410747
681241,6;0,09410747
681258,3;0,09409856
681274,6;0,09409745
681291,3;0,09409191
681307,7;0,09409191
681324,3;0,09408859
681340,9;0,09408417
681357,4;0,09407973
681373,9;0,09407641
681390,6;0,09407531
681407,1;0,09406866
681423,6;0,09406866
681440,8;0,09406207
681457,1;0,09405763
681473,3;0,09405431
681489,9;0,09405321
681506,6;0,09404656
681523,5;0,09404545
681539,9;0,09404324
681556,3;0,09404324
681572,8;0,0940377
681589,3;0,09403659
681605,9;0,09403549
681622,4;0,09403106
681639;0,09402995
681655,5;0,09402885
681672,1;0,09402774
681689,2;0,09402774
681705,3;0,09402663
681721,8;0,09402331
681738,4;0,09402109
681754,9;0,09402109
681771,9;0,09401999
681788,4;0,09401888
681805,1;0,09401223
681821,3;0,09400227
681837,8;0,09400005
681854,4;0,09399895
681871,3;0,09399895
681892,6;0,09399784
681904,1;0,09399119
681920,6;0,09399119
681937,2;0,09398787
681953,9;0,09398787
681970,3;0,09398454
681986,9;0,09397906
682003,8;0,09397352
682020,3;0,09397241
682036,6;0,09396909
682053,2;0,09396799
682070,1;0,09396577
682086,3;0,09396467
682102,9;0,09396134
682119,4;0,09395913
682136;0,09395691
682153;0,09395581
682169,1;0,0939547
682186,5;0,09395691
682202,3;0,09395581
682219,6;0,0939547
682235,4;0,09395691
682251,9;0,09395691
682268,6;0,09395802
682286;0,09395913
682302,4;0,09395913
682318,3;0,09396245
682334,8;0,09396467
682351,3;0,09396799
682368;0,09397574
682384,4;0,09398127
682401,1;0,09398349
682417,6;0,09398903
682434,2;0,09399235
682450,9;0,09399567
682467,7;0,09399567
682484,1;0,0940001
682500,4;0,0940001
682517;0,09400564
682533,6;0,09400896
682550,2;0,09401117
682566,7;0,0940145
682583,5;0,09401339
682600,2;0,09401561
682616,4;0,09401782
682633;0,09401893
682650,1;0,09402003
682666,4;0,09402003
682682,7;0,09401782
682699,3;0,09401672
682715,8;0,09401672
682732,4;0,09402003
682749,2;0,09401782
682765,5;0,09401782
682782,1;0,09401782
682798,9;0,09401893
682815,2;0,09401782
682831,8;0,09402003
682848,3;0,09402225
682865,1;0,09402003
682881,7;0,09402225
682898,1;0,09402335
682914,6;0,09402225
682931,1;0,09402335
682947,8;0,09402225
682964,3;0,09402003
682981;0,09402114
682997,6;0,09401782
683014,1;0,09401782
683030,6;0,09401561
683047,1;0,09400675
683064,2;0,09400342
683080,5;0,09399346
683097,1;0,09399346
683113,4;0,0939846
683130;0,09397906
683146,6;0,09397574
683163,5;0,09397131
683179,7;0,0939702
683196,3;0,09396577
683212,8;0,09396245
683229,4;0,09395913
683246,1;0,09396023
683262,8;0,09395691
683279,1;0,09395581
683295,6;0,09395802
683312,2;0,09395581
683328,8;0,09395691
683345,3;0,09395691
683361,9;0,09395691
683378,5;0,09395802
683395;0,09395802
683411,8;0,09395691
683428,3;0,09395691
683444,8;0,09395797
683461,3;0,09395908
683477,9;0,09395908
683494,4;0,0939624
683511;0,0939635
683527,6;0,0939635
683544,1;0,0939635
683561,3;0,0939635
683577,3;0,0939635
683593,9;0,0939635
683610,8;0,09396461
683629,4;0,09396461
683646;0,09396461
683662,8;0,09396356
683679,1;0,09396467
683695,7;0,09396467
683712,3;0,09396467
683728,8;0,09396356
683745,8;0,09396467
683761,9;0,09396245
683778,5;0,09396245
683795,1;0,09396245
683811,8;0,09396688
683828,3;0,09396688
683845,3;0,09396799
683861,3;0,09396688
683877,9;0,09396799
683894,5;0,09396688
683911,3;0,09396688
683927,7;0,09396799
683944,8;0,09396688
683960,8;0,09396909
683977,3;0,0939702
683993,9;0,09397236
684010,4;0,09397347
684027,1;0,09397458
684043,6;0,0939768
684060,1;0,0939768
684076,8;0,09397569
684093,3;0,0939768
684110;0,0939768
684126,4;0,09397901
684143,1;0,09397791
684159,6;0,09397901
684176,1;0,09397901
684193;0,09397791
684209,3;0,09397458
684225,8;0,09397458
684242,4;0,09397347
684259,1;0,09397347
684275,5;0,09396904
684292,1;0,09395797
684308,6;0,093948
684325,2;0,09394468
684341,8;0,09393804
684358,3;0,09393471
684374,9;0,09393471
684391,5;0,09392586
684408,1;0,09392586
684424,6;0,0939181
684441,2;0,09391145
684464,6;0,09390592
684474,3;0,09389817
684491,3;0,09389706
684507,4;0,09389374
684524,1;0,09389152
684540,6;0,09389041
684557,1;0,09387602
684573,8;0,09387048
684590,3;0,09386827
684607;0,09386273
684623,4;0,09385941
684639,9;0,09385498
684656,6;0,09385166
684673,1;0,09384833
684689,7;0,0938428
684706,3;0,0938428
684722,8;0,09384058
684739,6;0,09383505
684756,2;0,09383173
684773,1;0,09383062
684789,1;0,09382729
684805,7;0,09382397
684822,2;0,09382287
684838,8;0,09382287
684855,4;0,09382176
684872,3;0,09382176
684888,8;0,09382065
684905;0,09382176
684922;0,09381511
684938,6;0,09381511
684954,7;0,09381511
684971,3;0,09381511
684987,9;0,09382065
685004,4;0,09382176
685021,3;0,09382729
685037,8;0,09383615
685055,1;0,0938428
685071,1;0,09384944
685087,3;0,09385166
685103,8;0,09386051
685120,4;0,09387048
685136,9;0,0938727
685153,6;0,09388161
685170,1;0,09388831
685187,1;0,09389827
685203,3;0,09389827
685219,8;0,09390381
685236,8;0,09390824
685252,9;0,09391157
685269,5;0,09392153
685286,1;0,09392707
685303,1;0,09392817
685319,2;0,0939315
685336,4;0,09393261
685352,4;0,09393925
685369,2;0,09394258
685385,5;0,09394368
685402,1;0,09394479
685418,6;0,09394922
685435,2;0,09395254
685451,8;0,09395476
685468,9;0,09395476
685485,4;0,0939614
685501,4;0,0939614
685518,3;0,0939614
685534,6;0,0939614
685551,3;0,09396029
685567,7;0,09396804
685584,3;0,09397247
685600,8;0,0939758
685617,8;0,09397801
685634;0,09397801
685651,1;0,09398244
685667,4;0,09398244
685683,6;0,09398571
685700,3;0,09398904
685716,8;0,09399236
685733,4;0,093999
685749,9;0,093999
685766,6;0,09400232
685783,1;0,09400897
685799,8;0,09400786
685816,3;0,09401229
685832,8;0,09401229
685849,4;0,09402004
685865,9;0,09402004
685882,6;0,09402447
685899,6;0,09402447
685915,6;0,09402779
685932,3;0,09402891
685948,8;0,09403001
685965,3;0,09403112
685982,4;0,09403333
685999,1;0,09403222
686015,1;0,09403554
686031,6;0,09403554
686048,2;0,09403665
686064,9;0,09403998
686081,3;0,09404219
686097,9;0,0940444
686114,4;0,09404773
686131;0,09404773
686147,5;0,09404773
686164,1;0,09404773
686180,7;0,09404773
686197,4;0,09405327
686215,2;0,09405769
686231,8;0,09406102
686248,4;0,09406545
686264,9;0,09406988
686282,1;0,09406988
686298,4;0,09407209
686314,9;0,09407652
686331,2;0,09407652
686347,7;0,09407762
686364,3;0,09407873
686380,9;0,09407984
686397,5;0,09408206
686414;0,09408538
686430,6;0,09409203
686447,1;0,09409203
686463,7;0,09409424
686480,3;0,09410421
686497;0,09410531
686513,6;0,09410863
686529,9;0,09410863
686546,6;0,09411528
686563,1;0,09412193
686579,8;0,09412967
686596,4;0,09413078
686613;0,09413078
686629,7;0,09414075
686645,9;0,09414297
686662,6;0,09414961
686679,3;0,09414961
686695,6;0,09415404
686712,3;0,09415847
686728,8;0,09415847
686745,4;0,09416512
686762,3;0,09416622
686778,7;0,09416622
686795,4;0,09416733
686811,6;0,09416733
686828,9;0,09416512
686845,1;0,09416401
686861,4;0,09416401
686877,9;0,0941629
686894,5;0,09416179
686911,2;0,09415626
686927,6;0,09415626
686944,1;0,09415515
686960,7;0,09415182
686977,3;0,0941485
686994,1;0,09414629
687010,4;0,09414629
687027;0,09414186
687044,1;0,09413743
687060,1;0,09413189
687076,7;0,09412414
687093,3;0,09412304
687109,8;0,0941186
687126,3;0,09411196
687142,9;0,09411196
687159,5;0,09410194
687176,1;0,09409856
687192,6;0,09409302
687209,3;0,09408859
687225,8;0,09408527
687242,5;0,09408417
687258,9;0,09408306
687275,5;0,09407973
687292,1;0,09407198
687308,6;0,09407198
687325,2;0,09406866
687342,2;0,09406534
687358,4;0,09406313
687375,3;0,0940598
687392,1;0,0940598
687408,1;0,09405648
687424,6;0,09405648
687441,2;0,09405648
687457,9;0,09405648
687474,6;0,09404983
687491,3;0,09404651
687507,4;0,09404762
687524;0,09404872
687541;0,09404319
687557,9;0,09404319
687574;0,09404319
687590,8;0,09404319
687606,8;0,09404097
687623,6;0,09403654
687640,1;0,09403544
687656,5;0,09403433
687673,5;0,09403101
687689,6;0,09403101
687706,5;0,09403101
687722,8;0,09403101
687739,5;0,09402768
687756,3;0,09402768
687772,4;0,09402768
687789,3;0,09402768
687805,6;0,0940299
687822,4;0,09402879
687839,7;0,0940299
687855,3;0,09403101
687871,9;0,09403212
687888,6;0,09403433
687905;0,09403654
687921,6;0,09403654
687938,1;0,09403986
687954,7;0,09403986
687971,3;0,09404541
687987,9;0,09404541
688004,4;0,09404651
688021;0,09404651
688037,6;0,09404762
688054,1;0,09404872
688070,7;0,09404872
688087,3;0,09404983
688103,8;0,09404983
688120,5;0,09404983
688136,9;0,09404872
688153,5;0,09404762
688170,1;0,09404651
688186,6;0,09405094
688203,2;0,09405316
688219,9;0,09405316
688236,3;0,09405759
688252,9;0,09406645
688269,5;0,09406977
688286;0,09407641
688302,6;0,09407973
688319,1;0,09408195
688335,8;0,09408527
688352,3;0,09409635
688369,8;0,09409635
688385,4;0,09409856
688402,1;0,09409856
688418,6;0,09409856
688435,1;0,09409745
688452,3;0,09409745
688468,3;0,09409635
688484,9;0,09409413
688501,4;0,0940897
688518,1;0,09408749
688534,6;0,09408527
688551,1;0,09408195
688567,7;0,09407531
688584,3;0,0940742
688600,9;0,09407087
688617,4;0,09406866
688634,2;0,09406645
688650,8;0,09406091
688667,4;0,09405427
688684;0,09405094
688700,2;0,09404872
688716,8;0,09404762
688733,4;0,09404762
688749,9;0,09404762
688767,2;0,09404651
688783;0,09404872
688800;0,09405094
688816,2;0,09405316
688832,8;0,09405316
688849,5;0,09405648
688866,2;0,09405648
688882,4;0,09406313
688899;0,09406866
688915,6;0,09407531
688932,6;0,09407531
688949,1;0,09408195
688965,3;0,09408749
688982,3;0,09409191
688998,4;0,09409413
689015,5;0,09409413
689031,6;0,09410299
689048,2;0,09410299
689064,7;0,09411079
689081,3;0,09411301
689097,9;0,09411523
689114,4;0,09411965
689131,1;0,0941252
689147,5;0,09412741
689164,1;0,09412741
689180,7;0,09413738
689197,5;0,09414402
689213,8;0,09415066
689231,1;0,09415177
689247,2;0,09415288
689263,5;0,0941562
689280;0,09415731
689296,6;0,09416174
689313,8;0,09416284
689329,7;0,09417176
689346,3;0,09417176
689363,3;0,09417619
689379,4;0,09418289
689396,1;0,0941985
689412,6;0,09420968
689429,1;0,0942176
689445,8;0,09422202
689462,3;0,09422877
689478,8;0,09423321
689495,4;0,0942522
689512,2;0,0942657
689528,6;0,09427567
689545,1;0,09427788
689561,7;0,09428231
689578,3;0,09429228
689594,8;0,09430224
689611,4;0,09430335
689627,9;0,09431
689644,6;0,09431
689661,3;0,09432002
689677,9;0,09432556
689694,4;0,09432777
689711,3;0,09432777
689727,6;0,09432888
689743,9;0,09433109
689760,5;0,09433442
689777,1;0,09433552
689793,6;0,09433442
689810,9;0,09433442
689827,2;0,09433663
689843,3;0,09433774
689859,9;0,09433663
689876,9;0,09433552
689893;0,09433552
689909,6;0,09433331
689926,5;0,09433109
689942,8;0,09433109
689959,3;0,0943322
689975,9;0,09432998
689992,4;0,09432888
690009,6;0,09432888
690025,6;0,09433109
690042,2;0,09433109
690058,7;0,09433331
690075,3;0,09433442
690092,1;0,09433774
690108,6;0,09434216
690125,1;0,09434992
690141,7;0,09435772
690158,1;0,09436332
690174,9;0,09436332
690191,3;0,09436996
690207,8;0,09437107
690224,4;0,09437107
690241,2;0,0943745
690257,4;0,09437228
690274,3;0,09437228
690290,6;0,09437228
690307,2;0,09437118
690323,8;0,09437007
690340,3;0,09436564
690357,3;0,09436453
690373,4;0,09436453
690390;0,09436785
690406,8;0,09436896
690423,4;0,09437339
690439,8;0,0943745
690456,3;0,09437339
690473;0,09437893
690489,6;0,09437893
690506,6;0,09438225
690522,7;0,09439
690539,6;0,09439443
690556;0,09439886
690572,4;0,09439886
690589;0,09440329
690605,6;0,0944055
690622,1;0,0944055
690638,8;0,09440883
690655,3;0,09440883
690671,8;0,09441437
690688,4;0,09442101
690705,2;0,09442101
690721,9;0,0944343
690738,3;0,0944343
690754,6;0,09443541
690771,6;0,09443873
690787,8;0,09443983
690804,4;0,09443983
690821,6;0,09443983
690837,5;0,09443983
690854,1;0,09443651
690871,1;0,09443873
690887,2;0,09443873
690903,8;0,09443873
690920,4;0,09443651
690936,9;0,09443209
690953,5;0,09442987
690970,8;0,09442987
690986,6;0,09442876
691003,2;0,09442876
691020,1;0,09442765
691036,3;0,09442987
691052,9;0,09443209
691069,4;0,09442871
691086;0,0944276
691102,6;0,09442871
691119,5;0,09443203
691135,7;0,09442981
691152,3;0,09443092
691168,9;0,0944276
691186,1;0,09442871
691202,6;0,09442871
691219,3;0,09442871
691235,1;0,09443203
691251,6;0,09443203
691268,3;0,09443203
691284,8;0,09443092
691301,4;0,09443092
691318;0,09443092
691334,5;0,09442865
691351,1;0,09442195
691367,6;0,09441858
691384,2;0,09441293
691401,2;0,09440956
691417,4;0,09440613
691433,9;0,094396
691450,8;0,09439378
691467,3;0,09438924
691483,6;0,09438924
691500,2;0,09438355
691516,8;0,09437568
691533,3;0,09437347
691550,1;0,09437347
691566,4;0,09436683
691583;0,0943635
691599,6;0,09436572
691616,1;0,0943635
691632,7;0,09436234
691649,3;0,09436013
691665,8;0,09436234
691682,7;0,09436234
691699,8;0,09437131
691716,1;0,09437131
691732,1;0,09438476
691748,7;0,09439262
691765,3;0,09439822
691781,9;0,09441283
691798,3;0,09441509
691815,1;0,09443314
691831,5;0,09444553
691848,1;0,09445228
691865,4;0,0944669
691881,3;0,09446917
691897,8;0,0944804
691914,3;0,0944804
691930,9;0,0944871
691947,6;0,09449612
691964,1;0,09451406
691980,6;0,09453537
691997,2;0,09454893
692013,8;0,09455685
692030,3;0,09456243
692046,9;0,09457029
692063,4;0,09458823
692080;0,09460068
692096,8;0,09460522
692113,2;0,09461424
692129,8;0,09462221
692146,3;0,09462564
692162,8;0,09462901
692180,3;0,09463809
692196,2;0,09464379
692212,5;0,0946506
692229,1;0,09465735
692245,7;0,09466072
692262,4;0,09466642
692278,8;0,09466642
692295,4;0,09467534
692311,9;0,09467755
692328,8;0,0946843
692345,6;0,09468763
692361,8;0,09469216
692378,3;0,09469444
692394,8;0,09469444
692411,7;0,09470446
692427,9;0,09470667
692444,4;0,09470888
692461,2;0,09471332
692478,1;0,09471332
692494,1;0,0947189
692510,8;0,09472223
692527,3;0,09472671
692543,9;0,09472671
692561,2;0,09472892
692577,1;0,09472892
692593,9;0,09472776
692610,6;0,09473446
692626,7;0,09473889
692643,7;0,09474
692660,1;0,09474333
692676,4;0,09474333
692693;0,09474443
692709,6;0,09474554
692726,1;0,09474554
692742,7;0,09474775
692759,2;0,0947478
692776,1;0,09475113
692792,6;0,09475113
692808,9;0,09475113
692826;0,09475113
692842,1;0,09475666
692858,6;0,09475888
692875,2;0,09475888
692891,9;0,09476221
692908,4;0,0947611
692924,9;0,09476663
692941,4;0,09477001
692958,3;0,09477001
692974,6;0,09477223
692991,1;0,09477333
693008,5;0,09477665
693024,3;0,09477665
693040,9;0,0947767
693057,4;0,0947767
693074,4;0,0947767
693091,4;0,09478451
693107,1;0,0947834
693123,7;0,09478451
693140,3;0,09478451
693156,9;0,09478562
693173,4;0,09478784
693190,1;0,09478784
693206,6;0,09478673
693223,1;0,09478673
693239,8;0,09478789
693256,3;0,09478789
693272,8;0,09479342
693289,4;0,09479232
693306;0,09479681
693322,6;0,09479791
693339,1;0,0947957
693355,6;0,0947957
693372,2;0,09479237
693388,8;0,09479459
693405,3;0,09479459
693422;0,09479459
693438,5;0,09479796
693455;0,09479907
693471,6;0,09479796
693488,2;0,09480128
693504,8;0,09480128
693521,3;0,09480572
693537,9;0,09480909
693554,6;0,09481131
693571;0,09481131
693587,6;0,09481242
693604,1;0,09481131
693621,5;0,09481468
693637,3;0,09481358
693654,9;0,09481468
693670,8;0,09481584
693687,1;0,09481474
693703,6;0,0948102
693720,2;0,09480904
693736,7;0,09480904
693753,3;0,09479437
693770,1;0,09478873
693786,4;0,09478308
693802,9;0,09477633
693819,5;0,09477633
693836,1;0,0947729
693852,7;0,0947729
693869,2;0,09476493
693885,9;0,09474008
693903;0,09472758
693918,9;0,09472304
693936,8;0,09471961
693952,4;0,09471285
693968,8;0,09470721
693985,2;0,09470721
694001,7;0,09469017
694018,3;0,09468447
694034,9;0,09467434
694051,4;0,09467434
694068,6;0,09467096
694084,6;0,09465292
694101,1;0,09464838
694118;0,09463709
694134,3;0,09463139
694150,8;0,0946201
694167,6;0,0946201
694183,9;0,0946201
694201,1;0,09460317
694217,1;0,0945963
694233,6;0,09459182
694250,8;0,0945838
694266,8;0,09458048
694283,4;0,09457937
694300,4;0,09457599
694316,5;0,09457599
694333,1;0,09457262
694349,6;0,09456813
694366,3;0,09456813
694382,8;0,09456349
694399,4;0,09455906
694415,9;0,09455795
694432,5;0,09455463
694449,4;0,09455579
694465,6;0,09455579
694482,2;0,09455469
694499;0,09455469
694515,3;0,09455241
694531,9;0,09454571
694548,4;0,09454461
694565;0,09454466
694581,6;0,09454466
694598,1;0,09454134
694614,7;0,09454134
694631,3;0,09453913
694647,9;0,09453802
694664,4;0,09453802
694681,1;0,09453691
694697,5;0,09453581
694714,1;0,0945347
694730,6;0,09453581
694747,3;0,09453807
694763,8;0,0945347
694780,4;0,09453248
694797,2;0,09452916
694813,9;0,09453137
694830,1;0,09453137
694846,6;0,09453137
694863,3;0,09452473
694880,3;0,0945203
694896,4;0,09451809
694912,9;0,09451587
694929,4;0,09451254
694946,1;0,09450807
694962,6;0,09450585
694979,6;0,09450585
694996,2;0,09450031
695012,3;0,09449694
695029,6;0,09449583
695045,4;0,09449472
695062;0,09448919
695078,6;0,0944858
695095,1;0,0944858
695111,7;0,09448359
695128,4;0,09448027
695144,8;0,09448027
695161,9;0,09447695
695178,6;0,0944703
695194,6;0,09446587
695211,1;0,09445918
695227,8;0,09445696
695244,3;0,09445474
695261;0,09444699
695277,6;0,09444699
695293,9;0,09444035
695310,5;0,09443481
695327,1;0,09443481
695343,6;0,09442479
695360,4;0,09442147
695376,8;0,09442147
695393,4;0,09442147
695409,9;0,09441704
695426,4;0,09440929
695443,4;0,0944037
695459,6;0,09439816
695476,2;0,09439373
695492,8;0,09438708
695509,6;0,09438044
695526,7;0,09437601
695542,4;0,09437042
695559,4;0,09436599
695575,8;0,09436156
695592,5;0,09435602
695608,7;0,09435159
695625,3;0,09435043
695641,9;0,09434711
695658,4;0,09434047
695675;0,09433603
695692,1;0,09432933
695708,1;0,0943238
695724,7;0,09432159
695741,3;0,09432159
695758,1;0,09431715
695774,4;0,09431494
695790,9;0,09431494
695807,5;0,09430497
695824,1;0,09429717
695840,6;0,09429606
695857,4;0,0942872
695873,8;0,09428499
695890,3;0,09428277
695906,9;0,09428056
695923,4;0,09426395
695940,1;0,09426063
695957;0,09425177
695973,1;0,0942418
695989,8;0,09423626
696006,4;0,09422962
696022,9;0,09422186
696039,4;0,09421854
696056;0,09421854
696072,6;0,09420072
696089,3;0,09419186
696105,7;0,09418853
696122,3;0,09417856
696138,9;0,09417414
696155,4;0,09417414
696172,6;0,09416196
696188,6;0,09414529
696205,1;0,09413864
696221,7;0,09412646
696238,3;0,09411871
696254,8;0,09410764
696271,4;0,09409661
696287,9;0,09408775
696304,6;0,09408221
696321,3;0,09407557
696337,6;0,09405679
696354,2;0,09405236
696370,9;0,09403908
696387,3;0,09403908
696403,9;0,09403354
696420,5;0,09402911
696437;0,09402473
696453,9;0,09400374
696471;0,09398934
696486,8;0,09397832
696503,3;0,0939761
696519,9;0,0939684
696536,4;0,09395405
696553,1;0,09394192
696569,8;0,09392978
696586,3;0,09392978
696602,9;0,09390663
696619,3;0,0939022
696635,9;0,09389228
696652,4;0,09388896
696668,9;0,09387789
696685,6;0,09386148
696702,3;0,09384829
696718,7;0,09384054
696735,4;0,09382503
696751,8;0,09381073
696768,6;0,09380414
696784,9;0,09380414
696801,5;0,0937909
696818,1;0,09377544
696834,9;0,09376775
696851,8;0,0937622
696867,8;0,0937622
696884,3;0,09375013
696900,9;0,09374459
696917,5;0,0937314
696934;0,09372375
696950,6;0,09371172
696967,2;0,09370397
696983,8;0,09370397
697000,3;0,09368861
697017,2;0,09367981
697033,6;0,09367981
697050,1;0,09367437
697066,6;0,09366445
697083,1;0,09364135
697099,7;0,09363803
697116,5;0,09363803
697132,8;0,0936259
697149,4;0,0936259
697165,9;0,09360833
697182,6;0,09359524
697199,3;0,09358643
697215,6;0,09357984
697232,4;0,09356886
697248,8;0,09356342
697265,4;0,0935601
697281,9;0,09355573
697298,8;0,09354364
697315,3;0,09354364
697332,1;0,09353272
697348,2;0,09352386
697365,2;0,09351727
697381,4;0,09350408
697397,9;0,09349854
697414,5;0,09349089
697431;0,09348651
697447,6;0,09347886
697464,7;0,09347121
697481,4;0,09346683
697497,4;0,0934624
697514,7;0,09345691
697530,4;0,09344815
697547;0,09344815
697563,6;0,09343386
697580,1;0,09342732
697596,9;0,09342293
697613,8;0,09341413
697630,4;0,09341413
697646,4;0,09339439
697662,9;0,09339439
697679,5;0,09338891
697696,1;0,09338674
697712,6;0,0933802
697729,7;0,09336036
697745,9;0,09335598
697762,4;0,09335377
697779;0,09334496
697795,6;0,09333837
697812,1;0,0933285
697828,6;0,0933285
697845,2;0,09331531
697861,8;0,09331199
697878,4;0,09330539
697895;0,09329774
697911,5;0,09329337
697928,3;0,09328682
697944,6;0,09328687
697961,2;0,09328149
697977,8;0,09327706
697994,3;0,09327378
698011,1;0,09327162
698027,5;0,09327162
698044;0,09326508
698060,6;0,09326286
698077,4;0,09326286
698093,7;0,09325622
698110,8;0,093254
698126,9;0,093254
698143,6;0,09325184
698160;0,09325184
698176,5;0,09325184
698193,1;0,09325073
698209,6;0,09325078
698226,3;0,09325083
698242,8;0,09325083
698259,7;0,09325294
698276,4;0,09325626
698292,9;0,09325849
698309,1;0,09325849
698326;0,09325959
698342,3;0,09326291
698358,8;0,09326618
698375,3;0,09326618
698391,9;0,09326729
698408,4;0,09326724
698425,3;0,09327056
698442,2;0,09327162
698458,3;0,09327378
698474,8;0,09327821
698491,3;0,09328149
698507,9;0,09328149
698524,4;0,09328365
698541;0,09329246
698557,6;0,093299
698574,2;0,09330227
698590,7;0,09330227
698607,3;0,09331214
698623,8;0,09331325
698640,4;0,09331652
698657,3;0,09332316
698673,5;0,0933286
698690,1;0,09333731
698706,7;0,09334064
698723,2;0,09334501
698739,9;0,09335483
698756,4;0,09335483
698773,5;0,09336585
698789,9;0,09337245
698806,1;0,09337793
698822,6;0,09338015
698839,2;0,09338458
698856,5;0,09338896
698872,3;0,09339555
698888,9;0,09339993
698905,4;0,09340648
698922,2;0,09340975
698938,6;0,09341523
698955,3;0,09341523
698972,5;0,09341956
698988,3;0,09342283
699004,9;0,09343597
699021,7;0,09344146
699038;0,09344911
699054,6;0,09345238
699071,3;0,09345893
699087,7;0,0934622
699104,9;0,09346547
699121,1;0,09347428
699137,6;0,09347649
699154;0,09348193
699170,6;0,09348737
699187,1;0,09348847
699203,7;0,09349502
699220,2;0,09350368
699236,8;0,09351133
699253,4;0,09351354
699269,9;0,09351354
699286,5;0,09352013
699303,1;0,09352562
699319,6;0,09353332
699336,2;0,09353986
699352,8;0,09354535
699369,3;0,09355306
699385,9;0,0935596
699402,4;0,09356393
699419,1;0,09356614
699435,6;0,09357052
699452,1;0,09357596
699468,9;0,09357596
699485,3;0,09358688
699502,1;0,09358799
699518,6;0,09359458
699535,8;0,09360113
699551,6;0,09361542
699568,5;0,09361542
699584,7;0,09362091
699601,3;0,09362761
699617,9;0,09362987
699634,7;0,09365325
699650,9;0,0937022
699667,6;0,09375132
699684,3;0,09375132
699701,1;0,0937815
699717,3;0,0938217
699733,8;0,09383747
699750,4;0,09386438
699767,6;0,09386438
699783,6;0,09389123
699800,1;0,09392262
699816,7;0,0939528
699833,2;0,09397854
699849,9;0,09399643
699866,3;0,09402671
699882,9;0,09403884
699899,5;0,09403884
699916;0,09408706
699932,6;0,09409925
699949,2;0,09412494
699965,8;0,09415174
699982,3;0,09416409
699998,8;0,09418978
700015,4;0,09420313
700032,6;0,09422887
700048,6;0,09425229
700065,3;0,09426121
700081,8;0,09427577
700098,3;0,09427577
700115,1;0,09430926
700131,4;0,09432376
700147,9;0,09433478
700164,6;0,09434375
700181,1;0,09434375
700198,6;0,09437604
700214,3;0,09437604
700230,8;0,09438606
700247,4;0,09438606
700264;0,09439265
700281,2;0,0944149
700297,1;0,09444613
700313,7;0,09446064
700330,4;0,09446727
700346,8;0,09446727
700363,9;0,0944773
700379,9;0,09450287
700397,1;0,09451068
700413;0,09451738
700429,6;0,09451849
700446,2;0,09453975
700462,8;0,09454528
700479,3;0,09455641
700495,9;0,09455641
700512,6;0,09456986
700529,4;0,09458769
700545,6;0,09459323
700562,4;0,09460546
700578,8;0,09460546
700595,9;0,09462223
700611,9;0,09463115
700628,4;0,0946446
700645;0,09465689
700662;0,09466022
700678,1;0,09466802
700694,8;0,09467466
700711,3;0,09467466
700727,9;0,09469924
700744,9;0,09470145
700761,1;0,0947081
700777,5;0,09471475
700794,1;0,09472477
700811,4;0,09472698
700827,2;0,09473252
700843,8;0,09474143
700860,7;0,09474586
700876,9;0,09474918
700893,9;0,09474918
700910,1;0,09475688
700926,6;0,09477355
700943,3;0,09477798
700960;0,09477798
700976,3;0,09479237
700992,9;0,0947957
701009,4;0,09480345
701026;0,09480456
701042,9;0,0948123
701059,1;0,09481785
701075,7;0,0948256
701092,4;0,09483445
701108,8;0,09483445
701125,8;0,09483667
701141,9;0,09484664
701158,5;0,09484885
701175,1;0,09485549
701191,6;0,09485549
701208,9;0,09486214
701225,1;0,09486657
701241,4;0,09487211
701258,1;0,09487543
701275,1;0,09488207
701291,1;0,0948865
701307,7;0,09489093
701324,3;0,09489204
701340,8;0,09489647
701357,4;0,0949009
701373,9;0,09490311
701390,5;0,09490311
701407,1;0,09491529
701423,6;0,09491745
701440,2;0,09492305
701457;0,0949297
701473,6;0,09493191
701490,5;0,09493302
701506,4;0,09493302
701523;0,09493191
701539,9;0,09493412
701556,1;0,09493628
701572,7;0,09492848
701589,3;0,09492283
701606,1;0,09490706
701622,4;0,09489699
701639,3;0,09488237
701655,7;0,09487219
701672,1;0,09487219
701688,7;0,09485636
701705,3;0,09483151
701721,9;0,09480788
701738,4;0,09479769
701754,9;0,09477849
701771,7;0,09476615
701788,4;0,09474467
701804,6;0,0947357
701821,3;0,09471428
701837,8;0,09470178
701854,3;0,09469065
701871,4;0,09468041
701887,7;0,09464892
701904,1;0,0946275
701920,6;0,09461626
701937,2;0,09461626
701953,8;0,09459706
701970,3;0,09457222
701986,9;0,09455533
702003,9;0,09455422
702020,3;0,09453396
702036,6;0,09452727
702053,3;0,09451819
702069,9;0,09449915
702086,3;0,0944857
702102,9;0,094479
702119,4;0,09446777
702136,4;0,09446101
702152,5;0,09445658
702169,1;0,09445658
702185,7;0,09444872
702202,2;0,09443089
702219,1;0,09441523
702235,4;0,09440521
702252;0,0943974
702268,5;0,09438965
702285,1;0,09437957
702301,8;0,09437061
702318,2;0,09436275
702334,8;0,09435273
702351,9;0,09434381
702368,4;0,09433828
702384,4;0,09432825
702401,4;0,0943215
702417,6;0,09431259
702434,1;0,09430695
702451,1;0,09429465
702467,3;0,09429244
702483,9;0,09429244
702500,4;0,09427788
702517;0,09427456
702533,8;0,09426565
702550,7;0,09425446
702567,6;0,09424223
702583,8;0,09423442
702600,3;0,09423442
702616,9;0,09421538
702633,5;0,09420525
702650;0,09419972
702666,6;0,0941975
702683,2;0,09418637
702699,8;0,09418305
702716,3;0,09417076
702732,9;0,09416738
702749,5;0,09415626
702766;0,0941485
702782,6;0,09414629
702799,4;0,09414408
702815,8;0,09414408
702832,3;0,09412851
702848,8;0,09411518
702865,4;0,09411296
702881,9;0,09411074
702898,6;0,0941041
702915,3;0,09409302
702931,7;0,09408749
702949,2;0,09408749
702964,8;0,09407757
702981,4;0,09407204
702997,9;0,09406649
703015,2;0,09405985
703031,1;0,09405985
703048,4;0,09405653
703064,2;0,09404324
703081;0,09403549
703097,4;0,09403106
703113,9;0,09403217
703130,5;0,09402109
703147,1;0,09401888
703163,6;0,09401113
703180,3;0,0940078
703197,3;0,09400227
703213,8;0,09400005
703229,9;0,09399895
703246,4;0,09399562
703263;0,09398676
703279,6;0,09397901
703296,1;0,0939768
703313,2;0,09397236
703329,6;0,09396904
703345,8;0,09396683
703362,6;0,09396572
703378,9;0,09395576
703395,8;0,09395022
703412,1;0,093948
703429,1;0,09394468
703445,4;0,09394357
703461,9;0,09394136
703478,4;0,09393582
703494,9;0,09393028
703511,6;0,09392807
703528,1;0,09392364
703544,6;0,09392475
703561,2;0,09391921
703578,7;0,09391921
703594,4;0,09391589
703611,3;0,09391367
703627,5;0,09391256
703644,2;0,09391035
703660,6;0,09391035
703677,2;0,09390149
703693,8;0,09389817
703710,3;0,09389706
703726,9;0,09389263
703743,6;0,09388931
703760;0,09388709
703776,6;0,09388488
703793,1;0,09388155
703809,7;0,09387934
703826,3;0,09387823
703842,8;0,09387602
703859,4;0,0938727
703876;0,09387381
703892,5;0,09386937
703909,1;0,09386943
703925,7;0,09386721
703942,7;0,09386278
703958,9;0,09386278
703976;0,09385835
703992,2;0,09385282
704008,5;0,09385282
704025,2;0,09385282
704041,8;0,09385282
704058,4;0,09385171
704074,8;0,0938495
704091,5;0,0938495
704107,9;0,09384617
704124,4;0,09384174
704141,1;0,09383953
704157,6;0,09383842
704174,2;0,09383731
704191,1;0,09383399
704207,3;0,09383288
704224,6;0,09382845
704241,2;0,09382734
704257;0,09382513
704273,6;0,09382291
704290,3;0,09382402
704306,9;0,09382181
704323,3;0,09381849
704339,9;0,09381849
704356,4;0,09381738
704373,1;0,09381405
704389,6;0,09381184
704406,1;0,09381184
704422,7;0,09380519
704439,3;0,09380519
704455,8;0,09380741
704472,4;0,09380741
704488,9;0,09380298
704505,5;0,09380077
704522,2;0,09380077
704538,8;0,09379191
704555,3;0,09379191
704571,8;0,09379191
704588,3;0,09378969
704604,9;0,09378969
704622;0,09378859
704638,1;0,09378637
704654,6;0,09378526
704671,2;0,09378194
704687,8;0,09378194
704704,3;0,09378194
704721,2;0,09378194
704737,4;0,09378194
704754;0,0937764
704770,6;0,09377086
704787,2;0,09376976
704803,7;0,09376976
704820,4;0,09377197
704836,9;0,09376865
704853,4;0,09376865
704870,5;0,09376644
704886,6;0,09376644
704903,6;0,09376311
704919,7;0,09376311
704936,5;0,0937609
704952,8;0,09375753
704969,6;0,0937542
704985,9;0,0937531
705002,9;0,09375088
705019,2;0,09374978
705035,6;0,09374978
705052,2;0,09374872
705068,8;0,09374761
705085,6;0,09374655
705101,9;0,09374434
705119,4;0,09374434
705135,1;0,09374101
705152,1;0,09374101
705168,1;0,09373769
705184,9;0,09373769
705201,3;0,09373659
705217,9;0,09373769
705234,4;0,0937399
705251,2;0,09374655
705267,6;0,09375325
705284,1;0,09375884
705301;0,09375884
705317,3;0,09377219
705334,3;0,09377219
705350,4;0,09377329
705367;0,09377889
705383,7;0,09378774
705400,1;0,09380551
705416,7;0,09381997
705433,5;0,09382556
705449,8;0,09382777
705467,3;0,09384444
705483,2;0,09385108
705499,7;0,09385662
705516,6;0,09385773
705532,6;0,09386991
705549,2;0,09387771
705566;0,09388103
705582,3;0,09388325
705598,9;0,09389105
705615,7;0,0938977
705632,1;0,0938977
705648,6;0,09390656
705665,2;0,0939132
705682,1;0,0939132
705698,6;0,09392428
705715,1;0,09393536
705731,5;0,09393978
705748;0,09394754
705764,6;0,09395866
705781,1;0,09395866
705798,1;0,09397206
705814,5;0,09398773
705830,9;0,09400345
705847,9;0,09401009
705863,9;0,09402924
705880,6;0,0940371
705897,1;0,09405387
705913,7;0,09405387
705930,3;0,09407065
705946,8;0,09409977
705963,4;0,09411554
705980,6;0,094128
705998,3;0,0941347
706013,1;0,09413691
706029,7;0,09415373
706046,3;0,09417853
706062,8;0,09417853
706079,4;0,09421562
706096,3;0,09424146
706112,5;0,09424146
706129;0,09427058
706145,8;0,09428973
706162,2;0,09430872
706179,3;0,09430872
706195,3;0,09432893
706211,9;0,09434348
706228,4;0,09435909
706245,4;0,09437471
706261,9;0,0943803
706278,3;0,09439253
706294,8;0,09440039
706311,3;0,09440709
706327,8;0,09441601
706344,4;0,09441601
706360,9;0,0944361
706377,6;0,09444275
706394,4;0,09444834
706410,9;0,09447059
706427,4;0,09448621
706443,8;0,09449063
706460,4;0,09449623
706477,6;0,09450398
706493,5;0,09451737
706510,1;0,09451737
706526,7;0,0945207
706543,2;0,09454871
706560,2;0,09455762
706576,4;0,09456543
706593,5;0,09456543
706609,5;0,09458209
706626,4;0,09458209
706642,8;0,09459106
706659,2;0,09459106
706676,6;0,09460778
706692,3;0,09463689
706708,9;0,09465478
706726,1;0,09467382
706742,6;0,09467382
706758,6;0,09469064
706775,5;0,09470736
706791,8;0,09470736
706808,3;0,09473538
706824,8;0,09474771
706841,4;0,0947578
706858;0,09477008
706875,5;0,09477008
706891,1;0,09478901
706907,6;0,09480795
706924,3;0,09481349
706940,8;0,0948213
706957,4;0,09482794
706973,9;0,09484571
706991,1;0,09485125
707007,1;0,09486464
707023,6;0,09487467
707040,3;0,09488469
707057,3;0,09489693
707073,4;0,09490584
707089,9;0,09491354
707106,6;0,09492473
707123,1;0,09493369
707139,6;0,09493369
707156,5;0,0949638
707172,8;0,09497615
707189,8;0,09498838
707206,1;0,09500073
707222,5;0,0950041
707239,8;0,09501086
707255,6;0,09501086
707272,1;0,09501418
707288,7;0,09501866
707305,3;0,09501866
707321,8;0,09502752
707338,4;0,09504103
707355;0,09504108
707371,5;0,09504108
707388,1;0,09504899
707404,7;0,09504911
707421,9;0,09505248
707437,8;0,09505475
707454,4;0,09505475
707470,9;0,09506277
707487,9;0,09506388
707504,4;0,09506737
707520,8;0,09507074
707537,3;0,09507633
707553,8;0,09507854
707570,4;0,09508082
707586,9;0,0950864
707603,4;0,09508525
707621;0,09509089
707636,8;0,09509537
707653,2;0,09509537
707669,8;0,09510334
707686,3;0,09510334
707706,4;0,09510456
707719,8;0,09510461
707736;0,0951035
707752,6;0,09511358
707770;0,0951158
707785,9;0,0951158
707802,3;0,09511806
707818,9;0,09511574
707835,5;0,09511574
707852;0,09511347
707868,5;0,0951065
707885,6;0,09510423
707901,7;0,09510423
707918,6;0,09510534
707934,8;0,09510534
707951,5;0,09510197
707967,9;0,09508941
707984,5;0,09508022
708001,1;0,09508022
708017,6;0,09507336
708034,3;0,09507563
708050,8;0,09506998
708067,4;0,09506993
708083,9;0,09507225
708100,4;0,09507225
708117,1;0,09507347
708133,6;0,09507231
708150,2;0,09507568
708166,8;0,09507917
708183,3;0,09507917
708199,9;0,09508371
708216,4;0,09508941
708233,4;0,09509858
708249,6;0,09510423
708266,8;0,09510423
708282,9;0,09512476
708299,3;0,09512819
708315,9;0,09513948
708332,8;0,09514745
708349;0,09515542
708365,6;0,09516444
708382,1;0,09516792
708398,7;0,095177
708415,3;0,09519072
708432,4;0,09520328
708448,4;0,09521008
708465;0,09521911
708481,6;0,09522824
708498,1;0,0952294
708514,6;0,09523615
708531,3;0,09524401
708548;0,09524401
708564,5;0,09524965
708580,9;0,09524965
708598,8;0,09525757
708615,3;0,09526659
708631,9;0,09526886
708648,4;0,09527119
708665;0,09526891
708681,6;0,09527124
708698,3;0,09527007
708714,8;0,09527007
708731,3;0,09526432
708748,1;0,09526095
708764,4;0,09525641
708781,1;0,09525868
708797,6;0,09525868
708814,5;0,09525857
708830,7;0,09525397
708847,3;0,09525166
708864,7;0,09525055
708880,4;0,09524706
708897;0,09524258
708913,8;0,09523815
708930,3;0,0952325
708946,8;0,09523256
708963,2;0,09522919
708979,8;0,09522697
708996,9;0,09522359
709012,9;0,09521794
709029,5;0,09521452
709046,1;0,09521452
709062,6;0,09520893
709079,3;0,09520893
709095,8;0,09520107
709112,3;0,09519321
709128,9;0,09518424
709145,4;0,09518202
709162;0,095173
709178,6;0,095173
709195,1;0,09516509
709211,8;0,09516509
709228,3;0,09514832
709244,8;0,09512258
709261,7;0,09512258
709277,9;0,09511033
709294,6;0,09509694
709311,1;0,0950846
709327,7;0,09507231
709344,3;0,09507231
709361,2;0,09505891
709377,4;0,09504103
709393,9;0,09502652
709410,5;0,09501761
709427,1;0,09500643
709443,8;0,09499973
709460,2;0,09498296
709476,8;0,0949684
709493,6;0,0949617
709509,9;0,09494714
709526,5;0,0949405
709543;0,09493269
709559,7;0,09492715
709576,2;0,09491155
709592,7;0,09489593
709609,3;0,09489039
709625,9;0,09488037
709642,4;0,09487146
709659,1;0,09485917
709675,6;0,09485917
709692,1;0,0948502
709708,9;0,09483575
709725,3;0,09482013
709741,8;0,0948079
709758,7;0,09479899
709775,1;0,09478786
709791,6;0,09478337
709808,6;0,09477562
709824,6;0,09477562
709841,3;0,09476782
709858,2;0,09476444
709874,4;0,09474223
709891;0,09469808
709907,8;0,09467588
709924,1;0,09467588
709940,6;0,09465367
709957,2;0,09463478
709973,8;0,09461811
709990,4;0,09461046
710006,9;0,09461046
710023,5;0,09457026
710040,4;0,0945414
710056,6;0,0945202
710073,6;0,0945202
710089,8;0,09450237
710106,3;0,09445098
710122,9;0,09443652
710139,4;0,09440535
710156;0,09438957
710172,6;0,09436166
710189,1;0,09434272
710205,7;0,0943193
710222,5;0,09430812
710239,5;0,09427683
710255,4;0,09425657
710272,2;0,09424882
710293,1;0,0942285
710305,3;0,09419068
710321,9;0,09415818
710338,3;0,09414462
710354,8;0,09411888
710371,5;0,09409419
710388,1;0,09407409
710404,5;0,09405947
710421,1;0,09403156
710437,6;0,09400234
710454,3;0,09398767
710470,8;0,09398767
710487,7;0,09397544
710504,2;0,09396082
710520,4;0,09390396
710537,1;0,09388264
710553,7;0,09388264
710570,2;0,09386492
710586,8;0,09382372
710603,3;0,0938127
710619,9;0,0937993
710636,4;0,0937993
710654,1;0,09375577
710669,6;0,09373916
710686,6;0,09372697
710702,7;0,09371695
710719,3;0,09371695
710735,8;0,0936892
710752,4;0,09367692
710769;0,09366352
710785,5;0,09366352
710802,1;0,09364674
710818,7;0,09362892
710835,3;0,09361674
710851,8;0,09360898
710868,5;0,09360456
710885;0,09360012
710901,6;0,09359127
710918,4;0,09358124
710934,8;0,09357792
710951,5;0,09356795
710967,8;0,09356353
710984,3;0,09356353
711001,3;0,0935514
711017,9;0,09354696
711034,1;0,09354254
711050,6;0,09354032
711067,2;0,09353811
711083,8;0,09353146
711100,4;0,09353146
711117,1;0,09352814
711133,4;0,09352814
711150;0,09351928
711166,6;0,09351485
711183,2;0,09350488
711199,7;0,09350377
711216,8;0,09350377
711232,9;0,09349935
711249,4;0,09349713
711266;0,09349713
711282,6;0,0934927
711299,1;0,09348827
711315,7;0,09348827
711332,8;0,09348822
711348,8;0,09348495
711365,4;0,09348495
711382,2;0,09348711
711398,7;0,09348606
711415,3;0,09348606
711432,1;0,093485
711448,6;0,09348611
711464,8;0,09348722
711481,9;0,09348611
711498;0,09348611
711514,4;0,09348611
711531,4;0,09348616
711547,8;0,09348837
711564,3;0,09348616
711581,1;0,09348394
711597,6;0,09348505
711614,6;0,09348394
711630,9;0,09348394
711647,1;0,09348505
711663,6;0,09348505
711680,6;0,09348616
711696,7;0,09348722
711713,3;0,09348832
711729,9;0,09348943
711746,4;0,09348943
711763;0,09349053
711779,7;0,09349275
711796,1;0,09349386
711812,7;0,09350161
711829,4;0,09350488
711845,8;0,09351032
711862,5;0,09351797
711878,9;0,09352235
711895,5;0,09352346
711912,1;0,09352673
711928,9;0,09352673
711945,2;0,09352673
711961,8;0,09353655
711983,2;0,0935365
711999,8;0,09354082
712016,4;0,09354731
712032,9;0,09354842
712049,7;0,09355275
712066,1;0,09355381
712082,8;0,09356041
712099,2;0,09356041
712115,8;0,09356479
712132,5;0,09357022
712149,1;0,09357022
712165,4;0,09358009
712182,2;0,09358119
712198,6;0,09358225
712215,1;0,09358446
712231,8;0,09359534
712248,8;0,09359861
712264,8;0,09359972
712281,6;0,09360188
712298,6;0,09361064
712314,7;0,09361392
712331,1;0,09361608
712347,8;0,09361608
712364,3;0,0936183
712381,4;0,09362157
712397,4;0,09362378
712413,9;0,09362378
712431,3;0,09362595
712447,4;0,09363249
712463,9;0,09363797
712480,3;0,0936413
712496,8;0,09364235
712513,4;0,09364457
712529,9;0,09365333
712546,4;0,09365554
712563,3;0,09366208
712579,6;0,09366868
712596,5;0,09367301
712612,8;0,09367961
712629,3;0,09367961
712645,9;0,09368177
712662,6;0,09369163
712679;0,09369269
712695,8;0,09369818
712712,2;0,09369818
712728,7;0,09370694
712745,3;0,09370805
712761,8;0,09370915
712778,9;0,09370915
712795,5;0,09370915
712812,1;0,09370915
712828,3;0,09370915
712844,7;0,09371026
712861,3;0,09370805
712877,8;0,09370805
712894,4;0,09370805
712910,9;0,09370694
712927,5;0,09370915
712944,1;0,09370805
712960,6;0,09370805
712977,3;0,09371026
712993,8;0,09370799
713010,3;0,09370688
713026,9;0,09370688
713043,4;0,09370688
713060,1;0,09370578
713076,6;0,09370578
713093,2;0,09370799
713110,3;0,09370799
713126,3;0,09370799
713144;0,0937091
713159,4;0,0937091
713176,4;0,0937091
713192,6;0,09370799
713209,6;0,09371021
713225,7;0,09371021
713242,6;0,0937091
713258,9;0,09370799
713275,4;0,0937091
713292;0,0937091
713308,7;0,0937091
713325,6;0,09370799
713342,1;0,09371021
713358,2;0,09371132
713375,1;0,09371132
713391,4;0,09371243
713407,9;0,09371237
713424,5;0,09371459
713441,1;0,0937168
713457,6;0,09371791
713474,2;0,0937157
713490,8;0,0937157
713507,3;0,09372008
713523,9;0,09372229
713540,4;0,09372008
713557,1;0,09372339
713574;0,09372672
713590,1;0,09372672
713607;0,09372783
713623,3;0,09373336
713640;0,0937378
713656,4;0,0937389
713673,1;0,0937389
713689,6;0,09374001
713706,6;0,09374112
713722,7;0,09374776
713739,3;0,09374776
713757,6;0,0937533
713774,2;0,09375884
713790,8;0,09375994
713807,3;0,09375994
713824,1;0,09376216
713840,4;0,09376216
713857;0,09376105
713873,6;0,09376105
713891;0,09376216
713906,9;0,09376216
713923,3;0,09376653
713940,4;0,09376875
713956,4;0,09376986
713972,9;0,09376986
713989,6;0,09377097
714006,1;0,09376986
714022,7;0,09377318
714039,9;0,09377645
714055,9;0,09377977
714072,5;0,09377977
714089,1;0,09377867
714105,5;0,09378753
714122,1;0,0937908
714138,8;0,0937908
714155,4;0,0937908
714171,8;0,09379624
714188,4;0,09379734
714205,4;0,09379845
714221,9;0,09379734
714238,1;0,09380177
714254,8;0,09380066
714271,4;0,09380066
714287,8;0,09380066
714304,7;0,09380066
714321,3;0,09380066
714337,7;0,09380066
714354,1;0,0938051
714371,1;0,09380952
714387,1;0,09381063
714403,8;0,09381063
714420,3;0,09381285
714437,4;0,09381506
714453,5;0,09381506
714470;0,09381506
714486,6;0,09381396
714503,1;0,09381506
714520,2;0,09381617
714536,3;0,09381396
714552,9;0,09381396
714569,4;0,09381285
714585,9;0,09381063
714602,7;0,09381174
714619,6;0,09380842
714635,9;0,09380952
714652,6;0,09380625
714668,8;0,09380625
714685,4;0,09380293
714701,9;0,09380293
714719,1;0,09380072
714735,1;0,09380072
714751,6;0,09380072
714768,2;0,09379966
714785,1;0,09379966
714801,3;0,09379855
714817,9;0,09379745
714834,7;0,09379745
714851;0,09379528
714867,7;0,09379195
714884,1;0,09379195
714901,3;0,09379195
714917,3;0,09379085
714933,9;0,09378863
714950,4;0,09378863
714967,4;0,09378863
714983,6;0,09379085
715000,1;0,09378753
715016,8;0,09378753
715033,3;0,09378531
715049,9;0,09378531
715066,4;0,09378199
715083,2;0,09378088
715099,8;0,09378088
715116,2;0,09377756
715132,7;0,09377867
715149,3;0,09377645
715165,8;0,09377313
715182,4;0,09377313
715199;0,09377202
715215,5;0,09377091
715232,1;0,09377091
715248,7;0,0937687
715265,2;0,09376759
715282,1;0,0937687
715298,4;0,09376759
715314,9;0,09376764
715331,5;0,09376653
715348;0,09376322
715364,6;0,09376432
715381,2;0,09376211
715397,9;0,09375989
715414,3;0,09375989
715435,8;0,09375657
715452,3;0,09375546
715469;0,09375325
715485,5;0,09374993
715502,4;0,09374549
715518,9;0,09374549
715535,1;0,09373996
715551,8;0,09373774
715568,3;0,09373553
715584,8;0,09373331
715601,4;0,09373331
715618,1;0,09372999
715634,5;0,09372003
715651,1;0,09371011
715667,9;0,09370462
715684,6;0,09370241
715701,3;0,0936936
715717,5;0,0936936
715734,3;0,09368257
715750,5;0,0936793
715767,1;0,09367487
715783,6;0,09366933
715800,3;0,09366933
715816,8;0,09366712
715833,4;0,09366712
715850;0,0936638
715866,8;0,09366047
715883,1;0,09365937
715899,6;0,09365826
715916,4;0,09365715
715932,8;0,09365051
715949,3;0,0936494
715965,9;0,09364281
715982,5;0,0936417
715999;0,0936417
716015,8;0,09363843
716032,2;0,09363954
716048,7;0,09363621
716065,3;0,09363621
716082,1;0,09363294
716098,4;0,09362851
716115,6;0,09362409
716131,5;0,09362298
716148,1;0,09362076
716164,7;0,09361965
716181,3;0,09361638
716197,8;0,09361638
716214,4;0,09361417
716230,9;0,09361417
716247,5;0,09361085
716264,4;0,09360974
716281,1;0,09360752
716297,3;0,09360199
716317,3;0,09359866
716333,9;0,09359534
716350,9;0,09359202
716367,3;0,09358981
716383,9;0,09358869
716400,2;0,09358758
716416,9;0,09358542
716433,4;0,09358099
716450,1;0,09357883
716466,4;0,09357772
716483,1;0,09357772
716500;0,09357772
716516,2;0,09357334
716532,7;0,0935678
716549,3;0,09356669
716566;0,09356342
716582,4;0,09356232
716599;0,09356342
716615,9;0,09356131
716632,4;0,09356236
716648,8;0,09356015
716665,3;0,09356015
716681,8;0,09355688
716698,4;0,09355472
716714,9;0,0935514
716732,1;0,09354918
716748,3;0,09354918
716764,8;0,09354369
716781,2;0,0935448
716797,9;0,09354037
716814,4;0,0935371
716831,3;0,09353493
716847,5;0,09353599
716864;0,09353489
716880,6;0,09353599
716897,4;0,09353383
716914;0,09353051
716930,3;0,09352507
716946,9;0,09352396
716963,4;0,09352064
716980;0,09351958
716996,6;0,09351958
717013,1;0,09351626
717029,8;0,09351409
717046,3;0,09351188
717063,3;0,09350967
717079,4;0,09350967
717095,9;0,0935064
717112,6;0,09350101
717129,1;0,09349879
717145,7;0,09349879
717162,3;0,09349658
717178,8;0,09349114
717195,4;0,09349003
717211,9;0,09348898
717228,6;0,0934846
717245,1;0,09348354
717261,7;0,09348243
717278,2;0,09347921
717294,8;0,09347921
717311,3;0,09347815
717327,9;0,09347161
717344,8;0,09347055
717361;0,09346401
717377,6;0,09346401
717394,2;0,093463
717411,1;0,09345646
717427,3;0,09345102
717443,9;0,0934478
717460,4;0,09344675
717477;0,09344458
717493,6;0,09344237
717510,2;0,09344237
717526,8;0,09344242
717543,3;0,09343798
717559,9;0,09343477
717576,8;0,09343048
717592,9;0,09342938
717609,6;0,09342938
717626,3;0,09342726
717642,9;0,09342615
717659,3;0,09342288
717676;0,09342394
717692,6;0,09342283
717708,9;0,09341951
717725,5;0,09341835
717742,1;0,09341724
717758,7;0,09341724
717775,3;0,09341724
717791,9;0,09341614
717808,4;0,09341503
717824,9;0,09341503
717841,5;0,09341397
717858,1;0,0934107
717875,4;0,09340632
717891,2;0,09340522
717907,8;0,09340411
717924,3;0,09340411
717940,9;0,09340195
717957,4;0,09340089
717974;0,09339973
717990,6;0,09339973
718007,3;0,09339751
718023,8;0,0933953
718040,9;0,09339309
718057,8;0,09338981
718074,6;0,09338976
718090,9;0,0933876
718107,6;0,0933876
718124,8;0,09338654
718140,6;0,09338654
718157,3;0,09338875
718174,1;0,09338875
718190,4;0,09339097
718206,9;0,09339867
718223,6;0,09339978
718240,1;0,09340421
718256,8;0,09340975
718273,2;0,09341085
718289,8;0,09341861
718306,3;0,09342082
718323,1;0,09342082
718339,5;0,09342746
718356;0,09343079
718372,6;0,09343965
718389,2;0,09343965
718405,7;0,09344186
718422,3;0,09344845
718439,1;0,09345283
718456,1;0,09345616
718472;0,09345616
718488,5;0,09346275
718505,4;0,09346386
718521,7;0,09346496
718538,3;0,09346496
718554,9;0,09346602
718571,9;0,09346713
718587,9;0,09346713
718604,5;0,09346713
718621,3;0,09346492
718637,6;0,09346492
718654,3;0,09346492
718670,8;0,09346487
718687,4;0,09346592
718704,7;0,09346703
718720,9;0,09346703
718737,4;0,09347146
718753,7;0,09347367
718770,8;0,09347584
718786,8;0,09347584
718803,6;0,09347584
718819,9;0,09347584
718836,6;0,09347694
718853;0,09348127
718869,6;0,09348681
718886,9;0,09348681
718907,2;0,09349235
718919,3;0,0934923
718935,9;0,09349124
718952,5;0,09349124
718969;0,09349345
718985,6;0,09349235
719002,1;0,09349341
719018,7;0,09349562
719035,3;0,09349895
719052;0,09349789
719068,4;0,09349789
719084,9;0,09350559
719101,9;0,09350881
719118,1;0,09350881
719134,6;0,09351102
719151,3;0,09351213
719167,8;0,09351757
719184,4;0,09351757
719200,9;0,09351867
719217,5;0,09351973
719234,4;0,09351862
719250,6;0,0935219
719268,1;0,09352627
719283,9;0,09352728
719300,6;0,09352728
719316,9;0,09353383
719333,5;0,09353489
719350,1;0,09353489
719366,6;0,09353816
719383,2;0,09354465
719399,8;0,09354687
719416,4;0,0935523
719432,9;0,09355341
719449,9;0,09355552
719466;0,09355774
719482,6;0,0935664
719499,1;0,09357083
719515,7;0,09357737
719532,8;0,09357953
719548,8;0,09357949
719565,4;0,09358381
719582;0,09358492
719598,5;0,09358492
719615,1;0,09358603
719631,6;0,09359147
719648,2;0,09359252
719664,8;0,09359474
719682;0,09359584
719697,9;0,09360022
719714,5;0,09360349
719731,1;0,09360571
719747,6;0,09360571
719764,3;0,09360576
719781,1;0,09360681
719797,5;0,09360681
719813,9;0,09360681
719830,4;0,09360681
719847,2;0,09360571
719863,8;0,09361014
719881,1;0,09361014
719896,8;0,09361014
719913,4;0,09361014
719929,9;0,09361894
719946,4;0,09362111
719963;0,09362333
719979,6;0,09362665
719996,1;0,09362776
720012,7;0,09362886
720029,3;0,09362886
720045,8;0,09362997
720062,4;0,09363324
720079;0,09363324
720095,5;0,09363324
720112,8;0,09363545
720129,3;0,09363868
720145,6;0,09363425
720161,8;0,09363425
720178,4;0,09363425
720194,9;0,09362982
720211,5;0,09362765
720228;0,09362655
720244,6;0,09362655
720261,2;0,09361663
720278,7;0,09361004
720294,4;0,09360228
720310,9;0,09360228
720327,4;0,09359896
720344,7;0,09359454
720360,6;0,09358905
720377,3;0,09358572
720393,8;0,09358572
720411;0,09357692
720426,9;0,09357692
720443,5;0,09357138
720460,3;0,09357138
720477,3;0,09356811
720493,5;0,09356589
720509,9;0,09356479
720526,3;0,09356589
720542,9;0,09356152
720559,4;0,09356156
720575,9;0,09356046
720592,5;0,09356152
720609,1;0,09356368
720625,7;0,093567
720643;0,09356921
720658,8;0,09356921
720676;0,0935671
720691,9;0,0935671
720708,5;0,0935671
720725,1;0,09356821
720741,6;0,09356599
720758,5;0,09356494
720774,8;0,09355945
720791,3;0,09355945
720807,9;0,09355945
720824,4;0,09355834
720841;0,09355723
720857,6;0,09355613
720874,1;0,09355613
720891;0,09355391
720907,3;0,09355391
720923,9;0,09355059
720940,4;0,09354948
720957;0,09355164
720973,6;0,09354948
720990,1;0,09354842
721007;0,09354621
721023,9;0,09353971
721039,8;0,09353644
721056,4;0,09353423
721073,3;0,09353423
721089,6;0,09352552
721106,1;0,09352552
721122,9;0,09352663
721139,7;0,09352663
721155,8;0,09352773
721172,4;0,09352884
721188,9;0,09352884
721205,5;0,09352995
721222,6;0,09353659
721238,6;0,09353881
721255,2;0,09354208
721271,8;0,09354208
721288,3;0,09354873
721304,9;0,09355205
721321,5;0,09355427
721338,3;0,09355537
721355,4;0,09355648
721371,4;0,09355648
721387,7;0,09355869
721404,3;0,09355643
721420,9;0,09355643
721437,4;0,09355648
721454;0,09355537
721470,6;0,09355537
721487,7;0,09354988
721507;0,09354994
721523,6;0,09354229
721540,2;0,09354229
721556,8;0,09354229
721573,3;0,09353463
721589,9;0,09353352
721606,4;0,0935303
721623;0,09352809
721639,6;0,09352481
721656,1;0,09352265
721672,8;0,09351943
721689,3;0,09351505
721706,1;0,09350961
721722,4;0,09350961
721738,9;0,09350529
721756,1;0,09350418
721772,1;0,09350201
721788,7;0,09349985
721805,3;0,09349879
721821,8;0,09349658
721838,5;0,09349436
721855,1;0,09348993
721871,9;0,09348777
721888,1;0,09348556
721904,8;0,09348228
721921,2;0,09347901
721937,8;0,09347463
721954,4;0,09347352
721971,6;0,0934702
721987,5;0,0934702
722004,1;0,09346799
722020,6;0,09346799
722037,2;0,09346355
722054,5;0,0934559
722070,7;0,0934548
722086,9;0,09345047
722103,8;0,09344181
722120;0,09343738
722136,6;0,09343623
722153,1;0,09343079
722169,7;0,09342641
722186,3;0,09342425
722202,9;0,09342208
722220,3;0,09341986
722235,9;0,09341986
722252,6;0,09341986
722269,1;0,09341448
722285,6;0,09341121
722302,3;0,09341015
722318,8;0,09340794
722335,4;0,09340356
722351,9;0,09339802
722368,5;0,09339806
722385,1;0,09339152
722401,7;0,09339152
722418,2;0,09338493
722434,8;0,09338387
722451,4;0,0933806
722468;0,09337949
722484,7;0,09337949
722501,1;0,0933729
722518,2;0,09337079
722534,3;0,09336867
722550,8;0,09336867
722567,3;0,0933665
722583,9;0,09336323
722600,8;0,09335779
722617,4;0,09335779
722633,6;0,09335452
722650,4;0,0933501
722666,9;0,09334793
722683,6;0,09333695
722699,8;0,09333152
722716,6;0,09332714
722733,1;0,09332382
722749,6;0,09332166
722766,1;0,09332166
722782,7;0,09331959
722799,3;0,09331521
722815,8;0,09331194
722832,4;0,09330977
722848,9;0,09330545
722865,9;0,0933055
722882,1;0,09330439
722898,8;0,09330112
722915,3;0,09330112
722931,8;0,09330112
722948,8;0,09329462
722964,9;0,09329462
722981,6;0,09329352
722998,4;0,09329352
723015,1;0,09329131
723031,4;0,09329019
723047,8;0,09328803
723064,5;0,09328365
723081,6;0,09328254
723097,4;0,0932771
723114;0,0932771
723130,9;0,09327378
723147,1;0,09326618
723163,7;0,09326291
723180,3;0,09325632
723197,1;0,09325632
723213,8;0,09324323
723231,5;0,09323336
723248,1;0,09322898
723264,6;0,09322898
723281,3;0,09322461
723297,8;0,09322134
723314,4;0,09321579
723330,9;0,09319833
723347,5;0,0931863
723364,3;0,09318297
723380,6;0,09317759
723397,5;0,09317759
723413,9;0,09316334
723430,4;0,09316229
723447,1;0,09315685
723463,5;0,09315358
723480,4;0,09315141
723497,3;0,09314814
723513,2;0,09314598
723529,8;0,09314598
723546,4;0,09314482
723562,9;0,09314376
723579,8;0,0931427
723596,3;0,09313948
723612,6;0,09313837
723629,1;0,09313505
723645,7;0,09313289
723662,3;0,09313289
723678,8;0,09313505
723695,4;0,09313505
723712;0,093134
723728,7;0,09313289
723745,1;0,09313395
723761,8;0,09313072
723778,3;0,09313072
723795,1;0,09312957
723811,6;0,09313063
723828,5;0,09312741
723844,6;0,09312741
723861,1;0,09312957
723877,6;0,09312957
723894,3;0,09312846
723910,8;0,09312846
723927,3;0,09312741
723944,4;0,09312639
723960,9;0,09312962
723977,1;0,09312866
723993,6;0,09313088
724010,2;0,09312987
724027,4;0,09313092
724043,3;0,09313314
724060,4;0,09313415
724076,4;0,09313415
724093,9;0,09313415
724110,1;0,09314392
724126,4;0,09314613
724142,7;0,09314723
724159,3;0,09314723
724176,2;0,0931494
724192,4;0,09315161
724209,4;0,09315484
724225,9;0,09315484
724242,1;0,09315705
724258,8;0,09315705
724275,3;0,09316354
724291,9;0,09316571
724308,4;0,09316787
724325,1;0,09317225
724341,5;0,09317452
724358,6;0,09317452
724374,6;0,09318544
724391,2;0,09318544
724407,8;0,09319088
724424,4;0,09318977
724441,6;0,09319305
724457,5;0,09319305
724474,1;0,09319521
724490,6;0,09319632
724507,1;0,09320065
724524,1;0,09320065
724540,3;0,09320065
724556,9;0,09320276
724573,6;0,09320498
724590,9;0,09320936
724606,6;0,09321479
724623,5;0,09322028
724639,9;0,0932247
724656,3;0,09322798
724672,9;0,09323009
724689,4;0,09323009
724706,3;0,09323115
724722,9;0,09323004
724739,1;0,09323226
724755,7;0,09323769
724772,2;0,09323981
724788,9;0,09323981
724805,8;0,09324741
724822,1;0,09325073
724838,8;0,09325506
724855,1;0,09325506
724871,8;0,09325617
724888,4;0,09325933
724904,8;0,09326044
724921,3;0,09325933
724937,9;0,09325933
724954,7;0,09326261
724971;0,09326366
724987,9;0,0932691
725004,1;0,0932691
725021;0,09327021
725037,3;0,09327233
725053,9;0,09328108
725070,9;0,0932843
725087;0,0932843
725104,1;0,0932843
725120,1;0,09329518
725136,8;0,09329956
725153,3;0,09330061
725170,1;0,09330605
725186,4;0,09330605
725203,1;0,09330822
725219,6;0,09330822
725236,1;0,09331692
725252,9;0,09332236
725269,4;0,09332125
725285,9;0,0933213
725302,4;0,09332236
725319,3;0,09332669
725335,9;0,09332669
725352,3;0,09332991
725368,6;0,09333429
725385,2;0,09333756
725401,8;0,09333756
725418,6;0,09333973
725435,6;0,09334521
725451,5;0,09334849
725468,8;0,09334849
725484,6;0,09335276
725501,3;0,09335276
725517,8;0,09335493
725534,3;0,09335931
725551,6;0,09336147
725567,4;0,09336152
725584;0,09336595
725600,6;0,093366
725617,8;0,09337366
725633,8;0,09337366
725650,5;0,09337582
725666,8;0,09337582
725683,4;0,09337914
725699,9;0,09338131
725716,6;0,09338241
725733,1;0,09338553
725749,7;0,09338991
725766,4;0,0933888
725782,8;0,09339102
725799,4;0,09339102
725819,6;0,0933954
725836,2;0,09339651
725852,8;0,09339651
725869,3;0,09339867
725885,9;0,09340078
725902,4;0,09340295
725919;0,09340506
725935,9;0,09340612
725952,5;0,0934094
725968,7;0,0934094
725985,5;0,0934181
726001,9;0,09341921
726018,4;0,09342686
726035;0,09343018
726051,6;0,09344785
726068,4;0,09346003
726085,1;0,09347565
726101,3;0,09348456
726117,8;0,09348456
726134,4;0,09349574
726151;0,09352248
726167,5;0,09353356
726184,4;0,09355365
726200,6;0,09356816
726217,4;0,09358704
726233,8;0,09359147
726250,6;0,0936159
726267;0,09362148
726283,5;0,09362371
726300,1;0,09366173
726317,2;0,09367845
726333,5;0,09367845
726349,9;0,0936975
726366,5;0,09371433
726382,9;0,09372651
726399,9;0,0937388
726416,6;0,09375662
726432,6;0,09376322
726449,2;0,09377208
726465,7;0,09377983
726482,3;0,09377983
726498,9;0,09378648
726515,4;0,09381101
726532;0,09383553
726548,9;0,0938465
726565,1;0,09385642
726581,9;0,09385974
726598,3;0,09385974
726614,8;0,0938763
726631,4;0,09387852
726652,4;0,0938829
726666,1;0,0938917
726682,8;0,0938917
726699,3;0,09390711
726715,8;0,09391375
726732,4;0,09391486
726748,9;0,0939281
726765,5;0,09393363
726782,1;0,09393917
726798,8;0,09394028
726815,4;0,09394909
726831,9;0,09395462
726848,3;0,0939579
726864,9;0,09396454
726881,9;0,09396897
726898;0,09397562
726914,6;0,09398554
726931,1;0,09398991
726947,8;0,09398991
726964,6;0,09400315
726980,8;0,09400647
726997,4;0,09400869
727014;0,0940109
727030,6;0,0940252
727047,2;0,09403074
727063,8;0,09403406
727080,3;0,09403406
727096,8;0,09403627
727113,4;0,0940396
727129,9;0,0940396
727146,6;0,09404181
727163,2;0,09405616
727179,7;0,09406829
727196,3;0,09407267
727212,8;0,09407377
727229,4;0,09408485
727246;0,09408817
727262,5;0,09409477
727279,1;0,09410025
727295,8;0,09410906
727312,2;0,09411565
727328,8;0,09411898
727345,3;0,09412663
727361,9;0,09412774
727378,6;0,09413539
727395,4;0,09414198
727411,6;0,09414531
727428,2;0,09414858
727444,7;0,09414969
727461,3;0,09416182
727478,3;0,09416514
727497;0,09416951
727511,2;0,09417284
727527,8;0,09417722
727544,1;0,09418381
727560,7;0,09418381
727577,3;0,09419363
727593,9;0,09419579
727610,4;0,09420128
727626,9;0,09420128
727643,6;0,09421331
727660,2;0,09421774
727676,6;0,09422322
727693,3;0,09422871
727709,8;0,09422871
727726,4;0,09424753
727742,9;0,09424753
727759,5;0,09425197
727776,1;0,09425197
727793,3;0,0942785
727809,2;0,09429184
727825,8;0,09430629
727842,4;0,09431521
727858,9;0,09431521
727875,6;0,09432739
727892;0,09435292
727908,6;0,09436072
727925,2;0,09437517
727942,4;0,09438851
727958,8;0,09439737
727974,9;0,09440297
727991,9;0,09440967
728008;0,09441188
728024,6;0,09441747
728041,1;0,09441863
728058;0,09442085
728074,4;0,09441637
728090,8;0,09441637
728107,4;0,09441631
728123,9;0,09441404
728140,6;0,09441288
728157,6;0,09441288
728173,6;0,09441288
728190,3;0,09440485
728206,8;0,09439252
728223,6;0,09439024
728239,9;0,09438466
728256,5;0,09437679
728273,1;0,09436218
728289,6;0,09435996
728306,2;0,09434979
728322,8;0,09434076
728342,4;0,09432947
728355,9;0,09431597
728372,5;0,09431597
728389,1;0,09431265
728405,8;0,09431265
728422,2;0,09430927
728438,8;0,09429581
728455,3;0,09427804
728472,6;0,09427583
728488,4;0,0942724
728505;0,09426676
728521,8;0,09426676
728538,4;0,09426221
728555,1;0,09426332
728571,3;0,09426781
728587,8;0,09427113
728604,4;0,09427113
728621;0,09427788
728637,6;0,0942812
728654,3;0,09428795
728670,8;0,09430246
728687,3;0,0943137
728703,8;0,09431934
728720,3;0,09432831
728737,3;0,09433506
728753,9;0,09433949
728770,3;0,09434625
728786,9;0,09435189
728803,4;0,0943597
728819,8;0,0943675
728836,4;0,09437642
728852,9;0,09437753
728869,5;0,09438649
728886,1;0,09439097
728902,6;0,09439772
728919,6;0,09439883
728935,8;0,09440664
728952,3;0,09441788
728968,9;0,09442341
728985,7;0,09442906
729002,5;0,09442906
729018,6;0,09443238
729035,1;0,09443681
729052,3;0,09443681
729068,3;0,09444124
729084,8;0,09445342
729101,4;0,09445342
729118;0,09445675
729134,8;0,09447114
729151,1;0,09447668
729167,7;0,09448
729184,4;0,09448111
729205,7;0,09448554
729222,3;0,09449113
729238,8;0,09449334
729256,1;0,09449888
729272,4;0,09449999
729288,8;0,09450337
729305,4;0,09450895
729321,6;0,0945156
729338,3;0,09452114
729354,8;0,09452114
729371,4;0,09452557
729387,9;0,09453896
729404,5;0,09453896
729421,1;0,09454561
729437,6;0,0945579
729454,3;0,09456011
729470,8;0,09456675
729487,4;0,09457229
729503,9;0,09457451
729521,3;0,09457561
729537,1;0,09457561
729553,6;0,09458891
729570,2;0,09459223
729586,8;0,09459665
729603,6;0,09459665
729620,4;0,09460773
729636,6;0,09460884
729653;0,09461327
729669,7;0,09461327
729686,2;0,09461659
729702,9;0,09461659
729719,3;0,09462324
729735,8;0,09462545
729752,4;0,09462656
729769,3;0,09462434
729785,5;0,09462208
729802,1;0,09462318
729818,7;0,09461754
729835,3;0,09461305
729851,8;0,09461084
729868,4;0,09461194
729884,9;0,09461194
729902,2;0,09460746
729918,4;0,09459844
729935;0,09459733
729951,3;0,09459617
729967,8;0,09459285
729984,3;0,09459168
730000,9;0,09459274
730017,4;0,09459274
730034,7;0,09459274
730054,5;0,09459158
730071,1;0,09459268
730087,6;0,09459268
730104,3;0,09459268
730120,8;0,09459047
730138,1;0,09459163
730153,9;0,09458715
730170,6;0,09458493
730187,1;0,09458272
730203,9;0,09458045
730220,3;0,09457824
730237,1;0,09457935
730253,4;0,09458377
730270,4;0,09458821
730286,6;0,09458821
730303,1;0,09459042
730319,6;0,09459042
730336,2;0,09458931
730352,8;0,09459595
730369,4;0,09460703
730386,1;0,09461035
730402,4;0,09460925
730419;0,09460925
730436,2;0,09461594
730452,1;0,09461483
730468,7;0,09462043
730485,6;0,09462043
730501,8;0,09461932
730518,4;0,09461821
730535;0,094616
730551,6;0,09461267
730568,1;0,09460819
730584,9;0,09460819
730601,2;0,09460371
730617,8;0,09460371
730634,3;0,09460371
730650,9;0,09458909
730667,5;0,09458793
730684,1;0,09458229
730700,6;0,09457438
730717,8;0,09456762
730733,8;0,09456762
730750,4;0,09456087
730766,9;0,09455522
730783,4;0,09455179
730800,1;0,09454393
730816,6;0,09454393
730833,1;0,09454061
730849,8;0,09453613
730866,9;0,09453613
730883,5;0,09452489
730899,4;0,09452035
730917,4;0,09451924
730934,1;0,09451476
730950,5;0,09451254
730967,2;0,09451254
730983,6;0,09450912
731000,3;0,09450009
731016,8;0,09449567
731033,3;0,09449013
731050,5;0,0944868
731066,9;0,0944868
731083,1;0,09448791
731099,6;0,09448791
731116,1;0,0944857
731133,1;0,09448238
731149,3;0,09448127
731165,9;0,09448016
731182,4;0,09447794
731199,1;0,09447794
731215,6;0,09447568
731232,1;0,09447457
731248,7;0,09447457
731265,3;0,09447463
731281,9;0,09447457
731298,7;0,09447563
731314,9;0,09447673
731331,8;0,09447673
731348,1;0,09448575
731365,4;0,09449135
731381,3;0,09449594
731397,8;0,0944982
731414,4;0,0945028
731430,9;0,09450734
731447,6;0,09451409
731464,1;0,09452427
731480,9;0,09452881
731497,2;0,09452991
731513,8;0,09453893
731530,3;0,09455017
731546,9;0,0945536
731563,8;0,09455809
731580;0,09456152
731596,6;0,09456263
731613,5;0,09456263
731629,8;0,09457392
731647,1;0,09459644
731662,8;0,09459866
731679,4;0,09460441
731696;0,09460773
731712,6;0,09460773
731729,4;0,09462123
731745,9;0,09462129
731762,3;0,09462462
731779,1;0,09462462
731795,4;0,09462683
731811,9;0,09462572
731828,7;0,0946224
731845,1;0,09462129
731861,7;0,09462129
731878,3;0,09462462
731894,9;0,09462462
731911,4;0,09462462
731927,9;0,09462462
731944,8;0,09462572
731961,1;0,09462683
731977,7;0,09462683
731994,3;0,09462683
732011,3;0,09462904
732027,4;0,09462456
732044,3;0,09462129
732060,5;0,09462129
732077;0,09462129
732093,6;0,09462018
732110,2;0,09462013
732126,7;0,09462118
732143,3;0,09462007
732159,9;0,09462007
732176,4;0,09462007
732193;0,09462123
732209,6;0,09462234
732226,1;0,09462123
732242,7;0,09462123
732259,6;0,09462234
732275,8;0,09461681
732292,4;0,09461681
732308,9;0,09461791
732325,6;0,09461791
732342,2;0,0946146
732358,8;0,0946146
732375,4;0,0946157
732391,8;0,09461791
732408,4;0,09461902
732424,9;0,09462013
732441,6;0,09462013
732458,3;0,09462002
732474,6;0,09462002
732491,2;0,09462007
732507,9;0,09462007
732524,4;0,09462229
732540,9;0,09462229
732557,7;0,09462339
732574,1;0,0946245
732590,6;0,0946245
732607,3;0,09462229
732627,1;0,09462118
732640,7;0,09462229
732656,9;0,09462229
732673,4;0,09462007
732690;0,09462007
732706,6;0,09462007
732723,1;0,09462118
732739,8;0,09462339
732756,3;0,09462229
732772,8;0,09462229
732789,4;0,09462007
732806;0,0946245
732822,6;0,0946245
732839,1;0,09462894
732855,6;0,09462894
732872,3;0,0946312
732888,9;0,0946312
732905,4;0,09463231
732921,9;0,09463453
732938,5;0,09463231
732955,6;0,09463342
732972,6;0,09463342
732988,3;0,09463453
733004,8;0,09463342
733021,9;0,09463231
733037,9;0,09463231
733054,6;0,09463896
733071,1;0,09464117
733087,6;0,09464117
733104,5;0,09464338
733120,8;0,09464449
733137,3;0,09464671
733153,9;0,09465003
733170,9;0,09465114
733187;0,09465224
733203,6;0,09465224
733220,3;0,09465224
733236,7;0,09465224
733253,3;0,09465224
733269,8;0,09465224
733286,4;0,09465108
733303;0,09464554
733319,5;0,09464333
733336,1;0,09464001
733352,7;0,09464001
733369,2;0,0946197
733385,9;0,0946197
733402,4;0,09461405
733418,9;0,09459933
733435,5;0,09459031
733452,1;0,09458467
733468,6;0,09457448
733485,4;0,09457111
733503,1;0,09457
733519,6;0,09456319
733536,5;0,09456319
733552,8;0,09455417
733569,3;0,09453724
733585,9;0,09453724
733602,5;0,09452705
733619,4;0,0945203
733635,6;0,09451017
733652,2;0,09450569
733668,9;0,09450231
733685,3;0,09450231
733702,4;0,09450004
733718,4;0,09448653
733735;0,09447751
733751,7;0,09447751
733768,1;0,09447641
733785,2;0,09447309
733801,3;0,09447198
733817,9;0,09447309
733834,7;0,09447309
733851,1;0,09447087
733867,6;0,09447087
733884,1;0,09447087
733900,7;0,09446982
733917,4;0,0944676
733934,6;0,0944676
733950,4;0,0944676
733966,9;0,09446428
733983,5;0,09446207
734000,4;0,09446207
734016,7;0,09446096
734033,3;0,09445985
734049,8;0,09445647
734066,4;0,09445426
734083,1;0,09445426
734099,5;0,09444651
734116;0,09444208
734133,4;0,09444208
734149,2;0,09444208
734165,8;0,09444208
734182,3;0,09444208
734198,9;0,09443981
734215,4;0,0944387
734232;0,09443759
734248,9;0,09443981
734265,1;0,09443981
734281,8;0,09443981
734298,4;0,09443759
734314,8;0,09443649
734331,4;0,09443538
734347,9;0,09443427
734365,1;0,09443427
734382,3;0,09443206
734398,9;0,09442873
734415,4;0,09442541
734432,1;0,09442098
734448,6;0,09441766
734465,4;0,09441545
734481,9;0,09441539
734498,3;0,09441539
734514,8;0,09441207
734531,4;0,09441207
734548,5;0,09441207
734564,5;0,09441545
734581,4;0,09441771
734597,6;0,09442557
734614,5;0,09443006
734631,1;0,09443006
734647,3;0,09444588
734663,9;0,09445723
734680,5;0,09445723
734697,1;0,09446177
734713,6;0,09448545
734730,8;0,09448994
734746,8;0,09449569
734763,9;0,09449569
734779,9;0,09450018
734796,7;0,09450699
734813,1;0,09450699
734829,7;0,09451257
734846,9;0,09453521
734863,4;0,09454766
734879,4;0,09454877
734896,2;0,09455557
734912,4;0,09455557
734929;0,09455447
734945,6;0,09455557
734962,2;0,09455889
734978,7;0,09455889
734995,4;0,09455779
735011,8;0,09455889
735028,4;0,09456222
735045;0,09455889
735061,5;0,09456
735078,4;0,09456
735094,7;0,09456111
735111,4;0,09456227
735128,4;0,09456449
735144,4;0,09456675
735161;0,09456898
735177,7;0,09456903
735194,1;0,09456903
735211,9;0,09457235
735227,3;0,09457462
735243,8;0,09457462
735260,9;0,09458015
735276,9;0,09458237
735293,6;0,0945868
735310,1;0,0945868
735326,6;0,09459123
735343,3;0,09459123
735359,8;0,09459344
735376,6;0,09459566
735392,9;0,09459566
735409,4;0,09459677
735426,3;0,09459677
735442,6;0,09459677
735459,1;0,09459677
735475,7;0,09459898
735492,4;0,09460346
735508,9;0,09460457
735525,4;0,09460457
735542;0,09460457
735558,6;0,09460346
735575,1;0,09460457
735591,7;0,09460568
735608,2;0,09460568
735624,8;0,09460568
735641,4;0,09461011
735657,9;0,09461011
735674,5;0,09461011
735691,1;0,09461237
735707,8;0,09461127
735724,2;0,09461127
735740,8;0,09461016
735757,3;0,09461237
735773,9;0,09461686
735790,7;0,09462367
735807,3;0,09463037
735823,6;0,09463037
735840,4;0,09464271
735856,9;0,09464271
735873,3;0,0946551
735889,9;0,09466291
735906,4;0,09466513
735923;0,09467758
735939,6;0,09468771
735956,4;0,09469103
735972,7;0,09469784
735989,6;0,09470902
736005,9;0,09471245
736022,4;0,09471245
736038,9;0,09473276
736055,6;0,09473276
736072,1;0,09473835
736088,7;0,09473835
736111,6;0,09474859
736122,1;0,09476088
736138,4;0,0947767
736154,9;0,0947767
736171,5;0,09478578
736188,1;0,09480156
736204,8;0,0948061
736221,3;0,09480831
736238;0,09481396
736254,3;0,09482741
736271,1;0,09483869
736287,5;0,09484439
736304;0,09485569
736321,1;0,09486244
736337,2;0,09487373
736353,8;0,09487373
736370,3;0,09488723
736386,8;0,0948962
736403,4;0,09490522
736420,1;0,09491862
736436,7;0,09492421
736453,1;0,09492759
736469,8;0,09493329
736486,3;0,0949422
736502,8;0,0949479
736519,5;0,09495465
736536,2;0,09496024
736552,6;0,09496251
736569,3;0,09496362
736585,8;0,09496357
736602,3;0,0949624
736618,8;0,0949624
736635,4;0,09495554
736652,5;0,09495106
736668,5;0,09494088
736685,1;0,09493291
736701,9;0,09492848
736718,2;0,09492499
736735,1;0,09492499
736751,6;0,0949183
736767,9;0,09490015
736784,5;0,09490015
736801;0,09487972
736818,3;0,09487065
736834,2;0,09487065
736850,9;0,09486052
736867,3;0,09485488
736883,9;0,09484585
736900,9;0,0948448
736917,5;0,09484591
736933,6;0,09484702
736950,4;0,09484923
736967;0,09484591
736983,6;0,09484591
736999,8;0,09484702
737016,4;0,09484928
737033,1;0,09484707
737049,6;0,09484818
737066,1;0,09484707
737082,6;0,09484707
737099,3;0,09484264
737115,8;0,09483811
737132,4;0,094837
737148,9;0,09483588
737165,5;0,09483472
737182,6;0,09483694
737198,8;0,09483694
737215,2;0,09483805
737231,9;0,09483578
737248,5;0,09483467
737264,9;0,09483246
737281,5;0,09483024
737298,1;0,09482581
737314,6;0,09482581
737331,2;0,09482254
737347,7;0,09482254
737364,4;0,09482365
737380,9;0,09482365
737397,4;0,09482254
737414;0,09482254
737430,6;0,09481922
737447,1;0,09482144
737463,7;0,09482144
737480,4;0,09481922
737496,8;0,09481806
737513,7;0,09481252
737530,2;0,09481474
737547,1;0,09481474
737563,1;0,09481474
737579,6;0,09481584
737596,3;0,09481142
737612,8;0,09481252
737629,8;0,09481142
737645,9;0,09481363
737662,5;0,09481252
737679,2;0,09481358
737695,6;0,09481358
737712,3;0,09481358
737728,8;0,09481695
737745,4;0,09481474
737761,9;0,09481468
737778,6;0,09480793
737795,1;0,09480456
737811,8;0,09480007
737828,2;0,09479664
737844,8;0,094791
737861,3;0,094791
737877,9;0,09478757
737894,8;0,09477644
737911;0,09476852
737927,6;0,09476171
737944,1;0,09476171
737961,1;0,09475148
737977,3;0,094747
737993,8;0,094747
738010,4;0,09474368
738027;0,09474368
738043,5;0,09473349
738060,1;0,09471413
738076,7;0,09470843
738093,3;0,09470616
738110,3;0,09469824
738126,4;0,09469482
738143,2;0,09469371
738159,7;0,09468795
738176,6;0,09468004
738192,6;0,0946755
738209,6;0,09466986
738225,8;0,09466537
738242,4;0,09466089
738258,9;0,09465181
738275,4;0,09465181
738292,1;0,09463604
738308,6;0,09463604
738325,3;0,09462021
738341,8;0,09461335
738358,3;0,09460776
738375;0,09460328
738391,4;0,09459763
738408;0,09458972
738424,6;0,09458628
738441,3;0,09457726
738457,7;0,09457157
738474,3;0,09457157
738490,9;0,09457046
738507,4;0,09455695
738524;0,09455357
738540,5;0,09455131
738557,1;0,09455131
738573,8;0,09454677
738590,5;0,09454339
738607,1;0,09454112
738623,4;0,09453891
738639,9;0,0945378
738656,5;0,09453669
738673,1;0,09453221
738689,6;0,09453215
738706,3;0,09452883
738722,8;0,09452883
738739,5;0,09452662
738756;0,09452662
738772,6;0,09452546
738789,6;0,09452435
738805,6;0,09452324
738822,2;0,09452213
738838,8;0,09452103
738855,4;0,09451992
738871,9;0,09452213
738888,4;0,09452435
738905,1;0,09452208
738921,6;0,09452097
738938,2;0,09451655
738954,7;0,09451433
738971,6;0,09451433
738988;0,09451433
739004,4;0,09451322
739021,7;0,09450874
739037,6;0,09450763
739054,1;0,09450763
739070,7;0,09450985
739087,3;0,09451544
739103,8;0,09451544
739120,5;0,09451655
739136,9;0,09452114
739153,5;0,09452678
739170,1;0,09453248
739187,1;0,09453818
739203,5;0,09454156
739219,8;0,0945472
739236,3;0,0945472
739252,9;0,09455628
739269,5;0,09455628
739286;0,09455628
739302,8;0,09456192
739319,3;0,09457764
739335,8;0,09458207
739352,3;0,09458771
739368,9;0,09458666
739385,6;0,09459225
739402,4;0,09459336
739418,6;0,09459901
739435,1;0,09460576
739451,8;0,09460803
739468,6;0,09461146
739484,9;0,09461146
739501,4;0,09461367
739517,9;0,09461927
739534,9;0,09461705
739551,4;0,09462264
739568,3;0,09462602
739584,6;0,09462939
739601,1;0,09463271
739617,7;0,0946316
739634,2;0,0946316
739650,8;0,09463836
739667,4;0,09464285
739683,9;0,09464174
739700,5;0,09464174
739717,2;0,09464063
739733,6;0,09464727
739750,2;0,09465181
739766,8;0,09465746
739783,3;0,09465746
739799,9;0,09466188
739816,8;0,09466188
739833,2;0,09466305
739849,6;0,09466305
739866,1;0,09466753
739882,8;0,09466869
739899,3;0,09466869
739915,9;0,0946698
739932,6;0,0946698
739949,3;0,09467661
739965,6;0,09468104
739982,1;0,09468552
739998,9;0,09469
740015,3;0,09469565
740031,9;0,09469565
740048,4;0,09470019
740065,3;0,09470019
740081,8;0,09470367
740098,3;0,09471048
740114,7;0,09471612
740131,5;0,09471723
740147,8;0,09471839
740164,4;0,09472409
740181,6;0,09472985
740197,5;0,09473439
740214,1;0,09473549
740231,3;0,09474114
740247,4;0,0947423
740263,8;0,09475248
740280,3;0,09476034
740296,9;0,0947682
740313,8;0,0947682
740330,2;0,09477263
740346,8;0,09478508
740363,2;0,09478845
740379,7;0,09479073
740396,6;0,09479073
740413,1;0,09480207
740429,4;0,09480545
740446,6;0,09481115
740462,6;0,09481115
740479,6;0,09482127
740495,8;0,0948303
740512,3;0,09483705
740528,8;0,09484275
740545,4;0,09484275
740561,9;0,09484507
740578,9;0,09484623
740595,1;0,09485293
740611,7;0,09486654
740628,3;0,09487113
740644,8;0,09487678
740661,4;0,09488464
740677,9;0,09488464
740695,3;0,09489471
740711,3;0,09489809
740727,7;0,0948992
740744,2;0,09491502
740760,8;0,09492062
740777,4;0,09492737
740793,9;0,09493307
740810,5;0,09494209
740827;0,09494209
740843,8;0,09495787
740860,4;0,09495676
740876,8;0,09496689
740893,3;0,09497475
740909,9;0,09498377
740926,4;0,09499506
740943;0,09499506
740959,6;0,09500518
740976,1;0,09501642
740992,7;0,09502091
741009,9;0,09502871
741025,8;0,09503558
741042,4;0,09504349
741058,9;0,09505019
741075,5;0,09505019
741092,5;0,09506042
741108,9;0,09506385
741125,6;0,09506723
741141,8;0,09507055
741158,4;0,09507055
741174,9;0,09506939
741191,4;0,09506939
741208,1;0,09506939
741224,6;0,09506828
741245,3;0,09507404
741257,9;0,09507736
741274,9;0,09508643
741291,4;0,09508876
741307,7;0,09509329
741324,2;0,09509446
741340,8;0,09510126
741357,4;0,09510126
741373,9;0,09510353
741390,5;0,09510696
741407,1;0,09511942
741424,1;0,09512168
741440,3;0,09512511
741456,8;0,09512854
741473,3;0,09513303
741489,9;0,09514089
741506,4;0,09514548
741523,3;0,09515455
741539,6;0,09515904
741556,1;0,09516136
741572,8;0,09516706
741589,3;0,09516933
741606,1;0,09516933
741622,4;0,09517957
741639;0,09518183
741655,7;0,09518638
741672,1;0,09519318
741688,7;0,09519318
741705,8;0,09520225
741721,8;0,09521592
741738,3;0,09521714
741755,6;0,09522051
741771,5;0,09522615
741788,1;0,09523191
741804,9;0,09523539
741821,8;0,09523539
741837,8;0,09523988
741854,3;0,09523988
741871,1;0,09525011
741887,4;0,09526716
741904;0,09527175
741920,6;0,09527624
741937,1;0,09528188
741954,3;0,09528304
741970,3;0,09528764
741987,1;0,09528764
742003,4;0,0952899
742020,4;0,09529914
742036,6;0,09530135
742053,5;0,09530816
742070,3;0,09531038
742086,3;0,09531491
742103,2;0,09531718
742119,4;0,09531829
742136,5;0,09532399
742152,5;0,09532399
742169,1;0,0953318
742185,7;0,09533412
742202,8;0,09533755
742219,3;0,09533755
742235,4;0,09533633
742251,9;0,09533744
742268,6;0,09534551
742285,3;0,09534895
742301,6;0,09534895
742318,4;0,09535232
742334,8;0,09535802
742351,3;0,09535802
742367,9;0,09535802
742384,4;0,09536151
742401,4;0,09536815
742417,6;0,09537268
742434,1;0,09537268
742450,8;0,09537728
742467,3;0,09537728
742483,8;0,09537955
742500,7;0,09538403
742516,9;0,09538973
742533,6;0,09540683
742550,1;0,09542503
742566,7;0,09542503
742583,3;0,09543543
742599,8;0,09545485
742616,4;0,09545485
742633;0,09547649
742649,6;0,0954891
742667,1;0,09549491
742682,7;0,09550874
742699,4;0,0955167
742715,8;0,09552705
742732,4;0,09553734
742748,9;0,09554879
742765,5;0,09555112
742782,1;0,09556025
742798,6;0,09556257
742815,2;0,09557856
742831,8;0,09557977
742848,3;0,09558885
742864,9;0,09559682
742881,5;0,09559792
742898;0,09561054
742914,6;0,09561054
742931,1;0,09562321
742947,8;0,09563461
742966,6;0,09564036
742980,8;0,09565187
742998,3;0,09565187
743014;0,09565983
743030,6;0,09567704
743047,1;0,09568849
743063,7;0,09569082
743081;0,09569198
743097,2;0,09570453
743113,4;0,09570686
743129,9;0,09571029
743146,6;0,09571377
743163,1;0,09574021
743179,9;0,09576312
743196,3;0,09577689
743212,8;0,09578492
743229,7;0,09578492
743246;0,09581739
743262,5;0,09582321
743279,3;0,09582321
743295,6;0,09584273
743312,2;0,09586475
743328,8;0,0958741
743345,3;0,0958845
743361,9;0,0958938
743379,3;0,09592274
743395;0,09592854
743411,6;0,09595057
743428,3;0,09596445
743444,7;0,09597956
743461,3;0,09600147
743478,3;0,09600606
743494,4;0,09602023
743511;0,09602477
743527,6;0,09604795
743544,1;0,09605253
743561,2;0,09608495
743577,3;0,09609757
743593,9;0,09611494
743610,6;0,09612313
743626,9;0,09612313
743643,8;0,09615201
743660,2;0,096167
743676,6;0,09618437
743693,5;0,09619477
743709,8;0,09619477
743726,4;0,09622266
743742,9;0,09622604
743759,6;0,09623196
743776,1;0,09623428
743792,8;0,0962562
743809,2;0,09627943
743829,1;0,09628745
743845,8;0,09628745
743863,1;0,0963233
743878,9;0,09633719
743895,4;0,09634876
743912;0,09636608
743928,5;0,09637188
743945,1;0,09638693
743961,9;0,09638693
743978,2;0,09640751
743994,8;0,09642483
744011,4;0,09642588
744028;0,09643285
744044,5;0,09643395
744061,4;0,09644198
744077,6;0,09644662
744094,2;0,09645122
744110,8;0,09645122
744127,8;0,09645808
744143,9;0,09645918
744160,4;0,09645918
744177;0,09646267
744194;0,09646604
744210,2;0,09647285
744226,7;0,09647285
744243,9;0,0964786
744259,8;0,09648547
744276,4;0,09648651
744293;0,09648773
744309,6;0,09649227
744326,1;0,09649692
744342,6;0,09649918
744359,3;0,09650256
744375,8;0,09650256
744392,8;0,09650483
744408,9;0,09650483
744425,6;0,09650483
744442,1;0,09650831
744458,6;0,09650831
744475,3;0,09651063
744491,8;0,0965118
744508,4;0,09650726
744525,1;0,09650262
744541,5;0,09650262
744558,1;0,09649692
744574,6;0,09648994
744591,2;0,09648657
744607,8;0,09648657
744625,1;0,09647965
744641;0,09647849
744657,8;0,09647849
744674,4;0,09647153
744692,7;0,09646571
744709,4;0,09647031
744726,2;0,09646804
744742,4;0,09646804
744759;0,09646804
744775,5;0,09647153
744792,1;0,09647617
744808,6;0,09648193
744825,2;0,09648193
744841,8;0,09648193
744858,3;0,09649122
744874,9;0,0964947
744891,5;0,09650051
744908,1;0,09650283
744924,6;0,09650167
744941,2;0,09650631
744957,8;0,0965098
744974,4;0,09651212
744991,2;0,09651212
745007,7;0,09651329
745024,1;0,09651329
745040,6;0,0965156
745057,3;0,0965156
745073,8;0,0965156
745090,5;0,09651212
745106,9;0,09650747
745123,5;0,09650051
745140,3;0,09649586
745156,6;0,09649238
745173,2;0,0964843
745190,2;0,0964843
745206,7;0,09647269
745222,9;0,09646333
745239,4;0,09645985
745256;0,09645166
745272,5;0,0964505
745289,1;0,09642727
745305,7;0,09642146
745322,5;0,09640857
745338,8;0,09640165
745355,4;0,09639927
745372;0,09638644
745388,5;0,09637825
745405;0,09634799
745422;0,09633759
745438,2;0,09632137
745454,8;0,09630743
745471,3;0,09630743
745487,9;0,09629449
745504,4;0,09627689
745521;0,09626528
745537,6;0,09625952
745554,1;0,09624431
745570,9;0,09623618
745587,3;0,09622218
745603,9;0,0962105
745620,6;0,09620243
745637,4;0,09618732
745653,8;0,09618732
745670,1;0,09618732
745686,7;0,09618732
745703,4;0,09617925
745719,9;0,09615828
745736,4;0,09614091
745753,4;0,09611413
745769,9;0,09610478
745786,1;0,09609664
745803,1;0,09609664
745819,2;0,09607114
745836,6;0,09606312
745852,9;0,09605045
745869,1;0,09604221
745885,6;0,09604221
745902,6;0,09601891
745918,6;0,09600613
745935,2;0,09599573
745951,9;0,0959876
745968,4;0,09598301
745984,9;0,09597377
746001,4;0,09596913
746018;0,09596448
746035,1;0,09596565
746051,1;0,09596448
746067,9;0,09596216
746084,3;0,09595983
746100,8;0,09595641
746117,4;0,09595414
746134;0,09595303
746150,6;0,09595303
746167,1;0,09595192
746183,7;0,09595303
746201,1;0,09595419
746217,1;0,09595535
746233,6;0,0959553
746250,2;0,09595646
746266,9;0,09595646
746283,3;0,09595762
746299,7;0,09595762
746316,3;0,09596337
746332,8;0,09596337
746349,4;0,0959657
746365,9;0,09597494
746382,5;0,0959819
746399,1;0,09598655
746415,6;0,0959923
746432,2;0,09599922
746448,8;0,09600143
746465,3;0,09600608
746481,9;0,09601653
746498,5;0,0960246
746515,6;0,0960292
746531,6;0,0960292
746548,2;0,09603959
746564,7;0,09604535
746581,3;0,09604535
746597,9;0,09605227
746614,6;0,09605343
746631,3;0,09606377
746647,6;0,09607306
746664,1;0,09607306
746680,7;0,09607655
746697,5;0,09608003
746713,9;0,09608584
746730,6;0,09608816
746746,9;0,09608933
746763,6;0,09608933
746780,1;0,09609164
746796,6;0,09609513
746813,3;0,09609629
746830,2;0,09609862
746846,4;0,09609862
746862,9;0,09610442
746879,5;0,09610442
746896,1;0,0961021
746912,6;0,0961021
746929,2;0,09610326
746945,8;0,09610326
746962,3;0,09610442
746978,9;0,09610558
746996,4;0,09610558
747012;0,09611139
747028,6;0,09611371
747045,2;0,09611836
747061,7;0,09611836
747078,8;0,09612184
747094,9;0,09612533
747111,4;0,09612998
747128;0,09613229
747144,7;0,09613927
747161,3;0,09614507
747177,7;0,09614623
747194,3;0,09615547
747210,8;0,09615547
747227,4;0,09615774
747243,9;0,09616587
747261,4;0,09617279
747283,9;0,09618086
747300,6;0,0961844
747317,1;0,0961844
747333,7;0,09619021
747350,3;0,09619945
747366,8;0,09619945
747383,4;0,09621681
747399,9;0,09622256
747416,5;0,0962307
747433,1;0,09624226
747449,6;0,0962562
747466,2;0,09626439
747483,1;0,09628083
747499,8;0,09628779
747515,9;0,0962972
747532,5;0,09631009
747549,3;0,09633234
747565,6;0,09635104
747582,2;0,09635104
747598,8;0,09635104
747615,3;0,09635569
747631,8;0,09638043
747648,4;0,09642381
747665;0,09645082
747681,6;0,09646244
747698,1;0,09648353
747714,8;0,09649538
747731,3;0,0965246
747748,3;0,0965246
747764,9;0,09657164
747780,9;0,09657507
747797,6;0,09659854
747814,1;0,096622
747830,8;0,096622
747847,5;0,09665964
747863,9;0,09667131
747880,4;0,09667131
747896,9;0,09671819
747913,5;0,09672412
747930,5;0,09675333
747946,8;0,09676396
747963,3;0,09678272
747979,8;0,09679428
747996,3;0,09681199
748012,9;0,09682488
748029,5;0,09682959
748046;0,09684956
748063,1;0,09685775
748079,2;0,09686838
748095,9;0,09689638
748112,3;0,0969163
748129,1;0,09692687
748145,4;0,09693141
748163,4;0,09694314
748178,6;0,09696638
748195,3;0,09697688
748211,7;0,09697688
748228,4;0,09698159
748245,3;0,09698275
748262;0,09698275
748278,3;0,09699669
748294,8;0,09701417
748311,2;0,09702119
748327,6;0,09702933
748344,8;0,09703519
748360,8;0,09703635
748377,4;0,09703635
748393,9;0,09703873
748411,3;0,09703873
748427,1;0,09704222
748443,9;0,09704454
748460,2;0,09704802
748476,9;0,09704802
748493,4;0,09704802
748509,9;0,09705035
748526,5;0,09705035
748543;0,09706103
748559,8;0,09707282
748576,2;0,09708333
748593;0,09708809
748609,3;0,0971047
748625,9;0,09711893
748642,4;0,09712845
748659;0,09714507
748675,9;0,09716289
748692,1;0,09717602
748708,8;0,09719036
748725,7;0,09720098
748741,8;0,09722126
748758,4;0,09722126
748774,9;0,09723542
748791,6;0,09726411
748808,8;0,09727607
748824,7;0,09728078
748841,8;0,09728444
748857,8;0,0972975
748874,4;0,09729994
748891;0,09730348
748907,5;0,09731185
748924,1;0,0973439
748941;0,09737114
748957,2;0,09737944
748973,8;0,09738897
748990,4;0,09739837
749006,9;0,09740668
749023,6;0,0974126
749040,3;0,09741975
749066,3;0,09744704
749082,9;0,09746359
749099,5;0,09746945
749116,3;0,09746945
749139,1;0,09748827
749160,7;0,09750249
749177,3;0,09751666
749194,6;0,09752375
749211;0,09753322
749227;0,09754738
749243,7;0,09756405
749260,1;0,0975759
749276,7;0,09758786
749293,3;0,09760801
749309,8;0,09762816
749326,4;0,09763763
749342,9;0,0976615
749359,6;0,0976615
749376,1;0,09766864
749392,6;0,09768658
749409,3;0,09770796
749425,8;0,09773421
749442,4;0,09775227
749459,1;0,09776904
749475,9;0,09777857
749492,1;0,09777979
749508,7;0,09777979
749525,2;0,09779181
749542,5;0,09779901
749558,4;0,09782073
749575;0,09785801
749591,5;0,09787131
749608,1;0,09788467
749624,6;0,09789912
749641,2;0,09790877
749657,7;0,09791841
749674,3;0,09791841
749691,3;0,0979342
749707,6;0,09794872
749724;0,0979536
749740,6;0,09795964
749757,1;0,09796324
749773,8;0,0979705
749790,3;0,09797044
749807,2;0,09798008
749823,6;0,09798612
749840,4;0,09798612
749857,2;0,09799698
749873,1;0,09801016
749889,6;0,09801382
749906,3;0,09801742
749922,9;0,09801742
749940,1;0,09802462
749956,8;0,09803902
749973,6;0,09803908
749989,8;0,09804146
750006,4;0,09805836
750023,1;0,09806678
750039,6;0,09807392
750056,8;0,09808113
750072,7;0,09808711
750089,4;0,09808955
750105,8;0,09809913
750122,4;0,09811237
750139,1;0,09811237
750155,5;0,09812195
750172,1;0,09812195
750188,7;0,09813508
750205,2;0,09816504
750221,8;0,09818647
750238,9;0,09820453
750255,1;0,09822369
750271,5;0,09823333
750288,4;0,09824292
750304,6;0,0982705
750321,2;0,09828484
750337,7;0,098309
750354,3;0,09832329
750371,1;0,09834135
750387,4;0,09836167
750404,2;0,098382
750420,6;0,09839866
750437,1;0,09842142
750454,1;0,09843577
750470,3;0,09843577
750486,8;0,09846446
750503,4;0,09848722
750519,9;0,09849907
750536,6;0,09850749
750553,1;0,09851347
750569,6;0,09853397
750586,7;0,09854483
750602,8;0,09854483
750619,4;0,09855325
750635,9;0,09855691
750652,7;0,09856289
750669,1;0,09856289
750685,6;0,09856777
750702,3;0,09856533
750718,8;0,09856893
750735,7;0,09857381
750751,9;0,09857503
750768,4;0,09857259
750786;0,09857259
750801,6;0,09857503
750818,5;0,09857503
750844;0,09858113
750858;0,09858473
750874,6;0,09859674
750891,1;0,0986004
750907,7;0,0986004
750924,3;0,09861121
750940,8;0,09861731
750957,4;0,09861731
750973,9;0,09862091
750990,9;0,09862944
751007,1;0,09863426
751023,8;0,09863426
751040,3;0,09863426
751057;0,09864751
751073,5;0,09865238
751089,9;0,0986583
751106,5;0,09866312
751123,3;0,09867027
751139,6;0,09868107
751156,2;0,09868107
751173,6;0,09868699
751189,9;0,09869779
751205,9;0,09870145
751222,5;0,09870511
751239;0,09871475
751256,1;0,09871347
751272,1;0,09871347
751288,7;0,09870987
751305,3;0,09871469
751321,8;0,09871463
751338,4;0,09871219
751355;0,09870975
751371,5;0,09870975
751388,1;0,09870616
751404,7;0,0987025
751421,3;0,0987025
751437,8;0,09870366
751454,4;0,09870122
751470,9;0,09869634
751488,1;0,09868902
751504,1;0,09868298
751520,6;0,09868298
751558;0,09867573
751574,8;0,09866475
751591,4;0,09865865
751608,1;0,09863676
751624,5;0,09863554
751641,1;0,09862346
751657,6;0,0986162
751674,3;0,09861376
751690,8;0,09860528
751707,4;0,09860285
751723,9;0,09860285
751749,3;0,0985968
751765,9;0,09859686
751782,6;0,09859686
751799;0,09859443
751815,6;0,09859558
751832,2;0,09859558
751848,7;0,09859558
751865,3;0,0985968
751881,8;0,09859924
751898,4;0,09860168
751915;0,09860168
751931,6;0,09860656
751948,6;0,0986126
751964,7;0,09861498
751981,2;0,09861498
751997,9;0,09861986
752014,3;0,09862224
752030,9;0,09862468
752047,5;0,0986295
752064;0,0986295
752080,9;0,09863194
752097,2;0,09863316
752113,8;0,09863798
752130,4;0,0986392
752147,1;0,0986392
752163,4;0,09864529
752180;0,09865256
752196,6;0,09865256
752213,8;0,09865499
752229,8;0,09865743
752246,3;0,09865987
752262,9;0,09866231
752279,5;0,09866597
752295,9;0,09866353
752312,6;0,09866353
752329,1;0,09866353
752345,9;0,09866475
752362,8;0,09866353
752378,8;0,09866109
752395,4;0,09866109
752412,4;0,09866231
752428,9;0,09866109
752445,5;0,09866231
752464,1;0,09866719
752480,6;0,09867079
752497,3;0,0986781
752514;0,09868055
752530,3;0,09868908
752547,1;0,09868908
752564,4;0,09870268
752580;0,09870512
752596,6;0,09871122
752613,2;0,09871975
752630,1;0,09872586
752647,4;0,09873074
752664;0,09873439
752680,7;0,09873439
752697,1;0,09873677
752713,8;0,09873799
752730,3;0,09873921
752746,8;0,09873921
752763,9;0,09874775
752779,9;0,09875385
752796,5;0,09875867
752813,1;0,0987647
752829,6;0,09876592
752846,2;0,09876592
752863,1;0,09876592
752879,3;0,09877202
752895,9;0,09877324
752912,6;0,09877202
752929,4;0,09877324
752945,6;0,0987805
752962,5;0,0987902
752978,8;0,0987902
752995,3;0,0987902
753011,9;0,09880111
753028,4;0,09880472
753045;0,09880953
753061,6;0,09880953
753078,8;0,09881441
753094,8;0,09881563
753112,1;0,09882167
753128,7;0,09882899
753144,4;0,09883143
753160,9;0,09883387
753177,6;0,09883991
753194,1;0,09884113
753210,7;0,09884235
753227,3;0,09884235
753243,8;0,09884839
753260,8;0,09885327
753276,9;0,0988593
753293,5;0,0988654
753310,1;0,09886784
753326,7;0,09887272
753343,6;0,09887272
753359,8;0,09887272
753377;0,09887638
753393,5;0,09887638
753409,5;0,09889223
753426,1;0,09890803
753442,6;0,09891535
753459,5;0,09891656
753475,8;0,09891656
753492,3;0,09892266
753509,1;0,0989348
753525,6;0,09894083
753542,4;0,09894815
753558,6;0,09894815
753577,9;0,09894815
753592,4;0,09895663
753609,1;0,09896151
753625,7;0,09896511
753642,2;0,09896511
753659,2;0,09897354
753675,3;0,09897597
753691,9;0,09898445
753708,4;0,09898567
753725,1;0,09898927
753741,6;0,09899165
753758,1;0,09899409
753775;0,09899409
753791,3;0,09899531
753807,9;0,09899775
753824,4;0,09899775
753841,5;0,09899896
753857,6;0,09900019
753874,1;0,09900141
753890,7;0,09899896
753907,3;0,09899896
753923,8;0,09900384
753940,4;0,09900507
753957;0,09900384
753973,5;0,09900263
753990,1;0,09900263
754006,6;0,09900263
754023,2;0,09900263
754040;0,09901482
754056,5;0,09901604
754072,9;0,09901604
754089,5;0,0990197
754106,3;0,0990197
754122,6;0,09901726
754139,2;0,0990136
754155,8;0,09901482
754172,3;0,09901482
754188,9;0,09900872
754205,7;0,09900629
754222;0,09900513
754238,8;0,09900513
754255,1;0,09899902
754271,8;0,09899293
754288,7;0,09899177
754304,9;0,09898201
754321,4;0,09897354
754337,9;0,09897354
754354,6;0,09896865
754372;0,09896255
754387,7;0,09895652
754404,3;0,09895292
754420,9;0,09894926
754437,4;0,09894078
754453,9;0,09894078
754475,3;0,0989323
754491,9;0,0989323
754509,1;0,09891523
754525,3;0,09891157
754542,4;0,09890303
754558,6;0,09889931
754574,8;0,09889565
754591,4;0,09888943
754607,9;0,09888455
754624,4;0,09888455
754641,1;0,09887967
754657,6;0,09887846
754674,8;0,09886626
754690,8;0,09886016
754707,3;0,09885772
754723,9;0,09885406
754740,7;0,09885406
754757,3;0,09885284
754773,6;0,0988565
754790,2;0,0988565
754806,7;0,0988565
754823,9;0,09885529
754839,9;0,0988565
754856,4;0,0988565
754873;0,0988565
754889,5;0,09885772
754906,1;0,09885772
754922,7;0,09885772
754939,2;0,0988565
754956,4;0,0988565
754972,6;0,09885529
754988,9;0,0988565
755005,6;0,0988565
755022,1;0,0988565
755038,6;0,09885284
755055,5;0,09885163
755071,8;0,09885163
755088,3;0,09885406
755104,9;0,09885406
755122,2;0,09885406
755138,1;0,09885406
755155,1;0,09885284
755171,7;0,09885406
755188,1;0,09885406
755204,3;0,09885406
755220,9;0,09885406
755237,4;0,09885163
755254;0,09885163
755270,6;0,09885163
755287,1;0,09885163
755303,7;0,09884918
755320,3;0,09884187
755336,9;0,09883339
755354,1;0,09883095
755370;0,09882973
755386,6;0,09882851
755407,8;0,09881876
755424,4;0,09881266
755441,4;0,09881028
755457,4;0,09880906
755474,1;0,09880418
755490,8;0,09880418
755507,2;0,09880053
755524,2;0,0987932
755540,5;0,09878594
755556,9;0,09878106
755573,4;0,09877985
755590,3;0,09877741
755606,6;0,09877625
755623,2;0,09877259
755640,2;0,09876649
755656,4;0,09876533
755672,9;0,09876289
755689,8;0,09875801
755706;0,09875558
755722,6;0,09875313
755739,1;0,09874947
755755,8;0,09874947
755772,3;0,09874704
755788,8;0,09874582
755805,9;0,09874582
755821,9;0,09874582
755838,5;0,09874094
755855,1;0,09873606
755871,7;0,09873606
755888,3;0,09873118
755904,9;0,09873118
755921,3;0,09872752
755937,9;0,09872752
755954,4;0,09872387
755971,1;0,09871655
755987,7;0,09871167
756004,2;0,09870685
756020,8;0,09869832
756037,3;0,09869832
756053,9;0,09868252
756070,4;0,0986813
756087,1;0,0986752
756103,8;0,09866672
756120,2;0,09866551
756137,6;0,09866185
756153,3;0,0986594
756170,2;0,09865337
756186,9;0,09864977
756203;0,09864855
756219,8;0,09864733
756236,1;0,09864733
756252,7;0,09864257
756269,5;0,09863769
756288,3;0,09864129
756304,9;0,09864129
756321,7;0,09864495
756337,9;0,09864367
756354,6;0,09863885
756371,1;0,09863885
756387,7;0,09863885
756404,4;0,09864001
756420,8;0,09863757
756437,4;0,09863757
756454,1;0,09863519
756470,5;0,09863269
756487,1;0,09862909
756503,7;0,09862787
756520,2;0,0986255
756536,8;0,0986255
756553,4;0,09862433
756569,9;0,09862555
756586,5;0,09862433
756603,4;0,09861109
756619,6;0,09860743
756636,2;0,09860139
756652,8;0,09860017
756669,3;0,09860017
756685,9;0,09859414
756702,8;0,09859053
756719,2;0,09858687
756735,6;0,09858687
756752,7;0,098582
756768,8;0,09857352
756786;0,0985687
756801,8;0,09856382
756818,4;0,09855656
756834,9;0,09855168
756851,9;0,09854925
756868,1;0,0985432
756884,7;0,09853838
756901,8;0,09852991
756918;0,09852991
756934,9;0,09852631
756951,1;0,09851655
756967,5;0,09850929
756984,3;0,09850563
757000,8;0,09850563
757017,3;0,09849715
757033,9;0,09849472
757050,6;0,09849349
757067;0,09848867
757083,6;0,09848264
757100,1;0,09847897
757116,9;0,09847294
757133,3;0,09847294
757152,6;0,09846928
757166,3;0,09846568
757182,9;0,09846568
757199,4;0,09846446
757216,4;0,09846202
757232,6;0,09845238
757249,1;0,09844268
757265,9;0,09843786
757282,3;0,09843786
757299,1;0,09843542
757315,5;0,09843298
757332;0,09843536
757348,8;0,09843293
757365,2;0,09843048
757381,6;0,09843293
757398,3;0,09843293
757415;0,09843659
757431,5;0,09845122
757448,4;0,09846091
757464,7;0,09846457
757481,2;0,09846457
757498,1;0,09849037
757514,4;0,09849659
757531,1;0,09851374
757547,4;0,09852111
757564;0,09853459
757580,5;0,09854691
757597,1;0,09855668
757613,6;0,09857021
757630,2;0,09858009
757646,8;0,09858748
757663,3;0,09859601
757680,2;0,09860949
757696,7;0,09861437
757713;0,0986229
757729,6;0,09862656
757746,5;0,09863266
757762,7;0,09863266
757779,6;0,09863998
757795,9;0,09864364
757813,3;0,09864607
757829;0,09864486
757845,5;0,09864607
757862,4;0,09864852
757879,6;0,09864486
757895,3;0,0986473
757911,8;0,09864607
757928,4;0,09864607
757945,6;0,09863882
757961,5;0,09863516
757978,1;0,0986376
757994,7;0,09863272
758011,3;0,0986315
758027,8;0,09863156
758044,4;0,09863162
758061,7;0,09863278
758077,5;0,09863162
758094,1;0,09863034
758110,6;0,09863156
758127,2;0,09863162
758143,8;0,0986304
758160,3;0,09863283
758177;0,09862924
758193,5;0,09863046
758210,3;0,09863167
758226,8;0,09863167
758243,2;0,09863156
758259,7;0,0986279
758276,7;0,09863034
758292,9;0,09863034
758310,3;0,09862436
758326;0,09862192
758342,5;0,09862436
758359,1;0,09862319
758375,9;0,0986243
758392,6;0,0986243
758408,8;0,09862314
758425,4;0,0986279
758441,9;0,0986279
758458,5;0,09862795
758475,3;0,09862795
758491,6;0,09862795
758508,3;0,09862801
758524,8;0,09862198
758541,3;0,09862198
758557,9;0,09862314
758574,4;0,09862314
758591,1;0,09862314
758607,7;0,09862448
758624,7;0,09862569
758640,8;0,09862325
758657,3;0,09862448
758673,9;0,09862082
758690,4;0,0986196
758707,3;0,09862198
758723,6;0,09862203
758741;0,09861965
758756,8;0,09861843
758773,9;0,09862088
758789,9;0,09862209
758806,6;0,09862082
758823;0,09861361
758839,6;0,09861007
758856,1;0,09860642
758872,7;0,09860642
758889,4;0,09860642
758905,8;0,09860153
758922,4;0,09859788
758942;0,09859428
758958,6;0,09859549
758975,2;0,0985883
758991,7;0,0985847
759008,3;0,09858104
759024,8;0,09857389
759041,4;0,09856913
759058;0,09856193
759074,5;0,09855705
759091,1;0,09855833
759107,7;0,09855833
759124,3;0,09855467
759140,8;0,09854991
759157,4;0,09853667
759173,9;0,09851867
759190,5;0,09851745
759207,1;0,09851262
759224,2;0,09850438
759240,2;0,09849486
759257,1;0,09848655
759273,6;0,09848052
759290,7;0,09847099
759306,6;0,09846501
759323,1;0,09846501
759339,8;0,09844712
759356,1;0,09843278
759373,6;0,09842192
759389,4;0,09841722
759405,9;0,09840154
759422,4;0,09837268
759439;0,09834857
759455,6;0,09833656
759472,3;0,09830769
759488,7;0,09829195
759505,3;0,09827749
759521,9;0,09826034
759538,4;0,09821568
759555;0,09819273
759571,6;0,09816612
759588,1;0,09816612
759604,7;0,09812517
759621,6;0,09808771
759637,8;0,09805878
759654,4;0,09804194
759670,9;0,09804194
759687,5;0,09797584
759704,1;0,09794831
759720,6;0,09793159
759737,2;0,09791597
759754;0,097904
759770,3;0,097904
759787,3;0,09789082
759808,7;0,09785499
759820,1;0,09785261
759836,6;0,09781086
759853,1;0,09777386
759870,3;0,09776916
759886,3;0,09774651
759902,8;0,09772631
759919,4;0,09770848
759936;0,09770011
759952,6;0,09767997
759969,1;0,09766806
759985,7;0,09764907
760002,3;0,09763844
760018,9;0,09761939
760035,4;0,09760395
760052,8;0,09759083
760068,6;0,09759083
760085,1;0,09756602
760101,7;0,09754228
760118,5;0,09753989
760135,8;0,09751853
760151,4;0,09749837
760167,9;0,09748176
760184,5;0,09745917
760201,1;0,09744739
760217,6;0,09743426
760234,3;0,09743194
760251,6;0,09739646
760267,3;0,09737985
760284,3;0,09736202
760300,5;0,09735023
760317;0,0973313
760333,6;0,09731121
760350,2;0,09730882
760367;0,09728641
760383,8;0,09728641
760400,8;0,09727334
760416,4;0,09727334
760433;0,09726399
760449,7;0,09722839
760466,1;0,09718338
760482,7;0,09716324
760499,3;0,09714198
760515,8;0,0971313
760532,4;0,0971313
760548,9;0,0970957
760565,8;0,09707793
760582,5;0,09705661
760598,6;0,09705661
760615,3;0,09704477
760635,9;0,09700336
760652,5;0,09698675
760669,1;0,09697618
760685,7;0,09696782
760702,3;0,09692658
760718,8;0,09690051
760735,4;0,09690051
760751,9;0,09686038
760769,1;0,09684853
760785,6;0,09682838
760801,6;0,09681781
760818,2;0,09679893
760834,8;0,09679893
760851,3;0,09677048
760868,3;0,09675869
760884,6;0,09674098
760901;0,09672333
760917,6;0,09671276
760934,4;0,09669621
760950,7;0,09668314
760967,5;0,09668314
760983,8;0,09663953
761000,9;0,09663604
761016,9;0,09662188
761033,6;0,09662188
761050,2;0,09662188
761066,6;0,09661363
761083,3;0,09660532
761099,9;0,09657234
761116,4;0,09654289
761132,9;0,09652763
761149,6;0,09652763
761166,1;0,09651938
761182,6;0,09648784
761199,3;0,09647599
761215,9;0,0964689
761232,4;0,09645601
761248,9;0,09644771
761265,9;0,09643365
761282,1;0,09642779
761298,6;0,09641135
761315,2;0,09641135
761331,8;0,0963973
761348,3;0,09638673
761364,9;0,09637506
761381,5;0,09635989
761398;0,09635408
761414,6;0,09634479
761431,1;0,09633654
761447,7;0,09633654
761469;0,09631668
761481,1;0,0963132
761497,4;0,09630739
761514,1;0,09629571
761530,7;0,09628526
761547,1;0,09627945
761563,7;0,09627945
761580,9;0,09626557
761596,8;0,09625406
761613,4;0,09624942
761629,9;0,09624366
761646,5;0,09624366
761663,1;0,09624018
761680,3;0,09624018
761696,3;0,09623907
761712,8;0,09623559
761729,4;0,09621716
761745,9;0,09619178
761762,5;0,09618364
761779,1;0,09617203
761795,6;0,09616628
761812,3;0,09616163
761828,9;0,09615245
761845,5;0,09614553
761861,9;0,09613513
761878,5;0,09612938
761895;0,09612363
761912,1;0,09611671
761928,2;0,09611671
761945,1;0,09609707
761961,3;0,09609707
761978,1;0,09608446
761994,4;0,09607866
762011,1;0,09606826
762027,8;0,09606372
762044,1;0,09606372
762060,7;0,09605105
762077,3;0,09603959
762093,8;0,09603379
762110,4;0,0960292
762126,9;0,09602688
762143,9;0,09602118
762160,4;0,09601769
762176,8;0,09601653
762193,3;0,09601769
762210,3;0,09602001
762226,3;0,09602234
762243,5;0,09602466
762259,5;0,0960293
762276,1;0,0960293
762292,6;0,0960293
762309,2;0,0960293
762325,8;0,09603163
762342,3;0,09603163
762359,9;0,09603512
762376,9;0,09604203
762393,1;0,09604203
762409,6;0,09604203
762426,8;0,09604551
762442,8;0,09604551
762459,5;0,09604783
762475,9;0,09604551
762492,9;0,09604435
762509,1;0,09604319
762525,6;0,09604319
762542,2;0,0960397
762558,7;0,09603738
762575,3;0,09603738
762592,3;0,09603738
762608,8;0,09603279
762625;0,09603158
762641,6;0,09602925
762658,1;0,09602693
762675,3;0,09602576
762691,8;0,0960292
762708,4;0,09602809
762725,7;0,09603041
762742,1;0,0960293
762758,1;0,0960293
762774,7;0,09603395
762791,2;0,09603279
762808,1;0,09603279
762824,4;0,09603047
762841,6;0,09602698
762857,5;0,09602698
762874,3;0,09602582
762890,8;0,09602466
762907,2;0,09601885
762923,8;0,09601537
762940,3;0,09601537
762956,9;0,09601537
762973,4;0,0960131
762990;0,0960131
763006,6;0,0960131
763023,1;0,09601194
763039,9;0,09600961
763057,1;0,09600961
763072,9;0,09600729
763089,4;0,09600729
763105,9;0,09600381
763122,6;0,09600613
763139,3;0,09600502
763155,8;0,09600502
763172,6;0,09600961
763191,2;0,09601305
763207,8;0,09601188
763224,3;0,09601305
763241,1;0,09601305
763257,4;0,09601885
763274;0,09602118
763290,5;0,0960235
763307,1;0,09602234
763324,4;0,09602576
763340,3;0,09602693
763356,8;0,09602576
763373,8;0,09602809
763389,9;0,09602688
763406,5;0,09602915
763423,4;0,09603025
763439,6;0,09603374
763456,3;0,09603606
763472,8;0,09603838
763489,4;0,09603838
763505,9;0,09603954
763522,4;0,09603833
763539,1;0,09604408
763555,6;0,09604983
763572,3;0,09605215
763588,8;0,09605215
763605,4;0,09605443
763621,9;0,09605907
763638,6;0,09606482
763655;0,09608551
763671,6;0,096089
763688,3;0,09609824
763704,7;0,09610283
763722,1;0,09610399
763738,3;0,09611318
763754,4;0,09611549
763771;0,09611898
763787,6;0,09613286
763804,1;0,09613746
763820,9;0,09614896
763837,3;0,09615012
763853,8;0,09615704
763870,4;0,09615704
763886,9;0,09617899
763903,5;0,09618353
763920,1;0,09619509
763936,6;0,0961998
763953,3;0,09621595
763970,7;0,0962242
763986,3;0,09623111
764002,9;0,09624749
764022,1;0,0962683
764036,1;0,09628689
764052,8;0,09630205
764069,2;0,09631494
764086;0,09632656
764102,4;0,09634764
764118,9;0,09634764
764135,4;0,09636635
764152,1;0,09638279
764168,6;0,09639219
764185,2;0,09639568
764201,8;0,09639574
764218,8;0,0964005
764235,8;0,09640171
764251,4;0,09640171
764268;0,09640526
764284,8;0,09641478
764301,6;0,09642883
764317,7;0,09642767
764334,9;0,09643348
764351;0,09643818
764367,4;0,0964487
764384;0,09644986
764400,5;0,09644986
764417,1;0,09645921
764433,6;0,09646037
764450,8;0,09647083
764466,8;0,09648133
764483,4;0,09648958
764499,9;0,09649307
764516,5;0,09649307
764533,1;0,09650828
764549,6;0,09651873
764566,3;0,0965246
764582,8;0,09653743
764599,3;0,09653743
764616,4;0,09654905
764632,5;0,09656543
764649,1;0,09657594
764665,6;0,09658413
764682,1;0,09658883
764698,9;0,09660289
764715,6;0,09660991
764731,9;0,09661345
764748,4;0,09662525
764765;0,09663692
764781,6;0,09664866
764798,3;0,09664866
764814,7;0,09665801
764831,3;0,09666973
764847,8;0,09668257
764864,4;0,09668257
764881,2;0,09668257
764897,8;0,09668837
764916,4;0,09670841
764933,1;0,09672944
764949,6;0,09673989
764966,7;0,09675638
764982,8;0,09676451
764999,5;0,09676451
765015,9;0,09678327
765032,5;0,09678914
765049;0,0967997
765065,6;0,09681265
765082,1;0,09681265
765098,7;0,09683727
765115,3;0,09683611
765131,8;0,09685022
765148,4;0,09686068
765165;0,09687015
765181,5;0,09687363
765198,1;0,09687363
765214,7;0,09688072
765231,3;0,09690192
765247,9;0,09691016
765264,4;0,09691487
765281,1;0,09691609
765297,5;0,09694199
765314,4;0,09695377
765330,6;0,09696324
765347,4;0,09696324
765363,8;0,09698438
765380,9;0,09699733
765396,9;0,09700906
765413,6;0,0970173
765430,1;0,0970173
765446,6;0,09704094
765463,2;0,09705633
765479,9;0,09706928
765496,3;0,0970799
765513,3;0,09708815
765529,5;0,09708815
765546,7;0,0971011
765562,6;0,09712595
765579,2;0,09715552
765595,7;0,09717084
765612,5;0,09718745
765629,3;0,097191
765645,4;0,097191
765662,2;0,09720761
765678,5;0,09722532
765695,1;0,09723826
765712;0,09723826
765728,9;0,09725592
765744,8;0,09725709
765763,2;0,09725946
765777,9;0,09726765
765794,5;0,09727114
765811,8;0,09727462
765828,4;0,09727462
765844,2;0,09728043
765860,9;0,09728397
765877,3;0,09728641
765894,3;0,09728879
765910,7;0,09728879
765927,1;0,09728874
765943,9;0,09728885
765960,1;0,09728768
765976,8;0,09728176
765993,3;0,09727578
766009,9;0,09727346
766026,4;0,09727108
766043,1;0,09726986
766059,7;0,09726162
766076,1;0,09725923
766093,2;0,09725923
766109,3;0,09725807
766125,9;0,09725447
766142,4;0,09725447
766159;0,09725081
766175,6;0,09725081
766192,1;0,09725557
766208,8;0,09726504
766225,8;0,09727334
766241,8;0,09727334
766258,4;0,09727683
766274,9;0,09727799
766291,7;0,09728874
766308,3;0,09729587
766324,6;0,09729948
766341,3;0,097309
766357,8;0,09731144
766374,8;0,0973198
766390,9;0,09732694
766407,6;0,0973281
766424;0,09733652
766441,2;0,09733652
766457,1;0,09735685
766473,8;0,09736283
766490,3;0,09736753
766506,9;0,09737468
766523,6;0,09737468
766540,5;0,09738426
766556,6;0,09739378
766573,1;0,09739378
766589,8;0,09740099
766606,6;0,097413
766626,3;0,09741417
766639,4;0,09741417
766656,1;0,09742137
766672,7;0,09743089
766689,6;0,09743438
766705,8;0,09743914
766722,3;0,0974403
766739;0,09744965
766755,4;0,09745679
766772,1;0,09745673
766788,5;0,09746034
766805,1;0,09746034
766821,7;0,09746028
766838,2;0,0974698
766854,8;0,09747932
766871,7;0,0974806
766888,5;0,09748054
766904,5;0,09748879
766921;0,09749228
766937,9;0,09749228
766954,2;0,09750064
766970,8;0,09749947
766988,1;0,09750424
767003,9;0,097509
767020,4;0,09751974
767037,1;0,09752683
767053,6;0,09753037
767070,7;0,09753037
767086,8;0,0975518
767103,4;0,09756248
767120,4;0,09757084
767136,4;0,09757445
767153;0,09758519
767169,9;0,09759831
767186,1;0,097609
767202,7;0,09761742
767219,3;0,0976425
767235,8;0,09765325
767252,4;0,09765929
767268,9;0,09766649
767285,8;0,09768089
767302,1;0,09768089
767318,7;0,09769529
767335,2;0,09770732
767351,8;0,09770848
767368,8;0,09773745
767384,9;0,09775435
767402,3;0,09776399
767418,1;0,09777004
767434,6;0,09777729
767451,2;0,09777729
767467,7;0,09779053
767484,3;0,09783567
767501,1;0,09783567
767520,9;0,09788144
767534;0,09794869
767550,6;0,09795132
767567,6;0,09801512
767583,7;0,09810379
767600,3;0,09821127
767616,9;0,09826777
767633,6;0,09840933
767650,2;0,09848814
767666,9;0,09865405
767683,1;0,09865405
767699,8;0,09894513
767716,3;0,09900749
767732,8;0,0992113
767749,5;0,0993197
767765,9;0,0993849
767782,6;0,09972622
767799,1;0,09972622
767815,9;0,1000714
767832,2;0,100215
767848,8;0,1004088
767865,6;0,1006396
767881,9;0,1006396
767898,6;0,1007648
767915,1;0,1011417
767931,6;0,1013763
767948,3;0,1015873
767964,8;0,1017559
767981,6;0,1019108
767997,9;0,1020295
768014,4;0,1021295
768031;0,1025694
768047,6;0,1028126
768064,6;0,1028504
768080,8;0,1029779
768097,4;0,1029779
768113,8;0,1030414
768130,4;0,1036363
768147;0,1040515
768163,6;0,1042289
768180,3;0,1044572
768196,6;0,1045793
768213,3;0,1046179
768229,8;0,1050519
768246,4;0,1052997
768263,1;0,1055294
768279,6;0,1055294
768296,3;0,1057336
768313,2;0,1061641
768329,4;0,1063404
768345,8;0,1064804
768362,4;0,1064983
768378,9;0,1070191
768395,4;0,1071948
768412,1;0,1073774
768428,6;0,107545
768445,6;0,1075842
768461,8;0,1078531
768478,3;0,108209
768494,9;0,1084873
768511,7;0,1084873
768528,3;0,1087528
768544,8;0,1089844
768561,2;0,1091828
768577,7;0,1093231
768594,3;0,1094068
768611,8;0,1096142
768627,4;0,1097633
768644;0,1097633
768660,5;0,109924
768677,5;0,1101483
768694,4;0,1101483
768710,9;0,1102069
768726,8;0,110211
768743,4;0,1103446
768760;0,1104451
768776,5;0,1105016
768793,1;0,1105265
768809,6;0,1105651
768826,3;0,1106045
768842,8;0,1106252
768859,3;0,1106437
768875,9;0,1106448
768892,6;0,1106975
768909,1;0,1106975
768925,7;0,1107205
768942,2;0,1107396
768958,9;0,1107652
768975,3;0,1107785
768991,9;0,1107785
769008,4;0,1107845
769025,4;0,1107881
769041,6;0,1107805
769058,2;0,1107704
769074,7;0,1107774
769091,3;0,1107751
769107,9;0,1107655
769124,4;0,1107655
769141,1;0,1107464
769157,6;0,1107464
769174,1;0,1107464
769190,7;0,1107476
769207,2;0,1107394
769223,8;0,11075
769240,9;0,11075
769257,1;0,1107388
769274,3;0,1107635
769290,1;0,1107647
769306,6;0,1107671
769323,2;0,1107695
769339,8;0,1107695
769356,7;0,1107708
769372,9;0,1107732
769389,4;0,1107732
769406,1;0,1107732
769423,2;0,1107631
769439,1;0,1107756
769455,8;0,1107658
769472,3;0,1107658
769489;0,1107452
769505,4;0,1107321
769522,1;0,1107032
769538,6;0,1106673
769555,1;0,1106317
769571,7;0,1105841
769588,3;0,110517
769604,9;0,110415
769621,8;0,1103568
769638;0,1102915
769654,6;0,1102691
769671,3;0,1100067
769687,7;0,1098837
769704,3;0,1097403
769720,8;0,1097403
769737,4;0,1096371
769754,1;0,1092789
769770,5;0,109192
769787,1;0,1090965
769803,6;0,1090965
769820,2;0,1087292
769836,8;0,1085776
769853,3;0,1083663
769869,9;0,1082442
769886,5;0,1082442
769903,3;0,1078521
769919,7;0,1076816
769936,2;0,1074524
769953,2;0,1074524
769969,3;0,1072064
769985,9;0,1072064
770002,4;0,1070774
770019,9;0,1069602
770035,6;0,1067066
770052,2;0,1061415
770068,8;0,1059138
770085,6;0,1056462
770102,3;0,1055045
770118,4;0,1053752
770135;0,1053271
770151,7;0,1048373
770168,1;0,1046049
770184,7;0,1043951
770201,9;0,1043951
770217,8;0,1042018
770235,3;0,1037705
770251,9;0,103544
770268,4;0,1032586
770285,3;0,1030238
770301,6;0,1029476
770318,4;0,102759
770334,7;0,1023919
770351,8;0,1020794
770367,9;0,1019454
770384,4;0,1016627
770401,5;0,1015253
770417,8;0,1012223
770434,1;0,1012223
770450,9;0,1008466
770467,3;0,1006355
770484,4;0,1003462
770500,4;0,1000481
770516,9;0,0998904
770533,5;0,09970757
770550,1;0,09946986
770566,8;0,09939423
770583,3;0,09916562
770599,8;0,09906094
770616,3;0,09899037
770632,9;0,09895008
770649,9;0,09894056
770666,1;0,09894056
770682,8;0,09851667
770699,3;0,09813425
770715,8;0,09800819
770732,4;0,09790733
770749,2;0,09790231
770765,4;0,09787976
770782,1;0,09772271
770798,7;0,09765636
770815,2;0,09761538
770831,8;0,09758057
770848,3;0,09756133
770864,9;0,09751134
770881,4;0,09751134
770898,2;0,09739238
770915,3;0,09732178
770931,1;0,09727343
770947,7;0,09725223
770964,8;0,09725223
770980,8;0,09718303
770998,2;0,09713166
771014;0,09710139
771031,1;0,0970968
771047,3;0,09705855
771063,7;0,09702269
771080,3;0,09699374
771096,8;0,09695683
771113,3;0,09695335
771129,9;0,09691976
771146,5;0,09688523
771163,5;0,09684228
771179,6;0,09684228
771196,2;0,09677242
771212,8;0,09674895
771229,4;0,09669769
771245,9;0,09669769
771262,5;0,09667444
771279,1;0,09667444
771295,6;0,09667444
771312,1;0,09661244
771328,8;0,09648981
771345,6;0,09640788
771362,1;0,09635545
771378,4;0,09632749
771395;0,0962971
771411,7;0,09624217
771428,1;0,09619179
771444,8;0,09616273
771461,3;0,09610554
771477,9;0,0960778
771494,4;0,09604979
771511,3;0,09599859
771528,4;0,09599748
771544,1;0,09590071
771560,8;0,09588914
771577,2;0,09582394
771593,8;0,09579958
771610,4;0,09574826
771627;0,0957203
771643,5;0,09568222
771660,1;0,09563456
771676,6;0,09559044
771694;0,09556486
771709,8;0,09551377
771726,3;0,09551377
771742,9;0,09544663
771759,4;0,09538734
771776;0,09536298
771792,6;0,09533514
771809,1;0,09531438
771825,8;0,09523667
771842,4;0,09521481
771859,4;0,09516499
771875,4;0,09516499
771891,9;0,09511506
771908,6;0,09511506
771925,2;0,09509297
771941,7;0,09507211
771958,3;0,0950456
771975,6;0,0949778
771992,3;0,09492551
772008,8;0,09491023
772025,4;0,09488345
772041,9;0,09486956
772059,1;0,09484975
772075,1;0,09483924
772091,9;0,0948196
772108,2;0,0948196
772124,8;0,09480582
772141,5;0,09479205
772157,9;0,09478751
772174,6;0,09478751
772191,1;0,09477711
772207,6;0,09477141
772224,2;0,09476566
772241,4;0,09476101
772257,4;0,09475759
772273,9;0,09475305
772290,4;0,09475072
772307,3;0,09474835
772323,6;0,09474608
772340,3;0,0947484
772356,8;0,09475067
772373,3;0,09475067
772389,8;0,09475526
772406,4;0,09476218
772423;0,09477136
772439,6;0,09478054
772456,4;0,09478862
772472,6;0,09479094
772489,3;0,09480123
772505,8;0,09480123
772522,3;0,09482656
772539,3;0,09483238
772555,9;0,09484167
772572,1;0,09484167
772588,6;0,0948555
772605,3;0,09489971
772621,8;0,09491464
772638,3;0,09491464
772655,6;0,09496716
772671,4;0,09497646
772688,8;0,09501167
772704,6;0,09505634
772721,2;0,09505634
772737,8;0,0951388
772754,3;0,09515924
772770,9;0,09518754
772787,4;0,09526723
772804,5;0,09531093
772820,6;0,09535218
772837,2;0,09535218
772853,7;0,09542248
772870,3;0,09544352
772886,8;0,09544817
772903,4;0,09552528
772920;0,0955674
772936,7;0,09560006
772953,2;0,09560006
772970,1;0,09564672
772986,2;0,09568878
773002,8;0,09571668
773019,4;0,0957376
773035,9;0,0957759
773052,5;0,09581409
773069,1;0,09584884
773085,6;0,09587214
773102,2;0,09589406
773118,8;0,09589406
773135,5;0,09596717
773151,9;0,09598582
773169,1;0,0960311
773185,4;0,0960311
773201,6;0,09605186
773218,1;0,09605186
773234,8;0,09612874
773251,3;0,09621377
773267,9;0,09624422
773284,8;0,09624422
773301;0,09631652
773317,6;0,09638329
773334,5;0,09638329
773350,7;0,09646319
773367,6;0,09651027
773383,9;0,09655595
773400,4;0,0966121
773417;0,09664499
773434,2;0,09667469
773450,6;0,09668399
773466,7;0,09679908
773483,3;0,09684715
773499,8;0,09689993
773516,4;0,09692941
773533,1;0,09699526
773549,5;0,09703577
773566,4;0,09708273
773582,6;0,09714852
773599,2;0,09717781
773615,9;0,09722599
773632,5;0,09727215
773648,9;0,09728838
773665,5;0,09737562
773682,4;0,09740381
773698,7;0,09741428
773716,6;0,09754357
773733,2;0,09761351
773749,9;0,09764559
773766,3;0,09764559
773782,8;0,0977636
773799,4;0,09782261
773816,1;0,0978558
773832,6;0,09786993
773849,4;0,09789108
773865,8;0,09795143
773882,3;0,09810083
773898,8;0,09814094
773915,4;0,09820884
773932;0,09824847
773948,6;0,09827457
773965,1;0,09833454
773981,7;0,0983933
773998,3;0,0984223
774014,8;0,09849077
774031,4;0,09855215
774047,9;0,09858017
774064,6;0,09864666
774081,1;0,0986802
774097,9;0,0986802
774114,2;0,09881007
774130,9;0,09881887
774147,3;0,09890199
774163,9;0,09892024
774180,5;0,09895933
774197;0,09908517
774213,8;0,0991734
774230,3;0,09921625
774246,7;0,09921625
774263,3;0,09928394
774280,1;0,09949204
774296,8;0,09956058
774313;0,09969132
774329,5;0,09986619
774346,4;0,0999588
774362,7;0,1001476
774379,3;0,1002664
774395,9;0,1003432
774413,4;0,1004417
774428,9;0,1007627
774445,9;0,1007627
774462,1;0,1008718
774478,6;0,1008836
774495,3;0,1008836
774512,2;0,1012104
774528,4;0,1015508
774544,9;0,1020065
774561,8;0,1020065
774578,4;0,1023591
774594,9;0,1025847
774611,5;0,1026946
774628,1;0,1029226
774644,6;0,1030816
774661,2;0,1033183
774677,8;0,1033183
774694,3;0,1034648
774711,7;0,1038958
774727,5;0,1041004
774744;0,1042378
774760,6;0,1042378
774777,2;0,1047907
774794,1;0,1049507
774810,3;0,1052221
774826,8;0,1053733
774843,4;0,1056682
774860,3;0,1058231
774876,6;0,1058231
774893,1;0,1063421
774909,7;0,1065608
774926,8;0,1065608
774942,8;0,1067911
774959,4;0,1073401
774976,1;0,1074994
774992,6;0,1076471
775009,1;0,1076616
775025,8;0,1082032
775042,3;0,108535
775059,4;0,1087445
775075,4;0,1087445
775092,4;0,1088889
775108,5;0,1088889
775125,1;0,1090632
775141,8;0,1092205
775158,2;0,1095101
775174,8;0,1096667
775191,4;0,1099288
775208,2;0,1106176
775224,8;0,1110171
775241,1;0,1111252
775257,6;0,1112335
775274,2;0,1113692
775290,8;0,1114347
775307,3;0,1115554
775323,9;0,1116053
775340,4;0,1116297
775357;0,1117669
775373,8;0,1118135
775390,1;0,1118635
775407;0,1119028
775423,9;0,1119608
775439,8;0,1120122
775456,4;0,112041
775473,4;0,1120677
775489,5;0,1120949
775506,1;0,1121811
775522,6;0,1122247
775539,6;0,112272
775555,8;0,1123002
775572,9;0,1123146
775588,9;0,1124348
775605,5;0,1124962
775622,3;0,1126036
775638,8;0,1126036
775655,2;0,1127203
775671,9;0,1128929
775688,4;0,1130282
775704,9;0,113108
775722,1;0,1131269
775738,1;0,11327
775754,6;0,1133502
775771,2;0,1133502
775787,8;0,1133502
775804,3;0,113508
775820,9;0,1138731
775837,4;0,1141536
775854,6;0,1143215
775871,4;0,1143996
775887,1;0,1143996
775903,8;0,1145617
775920,3;0,1148067
775937,4;0,1148882
775953,4;0,1149662
775970,5;0,1150014
775986,8;0,1151977
776003,4;0,1153958
776019,6;0,1155152
776036,9;0,1155152
776053,3;0,1157007
776069,3;0,1159011
776086,1;0,1159746
776102,7;0,1159746
776119,1;0,1162242
776135,6;0,1163946
776152,5;0,1165345
776168,8;0,1166705
776185,4;0,1167749
776201,9;0,1167859
776218,4;0,1171853
776235,1;0,1173372
776251,6;0,1174844
776268,2;0,117575
776284,8;0,1176847
776301,3;0,1177937
776317,9;0,1177937
776334,6;0,1179699
776351,4;0,1179953
776368,1;0,1180187
776384,2;0,1180323
776400,8;0,1180323
776417,4;0,1180375
776433,9;0,1180422
776450,5;0,1180169
776467,1;0,1180152
776483,6;0,117989
776500,8;0,1179659
776516,8;0,1179453
776533,3;0,1179181
776549,9;0,1178887
776566,4;0,1178374
776583,1;0,1178431
776599,6;0,1177811
776616,4;0,1177341
776633;0,1176843
776649,3;0,1176253
776666,4;0,1175769
776682,8;0,1175404
776699;0,1173591
776715,8;0,117309
776732,4;0,1171707
776749,1;0,1170973
776765,3;0,1169626
776782,1;0,1168165
776798,3;0,1168165
776814,9;0,1166684
776831,9;0,1165254
776848,2;0,1163689
776864,9;0,1162609
776882;0,1161426
776897,8;0,1160652
776914,4;0,1159122
776930,9;0,115795
776947,4;0,1156715
776964,1;0,1154972
776981,1;0,1153755
776997,1;0,1152931
777013,8;0,1152931
777030,3;0,1151987
777046,9;0,1151987
777063,4;0,1151987
777080;0,1149244
777096,6;0,1144663
777113,1;0,1140139
777129,7;0,113909
777146,3;0,1137078
777163,6;0,1136469
777179,4;0,1134473
777196,1;0,113373
777212,5;0,113373
777229,1;0,113182
777245,7;0,1131338
777262,2;0,1130909
777278,8;0,1130243
777295,6;0,1130013
777311,9;0,1129983
777328,5;0,112995
777345,1;0,1130189
777361,6;0,1130508
777378,2;0,1130811
777394,8;0,1130825
777411,3;0,1131023
777428,5;0,1131614
777444,4;0,1132031
777461,9;0,1132222
777477,6;0,1132459
777494,3;0,1132645
777510,9;0,1133264
777527,3;0,1133422
777543,9;0,1133767
777560,4;0,1133767
777576,9;0,1134071
777593,7;0,1134244
777610,1;0,1134275
777626,7;0,113417
777643,4;0,1134031
777659,9;0,1133805
777676,4;0,1133561
777692,9;0,1133561
777709,6;0,1133146
777726,4;0,1131704
777742,9;0,1129733
777759,9;0,1129733
777776,1;0,1128609
777792,7;0,1127458
777809,2;0,1126277
777825,8;0,1125212
777842,4;0,1124491
777859;0,1123885
777875,5;0,1122811
777892;0,1121791
777908,6;0,1121383
777925,2;0,1120511
777941,8;0,1120449
777958,3;0,1119227
777974,9;0,1118697
777991,4;0,111804
778008;0,11172
778024,6;0,111706
778041,1;0,1116025
778057,9;0,1115558
778074,4;0,1114787
778091,3;0,1114392
778107,4;0,1113955
778124,1;0,1113445
778140,8;0,1111906
778157,3;0,111063
778173,6;0,110988
778190,3;0,1108914
778206,8;0,1107547
778223,6;0,110593
778239,9;0,110593
778256,5;0,110419
778273,1;0,1102605
778289,6;0,1100991
778306,2;0,1100991
778322,8;0,1100256
778339,4;0,1099573
778355,9;0,1097648
778372,8;0,1095443
778389,1;0,1094335
778406,1;0,1092804
778422,4;0,1091636
778438,8;0,109118
778455,6;0,1090437
778471,9;0,1088006
778488,7;0,108717
778505,2;0,1085588
778521,6;0,1085588
778538,1;0,1083539
778554,7;0,1083082
778571,3;0,1081492
778588;0,1079142
778604,4;0,107802
778621,8;0,1076581
778637,5;0,1075777
778654,1;0,1075725
778670,6;0,1072881
778687,3;0,1072336
778704,1;0,1070661
778720,4;0,1069042
778737;0,1067161
778753,8;0,1066426
778770,9;0,1066426
778786,6;0,1063727
778803,3;0,1061971
778820,4;0,1061122
778836,9;0,1059081
778852,9;0,1058292
778869,6;0,1056425
778886,1;0,1054509
778902,7;0,1053193
778919,2;0,1052513
778935,8;0,1051618
778952,3;0,1051618
778969;0,1051618
778985,5;0,1050939
779002;0,1046823
779018,6;0,1043615
779035,1;0,104341
779051,7;0,1041918
779068,3;0,1040702
779084,8;0,1039679
779101,4;0,1038675
779118;0,1038073
779134,6;0,1037875
779151,3;0,103519
779167,7;0,1035059
779184,3;0,1033645
779200,8;0,1032077
779217,8;0,1030351
779234,3;0,102931
779250,6;0,1027919
779267,1;0,1026658
779283,8;0,1025582
779300,3;0,1024472
779316,8;0,1023181
779333,4;0,1021516
779350,3;0,1020731
779366,6;0,1019083
779383,1;0,1018238
779399,7;0,1017445
779416,2;0,1016545
779432,8;0,1013961
779449,3;0,1012412
779466,3;0,101135
779482,4;0,101135
779499;0,1009122
779515,8;0,1006911
779532,2;0,1005521
779549,1;0,1005077
779565,3;0,1003811
779582,9;0,1003238
779598,4;0,1002397
779615;0,1002397
779631,6;0,09996423
779648,5;0,09969971
779664,7;0,09952779
779681,2;0,09935124
779697,8;0,09918659
779714,6;0,09908186
779731;0,09894853
779747,5;0,09894853
779764,1;0,09885791
779780,6;0,09872993
779797,3;0,09869046
779813,8;0,09857704
779830,3;0,09827277
779847,3;0,09811334
779863,4;0,09802779
779880,8;0,09786146
779897,2;0,09767632
779913,1;0,09759055
779930;0,09740162
779946,3;0,09728835
779962,9;0,09709287
779979,4;0,09699295
779996,4;0,0968036
780012,6;0,09665115
780029,4;0,09649228
780045,7;0,0963885
780062,4;0,0963885
780078,9;0,09608693
780095,4;0,09608693
780112,1;0,09584471
780128,6;0,09554527
780145,1;0,09532861
780161,7;0,09520581
780178,3;0,09511602
780194,8;0,09493891
780211,4;0,09467907
780227,9;0,09467907
780244,5;0,09456652
780261,1;0,09446743
780278,1;0,0942015
780294,2;0,09382273
780311,4;0,09382273
780327,3;0,09358902
780344,6;0,09344183
780360,5;0,09325963
780377;0,09309706
780393,6;0,09309706
780410,1;0,09289358
780427,6;0,09277924
780443,3;0,09277924
780459,9;0,09254543
780476,4;0,09239963
780493;0,09231757
780509,6;0,09215973
780526,8;0,09201342
780542,8;0,09193113
780559,3;0,09193113
780576,4;0,09170771
780592,4;0,0915439
780609,1;0,09147552
780625,6;0,09134246
780642,1;0,09134246
780662,5;0,09124065
780675,3;0,09117657
780691,8;0,09112591
780708,4;0,09112591
780724,9;0,09108147
780741,5;0,09107461
780758,1;0,09106658
780774,7;0,09106194
780792;0,09106527
780807,9;0,09106421
780824,4;0,0910688
780840,9;0,0910688
780857,5;0,09107339
780874;0,09107798
780890,6;0,09107798
780907,3;0,09108368
780923,7;0,09111915
780940,5;0,09115229
780956,9;0,0911592
780973,4;0,09116899
780990,1;0,09119551
781006,6;0,09120569
781023,1;0,09122495
781039,9;0,09123397
781056,3;0,09124526
781072,9;0,09127691
781089,4;0,09127691
781106,3;0,09129385
781122,6;0,09130928
781139,1;0,09130741
781156,1;0,09130187
781172,4;0,09129523
781188,8;0,09127348
781205,4;0,09124381
781222,1;0,09117623
781238,5;0,09112383
781255,8;0,09100243
781271,6;0,09089971
781288,2;0,09077927
781304,9;0,09069505
781321,4;0,09069505
781337,9;0,09035461
781354,5;0,09027416
781371,1;0,09010367
781388,3;0,09001441
781404,9;0,08983696
781421,5;0,08967046
781438,8;0,0895851
781454,6;0,08950681
781471,2;0,08950681
781487,8;0,08917593
781504,3;0,08917593
781520,9;0,08909462
781538,3;0,08905795
781557,4;0,08897017
781571,1;0,08864323
781587,2;0,08850782
781603,7;0,08830702
781620,4;0,08829092
781637,3;0,08812769
781653,5;0,08795489
781670;0,087869
781686,7;0,08778338
781703,1;0,08753875
781719,7;0,08737001
781736,3;0,08728246
781752,9;0,08712179
781769,8;0,08702534
781785,9;0,08695626
781802,5;0,08695626
781819,4;0,08664989
781835,6;0,08657618
781852,5;0,08642725
781868,8;0,08630103
781885,4;0,08619639
781902,1;0,08608491
781918,8;0,08597954
781935,1;0,08597954
781951,8;0,08575872
781968,2;0,08561406
781984,8;0,08554086
782001,3;0,08554086
782017,9;0,08533459
782034,4;0,08519331
782051,3;0,08512084
782067,7;0,08499659
782084,2;0,08499659
782101,4;0,08479166
782117,9;0,08474335
782134,6;0,08461075
782150,4;0,08457334
782167;0,08454614
782183,6;0,08448775
782200,9;0,08422907
782216,7;0,08411302
782233,3;0,08404938
782249,8;0,08395907
782266,4;0,08380618
782282,9;0,0837439
782299,5;0,08362976
782316,1;0,08355167
782332,6;0,08345306
782349,3;0,0833954
782365,8;0,08327407
782386,4;0,08316223
782399,2;0,08308863
782415,4;0,08305246
782432,1;0,08294532
782448,8;0,08288632
782465,2;0,08285768
782481,8;0,08269182
782498,5;0,08260681
782515,3;0,0825259
782531,4;0,0825259
782548,1;0,0825259
782564,9;0,08236875
782581,2;0,0822418
782598,1;0,08215269
782614,9;0,08208992
782630,9;0,08201031
782647,4;0,08190736
782664;0,08179376
782680,6;0,0816263
782697,8;0,08152491
782713,9;0,08140194
782730,5;0,08124518
782746,8;0,08104347
782763,4;0,08104347
782779,9;0,08093784
782796,7;0,08093784
782813,1;0,08093784
782830,2;0,08083072
782846,2;0,08062186
782862,8;0,08062186
782879,3;0,08021505
782895,9;0,07970445
782912,6;0,07943879
782929,1;0,07922979
782945,6;0,07906491
782962,3;0,07902383
782978,8;0,0788484
782995,4;0,07859027
783011,9;0,07859027
783028,4;0,07831456
783045,1;0,07807852
783061,6;0,07795919
783078,1;0,07775483
783094,8;0,07762404
783111,6;0,07744755
783128;0,07735331
783144,8;0,0771549
783161,1;0,0771549
783177,6;0,07695257
783194,1;0,07676789
783210,7;0,07666416
783227,3;0,07655933
783243,8;0,07651442
783260,4;0,07645801
783277;0,0764403
783293,8;0,07640842
783310,1;0,07640842
783326,7;0,07638289
783343,3;0,07636583
783359,8;0,07635628
783376,3;0,07634816
783392,9;0,07634816
783409,5;0,07634154
783426,1;0,07634154
783442,6;0,07633713
783459,2;0,07633713
783475,8;0,0763342
783492,3;0,07632096
783508,9;0,07629441
783526;0,07628702
783542;0,07628408
783559;0,07627967
783575,1;0,07627822
783592,4;0,07627007
783608,3;0,07626934
783624,9;0,07626934
783641,4;0,07626934
783658;0,07627224
783674,6;0,07628167
783691,1;0,07628458
783707,7;0,07628818
783724,3;0,07628891
783740,9;0,07629614
783757,4;0,07630049
783773,9;0,07630267
783790,5;0,07630482
783807,1;0,07631063
783823,7;0,07631426
783840,2;0,0763157
783856,8;0,07632078
783873,7;0,07632659
783889,9;0,0763324
783906,7;0,07633817
783923,1;0,07633817
783939,6;0,07634253
783956,2;0,07635051
783972,7;0,07635051
783989,4;0,07635922
784005,9;0,07636212
784022,4;0,07636502
784039;0,07636937
784056,1;0,07636937
784072,1;0,07636937
784088,7;0,07637303
784105,3;0,07637376
784121,8;0,07637884
784139,1;0,0763883
784155,2;0,07640142
784172,2;0,07640142
784188,1;0,07641019
784205,2;0,07641748
784221,3;0,07642554
784237,8;0,07642917
784254,4;0,07642917
784270,9;0,07643573
784287,6;0,07644302
784304,7;0,0764481
784320,6;0,0764481
784337,3;0,07645245
784353,8;0,07645828
784370,4;0,07646336
784386,9;0,07646336
784403,5;0,07647213
784420,1;0,07647941
784436,6;0,07648159
784453,6;0,07648159
784469,8;0,07649108
784486,3;0,07649624
784502,9;0,07650431
784519,5;0,07650948
784536;0,0765161
784552,6;0,07651903
784569,1;0,07652269
784585,7;0,07652269
784602,6;0,07653371
784618,8;0,07653517
784635,7;0,07654323
784652;0,07654694
784668,8;0,07655353
784685,1;0,07655791
784701,7;0,07655791
784718,6;0,07656088
784734,8;0,07656235
784751,4;0,07657416
784768,5;0,07660254
784784,6;0,0766384
784801,1;0,07668591
784817,7;0,07668591
784834,3;0,07686186
784850,8;0,07690026
784867,4;0,07699371
784884,2;0,07720912
784900,5;0,07738967
784917,1;0,07738967
784934,3;0,07746652
784950,4;0,07780728
784966,8;0,07794201
784983,9;0,07804556
784999,9;0,07812206
785016,4;0,07818797
785033,2;0,07842842
785049,6;0,0785205
785066,2;0,07855666
785082,7;0,07855666
785099,4;0,07861819
785115,9;0,07868414
785132,7;0,07869444
785149;0,07871599
785165,5;0,07872663
785182,1;0,07876723
785198,7;0,07878142
785215,3;0,07879558
785231,8;0,07880606
785248,4;0,07881795
785264,9;0,07882985
785281,5;0,07883573
785298,3;0,0788476
785315;0,0788476
785331,4;0,07885947
785347,8;0,07885947
785364,6;0,07886536
785381;0,07887201
785397,4;0,07889044
785414,2;0,0789111
785430,6;0,07891701
785447,2;0,07892444
785463,8;0,0789303
785480,4;0,07893547
785497,1;0,07894064
785513,4;0,07895755
785530;0,07896646
785546,6;0,07897093
785563,9;0,07897093
785579,8;0,07897285
785596,3;0,07899313
785612,9;0,0789976
785629,5;0,07900798
785646;0,07901909
785662,8;0,07902054
785679,1;0,0790309
785695,7;0,07904352
785712,3;0,07905684
785729,2;0,07905756
785745,5;0,07907614
785762,3;0,07908279
785778,6;0,07909909
785795,1;0,07909909
785811,6;0,0791275
785828,3;0,0791425
785845,6;0,07917041
785861,9;0,07919764
785878,7;0,07921234
785895,1;0,07924236
785911,6;0,0792569
785928,3;0,0792569
785944,8;0,0793209
785961,3;0,07933301
785977,9;0,07935292
785994,4;0,07936816
786011,1;0,07936816
786027,6;0,07941007
786044,2;0,07945825
786061,3;0,07948797
786077,4;0,07950161
786094;0,07950161
786110,4;0,07954372
786127;0,07956857
786143,6;0,07958717
786160,1;0,07960165
786176,7;0,0796032
786193,6;0,07964248
786209,8;0,07967491
786226,5;0,07968327
786243;0,07971075
786260,2;0,07973966
786276,1;0,07974877
786292,7;0,0797753
786309,3;0,07978824
786325,8;0,07978824
786342,9;0,07984286
786358,9;0,0798549
786375,8;0,07987916
786392,1;0,07988983
786408,7;0,07988983
786425,2;0,07993766
786442,4;0,0799513
786458,4;0,07996874
786474,9;0,07998914
786491,4;0,07999067
786508,1;0,08000886
786524,8;0,08000886
786541,1;0,08000886
786558,3;0,08004761
786574,3;0,08006655
786590,9;0,08008852
786607,4;0,08008852
786624;0,08009917
786641,1;0,08009993
786657,6;0,08009993
786673,7;0,08012816
786690,3;0,0801685
786707,2;0,08020573
786723,4;0,08021864
786741,8;0,08023319
786756,5;0,08023319
786773,6;0,08023375
786789,7;0,08022252
786806,3;0,08019608
786822,8;0,08012988
786839,8;0,08008149
786855,9;0,07998811
786872,8;0,07990857
786889,3;0,07989609
786905,6;0,07961879
786922,2;0,0795093
786938,8;0,07938223
786955,3;0,07930765
786971,9;0,07914247
786988,4;0,07904026
787005;0,07892001
787021,6;0,07881432
787038,1;0,07877409
787054,8;0,07873104
787071,7;0,07868964
787087,8;0,07868964
787104,5;0,07865171
787121;0,07864302
787137,6;0,07864145
787154,1;0,07864067
787170,7;0,0786422
787187,3;0,07865391
787203,8;0,07866474
787220,7;0,07868429
787236,9;0,07868429
787253,6;0,07871578
787270,1;0,07871578
787286,7;0,07873477
787303,3;0,07875063
787319,8;0,07886273
787336,4;0,07906862
787353,1;0,0791325
787369,5;0,0791577
787386,1;0,07944649
787403,3;0,07953133
787419,4;0,07970622
787436,1;0,07980345
787452,6;0,07997476
787468,9;0,0800366
787485,5;0,08025482
787502;0,0804314
787518,6;0,08052916
787535,1;0,08067118
787551,8;0,08086215
787568,3;0,08101574
787584,9;0,08111536
787601,4;0,08131819
787618;0,08143651
787634,6;0,08159737
787651,4;0,08170014
787667,7;0,08189303
787684,3;0,08198351
787700,8;0,08205648
787717,6;0,08238429
787733,9;0,08238429
787750,7;0,08259556
787767,2;0,0827575
787784;0,08295386
787800,3;0,08306085
787816,8;0,08306085
787833,4;0,0833412
787849,9;0,08350574
787866,7;0,08368142
787883,1;0,08377074
787899,6;0,08377074
787916,3;0,08385964
787932,9;0,08385964
787949,8;0,08404669
787965,9;0,08442053
787982,5;0,08462088
787999;0,08470026
788015,6;0,08470026
788032,4;0,08494494
788049,3;0,0851232
788065,9;0,0852102
788081,9;0,08523274
788098,5;0,08545195
788115;0,0856139
788131,8;0,08578231
788148,1;0,08586013
788164,8;0,08586013
788181,3;0,08609211
788198,4;0,08626698
788214,6;0,08634493
788231,6;0,08650567
788247,6;0,08650567
788264,6;0,08669864
788280,6;0,08685141
788297,3;0,08702436
788313,8;0,0871095
788331,1;0,08717326
788346,9;0,08746956
788363,6;0,0875635
788380,3;0,0876502
788396,7;0,08784923
788413,2;0,08802069
788429,8;0,08811617
788446,6;0,08811617
788462,9;0,08839585
788480,1;0,08854448
788496,6;0,08866555
788513,3;0,08866555
788530,1;0,08895706
788546,4;0,08895706
788563,1;0,08904339
788579,4;0,0890445
788596,1;0,08931209
788613,1;0,08970786
788629,2;0,08989005
788645,8;0,09007424
788662,8;0,09023046
788679,2;0,09036151
788695,4;0,09036151
788712,6;0,09063002
788728,6;0,09079576
788745,2;0,09091572
788761,8;0,09109791
788778,3;0,09119418
788794,9;0,09127893
788812,3;0,09139006
788828;0,0916428
788844,6;0,0918215
788861,1;0,09191504
788877,8;0,09209064
788894,7;0,09221741
788910,8;0,09227547
788927,6;0,09227547
788944,1;0,09262745
788960,5;0,09270535
788977,4;0,09288419
788993,8;0,09288419
789010,3;0,09303999
789026,8;0,09320038
789043,3;0,0933438
789059,9;0,09339748
789076,8;0,09353223
789093,1;0,09359281
789109,6;0,09360032
789126,3;0,09382007
789142,8;0,09386961
789159,6;0,09395207
789175,9;0,09398337
789192,6;0,09399009
789209,1;0,09401381
789225,6;0,09403982
789242,2;0,09411973
789258,8;0,09414014
789275,3;0,09414621
789291,9;0,09414181
789308,4;0,09414181
789325;0,09408428
789345,1;0,0940339
789361,7;0,09400395
789378,3;0,09400395
789394,8;0,09394477
789411,4;0,09391993
789428,2;0,09392679
789444,5;0,0939907
789461,2;0,09405528
789477,7;0,0941624
789494,3;0,09439529
789511,4;0,09455768
789527,5;0,09455768
789543,9;0,09474119
789560,5;0,09530528
789577,1;0,09551863
789593,6;0,09574323
789610,3;0,09574323
789627,3;0,09632367
789643,4;0,09712633
789659,9;0,09767304
789676,5;0,09796399
789693,3;0,09796399
789709,9;0,09911934
789726,3;0,09956028
789743,8;0,1001887
789759,3;0,1001887
789775,9;0,1008472
789792,4;0,1014814
789809;0,1018117
789825,6;0,1018117
789842,2;0,1021254
789858,8;0,1024537
789875,3;0,1036103
789891,9;0,1045606
789908,4;0,1050274
789925;0,1050274
789941,9;0,1060357
789958,4;0,106666
789974,8;0,1070674
789991,6;0,107569
790007,9;0,1081933
790024,4;0,1085194
790041,5;0,1088543
790057,5;0,1095231
790074,1;0,1101055
790090,6;0,1101055
790107,3;0,1108052
790123,8;0,1114269
790140,5;0,1114269
790156,9;0,1126513
790173,6;0,1129889
790190,1;0,1135005
790207,3;0,1136832
790223,2;0,1136832
790239,8;0,1142772
790256,3;0,1150431
790273,3;0,1160059
790289,6;0,1162684
790306,4;0,117118
790322,6;0,1174418
790339,9;0,1178403
790355,7;0,118379
790372,3;0,1189943
790389,1;0,1193158
790405,9;0,119935
790422,5;0,1204561
790438,6;0,1209007
790455,4;0,1211924
790472,3;0,1215141
790488,3;0,1215141
790504,8;0,1218058
790521,4;0,1227344
790537,9;0,1227344
790554,5;0,1239645
790571,1;0,1246094
790587,6;0,1252536
790604,2;0,125676
790620,8;0,1261903
790637,4;0,1264778
790654,3;0,1271007
790671,3;0,1277858
790687,1;0,1281965
790703,9;0,1286788
790720,2;0,1289745
790736,8;0,1293021
790753,4;0,1295007
790770,3;0,1305717
790786,6;0,1311444
790803,4;0,1315239
790820,3;0,1320333
790836,2;0,1323002
790852,8;0,1328066
790869,4;0,1328066
790886,1;0,1340538
790902,6;0,1345595
790919;0,134911
790935,6;0,1355069
790952,6;0,135946
790969,1;0,135946
790985,7;0,1364589
791001,8;0,1376002
791018,7;0,1379126
791035;0,1382583
791051,6;0,1383232
791068,3;0,139622
791084,6;0,1400717
791101,2;0,140293
791117,8;0,1406545
791134,7;0,1406545
791151,6;0,1411123
791167,5;0,1416363
791184,6;0,1435418
791200,6;0,143965
791217,2;0,1447106
791233,8;0,1452469
791250,3;0,1458576
791266,9;0,1465766
791283,4;0,1470084
791300;0,147548
791316,6;0,1481209
791333,1;0,1488671
791349,8;0,1492485
791366,3;0,1499724
791382,9;0,1503762
791399,4;0,1503762
791416,4;0,1516812
791432,7;0,1519932
791449,3;0,1523767
791465,7;0,1525478
791482,3;0,1529225
791498,8;0,1534687
791515,5;0,153836
791531,9;0,1540377
791548,5;0,1541957
791565,4;0,1543855
791581,8;0,1547212
791598,6;0,1547212
791614,8;0,1548799
791631,4;0,1549679
791647,9;0,1549852
791664,5;0,1549966
791681;0,1549966
791697,6;0,1549525
791714,2;0,1549003
791731;0,1548283
791747,8;0,1548283
791764;0,1548283
791780,4;0,154773
791797,1;0,1547168
791813,9;0,1543808
791830,3;0,154199
791846,8;0,1541282
791863,3;0,1540587
791879,8;0,1537172
791896,4;0,153516
791913,6;0,1534068
791930,4;0,1534068
791946,3;0,1531349
791963,1;0,1528569
791979,3;0,1527638
791996,2;0,1525407
792012,4;0,1523742
792031,6;0,1522073
792048,2;0,1519832
792064,7;0,1517976
792081,4;0,151669
792098,2;0,1514848
792114,4;0,1512858
792131;0,1512858
792147,5;0,1510048
792164,1;0,1506919
792181;0,1505557
792197,2;0,1503217
792213,8;0,1501657
792230,4;0,1499399
792246,9;0,1497312
792263,5;0,1495453
792280,1;0,1494161
792296,6;0,1491504
792313,6;0,1488835
792329,8;0,1487253
792346,3;0,1485528
792362,9;0,1485528
792379,4;0,1484195
792396,1;0,1482896
792412,6;0,1482628
792429,1;0,1481145
792445,8;0,1474821
792462,3;0,1468711
792478,9;0,1464669
792495,4;0,1460854
792512,6;0,1460854
792528,9;0,1456874
792545,6;0,1453656
792561,7;0,1449796
792578,3;0,1446907
792594,9;0,1443579
792611,4;0,1441445
792628;0,1437593
792644,8;0,1433415
792661,1;0,1430986
792678,3;0,1428966
792694,2;0,1428847
792711;0,142131
792727,4;0,1416278
792743,9;0,1413812
792760,5;0,1413812
792777,1;0,141174
792793,6;0,1403047
792810,4;0,1400639
792826,8;0,1398125
792843,3;0,1398125
792859,9;0,1389195
792876,4;0,1386878
792893;0,1382608
792911;0,1380126
792926,2;0,1375595
792942,8;0,1372571
792959,3;0,1369051
792975,9;0,1366704
792992,4;0,1362025
793009;0,1359647
793025,9;0,1358019
793042,1;0,1357512
793058,7;0,1355102
793075,4;0,1350619
793091,9;0,1341276
793108,6;0,1337023
793125,1;0,1332557
793141,6;0,1332557
793158,5;0,1327921
793174,7;0,132344
793191,4;0,1319064
793207,8;0,131489
793224,4;0,1312179
793241,4;0,1309778
793257,5;0,1307776
793274,1;0,1305933
793290,6;0,1299033
793307,3;0,1294415
793323,8;0,1292128
793340,3;0,128803
793356,9;0,1284245
793373,5;0,1283508
793390;0,1278953
793407,5;0,1274689
793423,7;0,1274689
793439,8;0,126829
793456,5;0,1266155
793472,8;0,126178
793489,6;0,1257561
793506,3;0,125396
793522,6;0,1253261
793539,1;0,1251022
793556,2;0,1244247
793572,3;0,1241532
793588,8;0,1237748
793605,4;0,1237748
793621,9;0,1229282
793638,9;0,1228495
793655,1;0,1223867
793671,7;0,1223638
793688,3;0,1221483
793704,8;0,1217038
793721,6;0,1210336
793737,9;0,120623
793754,7;0,1202589
793771,1;0,1200255
793787,8;0,119637
793804,2;0,1194096
793820,8;0,1192936
793837,6;0,1191361
793854,2;0,1186179
793871;0,1184484
793887;0,1181264
793903,6;0,1181264
793920,4;0,117649
793936,8;0,1175279
793953,3;0,1171671
793969,9;0,116934
793986,4;0,116723
794003,4;0,1164954
794019,6;0,1162545
794036,1;0,1160518
794053;0,1160518
794069,8;0,1155797
794085,8;0,1153595
794102,4;0,1151762
794119,3;0,1149363
794135,6;0,1147745
794152,1;0,1145531
794168,9;0,1144152
794185,3;0,1144152
794201,8;0,1140066
794218,6;0,1138996
794235,2;0,1137381
794251,4;0,1134239
794268,1;0,113183
794284,6;0,1130649
794301,8;0,1130649
794317,8;0,1129624
794334,4;0,1128611
794350,9;0,1128486
794367,5;0,1125253
794384,1;0,1121792
794400,6;0,1119267
794417,2;0,1117948
794433,7;0,111718
794450,3;0,111636
794467;0,1115527
794483,8;0,1113205
794500;0,1111628
794516,7;0,1110875
794533,5;0,1110875
794549,7;0,1108536
794566,3;0,1107355
794583,1;0,1106575
794599,4;0,1105418
794616,1;0,1104457
794633;0,1103727
794649,1;0,1102664
794665,6;0,1102068
794682,6;0,1101001
794698,9;0,1100469
794715,3;0,109941
794731,9;0,1098827
794748,5;0,1098207
794765,1;0,1098044
794781,6;0,1096092
794798,9;0,1095102
794815,3;0,1094573
794831,3;0,1093426
794847,9;0,1092952
794864,9;0,1091975
794881,3;0,1091524
794897,6;0,1090459
794914,2;0,1090459
794930,8;0,1089497
794947,3;0,1089497
794963,9;0,1089031
794980,4;0,1088521
794997,2;0,1087077
795013,6;0,1085064
795030,1;0,1084338
795046,9;0,1083591
795063,3;0,1083054
795079,8;0,1082601
795097;0,1082092
795113;0,1080436
795129,5;0,1079506
795146,4;0,107892
795162,7;0,107892
795179,2;0,1077901
795195,8;0,1076321
795212,4;0,1075747
795228,9;0,1075747
795245,5;0,107431
795262,1;0,1072858
795278,6;0,1071722
795295,2;0,107107
795311,8;0,1070393
795328,7;0,1069388
795344,9;0,1068206
795361,4;0,1066986
795378,1;0,1066986
795394,6;0,1065601
795411,1;0,1065047
795428,4;0,1064193
795444,3;0,1062587
795460,9;0,1061403
795477,7;0,1061345
795494,1;0,1060794
795513,1;0,1059031
795530,4;0,105805
795546,2;0,1057112
795563,7;0,1057054
795579,4;0,1056658
795595,9;0,1056658
795612,4;0,1056658
795629;0,1055954
795645,6;0,105462
795662,2;0,1054025
795678,7;0,1053854
795695,3;0,1053697
795711,9;0,1053625
795728,7;0,1053495
795745;0,1053208
795761,6;0,1053035
795778,1;0,105295
795794,7;0,105295
795811,3;0,1052749
795827,8;0,1052692
795844,4;0,105265
795860,9;0,1052536
795877,5;0,1052536
795894,2;0,1052351
795910,8;0,1052351
795927,3;0,1052265
795943,8;0,1052222
795960,3;0,1052179
795977,8;0,1052109
795993,5;0,1052066
796010,3;0,1052038
796026,6;0,1051455
796043,3;0,1051151
796059,8;0,1050863
796076,6;0,1050644
796092,9;0,1050152
796109,6;0,1049753
796126,1;0,1049381
796142,6;0,1048875
796159,2;0,1048605
796175,8;0,104817
796192,3;0,1047977
796209,3;0,1047714
796226;0,1047714
796242;0,1047428
796258,6;0,1047247
796275,2;0,1046373
796291,7;0,104527
796308,3;0,1044395
796324,8;0,1044395
796341,4;0,1043689
796358;0,1043043
796374,6;0,104289
796391,3;0,1042441
796407,7;0,1042441
796424,3;0,1041992
796440,9;0,1041428
796457,4;0,1041105
796474;0,1040965
796490,6;0,1040923
796507,1;0,1040476
796523,7;0,1040476
796540,3;0,1040379
796556,8;0,1040227
796573,4;0,1040199
796589,9;0,1040199
796606,5;0,1040199
796623,6;0,1040144
796639,7;0,1040172
796656,2;0,1040227
796672,9;0,1040214
796689,7;0,1040311
796705,9;0,1040435
796722,5;0,1040601
796739,1;0,1040669
796755,6;0,1040669
796772,1;0,1041013
796788,8;0,1041151
796805,3;0,1041288
796821,9;0,1041495
796838,4;0,1041495
796855,1;0,104173
796871,6;0,1041799
796888,2;0,1041854
796905,2;0,1041978
796921,3;0,1042431
796937,9;0,1042884
796954,4;0,1043049
796971,3;0,104309
796987,6;0,1043186
797004,4;0,1043544
797020,7;0,1044013
797037,6;0,1044164
797053,9;0,1044439
797070,5;0,1044756
797087;0,104492
797103,8;0,1045139
797121,1;0,1045413
797137,6;0,1045741
797153,3;0,1045741
797170,1;0,104607
797187,3;0,1046426
797208,3;0,1046685
797219,5;0,1046849
797236;0,1047231
797253,1;0,104741
797269,2;0,1047424
797285,8;0,1047997
797302,4;0,1048052
797319,1;0,1048694
797335,4;0,104897
797352;0,1049418
797368,6;0,1049635
797385,3;0,1049635
797401,8;0,1050524
797418,4;0,1050767
797434,9;0,1051188
797451,4;0,1051382
797468,3;0,1051382
797484,7;0,1052173
797501,1;0,1052173
797517,7;0,1052338
797534,3;0,1052323
797551,4;0,1052792
797567,5;0,105314
797584,1;0,105321
797600,5;0,1053252
797617,6;0,1053323
797634,1;0,1053365
797650,2;0,105335
797666,8;0,1053365
797683,4;0,1053392
797700,1;0,105342
797716,5;0,105342
797733,1;0,1053406
797749,6;0,1053392
797766,2;0,1053336
797782,7;0,1053308
797799,3;0,1053308
797815,9;0,1053082
797832,6;0,1053068
797849,1;0,1053026
797865,9;0,105297
797882,1;0,1052871
797898,8;0,1052829
797915,4;0,1052829
797931,8;0,1052717
797948,9;0,105259
797964,9;0,105259
797981,6;0,1052521
797998,1;0,1052575
798015,1;0,1052659
798031,3;0,1052783
798048,1;0,1052783
798066,1;0,1053151
798082,6;0,10536
798099,6;0,1053708
798115,8;0,1053708
798132,6;0,105428
798148,9;0,1054265
798165,4;0,1054498
798182,3;0,1054674
798198,6;0,1055177
798215,1;0,105599
798231,7;0,1056573
798248,4;0,1057075
798264,8;0,1057333
798281,4;0,1057797
798298,1;0,1057797
798314,5;0,1058397
798331,1;0,1058742
798347,6;0,1058907
798364,4;0,1059058
798380,9;0,1059086
798397,4;0,1059611
798413,9;0,1059723
798430,5;0,106
798447,1;0,1060263
798463,6;0,1060318
798480,3;0,1060456
798496,8;0,1060456
798513,4;0,1060525
798529,9;0,1060525
798546,4;0,106079
798563,1;0,1060872
798580,1;0,1060885
798596,2;0,1060968
798612,8;0,1061065
798629,6;0,1061134
798645,9;0,1061134
798662,6;0,1061218
798679,3;0,1061301
798695,6;0,1061343
798712,9;0,106137
798729,1;0,106137
798745,4;0,106144
798761,8;0,106151
798778,4;0,1061539
798795;0,1061553
798811,7;0,1061553
798828,2;0,1061567
798844,7;0,1061608
798861,3;0,1061707
798877,8;0,1061707
798894,5;0,1061707
798911;0,1061707
798929,4;0,106182
798945,9;0,1061875
798962,6;0,1061889
798979,1;0,1061931
798995,7;0,1062
799013;0,1062028
799028,9;0,1062042
799045,4;0,1062113
799062,4;0,1062169
799078,5;0,1062182
799095,1;0,1062211
799111,6;0,1062238
799128,2;0,1062238
799144,7;0,1062295
799161,3;0,1062378
799177,9;0,106242
799194,7;0,1062449
799211,2;0,1062449
799227,6;0,1062562
799244,1;0,1062562
799260,7;0,106259
799277,3;0,1062604
799293,8;0,1062605
799310,4;0,1062576
799326,9;0,106259
799344,3;0,1062605
799360,1;0,1062605
799376,7;0,1062633
799393,3;0,1062619
799409,8;0,1062647
799426,4;0,1062647
799443,6;0,1062661
799459,6;0,1062661
799476,5;0,1062661
799492,6;0,1062732
799509,2;0,1062703
799525,8;0,1062704
799542,4;0,1062718
799558,9;0,1062717
799575,8;0,1062759
799592,2;0,106273
799608,6;0,106273
799625,2;0,1062758
799641,8;0,1062827
799658,4;0,1062841
799675,4;0,1062841
799691,8;0,1062826
799708;0,1062827
799724,6;0,1062757
799741,4;0,1062716
799760,1;0,1062716
799776,6;0,1062688
799793,3;0,1062592
799809,8;0,1062592
799826,4;0,1062496
799843,2;0,1062259
799859,6;0,1062066
799876,1;0,1061873
799892,8;0,1061735
799909,7;0,1061487
799925,8;0,1061337
799942,3;0,1061103
799959,6;0,1060829
799975,4;0,1060679
799992;0,1060459
800008,6;0,1060214
800025,1;0,1059998
800042,4;0,1059998
800058,6;0,1059847
800075,5;0,1059781
800091,4;0,1059645
800108;0,1059467
800124,5;0,1058869
800141,8;0,1058001
800157,6;0,1057822
800174,7;0,1057754
800191,4;0,1056978
800207,3;0,1056557
800224,3;0,1056298
800241;0,1056148
800257,1;0,1055916
800274;0,1055207
800290,3;0,1054975
800306,9;0,1054513
800323,6;0,1054513
800339,9;0,1053983
800356,4;0,1053628
800373,1;0,1053126
800389,6;0,1052704
800406,5;0,1052351
800422,8;0,1051955
800439,3;0,1051643
800455,9;0,1051293
800472,9;0,105091
800489;0,1050575
800505,6;0,105032
800522,1;0,105032
800538,8;0,1049377
800555,3;0,1049083
800572,2;0,104868
800588,4;0,1048681
800605;0,1048385
800621,5;0,1047515
800638,1;0,1047019
800654,7;0,1046575
800671,2;0,1046133
800687,8;0,1045826
800704,4;0,1045812
800720,9;0,1045559
800737,5;0,1045277
800754,1;0,1044794
800770,6;0,1043558
800787,6;0,1043088
800803,8;0,1042687
800820,3;0,104223
800837,1;0,1041719
800853,5;0,1041423
800870,1;0,1040925
800886,8;0,1040615
800903,2;0,1040615
800919,8;0,103977
800936,8;0,1039217
800952,9;0,10388
800969,4;0,1038289
800986,4;0,1037684
801002,6;0,1037376
801019,1;0,1036746
801035,7;0,1036409
801052,3;0,1035858
801068,9;0,1035521
801085,4;0,1034902
801102;0,1034621
801118,5;0,1034095
801135,1;0,1034095
801152,3;0,1033192
801168,6;0,1032584
801184,8;0,1032193
801201,6;0,1032019
801217,9;0,1031751
801235;0,1030847
801251,1;0,103059
801267,6;0,1030008
801284,2;0,1030008
801301,1;0,1028888
801317,3;0,1028888
801333,9;0,1028363
801350,4;0,1028229
801367;0,1028094
801383,6;0,1027823
801400,2;0,1026624
801417;0,102603
801434,2;0,1025705
801449,8;0,1025181
801466,8;0,1024626
801483;0,1024344
801499,6;0,1023831
801516,1;0,1023507
801532,7;0,102325
801554,1;0,1022926
801565,8;0,1022183
801582,4;0,1021631
801598,9;0,1021336
801615,7;0,102073
801632,1;0,1020473
801648,8;0,1019962
801665,3;0,1019586
801681,8;0,1019424
801698,4;0,101917
801715,1;0,1018388
801731,5;0,1018133
801748,3;0,101769
801764,6;0,101769
801781,2;0,1016873
801797,8;0,1016819
801814,9;0,101638
801830,9;0,1016115
801847,5;0,1015839
801864,6;0,1015615
801881,4;0,1015485
801897,1;0,1015222
801913,7;0,1015012
801930,3;0,1014829
801946,9;0,1014829
801963,9;0,1014529
801980,3;0,1014451
801997,1;0,101436
802013,1;0,101436
802029,8;0,1014151
802046,3;0,1013841
802062,9;0,10137
802079,4;0,1013545
802096,1;0,1013324
802112,6;0,1013324
802129,4;0,1013156
802145,6;0,1012973
802162,3;0,1012818
802178,8;0,1012754
802195,4;0,1012611
802211,9;0,1012534
802228,5;0,1012366
802245,1;0,1012366
802261,7;0,1012108
802278,2;0,1012044
802294,8;0,1011967
802311,3;0,1011863
802327,9;0,1011735
802344,5;0,1011683
802361;0,1011632
802378,4;0,1011542
802394,3;0,1011452
802411,1;0,1011387
802427,3;0,1011323
802443,9;0,1011323
802462,7;0,1011182
802477,1;0,1011169
802493,6;0,1011105
802510,6;0,1011105
802526,8;0,1011054
802543,6;0,1011028
802560,1;0,1011015
802576,4;0,1011015
802592,9;0,1011015
802609,5;0,1011015
802626,1;0,1011015
802642,6;0,1011015
802659,7;0,1011003
802675,8;0,1011003
802692,6;0,1011015
802709;0,101104
802725,6;0,1010952
802742,6;0,1010864
802759;0,101075
802775,4;0,1010638
802791,8;0,1010638
802808,4;0,1010298
802824,9;0,1010135
802841,4;0,1010011
802858,1;0,1009761
802874,6;0,1009499
802891,8;0,1009336
802907,7;0,10091
802924,3;0,1008891
802941,2;0,1008536
802957,4;0,1008085
802974;0,1007782
802990,6;0,100748
803007,1;0,1006881
803023,9;0,1006356
803040,3;0,1005951
803057,2;0,1005951
803073,4;0,1004855
803090,8;0,100422
803106,6;0,1003702
803123,6;0,1003617
803140,3;0,1003279
803156,3;0,1002517
803173,6;0,10021
803189,4;0,1001831
803206;0,1001831
803223,3;0,1001114
803239,5;0,1001066
803255,6;0,1000791
803272,2;0,1000617
803288,8;0,1000617
803305,8;0,1000228
803321,9;0,09997448
803338,8;0,09994587
803355,1;0,0999197
803371,6;0,0999197
803388,2;0,0999009
803405,1;0,09985765
803421,3;0,09983276
803437,9;0,09981653
803454,4;0,09981653
803471;0,09976796
803487,8;0,09973673
803504,1;0,09970561
803520,7;0,09970561
803537,3;0,09967577
803554,1;0,09963703
803570,4;0,09961092
803587,1;0,09957743
803603,5;0,09957743
803620,2;0,09956266
803636,7;0,09951672
803653,4;0,09949549
803669,8;0,09946827
803686,3;0,09946827
803702,9;0,09940244
803719,5;0,09940244
803736,1;0,09936138
803752,6;0,09933648
803769,2;0,09929933
803785,8;0,09928188
803802,3;0,09926217
803818,9;0,09923221
803835,8;0,09919872
803852,1;0,09918378
803869,3;0,09916645
803885,1;0,09916144
803901,8;0,09915271
803918,4;0,09913673
803934,9;0,09913673
803951,4;0,09912051
803968;0,0990548
803984,6;0,0989792
804001,3;0,0989792
804017,7;0,098947
804034,3;0,09891606
804050,8;0,09888752
804067,4;0,09886159
804084;0,09886159
804100,5;0,09884561
804117,1;0,09880217
804133,7;0,09877502
804150,6;0,09876251
804166,8;0,0987339
804183,4;0,09871542
804200,1;0,09868699
804216,5;0,09867083
804234,3;0,09867083
804250,9;0,09862757
804267,4;0,09859651
804284,1;0,0985679
804300,6;0,09854674
804317,2;0,09852831
804334;0,09851208
804350,6;0,09848358
804366,9;0,09848358
804383,4;0,09842636
804400,1;0,09840897
804416,6;0,09839524
804433,6;0,09836913
804449,7;0,09835412
804466,5;0,09832916
804483,2;0,09831544
804499,4;0,09830543
804516;0,09829793
804532,6;0,09827016
804549,6;0,09827016
804565,7;0,09826137
804582,6;0,09825374
804598,9;0,09823855
804615,4;0,09822085
804631,9;0,09821328
804648,5;0,09821071
804665,3;0,0982095
804682,2;0,09820693
804698,3;0,09820572
804714,8;0,09820572
804732;0,09820937
804747,9;0,09821565
804764,6;0,09823079
804781,1;0,09824824
804797,6;0,09825831
804814,6;0,0982696
804831,3;0,09827582
804847,3;0,09829211
804863,9;0,09832066
804880,4;0,09834305
804897;0,09835299
804913,6;0,09835299
804930,1;0,09839978
804946,7;0,09842895
804963,3;0,09844934
804979,9;0,09850238
804996,4;0,09850238
805013,4;0,09859321
805029,6;0,09861337
805046,3;0,09867753
805062,8;0,09874624
805079,3;0,09879013
805096,1;0,09883562
805112,4;0,09886212
805129,2;0,0988695
805145,5;0,09896445
805162,1;0,09899227
805178,6;0,09900576
805195,4;0,09902748
805211,9;0,09902748
805228,3;0,09904475
805244,9;0,09910361
805261,7;0,09913595
805278,2;0,09915077
805294,6;0,09916322
805312;0,09918664
805327,8;0,09921013
805344,3;0,09921995
805361,5;0,09924728
805377,4;0,09925838
805394;0,09928431
805410,6;0,09930413
805427,1;0,09932023
805443,8;0,0993461
805460,3;0,0993572
805476,8;0,09937824
805493,4;0,09938197
805509,9;0,09940552
805526,7;0,09944285
805543,1;0,09946769
805559,7;0,09948642
805576,3;0,09948642
805593,1;0,09953754
805609,4;0,09957495
805625,9;0,09961236
805642,5;0,09964366
805659,1;0,09966715
805675,7;0,09969088
805692,2;0,09970455
805708,8;0,09971713
805725,3;0,09977943
805741,9;0,09981695
805758,5;0,09984069
805775,5;0,09984069
805791,6;0,09986949
805808,2;0,09994058
805824,8;0,09994058
805841,9;0,09996297
805858,6;0,09997804
805874,8;0,1000181
805891;0,1000895
805907,6;0,1001334
805924,2;0,1001533
805940,8;0,1001645
805957,5;0,1002374
805973,8;0,1002601
805990,9;0,100304
806007,1;0,100304
806023,6;0,1003429
806041,4;0,1003958
806058;0,1004461
806074,5;0,1004688
806091,1;0,1004852
806107,8;0,1005644
806124,3;0,1006046
806140,8;0,100622
806157,5;0,1006486
806174,2;0,1006902
806190,5;0,1007165
806207,1;0,1007605
806224,3;0,1007906
806240,3;0,1008384
806256,8;0,1008787
806273,4;0,1009003
806289,9;0,1009458
806306,8;0,1009458
806323,6;0,1009772
806339,6;0,1010315
806356,2;0,1010315
806372,8;0,1011234
806389,3;0,1011539
806406,1;0,1011791
806422,4;0,1012168
806439,3;0,1012168
806455,9;0,101256
806472,4;0,1012611
806488,7;0,1012764
806505,3;0,1012966
806522,3;0,1013819
806538,6;0,1014305
806555;0,1014473
806571,6;0,1014576
806588,1;0,1015078
806604,7;0,1015402
806621,2;0,1015555
806637,8;0,1015751
806654,4;0,1016037
806670,9;0,1016349
806687,5;0,1016505
806704,1;0,1016818
806720,9;0,1016988
806737,2;0,1017263
806753,8;0,1017527
806770,3;0,1017842
806786,9;0,1017842
806803,4;0,1018262
806820,1;0,1018698
806836,6;0,1018991
806853,3;0,1019388
806869,8;0,1019666
806886,8;0,1019957
806903,5;0,1020343
806919,4;0,1020876
806936,1;0,1020876
806952,6;0,1021568
806969,4;0,1022274
806985,7;0,1022648
807002,3;0,1022956
807019,3;0,1022956
807035,4;0,1024228
807052;0,1024719
807068,6;0,1025465
807085,1;0,1026357
807101,7;0,1026357
807118,3;0,1026521
807134,8;0,1026877
807151,4;0,102773
807168;0,1029431
807184,5;0,1031084
807201,1;0,1031699
807217,6;0,1031699
807234,2;0,1033487
807251,4;0,103467
807267,4;0,1035384
807283,9;0,1035854
807300,7;0,1036555
807317;0,1038369
807333,6;0,1039481
807350,2;0,1040089
807366,8;0,1040089
807383,6;0,1042385
807399,9;0,1043037
807416,6;0,1043561
807433;0,104467
807449,6;0,1045699
807466,6;0,1046266
807483,4;0,1047205
807499,3;0,1047632
807516,2;0,1048529
807532,4;0,1049137
807549,5;0,1049712
807565,6;0,105044
807582,1;0,1050753
807598,7;0,105126
807615,3;0,1051382
807631,8;0,1051984
807648,4;0,1052501
807664,9;0,1053071
807681,5;0,1053371
807698,1;0,1053371
807714,7;0,1054118
807731,4;0,1054389
807747,8;0,1054496
807764,3;0,1054621
807780,9;0,1054891
807797,6;0,105534
807814,1;0,1056206
807830,6;0,1056779
807847,2;0,1057268
807863,7;0,1057513
807880,5;0,1057513
807897;0,1058112
807913,4;0,1058327
807930;0,1058652
807946,6;0,1059156
807964;0,1059521
807980,3;0,1059804
807996,3;0,1059899
808012,8;0,1060167
808029,4;0,1060551
808045,9;0,1060849
808062,6;0,1060998
808079,7;0,1061215
808095,7;0,1061391
808112,3;0,1061605
808128,8;0,1061605
808145,6;0,1061829
808162,3;0,1061976
808178,9;0,1062109
808195,1;0,1062256
808211,7;0,106231
808228,2;0,1062413
808244,8;0,1062456
808261,7;0,1062549
808277,9;0,1062749
808294,5;0,1062868
808311,1;0,1062988
808327,9;0,1063082
808344,2;0,1063269
808361,4;0,1063362
808377,3;0,106343
808393,9;0,1063536
808410,4;0,1063536
808427;0,1063632
808443,8;0,1063967
808460,1;0,1064124
808476,7;0,106426
808493,3;0,1064325
808510,1;0,1064447
808526,4;0,10645
808543;0,106462
808559,5;0,1064726
808576,1;0,1064861
808598,2;0,1064942
808609,4;0,1064942
808625,8;0,1065007
808642,4;0,1065142
808658,9;0,1065142
808675,6;0,1065263
808692,1;0,1065346
808708,9;0,10654
808725,3;0,1065427
808741,8;0,1065469
808758,4;0,1065469
808774,9;0,1065509
808791,9;0,1065537
808808,1;0,1065592
808825,4;0,1065565
808841,2;0,1065578
808858,4;0,1065565
808874,3;0,1065608
808890,9;0,1065608
808908,3;0,1065511
808924,4;0,1065413
808940,6;0,1065303
808957,1;0,1065248
808973,8;0,1065125
808990,3;0,106504
809006,9;0,106504
809023,4;0,1064957
809040;0,1064957
809056,5;0,1064957
809073,9;0,1064693
809089,7;0,1064015
809106,3;0,1063215
809122,8;0,1062858
809139,3;0,1062336
809156,1;0,1062336
809172,6;0,1061538
809189,4;0,1060632
809205,6;0,1060197
809222,6;0,1059932
809238,8;0,1059932
809255,4;0,1058586
809271,9;0,1057768
809288,4;0,1057138
809305,1;0,1056393
809321,6;0,1055985
809338,2;0,1055458
809354,8;0,1054857
809371,3;0,1054478
809387,9;0,1054169
809404,9;0,1053284
809421,3;0,1052684
809437,8;0,1052001
809454,4;0,1051694
809470,9;0,1051694
809487,5;0,1050673
809504;0,1050431
809520,7;0,1049961
809537,4;0,1049732
809554;0,1049392
809571,1;0,1049124
809587,1;0,1048869
809603,6;0,1048645
809620,2;0,1048505
809636,6;0,1048267
809653,1;0,1048168
809669,7;0,1048168
809686,3;0,1048057
809702,8;0,1048057
809719,4;0,1047626
809735,9;0,1047347
809752,5;0,1047208
809769,1;0,1047097
809786,2;0,1047097
809802,3;0,1046971
809818,9;0,1046722
809835,4;0,1046652
809852,1;0,1046485
809868,5;0,1046304
809885,1;0,1046248
809901,9;0,1046179
809918,2;0,1046179
809934,9;0,1045984
809951,4;0,104597
809968,2;0,1045943
809984,4;0,1045929
810001,1;0,1045902
810017,6;0,1045833
810034,2;0,1045833
810051,3;0,1045819
810067,9;0,1045805
810083,9;0,1045778
810100,4;0,1045806
810117;0,104586
810133,9;0,1045984
810150,1;0,1046121
810166,7;0,1046149
810183,3;0,1046245
810199,8;0,1046245
810216,4;0,104659
810233;0,1046658
810249,5;0,1046822
810266,1;0,1046864
810282,6;0,1046906
810299,7;0,1047015
810315,8;0,104707
810332,3;0,104707
810348,9;0,1047139
810365,5;0,1047333
810382,1;0,1047566
810398,8;0,1047566
810415,3;0,1047704
810431,8;0,1047842
810448,5;0,1047994
810465,8;0,1048089
810481,9;0,1048144
810498,7;0,1048214
810514,6;0,1048352
810531,7;0,1048517
810547,8;0,1048559
810564,7;0,1048669
810581,3;0,1048752
810597,4;0,1048752
810614;0,1048973
810630,8;0,1049097
810647,3;0,1049195
810663,7;0,1049249
810680,3;0,1049249
810696,8;0,104936
810713,4;0,1049442
810730;0,1049608
810747,1;0,1049745
810763,1;0,1049772
810779,7;0,1049841
810796,6;0,1049883
810812,8;0,1049883
810829,4;0,1050005
810845,9;0,1050114
810862,5;0,1050155
810879,1;0,1050155
810895,6;0,1050181
810912,3;0,1050291
810928,8;0,1050346
810945,3;0,1050346
810962,2;0,1050415
810978,4;0,1050443
810995,1;0,1050541
811011,6;0,1050652
811028,3;0,1050735
811044,8;0,1050776
811061,3;0,1050789
811077,9;0,1050928
811094,4;0,105097
811111,3;0,1051038
811127,6;0,1051038
811144,1;0,1051093
811160,7;0,1051328
811177,3;0,1051453
811194;0,1051481
811210,5;0,1051481
811227;0,1051579
811243,5;0,1051785
811260,1;0,1051867
811276,7;0,1051923
811293,8;0,1051923
811309,9;0,1052228
811326,4;0,1052351
811342,9;0,1052559
811359,7;0,1052559
811376,1;0,105274
811393,7;0,1052976
811409,3;0,1053256
811425,8;0,1053352
811442,3;0,1053603
811459,3;0,1053702
811475,8;0,1053997
811492,1;0,1054308
811508,7;0,1054478
811525,8;0,105489
811541,8;0,1055102
811558,4;0,1055102
811574,9;0,1055302
811591,6;0,1055302
811608,1;0,10555
811624,8;0,1055715
811641,6;0,1056773
811657,7;0,1058696
811674,8;0,1059008
811691,4;0,1060175
811707,6;0,1061093
811723,9;0,1062027
811740,6;0,1062783
811757,1;0,106335
811773,7;0,1063488
811790,4;0,1065461
811806,8;0,1066402
811823,4;0,1067577
811839,9;0,1067577
811856,5;0,1068916
811873,1;0,1070236
811889,6;0,1071604
811906,2;0,1072681
811922,8;0,107372
811939,3;0,1074447
811955,9;0,1075831
811972,6;0,1075831
811989;0,1077934
812005,9;0,1078733
812022,1;0,1078887
812038,8;0,108133
812056,6;0,1083112
812073,8;0,1083839
812089,8;0,1083839
812106,3;0,108548
812122,8;0,1087807
812139,4;0,1088508
812156;0,1089318
812172,6;0,1089588
812189,1;0,1092297
812205,7;0,1093534
812222,3;0,1093534
812239,3;0,109412
812255,4;0,109412
812271,9;0,1095868
812288,5;0,109777
812305,4;0,1098383
812321,6;0,1098876
812338,9;0,1099775
812355,1;0,1100356
812371,9;0,1100356
812388,1;0,1101667
812404,5;0,1102627
812421,3;0,1103271
812437,6;0,1103435
812454,2;0,1104206
812470,7;0,1105165
812487,6;0,1106088
812504,3;0,1106577
812520,4;0,1106577
812537,3;0,1108136
812553,6;0,1108524
812570,1;0,1109171
812586,8;0,1109294
812603,3;0,1109973
812619,8;0,1110849
812636,4;0,1111525
812652,9;0,1111988
812669,7;0,1112404
812686,1;0,1112797
812702,6;0,1113084
812719,4;0,1113258
812735,8;0,1113574
812752,4;0,1113574
812769,1;0,111411
812785,5;0,1114185
812802,1;0,1114478
812818,6;0,1114768
812835,4;0,1115023
812851,8;0,1115153
812868,6;0,1115153
812885,1;0,1115265
812901,5;0,1115393
812919,5;0,1115755
812934,6;0,111607
812951,2;0,1116168
812967,8;0,1116337
812984,8;0,1116435
813000,9;0,1116435
813017,8;0,1116871
813034;0,1116971
813050,6;0,1117139
813067,4;0,1117183
813083,7;0,1117277
813100,3;0,1117562
813117;0,111776
813133,7;0,1117913
813150,1;0,1117985
813166,5;0,1118124
813183,1;0,1118339
813199,6;0,1118523
813216,3;0,1118608
813232,8;0,1118777
813249,4;0,1118833
813265,9;0,111903
813282,5;0,111903
813299,1;0,1119152
813315,6;0,111927
813332,6;0,1119355
813348,8;0,111944
813365,8;0,1119466
813382;0,1119497
813399,1;0,1119497
813415,1;0,1119497
813431,6;0,1119454
813448,3;0,111944
813464,8;0,1119368
813481,3;0,1119339
813497,9;0,1119238
813514,4;0,1119153
813531;0,1119153
813547,6;0,1118931
813564,3;0,1118504
813581,2;0,1118044
813597,3;0,1117853
813614;0,1117853
813630,4;0,1117042
813647,2;0,1116142
813663,8;0,1115725
813680,9;0,1114822
813696,9;0,1114411
813713,3;0,1113347
813729,8;0,1113347
813746,8;0,1112254
813764,4;0,1110783
813781;0,1110002
813797,7;0,1108887
813814,8;0,1107995
813830,8;0,1107101
813847,3;0,1106016
813863,9;0,1105219
813880,4;0,1103939
813897,4;0,1103309
813914,5;0,1101974
813930,1;0,1101974
813946,7;0,1101151
813963,4;0,1099092
813979,8;0,109776
813996,6;0,1097032
814012,9;0,1097032
814029,6;0,1094833
814046,1;0,1093343
814062,7;0,1092371
814079,3;0,1091885
814095,8;0,1090736
814112,4;0,1088815
814128,9;0,1087314
814145,5;0,1087314
814162,1;0,1086597
814178,6;0,1086597
814195,2;0,1084331
814211,8;0,1081642
814228,3;0,1081029
814244,9;0,1079978
814261,5;0,1079415
814278;0,1078477
814294,7;0,1077706
814311,3;0,1077013
814327,9;0,1076139
814344,3;0,1075659
814361,1;0,1075223
814377,4;0,1075135
814394;0,1073503
814410,8;0,1073024
814427,3;0,1072185
814443,7;0,1071795
814460,3;0,107102
814476,9;0,1070493
814493,6;0,1069775
814510;0,1068922
814526,6;0,1068504
814543,1;0,1068013
814559,8;0,1067475
814576,8;0,1067475
814592,8;0,10664
814609,4;0,1065714
814625,9;0,1065167
814642,5;0,1065077
814659,1;0,1064813
814675,7;0,1064139
814692,3;0,106385
814708,9;0,1063547
814725,3;0,1063547
814741,9;0,1062987
814759,1;0,1062959
814775,4;0,1062731
814791,6;0,1062731
814808,6;0,1062575
814824,7;0,1062575
814841,3;0,1062161
814858;0,1061705
814874,4;0,1061507
814891;0,1061507
814907,7;0,1061351
814924,1;0,1061068
814941,4;0,1060927
814957,3;0,1060841
814973,8;0,1060841
814990,8;0,106056
815006,9;0,1060377
815023,9;0,1060236
815040,1;0,1060053
815056,6;0,1059855
815073,3;0,1059728
815089,8;0,1059518
815107,1;0,1059209
815122,9;0,1059028
815139,8;0,1058747
815156,6;0,1058647
815172,6;0,1058647
815189,2;0,10582
815205,8;0,105785
815222,4;0,1057723
815238,9;0,1057501
815255,9;0,1057291
815272,4;0,1057123
815288,6;0,1056913
815305,8;0,1056803
815322,4;0,1056746
815338,3;0,1056746
815355,1;0,105645
815371,6;0,1056379
815388,5;0,1056323
815404,8;0,1056323
815421,6;0,1056309
815437,7;0,1056309
815454,7;0,1056252
815470,9;0,1056252
815490;0,105621
815504,5;0,1056209
815521,2;0,1056209
815537,1;0,1056209
815553,7;0,1056294
815570,3;0,1056377
815586,9;0,1056447
815603,7;0,1056447
815619,9;0,1056474
815636,5;0,1056643
815653,1;0,1056686
815669,6;0,1056726
815686,2;0,105681
815703;0,1056866
815719,3;0,1056908
815735,9;0,105695
815752,8;0,1057144
815769,3;0,1057255
815785,7;0,1057353
815802,2;0,1057353
815819;0,1057395
815835,3;0,1057422
815851,9;0,1057394
815868,8;0,1057395
815885;0,105738
815901,8;0,1057353
815918,1;0,1057339
815935;0,1057338
815951,3;0,1057338
815968,2;0,1057297
815984,6;0,1057187
816001,1;0,105716
816017,5;0,105716
816034,1;0,1057105
816050,8;0,1057064
816067,2;0,1057064
816083,8;0,1057093
816101,1;0,1057022
816117,3;0,105698
816133,5;0,1056884
816150,2;0,1056815
816166,6;0,1056801
816183,2;0,1056801
816199,8;0,1056717
816216,3;0,1056593
816232,9;0,1056551
816249,4;0,1056538
816266,4;0,1056523
816282,6;0,1056454
816300,2;0,1056469
816316,7;0,1056441
816335,9;0,1056385
816352,6;0,1056483
816369,4;0,1056483
816385,7;0,1056566
816402,3;0,1056568
816418,8;0,1056596
816435,4;0,1056651
816452,8;0,1056693
816468,7;0,1056693
816485,2;0,1056846
816501,6;0,1056944
816518,2;0,1056973
816534,8;0,1056973
816551,8;0,1057072
816567,9;0,1057113
816584,5;0,1057155
816601,1;0,105717
816617,6;0,105717
816634,1;0,1057337
816650,7;0,1057337
816667,3;0,1057436
816684,1;0,1057464
816700,4;0,1057464
816717,3;0,1057478
816733,6;0,1057478
816750,1;0,105752
816766,7;0,105773
816783,6;0,1057812
816799,8;0,1057869
816816,6;0,1057896
816832,9;0,1057924
816849,6;0,1057924
816866,1;0,1058064
816882,6;0,1058064
816899,3;0,1058191
816915,8;0,1058205
816932,5;0,1058233
816948,9;0,1058303
816965,5;0,1058317
816982,1;0,1058359
816998,6;0,1058471
817015,2;0,1058498
817032,6;0,1058567
817048,3;0,1058567
817065,4;0,1058665
817081,7;0,1058805
817098;0,1058874
817114,6;0,1058943
817131,2;0,1059013
817147,7;0,1059265
817164,3;0,1059361
817184,3;0,1059498
817197,4;0,1059596
817214,1;0,1059693
817230,6;0,1059788
817247,1;0,1059788
817263,7;0,1059898
817280,3;0,1059995
817296,9;0,106009
817313,4;0,1060132
817329,9;0,1060132
817346,5;0,1060104
817363,1;0,1060104
817380,1;0,1060104
817396,3;0,1060105
817412,8;0,1059964
817429,4;0,1059881
817445,9;0,1059769
817462,6;0,105963
817479,5;0,105963
817495,6;0,1059062
817512,2;0,1058993
817529,3;0,1058564
817545,4;0,10584
817562,1;0,1058015
817578,4;0,1057848
817595,1;0,1057643
817611,6;0,1057519
817628,2;0,1056833
817644,7;0,1056627
817661,3;0,1056217
817677,9;0,1055971
817694,4;0,1055574
817711;0,1055162
817727,6;0,1055162
817744,2;0,1054713
817760,7;0,1054263
817777,4;0,1054263
817793,8;0,1053664
817810,7;0,1053136
817826,9;0,1052868
817843,6;0,1052759
817860,1;0,1052519
817876,7;0,1051885
817893,3;0,1051482
817909,8;0,1051283
817926,4;0,1051283
817942,9;0,1050522
817959,6;0,1050228
817976,1;0,1050029
817992,6;0,1049935
818009,2;0,104987
818025,8;0,1049535
818042,3;0,1048722
818064,3;0,1048284
818080,9;0,1048098
818097,5;0,1047688
818114;0,1047394
818130,6;0,1047143
818147,1;0,1046731
818163,7;0,1046546
818180,4;0,1046187
818196,8;0,1045922
818213,4;0,1045922
818230;0,1045127
818246,6;0,1045074
818263,3;0,1044545
818279,7;0,104421
818296,3;0,1043769
818313,3;0,1043516
818329,5;0,1043193
818346,4;0,1042791
818362,6;0,1042374
818379,6;0,1042181
818396,2;0,1041827
818412,3;0,1041827
818428,8;0,1041579
818445,7;0,1041247
818461,9;0,1041081
818478,8;0,104097
818495,1;0,1040942
818511,9;0,104076
818528,4;0,1040623
818545,3;0,1040539
818561,3;0,1040539
818577,9;0,1040495
818594,8;0,1040399
818611;0,1040399
818627,6;0,104037
818644,5;0,1040328
818661,1;0,1040328
818677,9;0,1040217
818693,9;0,1040158
818711,1;0,1040103
818727,4;0,1040103
818743,6;0,1040061
818760,1;0,1040075
818776,7;0,1040104
818793,3;0,104009
818809,8;0,104009
818826,5;0,1040118
818842,9;0,1040232
818859,5;0,1040274
818876,1;0,1040316
818892,8;0,1040345
818909,3;0,10405
818925,8;0,1040641
818949,3;0,1040772
818965,8;0,1041002
818983,2;0,1041306
818998,9;0,1041637
819015,7;0,1041956
819032,1;0,1042314
819049;0,1042418
819065,4;0,1044309
819082,4;0,1045189
819098,6;0,1046353
819114,9;0,1047176
819131,5;0,1049019
819148,6;0,1050754
819164,8;0,1050944
819181,3;0,1052995
819197,8;0,1055172
819214,6;0,1056901
819230,9;0,1058815
819248,2;0,1061019
819264,1;0,1061019
819280,6;0,1062174
819297,2;0,1062504
819313,8;0,1063902
819330,3;0,1069188
819347,4;0,1072398
819363,4;0,1073735
819380;0,1075085
819397,3;0,107647
819413,1;0,1080375
819429,7;0,1083091
819446,5;0,1085072
819462,8;0,1087551
819479,9;0,1089699
819496;0,1092136
819513,1;0,1095392
819529,1;0,1097068
819545,6;0,1097068
819562,8;0,1102507
819579,7;0,1105302
819595,3;0,110687
819612;0,110687
819628,9;0,1110801
819645,9;0,1115332
819661,6;0,1118087
819678,6;0,1118744
819694,8;0,1119391
819711,4;0,1125361
819727,9;0,1127909
819744,4;0,1130223
819761,1;0,1130941
819778,1;0,1134321
819794,4;0,1136542
819810,8;0,1138497
819829,3;0,1140952
819846,1;0,1141777
819862,8;0,1143104
819879,1;0,114681
819895,6;0,1148013
819912,3;0,1148521
819928,9;0,1149204
819945,3;0,1150257
819961,9;0,1154406
819978,4;0,115715
819995;0,1159476
820012,3;0,1160648
820028,1;0,1162868
820044,7;0,1163972
820061,3;0,1164144
820077,8;0,1167768
820094,4;0,1168643
820111,3;0,1170029
820127,5;0,1173133
820144,1;0,1175748
820160,6;0,1176877
820177,3;0,1176877
820193,8;0,1180323
820210,3;0,1183696
820226,9;0,1185753
820243,6;0,118644
820260,1;0,1187885
820276,6;0,119059
820293,2;0,1195093
820310,2;0,1196517
820326,4;0,1196517
820343,4;0,1201747
820359,4;0,1203619
820376,2;0,1205449
820392,6;0,1207782
820409,2;0,1207782
820425,8;0,1211145
820442,3;0,1214388
820459;0,1215723
820475,4;0,1218365
820492;0,1219901
820508,9;0,1222044
820525,1;0,1222044
820541,9;0,1223225
820558,3;0,1223225
820574,8;0,1223225
820591,9;0,1225716
820608;0,1230667
820624,8;0,1235505
820641,5;0,1237155
820657,6;0,1239349
820674,2;0,1239349
820690,9;0,1241656
820707,3;0,1244502
820733,1;0,1247139
820749,9;0,1247712
820766,3;0,1250312
820783,7;0,1253734
820799,3;0,1255178
820815,9;0,1257421
820832,6;0,1257421
820849;0,1259908
820865,6;0,1262245
820882,1;0,1264847
820898,7;0,1266722
820915,3;0,1268564
820931,8;0,1270036
820948,4;0,1271172
820964,9;0,1274306
820981,9;0,1276724
820998,3;0,1279459
821014,6;0,1281046
821031,3;0,1283308
821048,2;0,1285483
821064,4;0,1286607
821080,9;0,1287557
821097,5;0,1287885
821114,1;0,1290851
821130,6;0,1291918
821147,2;0,1292907
821163,8;0,129346
821180,4;0,1293904
821196,9;0,129444
821213,4;0,1294459
821230,1;0,1294887
821246,6;0,1296221
821263,8;0,1296287
821279,8;0,1297764
821296,3;0,1298775
821312,9;0,1299083
821329,4;0,1299348
821346;0,1299502
821362,7;0,1300498
821379,1;0,1301028
821395,7;0,1301323
821412,3;0,1301323
821429,1;0,1302058
821445,4;0,1302752
821462;0,1302959
821478,5;0,1303505
821495,2;0,1303505
821511,8;0,1304166
821528,3;0,130456
821544,9;0,130456
821561,4;0,1304822
821577,9;0,1305385
821594,5;0,1307756
821612,7;0,1308866
821629,2;0,1310596
821646;0,131281
821662,4;0,1314752
821678,9;0,1318644
821695,6;0,1321326
821712,8;0,1328195
821728,6;0,1335742
821745,4;0,1341054
821761,8;0,134591
821778,6;0,134591
821794,9;0,1369033
821811,4;0,1379481
821828,6;0,1379481
821844,9;0,1386942
821861,5;0,1389607
821877,8;0,1396988
821894,3;0,142993
821911,3;0,1453621
821927,4;0,1462252
821944;0,1473019
821960,6;0,1477377
821977,6;0,1486256
821993,7;0,1509506
822010,3;0,1525313
822027,1;0,1533541
822043,4;0,15486
822059,9;0,1559725
822076,8;0,1572788
822093,1;0,1572788
822109,7;0,1584135
822126,4;0,1611723
822142,8;0,1622621
822159,4;0,1630398
822175,9;0,1631181
822192,5;0,1658933
822209,4;0,1675657
822225,6;0,1687976
822242,2;0,1687976
822258,8;0,170475
822275,3;0,1723616
822292,2;0,174083
822308,7;0,1744796
822325;0,176166
822341,6;0,1768847
822358,4;0,1771791
822375,4;0,1800046
822391,9;0,1807941
822408,6;0,1823858
822424,4;0,1823858
822441,1;0,1842795
822457,6;0,1851488
822474,1;0,185202
822490,8;0,1858638
822507,3;0,1864198
822528,4;0,187264
822540,4;0,1888928
822556,9;0,1905795
822573,7;0,1911309
822590,1;0,1913781
822606,8;0,1929683
822623,3;0,1929683
822639,8;0,1938805
822656,5;0,194831
822673,3;0,195756
822689,5;0,1964459
822706,1;0,1971184
822722,7;0,1975915
822739,2;0,1984937
822755,8;0,1992539
822772,3;0,1998635
822788,9;0,2007853
822805,5;0,2012683
822822,1;0,2022419
822839,1;0,2026991
822855,2;0,2026991
822871,7;0,2041592
822888,3;0,2051801
822904,9;0,2057645
822921,4;0,2066262
822938;0,2066262
822954,6;0,2081151
822971,2;0,208674
822987,7;0,2088825
823004,3;0,2095554
823020,8;0,2111965
823037,7;0,2116326
823053,9;0,2120692
823070,6;0,2127655
823087,1;0,2131038
823103,9;0,2131038
823120,3;0,2134725
823136,8;0,2138492
823153,8;0,214569
823169,9;0,21586
823186,5;0,2170545
823203,1;0,2174823
823219,6;0,2175467
823236,2;0,2193358
823252,8;0,2198714
823269,4;0,2208158
823285,9;0,2208158
823302,6;0,2214746
823319;0,2227481
823335,6;0,223683
823352,2;0,2241823
823368,7;0,2241823
823389,3;0,2256123
823401,9;0,2266369
823418,5;0,2275573
823435;0,2280475
823451,6;0,2289885
823468,1;0,2297422
823484,9;0,2299045
823501,3;0,2303387
823517,8;0,2317718
823534,4;0,2317718
823551,1;0,2325771
823567,5;0,2340152
823584,1;0,2344646
823600,6;0,2348703
823617,8;0,2349658
823633,8;0,2364984
823650,4;0,2374525
823667,3;0,2378902
823683,5;0,2378902
823700,1;0,2386603
823716,6;0,2395267
823733,4;0,2395267
823749,8;0,2397877
823766,4;0,2397877
823782,9;0,2399821
823799,9;0,2403925
823816,3;0,2403783
823832,8;0,2403144
823849,2;0,2402977
823865,8;0,2402616
823882,3;0,2402311
823899,4;0,2401037
823915,4;0,2400025
823932;0,2399023
823948,8;0,2398317
823965,2;0,2397821
823981,9;0,2395947
823998,3;0,2393655
824014,8;0,239199
824032,1;0,2388743
824048,1;0,2386176
824064,8;0,2384364
824081,1;0,238097
824097,7;0,2378628
824114,3;0,2374995
824130,9;0,237054
824147,3;0,2368165
824164,1;0,2365557
824180,5;0,2364282
824197,9;0,2354462
824213,6;0,235046
824230,3;0,2343766
824246,8;0,2335877
824263,3;0,2333209
824279,9;0,232701
824298,2;0,2319129
824314,8;0,2313861
824331,3;0,2304913
824347,9;0,2304913
824364,9;0,2294074
824381,1;0,2287687
824397,9;0,2287354
824414,1;0,228629
824430,8;0,2265956
824447,3;0,2257092
824463,9;0,2250013
824480,5;0,2246252
824497,1;0,2242242
824513,6;0,2237903
824530,2;0,2235909
824546,9;0,2233773
824563,3;0,2229789
824579,9;0,2229789
824596,4;0,2224443
824613;0,2222572
824629,5;0,2222068
824646,1;0,2215669
824662,8;0,2213125
824679,2;0,2210793
824695,8;0,2210793
824712,3;0,2208628
824728,9;0,2204379
824745,5;0,2202667
824762,3;0,2201632
824778,6;0,2201455
824796,1;0,2197104
824811,8;0,2195502
824828,3;0,2193566
824844,9;0,2192298
824861,4;0,2191751
824878,1;0,2187935
824894,9;0,2185291
824911,6;0,2182271
824927,9;0,2180597
824944,3;0,2177538
824960,9;0,2174991
824977,4;0,2172857
824994,1;0,2171572
825010,6;0,2171509
825027,1;0,2170552
825043,9;0,2169442
825060,3;0,2169442
825076,8;0,2167063
825094;0,2164902
825110,1;0,2163783
825126,6;0,2163493
825143,4;0,2162706
825159,8;0,2159881
825176,9;0,2158172
825200,1;0,215577
825217,6;0,2154036
825233,2;0,2148849
825249,8;0,2147092
825266,4;0,2143072
825282,9;0,2143072
825299,5;0,2136617
825316,1;0,2135108
825332,6;0,2131247
825349,3;0,2126951
825365,8;0,2124316
825382,3;0,2120844
825399,3;0,2118822
825415,4;0,2118822
825432;0,2110893
825448,6;0,210958
825465,1;0,2104755
825481,7;0,2102928
825498,3;0,2098991
825514,9;0,2096336
825531,4;0,2092959
825548;0,2089428
825564,6;0,2086354
825581,3;0,2083996
825597,6;0,2079541
825614,3;0,2079541
825630,8;0,2073273
825647,4;0,2065094
825663,9;0,2065094
825680,8;0,2062168
825697,1;0,2061827
825713,6;0,2058548
825730,5;0,2054053
825746,8;0,2033704
825763,4;0,2025129
825780,3;0,2018588
825796,5;0,2013877
825813,1;0,2013877
825829,8;0,1995153
825846,2;0,1988251
825862,8;0,1980918
825879,5;0,1976238
825895,9;0,1976238
825912,5;0,1959184
825929;0,1956443
825945,6;0,195125
825962,3;0,1936155
825978,7;0,1926808
825995,3;0,1921737
826011,8;0,1921737
826028,4;0,1908711
826045;0,189757
826061,5;0,1891922
826078,1;0,1888645
826099,4;0,1877509
826115,9;0,1870742
826132,6;0,1860203
826149,1;0,1853807
826165,9;0,1853807
826182,3;0,1848523
826198,8;0,1838485
826215,4;0,183186
826231,9;0,1825989
826248,6;0,1823104
826265,1;0,1819428
826281,9;0,1818252
826298,4;0,1816063
826314,8;0,1816063
826331,4;0,1813886
826347,9;0,1812549
826365,3;0,1803249
826381,1;0,1796883
826397,6;0,1794769
826414,2;0,1794769
826431,1;0,1791729
826447,3;0,1786523
826463,9;0,1785043
826480,4;0,1783463
826497;0,1783154
826513,6;0,1777915
826530,4;0,1774323
826546,7;0,1772802
826563,4;0,1769774
826579,8;0,1768313
826596,6;0,1765848
826613;0,1763115
826629,6;0,1762574
826646,1;0,175784
826663;0,1757084
826679,3;0,1754444
826695,9;0,1751431
826712,4;0,1747517
826728,9;0,1745499
826745,5;0,1745499
826762,1;0,1741254
826778,6;0,1735368
826795,3;0,173065
826811,8;0,172849
826828,8;0,1724717
826845,1;0,1721776
826861,4;0,1719692
826878,1;0,1715186
826894,6;0,1712003
826911,2;0,1707747
826927,9;0,1703676
826944,3;0,1703676
826960,9;0,1701528
826977,4;0,1701102
826994;0,1697224
827017,5;0,1689248
827034,1;0,1680207
827050,7;0,1677324
827067,3;0,1672162
827084,3;0,166771
827100,3;0,1664176
827116,9;0,1661219
827133,5;0,1660956
827150,1;0,1650736
827166,6;0,1647089
827183,3;0,1641234
827199,8;0,1638296
827216,3;0,1632795
827232,9;0,1629923
827249,6;0,1629923
827266,4;0,1619
827282,6;0,1615655
827299,2;0,1612622
827315,9;0,1607621
827332,3;0,1607621
827348,9;0,1597363
827365,7;0,1596917
827382;0,1590707
827398,6;0,1585986
827415,4;0,1580572
827432,1;0,157783
827448,3;0,1575115
827464,9;0,1569481
827481,4;0,1565849
827498;0,1561588
827514,5;0,1558657
827531,1;0,1558384
827547,7;0,15483
827564,4;0,1545159
827581,1;0,154355
827597,4;0,1543312
827613,9;0,1543312
827630,5;0,1537217
827647,1;0,1528563
827663,6;0,1522552
827680,2;0,1522552
827696,8;0,1519889
827713,4;0,1514579
827729,9;0,1514579
827747,1;0,1509458
827763,1;0,150476
827779,6;0,1502517
827796,3;0,1501303
827813,1;0,1499389
827829,3;0,1494677
827850,6;0,1492629
827862,4;0,1490138
827879,2;0,1490138
827895,6;0,1485516
827912,2;0,1483656
827928,7;0,1481217
827945,3;0,1480109
827962,3;0,1480109
827978,4;0,1476779
827995;0,1476057
828011,6;0,1474581
828028,1;0,1473024
828044,7;0,1472049
828061,6;0,1470805
828077,8;0,1470036
828094,4;0,1468431
828111,2;0,1466884
828127,5;0,1465864
828144,1;0,1465308
828160,6;0,146363
828177,3;0,1462706
828194;0,1462015
828210,3;0,1459501
828226,9;0,1459477
828243,5;0,1459422
828260,9;0,1458626
828276,6;0,1456003
828293,1;0,1452637
828309,8;0,1451657
828326,3;0,1450831
828342,9;0,1448877
828359,4;0,1447483
828376,5;0,1445806
828392,8;0,1444955
828409,4;0,144389
828425,8;0,1442323
828442,6;0,1440728
828458,9;0,1440038
828475,4;0,1438494
828491,9;0,1438494
828508,6;0,1437434
828525,1;0,1435389
828541,7;0,1434232
828558,3;0,1433467
828574,8;0,1433264
828591,4;0,1430697
828607,9;0,142995
828624,5;0,1429154
828641,1;0,142842
828657,6;0,1426172
828674,2;0,1425446
828690,8;0,1425446
828707,6;0,1422366
828724,8;0,1421716
828741,8;0,1420678
828757,9;0,1419545
828774,6;0,1419545
828791,1;0,1416457
828807,7;0,1416132
828824,5;0,141414
828840,8;0,1413375
828857,4;0,1412593
828873,9;0,141178
828890,5;0,141178
828907,1;0,1410941
828923,9;0,1408118
828940,6;0,1408118
828956,8;0,1406658
828973,3;0,1404041
828989,9;0,1403189
829006,5;0,1402704
829023,3;0,1402704
829039,6;0,1401335
829056,1;0,1400872
829072,7;0,1400641
829089,3;0,1400641
829105,9;0,1400389
829122,4;0,1400543
829139;0,1400747
829155,6;0,1400847
829172,1;0,1400847
829188,7;0,1401594
829205,3;0,1401768
829222,1;0,1402288
829238,4;0,1402637
829254,9;0,1403047
829271,5;0,1403389
829288,4;0,1403633
829305,1;0,1403946
829321,3;0,1404977
829337,8;0,1405636
829354,4;0,1405852
829371,1;0,1405852
829387,4;0,1406693
829404,9;0,1407622
829421,2;0,1407996
829437,2;0,1408311
829453,8;0,1408609
829470,3;0,1409395
829486,9;0,1409858
829503,4;0,1409858
829520;0,1409883
829536,6;0,1409883
829553,2;0,1410369
829569,7;0,1410394
829590,8;0,1410157
829607,4;0,1409783
829624,3;0,1409453
829640,5;0,1409247
829657,1;0,1408846
829673,6;0,1407718
829690,6;0,1406907
829706,8;0,1406327
829723,4;0,1406003
829740,1;0,1405311
829756,6;0,1404077
829773;0,1403061
829789,9;0,1402534
829806,4;0,1401589
829822,8;0,1401077
829839,3;0,1400128
829855,8;0,1399668
829872,4;0,1398814
829889,4;0,1397686
829905,6;0,1397138
829922,4;0,1397138
829938,8;0,1395987
829955,3;0,139463
829972,1;0,1393213
829988,4;0,1392589
830005;0,1391977
830021,9;0,1391426
830038,1;0,1391027
830055,3;0,138914
830072,1;0,1388578
830087,8;0,1387616
830104,4;0,1387616
830120,9;0,1386213
830137,5;0,1385756
830154,1;0,1385708
830170,6;0,1385283
830187,2;0,1384845
830203,8;0,1383772
830220,3;0,1381996
830236,9;0,1381582
830253,6;0,1381106
830270;0,1380209
830287;0,1379225
830303,2;0,1378717
830319,7;0,1377801
830336,6;0,1377116
830352,9;0,1376176
830369,4;0,1375083
830386,1;0,1374423
830402,6;0,1373876
830419,1;0,1373738
830441,5;0,1372062
830453,8;0,1370551
830470,7;0,1369149
830486,9;0,1367482
830503,6;0,1366723
830520,2;0,1365967
830536,6;0,1365967
830553,4;0,1362783
830570,3;0,1361944
830586,4;0,1360517
830602,9;0,1359645
830619,5;0,1359645
830636,1;0,13574
830652,6;0,1356611
830669,7;0,1355577
830685,8;0,1353698
830702,6;0,135213
830718,9;0,1351506
830735,5;0,135035
830752;0,134919
830768,9;0,1348697
830785,1;0,1348697
830801,8;0,1348013
830818,3;0,1347295
830835,3;0,1346336
830851,5;0,1343969
830868,4;0,1341905
830884,5;0,1341247
830901,3;0,134075
830917,7;0,1339098
830934,3;0,1338507
830951,1;0,1337434
830967,4;0,1337434
830983,9;0,133645
831000,5;0,133499
831017,1;0,1334233
831033,6;0,133354
831050,8;0,1333279
831066,8;0,1331195
831083,8;0,1330036
831099,9;0,13294
831116,6;0,1328682
831133,1;0,132752
831149,6;0,1326277
831166,4;0,1326277
831182,9;0,1326277
831199,4;0,1323766
831215,9;0,132239
831232,4;0,1321312
831249;0,1320262
831265,6;0,1319493
831282,2;0,131808
831298,7;0,1316987
831316,9;0,1315714
831333,6;0,1314098
831350,1;0,1312887
831366,6;0,1312475
831383,2;0,1311975
831399,8;0,1308929
831416,3;0,1308054
831432,9;0,1307575
831449,4;0,1306998
831466;0,1306205
831482,6;0,1302617
831499,8;0,1300617
831515,7;0,12999
831532,4;0,1298807
831549,3;0,129677
831565,4;0,1296031
831582,2;0,1294798
831599;0,1293557
831615,1;0,1292992
831631,6;0,1292024
831648,3;0,1292024
831664,8;0,1291174
831681,6;0,1290371
831697,9;0,1290371
831714,7;0,1289137
831731,3;0,1288275
831747,9;0,1287663
831764,4;0,1287519
831780,8;0,1287168
831797,9;0,1285951
831813,9;0,1285216
831831;0,1284849
831847,1;0,1284849
831863,6;0,1283656
831880,3;0,1283284
831897,1;0,1282848
831913,3;0,1282746
831930,3;0,128227
831946,9;0,128194
831963;0,1281773
831979,6;0,1281586
831996,1;0,1281252
832012,7;0,1281022
832029,3;0,1280769
832046,5;0,1280621
832062,4;0,1280578
832079,3;0,1280433
832095,5;0,1280199
832112,4;0,1279665
832129,1;0,1278725
832145,2;0,1278231
832161,8;0,1277842
832178,4;0,1277374
832194,9;0,1277374
832215,8;0,1277101
832228,1;0,1276357
832245,4;0,1276104
832261,3;0,1275895
832277,9;0,1275895
832294,4;0,127519
832311,1;0,1274568
832327,6;0,1274181
832344,1;0,1273597
832360,7;0,127335
832377,3;0,1272729
832393,9;0,1272414
832410,4;0,1271779
832427,5;0,1271265
832443,7;0,1271009
832460,1;0,1270633
832476,7;0,1270299
832493,3;0,1270065
832510,2;0,1270065
832526,6;0,1269081
832543;0,1268863
832559,6;0,1268609
832576,1;0,1268609
832592,7;0,1267745
832609,2;0,1267529
832625,8;0,1266981
832642,3;0,1266803
832658,9;0,1266472
832675,8;0,1266257
832692;0,1266199
832708,6;0,1266081
832725,2;0,1265867
832742,4;0,1265867
832758,3;0,1265456
832774,9;0,1264438
832791,4;0,1263717
832808,2;0,1263717
832824,6;0,1263522
832841,4;0,1262894
832857,8;0,1262464
832874,3;0,1262052
832890,9;0,1262052
832907,6;0,1261023
832923,9;0,1260329
832941,3;0,1259474
832957,1;0,1259474
832973,7;0,1258657
832990,3;0,1257753
833006,8;0,1256949
833023,4;0,1256547
833040;0,1255704
833056,8;0,1255346
833073,8;0,1254505
833089,7;0,1254505
833106,6;0,1254144
833122,8;0,1252804
833140;0,1252022
833155,9;0,1251218
833172,5;0,1250758
833189;0,1250039
833205,6;0,1249436
833222,2;0,1248875
833238,8;0,1248599
833255,3;0,1248102
833271,9;0,1247527
833288,4;0,1247527
833305;0,1247273
833321,6;0,1246622
833338,1;0,1246408
833354,8;0,1246211
833371,3;0,1246211
833387,8;0,1246036
833404,7;0,1245274
833421,4;0,1244902
833437,6;0,1244784
833454,1;0,1244571
833471;0,1244474
833487,3;0,1244376
833503,8;0,1244318
833521,3;0,1244046
833537,4;0,124395
833553,5;0,1243702
833570,3;0,1243569
833586,7;0,1243359
833603,9;0,1243207
833619,8;0,1243207
833637,1;0,12426
833653;0,1242355
833669,5;0,1241959
833686,1;0,1241959
833702,6;0,1241751
833719,2;0,1241208
833735,7;0,1240834
833752,3;0,1240573
833768,9;0,1240573
833785,6;0,1239624
833802;0,1239363
833818,6;0,1238862
833835,1;0,1238436
833851,7;0,1237893
833868,3;0,1237518
833884,8;0,1236805
833901,4;0,1235921
833918;0,1235865
833934,6;0,1234946
833951,1;0,1234024
833970,4;0,1233269
833984,4;0,1233121
834001,3;0,1232626
834017,4;0,1232157
834033,9;0,1231033
834050,6;0,1229505
834067,1;0,1228933
834083,6;0,1228017
834100,3;0,1227595
834116,8;0,1226714
834133,4;0,1226022
834149,9;0,122548
834166,5;0,1225185
834183,1;0,1224619
834199,7;0,1224345
834216,4;0,1224027
834232,9;0,1223827
834249,6;0,1223827
834265,9;0,1223807
834282,5;0,1223928
834299;0,122417
834315,6;0,1224436
834332,1;0,1224436
834348,8;0,1225227
834365,4;0,122577
834382,4;0,1226327
834398,4;0,1226686
834415,4;0,1227364
834431,6;0,1227844
834448,6;0,1228264
834464,9;0,1228686
834481,3;0,1228686
834497,8;0,1230172
834515,4;0,1230533
834530,9;0,1231195
834547,6;0,1231824
834564,5;0,1232717
834580,6;0,1233233
834597,6;0,1233233
834613,9;0,1233656
834630,4;0,1233878
834646,9;0,1234111
834663,4;0,1234682
834680,8;0,1236622
834696,6;0,1238951
834713,2;0,123986
834729,8;0,1240886
834746,8;0,1241909
834763;0,124259
834779,6;0,1243592
834796;0,1243592
834812,6;0,1244598
834833,6;0,1245983
834845,7;0,1246428
834862,4;0,1247393
834878,9;0,1247393
834895,4;0,124813
834912;0,1248886
834928,5;0,1249462
834945,1;0,1250073
834961,7;0,1250546
834978,3;0,1250837
834994,9;0,1251407
835011,4;0,1251407
835028,3;0,1252057
835044,5;0,1252428
835061,1;0,1252448
835077,6;0,1253268
835095,1;0,125389
835110,8;0,1254265
835127,3;0,1254265
835143,9;0,125462
835161,1;0,1255707
835177,1;0,1256066
835193,6;0,1256504
835210,2;0,1256504
835226,8;0,1258093
835244,2;0,1258723
835259,9;0,1258885
835276,4;0,1259377
835293;0,1259377
835309,6;0,1260414
835326,3;0,1262181
835343,4;0,126329
835359,3;0,126329
835375,9;0,126385
835392,4;0,126385
835409,4;0,126618
835425,6;0,1267338
835442,1;0,1268185
835458,7;0,1268632
835475,4;0,126884
835491,8;0,1270415
835508,4;0,1270415
835524,9;0,1271302
835541,5;0,1272103
835558,3;0,1272878
835575;0,1273545
835591,6;0,1273932
835607,8;0,1274247
835624,3;0,1274615
835640,9;0,1274984
835657,5;0,127589
835674;0,1276482
835690,9;0,1276482
835707,1;0,127684
835726,6;0,1277617
835743,3;0,1277976
835759,7;0,1278217
835776,3;0,1278444
835792,9;0,1279092
835809,4;0,1279314
835826;0,1279811
835842,5;0,1280158
835859,1;0,1280547
835875,7;0,1281083
835892,3;0,1281083
835909,2;0,1281357
835925,4;0,1281357
835941,9;0,1281599
835958,5;0,12824
835975,1;0,1283422
835991,6;0,1283709
836008,4;0,1284193
836024,8;0,1284433
836041,3;0,1284433
836058,6;0,1285263
836074,4;0,1285536
836091,1;0,1285888
836107,8;0,1286073
836124,2;0,1286073
836140,8;0,1286624
836157,3;0,1286653
836173,9;0,128683
836190,4;0,1286887
836207;0,1286849
836223,6;0,1286694
836240,2;0,1286399
836256,7;0,1286167
836273,6;0,1285714
836289,9;0,1285398
836306,9;0,1285279
836323;0,1284139
836339,6;0,1284001
836356,1;0,1283278
836372,8;0,1282623
836389,3;0,1282006
836405,8;0,1281586
836422,4;0,1281586
836438,9;0,1280285
836455,8;0,1279988
836472,3;0,1279267
836488,6;0,1278886
836505,2;0,1278139
836522,2;0,1277855
836538,3;0,1277415
836555,3;0,1276967
836571,5;0,1276967
836588,1;0,1276298
836608,3;0,127519
836621,7;0,127519
836637,8;0,1274389
836654,4;0,1271774
836670,9;0,1271295
836687,4;0,1270414
836704,1;0,1269924
836721,1;0,1269202
836737,1;0,1268993
836753,9;0,1268538
836770,8;0,1268363
836786,9;0,1268381
836803,4;0,1268093
836820,1;0,1268075
836836,6;0,1268319
836853,1;0,1268518
836869,7;0,1268985
836886,3;0,1269631
836902,8;0,1270268
836919,6;0,1270926
836936,2;0,127148
836952,9;0,1273648
836969,1;0,1274768
836985,7;0,1276622
837002,2;0,1277465
837018,8;0,1278485
837035,8;0,127904
837051,9;0,1282308
837068,5;0,1283861
837085;0,1285029
837102,2;0,1286409
837118,2;0,1287827
837135,4;0,1289566
837151,3;0,1290472
837168,1;0,1291248
837184,4;0,1291481
837201,1;0,1291966
837218,2;0,1291989
837234,1;0,1293538
837250,8;0,1296424
837267,3;0,1298731
837283,9;0,1299802
837300,4;0,130045
837316,9;0,1301097
837333,8;0,1301205
837350,8;0,1303493
837366,9;0,1304457
837383,3;0,1305188
837399,8;0,1305833
837416,4;0,130604
837432,9;0,1308177
837449,6;0,1308779
837466,1;0,1310046
837482,7;0,1310621
837499,2;0,1311979
837516,3;0,1313336
837532,6;0,1314169
837548,9;0,1315722
837565,5;0,1316476
837582,1;0,1317891
837598,6;0,1318315
837615,2;0,1319665
837631,8;0,1321723
837648,3;0,1323518
837664,9;0,1324449
837681,6;0,1326459
837698,1;0,132752
837714,7;0,1329566
837731,1;0,1331547
837747,8;0,1331655
837764,8;0,1334665
837781,3;0,1334665
837797,4;0,133659
837814;0,1338249
837830,6;0,1338249
837848;0,1338249
837863,7;0,1338357
837880,3;0,1340202
837896,9;0,1343758
837913,4;0,1347267
837929,9;0,134856
837947,4;0,1349989
837963,8;0,1351015
837979,7;0,135179
837996,2;0,135179
838012,8;0,1355436
838029,6;0,1357191
838045,9;0,1358043
838062,9;0,1359491
838079,1;0,1360786
838095,6;0,1362655
838112,3;0,1363628
838128,8;0,1364473
838145,6;0,1365057
838161,9;0,1367893
838178,4;0,1369979
838195;0,1370997
838212;0,1370997
838228,1;0,1373685
838244,7;0,1375657
838261,3;0,1376483
838277,8;0,1378276
838294,4;0,1378276
838311,2;0,1379456
838327,8;0,1382446
838344,3;0,1383759
838360,7;0,1384726
838377,3;0,138488
838393,8;0,1388504
838410,5;0,1390273
838427,1;0,1391183
838443,6;0,1392072
838460,1;0,1392072
838476,6;0,1393001
838493,3;0,1393001
838509,9;0,1393871
838526,8;0,1397823
838543,1;0,1401338
838559,4;0,1402208
838576,1;0,1403142
838592,6;0,1403142
838609,2;0,1406813
838625,8;0,140822
838642,5;0,1410017
838658,9;0,1410433
838675,6;0,1412155
838692,3;0,1412916
838708,6;0,1413594
838725,2;0,1416024
838741,9;0,1416024
838759;0,1416677
838774,8;0,141877
838791,4;0,1419599
838808,3;0,1420188
838824,5;0,1420188
838841,1;0,1421675
838857,7;0,1422032
838874,4;0,1422533
838890,8;0,1422725
838907,8;0,1422901
838923,9;0,1422852
838940,5;0,142285
838957,1;0,1422596
838974,3;0,1422063
838990,3;0,1421858
839006,9;0,1421372
839023,4;0,1420835
839039,9;0,142053
839056,5;0,1419995
839073,2;0,1419764
839089,9;0,1419406
839106,2;0,1419406
839122,8;0,1419406
839139,4;0,1419304
839160,4;0,1419202
839172,9;0,1419412
839189;0,1419673
839206;0,1419985
839222,2;0,1420143
839238,7;0,1420353
839255,3;0,1420567
839271,9;0,1421679
839288,8;0,1422477
839305;0,1422987
839321,9;0,14236
839338,1;0,1424053
839354,7;0,1426295
839371,3;0,142707
839388,3;0,1428994
839404,5;0,1429938
839420,9;0,1432157
839437,9;0,1434747
839454,1;0,1436181
839470,6;0,1438919
839487,3;0,1440184
839503,8;0,1442803
839520,4;0,1443221
839536,9;0,1445961
839553,8;0,1449142
839570,1;0,1451432
839587,2;0,1452076
839603,3;0,1455032
839619,8;0,145572
839636,3;0,1456529
839652,9;0,145725
839669,5;0,1457639
839686,1;0,1458458
839702,6;0,1458458
839719,2;0,1459085
839735,7;0,1459386
839752,3;0,1459736
839768,9;0,1459736
839785,5;0,1460653
839802,5;0,1463499
839818,6;0,1464705
839835,1;0,1466618
839851,7;0,146858
839868,3;0,1469731
839884,8;0,1471176
839901,4;0,1472035
839918,1;0,1473834
839934,5;0,1476954
839951,1;0,1479492
839967,6;0,1480806
839984,2;0,1483
840001,1;0,1485105
840018,2;0,1487991
840035;0,1489991
840051,3;0,1490815
840067,9;0,1492312
840084,8;0,1497061
840101,1;0,1499854
840117,6;0,1501384
840134,1;0,1501384
840150,8;0,1505508
840167,3;0,1509286
840183,9;0,1510909
840200,4;0,1513741
840217;0,1516236
840234,1;0,1518535
840250,4;0,1521607
840267,2;0,1523114
840283,4;0,1525613
840300,7;0,1529139
840316,4;0,1531151
840333;0,1531151
840349,7;0,1532837
840366,1;0,153562
840382,7;0,1535895
840399,3;0,1537399
840415,8;0,1537756
840432,5;0,154009
840449,1;0,1547268
840465,6;0,1553177
840482,3;0,1555586
840498,9;0,155608
840520,4;0,1562353
840537,1;0,1566164
840553,6;0,1568053
840570,7;0,1568053
840587,3;0,1575543
840603,6;0,1575543
840619,9;0,1579678
840636,4;0,158331
840653;0,1587135
840670,2;0,1589138
840686,4;0,1592949
840702,7;0,1594866
840719,6;0,1597868
840735,8;0,1599286
840752,4;0,1602999
840769;0,16075
840785,5;0,161112
840802,4;0,1614232
840818,7;0,161674
840835,3;0,1620163
840851,8;0,1622037
840868,4;0,1625033
840884,9;0,1627289
840901,7;0,1630441
840918,1;0,1632091
840935,6;0,1635236
840951,3;0,1637003
840967,9;0,1637003
840984,3;0,1642751
841001;0,1644293
841017,4;0,1645662
841034,1;0,1646596
841051,2;0,1647244
841067,2;0,1649331
841083,8;0,1654437
841100,9;0,1656254
841116,9;0,165783
841133,4;0,1659666
841150,5;0,1660617
841166,6;0,1661745
841183,2;0,1663185
841199,7;0,1663185
841216,3;0,1666663
841232,9;0,1667149
841249,4;0,166895
841266,2;0,1670366
841282,6;0,1671607
841299,1;0,1672655
841316,2;0,1673893
841332,4;0,167467
841348,8;0,1675363
841365,4;0,1675965
841381,9;0,1676605
841398,6;0,1676841
841415,3;0,1677261
841431,6;0,1677331
841448,5;0,1677403
841464,8;0,1677258
841481,3;0,1677186
841497,9;0,167715
841514,4;0,1677077
841531,4;0,1676968
841547,6;0,1676968
841564,1;0,1677041
841580,9;0,1677041
841597,6;0,1677876
841614,5;0,1678758
841630,4;0,1679519
841647,1;0,168014
841663,9;0,1680725
841680,1;0,1680978
841696,7;0,1681854
841713,3;0,1682911
841729,9;0,1687138
841747,9;0,168909
841764,4;0,1691376
841781,1;0,1692379
841797,7;0,1693794
841814,2;0,1695081
841830,8;0,1695707
841847,3;0,1696467
841864;0,1697183
841880,7;0,1697655
841897,1;0,1697861
841913,6;0,1698342
841930,2;0,1698926
841946,7;0,1699302
841963,3;0,1699371
841979,9;0,1699371
841996,4;0,1699583
842013,1;0,1699613
842029,6;0,1699686
842046,6;0,1699683
842062,8;0,1699825
842079,3;0,1699683
842096,5;0,1699647
842112,4;0,1699683
842128,9;0,1699502
842145,5;0,1699502
842162,1;0,1699396
842178,9;0,1699323
842195,5;0,1699218
842211,8;0,1699218
842228,3;0,1698967
842245,1;0,1699003
842261,5;0,1698895
842278,1;0,1698822
842294,9;0,1698789
842311,3;0,1698789
842327,8;0,1698716
842344,4;0,1698541
842361,3;0,1698045
842378;0,1696219
842394,6;0,1694024
842410,6;0,1692709
842427,3;0,1689679
842443,8;0,1687456
842460,3;0,1683549
842477,1;0,1681442
842493,4;0,1681442
842509,9;0,1672256
842526,6;0,1669889
842543,1;0,1664401
842560,4;0,1661917
842576,3;0,1656588
842592,8;0,1652703
842609,9;0,1651043
842631,5;0,164857
842642,5;0,1638905
842659,1;0,1633265
842675,7;0,1630117
842692,2;0,1630117
842708,8;0,161779
842725,3;0,161779
842742;0,1611271
842758,7;0,1605341
842775;0,1599159
842792,1;0,1595696
842809,1;0,1589672
842824,8;0,1586789
842841,3;0,1582955
842858,4;0,1577915
842874,5;0,1571916
842891,1;0,1571916
842907,6;0,1568155
842924,3;0,1560784
842940,9;0,1557943
842957,3;0,1555047
842974;0,1555047
842990,9;0,1549247
843007,2;0,1538539
843023,6;0,1534048
843040,1;0,1531454
843057,1;0,1526628
843073,3;0,1523168
843089,8;0,1519359
843106,5;0,1517094
843122,9;0,1517094
843139,5;0,1507483
843156,1;0,1506781
843172,8;0,1500277
843189,2;0,1497607
843205,8;0,149294
843222,6;0,1490118
843238,9;0,1490118
843255,5;0,1484365
843272,1;0,147744
843288,6;0,1472238
843305,2;0,1469713
843321,7;0,1469713
843338,7;0,1465278
843354,9;0,1456289
843371,4;0,1453556
843388;0,1448332
843404,6;0,1444211
843421,9;0,1440287
843437,8;0,1440287
843454,9;0,1437189
843470,9;0,1429021
843488,3;0,1423845
843503,9;0,1417385
843520,6;0,1417385
843537,1;0,1411799
843553,6;0,1406094
843570,3;0,1400319
843586,9;0,1400319
843603,4;0,1397482
843619,9;0,1394216
843636,8;0,1385553
843653,1;0,1376463
843669,7;0,1372945
843686,5;0,1369998
843702,8;0,1368821
843719,5;0,1356694
843736,4;0,1350922
843752,5;0,134724
843769,1;0,134724
843785,6;0,1344082
843802,2;0,133133
843818,8;0,1326929
843835,4;0,1323395
843851,9;0,1323088
843868,5;0,1309902
843885;0,1304751
843901,6;0,1299875
843918,1;0,1299875
843935,1;0,1291295
843952;0,1282562
843967,8;0,1279067
843984,4;0,1275513
844001,1;0,1271509
844017,9;0,126136
844034,1;0,125771
844050,7;0,125771
844067,3;0,1244652
844083,8;0,1239716
844100,4;0,1235256
844117;0,1229285
844133,6;0,1229285
844150,1;0,1214744
844167,2;0,1213877
844183,4;0,1206223
844199,8;0,1200599
844216,7;0,119686
844232,9;0,119686
844250,3;0,1193469
844266,8;0,1188927
844282,6;0,117502
844299,2;0,117502
844315,8;0,1167827
844332,4;0,115703
844348,9;0,1150348
844365,4;0,1145994
844382,9;0,1141097
844398,9;0,1137993
844415,2;0,1133155
844431,7;0,1133155
844448,3;0,1126438
844464,9;0,1125223
844481,4;0,112197
844498;0,1118879
844514,8;0,1115899
844531,8;0,1115899
844548,4;0,1114359
844564,3;0,1109806
844580,9;0,1107756
844597,4;0,1105751
844613,9;0,1103361
844630,6;0,1101964
844647,1;0,110081
844663,6;0,1099799
844680,9;0,1095958
844696,8;0,1093848
844713,3;0,1092578
844730,5;0,1092578
844746,9;0,109034
844763,6;0,1087031
844779,6;0,1085934
844796,6;0,1085934
844812,8;0,1084388
844829,3;0,1080427
844845,9;0,107828
844862,6;0,107828
844879;0,1077211
844895,6;0,1077211
844912,3;0,1074746
844928,9;0,1070639
844945,3;0,1068919
844961,9;0,1068349
844978,4;0,1067364
844995;0,1067062
845011,6;0,1067062
845028,1;0,106645
845045,3;0,1066415
845061,4;0,1066495
845077,8;0,1066502
845094,4;0,1066502
845110,9;0,1066767
845127,6;0,1066929
845144,1;0,106727
845161,1;0,1067302
845177,2;0,106768
845193,8;0,1067876
845210,5;0,1068236
845226,9;0,1068419
845243,6;0,1068922
845260,1;0,1069483
845292,1;0,1074205
845292,1;0,1076432
845312,1;0,108218
845328,4;0,1083005
845345,1;0,1086842
845361,6;0,108839
845378,2;0,1091368
845395,1;0,1091368
845411,3;0,1092777
845427,9;0,1092919
845444,4;0,1094306
845461,4;0,1099544
845477,6;0,1102669
845494,6;0,1104435
845510,7;0,1104435
845527,3;0,1105269
845543,8;0,1107807
845561;0,1109279
845576,9;0,11106
845593,5;0,1111994
845610,6;0,1112844
845626,6;0,1112844
845643,3;0,1116653
845659,8;0,1117461
845676,3;0,1119458
845692,9;0,1120497
845709,5;0,1122468
845726,1;0,1124534
845742,6;0,1125518
845759,1;0,1127337
845775,8;0,1128713
845792,4;0,112985
845809,1;0,1132092
845825,4;0,1134204
845842,1;0,1135224
845858,6;0,1136336
845875,3;0,1136566
845891,8;0,1140376
845908,3;0,1142947
845924,9;0,1144093
845941,4;0,1146456
845958;0,1147515
845974,8;0,1149878
845991,1;0,1150988
846007,7;0,1152229
846024,3;0,1152229
846041,4;0,1153321
846057,5;0,1154419
846074;0,1154419
846090,6;0,1156657
846107,1;0,116023
846123,7;0,1165489
846140,2;0,116612
846157,1;0,1168447
846173,3;0,1170774
846190,2;0,1173052
846206,5;0,117468
846223,1;0,1176523
846239,6;0,1178738
846256,3;0,1180061
846272,8;0,1181309
846289,6;0,1183781
846305,9;0,1183781
846322,4;0,1188119
846339;0,1188456
846355,7;0,1191071
846372,1;0,1193226
846388,8;0,1195455
846405,3;0,1196698
846421,9;0,1199158
846438,6;0,1200312
846454,9;0,1202816
846471,6;0,1202816
846488,1;0,1205194
846504,7;0,1207603
846521,3;0,1210141
846537,9;0,1212381
846554,4;0,1213819
846570,9;0,1216234
846587,6;0,1217419
846604,1;0,1219219
846620,7;0,1220065
846637,5;0,1222486
846654;0,122605
846670,9;0,122605
846686,9;0,1227039
846703,5;0,1227418
846720,1;0,1228466
846736,8;0,1229857
846753,2;0,1234985
846769,8;0,1238633
846786,7;0,1241109
846802,9;0,1242262
846819,6;0,1244688
846836,2;0,124593
846852,6;0,1247884
846869,1;0,1249026
846885,8;0,1249666
846902,3;0,1250499
846918,9;0,1250794
846935,4;0,1250794
846952;0,125138
846968,8;0,1251668
846985,5;0,1251687
847001,8;0,1252068
847018,3;0,1252232
847039,1;0,1252213
847051,4;0,1252271
847067,9;0,1252325
847084,6;0,1252287
847101,1;0,1252233
847117,7;0,1252142
847134,8;0,1252068
847151,2;0,1252032
847167,4;0,1251921
847183,9;0,125155
847201,2;0,1251055
847217,4;0,1250618
847234,1;0,1250618
847250,2;0,1248636
847266,8;0,1247118
847283,5;0,1246147
847299,9;0,1243708
847316,4;0,1243708
847333;0,1242541
847349,6;0,1242389
847366,1;0,1242389
847382,7;0,1236702
847399,6;0,1231736
847415,8;0,1229391
847432,4;0,1229391
847449;0,1228415
847465,6;0,1225506
847482,1;0,122441
847498,7;0,1223809
847515,7;0,1223809
847532;0,1222469
847549,1;0,1221608
847565,2;0,1221077
847581,6;0,1220389
847598,1;0,1219973
847615,1;0,1219973
847631,3;0,1219331
847648;0,1218842
847664,4;0,1218093
847680,9;0,1218093
847697,5;0,1217646
847714,8;0,1217456
847730,8;0,1217235
847747,2;0,1216566
847763,8;0,1216382
847780,3;0,1215993
847797,4;0,1215993
847813,5;0,1215509
847830;0,1214995
847846,6;0,1214809
847863,2;0,1214626
847879,8;0,1214459
847896,6;0,1213851
847913,2;0,1213446
847930,9;0,1213261
847946,1;0,121304
847962,5;0,1212893
847979,1;0,1212709
847995,7;0,1212709
848012,4;0,1212543
848028,8;0,1211769
848045,4;0,1211696
848061,9;0,1211364
848078,8;0,1210887
848095,2;0,1210722
848111,6;0,12103
848128,4;0,1209969
848144,8;0,1209803
848161,4;0,1209402
848178,6;0,1209238
848194,8;0,120889
848211,1;0,120867
848227,7;0,1208376
848244,2;0,1208376
848260,8;0,1207973
848277,4;0,120746
848293,9;0,120724
848310,6;0,1207075
848327,3;0,1207075
848343,6;0,1206345
848360,5;0,1206145
848376,7;0,1205815
848393,3;0,1205649
848409,9;0,1205356
848426,4;0,1205155
848443;0,1204845
848459,6;0,1204535
848476,1;0,1204407
848492,8;0,1204098
848509,4;0,1203934
848525,8;0,1203772
848542,4;0,1203772
848559,1;0,1203151
848575,5;0,1202989
848592,4;0,1202768
848608,6;0,1202768
848625,3;0,1202658
848641,9;0,1202513
848658,3;0,1202183
848674,9;0,1201601
848691,6;0,1201437
848708,1;0,1201109
848724,6;0,1200983
848741,2;0,120071
848757,8;0,1200473
848774,3;0,1200326
848791,2;0,1200163
848807,4;0,1200163
848825,3;0,1199783
848840,6;0,1199369
848857,2;0,1199096
848873,7;0,1198968
848890,5;0,1198592
848906,9;0,1198355
848923,7;0,1198176
848940,1;0,1197888
848956,6;0,1197745
848973,1;0,1197509
848989,7;0,1197346
849006,3;0,1197222
849022,8;0,1197222
849039,4;0,1196627
849056;0,1196465
849072,9;0,1196176
849089,1;0,1195907
849105,6;0,1195745
849122,9;0,119562
849138,8;0,119555
849155,8;0,1195013
849171,9;0,1194849
849188,5;0,1194579
849205,1;0,1194385
849221,6;0,1194134
849238,2;0,1194134
849255,3;0,119399
849271,3;0,1193972
849287,9;0,1193848
849304,4;0,1193185
849321,4;0,1192688
849337,6;0,119244
849354,2;0,119244
849370,8;0,1192261
849387,6;0,119171
849404;0,1191584
849420,9;0,1191425
849437,5;0,1191373
849453,6;0,119098
849470,1;0,1190749
849486,7;0,1190574
849503,3;0,1190574
849519,8;0,1189987
849536,7;0,1189759
849553;0,1189581
849569,5;0,1189297
849586,5;0,1189104
849602,7;0,1188946
849619,9;0,1188859
849636,5;0,1188343
849652,4;0,1188164
849668,9;0,1187917
849685,6;0,1187796
849702,1;0,1187496
849718,7;0,1187496
849735,6;0,1187057
849751,8;0,118681
849768,3;0,1186614
849784,9;0,1186475
849801,9;0,1186212
849818;0,1185861
849834,6;0,1185616
849851,1;0,1185544
849867,8;0,1185299
849884,3;0,1185299
849900,9;0,118516
849918;0,1185142
849933,9;0,1184881
849950,9;0,1184356
849967,7;0,1184074
849984;0,1183795
850001,1;0,1183622
850016,9;0,1183377
850033,4;0,1183236
850049,9;0,1182958
850066,5;0,1182835
850083,1;0,1182538
850099,7;0,1182277
850116,2;0,1182277
850133,5;0,1181981
850149,5;0,1181754
850165,9;0,1181754
850182,8;0,1181441
850199,1;0,1181196
850215,9;0,1181109
850232,2;0,1180988
850248,8;0,1180935
850265,8;0,1180521
850282,6;0,1180346
850298,9;0,1180192
850315;0,1180017
850331,8;0,1179827
850348,4;0,1179532
850365;0,1179377
850381,9;0,1179115
850397,8;0,1178959
850414,4;0,1178768
850431,6;0,1178593
850447,6;0,1178317
850464,4;0,1178317
850480,7;0,1177967
850497,3;0,1177571
850513,8;0,1177431
850530,9;0,1177431
850547,1;0,1177275
850564,1;0,1177136
850580,1;0,1176668
850596,6;0,1176163
850613,3;0,1176163
850630,1;0,1176041
850647;0,1175435
850662,9;0,1175314
850679,5;0,1175003
850696,1;0,1174865
850713,3;0,1174589
850729,6;0,1174312
850745,8;0,1174104
850762,3;0,1173968
850779,8;0,1173933
850795,9;0,1173311
850812;0,1173171
850829;0,1172862
850845,4;0,1172741
850861,8;0,117238
850878,3;0,1172242
850894,8;0,1172242
850911,4;0,1171776
850928;0,11715
850944,8;0,1171382
850961,1;0,117109
850977,7;0,1170762
850994,6;0,1170762
851011;0,1170625
851027,4;0,1170178
851043,9;0,1169919
851060,8;0,1169799
851077,6;0,1169799
851094,1;0,1169319
851110,3;0,1169197
851127,1;0,1168974
851143,4;0,1168889
851160;0,1168889
851176,9;0,1168768
851193,2;0,1168751
851209,8;0,1168494
851226,5;0,1167927
851242,8;0,1167736
851259,4;0,1167686
851275,9;0,1167686
851292,5;0,1167428
851309,2;0,1167221
851325,6;0,1167136
851342,2;0,1167049
851358,7;0,1166998
851375,3;0,1166671
851392,1;0,1166515
851409,3;0,1166342
851425;0,1166309
851441,7;0,1166138
851458,1;0,1166138
851474,8;0,1165845
851491,6;0,116569
851508,3;0,1165401
851524,9;0,1165299
851541,4;0,1165077
851557,5;0,1164958
851574,4;0,1164703
851591,1;0,1164533
851607,8;0,1164533
851623,9;0,1164042
851640,3;0,1163874
851656,9;0,1163704
851673,5;0,1163519
851690,1;0,1163351
851706,9;0,1162829
851723,2;0,1162408
851739,8;0,1162277
851756,4;0,1161911
851772,9;0,1161391
851789,5;0,1160768
851806;0,1160768
851822,6;0,1160097
851839,3;0,115955
851855,8;0,1157006
851872,3;0,1155289
851889,1;0,115415
851905,4;0,1148927
851922,4;0,1148927
851938,6;0,1146716
851955,5;0,1141979
851971,7;0,1140529
851988,3;0,1138715
852004,8;0,1136499
852021,4;0,1133725
852037,9;0,1133725
852054,5;0,1131791
852071,4;0,1127898
852087,6;0,1125439
852104,2;0,112384
852121,4;0,112384
852137,3;0,1119525
852154,5;0,1116871
852170,5;0,1114133
852187,1;0,1111718
852203,7;0,1109698
852220,3;0,1108189
852236,8;0,1108189
852253,4;0,1105282
852269,9;0,1101169
852286,9;0,1099725
852303,1;0,1096974
852319,9;0,1094558
852336,2;0,1092994
852352,9;0,1090305
852369,3;0,1088619
852385,9;0,1088619
852402,4;0,1085902
852419;0,1081787
852435,6;0,1081787
852452,8;0,108022
852468,7;0,108022
852485,3;0,1079003
852502,1;0,1074614
852518,4;0,1068965
852535;0,1065993
852551,5;0,1064365
852568,1;0,1061782
852584,9;0,1060283
852601,2;0,1057401
852617,9;0,105562
852634,6;0,1053043
852651,3;0,1050032
852667,9;0,1048662
852684,4;0,1047182
852701;0,1046758
852717,2;0,1041287
852733,8;0,1039169
852750,3;0,103684
852766,9;0,1035328
852783,9;0,1032457
852800,2;0,1030977
852816,6;0,1030977
852833,1;0,1025175
852849,8;0,1023514
852866,3;0,1020646
852883,1;0,1018846
852899,4;0,1016387
852915,9;0,1014709
852932,6;0,1011785
852949,3;0,100928
852965,7;0,1007514
852982,4;0,1004602
852999,2;0,1004602
853015,4;0,100279
853032,3;0,09984787
853048,5;0,09956751
853065,6;0,0994127
853082,4;0,09939904
853098,2;0,0992737
853115,2;0,09926004
853131,4;0,09904611
853147,9;0,09835243
853164,5;0,09788263
853181,2;0,09774438
853198,3;0,09774438
853214,3;0,09744911
853230,8;0,09700235
853247,8;0,09681202
853264;0,09667113
853280,4;0,09652166
853297;0,096057
853313,9;0,0957328
853330,1;0,09555613
853346,8;0,09530853
853363,3;0,09511455
853379,8;0,09480385
853396,4;0,09447868
853413,3;0,09447868
853429,8;0,09431837
853446,3;0,0938561
853462,8;0,09354759
853479,3;0,09336873
853495,8;0,09320539
853512,9;0,09304269
853528,9;0,0926035
853545,6;0,09228375
853562,1;0,09213987
853578,7;0,09190606
853595,2;0,09167806
853611,8;0,09136569
853628,4;0,0912074
853644,9;0,09089261
853661,7;0,09072436
853678,1;0,09044352
853694,6;0,09044352
853711,2;0,09031609
853728,4;0,09031609
853744,3;0,09016499
853760,9;0,09016499
853777,4;0,08956494
853794,1;0,08901145
853810,6;0,08880131
853827,1;0,08865301
853843,7;0,08855253
853860,3;0,08848105
853876,8;0,08839375
853893,4;0,08835256
853910;0,08828358
853926,6;0,0882335
853943,8;0,08818671
853959,8;0,08818671
853976,3;0,08814701
853992,8;0,08806424
854009,4;0,08801376
854026,1;0,08798491
854042,6;0,08792766
854059,1;0,08787723
854075,7;0,08784509
854092,3;0,08778634
854108,9;0,08778634
854125,6;0,08774874
854141,9;0,08767334
854159,2;0,08767334
854175,4;0,08759016
854191,6;0,0875378
854208,2;0,08750602
854225,3;0,08748655
854241,6;0,08744289
854258,5;0,08737967
854274,5;0,08732627
854291,5;0,08729801
854308,1;0,08729801
854324,2;0,08722891
854340,8;0,08717331
854357,3;0,08714087
854374,1;0,08712544
854390,4;0,08711674
854407;0,08703952
854423,6;0,08696993
854440,3;0,08694769
854456,8;0,0869062
854473,3;0,0868648
854489,9;0,08684731
854506,8;0,08682916
854522,9;0,08682436
854539,5;0,08675988
854556,1;0,08674446
854572,7;0,08670991
854589,3;0,08670991
854606,3;0,0866754
854622,4;0,08665325
854638,9;0,08662925
854655,4;0,08660614
854672,1;0,08658966
854688,6;0,08657137
854705,4;0,08655335
854722,2;0,08655335
854738,3;0,086517
854755,4;0,08651603
854771,5;0,08649965
854788,1;0,08649015
854804,7;0,08647859
854821,2;0,0864585
854837,7;0,08644418
854854,3;0,08643838
854871,1;0,08642594
854887,5;0,08641829
854904;0,08640876
854921,2;0,08640876
854937,6;0,08640392
854954,2;0,08638678
854970,5;0,08638292
854986,8;0,08637816
855003,9;0,08637619
855019,9;0,0863743
855036,8;0,0863743
855053,3;0,086358
855069,6;0,08634741
855086,5;0,08634741
855103;0,08634834
855119,3;0,08634834
855135,9;0,08634745
855152,4;0,08635031
855169,1;0,08635317
855186,4;0,08635514
855202,2;0,08635796
855218,8;0,08635989
855235,3;0,0863685
855251,9;0,08637708
855268,4;0,0863809
855285,1;0,08638754
855301,9;0,08638754
855318,2;0,08641519
855334,7;0,08642288
855351,3;0,08644183
855367,9;0,08644183
855384,9;0,08645797
855401,3;0,08648079
855417,6;0,08649222
855434,1;0,08650277
855451,6;0,08650277
855467,3;0,08654651
855484,5;0,08655588
855500,4;0,08657681
855516,9;0,08657681
855533,9;0,08660341
855550,1;0,08662821
855566,6;0,08665308
855583,6;0,08666737
855599,8;0,08666737
855617,2;0,08669217
855632,9;0,08673147
855650;0,08673441
855666,1;0,08674576
855682,8;0,08676114
855699,2;0,0867993
855715,8;0,08684419
855732,5;0,08686336
855749,3;0,08686336
855765,6;0,08692459
855782,1;0,08694069
855798,6;0,0869657
855815,2;0,0869723
855831,8;0,08700474
855848,4;0,08703639
855864,9;0,08707073
855881,4;0,08710604
855898,1;0,08711088
855914,6;0,08714825
855931,1;0,08718259
855947,7;0,08718259
855964,7;0,08724257
855981;0,08728158
855997,4;0,08730084
856014,3;0,08734468
856030,7;0,08734468
856047,3;0,08740464
856063,8;0,0874236
856080,2;0,08746657
856096,8;0,08750836
856113,3;0,08753135
856129,9;0,08757229
856146,5;0,08760554
856163,1;0,08763216
856179,6;0,08765431
856196,2;0,08767239
856212,8;0,08769341
856229,3;0,08775263
856245,9;0,08778799
856262,5;0,08780897
