73801,45;64,40987
73818,01;64,40987
73834,58;64,53888
73851,55;64,53888
73867,72;64,53888
73886,04;64,53888
73902,74;64,53888
73925,38;64,53888
73942,03;64,53888
73958,7;64,53888
73975,09;64,53888
73991,8;64,53888
74008,22;64,53888
74024,79;64,53888
74041,38;64,53888
74058,27;64,53888
74080,55;64,53888
74097,24;64,53888
74113,68;64,53888
74130,25;64,53888
74147,03;64,53888
74163,44;64,53888
74179,94;64,53888
74196,78;64,53888
74213,07;64,53888
74235,99;64,53888
74252,85;64,53888
74269,29;64,53888
74285,69;64,53888
74302,26;64,53888
74318,83;64,53888
74335,41;64,53888
74352,06;64,53888
74368,64;64,53888
74390,57;64,53888
74407,14;64,53888
74423,71;64,53888
74440,27;64,53888
74456,85;64,53888
74473,91;64,53888
74489,98;64,53888
74506,55;64,53888
74523,11;64,53888
74544,33;64,53888
74560,9;64,53888
74577,46;64,53888
74594,77;64,53888
74610,59;64,53888
74627,26;64,53888
74643,73;64,53888
74660,3;64,53888
74676,87;64,74374
74698,3;64,74374
74714,87;64,74374
74732,17;64,74374
74748;64,74374
74764,56;64,74374
74781,35;64,74374
74797,7;64,74374
74814,27;64,74374
74830,85;64,74374
74854,85;64,74374
74871,42;64,74374
74887,98;64,74374
74904,55;64,74374
74921,12;64,74374
74937,68;64,74374
74954,37;64,74374
74970,82;64,74374
74987,39;64,74374
75009,13;64,74374
75025,8;64,74374
75042,27;64,74374
75058,82;64,74374
75075,63;64,74374
75092,72;64,74374
75109,13;64,74374
75125,09;64,74374
75141,66;64,74374
75165,34;64,74374
75182,17;64,74374
75198,55;64,74374
75215,05;64,74374
75231,61;64,74374
75248,91;64,74374
75264,75;64,74374
75281,32;64,74374
75297,9;64,74374
75320,09;64,74374
75336,96;64,74374
75353,23;64,74374
75369,87;64,74374
75389,88;64,74374
75402,92;64,74374
75419,49;64,74374
75436,05;64,74374
75453,28;64,74374
75473,33;64,74374
75489,9;64,74374
75506,55;64,74374
75523,02;64,74374
75539,59;64,74374
75556,16;64,71461
75572,8;64,71461
75589,3;64,71461
75605,87;64,71461
75626,42;64,71461
75643,02;64,71461
75659,55;64,71461
75676,13;64,71461
75692,69;64,71461
75709,26;64,71461
75726,3;64,71461
75742,38;64,71461
75758,95;64,71461
75781,39;64,71461
75798,13;64,71461
75814,52;64,71461
75814,52;64,71461
75834,52;64,43855
75851,1;64,1597
75867,7;63,93031
75884,23;63,776
75900,8;63,79087
75917,7;63,81105
75933,93;63,82729
75950,75;63,8415
75967,05;63,88284
75989,33;63,91638
76005,9;63,93183
76022,68;63,89718
76039,08;63,89718
76055,59;63,89718
76072,32;63,89718
76088,92;63,89718
76105,45;63,89718
76121,87;63,89718
76143,3;63,89718
76159,88;63,89718
76176,69;63,89718
76193;63,89718
76209,57;63,89718
76226,13;63,89718
76242,7;63,89718
76259,27;63,89718
76275,84;63,89718
76297,59;63,89718
76314,17;63,89718
76330,73;63,89718
76347,3;64,25941
76363,86;64,25941
76380,47;64,25941
76397,18;64,25941
76413,58;64,25941
76430,13;64,25941
76452,35;64,25941
76468,92;64,25941
76488,55;64,25941
76505,7;64,25941
76521,7;64,25941
76538,26;64,25941
76554,91;64,25941
76571,4;64,25941
76588,57;64,25941
76610,88;64,39003
76627,51;64,00867
76644,15;63,82462
76660,59;63,61075
76677,16;63,61258
76693,73;63,6185
76710,32;63,60775
76726,85;63,60963
76743,42;63,61164
76764,51;63,60764
76781,09;63,60547
76797,79;63,60423
76814,22;63,6075
76830,79;63,59465
76847,35;63,5952
76863,98;63,59856
76880,58;63,6046
76897,05;63,60702
76919,01;63,60092
76935,58;63,60419
76952,15;63,59817
76969,15;63,59477
76985,27;63,57553
77002,3;63,57653
77018,41;63,57749
77034,98;63,57671
77051,73;63,57948
77075,54;63,58084
77092,11;63,58084
77108,89;63,58084
77125,67;63,58084
77141,8;63,58084
77158,37;63,66443
77175,36;63,66443
77191,8;63,66443
77208,08;63,66443
77229,7;63,66443
77246,27;63,66443
77264,91;63,66443
77281,48;63,66443
77298,05;63,66443
77315,16;63,66443
77331,34;63,66443
77347,76;63,66443
77364,32;63,66443
77386,16;63,66443
77402,73;63,66443
77419,77;63,66443
77435,95;63,66443
77452,43;63,66443
77468,99;63,66443
77485,83;63,66443
77502,13;63,66443
77518,7;63,66443
77540,06;63,66443
77556,63;63,66443
77573,21;63,66443
77589,76;63,66443
77606,33;63,66443
77622,89;63,66443
77639,46;63,66443
77656,16;63,66443
77672,59;63,66443
77694,48;63,66443
77711,5;63,66443
77727,63;63,66443
77744,18;63,66443
77760,75;63,66443
77777,98;63,66443
77793,88;63,66443
77810,45;63,66443
77827,01;63,66443
77849,71;63,66443
77866,28;63,66443
77882,84;63,66443
77899,65;63,66443
77915,98;63,66443
77932,55;63,66443
77949,34;63,66443
77965,67;63,66443
77982,25;63,9084
78015,12;64,17511
78031,68;64,17511
78048,25;64,17511
78064,99;64,17511
78081,38;64,17511
78097,95;64,17511
78114,68;64,17511
78131,08;64,17511
78147,64;64,17511
78169,78;64,17511
78186,89;64,17511
78202,92;64,17511
78219,48;64,17511
78236,1;64,17511
78252,62;64,17511
78269,19;64,17511
78285,75;64,17511
78302,32;64,17511
78325,03;64,17511
78341,62;64,17511
78358,55;64,17511
78374,73;64,17511
78391,52;64,17511
78407,97;64,17511
78424,92;64,17511
78441,21;64,17511
78457,62;64,17511
78480,79;64,17511
78497,35;64,17511
78514,24;64,17511
78530,48;64,17511
78547,05;64,17511
78563,78;64,17511
78580,2;64,17511
78596,84;64,17511
78613,46;64,17511
78635,53;64,17511
78652,1;64,17511
78669,02;64,17511
78686,19;64,17511
78701,8;64,17511
78718,36;64,17511
78735,7;64,17511
78754,72;64,17511
78771,3;64,17511
78794,55;64,17511
78811,12;64,24326
78827,68;64,24326
78844,25;64,24326
78860,82;64,24326
78877,58;64,24326
78894,23;64,24326
78910,55;64,24326
78927,09;64,24326
78948,96;64,24326
78966,1;64,24326
78982,62;64,24326
78998,87;64,24326
79015,23;64,24326
79031,8;64,24326
79048,92;64,24326
79065,05;64,24326
79081,59;64,24326
79102,41;64,24326
79118,98;64,24326
79136,13;64,24326
79152,12;64,24326
79168,68;64,24326
79185,24;64,24326
79201,81;64,24326
79218,38;64,24326
79234,95;64,24326
79257,22;64,24326
79273,78;64,24326
79290,35;64,24326
79307,04;64,24326
79324,34;64,24326
79340,37;64,24326
79357,02;64,24326
79373,19;64,24326
79389,75;64,24326
79413,3;64,24326
79429,95;64,24326
79446,44;64,24326
79463,18;64,24326
79479,57;64,24326
79502,63;64,24326
79515,59;64,24326
79532,36;64,24326
79549,13;64,24326
79572,3;64,24326
79588,88;64,24326
79605,45;64,24326
79622,01;64,24326
79638,77;64,50436
79655,14;64,50436
79671,71;64,50436
79688,28;64,50436
79705,37;64,50436
79729,8;64,50436
79746,68;64,50436
79762,94;64,50436
79779,51;64,50436
79796,07;64,50436
79812,65;64,50436
79829,21;64,50436
79845,78;64,50436
79862,8;64,50436
79885,11;64,50436
79901,79;64,50436
79918,43;64,50436
79935,66;64,50436
79951,38;64,50436
79967,95;64,50436
79984,52;64,50436
80001,08;64,50436
80017,65;64,50436
80040,06;64,50436
80056,63;64,50436
80073,42;64,50436
80090,2;64,50436
80106,35;64,50436
80122,9;64,50436
80139,47;64,50436
80156,04;64,50436
80172,6;64,50436
80196,8;64,50436
80213,38;64,50436
80229,94;64,50436
80246,5;64,50436
80264,36;64,50436
80280,93;64,50436
80297,49;64,50436
80314,06;64,50436
80330,84;64,50436
80353,76;64,50436
80370,33;64,50436
80386,89;64,50436
80403,78;64,50436
80420,14;64,50436
80436,73;64,50436
80453,16;64,57047
80469,86;64,57047
80486,35;64,57047
80510,72;64,57047
80527,29;64,57047
80544,09;64,57047
80560,58;64,57047
80577,18;64,57047
80593,56;64,57047
80610,5;64,57047
80626,7;64,57047
80643,26;64,57047
80664,19;64,57047
80680,9;64,57047
80697,33;64,57047
80714,09;64,57047
80730,45;64,57047
80747,04;64,57047
80763,59;64,57047
80780,43;64,57047
80796,73;64,57047
80819,38;64,57047
80836,2;64,57047
80852,66;64,57047
80869,07;64,57047
80885,64;64,57047
80902,2;64,57047
80918,77;64,57047
80935,34;64,57047
80952,06;64,57047
80974,72;64,57047
80991,28;64,57047
81011,7;64,57047
81024,43;64,57047
81040,98;64,57047
81057,56;64,57047
81074,12;64,57047
81090,68;64,57047
81107,25;64,57047
81130,21;64,57047
81146,78;64,57047
81163,34;64,57047
81180,05;64,57047
81196,48;64,57047
81213,05;64,57047
81229,66;64,57047
81246,27;64,57047
81262,77;64,86572
81284,93;64,86572
81301,56;64,86572
81318,06;64,86572
81335,03;64,86572
81351,26;64,86572
81367,76;64,86572
81384,33;64,86572
81400,89;64,86572
81417,46;64,86572
81440,2;64,86572
81456,77;64,86572
81473,34;64,86572
81490,48;64,86572
81506,63;64,86572
81523,03;64,86572
81539,6;64,86572
81556,64;64,86572
81572,74;64,86572
81595,42;64,86572
81612,65;64,86572
81628,55;64,86572
81645,13;64,86572
81661,95;64,86572
81678,83;64,86572
81694,83;64,86572
81711,7;64,86572
81727,96;64,86572
81750,74;64,86572
81773,95;64,86572
81786,72;64,86572
81804,19;64,86572
81820,39;64,86572
81836,42;64,86572
81852,99;64,86572
81869,95;64,86572
81886,13;64,86572
81906,18;64,86572
81922,74;64,86572
81939,31;64,86572
81955,94;64,86572
81972,45;64,86572
81989,02;64,86572
82005,59;64,86572
82022,15;64,86572
82039,05;64,86572
82061,65;65,01764
82078,22;65,01764
82094,79;65,01764
82111,35;65,01764
82127,96;65,01764
82144,48;65,01764
82161,05;65,01764
82177,62;65,01764
82194,18;65,01764
82217,34;65,01764
82233,9;65,01764
82250,48;65,01764
82267,07;65,01764
82283,62;65,01764
82300,31;65,01764
82316,74;65,01764
82333,31;65,01764
82349,87;65,01764
82373,9;65,01764
82390,55;65,01764
82407,04;65,01764
82423,82;65,01764
82440,49;65,01764
82456,73;65,01764
82473,3;65,01764
82490,5;65,01764
82506,43;65,01764
82538,69;65,01764
82555,25;65,01764
82571,82;65,01764
82588,38;65,01764
82605,06;65,01764
82621,52;65,01764
82638,09;65,01764
82654,66;65,01764
82671,22;65,01764
82695,07;65,01764
82711,66;65,01764
82728,48;65,01764
82744,77;65,01764
82761,34;65,01764
82778,17;65,01764
82794,47;65,01764
82811,03;65,37949
82827,61;65,37949
82851,42;65,37949
82868,07;65,71351
82911,97;65,71351
82928,55;65,71351
82945,77;65,71351
82961,68;65,71351
82978,24;65,71351
83001,41;65,71351
83017,98;65,71351
83034,55;65,71351
83051,12;65,71351
83067,68;65,71351
83084,25;65,71351
83100,82;65,71351
83117,55;65,71351
83133,95;65,71351
83155,88;65,71351
83172,45;65,71351
83189,02;65,71351
83206,12;65,71351
83225,58;65,71351
83242,15;65,71351
83258,71;65,71351
83275,8;65,71351
83291,84;65,71351
83315,15;65,71351
83331,98;65,71351
83348,28;65,71351
83365,05;65,71351
83381,41;65,71351
83397,98;65,71351
83415,41;65,71351
83431,98;65,71351
83448,55;65,71351
83470,41;65,71351
83487,3;65,71351
83503,55;65,71351
83520,12;65,71351
83536,68;65,71351
83553,24;65,89252
83569,92;65,89252
83586,39;65,89252
83602,95;65,89252
83623,39;65,89252
83640,58;65,89252
83656,68;65,89252
83673,09;65,89252
83689,66;65,89252
83706,23;65,89252
83722,8;65,89252
83739,37;65,89252
83755,93;65,89252
83779,12;65,89252
83795,69;65,89252
83812,7;65,89252
83828,82;65,89252
83845,77;65,89252
83862,16;65,89252
83878,85;65,89252
83895,08;66,21502
83911,77;65,97349
83934,9;65,77975
83955,56;65,71613
83972,57;65,82932
83988,7;65,51316
84005,27;65,39535
84021,84;65,33612
84038,44;65,33612
84054,96;65,33612
84071,52;65,33612
84095,52;65,33612
84112,14;65,33612
84129,02;65,46911
84145,22;65,54688
84161,78;65,50594
84178,55;65,50594
84195,15;65,50594
84211,66;65,50594
84228,06;65,50594
84248,55;65,50594
84265,2;65,71528
84281,71;65,60268
84298,39;65,60268
84314,83;65,60268
84331,4;65,60268
84348,05;65,60268
84364,52;65,60268
84381,09;65,60268
84403,87;65,60268
84420,44;65,60268
84437,01;65,60268
84453,73;65,60268
84470,55;65,60268
84486,95;65,60268
84503,27;65,60268
84519,84;65,60268
84536,45;65,60268
84557,7;65,60268
84574,27;65,60268
84590,86;65,60268
84607,53;65,60268
84623,97;65,60268
84640,57;65,60268
84657,1;65,60268
84673,66;65,60268
84690,23;65,60268
84722,49;65,60268
84739,13;65,60268
84755,63;65,60268
84772,2;65,60268
84788,76;65,60268
84805,83;65,60268
84821,89;65,60268
84838,6;65,60268
84855,02;65,60268
84879,06;65,60268
84895,63;65,60268
84912,2;65,60268
84928,76;65,60268
84945,41;65,60268
84962,32;65,88676
84978,46;65,88676
84995,06;65,88676
85011,81;65,88676
85040,66;65,88676
85057,23;65,88676
85073,79;65,88676
85090,67;65,88676
85107,07;65,88676
85123,5;65,88676
85140,35;65,88676
85156,63;65,88676
85173,19;65,88676
85199,19;65,88676
85215,99;65,88676
85232,63;65,88676
85249,13;65,88676
85265,7;65,88676
85282,27;65,88676
85298,83;65,88676
85315,46;65,88676
85332,01;65,88676
85357,02;65,88676
85373,59;65,88676
85390,26;65,88676
85406,91;65,88676
85423,57;65,88676
85440,05;65,88676
85456,61;65,88676
85473,18;65,88676
85489,75;65,88676
85509,71;65,88676
85526,29;65,88676
85542,84;65,88676
85559,41;65,88676
85575,98;65,88676
85592,58;65,88676
85609,12;66,32829
85625,68;66,32829
85642,24;66,32829
85664,18;66,32829
85680,8;66,32829
85697,35;66,32829
85714,16;66,32829
85730,45;66,32829
85747,01;66,32829
85763,58;66,32829
85780,62;66,32829
85796,71;66,32829
85818,82;66,32829
85835,39;66,32829
85851,95;66,32829
85868,57;66,32829
85885,6;66,32829
85901,66;66,32829
85918,22;66,32829
85934,93;66,32829
85951,35;66,32829
85981,69;66,32829
85998,55;66,32829
86015,17;66,32829
86031,74;66,32829
86048,31;66,32829
86065,19;66,32829
86081,55;66,32829
86098,03;66,32829
86114,58;66,32829
86145,27;66,32829
86161,84;66,32829
86178,41;66,32829
86195,73;66,32829
86211,54;66,32829
86228,1;66,32829
86244,94;66,32829
86261,23;66,32829
86277,8;66,51661
86304,03;66,51661
86324,77;66,51661
86341,33;66,51661
86358,11;66,51661
86374,47;66,51661
86391,04;66,51661
86407,78;66,51661
86424,16;66,51661
86440,73;66,51661
86462,34;66,51661
86478,94;66,51661
86495,48;66,51661
86512,04;66,51661
86528,6;66,51661
86545,66;66,51661
86561,73;66,51661
86578,3;66,51661
86594,95;66,51661
86617,15;66,51661
86633,72;66,51661
86650,34;66,51661
86666,85;66,51661
86683,7;66,51661
86699,98;66,51661
86716,55;66,51661
86733,12;66,51661
86750,48;66,51661
86771,11;66,51661
86787,68;66,51661
86804,51;66,51661
86820,81;66,51661
86837,38;66,51661
86853,95;66,51661
86873,53;66,51661
86887,08;66,51661
86903,65;66,51661
86928,58;66,51661
86948,14;66,51661
87281,47;66,51661
87298,25;66,51661
87314,61;66,51661
87331,18;66,51661
87347,74;66,51661
87364,31;66,51661
87380,88;66,51661
87397,44;66,51661
87414,01;66,51661
87430,58;66,51661
87447,64;66,51661
87463,7;66,51661
87480,28;66,51661
87496,84;66,51661
87513,53;66,51661
87529,98;66,51661
87546,54;66,51661
87563,11;66,51661
87579,67;66,51661
87596,24;66,51661
87612,8;66,51661
87629,38;66,51661
87645,95;66,51661
87662,51;66,51661
87679,1;66,51661
87695,91;66,51661
87712,85;66,51661
87728,77;66,51661
87745,34;66,51661
87761,91;66,51661
87778,48;66,82721
87795,05;66,82721
87811,61;66,82721
87828,41;66,82721
87844,74;66,82721
87861,31;66,82721
87878,72;66,82721
87894,54;66,82721
87911,26;66,82721
87927,57;66,82721
87944,15;66,82721
87961,01;66,82721
87977,27;66,82721
87994,24;66,82721
88010,41;66,82721
88026,98;66,82721
88043,54;66,82721
88060,11;66,82721
88076,67;66,82721
88093,27;66,82721
88109,81;66,82721
88126,38;66,82721
88142,95;66,82721
88159,51;66,82721
88176,08;66,82721
88193,23;66,82721
88209,2;66,82721
88225,77;66,82721
88242,95;66,82721
88258,92;66,82721
88275,48;66,82721
88292,06;66,82721
88308,61;66,82721
88325,17;66,82721
88342,08;66,82721
88358,32;66,82721
88375,41;66,82721
88392,3;66,82721
88408,21;66,82721
88424,58;66,82721
88441,14;66,82721
88457,77;66,82721
88474,27;66,82721
88490,84;66,82721
88507,43;66,82721
88523,98;66,82721
88540,54;66,82721
88557,11;66,94564
88573,68;66,94564
88590,24;66,94564
88606,91;66,94564
88623,38;66,94564
88639,94;66,94564
88656,52;66,94564
88673,6;66,94564
88689,68;66,94564
88706,34;66,94564
88722,8;66,94564
88739,34;66,94564
88755,94;66,94564
88772,59;66,94564
88789,06;66,94564
88805,61;66,94564
88822,41;66,94564
88842,65;66,94564
88855,31;66,94564
88871,88;66,94564
88889,09;66,94564
88905,02;66,94564
88921,58;66,94564
88938,16;66,94564
88954,72;66,94564
88971,47;66,94564
88987,85;66,94564
89004,41;66,94564
89020,98;66,94564
89038,08;66,94564
89054,16;66,94564
89070,69;66,94564
89087,41;66,94564
89103,82;66,94564
89120,45;66,94564
89136,94;66,94564
89153,51;66,94564
89170,38;66,94564
89187,11;66,94564
89203,21;66,94564
89219,78;66,94564
89236,34;66,94564
89252,91;66,94564
89269,88;66,94564
89286,04;66,94564
89302,61;66,94564
89319,17;66,94564
89335,74;66,94564
89352,36;67,30552
89368,88;67,30552
89385,46;67,30552
89402,01;67,30552
89418,58;67,30552
89435,14;67,30552
89451,7;67,30552
89468,38;67,30552
89484,93;67,30552
89501,41;67,30552
89517,98;67,30552
89534,63;67,30552
89551,11;67,30552
89567,67;67,30552
89584,27;67,30552
89600,8;67,30552
89617,38;67,30552
89634,25;67,30552
89650,51;67,30552
89667,08;67,30552
89683,64;67,30552
89700,21;67,30552
89717,14;67,30552
89733,34;67,30552
89750;67,30552
89766,47;67,30552
89783,3;67,30552
89799,77;67,30552
89816,22;67,30552
89833,37;67,30552
89849,31;67,30552
89865,88;67,30552
89882,45;67,30552
89899,01;67,30552
89915,63;67,30552
89932,14;67,30552
89948,71;67,30552
89966,09;67,30552
89981,84;67,30552
89998,41;67,30552
90015,23;67,30552
90031,54;67,30552
90048,11;67,30552
90064,67;67,30552
90081,23;67,30552
90098,44;67,49654
90114,38;67,49654
90131,02;67,90186
90147,51;67,90186
90164,08;67,90186
90180,71;67,90186
90197,21;67,90186
90213,9;67,90186
90230,47;67,90186
90246,91;67,90186
90263,48;67,90186
90280,2;67,90186
90296,61;67,90186
90313,18;67,90186
90329,74;67,90186
90346,3;67,90186
90363,06;67,90186
90379,44;67,90186
90396,16;68,19182
90412,58;68,27449
90429,14;68,34324
90445,95;67,93266
90462,31;68,00758
90479,47;68,07533
90495,55;68,14363
90512,05;68,20849
90528,54;68,2787
90545,16;68,34579
90561,68;68,42046
90578,24;68,4969
90594,81;68,44757
90611,38;68,56431
90628,09;68,51586
90644,79;68,51586
90661,07;68,51586
90678,41;68,63375
90694,37;68,70041
90710,77;68,77623
90727,34;68,72871
90745,8;68,72871
90760,64;68,72871
90777,04;68,72871
90793,78;68,72871
90810,17;68,93186
90826,74;68,93186
90843,3;68,93186
90860,02;68,93186
90876,57;68,93186
90893,01;68,93186
90909,61;68,93186
90926,26;68,93186
90942,71;68,93186
90959,32;68,93186
90975,84;68,93186
90992,41;68,93186
91008,97;68,93186
91025,55;68,93186
91042,11;68,93186
91058,68;68,93186
91075,53;68,93186
91091,81;68,93186
91108,56;68,93186
91125,27;68,93186
91141,51;68,93186
91158,13;68,93186
91174,64;68,93186
91191,21;68,93186
91208,29;68,93186
91224,34;68,93186
91240,91;68,93186
91257,48;68,93186
91274,27;68,93186
91290,61;68,93186
91307,17;68,93186
91324,06;68,93186
91340,31;68,93186
91357,18;68,93186
91373,45;68,93186
91390,01;68,93186
91406,62;68,93186
91423,38;68,93186
91439,71;68,93186
91456,27;68,93186
91472,84;68,93186
91489,46;68,93186
91506,55;69,33651
91522,55;69,33651
91539,39;69,33651
91555,67;69,33651
91572,34;69,33651
91588,91;69,33651
91605,38;69,33651
91621,95;69,33651
91639,05;69,33651
91655,09;69,33651
91671,66;69,33651
91693,33;69,33651
91704,78;69,33651
91722,05;69,33651
91737,91;69,33651
91754,48;69,33651
91771,23;69,33651
91787,6;69,33651
91804,55;69,33651
91820,77;69,33651
91837,52;69,33651
91853,88;69,33651
91870,45;69,33651
91888,01;69,33651
91903,57;69,33651
91920,38;69,33651
91936,7;69,33651
91953,28;69,33651
91969,84;69,33651
91986,41;69,33651
92002,98;69,33651
92020,04;69,33651
92036,11;69,33651
92052,67;69,33651
92069,43;69,33651
92085,8;69,33651
92102,38;69,33651
92118,98;69,33651
92135,51;69,33651
92152,08;69,33651
92168,64;69,33651
92185,21;69,33651
92201,77;69,5568
92218,34;69,5568
92234,91;69,5568
92251,68;69,43584
92268,39;69,43584
92284,71;69,43584
92301,18;69,43584
92317,8;69,43584
92334,31;69,43584
92350,88;69,43584
92367,84;69,43584
92384,01;69,43584
92400,57;69,43584
92417,15;69,43584
92433,88;69,43584
92450,28;69,43584
92466,84;69,43584
92483,55;69,43584
92499,98;69,43584
92516,54;69,43584
92533,2;69,43584
92549,67;69,43584
92566,34;69,43584
92582,81;69,43584
92599,66;69,43584
92616,15;69,43584
92632,51;69,43584
92651,14;69,43584
92665,88;69,43584
92682,21;69,43584
92698,77;69,43584
92715,34;69,43584
92731,91;69,43584
92749,09;69,43584
92765,09;69,43584
92781,65;69,43584
92798,17;69,43584
92815,16;69,43584
92831,3;69,43584
92848,22;69,43584
92864,44;69,43584
92881,02;69,43584
92897,58;69,6495
92914,41;69,6495
92930,72;69,6495
92947,28;69,6495
92963,85;69,6495
92980,48;69,6495
92997,55;69,6495
93013,84;69,6495
93030,11;69,6495
93046,95;69,6495
93063,41;69,6495
93079,81;69,6495
93096,38;69,6495
93113,06;69,6495
93129,51;69,6495
93146,07;69,6495
93162,95;69,6495
93179,43;69,6495
93195,8;69,6495
93212,34;69,6495
93228,91;69,6495
93245,48;69,6495
93262,47;69,6495
93278,62;69,6495
93295,17;69,6495
93311,74;69,6495
93328,3;69,6495
93345,62;69,6495
93361,84;69,6495
93378,01;69,6495
93394,68;69,6495
93411,14;69,6495
93428,13;69,6495
93444,27;69,6495
93460,84;69,6495
93477,82;69,6495
93493,98;69,6495
93510,55;69,6495
93527,11;69,6495
93543,7;69,6495
93560,24;69,6495
93577,04;69,6495
93593,38;69,6495
93611,92;70,06023
93626,51;70,06023
93643,07;70,06023
93659,65;70,06023
93676,54;70,06023
93693,58;70,06023
93709,73;70,06023
93726,46;70,06023
93742,48;70,06023
93759,63;70,06023
93775,61;70,06023
93792,17;70,06023
93809,07;70,06023
93825,73;70,06023
93841,88;70,06023
93858,45;70,06023
93875,01;70,06023
93891,73;70,06023
93908,17;70,06023
93925,23;70,06023
93941,88;70,06023
93958,35;70,06023
93974,41;70,06023
93991,83;70,06023
94007,55;70,06023
94024,94;70,06023
94040,68;70,06023
94057,3;70,06023
94074,09;70,06023
94090,38;70,06023
94106,94;70,06023
94123,94;70,06023
94140,8;70,06023
94156,8;70,06023
94173,22;70,06023
94190;70,06023
94206,78;70,06023
94222,91;70,06023
94239,99;70,06023
94256,54;70,06023
94273,09;70,06023
94289,77;70,28259
94305,76;70,28259
94322,32;70,28259
94339,65;70,28259
94355,52;70,28259
94372,06;70,28259
94388,59;70,28259
94405,2;70,28259
94421,97;70,28259
94438,29;70,28259
94454,95;70,28259
94472,32;70,28259
94488,05;70,28259
94505,13;70,28259
94521,62;70,28259
94538,11;70,28259
94554,26;70,28259
94570,8;70,28259
94587,38;70,28259
94604,18;70,28259
94620,51;70,28259
94637,49;70,28259
94653,64;70,28259
94670,39;70,28259
94686,79;70,28259
94704,12;70,28259
94719,91;70,28259
94736,48;70,28259
94753,05;70,28259
94769,61;70,28259
94786,18;70,28259
94802,88;70,28259
94819,48;70,28259
94836,13;70,28259
94852,53;70,28259
94869,2;70,28259
94885,58;70,28259
94902,15;70,28259
94918,71;70,28259
94935,77;70,28259
94951,84;70,28259
94969,23;70,28259
94985,3;70,28259
95001,54;70,28259
95018,4;70,618
95035;70,618
95051,24;71,03496
95068,58;71,03496
95084,67;71,03496
95100,97;71,03496
95118,29;71,03496
95134,08;71,03496
95150,64;71,03496
95167,2;71,03496
95183,77;71,03496
95200,64;71,03496
95216,91;71,03496
95233,48;71,03496
95250,29;71,03496
95266,61;71,03496
95283,21;71,03496
95299,74;71,03496
95316,3;71,03496
95332,95;71,03496
95349,45;71,03496
95366,02;71,03496
95382,58;71,03496
95399,14;71,03496
95415,71;71,03496
95432,38;71,03496
95448,84;71,03496
95465,87;71,03496
95481,98;71,03496
95498,54;71,03496
95515,24;71,03496
95531,98;71,03496
95548,24;71,03496
95565,32;71,03496
95581,38;71,03496
95597,94;71,03496
95614,51;71,03496
95631,07;71,03496
95647,65;71,03496
95664,21;71,03496
95680,78;71,03496
95698,05;71,03496
95713,91;71,03496
95730,48;71,20647
95747,04;71,20647
95763,73;71,20647
95780,77;71,20647
95797,16;71,20647
95813,31;71,20647
95829,88;71,20647
95847,07;71,20647
95863,01;71,20647
95879,62;71,20647
95896,4;71,20647
95913,15;71,20647
95929,27;71,20647
95945,84;71,20647
95962,8;71,20647
95978,98;71,20647
95995,55;71,20647
96012,11;71,20647
96028,7;71,20647
96045,59;71,20647
96061,85;71,20647
96078,63;71,20647
96094,94;71,20647
96111,51;71,20647
96128,08;71,20647
96144,65;71,20647
96161,21;71,20647
96177,77;71,20647
96194,34;71,20647
96211,22;71,20647
96227,48;71,20647
96244,04;71,20647
96260,66;71,20647
96277,18;71,20647
96294,22;71,20647
96310,31;71,20647
96326,88;71,20647
96343,45;71,20647
96360,36;71,20647
96376,74;71,20647
96393,18;71,20647
96409,96;71,20647
96426,59;71,20647
96442,84;71,20647
96459,76;71,20647
96475,98;71,49996
96492,54;71,49996
96509,11;71,49996
96526,23;71,49996
96542,33;71,49996
96558,8;71,49996
96575,77;71,49996
96592;71,49996
96609,02;71,49996
96625,12;71,49996
96641,77;71,49996
96658,21;71,49996
96674,77;71,49996
96691,72;71,49996
96708,42;71,49996
96724,47;71,49996
96741,05;71,49996
96757,61;71,49996
96774,38;71,49996
96790,74;71,49996
96807,32;71,49996
96823,89;71,49996
96840,45;71,49996
96857,02;71,49996
96873,59;71,49996
96890,16;71,49996
96906,72;71,49996
96923,29;71,49996
96939,85;71,49996
96956,42;71,49996
96973,76;71,49996
96989,55;71,49996
97007;71,49996
97022,69;71,49996
97039,45;71,49996
97055,83;71,49996
97072,9;71,49996
97089,34;71,49996
97105,61;71,49996
97122,08;71,49996
97139,21;71,49996
97155,21;71,49996
97171,77;71,49996
97188,34;71,49996
97204,92;71,49996
97221,48;71,49996
97238,05;71,49996
97255,17;71,60089
97271,66;71,60089
97287,74;71,60089
97304,3;71,60089
97320,88;71,60089
97337,61;71,60089
97354,35;71,60089
97370,58;71,60089
97392,51;71,60089
97403,71;71,60089
97420,3;71,60089
97437,4;71,60089
97453,41;71,60089
97470,09;71,60089
97486,59;71,60089
97503,11;71,60089
97519,72;71,60089
97536,82;71,60089
97552,81;71,60089
97569,43;71,60089
97585,95;71,60089
97602,57;71,60089
97619,13;71,60089
97635,64;71,60089
97652,2;71,60089
97668,78;71,60089
97685,45;71,60089
97702,08;71,60089
97718,48;71,60089
97735,05;71,60089
97751,74;71,60089
97768,17;71,60089
97784,88;71,60089
97801,41;71,60089
97817,98;71,60089
97834,45;71,60089
97851,01;71,60089
97867,58;71,60089
97884,15;71,60089
97900,73;71,60089
97917,34;71,60089
97934,4;71,60089
97950,41;71,60089
97966,97;71,60089
97983,89;71,60089
98000,11;71,60089
98016,95;71,60089
98033,24;71,60089
98049,81;71,95664
98066,59;71,95664
98082,94;71,95664
98100,14;71,95664
98116,07;71,95664
98132,65;71,95664
98149,21;71,95664
98165,78;71,95664
98182,78;71,95664
98199,36;71,95664
98215,48;71,95664
98232,39;71,95664
98248,61;71,95664
98265,48;71,95664
98281,74;71,95664
98298,45;71,95664
98314,88;71,95664
98332,16;71,95664
98348,2;71,95664
98365,05;71,95664
98381,14;71,95664
98398,58;71,95664
98414,39;71,95664
98430,84;71,95664
98448;72,07739
98463,98;72,14743
98480,55;72,2184
98497,11;72,29542
98513,67;72,35963
98530,41;72,43022
98547,41;72,3868
98563,38;72,3868
98579,94;72,3868
98596,52;72,3868
98613,08;72,3868
98629,64;72,3868
98646,21;72,3868
98663,02;72,3868
98679,37;72,3868
98695,91;72,42111
98712,48;72,12196
98729,12;72,12196
98745,64;72,12196
98762,18;72,12196
98778,76;72,57513
98795,48;72,57513
98811,98;72,57513
98828,75;72,57513
98845,01;72,57513
98861,58;72,57513
98878,74;72,40934
98894,72;72,40934
98911,36;72,40934
98927,84;72,40934
98944,41;72,40934
98960,99;72,40934
98977,6;72,40934
98994,11;72,40934
99010,67;72,40934
99027,47;72,40934
99044,05;72,40934
99060,38;72,40934
99076,95;72,40934
99093,53;72,40934
99110,08;72,40934
99126,64;72,40934
99143,21;72,40934
99159,77;72,4576
99176,38;72,17505
99193,03;71,73359
99209,73;71,47773
99226,06;71,0043
99244,95;71,00533
99259,44;71,00014
99275,74;71,00014
99292,44;71,00014
99309,08;71,00014
99325,82;71,00014
99342,16;71,00014
99358,95;71,00014
99375,15;71,00014
99391,71;70,9883
99408,28;70,98608
99425,07;70,98608
99441,42;70,98608
99458,66;70,98608
99474,55;70,98608
99491,38;70,98608
99508,02;71,06622
99524,47;71,06622
99541,28;71,06622
99557,39;71,37833
99573,95;71,37833
99590,52;71,37833
99607,09;71,37833
99624,15;71,37833
99640,22;71,37833
99656,78;71,37833
99673,35;71,37833
99690,25;71,37833
99706,65;71,37833
99723,05;71,37833
99740;71,37833
99756,18;71,37833
99772,74;71,37833
99790,16;71,37833
99806,63;71,37833
99822,44;71,37833
99839,02;71,37833
99855,84;71,37833
99872,17;71,37833
99889,14;71,37833
99905,27;71,37833
99921,92;71,37833
99939,03;71,37833
99954,98;71,37833
99971,54;71,37833
99988,11;71,37833
100004,7;71,37833
100021,8;71,37833
100037,9;71,37833
100054,4;71,37833
100070,9;71,37833
100087,5;71,37833
100104,1;71,37833
100120,8;71,37833
100137,2;71,37833
100154,1;71,37833
100170,4;71,37833
100187;71,83588
100203,5;71,83588
100220,6;71,83588
100236,6;71,83588
100253,2;71,83588
100269,9;71,83588
100286,3;71,83588
100302,9;71,83588
100319,4;71,83588
100336;71,83588
100352,8;71,83588
100370;71,83588
100385,7;71,83588
100402,5;71,83588
100419,1;71,83588
100435,4;71,83588
100452;71,83588
100468,5;71,83588
100485,1;71,83588
100501,7;71,83588
100518,3;71,83588
100534,8;71,83588
100551,4;71,83588
100567,9;71,83588
100584,5;71,83588
100601,3;71,83588
100617,7;71,83588
100634,2;71,83588
100650,8;71,83588
100667,5;71,83588
100684,2;71,83588
100700,5;71,83588
100717;71,83588
100733,6;71,83588
100750,2;71,83588
100766,8;71,83588
100783,3;71,83588
100800,6;71,83588
100816,4;71,83588
100833;71,83588
100849,6;71,83588
100866,3;71,83588
100882,7;71,84563
100899,3;71,84563
100915,8;72,13134
100932,6;72,13134
100949;72,13134
100965,5;72,13134
100982,1;72,13134
100999;72,13134
101015,2;72,13134
101031,8;72,13134
101048,4;72,13134
101064,9;72,13134
101082,2;72,13134
101098,1;72,13134
101114,7;72,13134
101131,2;72,13134
101147,8;72,13134
101164,3;72,13134
101180,9;72,13134
101197,8;72,13134
101214;72,13134
101230,6;72,13134
101247,6;72,13134
101263,7;72,13134
101280,3;72,13134
101296,9;72,13134
101313,4;72,13134
101330;72,13134
101347,3;72,13134
101363,1;72,13134
101379,7;72,13134
101396,3;72,13134
101413,2;72,13134
101430,1;72,13134
101446,2;72,13134
101463;72,13134
101479,1;72,13134
101495,8;72,13134
101512,6;72,13134
101528,9;72,13134
101545,5;72,13134
101562,7;72,13134
101578,5;72,13134
101595,1;72,13134
101611,6;72,13134
101628,6;72,13134
101645,1;72,76946
101661,3;72,76946
101678,6;72,76946
101694,7;72,76946
101711;72,76946
101727,6;72,76946
101744,2;72,76946
101760,7;72,76946
101778,1;72,76946
101793,9;72,76946
101810,8;72,76946
101827;72,76946
101844,1;72,76946
101860,5;72,76946
101876,8;72,76946
101893,3;72,76946
101909,8;72,76946
101926,4;72,76946
101943;72,76946
101960,5;72,76946
101976,3;72,76946
101993,1;72,76946
102009,5;72,76946
102025,8;72,76946
102042,4;72,76946
102059;72,76946
102075,6;72,76946
102093;72,76946
102109;72,76946
102126;72,76946
102141,8;72,76946
102158,4;72,76946
102175,1;72,76946
102191,8;72,76946
102208,1;72,76946
102225,3;72,76946
102242;72,76946
102258,4;72,76946
102275,1;72,76946
102291,1;72,76946
102307,5;72,76946
102324;72,76946
102340,6;72,76946
102357,2;72,76946
102374,2;72,76946
102390,3;72,76946
102406,8;72,74525
102423,4;72,74525
102440;72,74525
102456,7;72,74525
102473,1;72,74525
102489,7;72,74525
102506,3;72,74525
102523,5;72,74525
102539,9;72,74525
102556;72,74525
102572,6;72,74525
102589,1;72,74525
102605,6;72,74525
102622,2;72,74525
102638,8;72,74525
102655,3;72,74525
102671,9;72,74525
102688,5;72,74525
102705,6;72,74525
102721,6;72,74525
102738,2;72,74525
102755;72,74525
102771,5;72,74525
102788,7;72,74525
102804,5;72,74525
102821,2;72,74525
102838,5;72,74525
102854,1;72,74525
102870,7;72,74525
102887,4;72,74525
102903,8;72,74525
102920,7;72,74525
102937;72,74525
102953,6;72,74525
102970,3;72,74525
102986,7;72,74525
103003,2;72,74525
103020;72,74525
103036,7;72,74525
103053,7;72,74525
103069,5;72,74525
103086,1;72,74525
103102,6;72,74525
103119,4;72,74525
103135,8;72,74525
103152,5;72,74525
103169,5;72,74525
103186,2;73,11456
103202,3;73,11456
103218,6;73,11456
103235,2;73,11456
103252,2;73,11456
103268,4;73,11456
103284,9;73,11456
103301,4;73,11456
103318;73,11456
103334,6;73,11456
103351,1;73,11456
103367,7;73,11456
103384,3;73,11456
103400,9;73,11456
103418;73,11456
103434;73,11456
103450,7;73,11456
103467,1;73,11456
103483,7;73,11456
103500,2;73,11456
103516,8;73,11456
103533,4;73,02061
103550,6;72,88683
103566,5;72,73911
103583,4;72,13726
103600,1;71,73741
103616,2;71,20158
103632,8;70,82059
103649,3;70,77706
103666,7;70,73564
103683,1;70,68138
103699;70,62699
103715,8;70,58847
103732,4;70,25701
103749,1;70,25701
103765,3;70,25701
103782,4;70,25701
103798,5;70,25701
103815,2;70,25701
103831,6;70,25701
103848,1;70,53593
103864,7;70,4922
103881,3;70,44401
103897,8;70,39178
103914,4;70,39178
103931;70,39178
103947,9;70,39178
103964,1;70,39178
103981,3;70,36797
103997,2;70,36797
104016,6;70,36797
104030,4;70,36797
104047,2;70,36797
104063,9;70,36797
104080,1;70,36797
104096,8;70,36797
104113,2;70,36797
104129,8;70,36797
104146,8;70,36797
104162,9;70,36797
104179,5;70,36797
104196,2;70,36797
104212,6;70,36797
104229,2;70,36797
104246,1;70,36797
104262,4;70,36797
104278,9;70,36797
104296,2;70,36797
104312,6;70,36797
104328,6;70,36797
104345,1;70,36797
104361,7;70,36797
104378,8;70,36797
104394,9;70,36797
104411,6;70,36797
104428,1;70,36797
104444,5;70,36797
104461,2;70,36797
104477,7;70,36797
104494,2;70,36797
104510,8;70,36797
104527,4;70,36797
104543,9;70,36797
104560,5;70,36797
104577,1;70,36797
104594,2;70,36797
104610,2;70,36797
104626,8;70,36797
104643,4;70,36797
104660,1;70,36797
104676,5;70,36797
104693,4;70,36797
104709,6;70,36797
104726,2;70,36797
104742,7;70,36797
104759,3;70,36797
104776;71,0655
104792,5;71,0655
104809,4;71,0655
104825,9;71,0655
104842,2;71,0655
104859,4;71,0655
104875,3;71,0655
104891,8;71,0655
104909,3;71,0655
104925;71,0655
104941,6;71,0655
104958,5;71,0655
104974,7;71,0655
104991,3;71,0655
105007,8;71,0655
105025,1;71,0655
105040,9;71,0655
105058,1;71,0655
105074,1;71,0655
105090,6;71,0655
105107,2;71,0655
105123,8;71,0655
105140,3;71,0655
105156,9;71,0655
105173,5;71,0655
105190;71,0655
105206,6;71,0655
105223,2;71,0655
105239,8;71,0655
105256,3;71,0655
105273;71,0655
105289,5;71,0655
105306,4;71,0655
105323,5;71,0655
105339,1;71,0655
105355,7;71,0655
105372,3;71,0655
105389;71,0655
105405,4;71,0655
105422,5;71,0655
105439,2;71,0655
105455,5;71,0655
105471,7;71,0655
105488,8;71,09074
105504,8;71,09074
105521,9;71,09074
105537,9;71,09074
105554,9;71,09074
105571,1;71,09074
105588;71,09074
105605;71,09074
105620,8;71,09074
105637,3;71,09074
105654,1;71,09074
105670,6;71,09074
105687,1;71,09074
105703,6;71,09074
105720,2;71,09074
105737,3;71,09074
105753,3;71,09074
105770,4;71,09074
105786,5;71,09074
105803,1;71,09074
105819,6;71,09074
105836,3;71,09074
105852,7;71,09074
105869,3;71,09074
105885,8;71,09074
105902,6;71,09074
105919;71,09074
105935,5;71,09074
105952,1;71,09074
105969,1;71,09074
105985,2;71,09074
106002,3;71,09074
106018,4;71,09074
106034,9;71,09074
106051,5;71,09074
106068,1;71,09074
106085;71,09074
106101,2;71,09074
106117,8;71,09074
106135,1;71,09074
106150,9;71,09074
106167,5;71,09074
106184,2;71,09074
106200,6;71,09074
106217,3;71,09074
106233,8;71,49223
106250,4;71,49223
106266,9;71,49223
106283,6;71,49223
106300;71,49223
106316,6;71,49223
106333,1;71,49223
106349,7;71,49223
106366,3;71,49223
106382,8;71,49223
106399,6;71,49223
106416;71,49223
106432,8;71,49223
106449,1;71,49223
106466,1;71,49223
106482,3;71,49223
106498,8;71,49223
106515,4;71,49223
106532,9;71,49223
106548,5;71,49223
106565,1;71,49223
106581,6;71,49223
106598,4;71,49223
106614,8;71,46078
106631,3;71,45092
106648,2;71,43299
106664,5;71,42034
106681;71,40008
106698,1;71,30264
106714,8;70,73721
106730,9;70,68717
106747,3;70,23431
106763,9;70,23431
106780,7;70,23431
106797,3;70,23431
106813,6;70,23431
106830,1;70,23431
106846,7;70,23431
106863,3;70,23431
106879,8;70,23431
106896,4;70,23431
106913;70,10326
106929,5;70,10326
106946,1;70,10326
106968,2;70,12076
106979,6;70,12076
106995,8;70,12076
107013,4;70,12076
107028,9;70,12076
107045,7;70,12076
107062,1;70,12076
107079,2;70,12076
107095,2;70,12076
107111,8;70,12076
107129,1;70,12076
107145,4;70,12076
107161,5;70,12076
107178;70,12076
107194,6;70,12076
107211,2;70,12076
107227,7;70,12076
107244,4;70,4922
107260,9;69,68267
107277,4;69,34629
107294,1;68,92226
107310,6;68,90996
107327,2;68,88406
107343,9;68,86321
107360,3;68,84895
107377,2;68,82927
107393,4;68,80694
107410,4;68,71064
107426,9;68,33984
107443,4;68,32049
107460;68,29824
107476,3;68,2758
107492,8;67,9158
107509,4;68,25534
107526,6;68,22325
107543,1;68,21076
107559,1;68,18932
107575,7;68,14239
107592,2;67,29211
107609;67,30719
107625,7;66,35021
107641,9;66,35021
107658,5;66,35021
107675,2;66,35021
107692,1;66,4129
107708,7;66,4129
107724,8;66,4129
107741,7;66,4129
107757,9;66,4129
107774,5;66,4129
107791;66,4129
107807,6;66,4129
107824,1;66,4129
107841,2;66,4129
107857,6;66,4129
107873,8;66,4129
107890,6;66,4129
107907;66,4129
107923,8;66,4129
107940,7;66,4129
107957,1;66,4129
107973,5;66,4129
107989,8;66,4129
108006,7;66,4129
108023,5;66,4129
108039,5;66,4129
108056,1;66,4129
108073,1;66,4129
108089,7;66,4129
108105,8;66,4129
108122,3;66,4129
108138,9;66,4129
108156,1;66,4129
108172;66,4129
108188,7;66,4129
108205,2;66,4129
108222,4;66,4129
108239,2;66,4129
108254,9;66,4129
108271,6;66,4129
108288,6;66,4129
108304,6;66,4129
108321,1;66,4129
108337,8;66,4129
108354,3;66,4129
108371,3;66,4129
108387,4;66,4129
108404;66,4129
108420,9;66,4129
108437,1;66,4129
108453,7;66,4129
108470,2;66,4367
108486,8;66,4367
108503,7;66,72517
108519,9;66,72517
108536,5;66,72517
108553,1;66,72517
108569,6;66,72517
108586,2;66,72517
108602,8;66,72517
108619,3;66,72517
108636;66,72517
108652,5;66,72517
108669;66,72517
108686,2;66,72517
108702,2;66,72517
108718,7;66,72517
108735,3;66,72517
108751,9;66,72517
108768,4;66,72517
108785,3;66,72517
108802,2;66,72517
108818,1;66,72517
108834,7;66,72517
108851,4;66,72517
108867,8;66,72517
108884,4;66,72517
108901;66,72517
108917,6;66,72517
108934,1;66,72517
108950,8;66,72517
108967,3;66,72517
108983,8;66,72517
109000,7;66,72517
109017,4;66,72517
109033,5;66,72517
109050,3;66,72517
109067;66,72517
109083,2;66,72517
109099,8;66,72517
109116,9;66,72517
109132,9;66,72517
109149,5;66,72517
109166;66,72517
109182,8;66,77649
109199,2;66,77649
109215,7;66,77649
109232,3;66,77649
109249,2;66,77649
109265,4;66,77649
109282,7;66,77649
109298,6;66,77649
109315,1;66,77649
109332,6;66,77649
109348,5;66,77649
109364,8;66,77649
109381,4;66,77649
109398,2;66,77649
109414,5;66,77649
109431,8;66,77649
109447,7;66,77649
109464,2;66,77649
109480,8;66,77649
109497,4;66,77649
109514,5;66,77649
109530,5;66,77649
109547,1;66,77649
109563,6;66,77649
109580,3;66,77649
109597,2;66,77649
109613,3;66,77649
109630,1;66,77649
109646,9;66,77649
109663,3;66,77649
109680,4;66,77649
109696,2;66,77649
109712,8;66,77649
109729,5;66,77649
109745,9;66,77649
109762,4;66,77649
109779,8;66,77649
109795,6;66,77649
109812,3;66,77649
109828,7;66,77649
109845,4;66,77649
109862;66,77649
109878,4;66,77649
109895;66,77649
109911,5;66,77649
109928,2;66,77649
109945,4;66,77649
109961,4;66,77649
109978,4;67,02795
109994,4;67,02795
110011,5;67,02795
110028,2;67,02795
110044,1;67,18111
110060,7;67,18111
110077,2;67,18111
110093,8;67,18111
110110,4;67,18111
110127,1;67,18111
110143,5;67,18111
110160;67,18111
110176,7;67,18111
110193,2;67,18111
110209,8;67,18111
110226,4;67,18111
110243;67,18111
110259,6;67,18111
110276;67,18111
110292,6;67,18111
110309,7;67,18111
110325,7;67,18111
110342,3;67,18111
110358,8;67,18111
110375,4;67,18111
110392;67,18111
110408,6;67,18111
110425,1;67,18111
110441,8;67,18111
110458,2;67,18111
110474,8;67,18111
110491,4;67,18111
110508,3;67,18111
110524,5;67,18111
110541,1;67,18111
110558,4;67,18111
110574,2;67,18111
110590,8;67,18111
110607,3;67,18111
110624,1;67,18111
110640,5;67,18111
110657;67,18111
110673,6;67,18111
110690,2;67,18111
110706,8;67,18111
110723,3;67,18111
110740,4;67,18111
110756,7;67,18111
110773;67,18111
110790,2;67,18111
110806,3;67,18111
110822,7;67,21737
110839,3;67,21737
110855,8;67,21737
110873;67,21737
110889,2;67,21737
110905,5;67,21737
110922,1;67,21737
110938,7;67,21737
110955,2;67,21737
110971,8;67,21737
110988,8;67,21737
111005,6;67,21737
111021,5;67,21737
111038,1;67,21737
111054,7;67,21737
111071,6;67,21737
111087,8;67,21737
111104,3;67,21737
111120,9;67,21737
111137,5;67,21737
111154;67,21737
111170,6;67,21737
111187,2;67,42036
111203,7;67,39299
111220,6;67,361
111237,3;67,33854
111253,4;67,31154
111270;67,28608
111286,6;67,26311
111303,1;67,22169
111319,7;67,20512
111337;67,17934
111352,8;67,15576
111369,4;66,92443
111386;67,1332
111402,8;66,90324
111419,1;66,90324
111435,9;66,90324
111452,2;66,90324
111468,8;66,90324
111485,5;66,90324
111501,9;66,90324
111518,8;66,90324
111535,8;66,90324
111551,6;66,90324
111568,2;66,90324
111585,1;66,90324
111601,3;66,90324
111618;66,90324
111634,5;66,90324
111651;66,90324
111667,6;66,85166
111684,2;66,85166
111700,7;66,23954
111717,3;66,23954
111733,9;66,23954
111750,4;66,23954
111768;66,23954
111783,6;66,23954
111800,1;66,23954
111816,9;66,23954
111833,3;66,23954
111849,9;66,23954
111866,4;66,23954
111883;66,23954
111899,5;66,23954
111916,5;66,23954
111933,4;66,23954
111949,3;66,23954
111965,8;66,23954
111982,4;66,23954
111998,9;66,23954
112016,3;66,23954
112032,1;66,23954
112049,2;66,23954
112065,5;66,23954
112082,4;66,23954
112098,3;66,23954
112114,9;66,23954
112131,5;66,23954
112148,1;66,23954
112164,6;66,23954
112181,2;66,23954
112198,5;66,23954
112214,3;66,23954
112230,9;66,23954
112248,4;66,23954
112264;66,23954
112280,6;66,23954
112297,1;66,23954
112313,7;66,23954
112330,5;66,23954
112346,8;66,23954
112363,4;66,23954
112380,4;66,23954
112396,5;66,23954
112413,2;66,23954
112429,7;66,23954
112446,3;66,23954
112462,8;66,23954
112480;66,13992
112495,9;66,13992
112512,5;66,13992
112529,4;66,13992
112545,8;66,13992
112562,3;66,13992
112578,8;66,13992
112595,6;66,13992
112612;66,13992
112629;66,13992
112646;66,13992
112661,6;66,13992
112678,2;66,13992
112695;66,13992
112711,3;66,13992
112728;66,13992
112745,1;66,13992
112761;66,13992
112777,6;66,13992
112794,8;66,13992
112818,8;66,13992
112827,3;66,13992
112843,9;66,13992
112860,7;66,13992
112878;66,13992
112893,6;66,13992
112910,1;66,13992
112926,7;66,13992
112943,4;66,13992
112959,8;66,13992
112976,4;66,13992
112993,3;66,13992
113009,5;66,13992
113026,1;66,13992
113042,7;66,13992
113059,2;66,13992
113075,8;66,13992
113092,6;66,13992
113109,3;66,13992
113125,5;66,13992
113142;66,13992
113158,6;66,13992
113175,8;66,13992
113191,8;66,13992
113208,3;66,13992
113225,3;66,13992
113241,4;66,13992
113258;66,13992
113274,6;66,13992
113291,1;66,10577
113308,1;66,10577
113324,4;66,10577
113340,9;66,10577
113357,4;66,10577
113374;66,10577
113390,7;66,10577
113407,1;66,10577
113423,7;66,10577
113440,2;66,10577
113457,5;66,10577
113473,4;66,10577
113489,9;66,10577
113506,5;66,10577
113523,1;66,10577
113540,1;66,10577
113556,2;66,10577
113573;66,10577
113589,3;66,10577
113605,9;66,10577
113622,5;66,10577
113639,1;66,10577
113655,6;66,10577
113672,2;66,10577
113688,7;66,10577
113705,3;66,10577
113721,9;66,10577
113738,4;66,10577
113755,4;66,10577
113771,6;66,10577
113788,5;66,10577
113805;66,10577
113821,3;66,10577
113837,8;66,10577
113854,6;66,10577
113871;66,10577
113887,8;66,10577
113904,2;66,10577
113920,7;66,10577
113937,2;66,10577
113953,8;66,10577
113970,4;66,10577
113986,9;66,10577
114003,6;66,10577
114020,1;66,10577
114036,6;66,10577
114054;66,10577
114069,9;66,10577
114086,3;66,10577
114103,8;66,10577
114119,5;66,10577
114136,4;66,45406
114152,6;66,45406
114169,3;66,45406
114185,7;66,45406
114202,4;66,45406
114218,9;66,45406
114235,9;66,45406
114252;66,45406
114268,6;66,45406
114285,7;66,45406
114301,7;66,45406
114318,3;66,45406
114335;66,45406
114351,4;66,45406
114368;66,45406
114384,6;66,45406
114401,5;66,45406
114417,7;66,45406
114435;66,45406
114450,8;66,45406
114468,2;66,45406
114484,2;66,45406
114500,5;66,45406
114517,1;66,45406
114533,6;66,45406
114550,6;66,45406
114566,8;66,45406
114583,4;66,45406
114599,9;66,45406
114616,9;66,45406
114633;66,45406
114650,4;66,45406
114666,3;66,45406
114682,7;66,45406
114699,5;66,45406
114715,9;66,45406
114732,4;66,45406
114749,6;66,45406
114765,6;66,45406
114782,1;66,45406
114798,7;66,45406
114815,3;66,45406
114831,8;66,45406
114848,4;66,45406
114865;66,45406
114882;66,45406
114898,1;66,45406
114915,1;66,45406
114931,3;66,53611
114947,8;66,53611
114964,6;66,53611
114980,9;66,53611
114997,5;66,53611
115014,1;66,53611
115031,4;66,53611
115047,2;66,53611
115064;66,53611
115080,5;66,53611
115097,3;66,53611
115114,1;66,53611
115130,7;66,53611
115147,1;66,53611
115163,4;66,53611
115179,7;66,53611
115196,3;66,53611
115212,9;66,53611
115229,4;66,53611
115246,2;66,53611
115262,6;66,53611
115279,6;66,86327
115295,7;66,86275
115312,3;66,86451
115328,9;66,86671
115345,6;66,86657
115362,3;66,86954
115378,9;66,87205
115395,5;66,47939
115411,7;66,48648
115428,3;66,16476
115445,8;66,16476
115461,4;66,16476
115478;66,16476
115494,5;66,16476
115511,1;66,16476
115527,7;66,16476
115544,5;66,16476
115560,8;66,48796
115577,4;66,48769
115594,2;66,15634
115610,5;66,15634
115627,3;66,15634
115644,4;66,56377
115660,2;66,56377
115676,8;66,56377
115693,3;66,56377
115710,5;66,56377
115726,4;66,56377
115743;66,56377
115759,6;66,56377
115776,1;66,56377
115792,9;66,56377
115809,7;66,56377
115826,9;66,56377
115842,5;66,56377
115859;66,56377
115875,5;66,56377
115892,1;66,56377
115908,7;66,56377
115925,2;66,56377
115941,8;66,56377
115958,4;66,56377
115974,9;66,56377
115991,5;66,56377
116008,1;66,56377
116024,9;66,56377
116041,2;66,56377
116058;66,56377
116074,3;66,56377
116091,5;66,56377
116107,5;66,56377
116124,1;66,56377
116140,6;66,56377
116157,2;66,56377
116174,2;66,56377
116190,6;66,56377
116206,9;66,56377
116224,1;66,56377
116240,4;66,56377
116256,6;66,56377
116273,2;66,56377
116289,8;66,56377
116306,3;66,56377
116322,8;66,56377
116339,6;66,56377
116356,2;66,56377
116373;66,67367
116389,3;66,67367
116405,7;66,67367
116422,2;66,67367
116439,1;66,67367
116455,5;66,67367
116471,9;66,67367
116488,5;66,67367
116505,4;66,67367
116522;66,67367
116538,2;66,67367
116554,8;66,67367
116572;66,67367
116587,9;66,67367
116604,5;66,67367
116621;66,67367
116638,2;66,67367
116654,2;66,67367
116670,9;66,67367
116688,2;66,67367
116703,9;66,67367
116720,4;66,67367
116737,2;66,67367
116754;66,67367
116770,1;66,67367
116786,7;66,67367
116803,3;66,67367
116819,8;66,67367
116836,4;66,67367
116853,3;66,67367
116869,5;66,67367
116886,1;66,67367
116903;66,67367
116919,2;66,67367
116936,1;66,67367
116952,4;66,67367
116968,9;66,67367
116985,5;66,67367
117002,3;66,67367
117018,6;66,67367
117035,3;66,67367
117052,1;66,67367
117068,7;66,67367
117085,2;67,12103
117101,5;67,12103
117118;67,12103
117135,4;67,12103
117151,2;67,12103
117167,7;67,12103
117184,5;67,12103
117200,9;67,12103
117217,7;67,12103
117234,4;67,12103
117250,8;67,12103
117267,1;67,12103
117283,7;67,12103
117300,3;67,12103
117317,2;67,12103
117333,4;67,12103
117350,3;67,12103
117366,5;67,12103
117383,3;67,12103
117399,7;67,12103
117416,2;67,12103
117433,3;67,12103
117450,1;67,12103
117465,9;67,12103
117482,5;67,12103
117499,1;67,12103
117515,9;67,12103
117532,3;67,12103
117548,8;67,12103
117565,3;67,12103
117581,9;67,12103
117598,5;67,12103
117615;67,12103
117631,7;67,12103
117648,2;67,12103
117664,7;67,12103
117681,3;67,12103
117698,4;67,12103
117714,4;67,12103
117731;67,12103
117747,9;67,12103
117764,2;67,12103
117780,8;67,2037
117797,3;67,2037
117814,1;67,2037
117830,4;67,52023
117847,5;67,52023
117863,9;67,52023
117880,4;67,52023
117896,7;67,52023
117913,4;67,52023
117929,8;67,52023
117946,4;67,52023
117963;67,52023
117979,5;67,52023
117996,1;67,52023
118013;67,52023
118029,2;67,52023
118046,3;67,52023
118062,4;67,52023
118078,9;67,52023
118095,5;67,52023
118112,1;67,52023
118129,2;67,52023
118145,3;67,52023
118161,8;67,52023
118178,3;67,52023
118195,2;67,52023
118211,5;67,52023
118228,1;67,52023
118244,7;67,52023
118261,1;67,52023
118277,9;67,52023
118294,9;67,52023
118310,9;67,52023
118327,5;67,52023
118344;67,52023
118361,2;67,52023
118377,1;67,52023
118394,4;67,52023
118410,9;67,52023
118426,8;67,52023
118443,4;67,52023
118459,9;67,52023
118476,5;67,52023
118493,3;67,52023
118509,6;67,96843
118526,4;67,96843
118542,8;67,96843
118559,3;67,96843
118575,9;67,96843
118592,5;67,96843
118609,2;67,96843
118625,9;67,96843
118642,7;67,96843
118658,7;67,96843
118675,3;67,96843
118691,9;67,96843
118708,4;67,96843
118725,3;67,96843
118741,6;67,96843
118758,2;67,96843
118774,9;67,96843
118791,3;67,96843
118808,1;67,96843
118824,5;67,96843
118841,2;67,96843
118858,4;67,96843
118874,1;67,96843
118891,4;68,02296
118907,2;68,05907
118923,8;68,10164
118940,4;68,14914
118956,9;68,17466
118973,5;68,21204
118990,1;68,20074
119007;68,20074
119023,2;68,20074
119039,8;68,20074
119056,3;68,20074
119073,2;68,20074
119089,9;68,20074
119106;68,25404
119122,6;68,29112
119139,2;68,27138
119156,5;68,27138
119172,3;68,27138
119188,9;68,27138
119205,4;68,44003
119222;68,44003
119238,6;68,44003
119255,1;68,44003
119271,7;68,44003
119288,3;68,44003
119304,8;68,44003
119321,6;68,44003
119338,2;68,44003
119354,5;68,44003
119371,1;68,44003
119387,7;68,44003
119404,3;68,44003
119420,8;68,44003
119437,4;68,44003
119456,1;68,44003
119470,5;68,8306
119487,1;68,87035
119503,6;68,92857
119520,4;68,98082
119536,8;69,02386
119553,5;69,0699
119569,9;69,12428
119586,5;68,73087
119603;68,79509
119619,7;68,19929
119636,2;68,33521
119653;67,91595
119669,3;68,03578
119686,5;67,78918
119702,4;68,13147
119719,6;68,23708
119735,6;68,34764
119752,2;68,4529
119768,7;68,56102
119785,3;68,67666
119801,8;68,7674
119818,7;68,7674
119835;68,7674
119851,6;68,7674
119868,1;69,01526
119884,7;69,01526
119901,5;69,01526
119917,8;69,01526
119934,4;69,01526
119951,2;69,01526
119967,5;69,01526
119984,5;69,01526
120000,6;69,01526
120017,4;69,01526
120034,1;69,01526
120051;69,01526
120066,9;69,01526
120083,5;69,01526
120100;69,01526
120116,6;69,01526
120133,2;69,01526
120149,7;69,01526
120166,4;69,38548
120182,9;69,50546
120199,4;69,62023
120216,8;69,7456
120232,6;69,88924
120249,1;69,49128
120265,9;69,23708
120282,3;68,89389
120298,8;68,95791
120315,4;69,02074
120332;69,07591
120349;69,05096
120365,1;69,13213
120381,7;69,19492
120398,2;69,25014
120414,8;69,31511
120431,4;69,38035
120448,2;69,43964
120464,5;69,50761
120481,7;69,48255
120498,2;69,48255
120514,2;69,48255
120530,8;69,48255
120547,3;69,5733
120563,9;69,5733
120580,5;69,5733
120597,1;69,5733
120613,8;69,5733
120630,2;69,5733
120646,9;69,5733
120663,3;69,5733
120680;69,5733
120696,6;69,5733
120713;69,5733
120729,6;69,5733
120746,2;69,5733
120762,7;69,5733
120779,3;69,5733
120795,9;69,5733
120812,4;69,5733
120829;69,5733
120845,5;69,51424
120862,5;69,02887
120879,3;68,74503
120895,4;68,27932
120911,8;68,28983
120928,4;68,28642
120944,9;68,28157
120961,5;68,28174
120978,6;68,28912
120994,6;68,28548
121011,4;68,28548
121028,1;68,28548
121044,3;68,28302
121061,6;68,28469
121078;68,17469
121094,3;68,17837
121110,9;68,16351
121127,9;68,15331
121143,8;67,73307
121160,5;67,73307
121176,9;67,73307
121193,5;68,20683
121210,1;68,20683
121226,6;68,20683
121243,1;68,20683
121259,7;68,20683
121276,3;68,20683
121293,6;68,20683
121309,4;68,20683
121326;68,20683
121342,5;68,20683
121359,1;68,20683
121375,9;68,20683
121392,2;68,20683
121408,8;68,20683
121425,4;68,20683
121441,9;68,20683
121459,4;68,20683
121475,1;68,20683
121492;68,20683
121508,3;68,20683
121524,8;68,20683
121541,5;68,20683
121557,9;68,20683
121574,5;68,20683
121591,3;68,20683
121607,9;68,20683
121624,5;68,20683
121640,7;68,20683
121657,3;68,20683
121673,9;68,20683
121690,4;68,20683
121707;68,20683
121723,6;68,20683
121740,2;68,20683
121757,2;68,20683
121773,9;68,20683
121789,8;68,20683
121806,8;68,20683
121823;68,20683
121839,5;68,20683
121856,5;68,20683
121872,9;68,20683
121889,2;68,20683
121905,8;68,2281
121922,4;68,58192
121939,1;68,58192
121956,1;68,58192
121972,6;68,58192
121988,7;68,58192
122005,2;68,58192
122021,9;68,58192
122038,5;68,58192
122054,9;68,58192
122071,5;68,58192
122088,3;68,58192
122104,6;68,58192
122121,4;68,58192
122138,3;68,58192
122154,4;68,58192
122170,9;68,58192
122187,4;68,58192
122204;68,58192
122221;68,58192
122237,1;68,58192
122253,7;68,58192
122270,3;68,58192
122287;68,58192
122303,4;68,58192
122320;68,58192
122336,5;68,58192
122353,1;68,58192
122370,1;68,58192
122386,6;68,58192
122403,5;68,58192
122419,4;68,58192
122436;68,58192
122452,9;68,58192
122469,1;68,58192
122486,1;68,58192
122502,2;68,58192
122518,8;68,88498
122535,3;68,79515
122552,2;68,41238
122568,5;68,41238
122585,1;68,41238
122601,6;68,79118
122618,5;68,79118
122634,7;68,79118
122651,3;68,79118
122667,9;68,79118
122685,1;68,79118
122701;68,79118
122717,6;68,79118
122734,1;68,79118
122750,9;68,79118
122767,6;68,79118
122783,8;68,79118
122800,6;68,79118
122817;68,79118
122833,5;68,79118
122850,1;68,79118
122866,7;68,79118
122883,3;68,79118
122899,8;68,79118
122916,4;68,79118
122933;68,79118
122949,5;68,79118
122966,1;68,79118
122982,6;68,79118
122999,4;68,79118
123015,8;68,79118
123032,3;68,79118
123048,9;68,79118
123065,8;68,79118
123082;68,79118
123098,6;68,79118
123115,3;68,79118
123132,4;68,79118
123148,3;68,79118
123164,9;68,79118
123181,7;68,79118
123198,1;68,79118
123214,6;68,79118
123231,1;68,79118
123247,8;68,79118
123264,3;68,79118
123281;68,79118
123297,4;68,79118
123314,4;68,79118
123330,6;68,79118
123347,4;68,79118
123364,1;68,69623
123380,3;68,69623
123396,8;68,83605
123413,4;68,83605
123430;68,83605
123446,5;68,83605
123463,6;68,83605
123479,6;68,83605
123496,2;68,83605
123512,8;68,83605
123529,9;68,83605
123546,2;68,83605
123562,5;68,83605
123579;68,83605
123595,9;68,83605
123612,2;68,83605
123629,5;68,83605
123645,4;68,83605
123661,9;68,83605
123678,5;68,83605
123695;68,83605
123712,2;68,83605
123728,2;68,83605
123744,7;68,83605
123761,3;68,83605
123778,1;68,83605
123794,4;68,83605
123811;68,83605
123827,5;68,83605
123844,1;68,83605
123860,9;68,83605
123877,7;68,83605
123893,8;68,83605
123910,4;68,83605
123926,9;68,83605
123944,1;68,83605
123960,1;68,83605
123976,6;68,83605
123993,2;68,83605
124009,8;68,83605
124026,7;68,83605
124042,9;68,83605
124059,5;68,83605
124076;68,83605
124093;68,83605
124109,2;68,83605
124126;68,83605
124142,7;68,83605
124158,9;68,83605
124175,4;68,83605
124192,2;69,19895
124208,8;69,19895
124225,4;69,19895
124241,9;69,19895
124258,3;69,19895
124274,8;69,19895
124291,4;69,19895
124308;69,19895
124324,5;69,19895
124341,1;69,19895
124358;69,19895
124374,2;69,19895
124390,8;69,19895
124407,4;69,19895
124424;69,19895
124440,5;69,19895
124457,5;69,19895
124473,6;69,19895
124490,2;69,05552
124506,8;68,97743
124523,4;68,88501
124540,1;68,79384
124556,5;68,71668
124573,3;68,62
124589,7;68,53397
124606,2;68,44889
124622,9;68,35868
124639,9;68,27595
124655,9;67,68408
124673,2;67,57861
124689,2;67,47639
124705,6;67,37315
124722,8;67,2762
124739;67,24464
124739;67,24464
124759;67,24464
124775,3;67,24464
124791,9;67,24464
124808,4;67,24464
124825,4;67,24464
124842,1;67,24464
124858,1;67,24464
124874,8;67,24464
124891,3;67,24464
124908,3;67,24464
124924,5;67,24464
124941;67,24464
124957,7;67,24464
124974,2;67,24464
124990,7;67,24464
125007,2;67,24464
125023,8;67,24464
125040,6;67,24464
125056,9;67,24464
125073,5;67,24464
125090;67,24464
125106,7;67,24464
125123,2;67,24464
125140,3;67,24464
125156,4;67,23531
125172,9;67,39231
125189,5;67,55066
125206;67,70083
125222,6;67,85596
125239,1;68,02874
125255,7;68,21326
125272,3;68,21326
125288,9;68,21326
125305,4;68,21326
125322;68,21326
125338,6;68,21326
125355,1;68,21326
125372;68,21326
125388,3;68,21326
125404,8;68,21326
125421,5;68,21326
125438;68,21326
125454,5;68,21326
125471,3;68,21326
125487,7;68,21326
125504,2;68,21326
125521,2;68,21326
125537,4;68,21326
125554,4;68,21326
125576;68,21326
125587,1;68,21326
125603,9;68,21326
125620,2;68,21326
125637,2;68,21326
125653,3;68,21326
125670,1;68,21326
125686,7;68,21326
125703;68,21326
125719,6;68,21326
125736,2;68,21326
125752,7;68,21326
125769,3;68,21326
125785,9;68,21326
125802,4;68,21326
125819;68,21326
125835,7;68,21326
125852,3;68,21326
125868,7;68,21326
125885,3;68,21326
125901,8;68,69241
125918,7;68,69241
125935;68,69241
125951,5;68,96177
125968,1;68,96177
125984,6;68,96177
126001,7;68,96177
126017,8;68,96177
126034,6;68,96177
126051,1;68,96177
126067,5;68,96177
126084,2;68,96177
126100,6;68,96177
126117,6;68,96177
126133,8;68,96177
126150,3;68,96177
126166,9;68,88123
126183,4;68,82706
126200;68,76731
126216,8;68,71057
126233,2;68,65923
126249,7;68,52525
126266,3;68,5061
126282,9;68,48666
126299,4;68,45822
126316;68,41286
126332,5;68,39228
126349,3;68,36475
126365,7;68,3356
126382,3;68,29635
126399,3;68,26231
126415,4;67,8847
126432,5;68,23637
126448,7;68,21752
126465,1;68,18729
126481,6;68,15971
126498,2;68,12592
126520,6;68,10262
126531,4;68,10262
126547,9;68,10262
126565,1;68,10262
126581,1;68,05825
126597,6;68,05825
126614,2;68,05825
126631;68,05825
126647,8;68,35889
126663,9;68,35889
126680,5;68,35889
126697;68,35889
126713,6;68,35889
126730,2;68,35889
126746,8;68,35889
126763,3;68,35889
126780;68,35889
126796,7;68,35889
126813;68,35889
126829,6;68,35889
126846,1;68,35889
126862,7;68,35889
126879,3;68,35889
126896,7;68,35889
126912,4;68,35889
126928,9;68,35889
126945,5;67,89989
126962,1;67,94882
126978,7;67,99036
126995,2;67,6608
127011,8;67,4829
127028,4;67,22472
127045;67,26197
127062;67,31899
127078;67,30392
127094,6;67,30392
127111,2;67,30392
127128,5;67,30392
127144,4;67,30392
127160,9;67,30392
127177,9;67,30392
127194;67,30392
127210,6;67,38049
127227,3;67,33803
127243,7;67,33803
127260,4;67,33803
127276,9;67,33803
127293,4;67,49359
127310;67,49359
127326,6;67,49359
127343,1;67,49359
127359,9;67,49359
127376,3;67,49359
127392,8;67,49359
127409,4;67,49359
127426,3;67,49359
127442,9;67,49359
127459,1;67,49359
127475,9;67,49359
127493;67,49359
127508,8;67,49359
127525,4;67,49359
127542,9;67,49359
127558,5;67,49359
127575,1;67,49359
127591,8;67,49359
127608,3;67,49359
127624,8;67,49359
127641,3;67,49359
127657,9;67,49359
127675,3;67,49359
127691;67,49359
127708,2;67,49359
127724,7;67,49359
127740,7;67,49359
127757,5;67,49359
127773,9;67,49359
127790,8;67,49359
127807;67,49359
127823,6;67,49359
127840,7;67,49359
127856,7;67,49359
127873,3;67,49359
127889,9;67,49359
127907;67,49359
127923;67,49359
127939,5;67,49359
127956,1;67,49359
127972,8;67,49359
127989,2;67,49359
128005,8;67,49359
128022,4;67,49359
128038,9;67,49359
128055,5;67,91942
128072,3;68,68953
128088,6;69,22624
128106;69,99766
128122,2;69,99766
128138,5;69,99766
128154,9;69,99766
128172;69,99766
128188;69,99766
128204,9;69,99766
128221,1;69,99766
128237,7;69,99766
128254,3;69,99766
128271,6;69,99766
128287,6;69,99766
128304;69,99766
128320,6;69,99766
128337,1;69,99766
128354,1;69,99766
128370,3;69,99766
128386,8;69,99766
128403,9;69,99766
128420,6;69,99766
128437,2;69,99766
128453,8;69,99766
128470,4;69,99766
128486,9;69,99766
128503,5;69,99766
128520,4;69,99766
128536,6;69,99766
128553,3;69,99766
128569,7;69,99766
128586,5;69,99766
128602,9;70,15594
128620,1;70,09791
128636;70,09791
128652,8;70,09791
128669,9;70,09791
128686,2;70,34267
128702,3;70,34267
128719;70,34267
128735,8;70,34267
128752;70,34267
128768,5;70,34267
128785,2;70,34267
128801,6;70,34267
128818,2;70,34267
128834,8;70,34267
128851,4;70,34267
128868;70,34267
128884,5;70,34267
128901,1;70,34267
128918;70,34267
128934,2;70,34267
128950,8;70,34267
128967,3;70,74476
128983,9;70,86591
129000,5;70,98582
129017;71,10874
129033,8;71,22321
129050,2;71,33325
129066,7;71,52815
129083,3;71,587
129100,1;71,45828
129116,8;71,31259
129133;71,17162
129149,7;71,02657
129166,1;70,88223
129182,7;70,19244
129199,3;69,9417
129216;70,01453
129232,4;70,0853
129249,4;70,17022
129265,5;70,2794
129282,1;70,2794
129299,1;70,2794
129315,2;70,2794
129331,8;70,2794
129348,4;70,50164
129364,9;70,50164
129381,5;70,50164
129398,1;70,50164
129414,6;70,50164
129431,3;70,50164
129447,8;70,50164
129464,3;70,50164
129481;70,50164
129497,5;70,50164
129514;70,50164
129530,6;70,50164
129547,2;70,50164
129563,7;70,50164
129580,3;70,50164
129597,1;70,50164
129613,4;70,50164
129630;70,50164
129646,6;70,50164
129663,1;70,50164
129679,7;70,50164
129696,4;70,50164
129712,9;70,50164
129729,4;70,50164
129746;70,50164
129762,6;70,50164
129779,1;70,50164
129795,7;70,50164
129812,2;70,50164
129828,8;70,50164
129845,4;70,50164
129862,5;70,50164
129878,5;70,50164
129895,3;70,50164
129911,6;70,50164
129928,5;70,50164
129944,8;70,50164
129961,3;70,50164
129977,9;71,03065
129994,5;71,03065
130011,2;71,03065
130027,6;71,03065
130044,5;71,03065
130061,2;71,03065
130077,3;71,03065
130094,4;71,03065
130111,4;71,03065
130127;71,03065
130143,6;71,03065
130160,3;71,03065
130176,7;71,03065
130193,3;71,03065
130209,8;71,03065
130226,4;71,03065
130243;71,03065
130260,1;71,03065
130276,1;71,03065
130292,7;71,03065
130309,2;71,03065
130325,8;71,03065
130345,5;71,03065
130358,9;71,03065
130375,5;71,03065
130392,1;71,03065
130408,6;71,03065
130425,2;71,03065
130441,8;71,03065
130458,3;71,03065
130474,9;71,03065
130491,5;71,03065
130508;71,03065
130524,7;71,03065
130541,2;71,03065
130558;71,03065
130574,3;71,03065
130591,1;71,03065
130607,4;71,03065
130624;71,21771
130641,4;71,21771
130657,1;71,21771
130673,7;71,21771
130690,3;71,21771
130707;71,21771
130723,4;71,21771
130740,4;71,21771
130756,5;71,21771
130773,3;71,21771
130789,7;71,21771
130806,2;71,21771
130823,1;71,21771
130839,4;71,21771
130855,9;71,21771
130872,5;71,21771
130889,3;71,21771
130905,8;71,21771
130922,2;71,21771
130938,8;71,21771
130955,7;71,21771
130971,9;71,21771
130988,5;71,21771
131005,1;71,21771
131021,6;71,21771
131038,3;71,21771
131054,7;71,21771
131071,3;71,21771
131087,9;71,21771
131104,4;71,21771
131121;71,21771
131137,6;71,21771
131154,2;71,21771
131170,8;71,21771
131187,3;71,21771
131204;71,21771
131220,4;71,21771
131237;71,21771
131253,5;71,21771
131270,1;71,71862
131286,7;71,71862
131303,2;71,71862
131321,4;71,71862
131336,4;71,71862
131352,9;71,71862
131369,5;71,71862
131386,1;71,71862
131402,6;71,71862
131419,2;71,71862
131435,8;71,71862
131452,3;71,71862
131469;71,71862
131485,5;71,71862
131502;71,71862
131518,6;71,71862
131535,2;71,71862
131551,8;71,71862
131568,6;71,71862
131584,9;71,71862
131601,4;71,71862
131618,2;71,71862
131634,5;71,71862
131651,5;71,71862
131667,7;71,71862
131684,3;71,71862
131700,8;71,71862
131717,7;71,71862
131734,8;71,71862
131750,6;71,71862
131767,3;71,71862
131783,7;71,71862
131800,2;71,71862
131817,3;71,71862
131833,4;71,77551
131849,9;71,81207
131866,5;71,79501
131883,1;71,79501
131899,9;71,79501
131916,2;71,93857
131932,8;71,93857
131949,5;71,93857
131966;71,93857
131982,5;71,93857
131999;71,93857
132015,6;71,93857
132032,2;71,93857
132048,7;71,93857
132066,1;71,93857
132081,9;71,93857
132098,4;71,93857
132115;71,93857
132131,6;71,93857
132148,1;71,93857
132164,8;71,93857
132181,3;71,93857
132197,8;71,93857
132214,4;71,93857
132231;71,93857
132247,5;71,93857
132264,1;71,93857
132286,6;71,93857
132297,4;71,93857
132313,8;71,93857
132330,5;71,93857
132346,9;71,93857
132363,5;71,93857
132380;71,93857
132396,6;71,93857
132413,2;71,93857
132430,2;71,93857
132446,3;71,93857
132462,9;71,93857
132479,5;71,93857
132496;71,93857
132512,6;71,93857
132529,2;71,93857
132545,7;71,93857
132562,3;71,93857
132578,9;71,93857
132595,5;72,47698
132612,2;72,47698
132628,6;72,47698
132645,4;72,47698
132661,7;72,47698
132678,3;72,47698
132694,8;72,47698
132711,4;72,47698
132728;72,47698
132744,8;72,47698
132761,1;72,47698
132777,7;72,47698
132794,2;72,47698
132811,4;72,47698
132827,5;72,47698
132843,9;72,47698
132860,5;72,47698
132877,1;72,47698
132894;72,56605
132910,2;72,62943
132927,5;72,69878
132943,3;72,77671
132959,9;72,84929
132976,5;72,9277
132993,2;72,99876
133009,6;73,05814
133026,2;73,03883
133042,7;73,03883
133059,7;73,03883
133075,8;73,03883
133092,4;73,13042
133109;73,20539
133125,6;73,27728
133142,1;73,3482
133158,7;73,41592
133175,3;72,65952
133192,2;72,65952
133208,4;72,65952
133225;72,82985
133249,2;72,82985
133258,1;72,82985
133274,7;72,82985
133291,2;72,82985
133307,9;72,82985
133324,4;73,27988
133340,9;73,35648
133357,5;72,97432
133374;72,97432
133390,6;72,97432
133407,3;72,97432
133423,8;72,97432
133440,3;72,97432
133456,9;72,97432
133473,5;73,4311
133490;73,51025
133506,8;73,59289
133523,2;73,66946
133539,7;73,74866
133556,4;73,81667
133572,9;73,90411
133589,8;73,98204
133606,4;72,81259
133622,6;71,62716
133639,1;71,66026
133655,7;71,14377
133672,3;71,14701
133688,8;71,15549
133705,5;71,16594
133722,1;71,1846
133738,6;71,19578
133755,3;71,21632
133771,9;71,22047
133788,2;71,23827
133804,9;71,24786
133821,7;71,24786
133838;71,24786
133854,5;71,79315
133871,4;71,79315
133887,7;71,79315
133904,2;71,79315
133920,8;71,79315
133937,3;71,79315
133954;71,79315
133970,5;71,79315
133987;71,79315
134003,6;71,79315
134020,4;71,79315
134036,8;71,79315
134053,6;71,79315
134070,2;71,79315
134086,4;71,79315
134103;71,79315
134119,5;71,79315
134136,3;71,79315
134152,8;71,79315
134169,4;71,79315
134185,8;71,79315
134207,2;71,79315
134219;71,79315
134235,5;71,79315
134252,1;71,79315
134268,7;71,79315
134285,2;71,79315
134301,8;71,79315
134318,4;71,79315
134335,2;71,79315
134351,5;71,79315
134368,2;71,79315
134385;71,79315
134401,2;71,79315
134417,8;71,79315
134435;71,79315
134451,1;71,79315
134467,5;71,79315
134484;71,79315
134500,6;71,79315
134517,5;71,79315
134533,7;71,90739
134550,3;71,90739
134566,9;71,90739
134583,4;71,90739
134600,7;71,90739
134616,6;71,90739
134633,1;71,90739
134649,7;71,90739
134666,3;71,90739
134682,9;71,90739
134699,4;71,90739
134716;71,90739
134732,5;71,90739
134749,1;71,90739
134766,4;71,90739
134782,2;71,90739
134798,8;71,90739
134815,4;71,90739
134832;71,90739
134848,5;71,90739
134865;71,90739
134881,6;71,90739
134898,2;71,90739
134914,8;71,90739
134931,7;71,90739
134947,9;71,90739
134964,6;71,90739
134981,1;71,90739
134997,6;71,90739
135014,2;71,90739
135031,6;71,90739
135047,3;71,90739
135063,9;71,90739
135080,4;71,90739
135097;71,90739
135113,6;71,90739
135130,1;71,90739
135146,7;71,90739
135163,3;71,90739
135184,5;72,48238
135196,4;72,48238
135213,2;72,48238
135229,5;72,48238
135246,1;72,48238
135262,7;72,48238
135279,2;72,48238
135295,8;72,48238
135312,4;72,48238
135329,3;72,48238
135345,5;72,48238
135362,1;72,48238
135378,9;72,48238
135395,2;72,48238
135411,8;72,48238
135428,3;72,48238
135445,1;72,48238
135461,5;72,48238
135478;72,48238
135494,6;72,48238
135511,2;72,48238
135527,8;72,48238
135544,3;72,48238
135560,9;72,48238
135577,6;72,48238
135594,2;72,48238
135610,6;72,48238
135627,1;72,48238
135643,9;72,48238
135660,3;72,48238
135677,2;72,48238
135693,4;72,48238
135710,5;72,48238
135727;72,48238
135743,1;72,48238
135759,7;72,48238
135776,2;72,48238
135792,8;72,48238
135809,4;72,49671
135826,8;72,49671
135842,5;72,49671
135859,7;72,49671
135876;72,49671
135892,2;72,49671
135908,8;72,49671
135925,3;72,49671
135941,9;72,49671
135958,5;72,49671
135975,6;72,49671
135991,8;72,49671
136008,2;72,49671
136024,7;72,49671
136041,3;72,49671
136058;72,49671
136074,4;72,49671
136091,1;72,49671
136107,6;72,49671
136124,2;72,49671
136140,7;72,49671
136157,3;72,49671
136173,8;72,49671
136190,4;72,49671
136207,2;72,49671
136223,5;72,49671
136240,4;72,49671
136257,3;72,49671
136273,2;72,49671
136289,8;72,49671
136306,3;72,49671
136322,9;72,49671
136340,2;72,49671
136356,1;72,49671
136372,6;72,49671
136389,2;72,49671
136405,8;72,49671
136422,3;72,49671
136439,1;72,49671
136455,5;72,49671
136472;72,49671
136488,6;72,93226
136505,2;72,93226
136521,7;72,93226
136538,3;72,93226
136554,9;72,93226
136571,4;72,93226
136588,5;72,93226
136604,5;72,93226
136621,1;72,93226
136637,7;72,93226
136654,3;72,93226
136670,8;72,93226
136687,5;72,93226
136704;72,93226
136721,1;72,93226
136737,5;72,93226
136753,7;72,93226
136770,2;72,93226
136787,3;72,93226
136803,9;72,93226
136819,9;72,93226
136836,5;72,93226
136853,1;72,93226
136869,6;72,93226
136886,6;72,93226
136902,8;72,93226
136919,3;72,93226
136936;72,93226
136952,5;72,93226
136969;72,93226
136985,6;72,93226
137002,2;72,93226
137018,7;72,93226
137035,3;72,93226
137052;72,93226
137068,7;72,93226
137085;72,93226
137101,6;72,93226
137118,1;72,83562
137134,9;72,8597
137151,3;72,8597
137167,8;72,8597
137184,4;72,8597
137201;72,8597
137217,6;72,87254
137234,1;72,87254
137250,7;72,87254
137267,3;72,87254
137283,8;72,87254
137300,4;72,87254
137316,9;72,87254
137333,5;72,87254
137350;72,87254
137366,6;72,87254
137383,3;72,87254
137399,9;72,87254
137416,3;72,87254
137433,1;72,87254
137449,5;72,87254
137466,4;72,87254
137482,8;72,87254
137499,2;73,25874
137515,7;73,20958
137532,3;73,15762
137549;73,09064
137565,5;73,0363
137582;72,33607
137598,8;71,6329
137615,5;71,07759
137631,8;71,06147
137648,3;70,94535
137664,8;70,34013
137681,4;70,28283
137698;70,22937
137714,5;70,16656
137731,1;70,18627
137747,7;70,10612
137764,3;70,05225
137780,9;69,99656
137797,4;69,94077
137814;69,88333
137830,5;69,82043
137847,1;69,76604
137863,6;69,69987
137880,4;69,7207
137896,8;69,7207
137913,3;69,7207
137930,3;69,7207
137946,5;69,73363
137963;69,73363
137979,6;69,73363
137996,2;69,73363
138013,2;69,73363
138029,3;69,73363
138046,3;69,73363
138062,7;69,73363
138079,4;69,73363
138095,9;69,73363
138112,3;69,73363
138129,1;69,73363
138145,9;69,73363
138162,6;69,73363
138178,4;69,73363
138195;70,11739
138211,5;69,51006
138228,1;69,43528
138244,7;69,37781
138261,3;69,30943
138277,8;69,2347
138294,6;69,16451
138311,1;69,09418
138327,5;69,0258
138344,1;68,94925
138360,6;68,87273
138377,4;68,80772
138393,8;68,74213
138410,5;68,66238
138426,9;68,688
138443,5;68,58762
138460;68,51756
138476,6;68,44676
138493,2;68,37123
138510,2;68,30233
138526,3;68,22646
138542,9;68,1506
138559,4;68,07835
138576;68,07835
138592,6;68,07835
138609,7;68,07835
138625,7;68,52236
138642,3;68,52236
138659,5;68,52236
138675,5;68,52236
138692;68,52236
138708,5;68,52236
138725,1;68,52236
138741,8;68,52236
138758,2;68,52236
138775,2;68,52236
138791,4;68,52236
138808;68,52236
138824,5;68,52236
138841,1;68,52236
138857,6;68,52236
138874,2;68,52236
138891;68,52236
138907,6;68,52236
138923,9;68,52236
138940,5;68,52236
138957;68,52236
138973,7;68,52236
138990,2;68,52236
139008,3;68,52236
139023,3;68,40079
139040;68,31568
139056,4;67,57919
139073,1;66,93223
139089,5;66,51257
139106,1;66,51833
139122,8;66,51833
139139,3;66,51833
139155,8;66,51833
139172,4;66,51833
139189,5;66,51833
139205,5;66,51833
139222,5;66,51833
139238,7;66,39855
139255,2;66,03789
139271,8;66,03789
139288,4;66,03789
139304,9;66,03789
139321,5;66,45078
139338,1;66,45078
139354,6;66,45078
139371,2;66,45078
139387,8;66,45078
139404,3;66,45078
139420,9;66,45078
139437,5;66,45078
139454;66,45078
139470,6;66,45078
139487,2;66,45078
139503,7;66,45078
139520,5;66,45078
139536,9;66,45078
139553,5;66,45078
139570;66,45078
139586,6;66,45078
139603,1;66,45078
139619,7;66,45078
139636,3;66,45078
139652,8;66,45078
139669,4;66,45078
139686;66,45078
139702,8;66,45078
139719,1;66,45078
139735,7;66,45078
139752,3;66,45078
139768,8;66,45078
139785,4;66,45078
139801,9;66,45078
139818,7;66,45078
139835;66,45078
139852,3;66,45078
139868,3;66,45078
139884,8;66,45078
139901,3;66,45078
139917,9;66,45078
139934,9;66,45078
139951,3;66,45078
139968;66,45078
139984,5;66,45078
140001,1;66,45078
140017,8;66,45078
140034,2;66,45078
140051,2;66,49684
140067,5;66,49684
140083,9;66,49684
140100,5;66,49684
140117,1;66,49684
140133,8;66,49684
140150,2;66,49684
140166,8;66,49684
140183,8;66,49684
140199,9;66,49684
140216,5;66,49684
140233,1;66,49684
140249,6;66,49684
140266,2;66,49684
140282,7;66,49684
140299,3;66,49684
140315,9;66,49684
140332,4;66,49684
140349;66,49684
140365,6;66,49684
140382,3;66,49684
140398,7;66,49684
140415,4;66,49684
140431,8;66,49684
140448,4;66,49684
140465,3;66,49684
140481,5;66,49684
140498,1;66,49684
140514,9;66,49684
140531,2;66,49684
140547,8;66,49684
140565;66,49684
140581,5;66,49684
140597,5;66,49684
140614,3;66,49684
140630,6;66,49684
140647,2;66,49684
140663,8;66,49684
140680,4;66,49684
140697,2;66,49684
140713,5;66,49684
140730;66,49684
140746,7;66,49684
140763,6;66,49684
140780,3;66,89936
140796,3;66,89936
140812,9;66,89936
140829,4;66,89936
140846;66,89936
140862,9;66,89936
140879,2;66,89936
140895,7;66,89936
140912,3;66,89936
140928,8;66,89936
140945,4;66,89936
140962;66,89936
140978,8;66,89936
140995,1;66,89936
141011,8;66,89936
141028,2;66,89936
141044,8;66,89936
141061,4;66,89936
141077,9;66,89936
141094,8;66,89936
141111,7;66,89936
141127,6;66,89936
141144,3;66,89936
141160,8;66,89936
141177,3;66,89936
141193,9;66,89936
141210,5;66,89936
141227,7;66,89936
141243,6;66,89936
141260,2;66,89936
141276,7;66,89936
141293,7;66,89936
141309,9;66,89936
141326,5;66,89936
141343;66,89936
141359,6;66,89936
141376,3;66,89936
141392,7;66,89936
141409,3;66,89936
141425,8;66,83995
141442,6;66,85873
141459;66,85873
141476,1;66,85873
141492,1;66,85873
141508,8;66,87199
141525,2;66,87199
141542,4;66,87199
141558,7;66,87199
141575;66,87199
141591,5;66,87199
141608,1;66,87199
141624,7;66,87199
141641,2;66,87199
141658,1;66,87199
141674,6;66,87199
141691;66,87199
141707,5;66,87199
141724,1;66,87199
141740,6;66,87199
141757,2;66,87199
141773,7;66,87199
141790,4;66,87199
141806,9;66,87199
141823,4;66,87199
141840;66,87199
141856,6;67,16819
141873,1;67,12262
141889,9;67,06998
141906,8;67,02402
141922,8;66,96968
141939,4;66,93951
141956;66,89317
141972,5;66,84341
141989,1;66,79319
142006,2;66,75854
142022,2;66,41412
142038,8;66,71388
142055,4;66,65762
142071,9;66,31744
142088,5;66,31744
142105,1;66,31744
142121,6;66,31744
142138,3;66,31744
142154,8;66,31744
142171,3;66,6104
142187,9;66,2623
142204,5;66,2623
142221;66,2623
142237,6;66,2623
142254,2;66,62311
142270,7;66,62311
142287,3;66,62311
142303,9;66,62311
142320,5;66,62311
142337;66,62311
142353,6;66,62311
142370,1;66,62311
142386,7;66,62311
142403,3;66,62311
142420,2;66,62311
142437;66,62311
142453;66,62311
142469,5;66,62311
142486,1;66,62311
142502,7;66,62311
142519,2;66,62311
142535,8;66,62311
142552,4;66,62311
142568,9;66,62311
142585,6;66,62311
142602,1;66,62311
142618,8;66,62311
142635,5;66,62311
142651,8;66,62311
142668,5;66,62311
142684,9;66,62311
142701,5;66,62311
142718;66,62311
142734,6;66,62311
142751,5;66,62311
142767,7;66,62311
142784,3;66,62311
142800,9;66,62311
142817,4;66,62311
142834;66,62311
142854,2;66,62311
142867,4;66,62311
142883,7;66,62311
142901,3;66,62311
142916,8;66,62311
142933,7;66,62311
142950,1;66,62311
142966,5;66,62311
142983,1;66,62311
142999,7;66,62311
143016,2;66,62311
143032,8;66,62311
143049,4;66,62311
143066;66,89271
143082,6;66,89271
143099,4;66,89271
143115,6;66,89271
143132,2;66,89271
143149,5;66,89271
143165,3;66,89271
143181,9;66,89271
143198,9;66,89271
143215,5;66,89271
143231,8;66,89271
143248,3;66,89271
143264,7;66,89271
143281,3;66,89271
143297,9;66,89271
143314,6;66,89271
143331;66,89271
143347,6;66,89271
143364,1;66,89271
143381;66,89271
143397,5;66,89271
143413,8;66,89271
143430,5;66,89271
143447;66,89271
143463,5;66,89271
143480,5;66,89271
143496,7;66,89271
143513,8;66,89271
143529,8;66,89271
143546,5;66,89271
143562,9;66,89271
143579,5;66,89271
143596,1;66,89271
143612,6;66,89271
143629,6;66,89271
143646,2;66,89271
143662,3;66,89271
143678,9;66,89271
143695,7;66,89271
143712,2;66,89271
143728,6;66,89271
143745,2;66,89271
143761,7;66,89271
143786,1;66,89271
143795,2;66,89271
143811,4;67,26646
143828;67,26646
143844,6;67,26646
143861,1;67,26646
143878;67,26646
143894,3;67,26646
143910,9;67,26646
143927,4;67,26646
143944;67,26646
143960,5;67,26646
143977,1;67,26646
143993,8;67,26646
144010,5;67,26646
144026,8;67,26646
144043,4;67,26646
144060,3;67,26646
144076,5;67,26646
144093,2;67,26646
144110,2;67,26646
144126,2;67,26646
144142,8;67,26646
144159,3;67,26646
144175,9;67,26646
144192,5;67,26646
144209;67,26646
144225,7;67,26646
144242,2;67,26646
144258,7;67,26646
144275,6;67,26646
144291,9;67,26646
144308,4;67,26646
144325;67,26646
144341,6;67,26646
144358,3;67,26646
144374,7;67,26646
144391,5;67,26646
144407,8;67,26646
144424,9;67,26646
144441,1;67,26646
144457,5;67,26646
144474,1;67,26646
144490,8;67,26646
144507,3;67,26646
144523,8;67,26646
144540,4;67,26646
144557;67,26646
144573,5;67,2536
144590,1;67,2536
144606,7;67,2536
144623,3;67,2536
144640,3;67,2536
144656,6;67,2536
144673;67,2536
144689,7;67,2536
144706,1;67,2536
144722,6;67,2536
144739,4;67,2536
144756,2;67,2536
144772,3;67,2536
144788,9;67,2536
144805,9;67,2536
144822;67,2536
144838,6;67,2536
144855,1;67,2536
144872,3;67,2536
144888,3;67,2536
144904,8;67,2536
144922,1;67,2536
144938;67,2536
144954,5;67,2536
144971,3;67,2536
144987,9;67,2536
145004,2;67,2536
145020,9;67,2536
145037,4;67,2536
145053,9;67,2536
145070,5;67,2536
145087,1;67,2536
145104,3;67,2536
145120,2;67,2536
145136,8;67,2536
145154;67,2536
145170,1;67,2536
145187;67,2536
145203;67,2536
145219,6;67,2536
145236,2;67,2536
145252,7;67,2536
145269,3;67,2536
145285,9;67,2536
145302,4;67,2536
145319,4;67,2536
145335,7;67,2536
145352,2;67,58762
145369,1;67,58762
145385,3;67,58762
145401,8;67,58762
145418,4;67,58762
145435;67,58762
145451,5;67,58762
145468,1;67,58762
145484,7;67,58762
145501,4;67,58762
145517,8;67,58762
145534,4;67,58762
145550,9;67,58762
145567,5;67,58762
145584,1;67,58762
145600,6;67,58762
145617,2;67,58762
145634;67,58762
145650,9;67,58762
145666,9;67,58762
145683,6;67,58762
145700;67,58762
145716,6;67,58762
145733,2;67,58762
145749,7;67,58762
145766,3;67,58762
145782,9;67,58762
145799,4;67,58762
145816,1;67,58762
145832,6;67,58762
145849,1;67,58762
145865,7;67,58762
145882,3;67,58762
145899;67,58762
145915,7;67,58762
145932;67,58762
145948,5;67,58762
145965,3;67,58762
145981,7;67,58762
145998,2;67,58762
146014,8;67,58762
146031,4;67,58762
146047,9;67,58762
146064,7;67,58762
146081,1;67,58762
146097,6;67,58762
146114,2;67,58762
146131,2;67,54824
146147,7;67,54824
146163,9;67,54824
146180,5;67,54824
146197,7;67,54824
146213,6;67,54824
146230,2;67,54824
146246,8;67,54824
146263,3;67,54824
146279,9;67,54824
146296,4;67,54824
146313,5;67,54824
146329,6;67,54824
146346,7;67,54824
146362,7;67,54824
146380,2;67,54824
146396,3;67,54824
146412,4;67,54824
146429;67,54824
146445,5;67,54824
146462,1;67,54824
146478,7;67,54824
146495,2;67,54824
146511,8;67,54824
146528,5;67,54824
146545;67,54824
146561,7;67,54824
146578,2;67,54824
146595;67,54824
146611,2;67,54824
146627,8;67,54824
146644,3;67,54824
146660,9;67,54824
146677,5;67,54824
146694,1;67,54824
146710,6;67,54824
146727,2;67,54824
146744,1;67,54824
146760,3;67,54824
146777;67,54824
146793,4;67,54824
146810,2;67,54824
146826,5;67,54824
146843,1;67,54824
146859,7;67,54824
146876,3;67,54824
146892,8;67,54824
146909,4;67,54824
146926;67,88739
146942,5;67,88739
146959,1;67,88739
146975,7;67,88739
146992,2;67,88739
147008,8;67,88739
147025,5;67,88739
147041,9;67,88739
147058,5;67,88739
147075,1;67,88739
147091,6;67,88739
147108,6;67,88739
147124,8;67,88739
147141,3;67,88739
147158;67,88739
147174,6;67,88739
147191;67,88739
147207,6;67,88739
147224,2;67,88739
147240,7;67,77433
147257,3;67,71706
147273,9;67,56455
147290,8;67,50593
147307,1;67,44563
147323,8;67,38152
147340,2;67,31014
147356,7;67,26318
147373,3;67,20098
147390;67,13279
147406,4;67,07005
147423;67,00923
147439,5;66,94778
147456,1;66,88065
147472,7;66,81392
147490;66,75144
147506;66,68209
147522,7;66,61546
147538,9;66,29766
147555,5;66,29766
147572,1;66,29766
147588,7;66,55679
147606;66,49785
147621,8;66,41718
147638,4;66,37058
147655;66,04106
147671,5;66,04106
147688,1;66,04106
147704,7;66,04106
147721,5;66,37225
147737,8;66,37225
147754,4;66,37225
147771;66,25197
147787,5;66,18991
147804,1;65,72372
147820,6;65,66477
147837,2;65,71947
147853,8;65,62492
147870,3;65,65881
147886,9;65,65881
147903,5;65,65881
147920;65,56079
147936,6;65,51316
147953,2;65,47
147969,7;65,34168
147986,3;64,82991
148002,9;64,79684
148019,4;64,41992
148036;64,39463
148052,6;64,36858
148069,2;64,35779
148085,7;64,32819
148102,3;64,28496
148118,9;64,25417
148135,6;64,23191
148152;64,2021
148168,5;64,17094
148185,1;64,16203
148201,7;64,14986
148218,3;64,11667
148234,8;64,03815
148251,7;63,33291
148268,6;62,93908
148284,6;62,5684
148301,1;62,56311
148318;62,56186
148334,2;62,55789
148350,8;62,55296
148367,3;62,54275
148383,9;62,55069
148400,5;62,53506
148417;62,53278
148433,6;62,52252
148450,2;62,51407
148466,7;62,51407
148483,3;62,51407
148502,8;62,53065
148517,3;62,53065
148533,5;62,53065
148549,6;62,53065
148566,4;62,53065
148583,3;62,53065
148599,3;62,53065
148616,3;62,53065
148632,4;62,53065
148649;62,53065
148665,5;62,53065
148682,1;62,53065
148698,7;62,53065
148715,7;62,53065
148731,8;62,53065
148748,4;62,53065
148765;62,53065
148781,5;62,53065
148798,1;62,53065
148814,7;62,53065
148831,2;62,53065
148847,8;62,53065
148864,5;62,53065
148880,9;62,53065
148897,5;62,53065
148914,1;62,53065
148930,6;62,53065
148947,4;62,53065
148964,2;62,53065
148980,3;62,53065
148996,9;62,53065
149013,4;62,53065
149030;62,53065
149046,6;62,53065
149063,1;62,53065
149079,7;62,53065
149096,6;62,53065
149113,2;62,53065
149129,4;62,53065
149146,1;62,53065
149162,7;62,53065
149179,9;62,53065
149195,7;62,53065
149212,3;62,53065
149228,8;62,53065
149245,4;62,53065
149261,9;62,53065
149278,5;62,53065
149295,8;62,53065
149311,6;62,53065
149328,2;62,53065
149344,8;62,53065
149361,3;62,78663
149377,9;62,97556
149394,5;62,97556
149411,1;62,97556
149427,6;62,97556
149444,2;63,11211
149460,8;63,11211
149477,3;63,11211
149494;63,11211
149510,4;63,11211
149527,7;63,11211
149543,6;63,11211
149560,8;63,11211
149576,9;63,11211
149593,3;63,11211
149610,1;63,11211
149626,4;63,11211
149643,6;63,11211
149659,5;63,11211
149676,2;63,11211
149693;63,11211
149709,3;63,11211
149725,8;63,11211
149742,4;63,11211
149758,9;63,11211
149775,5;63,11211
149792,1;63,11211
149808,8;63,11211
149825,2;63,11211
149842,5;63,11211
149858,3;63,11211
149874,9;63,11211
149891,5;63,11211
149908;63,11211
149925;63,11211
149941,2;63,11211
149957,7;63,11211
149974,6;63,11211
149991,3;63,11211
150007,8;63,11211
150024;63,11211
150040,6;63,11211
150057,2;63,11211
150073,7;63,11211
150090,3;63,11211
150106,8;63,11211
150123,4;63,11211
150140;63,11211
150156,6;63,11211
150173,1;63,11211
150190,1;63,11211
150206,2;63,11211
150222,8;63,14803
150239,4;63,14803
150256,1;63,14803
150272,6;63,14803
150289,1;63,14803
150305,6;63,14803
150322,4;63,14803
150339,1;63,14803
150355,5;63,14803
150371,9;63,14803
150388,7;63,14803
150405;63,14803
150421,6;63,14803
150438,2;63,14803
150455,1;63,14803
150471,3;63,14803
150487,9;63,14803
150504,5;63,14803
150521;63,14803
150537,6;63,14803
150554,2;63,14803
150570,7;63,14803
150588;63,14803
150604,5;63,14803
150620,5;63,14803
150637,1;63,14803
150653,5;63,14803
150670,1;63,14803
150687,3;63,14803
150703,8;63,14803
150719,8;63,14803
150736,4;63,14803
150752,9;63,14803
150769,5;63,14803
150786,5;63,14803
150802,6;63,14803
150819,2;63,14803
150835,8;63,14803
150852,4;63,14803
150868,9;63,14803
150885,5;63,14803
150902,3;63,14803
150918,6;63,14803
150935,2;63,14803
150951,7;63,14803
150968,4;63,14803
150985,1;63,14803
151001,6;63,14803
151018,3;63,14803
151035,1;63,14803
151051,1;63,14803
151067,7;63,36689
151084,3;63,36689
151100,8;63,36689
151117,5;63,36689
151134,2;63,36689
151150,5;63,36689
151167,1;63,36689
151183,7;63,36689
151200,6;63,36689
151217,3;63,36689
151233,5;63,36689
151249,9;63,36689
151266,5;63,36689
151283,4;63,36689
151299,7;63,36689
151316,6;63,36689
151332,8;63,36689
151349,3;63,36689
151365,9;63,36689
151382,5;63,36689
151399,6;63,2859
151416,2;63,26222
151432,2;63,22906
151449,1;63,20898
151465,3;63,1808
151481,9;63,15298
151498,5;63,1263
151515;63,08993
151531,6;62,98911
151548,2;62,98089
151565,8;62,94974
151581,3;62,93233
151597,9;62,8998
151614,4;62,86827
151631;62,84503
151647,5;62,67698
151664,1;62,80527
151680,7;62,79525
151697,2;62,75114
151713,8;62,58777
151730,6;62,58777
151746,9;62,58777
151763,7;62,58777
151780,1;62,58777
151796,6;62,58777
151813,3;62,58777
151830;62,58777
151846,3;62,58777
151862,9;62,58777
151879,5;62,58777
151896,1;62,58777
151912,6;62,58777
151929,2;62,58777
151945,7;62,58777
151962,3;62,58777
151979,2;62,77908
151995,9;62,77908
152012;62,77908
152028,6;62,89424
152045,1;62,89424
152061,9;62,89424
152078,3;62,89424
152094,8;62,89424
152111,4;62,89424
152128;62,89424
152144,5;62,89424
152161,2;62,89424
152177,8;62,89424
152194,3;62,89424
152211,4;62,89424
152227,4;62,89424
152243,9;62,89424
152260,5;62,89424
152282,2;62,89424
152293,8;62,89424
152310,3;62,89424
152326,8;62,89424
152343,6;62,84099
152359,9;62,81007
152376,8;62,80519
152393;62,77338
152409,6;62,7462
152426,2;62,7378
152442,7;62,72498
152459,3;62,70405
152475,9;62,68639
152492,5;62,65861
152509;62,68483
152525,6;62,68483
152542,1;62,68483
152558,7;62,68483
152575,4;62,68483
152591,8;62,68483
152608,7;62,68483
152625;62,68483
152641,5;62,68483
152658,1;62,68483
152674,7;62,68483
152691,4;62,68483
152707,8;62,68483
152724,4;62,68483
152740,9;62,68483
152758,2;62,68483
152774,1;62,68483
152791,3;62,68483
152807,2;62,68483
152823,8;62,68483
152840,9;62,68483
152857,2;62,69461
152873,5;62,69461
152890;62,69461
152906,6;62,69461
152939,5;62,69461
152956,2;62,69461
152972,6;62,69461
152989,2;62,69461
153005,7;62,69461
153022,5;62,69461
153038,9;62,69461
153055,7;62,69461
153072,2;62,69461
153088,6;62,69461
153105,6;62,69461
153121,7;62,69461
153138,4;62,69461
153154,8;62,69461
153171,4;62,69461
153188;62,69461
153204,5;62,69461
153221,1;62,69461
153237,7;62,69461
153254,2;62,69461
153270,8;62,69461
153287,4;62,69461
153304;62,69461
153320,5;62,69461
153337,1;62,69461
153353,6;62,69461
153370,2;62,69461
153386,8;62,69461
153403,8;62,69461
153420,2;62,69461
153436,5;62,69461
153454;62,69461
153469,6;62,69461
153486,4;62,69461
153502,7;62,69461
153519,3;62,69461
153536,4;62,69461
153552,4;62,69461
153569,1;62,69461
153585,6;62,69461
153602,6;62,69461
153618,7;62,69461
153635,6;62,69461
153651,8;62,69461
153668,4;62,69461
153685;62,69461
153701,5;62,69461
153718,1;62,88865
153735,3;62,88865
153751,2;62,88865
153767,8;62,88865
153784,4;62,88865
153800,9;62,88865
153817,5;62,88865
153834,1;62,88865
153850,6;62,88865
153867,3;62,88865
153883,8;62,88865
153900,3;62,88865
153916,9;62,88865
153933,5;62,88865
153950,2;62,88865
153967,1;62,88865
153983,3;62,88865
153999,7;62,88865
154016,3;62,88865
154033,4;62,88865
154050;62,88865
154066;62,88865
154082,6;62,88865
154099,1;62,88865
154116,6;62,88865
154132,3;62,88865
154152,5;62,88865
154165,4;62,88865
154182,2;62,88865
154198,9;62,88865
154215,2;62,88865
154231,9;62,88865
154248,5;62,88865
154265,1;62,88865
154281,4;62,88865
154297,9;62,88865
154314,5;62,88865
154331,5;62,88865
154347,6;62,88865
154364,5;62,88865
154380,8;62,88865
154397,3;62,88865
154413,9;62,88865
154430,5;62,88865
154447,2;62,88865
154463,6;62,88865
154480,3;62,88865
154496,7;62,88865
154513,3;62,88865
154529,9;62,88865
154546,8;62,88865
154563,8;62,88865
154579,6;62,88865
154596,3;62,91214
154612,7;62,91214
154629,3;62,91214
154645,8;62,91214
154662,4;62,91214
154679;62,91214
154696;62,91214
154712,3;62,91214
154728,7;62,91214
154745,2;62,91214
154761,8;62,91214
154779,4;62,91214
154795,1;62,91214
154811,5;62,91214
154828,1;62,91214
154844,9;62,91214
154861,5;62,91214
154877,9;62,91214
154894,3;62,91214
154910,9;62,91214
154927,5;62,91214
154944,1;62,91214
154961,2;62,91214
154977,2;62,91214
154993,7;62,91214
155010,3;62,91214
155026,9;62,91214
155043,4;62,91214
155060,6;62,91214
155076,6;62,91214
155093,1;62,91214
155109,7;62,91214
155126,3;62,91214
155143,6;62,91214
155159,6;62,91214
155176;62,91214
155192,5;62,91214
155209,1;62,91214
155226,2;62,91214
155242,2;62,91214
155258,8;62,91214
155275,4;62,91214
155292,7;62,91214
155308,7;62,91214
155325,1;62,91214
155341,6;62,91214
155358,2;62,91214
155375,2;62,91214
155391,3;62,91214
155407,9;62,91214
155424,5;62,91214
155441;62,91214
155457,6;63,18967
155474,3;63,18967
155491,2;63,18967
155507,3;63,18967
155524;63,37144
155540,6;63,37144
155557;63,37144
155573,6;63,37144
155590,9;63,37144
155606,7;63,37144
155623,3;63,37144
155639,8;63,37144
155656,4;63,37144
155673,1;63,37144
155689,5;63,37144
155706,1;63,37144
155723,1;63,37144
155739,5;63,37144
155756,6;63,37144
155772,4;63,37144
155788,9;63,37144
155805,6;63,37144
155822,1;63,37144
155839,4;63,37144
155855,2;63,37144
155871,8;63,37144
155888,3;63,37144
155904,9;63,37144
155921,5;63,37144
155938,7;63,37144
155954,6;63,37144
155971,6;63,37144
155987,7;63,37144
156004,3;63,37144
156020,9;63,37144
156037,5;63,37144
156054;63,37144
156070,6;63,37144
156087,6;63,37144
156103,7;63,37144
156120,3;63,37144
156136,8;63,37144
156153,4;63,37144
156170,3;63,37144
156186,5;63,37144
156203,1;63,37144
156219,7;63,37144
156236,6;63,37144
156252,9;63,37144
156269,4;63,4511
156285,9;63,4511
156302,5;63,4511
156319,1;63,67425
156336;63,67425
156352,3;63,67425
156368,8;63,67425
156385,3;63,67425
156401,9;63,67425
156418,5;63,67425
156435,3;63,67425
156451,6;63,67425
156468,2;63,67425
156484,7;63,67425
156501,7;63,67425
156517,9;63,67425
156534,7;63,67425
156551,1;63,67425
156567,6;63,67425
156584,1;63,67425
156601,1;63,67425
156617,3;63,67425
156633,8;63,67425
156650,4;63,67425
156667,2;63,67425
156683,5;63,67425
156700,8;63,67425
156716,7;63,67425
156734;63,67425
156750;63,67425
156767;63,67425
156782,9;63,67425
156799,5;63,67425
156816,3;63,67425
156832,6;63,67425
156849,2;63,67425
156865,8;63,67425
156882,3;63,67425
156899,3;63,67425
156915,5;63,67425
156932;63,67425
156948,6;63,67425
156965,2;63,67425
156990,3;63,67425
156998,3;63,67425
157015,2;63,67425
157031,8;63,67425
157048;63,67425
157065,1;63,67425
157081,1;63,67425
157097,8;63,96474
157114,4;63,96474
157130,8;63,96474
157147,4;64,19417
157164;64,19417
157180,7;64,19417
157197,3;64,19417
157213,7;64,19417
157230,2;64,19417
157246,8;64,19417
157263,4;64,19417
157280,3;64,19417
157296,5;64,19417
157313,1;64,19417
157329,6;64,19417
157346,2;64,19417
157362,8;64,19417
157379,4;64,19417
157396;64,19417
157412,5;64,19417
157429,4;64,19417
157445,6;64,19417
157462,2;64,19417
157478,7;64,19417
157495,6;64,19417
157511,9;64,19417
157528,4;64,19417
157545;64,19417
157561,6;64,19417
157578,1;64,19417
157595;64,19417
157611,3;64,19417
157627,8;64,19417
157644,4;64,19417
157661,2;64,19417
157677,9;64,19417
157694,1;64,19417
157710,7;64,19417
157727,2;64,19417
157743,8;64,19417
157760,4;64,19417
157776,9;64,19417
157793,5;64,19417
157810,1;64,19417
157826,8;64,19417
157843,2;64,19417
157859,8;64,254
157876,6;64,254
157892,9;64,254
157909,5;64,43563
157927,8;64,43563
157942,6;64,43563
157959,5;64,43563
157975,7;64,43563
157992,3;64,43563
158008,9;64,43563
158025,9;64,43563
158042;64,43563
158058,6;64,43563
158075,2;64,43563
158091,7;64,43563
158108,3;64,43563
158124,8;64,43563
158141,7;64,43563
158158;64,43563
158175;64,43563
158191,1;64,43563
158207,7;64,43563
158224,8;64,43563
158240,8;64,43563
158257,4;64,43563
158273,9;64,43563
158291;64,43563
158307,2;64,43563
158323,8;64,43563
158340,2;64,43563
158356,9;64,43563
158373,4;64,43563
158389,9;64,43563
158406,5;64,43563
158423;64,43563
158439,7;64,43563
158456,2;64,43563
158472,8;64,43563
158489,5;64,43563
158505,9;64,43563
158522,4;64,43563
158539;64,43563
158555,6;64,43563
158572,1;64,43563
158588,7;64,43563
158605,6;64,43563
158622;64,43563
158638,4;64,43563
158655;64,43563
158671,6;64,43563
158688,1;64,65695
158704,7;64,65695
158721,3;64,65695
158737,8;64,65695
158754,4;64,65695
158770,9;64,65695
158787,5;64,65695
158804,1;64,65695
158820,6;64,65695
158837,4;64,65695
158853,8;64,65695
158874,9;64,65695
158887,6;64,65695
158903,5;64,65695
158920;64,65695
158936,6;64,65695
158953,3;64,65695
158970,2;64,65695
158986,3;64,65695
159002,9;64,65695
159019,4;64,65695
159036;64,65695
159052,6;64,65695
159069,6;64,65695
159085,7;64,65695
159102,3;64,65695
159118,8;64,65695
159135,4;64,65695
159152;64,65695
159168,5;64,65695
159185,1;64,65695
159202,8;64,65695
159218,2;64,65695
159235,2;64,65695
159251,5;64,65695
159268,2;64,65695
159284,7;64,65695
159301,3;64,65695
159317,6;64,65695
159334,2;64,65695
159351,2;64,65695
159367,3;64,65695
159383,9;64,65695
159400,5;64,65695
159417,1;64,65695
159433,7;64,65695
159450,2;64,65695
159466,9;64,65695
159483,3;64,65695
159499,9;64,65695
159516,4;64,65695
159533;64,65695
159549,6;64,66581
159566,2;64,66581
159583,4;64,66581
159599,3;64,66581
159616,1;64,66581
159632,4;64,66581
159649,2;64,66581
159665,6;64,66581
159682,4;64,66581
159698,9;64,66581
159715,4;64,66581
159731,8;64,66581
159748,4;64,66581
159764,9;64,66581
159781,5;64,66581
159798,2;64,66581
159814,9;64,66581
159833,3;64,66581
159847,8;64,66581
159864,3;64,66581
159880,9;64,66581
159897,5;64,66581
159914;64,66581
159930,8;64,66581
159947,2;64,66581
159964,2;64,66581
159980,3;64,66581
159996,9;64,66581
160013,5;64,66581
160030,2;64,66581
160046,5;64,66581
160063,4;64,66581
160079,7;64,66581
160096,3;64,66581
160113,3;64,66581
160129,4;64,66581
160146,4;64,66581
160162,5;64,66581
160179,1;64,66581
160195,8;64,66581
160212,2;64,66581
160228,8;64,66581
160245,4;64,66581
160262;64,66581
160278,6;64,66581
160295,1;64,66581
160312,1;64,66581
160328,2;64,66581
160345,5;64,66581
160361,3;64,66581
160377,9;64,66581
160395,3;64,66581
160411,1;64,66581
160427,6;64,66581
160444,2;64,9011
160461;64,9011
160477,3;64,9011
160493,9;65,03679
160510,4;65,03679
160527;65,03679
160543,9;65,03679
160560,1;65,03679
160576,7;65,03679
160593,3;65,03679
160609,8;65,03679
160626,4;65,03679
160643,9;65,03679
160659,5;65,03679
160676,4;65,03679
160692,7;65,03679
160709,2;65,03679
160726,2;65,03679
160742,4;65,03679
160758,9;65,03679
160775,5;65,03679
160792,2;65,03679
160808,7;65,03679
160825,2;65,03679
160841,8;65,03679
160858,4;65,03679
160874,9;65,03679
160891,6;65,03679
160908;65,03679
160924,6;65,03679
160941,2;65,03679
160957,7;65,03679
160974,3;65,03679
160991;65,03679
161007,5;65,03679
161024;65,03679
161040,6;65,03679
161057,3;65,03679
161073,7;65,03679
161090,3;65,03679
161106,8;65,03679
161123,4;65,03679
161140;65,03679
161156,5;65,03679
161173,1;65,03679
161189,8;65,03679
161206,2;65,03679
161222,8;65,03679
161239,6;65,03679
161256;65,03679
161272,5;65,03679
161289,1;65,03679
161305,6;65,07357
161322,2;65,07357
161338,8;65,07357
161355,4;65,07357
161371,9;65,07357
161388,5;65,07357
161405,5;65,07357
161421,6;65,07357
161438,4;65,07357
161469,4;65,07357
161486;65,07357
161502,6;65,07357
161519,1;65,07357
161535,6;65,07357
161552,2;65,07357
161568,9;65,07357
161585,3;65,07357
161601,9;65,07357
161618,6;65,07357
161635,6;65,07357
161651,6;65,07357
161668,7;65,07357
161684,7;65,07357
161702;65,07357
161717,9;65,07357
161734,5;65,07357
161751,3;65,07357
161767,9;65,07357
161784,2;65,07357
161801;65,07357
161817,3;65,07357
161833,8;65,07357
161850,5;65,07357
161867,6;65,07357
161883,8;65,07357
161900,1;65,07357
161916,7;65,07357
161933,2;65,07357
161950,2;65,07357
161966,4;65,07357
161982,9;65,07357
161999,6;65,07357
162016,1;65,07357
162032,6;65,07357
162049,2;65,07357
162065,8;65,07357
162082,3;65,07357
162098,9;65,07357
162115,5;65,07357
162132;65,07357
162148,6;65,30723
162165,6;65,30723
162181,9;65,30723
162198,3;65,30723
162214,9;65,30723
162231,4;65,30723
162248;65,30723
162265,3;65,30723
162281,1;65,30723
162297,7;65,30723
162314,3;65,30723
162331,2;65,30723
162347,8;65,30723
162364;65,30723
162380,5;65,30723
162397,7;65,30723
162413,7;65,30723
162430,2;65,30723
162446,8;65,30723
162464;65,30723
162479,9;65,30723
162496,5;65,30723
162513,1;65,30723
162530,3;65,30723
162546,2;65,30723
162562,8;65,30723
162579,8;65,29013
162595,9;65,2858
162612,5;65,2775
162629,7;65,27559
162645,6;65,28509
162662,2;65,26796
162678,7;65,2771
162695,5;65,2771
162711,9;65,2771
162728,6;65,2771
162745;65,2771
162762,2;65,2771
162778,1;65,2771
162794,7;65,2771
162811,3;65,2771
162827,8;65,2771
162844,6;65,2771
162861;65,2771
162877,6;65,2771
162894,1;65,2771
162910,7;65,2771
162927,2;65,2771
162943,8;65,2771
162960,4;65,2771
162976,9;65,2771
162993,5;65,32169
163010,1;65,32169
163026,6;65,32169
163043,2;65,22415
163059,8;65,22415
163076,3;65,22415
163092,9;65,22415
163109,5;65,22415
163126,1;65,22415
163142,6;65,22415
163159,2;65,22415
163175,7;65,22415
163192,4;65,22415
163208,9;65,22415
163225,4;65,22415
163242;65,22415
163258,6;65,22415
163275,1;65,22415
163291,7;65,22415
163308,3;65,22415
163324,8;65,22415
163341,9;65,22415
163358,2;65,22415
163374,9;65,22415
163391,1;65,22415
163407,7;65,22415
163424,3;65,22415
163440,8;65,22415
163457,7;65,22415
163473,9;65,22415
163490,6;65,22415
163507,5;65,22415
163524,1;65,22415
163540,6;65,22415
163556,8;65,22415
163573,3;65,22415
163589,9;65,22415
163607,3;65,22415
163623;65,22415
163639,6;65,22415
163656,2;65,22415
163672,7;65,22415
163689,3;65,22415
163705,9;65,22415
163722,5;65,22415
163739;65,22415
163755,6;65,22415
163772,1;65,22415
163788,7;65,22415
163805,5;65,22415
163821,8;65,22415
163838,4;65,22415
163855,1;65,82732
163871,5;65,82732
163888,5;65,82732
163904,7;65,82732
163921,2;65,82732
163937,8;65,82732
163954,4;65,82732
163971,1;65,82732
163987,5;65,82732
164004,1;65,82732
164020,6;65,82732
164037,2;65,82732
164053,8;65,82732
164070,3;65,82732
164086,9;65,82732
164103,9;65,82732
164120;65,82732
164136,6;65,82732
164153,2;65,82732
164169,7;65,82732
164186,3;65,82732
164203,1;65,82732
164219,4;65,82732
164236;65,82732
164253,1;65,82732
164269,1;65,82732
164286,1;65,82732
164302,4;65,82732
164318,9;65,82732
164335,6;65,82732
164352;65,82732
164368,6;65,82732
164385,3;65,82732
164401,8;65,82732
164418,3;65,82732
164434,8;65,82732
164451,4;65,82732
164467,9;65,82732
164484,5;65,82732
164501,1;65,82732
164517,6;65,82732
164534,2;65,82732
164555,3;65,82732
164567,3;65,82732
164583,9;65,82732
164600,5;65,82732
164617;65,82732
164633,9;65,64058
164650,2;65,64058
164667,3;65,64058
164683,3;65,64058
164699,9;65,64058
164717;65,64058
164733,3;65,64058
164749,6;65,64058
164766,6;65,64058
164782,7;65,64058
164800;65,64058
164815,8;65,64058
164832,7;65,64058
164849;65,64058
164865,6;65,64058
164882,1;65,64058
164898,7;65,64058
164915,2;65,64058
164931,8;65,64058
164948,4;65,64058
164964,9;65,64058
164981,5;65,64058
164998,1;65,64058
165015,3;65,64058
165031,2;65,64058
165047,9;65,64058
165065;65,64058
165080,9;65,64058
165097,5;65,64058
165114,3;65,64058
165130,6;65,64058
165147,5;65,64058
165163,9;65,64058
165180,3;65,64058
165196,9;65,64058
165213,5;65,64058
165230;65,64058
165246,8;65,64058
165263,1;65,64058
165279,7;65,64058
165296,3;65,64058
165312,8;65,64058
165329,8;65,64058
165346;65,64058
165362,5;65,64058
165379,1;65,64058
165395,7;65,64058
165412,6;65,64058
165429,1;65,64058
165445,4;65,64058
165461,9;66,06083
165478,5;66,06083
165495,1;66,06083
165513;66,06083
165528,2;65,83753
165544,8;65,83753
165561,3;65,83753
165577,9;65,83753
165594,5;65,83753
165611,5;65,83753
165628,2;65,83753
165644,2;65,83753
165660,7;65,83753
165677,3;65,83753
165693,9;65,83753
165710,8;65,83753
165727;65,83753
165743,6;65,83753
165760,2;65,83753
165776,7;65,83753
165793,3;65,83753
165809,8;65,83753
165826,4;65,83753
165843,1;65,83753
165859,5;65,83753
165876,1;65,83753
165892,7;65,83753
165909,5;65,83753
165925,8;65,83753
165942,4;65,83753
165958,9;65,83753
165975,5;65,83753
165992,1;65,83753
166009;65,83753
166025,5;65,83753
166041,8;65,83753
166058,7;65,83753
166074,9;65,83753
166091,5;65,83753
166108;65,83753
166125;65,83753
166141,5;65,83753
166157,7;65,83753
166175;65,83753
166191;65,83753
166207,4;65,83753
166224;66,01395
166240,8;66,01395
166257,1;66,01395
166273,7;66,01395
166290,3;66,01395
166307,3;66,01395
166323,4;66,01395
166340;66,01395
166356,7;66,01395
166373,4;66,01395
166389,7;66,01395
166406,2;66,01395
166422,8;66,01395
166439,4;66,01395
166455,9;66,01395
166472,5;66,01395
166805,8;66,01395
166832,9;66,01395
166849,5;66,01395
166866;66,01395
166882,6;66,01395
166899,8;66,01395
166915,7;66,01395
166932,3;66,01395
166948,9;66,01395
166966;66,01395
166982;66,01395
166998,7;66,01395
167015,3;66,01395
167031,8;66,01395
167050,2;66,01395
167069;66,01395
167087,4;66,01395
167107,4;66,01395
167129,5;66,01395
167151,7;66,01395
167173,7;66,01395
167198,1;66,01395
167221;66,01395
167241,3;66,01395
167263,4;66,01395
167286,4;66,01395
167309,5;66,01395
167331,6;66,2446
167353,5;66,2446
167376,4;66,70996
167398,6;66,70996
167423;66,70996
167446,2;66,70996
167469,4;66,70996
167486;66,70996
167506,2;66,70996
167525,5;66,70996
167545,6;66,70996
167564,5;66,70996
167585,5;66,70996
167604,9;66,70996
167624,7;66,70996
167645;66,70996
167666,1;66,70996
167686,1;66,70996
167706,3;66,70996
167726,2;66,70996
167745,9;66,70996
167770,2;66,70996
167788,6;66,70996
167806,3;66,70996
167825,3;66,70996
167844,7;66,70996
167864,8;66,70996
167887,5;66,70996
167905,6;66,70996
167923;66,70996
167942,4;66,70996
167962,8;66,70996
167982;66,70996
168002;66,70996
168020,2;66,70996
168038,5;66,70996
168056,6;66,70996
168074,9;67,01077
168093,4;67,39272
168112,2;67,39272
168130,5;67,39272
168150,1;67,39272
168167,6;67,39272
168186,2;67,39272
168202,8;67,39272
168222,6;67,39272
168240,8;67,39272
168257,5;67,39272
168275,8;67,39272
168294,8;67,39272
168312,3;67,39272
168331,3;67,39272
168348;67,39272
168367,3;67,39272
168387,4;67,39272
168403,9;67,39272
168422,9;67,39272
168439,7;67,39272
168458,5;67,39272
168475,4;67,39272
168493,6;67,39272
168510,8;67,39272
168541,3;67,39272
168557,9;67,39272
168574,6;67,39272
168591;67,39272
168607,8;67,39272
168624,3;67,39272
168640,7;67,39272
168658,7;67,39272
168680,6;67,39272
168703,2;67,39272
168724,3;67,39272
168748,7;67,39272
168771,3;67,39272
168788,6;67,39272
168809,7;67,4886
168829,4;67,4886
168850,9;67,73843
168869,1;67,73843
168887,6;67,73843
168907,5;67,73843
168925,8;67,73843
168948,2;67,73843
168969,2;67,73843
168985,8;67,73843
169005;67,73843
169022,9;67,73843
169041;67,73843
169058,7;67,73843
169077,2;67,73843
169096,3;67,73843
169115,4;67,73843
169135,1;67,73843
169152,9;67,73843
169172,4;67,73843
169191,2;67,73843
169210,7;67,73843
169230,2;67,73843
169251,4;67,73843
169269,8;67,73843
169290,5;67,73843
169308,9;67,73843
169327,5;67,73843
169345,9;67,73843
169366,3;67,73843
169385,3;67,73843
169404,1;67,73843
169421;67,73843
169440,9;67,73843
169457,6;67,73843
169486,3;67,73843
169503;67,73843
169519,5;67,73843
169536,1;67,73843
169552,6;67,73843
169571,3;67,73843
169588,5;67,73843
169604,4;67,73843
169621;67,73843
169637,6;67,73843
169654,4;67,93113
169670,8;67,93113
169687,3;67,93113
169704,3;67,93113
169720,4;67,93113
169737;67,93113
169753,5;67,93113
169770,3;67,93113
169786,7;67,93113
169803,2;67,93113
169819,8;67,93113
169836,4;67,93113
169852,9;67,93113
169869,5;67,93113
169886,1;67,93113
169902,6;67,93113
169919,2;67,93113
169935,8;67,93113
169952,3;67,93113
169968,9;67,93113
169985,9;67,93113
170002;67,93113
170018,6;67,93113
170035,9;67,93113
170051,9;67,93113
170068,3;67,93113
170084,9;67,93113
170101,5;67,93113
170118;67,93113
170134,8;67,93113
170151,1;67,93113
170167,7;67,93113
170184,3;67,93113
170200,8;67,93113
170217,6;67,93113
170234;67,93113
170250,5;67,93113
170267,3;67,93113
170283,7;67,93113
170300,4;67,93113
170316,8;67,93113
170333,6;67,93113
170349,9;67,93113
170366,5;67,93113
170392,8;67,93113
170403,5;67,93113
170420,1;67,93113
170436,6;67,93113
170453,2;67,93113
170469,7;67,93113
170486,5;67,93113
170503,3;67,93113
170519,4;67,93113
170536;68,11449
170552,7;68,11449
170569,2;68,11449
170586;68,11449
170602,3;68,11449
170618,8;68,11449
170636,1;68,11449
170652;68,11449
170668,5;68,11449
170685,3;68,11449
170701,8;68,11449
170718,3;68,11449
170735,4;68,11449
170751,4;68,11449
170767,9;68,11449
170784,5;68,11449
170801,1;68,11449
170817,7;68,11449
170834,2;68,11449
170850,9;68,11449
170867,6;68,11449
170883,9;68,11449
170900,5;68,11449
170917,3;68,32424
170933,6;68,37109
170950,7;68,43051
170966,8;68,47126
170983,3;68,52372
170999,9;68,5715
171016,8;68,6176
171033,2;68,45887
171049,6;68,66748
171066,1;68,50864
171082,7;68,50864
171099,3;68,50864
171115,8;68,50864
171132,4;68,50864
171149;68,50864
171165,6;68,50864
171183;68,50864
171198,7;68,50864
171215,5;68,50864
171231,8;68,50864
171248,4;68,50864
171264,9;68,50864
171281,5;68,50864
171305,6;68,79296
171314,6;68,79296
171331,6;68,79296
171347,9;68,79296
171364,5;69,10102
171381;69,10102
171397,5;69,10102
171414;69,10102
171430,6;69,10102
171447,2;69,10102
171463,8;69,10102
171480,7;69,10102
171497,3;69,10102
171513,4;69,10102
171530;69,10102
171546,6;69,10102
171563,2;69,10102
171579,7;69,10102
171596,3;69,10102
171613,3;69,10102
171629,4;69,10102
171646;69,10102
171662,5;69,10102
171679,1;69,10102
171695,7;69,10102
171712,3;69,10102
171728,8;69,10102
171745,4;69,10102
171762;69,10102
171778,5;69,10102
171795,1;69,10102
171811,6;69,10102
171828,2;69,10102
171845;69,10102
171861,5;69,10102
171877,9;69,10102
171894,8;69,10102
171911;69,10102
171927,6;69,10102
171944,2;69,10102
171960,7;69,10102
171977,3;69,10102
171993,9;69,10102
172010,4;69,10102
172027;69,10102
172043,6;69,10102
172060,2;69,10102
172076,7;69,29684
172093,9;69,29684
172109,9;69,29684
172126,4;69,29684
172143,3;69,29684
172159,5;69,29684
172176,4;69,29684
172192,7;69,29684
172209,3;69,29684
172225,8;69,29684
172242,8;69,29684
172259,4;69,29684
172275,9;69,29684
172292,5;69,29684
172309;69,29684
172326;69,29684
172342,8;69,29684
172358,7;69,29684
172375,6;69,29684
172391,9;69,29684
172408,4;69,29684
172425,6;69,29684
172441,6;69,29684
172458,5;69,29684
172474,7;69,29684
172491,3;69,29684
172508,1;69,29684
172524,5;69,29684
172541;69,29684
172557,5;69,29684
172574,1;69,29684
172590,7;69,29684
172607,2;69,29684
172624,2;69,29684
172640,4;69,29684
172656,9;69,29684
172673,5;69,29684
172690,2;69,29684
172706,6;69,29684
172723,2;69,29684
172739,8;69,29684
172756,5;69,29684
172772,9;69,29684
172789,5;69,29684
172806;69,29684
172823,7;69,29684
172839,9;69,56953
172856;69,56953
172872,5;69,56953
172889;69,56953
172905,6;69,56953
172922;69,56953
172938,6;69,56953
172955,1;69,56953
172971,7;69,56953
172989,2;69,56953
173004,8;69,56953
173021,4;69,56953
173038;69,56953
173054,5;69,56953
173071,3;69,56953
173088,4;69,56953
173104,2;69,56953
173120,8;69,56953
173137,4;69,56953
173154;69,56953
173172;69,56953
173188,6;69,56953
173205,5;69,56953
173222;69,56953
173238,3;69,56953
173254,9;69,56953
173271,4;69,56953
173288;69,56953
173304,9;69,56953
173321,1;69,56953
173338,1;69,56953
173354,3;69,56953
173370,8;69,56953
173387,4;69,56953
173404;69,56953
173420,5;69,56953
173437,1;69,56953
173453,7;69,56953
173470,2;69,56953
173486,8;69,56953
173503,4;69,56953
173520,1;69,56953
173536,5;69,56953
173553,5;69,56953
173569,6;69,56953
173586,2;69,56953
173602,8;69,56953
173619,4;69,56953
173635,9;70,11718
173652,5;70,11718
173669,5;70,11718
173685,6;70,11718
173702,2;70,11718
173718,8;70,11718
173735,3;70,11718
173751,9;70,11718
173768,5;70,11718
173785,2;70,11718
173801,6;70,11718
173818,5;70,11718
173834,7;70,11718
173851,3;70,11718
173867,8;70,11718
173884,4;70,11718
173901;70,11718
173917,5;70,11718
173934,1;70,11718
173950,7;70,11718
173967,3;70,11718
173983,8;70,11718
174000,4;70,11718
174017,5;70,11718
174033,7;70,11718
174050,1;70,11718
174066,6;70,11718
174083,2;70,11718
174099,8;70,11718
174116,3;70,11718
174133,1;70,11718
174149,7;70,11718
174166;70,11718
174182,6;70,11718
174199,2;70,11718
174216,4;70,11718
174232,3;70,11718
174248,9;70,11718
174265,4;70,11718
174282;70,11718
174298,7;70,11718
174315,1;70,11718
174331,7;70,11718
174348,3;70,11718
174364,8;70,49382
174381,4;70,49382
174398;70,49382
174414,6;70,49382
174431,3;70,49382
174447,7;70,49382
174464,3;70,49382
174480,8;70,49382
174497,4;70,49382
174514,3;70,49382
174530,5;70,49382
174547,1;70,49382
174563,6;70,49382
174580,4;70,49382
174596,8;70,49382
174613,3;70,49382
174629,9;70,49382
174646,5;70,49382
174663;70,49382
174680;70,49382
174696,2;70,49382
174712,7;70,49382
174729,3;70,49382
174745,9;70,49382
174762,4;70,49382
174779;70,49382
174796;70,49382
174812,1;70,49382
174828,7;70,49382
174845,5;70,49382
174861,9;70,49382
174878,4;70,49382
174895,2;70,49382
174911,6;70,49382
174928,3;70,49382
174944,7;70,49382
174961,2;70,49382
174977,8;70,49382
174994,4;70,49382
175010,9;70,49382
175027,5;70,49382
175044,1;70,49382
175060,6;70,49382
175077,2;70,77486
175093,8;70,77486
175110,3;70,77486
175126,9;70,77486
175143,5;70,77486
175160,3;70,77486
175176,6;70,77486
175193,3;70,77486
175209,8;70,77486
175226,3;70,77486
175243,3;70,77486
175259,4;70,77486
175276,5;70,77486
175292,6;70,77486
175309,1;70,77486
175325,7;70,77486
175342,3;70,77486
175359;70,77486
175375,6;70,77486
175392;70,77486
175408,5;71,07951
175425,1;71,25349
175441,7;71,02552
175458,5;71,14606
175474,8;71,25311
175491,4;71,37017
175508;71,48966
175524,5;71,59798
175541,1;71,50764
175557,6;71,50764
175574,4;71,50764
175590,8;71,50764
175607,3;71,69928
175624;71,81294
175640,5;71,93079
175657,4;72,04977
175673,6;72,09144
175690,2;71,95513
175707;71,95513
175723,3;71,95513
175739,9;71,95513
175756,4;72,13969
175773;72,13969
175789,6;72,13969
175806,6;72,13969
175822,7;72,13969
175839,3;72,13969
175856;72,13969
175872,5;72,13969
175889;72,13969
175905,5;72,13969
175922,1;72,13969
175938,7;72,13969
175955,2;72,13969
175975,8;72,13969
175988,4;72,13969
176005,1;72,13969
176021,5;72,13969
176038,3;72,13969
176054,8;72,13969
176071,2;72,13969
176087,8;72,13969
176104,3;72,13969
176121;72,13969
176137,5;72,13969
176154,6;72,13969
176171;72,13969
176187,2;72,13969
176203,7;72,13969
176220,3;72,13969
176237,1;72,13969
176253,8;72,13969
176270;72,13969
176286,6;72,13969
176303,1;72,13969
176319,7;72,13969
176336,5;72,13969
176352,8;72,13969
176369,4;72,13969
176386;72,13969
176402,5;72,13969
176419,1;72,13969
176435,7;72,65731
176452,3;72,65731
176468,8;72,65731
176485,4;72,65731
176502;72,65731
176518,6;72,65731
176535,1;72,65731
176551,7;72,65731
176568,2;72,65731
176584,9;72,65731
176601,5;72,65731
176617,9;72,65731
176634,5;72,65731
176651;72,65731
176668,6;72,65731
176684,2;72,65731
176701,4;72,65731
176717,3;72,65731
176734;72,65731
176750,9;72,65731
176767,1;72,65731
176783,6;72,65731
176800,1;72,65731
176816,7;72,65731
176833,3;72,65731
176849,8;72,65731
176866,5;72,65731
176883;72,65731
176900,1;72,65731
176916,1;72,65731
176932,7;72,65731
176949,2;72,65731
176966;72,65731
176982,5;72,65731
176998,9;72,65731
177015,5;72,65731
177032,4;72,65731
177049,1;72,65731
177065,2;72,65731
177081,8;72,65731
177098,3;72,65731
177115,4;72,60796
177131,5;72,60796
177148,7;72,60796
177164,6;72,60796
177181,2;72,60796
177198;72,60796
177214,3;72,60796
177231,7;72,60796
177247,5;72,60796
177264;72,60796
177280,6;72,60796
177297,1;72,60796
177313,7;72,60796
177330,3;72,60796
177347,1;72,60796
177363,7;72,60796
177380;72,60796
177396,5;72,60796
177413,1;72,60796
177429,7;72,60796
177446,2;72,60796
177462,8;72,60796
177479,4;72,60796
177496,3;72,60796
177512,7;72,60796
177529,1;72,60796
177546,3;72,60796
177562,2;72,60796
177578,9;72,60796
177595,7;72,60796
177611,9;72,60796
177628,5;72,60796
177645;72,60796
177661,7;72,60796
177678,5;72,60796
177694,7;72,60796
177711,3;72,60796
177728,5;72,60796
177744,5;72,60796
177761;72,60796
177777,6;72,60796
177794,4;72,60796
177811,1;72,71832
177829,9;72,71832
177844,3;72,71832
177860,4;72,71832
177877;72,71832
177893,6;72,71832
177910,1;72,71832
177926,7;72,71832
177943,3;72,71832
177959,8;72,71832
177976,4;72,71832
177993;72,71832
178009,5;72,71832
178026,4;72,71832
178043,1;72,71832
178059,2;72,71832
178076;72,71832
178092,3;72,71832
178109,1;72,71832
178125,6;72,71832
178142;72,71832
178158,6;72,71832
178175,2;72,71832
178191,7;72,71832
178208,3;72,71832
178224,9;72,71832
178242;72,71832
178258;72,71832
178274,6;72,71832
178291,1;72,71832
178307,7;72,71832
178325;72,71832
178340,8;72,71832
178357,4;72,71832
178374;72,71832
178390,6;72,71832
178407,3;72,71832
178424,5;72,71832
178440,4;72,71832
178456,8;72,71832
178473,4;72,71832
178489,9;72,71832
178506,7;72,71832
178523,1;72,71832
178539,8;72,71832
178556,8;73,16463
178572,8;73,16463
178589,8;72,92638
178606,1;72,92638
178622,5;72,92638
178639,4;72,92638
178656,1;72,92638
178672,2;72,92638
178688,7;72,92638
178705,8;72,92638
178721,9;72,92638
178738,6;72,92638
178755;72,92638
178775,9;72,92638
178788,1;72,92638
178805,4;72,92638
178821,8;72,92638
178837,9;72,92638
178854,7;72,92638
178871;73,30746
178887,5;72,79269
178904,1;72,67177
178920,8;72,49309
178937,2;72,57549
178953,8;72,19727
178970,9;72,05046
178987,1;72,10783
179004,1;72,17252
179020,1;72,22885
179036,6;72,183
179053,3;72,183
179069,8;72,183
179086,3;72,183
179102,9;72,183
179119,5;72,183
179136;72,29429
179153,3;72,29462
179170;72,17141
179185,8;71,61805
179202,3;71,23029
179219,1;71,23029
179235,4;71,70534
179252;71,70534
179269;71,70534
179285,1;71,70534
179301,9;71,70534
179318,3;71,70534
179334,8;71,70534
179351,4;71,70534
179368,3;71,70534
179384,5;71,70534
179401,1;71,70534
179417,7;71,70534
179434,6;71,70534
179450,9;71,70534
179468;71,70534
179483,9;71,70534
179500,5;71,70534
179517,1;71,70534
179533,6;71,70534
179550,2;71,70534
179566,8;71,70534
179583,9;71,70534
179600;71,70534
179616,5;71,70534
179633;71,70534
179649,6;71,70534
179666,7;71,70534
179682,7;71,70534
179706,5;71,70534
179715,9;71,70534
179732,4;71,70534
179749,7;71,70534
179765,6;71,70534
179782,3;71,70534
179798,7;71,70534
179815,6;71,70534
179832,1;71,70534
179848,4;71,70534
179865;71,70534
179881,5;71,70534
179898,1;71,70534
179914,7;71,70534
179931,2;71,70534
179947,8;71,52457
179964,4;71,52457
179980,9;71,52457
179997,5;71,52457
180014,1;71,52457
180030,6;71,52457
180047,2;71,52457
180063,8;71,52457
180080,3;71,52457
180096,9;71,52457
180113,5;71,52457
180130,4;71,52457
180146,6;71,52457
180163,3;71,52457
180179,7;71,52457
180196,3;71,52457
180212,9;71,52457
180229,4;71,52457
180246;71,52457
180262,6;71,52457
180279,7;71,52457
180296,1;71,52457
180312,3;71,52457
180328,8;71,52457
180345,4;71,52457
180362,1;71,52457
180378,6;71,52457
180395,1;71,52457
180411,7;71,52457
180428,2;71,52457
180445,1;71,52457
180461,4;71,52457
180477,9;71,52457
180494,5;71,52457
180511,3;71,52457
180527,6;71,52457
180544,5;71,52457
180560,8;71,52457
180577,7;71,52457
180593,9;71,52457
180610,5;71,52457
180627;71,52457
180645,9;71,52457
180660,2;71,52457
180676,9;71,49032
180693,3;71,54181
180709,9;71,54181
180726,4;71,54181
180743;71,54181
180759,6;71,54181
180776,1;71,54181
180792,7;71,54181
180809,3;71,54181
180825,8;71,54181
180842,4;71,54181
180859;71,54181
180875,5;71,54181
180892,5;71,54181
180908,7;71,54181
180925,3;71,54181
180941,8;71,54181
180958,4;71,54181
180975,1;71,54181
180991,5;71,54181
181008,1;71,54181
181025,1;71,54181
181041,2;71,54181
181057,8;71,54181
181074,3;71,54181
181090,9;71,54181
181107,5;71,54181
181124;71,54181
181141,4;71,09903
181157,2;71,13728
181173,7;70,43655
181190,3;70,43655
181207,4;70,43655
181223,4;70,43655
181240;70,43655
181256,6;70,43655
181273,1;70,43655
181289,9;70,43655
181306,4;70,43655
181322,8;70,50584
181339,4;70,52522
181356;70,52522
181373,1;70,52522
181389,1;70,52522
181405,7;70,41599
181422,4;70,41599
181438,8;70,41599
181455,4;70,41599
181471,9;70,41599
181488,5;70,41599
181505,1;70,41599
181521,6;70,41599
181538,2;70,41599
181554,8;70,41599
181578,3;70,41599
181587,9;70,41599
181604,6;70,41599
181621;70,41599
181637,6;70,41599
181654,2;70,41599
181670,7;70,41599
181687,5;70,41599
181704;70,41599
181720,5;70,41599
181737,4;70,41599
181753,8;70,41599
181770,1;70,41599
181786,7;70,41599
181803,3;70,41599
181819,8;70,41599
181836,4;70,41599
181853,3;70,41599
181869,5;70,41599
181886,3;70,41599
181902,7;70,41599
181919,2;70,41599
181935,8;70,41599
181952,4;70,41599
181968,9;70,41599
181986;70,41599
182002,2;70,41599
182018,8;70,41599
182035,3;70,41599
182051,8;70,41599
182068,3;70,41599
182084,9;70,41599
182101,5;70,41599
182118;70,55697
182134,6;70,55697
182151,5;70,55697
182167,7;70,55697
182184,5;70,55697
182200,9;70,55697
182217,4;70,55697
182234;70,55697
182251,2;70,55697
182267,1;70,55697
182283,9;70,55697
182300,5;70,55697
182316,8;70,55697
182333,4;70,55697
182350,1;70,55697
182366,5;70,55697
182383,1;70,55697
182400;70,55697
182416,2;70,55697
182432,8;70,55697
182449,4;70,55697
182465,9;70,55697
182482,5;70,55697
182499,1;70,55697
182515,7;70,55697
182534,9;70,55697
182548,8;70,55697
182565,4;70,55697
182581,9;70,55697
182598,8;70,55697
182615,3;70,55697
182631,6;70,55697
182648,6;70,55697
182664,7;70,55697
182681,3;70,55697
182697,9;70,55697
182715,3;70,55697
182731,4;70,55697
182747,6;70,55697
182764,3;70,55697
182780,7;70,55697
182797,7;70,55697
182813,8;70,55697
182830,4;70,55697
182847;70,6317
182863,5;70,6317
182880,1;70,6317
182896,8;70,6317
182913,2;70,6317
182930,5;70,6317
182946,5;70,6317
182963,1;70,6317
182979,5;70,6317
182996,1;70,6317
183012,7;70,6317
183029,2;70,6317
183045,8;70,6317
183062,3;70,6317
183079,6;70,6317
183096;70,6317
183112,1;70,6317
183128,6;70,6317
183145,2;70,6317
183162;70,6317
183178,3;70,6317
183195,4;70,6317
183211,4;70,6317
183228;70,6317
183244,8;70,6317
183261,1;70,6317
183278;70,6317
183294,3;70,6317
183310,8;70,6317
183327,4;70,6317
183344;70,6317
183360,5;70,6317
183377,1;70,6317
183393,7;70,6317
183410,2;70,6317
183427,3;70,6317
183443,4;70,6317
183461,3;70,6317
183477,9;70,6317
183494,8;70,6317
183511;70,6317
183527,6;70,6317
183544,5;70,6317
183560,7;70,75661
183577,3;70,75661
183593,9;70,75661
183610,4;70,75661
183627;70,75661
183643,6;70,75661
183660,1;70,75661
183676,7;70,75661
183693,4;70,75661
183709,8;70,75661
183726,4;70,75661
183743;70,75661
183759,9;70,75661
183776,1;70,75661
183792,6;70,75661
183809,2;70,75661
183825,8;70,75661
183842,3;70,75661
183858,9;70,75661
183875,5;70,75661
183892,5;70,75661
183908,6;70,75661
183925,3;70,75661
183942;70,75661
183958,3;70,75661
183974,9;70,75661
183991,6;70,75661
184008;70,75661
184024,8;70,75661
184041,2;70,75661
184058,6;70,75661
184074,3;70,75661
184090,8;70,75661
184107,4;70,75661
184124;70,75661
184140,8;70,75661
184157,1;70,75661
184173,7;70,75661
184190,3;70,75661
184206,9;70,75661
184223,4;70,75661
184240;70,75661
184256,5;70,75661
184273,2;70,75661
184289,7;70,75661
184306,2;71,15876
184322,8;71,15876
184339,4;70,80851
184355,9;70,80851
184372,5;70,80851
184389;70,80851
184407,5;70,80851
184424,1;70,80851
184440,6;70,80851
184457,2;70,80851
184474;70,80851
184490,4;70,80851
184506,9;70,80851
184523,5;70,80851
184540;70,80851
184556,6;70,80851
184573,2;70,80851
184589,7;70,80851
184606,3;70,80851
184622,9;70,80851
184639,4;71,14651
184656;71,18623
184672,6;71,24454
184689,5;71,29181
184705,9;71,33931
184722,4;71,38928
184739,3;71,44007
184755,9;71,48353
184772;70,84617
184788,5;70,10944
184805,1;69,65662
184821,7;69,65662
184838,2;69,65662
184854,8;69,65662
184871,4;69,65662
184888,3;69,5571
184904,7;69,52847
184921,1;69,50417
184938,2;69,47966
184954,9;69,45808
184971;69,05072
184987,4;69,05072
185004,9;69,53081
185020,5;69,53081
185037,2;69,53081
185053,6;69,53081
185070,4;69,53081
185086,9;69,53081
185103,3;69,53081
185120,3;69,53081
185136,4;69,53081
185153;69,53081
185169,6;69,53081
185186,2;69,53081
185202,7;69,53081
185219,7;69,53081
185236;69,53081
185252,4;69,53081
185269;69,53081
185286,1;69,53081
185302,1;69,53081
185318,7;69,53081
185338,4;69,53081
185355,7;69,53081
185371,5;69,53081
185388,1;69,53081
185405,2;69,53081
185421,3;69,53081
185438,2;69,53081
185454,4;69,53081
185471;69,53081
185488;69,53081
185504,2;69,53081
185520,7;69,53081
185537,2;69,53081
185553,8;69,53081
185570,3;69,53081
185586,9;69,53081
185603,5;69,53081
185620,3;69,53081
185636,6;69,53081
185653,5;69,53081
185669,7;69,53081
185686,8;69,57487
185702,9;69,57487
185719,5;69,57487
185736;69,57487
185752,6;69,57487
185769,1;69,57487
185786;69,57487
185802,3;69,57487
185818,9;69,57487
185835,4;69,57487
185852,8;69,57487
185868,6;69,57487
185885,1;69,57487
185901,7;69,57487
185918,3;69,57487
185934,8;69,57487
185951,4;69,57487
185968;69,57487
185984,5;69,57487
186001,1;69,57487
186017,7;69,57487
186034,2;69,57487
186050,8;69,57487
186067,3;69,57487
186084,1;69,57487
186100,6;69,57487
186117;69,57487
186133,6;69,57487
186150,2;69,57487
186167;69,57487
186183,3;69,57487
186199,9;69,57487
186217;69,57487
186233;69,57487
186249,6;69,57487
186266,7;69,57487
186289,8;69,57487
186306,4;69,57487
186323,5;69,57487
186339,5;69,57487
186356,1;69,57487
186372,7;69,57487
186389,2;69,57487
186405,9;70,09126
186422,3;70,09126
186438,9;70,09126
186455,5;70,09126
186472,2;70,09126
186488,7;70,09126
186505,3;70,09126
186521,8;70,09126
186538,8;70,09126
186554,9;70,09126
186571,5;70,09126
186588,5;70,09126
186605,3;70,09126
186621,2;70,09126
186637,7;70,09126
186654,3;70,09126
186670,9;70,09126
186687,4;70,09126
186704;70,09126
186720,5;70,09126
186737,1;70,09126
186753,9;70,09126
186770,3;70,09126
186787,4;70,09126
186803,6;70,09126
186820;70,09126
186836,5;70,09126
186853,2;70,09126
186869,9;70,09126
186886,7;70,09126
186902,8;70,09126
186919,3;70,09126
186935,9;70,09126
186952,5;70,09126
186969;70,09126
186985,6;70,09126
187002,2;70,09126
187019;70,09126
187035,7;70,09126
187052,1;70,09126
187068,8;70,09126
187085;70,18253
187101,6;70,18253
187118,2;70,18253
187135,1;70,18253
187151,3;70,18253
187167,8;70,18253
187184,5;70,18253
187203,8;70,18253
187217,5;70,18253
187234,1;70,18253
187251,2;70,18253
187267,3;70,18253
187284,7;70,18253
187300,4;70,18253
187316,9;70,18253
187333,5;70,18253
187350,7;70,18253
187366,6;70,18253
187383,2;70,18253
187400,1;70,18253
187416,4;70,18253
187432,9;70,18253
187449,6;70,18253
187466,4;70,18253
187482,6;70,18253
187499,2;70,18253
187515,8;70,18253
187532,7;70,18253
187548,9;70,18253
187565,4;70,18253
187582,3;70,18253
187599;70,18253
187615,8;70,18253
187631,8;70,18253
187648,3;70,18253
187664,8;70,18253
187681,4;70,18253
187698,5;70,18253
187714,9;70,18253
187731,1;70,18253
187748,6;70,18253
187764,3;70,64549
187780,8;70,64549
187797,4;70,64549
187814;70,64549
187831,1;70,64549
187847,1;70,64549
187863,6;70,64549
187880,2;70,64549
187896,8;70,64549
187913,3;70,64549
187929,9;70,64549
187946,5;70,64549
187963;70,64549
187979,6;70,64549
187996,9;70,64549
188012,7;70,64549
188029,3;70,64549
188045,9;70,64549
188062,6;70,64549
188079;70,64549
188095,6;70,64549
188112,1;70,64549
188129,6;70,64549
188145,3;70,64549
188162,2;70,64549
188178,8;70,64549
188195,7;70,64549
188211,9;70,64549
188228,5;70,64549
188245;70,64549
188261,6;70,64549
188278,2;70,64549
188295,2;70,64549
188311,3;70,64549
188327,9;70,64549
188344,4;70,64549
188361;70,64549
188377,9;70,64549
188394,2;70,64549
188410,7;70,64549
188428;70,64549
188443,8;70,64549
188460,4;70,64549
188477,5;70,69647
188493,5;70,69647
188510,5;70,69647
188527;70,69647
188543,2;70,69647
188560,3;70,69647
188576,4;70,69647
188592,9;70,69647
188609,5;70,69647
188626;70,69647
188642,6;70,69647
188659,2;70,69647
188675,8;70,69647
188692,8;70,69647
188708,9;70,69647
188725,5;70,69647
188742,1;70,69647
188758,6;70,69647
188775,2;70,69647
188791,7;70,69647
188808,5;70,69647
188824,9;70,69647
188841,9;70,69647
188858,1;70,69647
188874,6;70,69647
188891,2;70,69647
188907,7;70,69647
188924,3;70,69647
188940,9;70,69647
188957,4;70,69647
188974;70,69647
188991;70,69647
189007,2;70,69647
189023,7;70,69647
189040,8;70,69647
189056,9;70,69647
189075,6;70,69647
189089,9;70,69647
189106,5;70,69647
189123,1;70,69647
189139,8;70,69647
189156,2;70,69647
189172,8;70,69647
189189,3;70,69647
189205,9;71,14466
189222,6;71,14466
189239;71,14466
189255,6;71,14466
189272,3;71,14466
189289,2;71,14466
189305,3;71,14466
189322,1;71,14466
189338,7;71,14466
189355;71,14466
189371,6;71,14466
189388,4;71,14466
189404,7;71,14466
189421,3;71,14466
189437,9;71,14466
189454,4;71,14466
189471;71,14466
189487,5;71,14466
189504,1;71,14466
189520,7;71,14466
189537,3;71,14466
189553,9;71,14466
189570,4;71,14466
189586,9;71,14466
189603,5;71,14466
189620,1;71,07886
189636,6;71,03927
189653,5;71,06116
189669,8;71,06116
189686,5;71,06116
189702,9;71,06116
189719,5;71,06116
189736;71,06116
189752,6;71,06116
189769,2;71,06116
189785,7;71,06116
189802,3;70,98801
189819,4;71,00523
189835,4;71,00523
189852,2;71,00523
189868,7;71,00523
189885,1;71,00777
189901,7;71,00777
189918,3;71,00777
189934,8;71,00777
189951,4;71,00777
189968;71,00777
189984,5;71,00777
190001,7;71,00777
190019,5;71,00777
190039,4;71,00777
190058,7;71,00777
190077,8;71,00777
190098,2;71,00777
190118,5;71,00777
190138,1;71,00777
190158,4;71,00777
190178,8;71,00777
190195,5;71,00777
190211,9;71,00777
190228,5;71,00777
190245,6;71,00777
190261,6;71,00777
190278,2;71,00777
190294,8;71,00777
190311,3;71,00777
190327,9;71,00777
190344,6;71,00777
190361;71,00777
190377,6;71,00777
190394,2;71,00777
190410,7;71,00777
190427,3;71,00777
190443,8;71,00777
190460,4;71,00777
190477,1;71,00777
190493,5;71,00777
190510,1;71,00777
190527,1;71,00777
190543,3;71,00777
190560,3;71,00777
190576,4;71,00777
190593;71,00777
190609,5;71,00777
190626,1;71,00777
190643,1;71,47181
190659,5;71,47181
190675,8;71,47181
190692,4;71,47181
190709;71,47181
190725,5;71,47181
190742,3;71,47181
190758,6;71,47181
190775,5;71,47181
190791,8;71,47181
190808,5;71,47181
190825,4;71,47181
190841,5;71,47181
190858;71,47181
190875,1;71,47181
190891,3;71,47181
190907,7;71,47181
190924,3;71,47181
190940,8;71,47181
190960,3;71,47181
190976,9;71,47181
190993,5;71,47181
191010;71,47181
191026,6;71,47181
191043,1;71,47181
191059,9;71,47181
191076,5;71,47181
191092,8;71,47181
191109,8;71,47181
191126;71,47181
191142,5;71,47181
191159,1;71,47181
191176;71,47181
191192,3;71,47181
191208,8;71,47181
191225,6;71,47181
191241,9;71,47181
191258,5;71,47181
191275,3;71,47181
191292,5;71,47181
191308,2;71,47181
191324,8;71,47181
191342,2;71,47181
191357,9;71,47181
191374,5;71,47181
191391;71,53468
191407,6;71,53468
191424,2;71,53468
191441;71,53468
191457,5;71,53468
191473,9;71,53468
191490,4;71,53468
191507;71,53468
191523,6;71,53468
191540,1;71,53468
191556,7;71,53468
191573,5;71,53468
191589,8;71,53468
191606,4;71,53468
191623,4;71,53468
191639,5;71,53468
191656,1;71,53468
191672,7;71,90909
191689,3;71,37415
191705,8;70,78184
191722,8;70,29591
191739;70,0035
191755,5;70,01647
191772,1;70,02151
191788,7;70,03374
191805,2;70,03893
191821,8;70,05501
191838,3;70,05383
191855,4;70,05254
191878,8;69,70568
191888;69,70568
191904,6;69,70568
191921,4;69,70568
191937,8;70,06128
191954,3;70,07346
191970,9;70,07216
191987,4;70,08702
192004;70,0937
192020,6;70,0937
192037,7;70,0937
192053,7;70,17042
192070,3;70,17042
192086,8;70,17042
192103,4;70,17042
192120;70,17042
192136,5;70,17042
192153,1;70,17042
192169,7;70,17042
192186,2;70,17042
192202,8;70,17042
192220,1;70,17042
192235,9;70,17042
192252,5;70,17042
192269,6;70,17042
192286;70,17042
192302,2;70,17042
192318,8;70,17042
192335,3;70,17042
192351,9;70,17042
192368,6;70,17042
192385;70,17042
192401,6;70,17042
192418,5;70,17042
192434,8;70,17042
192451,3;70,17042
192467,9;70,17042
192484,4;70,17042
192501;70,17042
192517,6;70,17042
192534,9;70,17042
192550,7;70,17042
192567,4;70,17042
192584;70,17042
192600,4;70,17042
192617,2;70,17042
192633,5;70,17042
192650,1;70,17042
192666,7;70,17042
192683,4;70,51543
192700,2;70,16555
192716,4;70,16555
192732,9;70,16555
192749,9;70,16555
192766,1;70,16555
192782,6;70,59486
192799,5;70,59486
192816,4;70,59486
192833;70,59486
192849,7;70,59486
192866,2;70,59486
192882,6;70,59486
192899,4;70,59486
192915,9;70,59486
192932,3;70,59486
192949,6;70,59486
192965,6;70,59486
192982,1;70,59486
192998,6;70,59486
193015,3;70,59486
193032;70,59486
193048,3;70,59486
193064,9;70,59486
193081,4;70,59486
193098;70,59486
193114,9;70,59486
193131,1;70,59486
193148,2;70,59486
193164,3;70,59486
193180,8;70,59486
193197,5;70,59486
193214;70,59486
193230,9;70,59486
193247,1;70,59486
193263,7;70,59486
193280,8;70,59486
193296,8;70,59486
193313,4;70,59486
193329,9;70,59486
193346,5;70,59486
193363,1;70,59486
193379,8;70,59486
193396,3;70,59486
193413,5;70,59486
193429,3;70,59486
193446;70,59486
193462,8;70,59486
193479;70,59486
193495,7;70,61717
193512,2;70,61717
193528,7;70,61717
193545,3;70,61717
193561,9;70,61717
193578,5;70,61717
193595;70,61717
193611,6;70,61717
193628,1;70,61717
193644,7;70,61717
193661,3;70,61717
193677,8;70,61717
193694,4;70,61717
193715,3;70,61717
193727,5;70,61717
193744,1;70,61717
193760,7;70,61717
193777,8;70,61717
193794,6;70,61717
193811;70,61717
193826,9;70,61717
193843,5;70,61717
193860,1;70,61717
193876,6;70,61717
193893,2;70,61717
193909,8;70,61717
193926,3;70,61717
193943,4;70,61717
193959,5;70,61717
193976;70,61717
193993,2;70,61717
194009,2;70,61717
194025,8;70,61717
194042,3;70,61717
194059;70,61717
194075,4;70,61717
194092;70,61717
194108,6;70,61717
194125,1;70,61717
194141,7;70,61717
194158,3;70,61717
194174,8;70,61717
194191,4;70,61717
194208;70,70941
194224,5;70,70941
194241,3;70,70941
194257,7;70,70941
194274,9;70,70941
194290,8;70,70941
194307,5;70,70941
194324,1;70,70941
194340,5;70,70941
194357,1;70,70941
194373,7;70,70941
194390,2;70,70941
194406,8;70,70941
194423,3;70,70941
194439,9;70,70941
194456,5;70,70941
194473,1;70,68718
194489,6;70,65155
194506,2;70,65851
194522,8;70,67307
194539,3;70,69391
194555,9;70,21509
194572,4;69,73273
194589;69,74883
194611,5;69,7731
194622,1;69,77298
194638,7;69,77719
194655,3;69,79217
194671,8;69,41376
194688,7;69,79471
194705,1;69,41331
194721,6;69,41331
194738,1;69,41331
194754,7;69,79305
194771,6;69,80674
194787,9;69,81036
194804,4;69,82976
194821,2;69,45263
194837,5;69,45263
194854,1;69,45263
194870,6;69,45263
194887,2;69,91718
194903,8;69,91718
194920,3;69,91718
194936,9;69,91718
194953,5;69,91718
194970;69,91718
194986,6;69,91718
195003,2;69,91718
195019,7;69,91718
195036,3;69,91718
195052,9;69,91718
195069,4;69,91718
195086;69,91718
195102,6;69,91718
195119,1;69,91718
195135,7;69,91718
195152,3;69,91718
195168,8;69,91718
195185,6;69,91718
195202;69,91718
195218,5;69,91718
195235,1;69,91718
195251,7;69,91718
195268,2;69,91718
195284,8;69,91718
195301,4;69,91718
195317,9;69,91718
195334,5;69,91718
195351,3;69,91718
195367,6;69,91718
195384,2;69,91718
195400,8;69,91718
195417,3;69,91718
195434,2;69,91718
195450,9;69,91718
195467;69,91718
195483,6;69,91718
195500,9;69,91718
195516,8;69,91718
195533,5;69,91718
195550,1;69,91718
195566,8;69,91718
195583,4;70,06929
195600,3;70,06929
195616,4;70,06929
195633,3;70,06929
195649,5;70,06929
195666,6;70,06929
195682,8;70,06929
195699,2;70,06929
195715,8;70,06929
195732,3;70,06929
195748,9;70,06929
195765,5;70,06929
195782;70,06929
195798,6;70,06929
195815,2;70,06929
195832;70,06929
195848,3;70,06929
195864,9;70,06929
195881,5;70,06929
195898;70,06929
195914,7;70,06929
195931,3;70,06929
195947,8;70,06929
195964,3;70,06929
195980,8;70,06929
195997,4;70,06929
196014;70,06929
196030,6;70,06929
196047,1;70,06929
196063,7;70,06929
196080,3;70,06929
196096,8;70,06929
196113,4;70,06929
196129,9;70,06929
196146,5;70,06929
196163,4;70,48878
196180;70,09943
196196,2;70,09943
196212,8;70,09943
196229,4;70,09943
196246,1;70,6226
196262,6;70,6226
196279;70,6226
196295,6;70,6226
196312,2;70,6226
196328,8;70,6226
196345,6;70,6226
196361,9;70,6226
196378,7;70,6226
196395;70,6226
196411,6;70,6226
196428,1;70,6226
196444,7;70,6226
196461,3;70,6226
196478,4;70,6226
196494,4;70,6226
196511;70,6226
196527,8;70,6226
196544,1;70,6226
196560,9;70,6226
196577,3;70,6226
196593,8;70,6226
196610,5;70,6226
196627;70,6226
196644;70,6226
196660,1;70,6226
196676,7;70,6226
196693,2;70,6226
196709,8;70,6226
196726,3;70,6226
196742,9;70,6226
196759,5;70,6226
196776,3;70,6226
196792,9;70,6226
196809,8;70,6226
196825,8;70,6226
196842,4;70,6226
196858,9;70,6226
196875,4;70,6226
196892;70,6226
196908,6;70,75393
196925,7;70,75393
196941,7;70,75393
196958,3;70,75393
196975;70,75393
196991,4;70,75393
197008;70,75393
197025,3;70,75393
197041,3;70,75393
197057,7;70,75393
197075;70,75393
197091,1;70,75393
197107,4;70,75393
197124,1;70,75393
197140,5;70,75393
197157,1;70,75393
197173,8;70,75393
197190,2;70,75393
197206,8;70,75393
197223,7;70,75393
197239,9;70,75393
197256,9;70,75393
197273,1;70,75393
197289,6;70,75393
197306,2;70,75393
197322,8;70,75393
197340,2;70,75393
197355,9;70,75393
197372,5;70,75393
197394,9;70,75393
197411,5;70,75393
197428;70,75393
197444,6;70,75393
197461,2;70,75393
197477,9;71,15337
197494,3;71,17262
197510,8;70,78802
197527,7;70,78802
197544;70,78802
197560,5;70,78802
197577,1;71,28227
197593,7;71,28227
197610,3;71,28227
197626,8;71,28227
197643,4;71,28227
197660,8;71,28227
197676,5;71,28227
197693,6;71,28227
197709,6;71,28227
197726,3;71,28227
197742,8;71,28227
197759,7;71,28227
197775,9;71,28227
197792,6;71,28227
197809;71,28227
197825,6;71,28227
197842,2;71,28227
197858,8;71,28227
197875,8;71,28227
197891,9;71,28227
197908,9;71,28227
197925;71,28227
197942;71,28227
197958,2;71,28227
197974,7;71,28227
197991,3;71,28227
198007,9;71,28227
198024,4;71,28227
198041,1;71,28227
198057,6;71,28227
198074,1;71,28227
198090,7;71,28227
198107,3;71,28227
198123,9;71,28227
198140,4;71,28227
198157;71,28227
198173,5;71,28227
198190,1;71,28227
198206,7;71,28227
198223,2;71,28227
198239,8;71,25912
198256,3;71,25912
198272,9;71,25912
198289,5;71,25912
198314,2;71,25912
198330,8;71,25912
198347,3;71,25912
198363,9;71,25912
198380,5;71,25912
198397;71,25912
198413,6;71,25912
198430,2;71,25912
198446,8;71,25912
198463,4;71,25912
198479,9;71,25912
198496,5;71,25912
198513,1;71,25912
198529,6;71,25912
198546,1;71,25912
198562,8;71,25912
198579,3;71,25912
198595,9;71,25912
198612,4;71,25912
198629;71,25912
198645,7;71,25912
198662,1;71,25912
198679,5;71,25912
198695,3;71,25912
198711,8;71,25912
198728,4;71,25912
198745,2;71,25912
198761,5;71,25912
198778,1;71,25912
198795;71,25912
198811,2;71,25912
198827,9;71,25912
198844,3;71,25912
198860,9;71,25912
198877,5;71,25912
198894,1;71,25912
198910,6;71,25912
198927,4;71,25912
198943,7;71,25912
198960,3;71,25912
198976,9;71,25912
198993,8;71,25912
199010,3;71,25912
199026,6;71,25912
199043,2;71,25912
199060;71,25912
199076,3;71,25912
199093,3;71,25912
199109,5;71,25912
199126,2;71,25912
199142,5;71,25912
199159,1;71,25912
199176,1;71,25912
199192,3;71,25912
199208,9;71,25912
199231,9;71,25912
199242,3;71,25912
199258,5;71,25912
199275,3;71,25912
199292;71,25912
199308,2;71,25912
199324,8;71,25912
199341,4;71,25912
199357,9;71,25912
199374,5;71,25912
199391,1;71,25912
199407,6;71,25912
199424,2;71,25912
199441,1;71,25912
199457,5;71,25912
199473,9;71,25912
199490,5;71,25912
199507,7;71,25912
199523,6;71,25912
199540,1;71,25912
199556,7;71,25912
199573,3;71,25912
199590,1;71,25912
199606,4;71,25912
199623,4;71,25912
199639,6;71,25912
199656,4;71,25912
199673,1;71,25912
199689,2;71,19378
199705,9;70,93665
199723,5;70,93665
199739,3;70,93665
199755,5;70,93665
199772,4;70,93665
199788,7;70,93665
199805,4;70,93665
199821,8;70,93665
199838,3;70,93665
199855,5;70,93665
199871,5;70,93665
199888;70,93665
199904,8;70,93665
199921,2;70,93665
199937,9;70,82879
199954,3;70,41053
199970,9;70,4169
199987,4;70,43519
200004;70,37221
200020,6;69,81059
200037,1;69,80774
200053,7;69,8083
200070,3;69,79419
200087;69,782
200103,4;69,77052
200120;69,76322
200136,7;69,75024
200153,1;69,74093
200169,7;69,38953
200186,3;69,38953
200202,8;69,38953
200219,5;69,72742
200236,1;69,71745
200252,5;69,71307
200269,1;69,6956
200285,8;69,68838
200302,2;69,67986
200318,8;69,67217
200335,3;69,31384
200351,9;69,31384
200368,5;69,75549
200385,2;69,75549
200401,8;69,75549
200418,4;69,75549
200434,8;69,75549
200452;69,75549
200467,9;69,75549
200485,1;69,75549
200501,8;69,75549
200517,6;69,75549
200534,7;69,75549
200550,7;69,75549
200567,3;69,75549
200584;69,75549
200600,5;69,75549
200617;69,75549
200633,5;69,75549
200650,1;69,75549
200666,7;69,75549
200683,5;69,75549
200699,8;69,75549
200716,5;69,75549
200732,9;69,75549
200749,5;69,70503
200766,1;69,26651
200782,7;69,16145
200799,2;68,55113
200816;68,51012
200832,4;68,47624
200848,9;68,10812
200865,5;68,10812
200882,3;68,10812
200898,6;68,10812
200915,2;68,10812
200931,8;68,10812
200948,3;68,10812
200965,4;68,10812
200981,4;68,10812
200998,5;68,43005
201015,6;68,05956
201031,1;68,05956
201047,7;68,05956
201064,3;68,05956
201081;68,46725
201097,4;68,46725
201119,5;68,46725
201131,1;68,46725
201147,8;68,46725
201163,7;68,46725
201180,3;68,46725
201196,8;68,46725
201213,4;68,46725
201230,3;68,46725
201246,5;68,46725
201263,7;68,46725
201280;68,46725
201296,7;68,46725
201313,2;68,46725
201329,3;68,46725
201345,9;68,46725
201362,6;68,46725
201379;68,46725
201395,6;68,46725
201412,2;68,46725
201428,9;68,46725
201445,3;68,46725
201461,9;68,46725
201478,8;68,46725
201495;68,46725
201511,6;68,46725
201528,2;68,46725
201544,7;68,46725
201561,3;68,46725
201577,8;68,46725
201594,4;68,46725
201611;68,46725
201627,7;68,46725
201644,1;68,46725
201661,1;68,46725
201677,5;68,46725
201693,9;68,46725
201710,4;68,46725
201726,9;68,46725
201743,5;68,46725
201760,1;68,46725
201776,6;68,46725
201793,2;68,46725
201809,8;68,46725
201826,4;68,49368
201842,9;68,49368
201859,5;68,49368
201876,1;68,49368
201892,6;68,49368
201909,2;68,49368
201926,2;68,49368
201942,7;68,49368
201959,1;68,49368
201975,5;68,49368
201992;68,49368
202009,1;68,49368
202025,2;68,49368
202044,1;68,49368
202060,7;68,49368
202077,2;68,49368
202093,8;68,49368
202110,4;68,49368
202126,9;68,49368
202143,5;68,49368
202160,1;68,49368
202176,6;68,49368
202193,2;68,49368
202209,9;68,49368
202226,3;68,49368
202242,9;68,49368
202259,8;68,49368
202276;68,49368
202292,6;68,49368
202311,5;68,49368
202331,9;68,49368
202351,4;68,49368
202371,7;68,49368
202388,3;68,49368
202405,7;68,49368
202421,9;68,49368
202438;68,49368
202454,9;68,49368
202471,2;68,49368
202487,7;68,49368
202504,2;68,49368
202520,9;68,49368
202537,4;68,49368
202554,1;68,49368
202570,5;68,49368
202587,1;68,94527
202603,7;68,94527
202620,4;68,94527
202637,5;68,94527
202653,3;68,94527
202669,9;68,94527
202686,5;68,94527
202703;68,94527
202719,6;68,94527
202736,2;68,94527
202752,8;68,94527
202769,4;68,94527
202785,9;68,94527
202802,4;68,94527
202819;68,94527
202835,6;68,94527
202852,2;68,94527
202869,1;68,94527
202885,5;68,94527
202901,9;68,94527
202918,4;68,94527
202935;68,94527
202952;68,94527
202968,6;68,94527
202985,2;68,94527
203001,7;68,94527
203018,3;68,94527
203035,4;68,94527
203051,5;68,94527
203068;68,94527
203085,1;68,94527
203101,1;68,94527
203117,7;68,94527
203134,2;68,94527
203151;68,94527
203167,4;68,94527
203183,9;68,94527
203200,5;68,94527
203217,2;68,94527
203233,8;68,94527
203250,2;68,94527
203266,8;68,94527
203283,3;68,94527
203299,9;68,94527
203316,5;69,03275
203333;69,03275
203349,6;69,03275
203366,2;69,03275
203382,7;69,03275
203399,8;69,03275
203415,9;69,03275
203432,4;69,03275
203449;69,03275
203465,7;69,03275
203482,2;69,03275
203498,7;69,03275
203515,5;69,03275
203531,8;69,03275
203548,6;69,03275
203565;69,03275
203582,1;69,40016
203598,1;69,38174
203614,7;69,36886
203631,2;69,35991
203647,8;69,35059
203664,4;69,33884
203680,9;69,33303
203697,8;69,33154
203714,5;69,32511
203730,6;69,32225
203747,4;69,30538
203763,8;69,29782
203780,3;68,68629
203796,9;68,2734
203813,5;68,65919
203830;68,00032
203846,6;67,98631
203863,2;67,97809
203880,8;67,40929
203897,4;66,89255
203914,7;66,57142
203930,9;66,23125
203947,1;66,23125
203963,6;66,23125
203980,2;66,23125
203997,2;66,67587
204013,3;66,67587
204030,3;66,67587
204046,5;66,67587
204063;66,67587
204080;66,67587
204096,5;66,67587
204112,8;66,67587
204129,7;66,67587
204146,1;66,67587
204162,4;66,67587
204179,6;66,67587
204196;66,67587
204212,1;66,67587
204228,8;66,67587
204245,3;66,67587
204261,8;66,67587
204278,4;66,67587
204295;66,67587
204311,5;66,67587
204328,1;66,67587
204345,3;66,67587
204361,5;66,67587
204378,1;66,67587
204394,7;66,67587
204411;66,67587
204427,7;66,67587
204444,1;66,67587
204460,7;66,67587
204477,2;66,67587
204494,3;66,67587
204510,3;66,67587
204527,3;66,67587
204543,5;66,67587
204560,2;66,67587
204576,9;66,67587
204593,3;66,67587
204609,8;66,67587
204626,4;66,67587
204643;66,67587
204660,1;66,67587
204676,1;66,67587
204692,6;66,67587
204709,2;66,82911
204725,8;66,82911
204742,5;66,82911
204759;66,82911
204775,4;66,82911
204792;66,82911
204809,1;66,82911
204833,1;66,82911
204842,9;66,82911
204860,3;66,82911
204876,9;66,82911
204892,7;66,82911
204909,2;66,82911
204925,8;66,82911
204942,4;66,82911
204959;66,82911
204975,5;66,82911
204992;66,82911
205008,6;66,82911
205025,2;66,82911
205042,4;66,82911
205058,3;66,82911
205074,9;66,82911
205091,5;66,82911
205108;66,82911
205124,7;66,82911
205141,1;66,82911
205157,7;66,82911
205174,3;66,82911
205190,8;66,82911
205207,4;66,82911
205224;66,82911
205240,6;66,82911
205257,1;66,82911
205273,9;66,82911
205290,4;66,82911
205307;66,82911
205323,4;66,82911
205340;66,82911
205357;66,82911
205373,1;66,82911
205389,7;67,32912
205406,7;67,32912
205422,8;67,32912
205439,3;67,32912
205455,9;67,32912
205472,5;67,32912
205489,5;67,32912
205506;67,32912
205522,4;67,32912
205538,7;67,32912
205555,3;67,32912
205572,2;67,32912
205588,4;67,32912
205605,1;67,32912
205622,1;67,32912
205638,2;67,32912
205654,7;67,32912
205671,3;67,32912
205690,2;67,32912
205704,4;67,32912
205721;67,32912
205737,5;67,32912
205754,1;67,32912
205771,1;67,32912
205787,5;67,32912
205803,8;67,32912
205821;67,32912
205837,2;67,32912
205853,5;67,32912
205870,5;67,32912
205886,9;67,32912
205903,2;67,32912
205920;67,32912
205936,4;67,32912
205952,9;67,32912
205969,5;67,32912
205986;67,32912
206002,6;67,32912
206019,6;67,32912
206035,8;67,32912
206052,3;67,32912
206068,9;67,32912
206085,5;67,32912
206102,2;67,32912
206118,6;67,4772
206135,5;67,84108
206151,7;67,84108
206168,3;67,84108
206185,4;67,84108
206201,4;67,84108
206218,3;67,84108
206234,6;67,84108
206251,1;67,84108
206267,7;67,84108
206284,4;67,84108
206300,9;67,84108
206317,8;67,84108
206334;67,84108
206350,5;67,84108
206367,1;67,84108
206383,7;67,84108
206400,2;67,84108
206416,8;67,84108
206433,8;67,84108
206449,9;67,84108
206466,8;67,84108
206483;67,84108
206499,6;67,84108
206516,3;67,84108
206532,8;67,84108
206549,3;67,84108
206566,4;67,84108
206582,7;67,84108
206599,2;67,84108
206615,6;67,84108
206632,1;67,84108
206648,7;67,84108
206665,4;67,84108
206681,9;67,84108
206698,4;67,84108
206715;67,84108
206731,6;67,84108
206748,1;68,35226
206764,7;68,35226
206781,3;68,35226
206797,8;68,35226
206814,4;68,35226
206831;68,35226
206847,5;68,35226
206864,1;68,35226
206880,6;68,35226
206897,5;68,35226
206914,4;68,35226
206930,3;68,35226
206947;68,35226
206963,5;68,35226
206980;68,35226
206996,8;68,35226
207013,2;68,35226
207029,8;68,35226
207046,3;68,35226
207062,9;68,35226
207079,5;68,35226
207096,4;68,35226
207113;68,35226
207129,2;68,35226
207145,7;68,35226
207162,5;68,35226
207179,3;68,35226
207195,6;68,35226
207212;68,35226
207228,5;68,35226
207245,2;68,35226
207261,7;68,35226
207278,3;68,35226
207294,8;68,35226
207311,4;68,39739
207328,8;68,42641
207344,5;68,45228
207361,3;68,48023
207377,7;68,48023
207394,3;68,48023
207411,4;68,98444
207427,4;68,98444
207444;68,98444
207460,5;68,98444
207477,6;68,98444
207493,6;68,98444
207511;68,98444
207526,8;68,98444
207548,1;68,98444
207559,9;68,98444
207576,7;68,98444
207593;68,98444
207609,6;68,98444
207626,2;68,98444
207642,7;68,98444
207659,3;68,98444
207675,8;68,98444
207692,4;68,98444
207709;68,98444
207725,5;68,98444
207742,8;68,98444
207759;68,98444
207775,7;68,98444
207791,9;68,98444
207808,5;68,98444
207825;68,98444
207841,5;68,98444
207858,1;68,98444
207874,7;68,98444
207891,2;68,98444
207907,8;68,98444
207925,1;68,98444
207941,8;68,98444
207957,7;68,98444
207974,3;68,98444
207990,8;68,98444
208007,2;68,98444
208024;69,01479
208040,5;69,01479
208056,9;69,01479
208073,4;69,01479
208090;69,48945
208106,6;69,48945
208123,2;69,48945
208140,2;69,48945
208156,3;69,48945
208172,8;69,48945
208189,5;69,48945
208206;69,48945
208222,5;69,48945
208239,1;69,48945
208255,7;69,48945
208272,4;69,48945
208289,6;69,48945
208305,4;69,48945
208321,9;69,48945
208338,5;69,48945
208355,1;69,48945
208371,7;69,48945
208388,2;69,48945
208404,8;69,48945
208421,3;69,48945
208437,9;69,48945
208454,6;69,48945
208477;69,48945
208487,6;69,48945
208504,3;69,48945
208520,8;69,48945
208537,6;69,48945
208553,9;69,48945
208570,5;69,48945
208587,2;69,48945
208603,7;69,48945
208620,1;69,48945
208636,7;69,48945
208653,6;69,48945
208669,8;69,48945
208686,4;69,48945
208703;69,48945
208719,8;69,48945
208736,5;69,48945
208752,7;69,48945
208769,6;69,61092
208785,8;69,61092
208802,4;69,61092
208819,6;69,61092
208835,7;69,61092
208852,3;69,61092
208868,7;69,61092
208885,4;69,61092
208901,8;69,61092
208918,5;69,61092
208934,9;69,61092
208951,9;69,61092
208968,3;69,61092
208984,6;69,61092
209001,2;69,61092
209017,8;69,61092
209034,8;69,61092
209050,9;69,61092
209067,4;69,61092
209084,2;69,61092
209100,6;69,61092
209117,3;69,61092
209133,7;69,61092
209150,3;69,61092
209166,9;69,61092
209183,4;69,61092
209200;69,61092
209216,9;69,61092
209233,4;69,61092
209249,7;69,61092
209266,3;69,61092
209282,8;69,61092
209299,4;69,61092
209316,2;69,61092
209332,7;69,61092
209349,1;69,61092
209365,9;69,61092
209383;69,61092
209399,6;69,61092
209416,2;69,61092
209432,9;69,61092
209449,3;69,61092
209465,9;70,06316
209483,4;70,06316
209499,1;70,06316
209515,6;70,06316
209532,2;70,06316
209548,7;70,06316
209565,3;70,06316
209581,8;70,06316
209598,4;70,06316
209615;70,06316
209632,4;70,06316
209648,1;70,06316
209664,7;70,06316
209681,3;70,06316
209698,3;70,06316
209714,4;70,06316
209731,1;70,06316
209747,6;70,06316
209764,1;70,06316
209780,7;70,06316
209797,3;70,06316
209813,8;70,06316
209830,9;70,06316
209846,9;70,06316
209863,5;70,06316
209880,8;70,06316
209896,6;70,06316
209913,4;70,06316
209929,9;70,06316
209946,3;70,06316
209963,4;70,06316
209979,5;70,06316
209996;70,06316
210012,6;70,06316
210029,1;70,06316
210045,8;70,06316
210062,3;70,06316
210078,9;70,06316
210095,5;70,06316
210112;70,06316
210128,6;70,06316
210145,2;70,06316
210162;70,16717
210178,4;70,16717
210195,1;70,16717
210211,4;70,16717
210228;70,16717
210244,5;70,16717
210261,1;70,16717
210277,7;70,16717
210294,2;70,16717
210312,7;70,16717
210327,8;70,16717
210343,9;70,16717
210361,3;70,16717
210377,2;70,16717
210393,6;70,16717
210410,7;70,16717
210426,8;70,16717
210443,5;70,16717
210459,9;70,16717
210476,7;70,16717
210493,1;70,16717
210509,6;70,16717
210526,2;70,16717
210543;70,51022
210559,3;70,51402
210575,9;70,5242
210592,4;70,53729
210609;70,55272
210625,6;70,55508
210642,2;70,56565
210658,7;70,22643
210675,3;70,22643
210691,8;70,22643
210708,4;70,22643
210725,2;70,22643
210741,9;70,57291
210758,1;70,58764
210775;70,59597
210791,2;70,245
210807,8;70,245
210824,7;70,245
210841,8;70,245
210857,7;70,6713
210874,1;70,6713
210890,6;70,6713
210907,2;70,6713
210923,8;70,6713
210940,4;70,6713
210956,9;70,6713
210973,5;70,6713
210990;70,6713
211006,6;70,6713
211023,5;70,6713
211039,7;70,6713
211056,3;70,6713
211073;70,6713
211089,4;70,6713
211106,2;70,6713
211122,6;70,6713
211139,1;70,6713
211155,7;70,6713
211172,3;70,6713
211188,8;70,6713
211205,4;70,6713
211222;70,6713
211238,5;70,6713
211255,1;70,6713
211271,7;70,6713
211288,9;70,6713
211304,8;70,6713
211321,8;70,6713
211337,9;70,6713
211355,2;70,6713
211371,5;70,6713
211387,6;70,6713
211404,2;70,6713
211421,1;70,6713
211437,3;70,6713
211453,9;70,6713
211470,4;70,6713
211487,3;70,6713
211503,6;70,6713
211520,2;70,6713
211536,7;70,6713
211553,8;70,6713
211570,1;70,68824
211586,6;70,68824
211603;70,68824
211619,5;70,74933
211636,1;70,78756
211652,7;70,84417
211669,4;70,87725
211685,8;70,85847
211702,4;70,85847
211719;70,85847
211735,5;70,85847
211752,2;70,85847
211768,6;70,91573
211785,2;70,9539
211801,8;70,99738
211818,3;70,9645
211835,4;70,48682
211851,5;70,02719
211868,3;70,04561
211885,2;70,0611
211901,2;70,06969
211917,8;70,08622
211934,4;70,08293
211950,9;70,09521
211967,5;70,10883
211984;70,11742
212000,6;70,12717
212017,2;70,13336
212033,7;70,14858
212050,3;70,1562
212066,8;70,17054
212083,4;70,18549
212100;70,19189
212116,5;70,20329
212134,4;70,21111
212149,7;70,22703
212166,3;70,2375
212183,5;70,173
212199,4;69,6605
212215,9;69,6605
212232,9;69,6605
212249,2;69,6605
212265,8;69,64165
212282,2;69,64165
212298,8;69,64165
212315,9;69,64165
212331,9;69,64165
212348,6;69,64165
212365,1;69,64165
212381,6;69,64165
212398,2;69,64165
212415;69,64165
212431,3;69,64165
212447,9;69,64165
212464,6;69,64165
212481;69,64165
212497,6;69,64165
212514,1;69,64165
212530,7;69,64165
212547,5;69,64165
212563,8;69,64165
212580,8;69,64165
212597;69,64165
212613,6;69,64165
212630,1;69,64165
212646,9;69,64165
212663,3;69,64165
212679,8;69,64165
212696,4;69,64165
212713;69,64165
212729,8;69,64165
212746,1;69,64165
212762,7;69,64165
212779,2;69,64165
212795,8;69,64165
212812,5;69,64165
212828,9;69,64165
212845,5;69,64165
212862,4;69,64165
212879,2;69,64165
212895,2;69,64165
212911,9;69,64165
212928,3;69,64165
212944,9;69,64165
212961,5;69,64165
212978;69,63544
212995,4;69,63544
213011,2;69,63544
213028;69,63544
213044,3;69,63544
213061;69,63544
213077,9;69,63544
213094;69,63544
213110,5;69,63544
213127,3;69,63544
213143,8;69,63544
213160,4;69,63544
213176,8;69,63544
213193,8;69,63544
213210;69,63544
213226,5;69,63544
213243,2;69,63544
213259,6;69,63544
213276,2;69,63544
213292,8;69,63544
213309,3;69,63544
213326,5;69,63544
213342,6;69,63544
213359,5;69,63544
213376,3;69,63544
213392,2;69,63544
213408,8;69,63544
213425,3;69,63544
213442,4;69,63544
213458,5;69,63544
213475,4;69,63544
213491,7;69,63544
213508,2;69,63544
213525,3;69,63544
213541,3;69,63544
213557,8;69,63544
213574,4;69,63544
213591,1;69,63544
213607,6;69,63544
213624,1;69,63544
213640,7;69,63544
213657,3;70,17233
213673,8;70,17233
213690,5;70,17233
213707,1;70,17233
213723,5;70,17233
213740,6;70,17233
213756,8;70,17233
213773,3;70,17233
213789,8;70,17233
213806,3;70,17233
213822,9;70,17233
213839,6;70,17233
213856,4;70,17233
213872,6;70,17233
213889,4;70,17233
213906,2;70,17233
213922,3;70,17233
213938,9;70,17233
213955,4;70,17233
213972,2;70,17233
213988,8;70,17233
214005,2;70,17233
214022,3;70,17233
214038,4;70,17233
214055,3;70,17233
214071,4;70,17233
214088;70,17233
214105;70,17233
214121,1;70,17233
214137,7;70,17233
214154,3;70,17233
214170,8;70,17233
214187,4;70,17233
214204;70,17233
214220,5;70,17233
214237,1;70,17233
214253,6;70,17233
214270,2;70,17233
214286,8;70,17233
214303,4;70,17233
214319,9;70,17233
214336,5;70,17233
214353;70,17233
214369,7;70,17233
214386,4;69,87209
214402,8;69,87209
214419,3;69,29553
214435,9;69,29553
214452,5;69,29553
214469;69,29553
214485,8;69,29553
214502,2;69,29553
214518,7;69,29553
214535,3;69,29553
214552;69,29553
214569;69,29553
214585;69,29553
214601,5;69,29553
214618,1;69,29553
214634,7;69,29553
214651,3;69,29553
214667,8;69,29553
214684,4;69,29553
214701,2;69,29553
214717,5;69,29553
214734,1;69,29553
214751;69,29553
214767,3;69,29553
214783,9;69,29553
214800,4;69,29553
214817,3;69,29553
214833,5;69,29553
214850,2;69,29553
214867,2;69,29553
214883,3;69,29553
214899,8;69,29553
214916,3;69,29553
214932,9;69,29553
214949,5;69,29553
214966,2;69,29553
214982,6;69,29553
214999,2;69,29553
215015,8;69,29553
215032,3;69,29553
215048,9;69,37785
215065,4;69,37785
215082,3;69,37785
215098,5;69,37785
215115,3;69,37785
215132,2;69,37785
215148,8;69,37785
215164,8;69,37785
215181,4;69,37785
215198,3;69,37785
215214,6;69,37785
215231,1;69,37785
215248;69,37785
215264,2;69,37785
215280,8;69,37785
215297,3;69,37785
215313,9;69,37785
215330,5;69,37785
215347,5;69,37785
215363,6;69,37785
215380,2;69,37785
215396,9;69,37785
215413,7;69,37785
215429,9;69,37785
215446,5;69,79011
215463,3;69,79586
215479,9;69,3853
215496,2;69,3853
215513,3;69,3853
215529,5;69,3853
215545,9;69,3853
215562,4;69,3853
215579;69,3853
215595,6;69,3853
215612,2;69,7972
215628,7;69,27609
215645,3;68,80338
215661,8;68,31904
215678,4;68,31904
215695,8;68,31904
215711,9;68,31904
215728,1;68,40376
215744,6;68,40376
215761,6;68,40376
215777,8;68,40376
215794,4;68,40376
215810,9;68,40376
215827,5;68,40376
215844,1;68,40376
215861,4;68,40376
215877,2;68,40376
215894,3;68,40376
215910,3;68,40376
215926,9;68,40376
215943,8;68,40376
215960;68,40376
215976,6;68,40376
215993,2;68,40376
216009,7;68,40376
216026,3;68,40376
216043,4;68,40376
216059,4;68,40376
216076,1;68,40376
216092,5;68,40376
216109,1;68,40376
216125,9;68,40376
216142,5;68,40376
216158,8;68,40376
216175,5;68,40376
216192,2;68,40376
216208,5;68,40376
216225,1;68,40376
216242,1;68,40376
216258,2;68,40376
216275,1;68,40376
216291,3;68,40376
216308,2;68,40376
216324,5;68,40376
216341;68,40376
216357,6;68,40376
216374,2;68,44247
216391,3;68,44247
216407,8;68,44247
216423,9;68,44247
216440,6;68,44247
216457,3;68,44247
216473,8;68,44247
216490,2;68,44247
216506,7;68,44247
216523,4;68,44247
216539,9;68,44247
216556,5;68,44247
216573;68,44247
216590,3;68,44247
216606,4;68,44247
216622,7;68,44247
216640;68,44247
216655,8;68,44247
216672,5;68,44247
216689;68,44247
216705,5;68,44247
216722,1;68,44247
216739;68,44247
216755,2;68,44247
216772;68,44247
216792,3;68,44247
216804,9;68,44247
216821,7;68,44247
216838,7;68,44247
216854,6;68,44247
216871,2;68,44247
216887,8;68,44247
216905;68,44247
216920,9;68,44247
216937,9;68,44247
216954,1;68,44247
216970,6;68,44247
216987,2;68,44247
217003,7;68,44247
217020,8;68,44247
217037;68,44247
217053,6;68,6161
217071;68,6161
217086,5;68,6161
217103,3;68,6161
217119,7;68,6161
217136,3;68,6161
217152,8;68,6161
217169,4;68,6161
217186,4;68,6161
217202,7;68,6161
217219,1;68,6161
217235,7;68,6161
217252,7;68,6161
217268,8;68,6161
217285,4;68,6161
217302,5;68,6161
217318,8;68,6161
217335,1;69,0275
217351,6;69,06554
217368,2;69,10448
217384,8;69,147
217401,4;69,19577
217417,9;69,23338
217434,5;69,27528
217451,3;69,32739
217467,6;69,36615
217484,2;69,42157
217500,8;68,97318
217517,3;68,93196
217533,9;68,96437
217551;68,99104
217567;69,00906
217584,2;69,03557
217600,1;69,06663
217617,2;69,10571
217633,3;68,70973
217649,8;68,70973
217666,5;68,70973
217683;68,70973
217699,5;69,21442
217716,1;69,21442
217732,7;69,21442
217749,2;69,21442
217765,8;69,21442
217782,5;69,21442
217798,9;69,21442
217815,5;69,21442
217832,1;69,21442
217848,6;69,21442
217865,2;69,21442
217881,8;69,21442
217898,4;69,21442
217914,9;69,21442
217931,5;69,21442
217948;69,21442
217964,6;69,21442
217981,2;69,21442
217998,1;69,21442
218014,3;69,21442
218031,3;69,21442
218047,4;69,21442
218064;69,21442
218080,6;69,21442
218097,2;69,21442
218113,9;69,21442
218130,4;69,21442
218147;69,21442
218163,4;69,21442
218180,4;69,21442
218197;69,21442
218213,1;69,21442
218229,7;69,21442
218246,8;69,21442
218262,9;69,21442
218279,4;69,21442
218296,5;69,21442
218312,9;69,21442
218329,1;69,21442
218345,6;69,21442
218362,2;69,21442
218379;69,37201
218395,4;69,37201
218411,9;69,37201
218428,6;69,37201
218445;69,37201
218461,6;69,37201
218478,8;69,37201
218494,7;69,37201
218511,3;69,37201
218527,8;69,37201
218544,4;69,37201
218561;69,37201
218577,5;69,37201
218594,2;69,37201
218610,7;69,37201
218627,3;69,37201
218643,8;69,37201
218660,4;69,37201
218684,5;69,37201
218693,5;69,37201
218710,3;69,37201
218726,7;69,37201
218743,2;69,37201
218759,8;69,37201
218776,4;69,37201
218792,9;69,37201
218809,5;69,37201
218826;69,37201
218842,6;69,37201
218859,2;69,37201
218876,1;69,37201
218892,3;69,37201
218908,9;69,37201
218925,5;69,37201
218942;69,37201
218958,6;69,37201
218975,1;69,37201
218992;69,37201
219008,5;69,37201
219025,2;69,37201
219041,6;69,9025
219058;69,9025
219074,7;69,9025
219091,1;69,9025
219107,7;69,9025
219124,5;69,9025
219140,8;69,9025
219157,4;69,9025
219174,1;69,9025
219191;69,9025
219207,1;69,9025
219223,6;69,9025
219240,4;69,9025
219256,8;69,9025
219273,5;69,9025
219290,5;69,9025
219307,3;69,9025
219323,1;69,9025
219339,6;69,9025
219356,4;69,9025
219372,8;69,9025
219389,3;69,9025
219405,9;69,9025
219422,5;69,9025
219439;69,9025
219455,6;69,9025
219472,3;69,9025
219488,7;69,9025
219505,5;69,9025
219521,8;69,9025
219538,4;69,9025
219555,1;69,9025
219571,5;69,9025
219588,1;69,9025
219605,3;69,9025
219622,1;69,9025
219638,8;69,9025
219655,3;69,9025
219672,1;69,9025
219688,4;69,9025
219705;70,01121
219721,7;70,01121
219738,1;70,01121
219754,7;70,01121
219771,2;70,01121
219787,8;70,01121
219804,6;70,01121
219821,4;70,01121
219837,5;70,01121
219854,1;70,01121
219870,7;70,01121
219887,2;70,01121
219904;70,01121
219920,3;70,01121
219937,2;70,01121
219953,5;70,01121
219970,1;70,01121
219986,8;70,01121
220003,2;70,41874
220019,7;70,41802
220036,3;70,43027
220052,9;70,45089
220070;70,4663
220086;70,48999
220102,5;70,49837
220119,5;70,50751
220135,7;70,51808
220152,3;70,53343
220168,8;70,55447
220185,4;70,16412
220202,6;70,16412
220218,5;70,16412
220235,1;70,16412
220251,8;70,5691
220268,2;70,58102
220284,9;70,59679
220301,3;70,61099
220318,5;70,21062
220334,5;70,21062
220351,1;70,21062
220367,6;70,69882
220384,2;70,69882
220401,4;70,69882
220418;70,69882
220434,3;70,73066
220451;70,74893
220467;70,77949
220483,6;70,81147
220500,2;70,79949
220517,2;70,79949
220534,7;70,79949
220551,2;70,79949
220567,8;70,79949
220584,4;70,79949
220600,9;70,83133
220618;70,86139
220634,1;70,78899
220650,7;70,23551
220667,2;70,23295
220683,8;69,76983
220700,3;69,78181
220716,9;69,80378
220733,5;69,83292
220750;69,85412
220766,6;69,7312
220783,2;69,12363
220799,8;69,13789
220816,3;69,14473
220833,2;69,15199
220849,4;69,15219
220866;69,16818
220883,5;69,16993
220899,3;69,1686
220915,7;69,18291
220932,3;69,17818
220949,1;69,18384
220965,4;69,2038
220982,3;69,2038
220998,5;69,2038
221015,6;69,2038
221032,5;69,27164
221048,3;69,27164
221065,6;69,27164
221081,4;69,27164
221098,1;69,27164
221114,5;69,27164
221131,7;69,27164
221147,9;69,27164
221164,2;69,27164
221180,8;69,27164
221197,4;69,27164
221214,9;69,27164
221230,5;69,27164
221247,3;69,27164
221263,8;69,27164
221280,6;69,27164
221297;69,27164
221313,5;69,27164
221330,3;69,27164
221346,5;69,27164
221363,1;69,27164
221379,6;69,27164
221396,2;69,27164
221412,7;69,27164
221429,4;69,27164
221445,8;69,27164
221463,2;69,27164
221479,3;69,27164
221495,5;69,27164
221519,6;69,27164
221537;69,27164
221552,8;69,27164
221569,7;69,27164
221586,3;69,27164
221602,5;69,27164
221619;69,27164
221635,6;69,27164
221652,2;69,27164
221668,7;69,27164
221685,3;69,27164
221701,9;69,27164
221718,4;69,27164
221735,4;69,82622
221751,6;69,82622
221768,1;69,82622
221784,7;69,82622
221801,5;69,82622
221817,8;69,82622
221834,4;69,82622
221851;69,82622
221867,5;69,82622
221884,1;69,82622
221900,7;69,82622
221917,2;69,82622
221933,8;69,82622
221950,8;69,82622
221966,9;69,82622
221983,7;69,82622
222000,4;69,82622
222016,8;69,82622
222033,2;69,82622
222049,8;69,82622
222066,4;69,82622
222083,2;69,82622
222099,9;69,82622
222116;69,82622
222132,9;69,82622
222149,2;69,82622
222165,7;69,82622
222182,3;69,82622
222199,2;69,82622
222215,4;69,82622
222232,3;69,82622
222248,6;69,82622
222265,2;69,82622
222282,3;69,82622
222298,5;69,82622
222314,8;69,82622
222332;69,82622
222348,2;69,82622
222364,5;69,82622
222381,1;69,92611
222404,9;69,92611
222414,8;69,92611
222431,4;69,92611
222447,9;69,92611
222464,7;69,92611
222481,8;69,92611
222497,6;69,92611
222514,2;69,92611
222530,7;69,92611
222547,3;69,92611
222564;69,92611
222580,4;69,92611
222597;69,92611
222614;69,92611
222630,2;69,92611
222646,7;69,92611
222663,2;69,92611
222680,1;69,92611
222696,4;69,92611
222712,9;69,92611
222729,7;69,92611
222746,4;69,92611
222763,2;69,92611
222779,2;69,92611
222796,3;69,92611
222813;69,92611
222828,9;69,92611
222845,5;69,92611
222862,3;69,92611
222878,6;69,92611
222895,2;69,92611
222911,9;69,92611
222928,3;69,92611
222945,5;69,92611
222961,4;69,92611
222978;69,92611
222994,7;69,92611
223011,4;69,92611
223027,9;70,4321
223044,3;70,4321
223061,5;70,4321
223077,4;70,4321
223094;70,4321
223110,9;70,4321
223127,5;70,4321
223144;70,4321
223160,3;70,4321
223177;70,4321
223193,4;70,4321
223210,4;70,4321
223226,5;70,4321
223243,3;70,4321
223259,9;70,4321
223276,2;70,4321
223292,9;70,4321
223309,8;70,4321
223325,9;70,4321
223342,5;70,4321
223359;70,4321
223376,1;70,4321
223392,2;70,4321
223408,7;70,4321
223425,7;70,4321
223441,9;70,4321
223458,4;70,4321
223475;70,4321
223491,6;70,4321
223508,5;70,4321
223524,7;70,4321
223541,3;70,4321
223557,8;70,4321
223574,6;70,4321
223591;70,4321
223607,5;70,4321
223624,1;70,4321
223640,7;70,4321
223657,2;70,4321
223673,8;70,4321
223690,8;70,4321
223707,3;70,52873
223723,5;70,52873
223740,1;70,52873
223756,7;70,52873
223773,6;70,52873
223789,8;70,52873
223806,9;70,52873
223822,9;70,52873
223839,5;70,52873
223856;70,52873
223872,6;70,52873
223889,2;70,52873
223905,8;70,52873
223922,3;70,52873
223939;70,52873
223955,4;70,52873
223972;70,52873
223988,6;70,52873
224005,3;70,52873
224021,7;70,52873
224038,3;70,52873
224055;70,52873
224071,4;70,52873
224088;70,52873
224104,5;70,52873
224121,5;70,52873
224137,8;70,52873
224154,3;70,52873
224171,6;70,52873
224187,9;70,52873
224204;70,52873
224220,5;70,52873
224237,1;70,52873
224253,6;70,52873
224270,2;70,97202
224287,2;70,53198
224303,3;70,53198
224319,9;70,53198
224337,3;70,53198
224353;70,53198
224369,6;71,1003
224386,2;71,1003
224402,7;71,1003
224419,4;71,1003
224435,9;71,1003
224452,4;71,1003
224469,1;71,1003
224485,6;71,1003
224502,3;71,1003
224519,4;71,1003
224535,7;71,1003
224551,9;71,1003
224568,6;71,1003
224585;71,1003
224601,9;71,1003
224618,7;71,1003
224635,1;71,1003
224651,3;71,1003
224668,3;71,1003
224684,4;71,1003
224701,2;71,1003
224717,5;71,1003
224734,1;71,1003
224750,6;71,1003
224767,4;71,1003
224783,9;71,1003
224800,4;71,1003
224816,9;71,1003
224833,7;71,1003
224850;71,1003
224866,8;71,1003
224883,2;71,1003
224899,8;71,1003
224916,5;71,1003
224932,9;71,1003
224949,5;71,1003
224966;71,1003
224983,5;71,1003
224999,9;71,1003
225015,7;71,23266
225032,3;71,23266
225048,9;71,23266
225065,7;71,23266
225082;71,23266
225098,6;71,23266
225115,6;71,23266
225131,7;71,23266
225148,5;71,23266
225164,8;71,23266
225181,6;71,23266
225198;71,23266
225214,5;71,23266
225231,3;71,23266
225248;71,23266
225264,3;71,23266
225280,8;71,23266
225297,3;71,23266
225313,9;71,23266
225330,5;71,23266
225348;71,23266
225363,6;71,23266
225380,8;71,23266
225396,8;71,23266
225413,3;71,23266
225429,9;71,23266
225446,4;71,23266
225463;71,23266
225479,6;71,23266
225496,1;71,23266
225512,7;71,23266
225530;71,23266
225545,8;71,23266
225562,7;71,23266
225579;71,23266
225595,7;71,23266
225612,2;71,23266
225628,7;71,23266
225645,3;71,23266
225661,8;71,76567
225678,4;71,76567
225695;71,76567
225711,5;71,76567
225728,2;71,76567
225745;71,76567
225761,3;71,76567
225778,3;71,76567
225794,3;71,76567
225810,9;71,76567
225827,7;71,76567
225844;71,76567
225861;71,76567
225877,2;71,76567
225894,4;71,76567
225910,3;71,76567
225927,1;71,76567
225943,5;71,76567
225960;71,76567
225977,2;71,76567
225993,2;71,76567
226009,7;71,76567
226026,6;71,76567
226042,8;71,76567
226059,4;71,76567
226076;71,76567
226092,5;71,76567
226109,1;71,76567
226125,9;71,76567
226142,3;71,76567
226158,8;71,76567
226175,4;71,76567
226191,9;71,76567
226208,5;71,76567
226225,1;71,76567
226241,7;71,76567
226258,2;71,76567
226274,8;71,76567
226291,5;71,76567
226307,9;71,76567
226324,8;71,86949
226341;71,86949
226357,6;71,86949
226374,2;71,86949
226390,9;71,86949
226407,3;71,86949
226423,9;71,86949
226440,5;71,86949
226457,1;71,86949
226473,7;71,86949
226490,1;71,86949
226507;71,86949
226523,3;71,86949
226540,1;71,86949
226556,4;71,86949
226573;71,86949
226589,5;71,86949
226606,4;71,86949
226623,3;71,86949
226639,5;71,86949
226656;71,86949
226672,7;71,86949
226689;71,86949
226705,5;71,86949
226722,1;71,86949
226738,6;71,86949
226755,3;71,86949
226771,8;71,86949
226788,7;71,86949
226804,9;71,86949
226821,5;71,86949
226838;71,86949
226854,6;71,86949
226871,2;71,86949
226887,7;71,86949
226904,3;71,86949
226920,9;71,86949
226937,4;71,86949
226954;71,86949
226971,1;72,42183
226987,1;72,42183
227003,7;72,42183
227020,3;72,42183
227036,8;72,42183
227053,4;72,42183
227070;72,42183
227086,5;72,42183
227103,3;72,42183
227119,7;72,42183
227136,6;72,42183
227152,8;72,42183
227169,4;72,42183
227185,9;72,42183
227203;72,42183
227219,1;72,42183
227235,6;72,42183
227252,2;72,42183
227268,8;72,42183
227285,4;72,42183
227301,9;72,42183
227319,1;72,42183
227335;72,42183
227351,7;72,42183
227368,2;72,42183
227384,7;72,42183
227401,3;72,42183
227417,9;72,42183
227434,5;72,42183
227451,4;72,42183
227468,2;72,42183
227484,5;72,42183
227500,7;72,42183
227517,3;72,42183
227534,1;72,42183
227550,6;72,42183
227567;72,42183
227583,5;72,42183
227600,1;72,42183
227616,7;72,40334
227633,2;72,40334
227649,9;72,40334
227666,7;72,40334
227683;72,40334
227700,1;72,40334
227716,1;72,40334
227732,7;72,40334
227749,2;72,40334
227766,2;72,40334
227782,4;72,40334
227798,9;72,40334
227816;72,40334
227832,5;72,40334
227848,6;72,40334
227865,3;72,40334
227881,8;72,40334
227898,7;72,40334
227914,9;72,40334
227931,4;72,40334
227948,3;72,40334
227964,6;72,40334
227981,2;72,2774
227999,6;71,6636
228016,2;71,68464
228033,2;71,69282
228049,3;71,69733
228065,9;71,27792
228082,5;71,27792
228099,6;71,27792
228115,7;71,27792
228132,2;71,27792
228148,8;71,27792
228165,3;71,27792
228181,9;71,70134
228198,4;71,70677
228215;71,28189
228231,9;71,28189
228248,2;71,28189
228264,9;71,28189
228281,3;71,80069
228297,9;71,80069
228314,4;71,80069
228331;71,80069
228347,9;71,80069
228364,4;71,80069
228380,8;71,80069
228397,9;71,80069
228413,8;71,80069
228430,3;71,80069
228447;71,80069
228463,8;71,80069
228480;71,80069
228496,6;71,80069
228513,3;71,80069
228530,1;71,80069
228546,3;71,80069
228563;71,80069
228579,4;71,80069
228596,3;71,80069
228613;71,80069
228629,2;71,80069
228646,5;71,80069
228662,3;71,80069
228678,9;71,80069
228695,4;71,80069
228712;71,80069
228728,6;71,80069
228745,4;71,80069
228761,7;71,80069
228778,3;71,80069
228795;71,80069
228811,4;71,80069
228828;71,80069
228844,5;71,80069
228861,1;71,80069
228877,6;71,80069
228894,2;71,80069
228915,4;71,80069
228927,3;71,80069
228943,9;71,80069
228960,5;71,981
228977,5;71,981
228993,7;71,981
229010,2;71,981
229026,8;71,981
229043,3;71,981
229060,3;71,981
229076,5;71,981
229093;71,981
229110;71,981
229126,1;71,981
229142,7;71,981
229159,3;71,981
229175,8;71,981
229192,4;71,981
229209;71,981
229225,5;71,981
229242,1;71,981
229259,6;71,981
229275,4;71,981
229291,8;71,981
229308,4;71,981
229325;71,981
229341,5;71,981
229358,2;71,981
229374,7;71,981
229391,6;71,981
229407,9;71,981
229424,6;71,981
229440,9;71,981
229457,5;71,981
229474;71,981
229490,6;71,981
229507,2;71,981
229523,8;71,981
229540,8;71,981
229556,9;71,981
229573,5;71,981
229590;72,52229
229606,6;72,52229
229623,2;72,52229
229639,7;72,52229
229656,7;72,52229
229672,9;72,52229
229689,4;72,52229
229706;72,52229
229722,8;72,52229
229739,1;72,52229
229755,8;72,52229
229772,4;72,52229
229789;72,52229
229805,4;72,52229
229822;72,52229
229839,5;72,52229
229855,4;72,52229
229871,9;72,52229
229888,2;72,52229
229904,8;72,52229
229921,3;72,52229
229937,9;72,52229
229954,5;72,52229
229971;72,52229
229987,6;72,52229
230004,2;72,52229
230020,8;72,52229
230037,3;72,52229
230054,2;72,52229
230070,5;72,52229
230087;72,52229
230104,2;72,52229
230120,1;72,52229
230136,7;72,52229
230153,3;72,52229
230170,5;72,52229
230186,4;72,52229
230203;72,52229
230220,2;72,52229
230236,1;72,65604
230252,7;72,65604
230269,4;72,65604
230286,4;72,65604
230302,4;72,65604
230319,5;72,65604
230335,5;72,65604
230352,1;72,65604
230369,1;72,65604
230385,7;72,65604
230402;72,65604
230418,3;72,65604
230434,9;72,65604
230451,5;72,65604
230468;72,65604
230485,3;72,65604
230501,3;72,65604
230517,8;72,65604
230534,3;72,65604
230550,9;72,65604
230567,5;72,65604
230584;72,65604
230600,6;72,65604
230617,2;72,65604
230634,4;72,65604
230651,1;72,65604
230666,9;72,65604
230683,4;72,65604
230700;72,65604
230717,1;72,65604
230733,1;72,65604
230749,7;72,65604
230766,3;72,65604
230782,8;72,65604
230803,4;72,65604
230819,9;72,65604
230836,7;72,65604
230853,1;72,65604
230869,6;72,65604
230886,2;73,19419
230902,8;73,19419
230919,3;73,19419
230935,9;73,19419
230952,5;73,19419
230969;73,19419
230985,6;73,19419
231002,6;73,19419
231019,2;73,19419
231035,6;73,19419
231051,9;73,19419
231069;73,19419
231085;73,19419
231101,6;73,19419
231118,2;73,19419
231135,4;73,19419
231151,5;73,19419
231167,8;73,19419
231185,1;73,19419
231201,1;73,19419
231217,5;73,19419
231234,2;73,19419
231250,7;73,19419
231267,3;73,19419
231283,8;73,19419
231300,4;73,19419
231317,5;73,19419
231333,5;73,19419
231350,1;73,19419
231366,7;73,19419
231383,7;73,19419
231399,8;73,19419
231416,3;73,19419
231432,9;73,19419
231449,8;73,19419
231466;73,19419
231482,6;73,19419
231499,6;73,19419
231515,7;73,19419
231532,6;73,19419
231548,9;73,29803
231565,4;73,29803
231582;73,29803
231598,6;73,29803
231615,3;73,29803
231631,7;73,29803
231648,3;73,29803
231664,8;73,29803
231681,4;73,29803
231698;73,29803
231714,8;73,29803
231731,7;73,29803
231748,5;73,29803
231764,7;73,29803
231781,1;73,29803
231798,2;73,29803
231814,1;73,29803
231830,5;73,29803
231847,1;73,29803
231863,6;73,29803
231880,5;73,29803
231896,9;73,29803
231913,3;73,29803
231929,9;73,29803
231946,9;73,29803
231963;73,71616
231979,6;73,30259
231996,2;73,30259
232012,8;73,30259
232029,8;73,30259
232045,9;73,30259
232062,4;73,30259
232079,3;73,30259
232095,6;73,30259
232112,1;73,30259
232128,8;73,30259
232145,3;73,30259
232161,8;73,30259
232178,4;73,30259
232195;73,30259
232211,7;73,30259
232228,5;73,86917
232244,7;73,86917
232261,2;73,86917
232277,8;73,86917
232294,4;73,86917
232311,4;73,86917
232327,5;73,86917
232344,4;73,86917
232360,6;73,86917
232377,3;73,86917
232393,8;73,86917
232410,3;73,86917
232427,5;73,86917
232443,5;73,86917
232460;73,86917
232477,3;73,88626
232493,6;73,90133
232509,7;73,91132
232526,3;73,92577
232542,9;74,39825
232559,9;74,82629
232576,3;75,31013
232592,6;76,2095
232609,7;76,69186
232626,1;77,60238
232643;78,06525
232658,8;78,95802
232679,1;79,4316
232692,3;78,98901
232708,9;79,42902
232725,1;79,43309
232741,7;79,4409
232758,3;79,44563
232774,8;79,45076
232791,4;80,33134
232807,9;80,3578
232824,5;80,3578
232841,2;80,3578
232857,6;80,3578
232874,2;80,89535
232890,9;80,89132
232907,3;80,89449
232923,9;80,8921
232940,5;80,88553
232957;80,88589
232973,6;80,89323
232990,2;80,88902
233006,7;80,27036
233023,5;79,6783
233040;79,14362
233056,7;79,02065
233073,1;78,35244
233089,9;77,70592
233106,8;77,22218
233122,7;77,2274
233139,3;77,22742
233155,8;77,23683
233172,4;77,24583
233189;77,25794
233205,5;77,26801
233222,2;77,1935
233238,7;76,49026
233255,5;75,83538
233272,5;75,33144
233288,4;75,19541
233305;75,20048
233322,2;75,20493
233338,4;75,20567
233355,6;75,18644
233371,2;74,7356
233387,8;74,27569
233404,9;73,80434
233420,9;73,35837
233437,5;72,89632
233454;72,42066
233470,8;72,42066
233487,2;72,42066
233503,7;72,46045
233520,3;72,46045
233536,9;72,46045
233554,3;72,46045
233570;72,46045
233586,6;72,46045
233603,1;72,46045
233622,2;72,46045
233639,6;72,46045
233655,3;72,46045
233672;72,46045
233688,5;72,46045
233705,1;72,46045
233721,6;72,46045
233738,2;72,46045
233754,8;72,46045
233771,7;72,46045
233788,3;72,46045
233804,5;72,46045
233821;72,46045
233838;72,46045
233854,2;72,46045
233870,9;72,46045
233887,3;72,46045
233904;72,46045
233920,4;72,46045
233937,3;72,46045
233953,5;72,46045
233970,9;72,46045
233986,7;72,46045
234003,3;72,46045
234019,8;72,46045
234036,4;72,46045
234053;72,46045
234069,5;72,46045
234086,1;72,46045
234102,6;72,46045
234119,2;72,46045
234136,3;72,46045
234152,7;72,46045
234168,9;72,46045
234185,7;72,46045
234202,1;72,46045
234218,6;72,46045
234235,2;72,46045
234251,8;72,46045
234268,3;72,59851
234285,1;72,42765
234301,7;72,42765
234318;72,42765
234334,9;72,42765
234351,5;72,42765
234368,2;72,42765
234384,3;72,42765
234400,9;72,42765
234417,4;72,42765
234434;72,42765
234450,6;72,42765
234467,1;72,42765
234483,7;72,42765
234500,3;72,42765
234517,1;72,42765
234533,4;72,42765
234550;72,42765
234566,5;72,42765
234583,1;72,42765
234599,7;72,42765
234616,2;72,42765
234632,8;72,42765
234649,6;72,42765
234666,2;72,42765
234682,5;72,42765
234699;72,42765
234715,6;72,42765
234732,2;72,42765
234749,1;72,42765
234765,7;72,42765
234782,2;72,42765
234798,5;72,42765
234815,2;72,42765
234831,6;72,42765
234848,2;72,42765
234865,3;72,42765
234881,3;72,42765
234898,4;72,42765
234914,4;72,42765
234931;72,42765
234947,6;72,42765
234964,3;72,42765
234980,7;72,42765
234997,3;72,42765
235014,3;72,42765
235030,4;72,42765
235047,1;72,42765
235063,5;72,42765
235080,1;72,42765
235096,7;72,42765
235113,2;72,42765
235130;72,42765
235146,3;72,42765
235162,9;72,42765
235179,5;72,42765
235196;72,42765
235212,8;72,42765
235229,2;72,42765
235245,8;72,42765
235262,3;72,42765
235279,5;72,42765
235295,9;72,42765
235312,3;72,42765
235328,6;72,42765
235345,2;72,42765
235361,7;72,42765
235378,4;72,42765
235394,9;72,42765
235411,4;72,42765
235428,1;72,42765
235444,5;72,42765
235461,8;72,42765
235477,7;72,42765
235495,2;72,42765
235510,8;72,42765
235527,4;72,42765
235544;72,42765
235560,7;72,42765
235577,7;72,42765
235593,7;72,42765
235610,4;72,42765
235626,8;72,42765
235643,8;72,42765
235659,9;72,42765
235676,5;72,42765
235693,4;72,42765
235709,6;72,42765
235726,2;72,42765
235742,8;72,42765
235759,7;72,42765
235775,9;72,42765
235792,9;72,42765
235809,2;72,42765
235825,6;72,42765
235842,2;72,42765
235858,8;72,42765
235875,3;72,42765
235891,9;72,42765
235908,4;72,42765
235925,4;72,4413
235941,6;71,98048
235958,1;71,98048
235975,3;71,98048
235991,5;71,98048
236007,8;71,98048
236024,4;71,98048
236041;71,98736
236057,6;71,55949
236074,4;71,12551
236090,7;70,65804
236107,2;70,65804
236124,1;70,65804
236140,3;70,65804
236157,7;70,65804
236173,5;70,74644
236190;70,74644
236206,6;70,74644
236223,2;70,74644
236239,8;70,74644
236256,5;70,74644
236272,9;70,74644
236289,5;70,74644
236306;70,74644
236323,5;70,74644
236339,9;70,74644
236356,1;70,74644
236372,3;70,74644
236391,6;70,74644
236408,2;70,74644
236424,8;70,74644
236441,3;70,74644
236457,9;70,74644
236474,4;70,74644
236491,2;70,74644
236507,6;70,74644
236525;70,74644
236541;70,74644
236557,3;70,74644
236573,9;70,74644
236590,5;70,74644
236607,4;70,74644
236623,5;70,74644
236640,1;70,74644
236656,7;70,74644
236673,3;70,74644
236689,9;70,74644
236706,4;70,74644
236723;70,74644
236739,6;70,74644
236756,1;70,74644
236772,6;70,74644
236789,2;70,74644
236806,2;70,74644
236822,3;70,74644
236838,9;70,74644
236855,5;70,74644
236872;70,74644
236888,6;70,74644
236905,2;70,74644
236922;70,74644
236938,3;70,74644
236954,9;70,74644
236971,4;70,74644
236988;70,74644
237004,6;70,74644
237021,2;70,74644
237037,7;70,74644
237054,3;70,74644
237070,8;70,74644
237087,4;70,74644
237104;70,74644
237120,5;70,74644
237137,1;70,74644
237153,7;70,74644
237170,7;70,74644
237186,8;70,74644
237203,4;70,74644
237220;70,74644
237236,5;70,74644
237253,1;70,74644
237270,1;70,74644
237286,2;70,74644
237309,5;70,74644
237319,4;70,74644
237335,9;70,74644
237352,6;70,74644
237369;70,74644
237385,6;70,74644
237402,2;70,74644
237418,8;70,74644
237435,6;70,74644
237451,9;71,34211
237468,4;71,34211
237485;71,34211
237501,6;71,34211
237518,1;71,34211
237534,7;71,34211
237551,7;71,34211
237567,9;71,34211
237584,4;71,34211
237601,4;71,34211
237617,9;71,34211
237634,5;71,34211
237650,7;71,34211
237667,5;71,34211
237683,8;71,34211
237700,4;71,34211
237717,1;71,34211
237733,5;71,34211
237750,1;71,34211
237767;71,34211
237783,2;71,34211
237799,8;71,34211
237816,9;71,34211
237832,9;71,34211
237850;71,34211
237866,3;71,34211
237882,7;71,34211
237899,2;71,34211
237916;71,34211
237933;71,34211
237948,9;71,34211
237965,4;71,34211
237982,3;71,34211
237998,6;71,34211
238015,1;71,34211
238031,7;71,34211
238048,3;71,34211
238065,2;71,47434
238081,4;71,47434
238098;71,47434
238114,5;71,47434
238131,1;71,47434
238147,7;71,47434
238164,2;71,47434
238180,8;71,47434
238204,6;71,47434
238213,9;71,47434
238230,6;71,47434
238247,4;71,47434
238263,6;71,47434
238280,2;71,47434
238296,8;71,47434
238313,3;71,47434
238329,9;71,47434
238346,5;71,47434
238363,4;71,47434
238379,6;71,47434
238396,4;71,47434
238412,7;71,47434
238429,4;71,47434
238445,9;71,47434
238462,4;71,47434
238479,9;71,47434
238495,6;71,47434
238512,1;71,47434
238528,7;71,47434
238545,6;71,47434
238562,1;71,47434
238578,4;71,47434
238595;71,47434
238611,5;71,47434
238628,5;71,47434
238644,7;71,47434
238661,2;71,47434
238677,8;71,47434
238694,5;71,47434
238710,9;71,47434
238727,6;71,47434
238744,1;72,12067
238760,8;72,12067
238777,3;72,12067
238794;72,12067
238810,7;72,12067
238827,2;72,12067
238843,5;72,12067
238860,6;72,12067
238877;72,12067
238893,2;72,12067
238909,8;72,12067
238926,3;72,12067
238943,1;72,12067
238959,4;72,12067
238976;72,12067
238992,6;72,12067
239009,3;72,12067
239025,7;72,12067
239042,3;72,12067
239058,8;72,12067
239077,8;72,12067
239092;72,12067
239108,9;72,12067
239125,1;72,12067
239141,7;72,12067
239158,3;72,12067
239174,8;72,12067
239191,4;72,12067
239207,9;72,12067
239224,5;72,12067
239241,1;72,12067
239257,8;72,12067
239274,8;72,12067
239290,8;72,12067
239307,3;72,234
239323,9;72,234
239340,8;72,234
239357;72,234
239373,6;72,234
239390,3;72,234
239406,8;72,234
239423,3;72,234
239439,9;72,234
239456,4;72,234
239473;72,234
239489,6;72,234
239506,7;72,234
239522,7;72,234
239539,3;72,234
239556;72,234
239572,4;72,234
239589;72,234
239605,5;72,234
239622,1;72,234
239638,8;72,66258
239655,7;72,65285
239671,8;72,63683
239688,4;72,17747
239704,9;71,72978
239721,5;71,25015
239738,1;70,71513
239754,7;70,70456
239771,2;70,7287
239771,2;70,71553
239791,2;70,70033
239807,8;70,69138
239824,3;70,69138
239840,9;70,69138
239857,5;71,20771
239874;71,20771
239890,8;71,20771
239907,2;71,20771
239923,7;71,20771
239940,3;71,20771
239957;71,20771
239973,5;71,20771
239990;71,20771
240006,6;71,20771
240023,1;71,20771
240039,7;71,20771
240056,3;71,20771
240072,8;71,20771
240089,4;71,20771
240106;71,20771
240122,9;71,20771
240139,3;71,20771
240155,7;71,20771
240172,2;71,20771
240188,8;71,20771
240205,4;71,20771
240221,9;71,20771
240238,5;71,20771
240255,1;71,20771
240271,7;71,20771
240288,2;71,20771
240305,2;71,20771
240321,3;71,20771
240338,1;71,20771
240354,9;71,20771
240371;71,20771
240387,6;71,20771
240404,3;71,20771
240421;71,20771
240437,8;71,20771
240453,9;71,20771
240470,4;71,20771
240487,4;71,20771
240503,7;71,20771
240520,1;71,20771
240536,7;71,20771
240553,3;71,20771
240569,8;71,29635
240586,4;71,29635
240603;71,29635
240619,5;71,29635
240641,1;71,29635
240652,9;71,29635
240669,2;71,29635
240686,4;71,29635
240702,4;71,29635
240719,3;71,29635
240735,5;71,29635
240752,1;71,29635
240768,6;71,29635
240785,7;71,29635
240801,8;71,29635
240818,3;71,29635
240834,9;71,29635
240851,5;71,29635
240868,2;71,29635
240884,6;71,29635
240901,2;71,29635
240917,7;71,29635
240934,3;71,29635
240950,9;71,29635
240967,4;71,29635
240984;71,29635
241000,6;71,29635
241017,1;71,29635
241033,7;71,29635
241050,8;71,29635
241066,8;71,29635
241083,4;71,29635
241100;71,29635
241117,1;71,29635
241133,1;71,29635
241149,7;71,29635
241166,3;71,67238
241182,8;71,61551
241199,4;71,18765
241216,5;71,18765
241232,7;71,66527
241249,6;71,66527
241265,6;71,66527
241282,2;71,66527
241299,3;71,66527
241315,3;71,66527
241331,9;71,66527
241348,6;71,66527
241365,2;71,66527
241382,2;71,66527
241398,2;71,66527
241414,7;71,66527
241431,3;71,66527
241447,9;71,66527
241464,4;71,66527
241481,1;71,66527
241497,6;71,66527
241514,1;71,66527
241531,1;71,66527
241547,3;71,66527
241563,8;71,66527
241580,4;71,66527
241597;71,5931
241613,5;71,5436
241630,1;71,49815
241647,5;71,4493
241663,2;71,41005
241679,9;71,36723
241696,9;71,37494
241712,9;71,37494
241729,5;71,37494
241746,1;71,37494
241762,6;71,37494
241779,5;71,37494
241795,8;71,37494
241812,5;71,37494
241829;71,37494
241845,5;71,37494
241862;71,37494
241878,6;71,37494
241895,2;71,37494
241911,7;71,38308
241928,3;71,38308
241945,7;71,38308
241961,4;71,38308
241978;71,38308
241995,3;71,38308
242011,1;71,38308
242028;71,38308
242044,3;71,38308
242061;71,38308
242077,4;71,38308
242094;71,38308
242110,5;71,38308
242127,9;71,38308
242143,7;71,38308
242160,2;71,38308
242177,5;71,38308
242193,4;71,38308
242210,4;71,38308
242226,5;71,38308
242243,1;71,38308
242259,6;71,38308
242276,2;71,38308
242293;71,38308
242309,7;71,71351
242325,9;71,64477
242342,9;71,57142
242359,2;71,49373
242376;71,43001
242392,2;71,353
242408,7;70,93911
242425,3;71,27162
242442,1;70,85693
242458,9;70,85693
242475,2;70,85693
242491,6;70,85693
242508,3;70,85693
242524,7;71,19186
242541,3;71,11584
242557,8;70,70155
242574,9;70,70155
242591,1;70,70155
242607,7;70,70155
242624,1;70,70155
242641,4;71,03663
242657,5;70,97493
242673,9;70,90768
242690,4;70,84155
242706,9;70,77609
242723,7;70,717
242740,1;70,65337
242756,6;70,59817
242773,2;70,52354
242789,8;70,45851
242806,3;70,38687
242822,9;70,33714
242839,5;70,27136
242856;69,58913
242872,6;69,22034
242889,2;69,14455
242906,3;69,07668
242922,3;69,00381
242938,9;68,92235
242955,4;68,16961
242972;67,32196
242989,2;66,71142
243005,3;66,6635
243021,7;66,61106
243038,3;66,55992
243054,8;66,49557
243071,4;66,43903
243088,2;66,38587
243104,5;66,30482
243121,1;66,25678
243138,3;66,21751
243154,2;65,5488
243171,4;65,54304
243188,3;65,52242
243203,9;65,05742
243220,5;65,04489
243237,1;65,02703
243253,7;65,01549
243270,2;64,99545
243286,8;64,97529
243303,5;64,91064
243320;64,91064
243336,5;64,91064
243353;64,91064
243369,6;64,91064
243386,2;64,91064
243403,1;64,91064
243420;64,91064
243435,9;64,91064
243452,4;64,91064
243469;64,91064
243486,1;64,91064
243502,5;64,91064
243518,8;64,91064
243535,5;64,91064
243551,8;64,91064
243569,3;64,91064
243585;64,91064
243601,8;64,91064
243618,1;64,91064
243634,7;64,91064
243651,2;64,91064
243668,1;64,91064
243684,4;64,91064
243700,9;64,91064
243718,1;64,91064
243734,2;64,91064
243751;64,91064
243767,5;64,91064
243784,2;64,91064
243801,1;64,91064
243817;64,91064
243833,5;64,91064
243850,1;64,91064
243866,8;64,91064
243883,2;64,91064
243900,2;64,91064
243917;64,91064
243932,9;64,91064
243949,5;64,91064
243966,2;64,91064
243983,1;64,91064
243999,1;64,91064
244016,5;64,91064
244033,3;64,91064
244048,8;64,91064
244065,4;64,91064
244082;64,91064
244098,5;64,91064
244115,1;64,91064
244131,7;65,02311
244148,3;65,02311
244165,1;65,02311
244181,4;65,02311
244198;65,02311
244214,5;65,02311
244231,1;65,02311
244247,7;65,02311
244264,2;65,02311
244280,8;65,02311
244297,7;65,02311
244314,3;65,02311
244330,9;65,02311
244347;65,02311
244364,4;65,02311
244380,7;65,02311
244397,6;65,02311
244413,3;65,02311
244430,8;65,02311
244447;65,02311
244463;65,02311
244479,6;65,02311
244496,1;65,02311
244512,8;65,02311
244529,3;65,02311
244545,8;65,02311
244562,4;65,02311
244579,2;65,02311
244596,3;65,02311
244612,4;65,02311
244628,8;65,02311
244645,2;65,02311
244661,8;65,02311
244678,4;65,02311
244695,8;65,02311
244711,5;65,02311
244728,1;65,02311
244745,4;65,02311
244761,7;65,02311
244777,9;65,02311
244794,6;65,02311
244810,9;65,02311
244827,6;65,02311
244844,4;65,02311
244860,6;65,45197
244878;65,45197
244893,7;65,45197
244910,3;65,45197
244926,9;65,45197
244943,5;65,45197
244960;65,45197
244977;65,45197
244993,4;65,45197
245009,7;65,45197
245026,3;65,45197
245042,9;65,45197
245059,4;65,45197
245076,3;65,45197
245092,5;65,45197
245109,2;65,45197
245125,7;65,45197
245142,3;65,45197
245158,9;65,45197
245175,4;65,45197
245192;65,45197
245209;65,45197
245225,1;65,45197
245242,5;65,45197
245258,7;65,45197
245274,8;65,45197
245291,3;65,45197
245307,9;65,45197
245324,5;65,45197
245342;65,45197
245357,6;65,45197
245374,2;65,45197
245390,7;65,45197
245408,2;65,45197
245423,9;65,45197
245440,4;65,45197
245457;65,45197
245474;65,45197
245490,1;65,45197
245507,7;65,45197
245523,3;65,45197
245539,8;65,45197
245556,4;65,45197
245573;65,52392
245589,5;65,52392
245606,1;65,52392
245622,7;65,52392
245639,2;65,52392
245655,8;65,52392
245672,4;65,52392
245688,9;65,52392
245705,7;65,52392
245722,1;65,52392
245738,7;65,52392
245755,2;65,52392
245771,8;65,52392
245788,3;65,52392
245805,2;65,52392
245821,5;65,52392
245838,1;65,52392
245854,6;65,52392
245871,2;65,52392
245887,7;65,52392
245904,5;65,52392
245920,9;65,52392
245937,4;65,52392
245954,5;65,52392
245970,6;65,81441
245987,4;65,80364
246003,7;65,78331
246020,3;65,77527
246037;65,77717
246053,4;65,77596
246070;65,76873
246086,5;65,47036
246103,1;65,47036
246120,5;65,47036
246136,2;65,47036
246153,2;65,47036
246169,4;65,47036
246185,9;65,47036
246202,5;65,47036
246219,1;65,47036
246236,5;65,47036
246252,3;65,47036
246268,8;65,47036
246285,3;65,47036
246302;65,47036
246318,5;65,47036
246335;65,83845
246352,4;65,83845
246368,2;65,83845
246384,7;65,83845
246401,3;65,83845
246417,9;65,83845
246435,2;65,83845
246451;65,83845
246467,6;65,83845
246484,1;65,83845
246500,7;65,83845
246517,3;65,83845
246533,8;65,83845
246550,4;65,83845
246567;65,83845
246583,7;65,83845
246600,1;65,83845
246616,7;65,83845
246633,2;65,83845
246649,8;65,83845
246666,4;65,83845
246683,1;65,83845
246699,6;65,83845
246716,6;65,73474
246732,6;65,71973
246749,4;65,70985
246765,8;65,69355
246782,3;65,68038
246799,3;65,66248
246815,5;65,3485
246832,1;65,3485
246848,6;65,3485
246865,2;65,3485
246882,7;65,3485
246898,3;65,3485
246914,9;65,3485
246931,5;65,3485
246948;65,3485
246964,6;65,3485
246981,2;65,64657
247004,3;65,32733
247014,3;65,32733
247030,8;65,32733
247047,4;65,32733
247064,3;65,70358
247080,5;65,70358
247097,1;65,70358
247113,9;65,70358
247131;65,70358
247146,9;65,70358
247163,4;65,70358
247179,9;65,70358
247196,5;65,70358
247213,1;65,70358
247229,6;65,70358
247246,2;65,70358
247262,8;65,70358
247279,3;65,70358
247295,9;65,70358
247312,6;65,70358
247329;65,70358
247345,6;65,64402
247363,1;65,61147
247379,2;65,58364
247395,9;65,55721
247411,9;65,51563
247428,4;65,48876
247445;65,44504
247461,9;65,42979
247478,1;65,39248
247495,1;65,35702
247511,7;65,33017
247527,8;65,29372
247544,4;65,2634
247561;65,22734
247577,5;65,19774
247594,1;65,15562
247610,7;65,13086
247627,2;65,16142
247643,8;65,16142
247660,4;65,16142
247677,1;65,10467
247694;65,07476
247710,1;65,04439
247726,7;65,01367
247743,2;65,03924
247760,5;65,03924
247776,7;65,03924
247793,2;65,03924
247809,5;65,04583
247826,3;65,04583
247843,1;65,04583
247859,4;65,04583
247876,1;65,04583
247892,3;65,04583
247908,9;65,04583
247925,4;65,04583
247942;65,04583
247958,6;65,04583
247975,1;65,04583
247991,7;65,04583
248009;65,04583
248024,8;65,04583
248041,5;65,04583
248058,5;65,04583
248074,5;65,04583
248091,2;65,04583
248107,7;65,04583
248124,2;65,04583
248140,8;65,04583
248157,6;65,04583
248174,4;65,04583
248190,5;65,04583
248207,1;65,04583
248223,9;65,04583
248240,2;65,04583
248256,8;65,30985
248273,3;65,27708
248289,9;64,97096
248306,9;64,97096
248323,3;64,97096
248339,8;64,97096
248357;64,97096
248372,7;64,97096
248389,7;64,97096
248405,9;64,97096
248422,4;64,97096
248439;64,97096
248455,6;64,97096
248472,2;64,97096
248488,7;64,97096
248505,3;64,97096
248521,8;64,97096
248538,9;64,97096
248555;64,97096
248571,5;64,97096
248588,2;64,97096
248605;64,97096
248621,2;65,35513
248637,8;65,35513
248654,9;65,35513
248671,2;65,35513
248687,5;65,35513
248704,1;65,35513
248721;65,35513
248737,3;65,35513
248753,8;65,35513
248770,3;65,35513
248787,3;65,35513
248803,5;65,35513
248820,1;65,35513
248836,6;65,35513
248853,5;65,35513
248869,8;65,35513
248886,5;65,35513
248902,9;65,35513
248919,4;65,35513
248936;65,35513
248953,3;65,35513
248969,4;65,35513
248986,2;65,35513
249002,3;65,35513
249018,8;65,35513
249035,7;65,35513
249052,3;65,35513
249068,5;65,35513
249085,7;65,35513
249102,3;65,35513
249118,5;65,35513
249134,9;65,35513
249151,7;65,35513
249168,3;65,35513
249184,5;65,35513
249201,1;65,35513
249217,6;65,35513
249234,2;65,35513
249251,2;65,35513
249267,3;65,35513
249283,9;65,35513
249300,5;65,35513
249317,3;65,35513
249333,8;65,35513
249350,6;65,35513
249366,9;65,35513
249383,4;65,39397
249400;65,39397
249416,4;65,39397
249433,1;65,39397
249449,6;65,39397
249466,5;65,39397
249482,7;65,39397
249500;65,39397
249515,8;65,39397
249532,5;65,39397
249549;65,39397
249565,5;65,39397
249582,4;65,39397
249598,7;65,39397
249615,4;65,39397
249632,1;65,39397
249648,6;65,39397
249664,9;65,39397
249681,5;65,39397
249698,1;65,39397
249714,6;65,39397
249731,8;65,39397
249747,8;65,39397
249764,3;65,39397
249780,9;65,39397
249797,5;65,39397
249814;65,39397
249830,6;65,39397
249847,3;65,39397
249863,8;65,39397
249880,5;65,39397
249897,1;65,39397
249913,4;65,39397
249937,2;65,39397
249946,6;65,39397
249963,1;65,39397
249979,7;65,39397
249996,3;65,39397
250012,9;65,39397
250029,4;65,39397
250046;65,39397
250062,5;65,39397
250079,1;65,39397
250095,7;65,39397
250112,3;65,39397
250128,8;65,39397
250145,7;65,39397
250161,9;65,39397
250178,5;65,78474
250195,1;65,78474
250211,6;65,78474
250228,2;65,78474
250244,8;65,78474
250261,3;65,78474
250277,9;65,78474
250294,5;65,78474
250311,2;65,78474
250327,7;65,78474
250344,4;65,78474
250360,7;65,78474
250377,3;65,78474
250393,9;65,78474
250410,4;65,78474
250427;65,78474
250443,6;65,78474
250460,3;65,78474
250476,7;65,78474
250493,5;65,78474
250509,8;65,78474
250526,4;65,78474
250543;65,78474
250560,1;65,78474
250576,1;65,78474
250592,7;65,77505
250609,6;65,77549
250625,8;65,76633
250643;65,7683
250658,9;65,7683
250675,5;65,7683
250692,3;65,7683
250708,6;65,7683
250726;65,7683
250742;65,7683
250758,3;65,7683
250774,9;65,7683
250791,5;65,7683
250808;65,7683
250824,7;65,75645
250841,2;65,75645
250857,7;65,75645
250874,6;65,75645
250891,3;65,75645
250907,4;65,75645
250924;65,83959
250941,1;65,83959
250957,2;65,83959
250973,7;65,83959
250990,3;65,83959
251006,8;65,83959
251023,4;65,83959
251040;65,83959
251056,5;65,83959
251073,4;65,83959
251089,7;65,83959
251106,5;65,83959
251122,9;65,83959
251139,4;65,83959
251156,2;65,83959
251172,5;65,83959
251189,1;65,83959
251205,6;66,21159
251222,2;66,24485
251238,8;66,28387
251255,4;66,32158
251271,9;65,91164
251289,4;65,4606
251305,5;65,52572
251321,6;65,58353
251338,7;65,63668
251354,8;65,69135
251371,9;65,74733
251387,9;65,80088
251404,4;65,85767
251421,2;65,54675
251437,9;65,59627
251454,1;65,65044
251471,4;65,63262
251487,9;65,70668
251503,8;65,76167
251520,4;65,81729
251537,1;65,87351
251553,5;65,85064
251570,1;65,92262
251586,7;65,92262
251603,2;65,92262
251619,8;65,92262
251636,4;66,09767
251652,9;66,09767
251669,5;66,09767
251686,1;66,09767
251702,6;66,09767
251720;66,09767
251735,8;66,09767
251752,9;66,09767
251768,9;66,09767
251786,3;66,09767
251802;66,09767
251818,6;66,09767
251835,9;66,09767
251851,7;66,09767
251868,3;66,09767
251884,9;66,09767
251901,4;66,09767
251918;66,09767
251934,6;66,09767
251951,1;66,47673
251968,1;66,577
251984,3;66,66543
252000,8;66,75857
252017,7;66,8505
252034,1;66,9296
252050,5;67,02023
252067,4;67,11101
252084,1;67,1936
252100,9;67,28554
252116,8;67,37948
252133,4;67,48399
252150;67,48399
252150;67,48399
252169,9;67,48399
252186,5;67,48399
252203,1;67,63922
252219,7;67,75379
252236,4;67,86242
252252,9;67,96375
252269,3;68,06395
252285,9;68,17343
252302,5;68,28369
252319,2;68,4018
252335,6;68,46163
252352,2;68,56837
252368,8;68,67744
252385,3;68,26605
252402,3;68,33183
252418,5;68,02955
252435,3;68,11316
252452,1;68,19889
252468,1;68,2843
252484,7;68,27798
252501,3;67,87339
252518,3;67,87339
252534,8;67,87339
252551;67,87339
252567,6;68,41571
252584,1;68,41571
252600,7;68,41571
252617,3;68,41571
252633,8;68,41571
252650,4;68,41571
252667;68,41571
252683,5;68,41571
252700,1;68,41571
252716,6;68,41571
252733,2;68,41571
252749,8;68,41571
252766,3;68,41571
252783;68,41571
252799,5;68,41571
252816;68,41571
252832,6;68,41571
252849,2;68,41571
252866,5;68,48844
252882,9;68,54984
252899,3;68,60885
252916,3;68,66679
252932;68,7189
252948,6;68,77476
252965,2;68,84997
252981,9;68,91319
252998,3;68,96132
253020,5;68,94383
253032,9;68,94383
253049,5;68,94383
253066,4;69,01678
253082,9;69,08098
253099,4;69,14009
253115,7;69,2049
253132,8;69,2686
253148,9;69,23585
253165,4;69,23585
253182;69,23585
253198,8;69,23585
253215,1;69,41431
253231,7;69,41431
253248,3;69,41431
253264,8;69,41431
253281,8;69,41431
253298;69,41431
253314,5;69,41431
253331,7;69,41431
253347,7;69,41431
253364,3;69,41431
253380,8;69,41431
253397,4;69,41431
253414;69,41431
253430,7;69,41431
253447,1;69,41431
253463,6;69,41431
253480,7;69,91718
253496,8;69,99971
253513,3;70,08485
253529,9;70,16743
253546,5;70,25745
253563,3;70,35056
253579,6;69,96731
253596,6;70,04192
253612,8;70,11591
253629,3;70,18566
253645,9;70,25677
253662,4;70,32378
253679;70,38788
253696,2;70,46069
253712,3;70,53027
253728,7;70,60264
253745,3;70,65925
253761,8;70,20338
253778,6;70,20338
253795;70,20338
253811,5;70,20338
253828,1;70,20338
253844,7;70,8068
253861,4;70,8068
253877,8;70,8068
253894,4;70,8068
253911,1;70,8068
253927,5;70,8068
253944,1;70,8068
253960,6;70,8068
253983,9;70,8068
254000,5;70,8068
254017,1;70,8068
254033,6;70,8068
254050,2;70,8068
254066,8;70,8068
254083,3;70,8068
254100,1;70,8068
254116,5;70,8068
254133;70,8068
254150;70,8068
254166,5;70,8068
254182,7;70,8068
254199,3;70,8068
254215,9;70,8068
254232,4;70,8068
254249,1;70,8068
254265,6;70,8068
254282,3;70,8068
254299,1;70,8068
254315,3;70,8068
254332,1;70,8068
254348,4;70,8068
254365;70,8068
254382,2;70,8068
254398,8;70,8068
254414,7;70,8068
254431,2;70,8068
254447,8;70,8068
254464,8;71,08391
254480,9;71,08391
254497,6;71,08391
254514,1;71,08391
254530,6;71,08391
254547,2;71,08391
254563,9;71,08391
254580,3;71,08391
254596,9;71,08391
254614;71,08391
254630;71,08391
254646,8;71,08391
254663,2;71,08391
254679,7;71,08391
254696,4;71,08391
254713;71,08391
254729,8;71,08391
254746;71,08391
254762,6;71,08391
254779,1;71,08391
254795,8;71,08391
254812,3;71,08391
254828,8;71,08391
254845,4;71,08391
254862,1;71,08391
254878,5;71,08391
254901;71,08391
254917,6;71,08391
254934,1;71,08391
254951,3;71,08391
254967,3;71,08391
254984;71,08391
255000,4;71,08391
255017;71,08391
255033,5;71,08391
255050,3;71,22469
255066,7;71,22469
255083,3;71,22469
255099,8;71,22469
255116,4;71,22469
255133;71,22469
255149,5;71,22469
255166,1;71,22469
255182,6;71,22469
255199,5;71,22469
255215,8;71,22469
255232,4;71,22469
255248,9;71,22469
255265,5;71,22469
255282;71,22469
255299;71,22469
255315,2;71,22469
255331,7;71,22469
255348,3;71,22469
255364,9;71,22469
255381,4;71,22469
255398;71,22469
255414,6;71,22469
255431,1;71,22469
255447,7;71,22469
255464,3;71,22469
255480,8;71,22469
255497,7;71,22469
255514,1;71,22469
255530,5;71,22469
255547,1;71,22469
255563,7;71,22469
255580,2;71,22469
255596,8;71,22469
255613,4;71,22469
255629,9;71,22469
255646,5;71,22469
255663,1;71,74793
255679,6;71,74793
255696,5;71,74793
255712,8;71,74793
255729,3;71,74793
255745,9;71,74793
255762,7;71,74793
255779,3;71,74793
255795,6;71,74793
255812,2;71,74793
255828,7;71,74793
255845,3;71,74793
255861,9;71,74793
255878,4;71,74793
255895;71,74793
255911,6;71,74793
255928,1;71,74793
255944,8;71,74793
255961,3;71,74793
255978,4;71,74793
255994,4;71,74793
256011;71,74793
256027,6;71,74793
256044,3;71,74793
256060,7;71,74793
256077,2;71,74793
256094;71,74793
256110,4;71,74793
256126,9;71,74793
256143,5;71,74793
256160,1;71,74793
256176,7;71,74793
256194,1;71,74793
256209,8;71,74793
256226,3;71,74793
256242,9;71,60651
256259,6;71,50994
256276,6;71,50994
256292,7;71,50994
256309,2;71,50994
256325,8;71,50994
256342,3;71,91622
256358,9;71,91622
256375,8;71,91622
256392;71,91622
256408,6;71,91622
256425,3;71,91622
256441,8;71,91622
256458,3;71,91622
256474,8;71,91622
256491,4;71,91622
256508;71,91622
256524,6;71,91622
256541,1;71,91622
256557,7;71,91622
256574,2;71,91622
256590,8;71,91622
256607,4;71,91622
256624,2;71,91622
256640,5;71,91622
256657,1;71,91622
256675,2;71,91622
256691,9;71,72679
256708,5;71,61002
256725,4;71,49234
256742,3;71,36558
256758;71,23486
256774,6;71,10197
256791,2;70,98956
256807,9;70,88078
256824,3;70,76164
256840,9;70,82281
256857,5;70,82281
256874,7;70,82281
256890,6;70,82281
256907,1;70,82281
256923,7;70,82281
256941;70,82281
256956,8;70,82281
256973,4;70,82281
256990,3;70,63619
257006,5;70,69475
257023,1;70,69475
257039,7;70,69475
257056,3;70,69475
257073;70,56956
257089,8;70,56956
257106,3;70,56956
257122,5;70,56956
257139,1;70,56956
257155,6;70,56956
257173;70,56956
257188,9;70,56956
257205,4;70,56956
257222;70,56956
257238,8;70,56956
257255,4;70,56956
257271,6;70,56956
257288,2;70,56956
257304,8;70,56956
257321,5;70,87058
257337,9;70,7581
257354,5;70,6521
257371,2;70,5371
257387,7;69,85371
257404,5;69,71925
257420,9;69,59251
257437,8;69,48372
257453,9;69,36367
257471,2;69,24306
257487;69,09857
257503,8;68,97172
257520,1;68,8438
257537,4;68,7305
257553,3;68,6056
257578,5;68,47816
257586,5;68,34866
257603,3;68,21552
257619,6;68,00868
257636,4;67,86125
257652,8;67,70927
257669,6;67,22929
257685,9;67,55651
257702,5;67,39934
257719;67,23866
257735,6;67,09824
257752,2;66,93166
257768,7;66,77005
257785,4;66,61209
257802,3;66,13294
257818,4;66,13294
257835;66,13294
257851,8;66,13294
257868,9;66,51627
257884,7;66,51627
257901,7;66,51627
257917,8;66,51627
257934,7;66,51627
257951,7;66,51627
257967,7;66,51627
257984,1;66,51627
258000,7;66,51627
258017,5;66,51627
258033,8;66,51627
258050,4;66,51627
258066,9;66,51627
258083,5;66,51627
258100,1;66,51627
258116,6;66,51627
258133,2;66,51627
258149,8;66,51627
258166,3;66,51627
258182,9;66,51627
258199,8;66,51627
258216;66,51627
258232,7;66,51627
258249,6;66,51627
258265,7;66,51627
258282,6;66,51627
258299,2;66,51627
258315,4;66,51627
258332;66,51627
258348,6;66,51627
258365,4;66,51627
258381,7;66,51627
258398,8;66,51627
258414,8;66,51627
258431,4;66,51627
258448;66,51627
258464,8;66,51627
258481,1;66,51627
258497,8;66,51627
258514,3;66,51627
258531,3;66,51627
258547,4;66,51627
258564;66,51627
258580,5;66,51627
258597;66,51627
258613,6;66,51627
258630,2;66,51627
258646,8;66,51627
258663,7;66,51627
258680,2;66,51627
258696,7;66,51627
258713;66,41306
258729,6;66,5022
258746,2;66,5022
258762,9;66,5022
258779,6;66,5022
258795,9;66,5022
258812,9;66,5022
258829;66,5022
258846,3;66,5022
258862,1;66,5022
258878,7;66,5022
258895,3;66,5022
258911,8;66,5022
258929,1;66,5022
258945;66,5022
258961,6;66,5022
258978,1;66,5022
258994,8;66,5022
259011,8;66,5022
259027,8;66,5022
259044,4;66,5022
259061,2;66,5022
259077,5;66,5022
259094,1;66,5022
259111,1;66,5022
259127,3;66,5022
259144,1;66,5022
259160,3;66,5022
259176,9;66,5022
259193,5;66,5022
259210;66,5022
259226,6;66,5022
259243,2;66,5022
259259,9;66,5022
259276,3;66,5022
259292,8;66,5022
259309,6;66,5022
259326;66,5022
259342,6;66,5022
259359,4;66,5022
259375,7;66,5022
259392,3;66,5022
259413,5;66,89575
259430,1;66,89575
259447,2;66,89575
259463,2;66,89575
259479,8;66,89575
259496,3;66,89575
259512,9;66,89575
259529,8;66,89575
259546;66,89575
259562,7;66,89575
259579,3;66,89575
259595,7;66,89575
259612,6;66,89575
259629,3;66,89575
259645,7;66,89575
259662,6;66,89575
259678,6;66,89575
259695,1;66,89575
259712;66,89575
259728,7;66,89575
259744,8;66,89575
259761,4;66,89575
259778;66,89575
259794,5;66,67422
259811,1;66,73905
259827,7;66,73905
259845,1;66,73905
259860,8;66,73905
259877,3;66,73905
259894,3;66,73905
259910,5;66,73905
259927,3;66,73905
259943,6;66,73905
259960,5;66,73905
259976,8;66,73905
259993,3;66,73905
260009,9;66,73905
260026,5;66,73905
260043;66,73905
260059,6;66,73905
260076,2;66,73905
260092,7;66,73905
260109,3;66,73905
260126,5;66,73905
260142,9;66,73905
260159,2;66,73905
260175,6;66,73905
260192,3;66,60136
260208,7;66,60136
260225,3;66,60136
260241,8;66,60136
260263,2;66,60136
260275;66,60136
260291,5;66,60136
260308,1;66,60136
260324,6;66,60136
260341,2;66,60136
260357,8;66,60136
260374,4;66,60136
260390,9;66,60136
260408;66,60136
260424,6;66,60136
260441,1;66,60136
260457,2;66,60136
260473,8;66,60136
260490,6;66,60136
260507;66,60136
260523,5;66,60136
260540,2;66,60136
260556,6;66,60136
260573,2;66,60136
260589,7;66,60136
260606,3;66,60136
260623;66,60136
260640;66,60136
260656,2;66,60136
260672,6;66,60136
260689,1;66,60136
260705,7;66,60136
260722,3;66,60136
260738,9;66,60136
260755,5;66,60136
260772,8;66,60136
260789;66,60136
260805,1;66,60136
260822,4;66,60136
260838,2;66,60136
260855;66,60136
260871,4;66,60136
260887,9;66,60136
260904,6;66,60136
260921,1;66,60136
260937,7;66,60136
260955,1;66,60136
260971;67,04772
260987,3;67,04772
261004,3;67,04772
261020,5;67,04772
261037;67,04772
261053,6;67,04772
261071,3;67,04772
261086,7;67,04772
261103,3;67,04772
261119,9;67,04772
261136,4;67,04772
261153,4;67,04772
261169,6;67,04772
261186,1;67,04772
261202,7;67,04772
261219,3;67,04772
261235,8;67,04772
261252,6;67,04772
261269;67,04772
261285,5;67,04772
261302,3;67,04772
261318,8;66,87596
261335,2;66,74637
261351,8;66,63826
261368,7;66,4239
261384,9;65,4996
261401,5;65,03983
261418,1;65,05895
261434,6;64,77566
261451,2;64,82153
261467,8;64,86241
261484,3;64,84309
261501;64,84309
261517,5;64,84309
261534;64,84309
261550,6;64,84309
261567,5;64,84309
261584,2;64,84309
261600,8;64,84309
261617;64,91661
261633,4;64,88636
261650,4;64,88636
261666,6;64,88636
261683,1;64,88636
261699,7;65,03252
261716,3;65,03252
261732,8;65,03252
261749,7;65,03252
261766,8;65,03252
261782,5;65,03252
261799,1;65,03252
261815,6;65,03252
261832,2;65,03252
261848,9;65,03252
261865,4;65,03252
261882,2;65,03252
261898,8;65,03252
261915,8;65,03252
261931,6;65,03252
261948,2;65,03252
261964,8;65,03252
261981,3;65,03252
261997,9;65,03252
262014,8;65,03252
262033,4;65,03252
262050,6;65,03252
262066,5;65,03252
262083,1;65,03252
262099,7;65,03252
262116,2;65,03252
262132,9;65,03252
262158;65,03252
262181,7;65,03252
262208,8;65,03252
262225,3;65,03252
262242,5;65,03252
262262,5;65,03252
262279,7;65,03252
262297,3;65,03252
262315,2;65,03252
262333,8;65,03252
262351,9;65,03252
262374,9;65,03252
262397;65,03252
262420,3;65,03252
262436,9;65,03252
262459,5;65,53076
262476,4;65,53076
262494,1;65,53076
262513;65,53076
262531,3;65,53076
262548,3;65,53076
262564,6;65,53076
262584,8;65,53076
262609,8;65,53076
262629,7;65,53076
262646,3;65,53076
262666,6;65,53076
262683,2;65,69547
262702,3;65,80083
262726;65,90653
262745;66,02052
262765,8;66,1474
262787,5;66,20977
262816;66,3191
262843,6;66,42572
262862,7;66,53394
262881,3;66,63931
262898,7;66,74651
262926;66,85094
262942,5;66,54564
262959,1;66,93749
262975,7;67,03456
262992,3;67,13481
263013;67,23779
263035,3;67,34171
263060,9;67,34171
263078,2;67,34171
263095,1;67,55624
263115,2;67,55624
263132,3;67,55624
263148,4;67,55624
263165;67,55624
263184,3;67,55624
263202,5;67,55624
263223,8;67,55624
263248,1;67,55624
263274,4;67,55624
263291,6;67,55624
263309;67,55624
263327,9;67,55624
263344,9;67,55624
263361,5;67,55624
263380,3;67,55624
263397,1;67,55624
263413,6;67,55624
263440,2;67,55624
263458,9;67,55624
263483,7;67,55624
263500,8;67,55624
263517,6;67,55624
263533,9;67,55624
263550,4;67,55624
263567;67,55624
263583,6;67,55624
263600,2;67,55624
263616,7;67,55624
263633,3;67,55624
263649,8;67,55624
263666,4;67,55624
263683;67,55624
263699,6;67,55624
263716,1;67,55624
263733,2;67,55624
263749,3;67,55624
263766,2;67,55624
263782,5;67,55624
263798,9;68,09665
263815,5;68,09665
263845,6;68,09665
263862,7;68,09665
263878,7;68,09665
263895,3;68,09665
263911,8;68,09665
263928,4;68,09665
263945,1;68,09665
263961,9;68,09665
263978,1;68,09665
263995,3;68,09665
264011,2;68,09665
264027,9;68,09665
264044,7;68,09665
264060,9;68,09665
264077,5;68,09665
264094,6;68,09665
264110,7;68,09665
264127,2;68,09665
264143,8;68,09665
264160,4;68,09665
264176,9;68,09665
264194,2;68,09665
264210,4;68,09665
264226,6;68,09665
264243,2;68,09665
264259,8;68,09665
264276,3;68,09665
264292,9;68,09665
264309,4;68,09665
264326;68,09665
264342,6;68,09665
264359,3;68,09665
264375,7;68,09665
264392,3;68,09665
264408,9;68,09665
264425,4;68,09665
264442,3;68,40099
264458,8;68,40099
264475,8;68,40099
264491,8;68,40099
264508,3;68,40099
264525,4;68,40099
264541,7;68,40099
264557,9;68,40099
264575,1;68,40099
264591,2;68,40099
264607,6;68,40099
264624,2;68,40099
264640,9;68,40099
264657,3;68,40099
264673,9;68,40099
264690,5;68,40099
264708,4;68,40099
264725,4;68,40099
264741,7;68,40099
264758,2;68,40099
264774,7;68,40099
264791,3;68,40099
264807,9;68,40099
264824,4;68,40099
264841;68,40099
264857,5;68,40099
264874,1;68,40099
264891;68,40099
264907,4;68,40099
264923,8;68,81853
264940,4;68,93951
264957,1;68,62249
264973,5;68,62249
264990,1;68,62249
265006,7;68,62249
265023,2;69,17842
265039,8;69,17842
265056,4;69,17842
265072,9;69,17842
265090;69,17842
265106,1;69,17842
265122,7;69,17842
265139,2;69,17842
265155,8;69,17842
265172,5;69,17842
265188,9;69,17842
265205,8;69,17842
265222;69,17842
265238,8;69,17842
265255,4;69,17842
265271,7;69,17842
265288,5;69,17842
265304,8;69,17842
265322,2;69,17842
265338;69,17842
265354,6;69,17842
265371,1;69,17842
265387,8;69,17842
265404,3;69,17842
265420,8;69,17842
265437,4;69,17842
265453,9;69,17842
265470,5;69,17842
265487,3;69,17842
265503,7;69,17842
265520,2;69,17842
265536,8;69,17842
265553,7;69,17842
265569,9;69,17842
265586,5;69,17842
265603,1;69,17842
265620,6;69,17842
265637,5;69,17842
265654,1;69,45699
265670,3;69,45699
265686,9;69,45699
265703,8;69,45699
265720;69,45699
265736,6;69,45699
265753,2;69,45699
265769,8;69,45699
265786,3;69,45699
265803,7;69,45699
265820;69,45699
265836;69,45699
265853,5;69,45699
265869,1;69,45699
265885,7;69,45699
265902,3;69,45699
265918,8;69,45699
265935,8;69,45699
265952;69,45699
265968,5;69,45699
265985,1;69,45699
266001,7;69,45699
266018,6;69,45699
266034,9;69,45699
266051,7;69,45699
266068,7;69,45699
266085;69,45699
266101;69,45699
266117,8;69,45699
266134,2;69,45699
266150,8;69,45699
266167,3;69,45699
266183,9;69,45699
266200,4;69,87219
266217,1;69,55978
266233,6;69,55978
266250,7;69,55978
266266,7;69,55978
266283,3;69,55978
266299,9;70,10394
266316,4;70,10394
266333,3;70,10394
266349,8;70,10394
266366,1;70,10394
266382,7;70,10394
266399,3;70,10394
266415,8;70,10394
266432,4;70,10394
266449,2;70,10394
266466,2;70,10394
266482,1;70,10394
266498,7;70,10394
266515,2;70,24806
266531,8;70,34244
266548,3;70,45144
266569,5;70,55643
266582,6;70,66435
266599,6;70,77227
266615,8;70,88065
266632,3;70,98335
266648,8;71,08925
266665,4;71,19652
266681,9;71,30001
266699;71,34121
266715,1;71,39977
266732,2;70,87257
266748,4;70,98253
266764,8;70,62067
266781,3;70,7079
266797,9;70,76775
266814,5;70,84262
266831,6;70,91575
266848,3;70,5504
266864,2;70,5504
266880,8;70,5504
266897,3;70,5504
266914,1;71,07336
266930,4;71,07336
266947;71,07336
266963,6;71,07336
266980,2;71,07336
266996,7;71,07336
267013,3;71,07336
267029,8;71,07336
267046,4;71,07336
267063;71,07336
267079,6;71,07336
267096,1;71,07336
267112,8;71,07336
267129,8;71,07336
267146,3;71,07336
267162,4;71,07336
267179;71,07336
267195,5;71,11762
267212,1;71,15708
267228,6;71,18545
267245,2;71,21407
267262;71,25374
267278,6;71,28849
267295,5;71,25723
267311,5;70,67784
267328,3;70,63714
267345,3;70,60238
267361,6;70,57168
267377,9;70,58076
267394,3;70,53112
267410,9;70,49621
267427,7;70,45924
267444;70,41577
267460,6;70,38032
267480,2;70,35073
267496,8;70,36185
267513,3;70,36185
267529,9;70,36185
267547;70,36185
267563;70,40376
267579,6;70,40376
267596,1;70,40376
267612,7;70,40376
267629,3;70,40376
267645,8;70,40376
267662,4;70,40376
267679,3;70,40376
267695,6;70,40376
267712,2;70,40376
267729,1;70,40376
267745,3;70,40376
267761,8;70,40376
267778,4;70,40376
267795,5;70,40376
267811,5;70,40376
267828,4;70,40376
267844,6;70,40376
267861,2;70,40376
267878;70,40376
267894,3;70,40376
267911,2;70,40376
267927,8;70,40376
267944;70,40376
267960,8;70,40376
267977,2;70,40376
267993,8;70,40376
268010,3;70,40376
268027,4;70,40376
268043,5;70,40376
268060,1;70,40376
268076,6;70,40376
268093,1;70,40376
268109,9;70,40376
268126,3;70,40376
268142,8;70,40376
268159,4;70,40376
268176;70,40376
268193,4;70,40376
268209,5;70,40376
268225,7;70,40376
268242,2;70,40376
268258,8;70,40376
268275,4;70,85422
268292,1;70,85422
268308,7;70,85422
268325,1;71,1871
268345,5;71,1871
268358,2;71,1871
268374,8;71,1871
268391,7;71,1871
268408,1;71,1871
268424,5;71,1871
268441;71,1871
268457,6;71,1871
268474,3;71,1871
268491,6;71,1871
268507,3;71,1871
268523,9;71,1871
268540,4;71,1871
268557,3;71,1871
268573,6;71,1871
268590,1;71,1871
268606,7;71,1871
268623,3;71,1871
268640,7;71,1871
268657,2;71,1871
268673;71,1871
268692,1;71,1871
268710,9;71,1871
268729,2;71,1871
268748,1;71,1871
268764,7;71,1871
268788,6;71,1871
268813,5;71,1871
268838,8;71,1871
268860,9;71,1871
268877,8;71,1871
268896,4;71,1871
268918,1;71,1871
268937,7;71,1871
268959,3;71,1871
268976,2;71,15137
269002,1;71,15137
269028,1;71,15137
269044,8;71,15137
269061,8;71,15137
269077,8;71,15137
269094,4;71,15137
269110,9;71,15137
269127,5;71,15137
269144,4;71,15137
269161,2;71,15137
269177,3;71,15137
269193,8;71,15137
269210,7;71,15137
269226,9;71,15137
269243,8;71,15137
269260;71,15137
269276,6;71,15137
269293,7;71,15137
269310;71,15137
269326,3;71,15137
269343,1;71,15137
269359,4;71,15137
269376,2;71,15137
269392,6;71,15137
269409,3;71,15137
269426,4;71,15137
269442,3;71,15137
269458,8;71,15137
269475,4;71,15137
269492;71,15137
269509,3;71,15137
269525,2;71,15137
269541,7;71,15137
269558,3;71,15137
269574,8;71,15137
269591,6;71,15137
269607,9;71,15137
269624,5;71,15137
269641,1;71,15137
269657,7;71,15137
269674,2;71,15137
269691;71,15137
269707,3;71,15137
269723,9;71,53557
269740,5;71,53557
269757,1;71,53557
269773,6;71,53557
269790,4;71,53557
269807,7;71,53557
269823,5;71,53557
269839,9;71,53557
269856,8;71,53557
269873,2;71,53557
269889,6;71,53557
269906,1;71,53557
269922,7;71,53557
269939,3;71,53557
269955,9;71,53557
269972,4;71,53557
269989;71,53557
270005,5;71,53557
270022,5;71,53557
270038,7;71,53557
270055,6;71,53557
270071,8;71,53557
270088,4;71,53557
270104,9;71,53557
270121,5;71,53557
270138,1;71,53557
270154,6;71,53557
270171,7;71,53557
270187,8;71,53557
270204,3;71,53557
270220,9;71,53557
270237,8;71,53557
270254,3;71,53557
270271,2;71,53557
270287,7;71,53557
270303,8;71,53557
270320,3;71,53557
270337,4;71,53557
270353,4;71,53557
270370;71,53557
270386,6;71,53557
270403,4;71,53557
270419,7;71,53557
270436,6;71,53557
270453,2;71,53557
270469,4;71,53557
270486,6;71,53557
270502,9;71,4847
270519,1;71,4847
270535,9;71,4847
270552,3;71,4847
270568,8;71,4847
270585,4;71,4847
270601,9;71,4847
270618,5;71,4847
270635,1;71,4847
270651,7;71,4847
270668,5;71,4847
270684,8;71,4847
270701,3;71,4847
270718,2;71,4847
270734,5;71,4847
270751,6;71,4847
270767,7;71,81686
270784,3;71,73951
270801;71,65742
270817,3;71,05159
270833,9;70,23267
270850,8;70,13192
270867;70,04071
270883,6;69,24142
270900,2;69,16491
270917,1;68,50266
270933,3;68,4201
270949,9;68,33504
270966,5;68,24517
270983;68,17249
271000;68,08475
271016,1;68,00951
271032,7;67,90995
271049,4;67,95319
271066,4;67,95319
271082,4;67,95319
271098,9;67,82664
271115,5;67,74858
271132,1;67,66833
271148,8;67,58713
271165,3;67,49818
271182,1;67,53106
271198,3;67,53106
271214,9;67,53106
271231,6;67,46349
271248,1;67,46349
271265,1;67,46349
271281,2;67,46349
271297,7;67,46349
271314,7;67,46349
271331,2;67,46349
271347,4;67,46349
271364;67,46349
271380,6;67,46349
271397,5;67,46349
271413,7;67,46349
271430,3;67,46349
271446,8;67,46349
271463,4;67,46349
271480;67,46349
271496,6;67,46349
271513,2;67,46349
271529,9;67,46349
271546,8;67,46349
271562,8;67,46349
271579,4;67,46349
271596;67,46349
271612,5;67,46349
271629,8;67,46349
271645,6;67,46349
271662,5;67,46349
271679,3;67,46349
271695,3;67,46349
271712,5;67,46349
271728,5;67,46349
271745;67,46349
271761,8;67,46349
271778,6;67,46349
271794,8;67,46349
271811,3;67,46349
271827,9;67,46349
271844,4;67,46349
271861;67,46349
271881,3;67,46349
271897,8;67,46349
271914,4;67,46349
271931;67,46349
271947,6;67,46349
271964,4;67,46349
271980,7;67,46349
271997,3;67,94801
272014,4;67,94801
272030,4;67,94801
272046,9;67,94801
272063,5;67,94801
272080,1;67,94801
272096,6;67,94801
272113,2;67,94801
272129,9;67,94801
272146,3;67,94801
272163,2;67,94801
272179,5;67,94801
272196;67,94801
272213,4;67,94801
272229,2;67,94801
272245,7;67,94801
272262,8;67,94801
272279,7;67,94801
272295,4;67,94801
272312;67,94801
272328,7;67,94801
272345,2;67,94801
272361,7;67,94801
272378,3;67,94801
272395,3;67,94801
272411,6;67,94801
272427,9;67,94801
272444,5;67,94801
272461,1;67,94801
272477,7;67,94801
272494,2;67,94801
272511,1;67,94801
272527,5;67,94801
272544,2;67,94801
272560,6;67,94801
272577,1;67,94801
272594,2;67,94801
272610,4;67,94801
272627,1;67,94801
272643,6;67,94801
272659,9;67,94801
272676,4;67,94801
272693;67,99044
272709,8;67,99044
272726,5;67,99044
272743,1;67,99044
272759,3;67,99044
272775,8;67,99044
272793,6;67,99044
272809;67,99044
272825,6;67,99044
272842,1;67,99044
272858,7;67,99044
272875,3;67,99044
272891,8;67,99044
272908,9;67,99044
272925;67,99044
272941,5;67,99044
272958,7;67,99044
272974,7;67,99044
272991,9;67,99044
273007,8;67,99044
273024,3;67,99044
273040,9;67,99044
273057,5;67,99044
273074,1;67,99044
273091;67,99044
273107,3;67,99044
273123,8;67,99044
273140,6;67,99044
273156,9;67,99044
273173,5;67,99044
273190,5;67,99044
273206,6;67,99044
273223,3;67,99044
273239,8;67,99044
273256,3;67,99044
273273,4;67,99044
273289,7;67,99044
273306;67,99044
273322,6;67,99044
273339,1;67,99044
273355,7;67,99044
273372,3;68,54739
273388,8;68,54739
273405,4;68,54739
273422;68,54739
273438,5;68,54739
273455,2;68,54739
273471,7;68,54739
273488,2;68,54739
273504,8;68,54739
273521,6;68,54739
273537,9;68,54739
273554,5;68,54739
273571,2;68,54739
273587,6;68,54739
273604,6;68,54739
273620,8;68,54739
273637,3;68,54739
273653,9;68,54739
273671,8;68,54739
273687,2;68,54739
273703,8;68,54739
273720,5;68,54739
273736,7;68,54739
273753,3;68,54739
273770;68,54739
273786,4;68,54739
273803,1;68,54739
273819,6;68,54739
273836,1;68,54739
273852,7;68,54739
273869,3;68,54739
273885,8;68,54739
273902,4;68,55728
273919,1;68,57136
273935,5;68,5644
273952,1;68,5644
273968,7;68,5644
273985,2;68,5644
274001,8;68,68285
274018,3;68,68285
274034,9;68,68285
274052;68,68285
274068,9;68,68285
274084,6;68,68285
274101,5;68,68285
274117,8;68,68285
274134,3;68,68285
274150,9;68,68285
274167,4;68,68285
274184;68,68285
274201;68,68285
274217,2;68,68285
274234;68,68285
274250,6;68,68285
274266,8;69,18042
274283,4;69,20753
274300;69,24872
274316,8;68,78882
274333,1;68,86161
274349,7;68,93186
274366,3;69,00835
274383,3;69,0757
274399,4;69,14647
274416;69,21136
274432,5;69,19745
274449,1;69,28831
274465,6;69,36441
274482,6;69,43589
274498,9;69,50169
274515,3;69,57542
274531,9;69,64755
274548,9;69,72112
274565,1;69,78911
274582,1;69,85709
274601,8;69,85709
274615,4;69,85709
274632;70,4519
274648,8;70,4519
274665,4;70,4519
274681,7;70,4519
274698,3;70,4519
274714,8;70,4519
274731,4;70,4519
274748;70,4519
274765,1;70,4519
274781,1;70,4519
274798,2;70,4519
274814,3;70,4519
274831;70,4519
274847,4;70,4519
274864,1;70,4519
274880,5;70,4519
274897,1;70,4519
274913,9;70,4519
274930,8;70,4519
274947,2;70,52904
274963,3;70,5013
274979,9;70,57091
274996,5;69,81342
275013,1;69,50849
275029,9;69,61561
275046,2;69,26827
275062,8;69,26827
275079,3;69,26827
275095,9;69,26827
275112,5;69,26827
275129;69,72328
275145,6;69,83878
275162,1;69,94911
275179,1;70,05939
275195,6;70,05939
275211,8;70,05939
275228,5;70,05939
275245;70,3017
275261,6;70,3017
275278,3;70,3017
275294,7;70,3017
275311,3;70,3017
275327,8;70,3017
275344,7;70,3017
275361,1;70,3017
275377,7;70,3017
275394,1;70,3017
275410,7;70,3017
275427,2;70,3017
275443,8;70,3017
275460,3;70,3017
275480,4;70,3017
275497,4;70,3017
275513,5;70,3017
275530,1;70,3017
275546,9;70,3017
275563,2;70,3017
275579,8;70,3017
275596,6;70,3017
275612,9;70,3017
275629,6;70,3017
275646;70,3017
275662,6;70,3017
275679,2;70,3017
275695,8;70,3017
275713;70,3017
275728,9;70,3017
275745,4;70,3017
275762;70,3017
275778,6;70,3017
275795,8;70,3017
275811,7;70,3017
275828,8;70,3017
275844,8;70,3017
275861,4;70,85036
275878;70,85036
275894,7;70,85036
275911,1;70,85036
275927,7;70,85036
275944,5;70,85036
275960,8;70,85036
275977,3;70,85036
275994,5;70,85036
276010,5;70,85036
276027,1;70,85036
276043,7;70,85036
276060,6;70,85036
276076,8;70,85036
276093,3;70,85036
276109,9;70,85036
276126,9;70,85036
276143,1;70,85036
276159,6;70,85036
276176,4;70,85036
276192,8;70,85036
276209,3;70,85036
276225,9;70,85036
276242,5;70,85036
276259,5;70,85036
276275,6;70,85036
276292,2;70,85036
276308,8;70,85036
276325,3;70,85036
276341,8;70,85036
276358,4;70,85036
276381,2;70,85036
276391,6;70,85036
276408,3;70,85036
276424,8;70,85036
276441,2;70,85036
276457,8;70,85036
276474,4;70,85036
276490,9;70,85036
276507,6;71,0447
276524,1;71,0447
276540,7;71,0447
276557,2;71,0447
276573,8;71,0447
276590,3;71,0447
276607,5;71,0447
276623,5;71,0447
276640;71,0447
276656,6;71,0447
276673,4;71,0447
276690;71,0447
276706,3;71,0447
276722,9;71,0447
276739,4;71,0447
276756,3;71,0447
276772,8;71,0447
276790;71,0447
276805,7;71,0447
276822,3;71,0447
276838,8;71,0447
276855,4;71,0447
276872,5;71,0447
276888,5;71,0447
276905,1;71,0447
276922;71,0447
276938,2;71,0447
276954,8;71,0447
276972,3;71,0447
276987,9;71,0447
277004,5;71,0447
277021,2;71,0447
277037,6;71,0447
277054,7;71,0447
277071,5;71,0447
277087,7;71,0447
277103,9;71,0447
277120,4;71,0447
277137;71,0447
277153,6;71,46737
277170,2;71,46737
277186,8;71,46737
277203,3;71,46737
277219,9;71,46737
277236,4;71,46737
277253;71,46737
277269,7;71,46737
277291;71,46737
277302,7;71,46737
277319,3;71,46737
277336,3;71,46737
277352,9;71,46737
277369;71,46737
277385,5;71,46737
277402,1;71,46737
277418,8;71,46737
277435,3;71,47373
277451,8;71,47675
277468,3;71,48531
277485,7;71,48454
277501,6;71,49748
277518,1;71,50367
277534,7;71,49924
277551,2;71,51476
277567,8;71,51908
277585,3;71,53249
277600,9;71,53607
277617,5;71,53326
277634;71,54356
277650,8;71,54679
277667,2;71,54441
277683,8;71,55186
277700,5;71,50668
277716,8;70,89907
277733,7;70,24989
277750;70,15572
277766,6;69,97364
277783,2;69,87296
277799,7;69,39219
277816,3;69,39219
277832,8;69,39219
277849,4;69,39219
277866;69,82239
277882,5;69,82239
277899,1;69,82239
277915,8;69,82239
277932,2;69,82239
277949,3;69,82239
277965,4;69,82239
277981,9;69,82239
277998,5;69,82239
278015,1;69,82239
278031,7;69,82239
278048,3;69,82239
278065,6;69,82239
278081,3;69,82239
278097,9;69,82239
278114,5;69,82239
278131;69,82239
278147,6;69,82239
278164,2;69,82239
278180,9;69,82239
278197,3;69,82239
278214,1;69,82239
278230,4;69,82239
278247;69,82239
278263,6;69,82239
278280,1;69,82239
278296,7;69,82239
278313,3;69,82239
278329,8;69,82239
278346,6;69,82239
278363;69,82239
278379,6;69,82239
278396,1;69,82239
278412,7;69,82239
278429,5;69,82239
278446,1;69,82239
278462,4;69,82239
278478,9;69,82239
278496,1;69,82239
278512,1;69,82239
278528,6;69,82239
278545,2;69,82239
278561,8;69,82239
278578,3;69,82239
278594,9;69,73294
278611,5;69,73294
278628;69,73294
278644,6;69,73294
278661,2;69,73294
278677,8;69,73294
278694,3;69,73294
278710,9;69,73294
278727,5;69,73294
278744;69,73294
278760,6;69,73294
278777,2;69,73294
278793,7;69,73294
278810,3;69,73294
278826,8;69,73294
278843,4;69,73294
278860;69,73294
278876,6;69,73294
278893,1;69,73294
278909,7;69,73294
278926,7;69,73294
278942,9;69,73294
278959,4;69,73294
278976,1;69,73294
278992,5;69,73294
279009,1;69,73294
279026,3;69,73294
279042,2;69,73294
279058,8;69,73294
279076;69,73294
279092,8;69,73294
279109,6;69,73294
279126;69,73294
279142,6;69,73294
279159,1;69,73294
279175,9;69,73294
279192,3;69,73294
279208,8;69,73294
279225,8;69,73294
279241,9;69,73294
279258,5;69,73294
279275,1;69,73294
279291,7;69,73294
279308,2;69,73294
279324,9;69,73294
279342,1;70,18134
279358,2;70,18134
279374,5;70,18134
279391,1;70,18134
279407,6;70,18134
279424,2;70,18134
279440,8;70,18134
279457,3;70,18134
279474,6;70,18134
279491,2;70,18134
279507;70,18134
279523,7;70,18134
279540,1;70,18134
279556,7;70,18134
279573,3;70,18134
279590,1;70,18134
279606,4;70,18134
279623,5;70,18134
279639,6;70,18134
279656,1;70,18134
279673;70,18134
279689,5;70,18134
279705,8;70,18134
279722,4;70,18134
279738,9;70,18134
279755,5;70,03989
279772,1;69,9321
279788,7;69,82973
279805,2;69,72453
279821,8;69,62308
279838,3;69,5274
279854,9;69,57884
279872,2;69,57884
279888;69,57884
279905,1;69,57884
279921,2;69,57884
279937,9;69,57884
279954,3;69,57884
279971,1;69,57884
279995,4;69,57884
280004;69,57884
280021,3;69,57884
280037,2;69,57884
280053,9;69,57884
280070,5;69,55051
280086,8;69,55051
280103,4;69,55051
280120;69,55051
280136,5;69,55051
280153,2;69,55051
280169,7;69,55051
280186,3;69,55051
280202,8;69,55051
280219,4;69,55051
280235,9;69,55051
280252,7;69,55051
280269,1;69,55051
280285,7;69,55051
280302,2;69,55051
280319,2;69,55051
280335,3;69,55051
280351,9;69,55051
280368,7;69,55051
280385;69,55051
280402,2;69,55051
280418,8;69,55051
280434,8;69,55051
280452,1;69,55051
280467,9;69,55051
280485;69,55051
280501,8;69,93178
280517,6;69,84553
280534,2;69,3614
280550,7;69,3614
280567,3;69,3614
280583,8;69,3614
280600,4;69,3614
280617,3;69,3614
280633,5;69,3614
280650,1;69,3614
280666,7;69,3614
280683,3;69,3614
280699,8;69,7519
280717,1;69,7519
280733,8;69,7519
280749,5;69,7519
280766,1;69,7519
280782,7;69,72511
280799,2;69,72511
280815,9;69,72511
280832,9;69,72511
280848,9;69,72511
280865,5;69,72511
280882,2;69,72511
280899,4;69,72511
280915,2;69,72511
280932,4;69,72511
280948,4;69,72511
280964,9;69,72511
280981,6;69,72511
280998;69,72511
281014,8;69,72511
281031,3;69,72511
281047,7;69,72511
281064,3;69,72511
281080,8;69,72511
281097,6;69,72511
281114,2;69,72511
281130,6;69,72511
281147,1;69,72511
281164,5;69,72511
281180,3;69,72511
281196,8;69,72511
281213,4;69,72511
281229,9;69,72511
281246,6;69,72511
281263,1;69,72511
281279,7;69,72511
281296,4;69,72511
281312,8;69,72511
281329,3;69,72511
281346,3;69,72511
281362,5;69,72511
281379,1;69,72511
281396,1;69,72511
281412,6;69,72511
281428,8;69,72511
281445,3;69,72511
281461,9;69,72511
281478,5;69,72511
281495;70,22334
281511,6;69,67655
281528,1;69,67655
281544,7;69,67655
281561,3;69,67655
281578,4;69,67655
281595;69,67655
281611;69,67655
281627,6;69,67655
281644,5;69,67655
281660,7;69,67655
281677,3;69,67655
281693,8;69,67655
281710,4;69,67655
281727,5;69,67655
281743,5;69,67655
281760,1;69,67655
281777;69,67655
281793,3;70,12066
281810;70,07613
281826,3;70,02968
281842,9;69,9866
281859,5;69,94415
281876;69,27923
281892,6;69,25101
281909,2;69,21577
281925,8;69,17297
281942,6;69,14344
281958,9;68,64977
281975,5;68,64977
281992,3;68,64977
282009;68,64977
282025,2;69,10107
282041,7;69,0589
282058,9;69,02069
282074,9;68,99065
282091,7;68,95779
282108;68,46022
282124,8;68,46022
282141,1;68,46022
282157,7;68,39619
282174,3;68,39619
282190,8;68,39619
282207,4;68,39619
282223,9;68,39619
282240,5;68,39619
282257,1;68,39619
282274,3;68,39619
282290,3;68,39619
282306,8;68,39619
282323,6;68,39619
282339,9;68,39619
282356,5;68,39619
282373,1;68,39619
282390;68,39619
282406,2;68,39619
282423,5;68,39619
282439,3;68,39619
282455,9;68,39619
282472,4;68,22157
282489;67,64293
282505,6;67,69445
282522,2;67,73669
282538,7;67,79135
282555,3;67,82953
282571,8;67,88549
282588,4;67,9309
282605;67,96917
282622,1;67,62319
282638,1;68,00693
282654,7;67,67254
282671,9;68,05534
282687,8;68,10612
282704,4;68,15141
282720,9;68,19045
282737,5;68,24387
282754,1;68,28195
282771,2;68,28195
282787,2;68,28195
282803,8;68,41624
282820,3;68,41624
282836,9;68,41624
282853,5;68,41624
282870,1;68,41624
282886,9;68,41624
282903,2;68,41624
282919,8;68,41624
282936,4;68,41624
282952,9;68,41624
282969,4;68,41624
282986,3;68,41624
283002,6;68,41624
283020;68,41624
283035,7;68,41624
283052,3;68,41624
283068,8;68,41624
283085,4;68,41624
283102;68,41624
283118,5;68,41624
283135,1;68,41624
283151,8;68,41624
283168,3;68,41624
283184,8;68,41624
283201,4;68,41624
283218,1;68,41624
283234,5;68,41624
283251,1;68,41624
283267,8;68,41624
283284,3;68,41624
283301,7;68,41624
283317,3;68,41624
283333,9;68,41624
283350,8;68,41624
283367,2;68,41624
283383,6;68,41624
283400,6;68,41624
283416,8;68,41624
283433,3;68,41624
283450,6;68,41624
283466,6;68,41624
283483,3;68,90757
283499,6;68,90757
283516,3;68,90757
283532,8;68,90757
283549,3;68,90757
283565,8;68,90757
283582,4;68,90757
283599;68,90757
283615,8;68,90757
283632,8;68,90757
283648,7;68,90757
283671,2;68,90757
283682,4;68,90757
283699,3;68,90757
283715,5;68,90757
283732,1;68,90757
283748,7;68,90757
283765,2;68,90757
283781,8;68,90757
283798,4;68,90757
283814,9;68,90757
283832,1;68,90757
283848,1;68,90757
283864,6;68,90757
283881,7;68,90757
283897,8;68,90757
283914,3;68,90757
283930,9;68,90757
283947,4;68,90757
283964;68,90757
283980,6;68,90757
283997,3;68,90757
284013,7;68,90757
284030,6;68,90757
284047;68,90757
284063,4;68,90757
284080;68,90757
284097;68,90757
284113,2;68,90757
284130;68,90757
284146,3;68,90757
284162,8;69,10663
284179,5;69,10663
284196,2;69,10663
284212,7;69,10663
284229,3;69,10663
284246,6;69,10663
284262,3;69,10663
284278,9;69,10663
284295,4;69,10663
284311,9;69,10663
284328,7;69,10663
284345,2;69,10663
284361,8;69,10663
284378,2;69,10663
284395,2;69,10663
284411,3;69,10663
284427,9;69,10663
284444,5;69,10663
284461,9;69,10663
284477,6;69,10663
284494,3;69,10663
284510,8;69,10663
284527,3;69,10663
284544,1;69,10663
284560,7;69,10663
284583,8;69,10663
284593,6;69,10663
284610,1;69,10663
284626,7;69,10663
284644,2;69,10663
284660,6;69,10663
284676,4;69,10663
284693,2;69,10663
284709,8;69,10663
284726,1;69,10663
284742,8;69,10663
284759,2;69,10663
284775,8;69,10663
284792,3;69,10663
284808,9;69,10663
284825,5;69,60972
284842,1;69,60972
284858,7;69,60972
284875,2;69,60972
284891,8;69,60972
284908,4;69,60972
284924,9;69,60972
284942;69,60972
284958;69,60972
284974,6;69,60972
284991,2;69,60972
285007,8;69,60972
285024,3;69,60972
285041,1;69,60972
285057,4;69,60972
285074;69,60972
285090,7;69,60972
285107,1;69,60972
285123,7;69,60972
285140,8;69,60972
285156,8;69,60972
285173,4;69,60972
285190;69,60972
285206,5;69,60972
285223,8;69,60972
285239,7;69,60972
285256,2;69,60972
285272,8;69,60972
285289,4;69,60972
285305,9;69,60972
285322,5;69,60972
285339,3;69,60972
285355,6;69,60972
285372,2;69,60972
285388,8;69,60972
285405,3;69,60972
285422,2;69,60972
285438,5;69,60972
285455,6;69,60972
285471,6;69,60972
285488,7;69,74294
285504,7;69,74294
285522,1;69,74294
285537,9;69,74294
285554,4;69,74294
285571;69,74294
285587,6;69,74294
285604,1;69,74294
285620,7;69,74294
285637,5;69,74294
285653,8;69,74294
285670,7;69,74294
285686,9;69,74294
285703,6;69,74294
285720,1;69,74294
285736,7;69,74294
285753,3;69,74294
285769,8;69,74294
285786,4;69,74294
285802,9;69,74294
285819,5;69,74294
285836,1;69,74294
285853;69,74294
285869,2;69,74294
285885,9;69,74294
285902,9;69,74294
285918,9;69,74294
285935,5;69,74294
285952;69,74294
285968,6;69,74294
285985,2;69,74294
286002,1;69,74294
286018,3;69,74294
286034,8;69,74294
286051,4;69,74294
286068;69,74294
286084,6;69,74294
286101,1;69,74294
286117,8;69,74294
286134,5;69,74294
286150,8;69,74294
286167,4;70,17394
286184,1;70,17394
286200,5;70,17394
286217,1;70,17394
286233,7;70,17394
286250,3;70,17394
286266,8;70,17394
286283,3;70,17394
286299,9;70,17394
286316,5;70,17394
286333,1;70,17394
286349,9;70,17394
286366,3;70,17394
286382,8;70,17394
286399,3;70,17394
286415,9;70,17394
286432,5;70,17394
286449;70,17394
286468,1;70,18601
286484,9;70,20134
286501,3;70,20381
286517,8;70,2274
286534,8;70,17735
286551;69,71465
286567,8;69,71953
286584,1;69,72255
286600,7;69,73894
286617,2;69,74157
286633,8;69,73087
286650,3;69,7261
286666,9;69,27596
286683,7;69,26685
286700;69,24966
286716,6;69,25352
286733,2;68,68762
286749,8;68,68437
286766,3;68,62746
286783,2;68,5761
286799,4;68,57811
286816;68,60099
286832,6;68,60099
286849,2;68,60099
286865,7;68,60099
286882,6;68,62033
286898,8;68,62033
286915,6;68,62033
286932;68,62033
286948,6;68,62033
286965,1;68,62033
286981,9;68,62033
286998,3;68,62033
287014,8;68,62033
287031,4;68,62033
287048,3;68,62033
287064,5;68,62033
287081,1;68,62033
287097,7;68,62033
287114,2;68,62033
287131,1;68,62033
287147,8;68,62033
287163,9;68,62033
287180,5;68,62033
287197,5;68,62033
287214,2;68,62033
287230,2;68,62033
287246,8;68,62033
287263,3;68,62033
287279,9;68,62033
287296,4;68,62033
287313;68,62033
287329,6;68,62033
287346,3;68,62033
287362,7;68,62033
287379,3;68,62033
287396,2;68,62033
287412,4;68,62033
287429;68,62033
287445,6;68,62033
287462,2;68,62033
287478,7;68,62033
287495,6;68,62033
287511,9;68,62033
287528,4;68,62033
287544,9;68,62033
287561,5;68,62033
287578,3;69,02695
287594,8;69,02695
287611,5;69,02695
287627,8;69,02695
287644,6;69,02695
287661,1;69,02695
287677,5;69,02695
287694,7;69,02695
287711,2;69,02695
287727,3;69,02695
287743,8;69,02695
287760,3;69,02695
287777,2;69,02695
287793,4;69,02695
287810,2;69,02695
287826,6;69,02695
287843,1;69,02695
287859,7;69,02695
287876,9;69,02695
287892,8;69,02695
287909,4;69,02695
287926;69,02695
287942,5;69,02695
287959,5;69,02695
287976,1;69,02695
287992,5;69,02695
288008,8;69,02695
288025,4;69,02695
288042;69,02695
288059,1;69,02695
288075,2;69,02695
288091,7;69,02695
288108,2;69,02695
288124,8;69,02695
288141,8;69,02695
288157,9;69,02695
288174,5;69,02695
288191;69,02695
288207,6;69,02695
288224,3;69,02695
288240,8;69,02695
288257,3;69,02695
288273,9;69,02695
288290,4;69,02695
288307;69,02695
288324,3;68,9786
288340,9;68,9786
288357,4;68,9786
288374;68,9786
288390,8;68,9786
288407,1;68,9786
288423,7;68,9786
288440,3;68,9786
288456,8;68,9786
288473,4;68,9786
288490,5;68,9786
288506,6;68,9786
288523,1;68,9786
288539,7;68,9786
288556,9;68,9786
288572,8;68,9786
288589,4;68,9786
288606;68,9786
288622,5;68,9786
288639,2;68,9786
288655,7;68,9786
288672,2;68,9786
288689,2;68,9786
288705,3;68,9786
288722;68,9786
288738,5;68,9786
288755,1;68,9786
288771,6;68,9786
288788,3;68,9786
288804,8;68,9786
288821,4;68,9786
288837,9;68,9786
288854,8;68,9786
288871,1;68,9786
288887,6;68,9786
288904,2;68,9786
288920,7;68,9786
288937,5;68,9786
288954,2;68,9786
288970,7;68,9786
288987;68,9786
289003,5;68,9786
289020,1;68,9786
289036,7;68,9786
289053,3;68,9786
289070,4;69,39111
289086,4;69,39111
289103,6;69,39111
289119,5;69,39111
289136,1;69,39111
289152,9;69,39111
289169,3;69,39111
289185,8;69,39111
289202,4;69,39111
289218,9;69,39111
289236,3;69,39111
289252,8;69,39111
289269,8;69,39111
289286;69,39111
289302,7;69,39111
289319,1;69,39111
289335,7;69,39111
289352,7;69,39111
289368,8;69,39111
289385,4;69,39111
289402;69,39111
289418,5;69,39111
289435,3;69,39111
289451,6;69,39111
289468,2;69,39111
289484,8;69,39111
289501,3;69,39111
289517,9;69,39111
289534,5;69,39111
289551,1;69,39111
289567,6;69,39111
289584,2;69,39111
289600,8;69,39111
289617,3;69,39111
289634,2;69,39111
289650,4;69,39111
289667,5;69,39111
289683,7;69,39111
289700,1;69,39111
289716,7;69,39111
289733,3;69,39111
289750;69,39111
289766,4;69,39111
289783;69,39111
289799,8;69,39111
289816,1;69,37787
289832,7;69,37787
289849,7;69,37787
289866,3;69,37787
289882,4;69,37787
289899,1;69,37787
289915,5;69,37787
289932,3;69,37787
289949,2;69,37787
289965,2;69,37787
289981,8;69,37787
289998,3;69,37787
290015;69,37787
290031,5;69,37787
290048;69,37787
290064,6;69,37787
290081,2;69,37787
290097,8;69,37787
290114,3;69,37787
290131,1;69,37787
290147,8;69,37787
290164;69,37787
290181;69,37787
290197,3;69,37787
290213,7;69,37787
290230,3;69,37787
290247;69,37787
290263,4;69,37787
290280,1;69,37787
290296,6;69,37787
290313,4;69,37787
290330,4;69,37787
290346,8;69,37787
290362,8;69,37787
290379,4;69,37787
290396;69,37787
290412,6;69,37787
290429,9;69,37787
290445,9;69,37787
290462,5;69,37787
290478,8;69,37787
290495,8;69,37787
290512,5;69,37787
290528,5;69,37787
290545;69,83171
290561,9;69,83171
290578,2;69,83171
290594,8;69,83171
290611,3;69,83171
290627,9;69,83171
290644,6;69,83171
290661;69,83171
290677,6;69,83171
290694,4;69,83171
290710,7;69,83171
290727,3;69,83171
290743,8;69,83171
290760,4;69,83171
290777;69,83171
290793,6;69,83171
290810,5;69,83171
290826,7;69,83171
290843,3;69,83171
290859,8;69,83171
290876,4;69,83171
290892,9;69,75521
290909,6;69,71198
290926,1;69,65456
290942,6;69,61736
290959,8;69,5648
290975,8;69,51958
290992,6;69,47175
291008,9;69,42196
291026,3;69,45054
291042,3;69,30182
291058,6;68,91209
291077,6;68,91209
291094,2;68,91209
291110,8;68,91209
291127,8;69,27283
291144,1;69,24001
291160,7;69,2116
291177;69,17321
291193,6;68,77603
291210,2;68,77603
291227,1;68,77603
291243,3;68,77603
291259,8;69,22395
291276,4;69,22395
291293;69,22395
291309,7;69,22395
291326,1;69,22395
291342,7;69,22395
291359,3;69,22395
291375,9;69,22395
291392,4;69,22395
291409;69,22395
291425,5;69,22395
291442,4;69,22395
291458,7;69,22395
291475,7;69,22395
291491,8;69,22395
291508,4;69,22395
291525,4;69,22395
291541,9;69,22395
291558,1;69,22395
291574,6;69,22395
291591,2;69,22395
291607,8;69,22395
291624,3;69,22395
291640,9;69,22395
291657,4;69,22395
291674;69,22395
291690,7;69,22395
291707,2;69,16802
291723,7;69,12409
291740,3;69,13853
291756,9;69,13853
291773,6;69,13853
291790;69,13853
291806,6;69,13853
291823,4;69,13853
291839,7;69,13853
291856,4;69,13853
291872,8;69,08498
291889,4;69,09997
291905,9;69,09997
291923,3;69,09997
291939,3;69,09997
291955,8;69,09997
291972,3;69,09997
291989,1;69,12878
292008;69,12878
292024,6;69,12878
292041,2;69,12878
292057,8;69,12878
292074,4;69,12878
292090,9;69,12878
292107,4;69,12878
292124,2;69,12878
292140,7;69,12878
292157,1;69,12878
292173,7;69,12878
292190,3;69,12878
292206,8;69,12878
292223,4;69,12878
292240;69,48353
292256,5;69,45642
292273,1;69,42916
292289,8;69,397
292306,2;69,36563
292322,8;69,32906
292339,3;69,29453
292355,9;68,79731
292372,6;68,11807
292389,8;67,49578
292405,9;67,07302
292422,2;67,06875
292438,9;67,07289
292455,3;67,05949
292471,9;67,05832
292488,5;67,06601
292505;67,06601
292521,9;67,0705
292538,2;67,06564
292554,8;67,06642
292571,3;67,06756
292587,9;67,07168
292604,4;67,06337
292621,5;67,05952
292637,5;67,05952
292654,1;67,05952
292670,7;67,49107
292687,5;67,49107
292703,8;67,49107
292720,4;67,49107
292737;67,49107
292753,5;67,49107
292770,4;67,49107
292786,8;67,49107
292803,2;67,49107
292819,8;67,49107
292836,4;67,49107
292853;67,49107
292869,5;67,49107
292888,6;67,49107
292905,6;67,49107
292922,2;67,49107
292938,3;67,49107
292954,9;67,49107
292971,5;67,49107
292988;67,49107
293004,6;67,49107
293021,2;67,49107
293037,7;67,49107
293054,3;67,49107
293070,9;67,49107
293087,4;67,49107
293104;67,49107
293120,5;67,49107
293137,3;67,49107
293153,7;67,49107
293170,4;67,49107
293186,8;67,49107
293203,4;67,49107
293220;67,49107
293236,5;67,49107
293253,1;67,49107
293269,7;67,49107
293286,4;67,49107
293302,8;67,49107
293319,4;67,49107
293335,9;67,49107
293352,5;67,49107
293369,1;67,49107
293385,6;67,49107
293402,2;67,59971
293418,8;67,59971
293435,3;67,59971
293452,6;67,59971
293468,4;67,59971
293485;67,59971
293501,6;67,59971
293518,2;67,59971
293534,7;67,59971
293551,3;67,59971
293567,9;67,59971
293584,7;67,59971
293601;67,59971
293617,9;67,59971
293634,1;67,59971
293650,8;67,59971
293667,3;67,59971
293683,8;67,59971
293700,4;67,59971
293716,9;67,59971
293733,5;67,59971
293750,1;67,59971
293767,2;67,59971
293784,3;67,59971
293800,8;67,59971
293817,4;67,59971
293834,4;67,59971
293850,7;67,59971
293867,2;67,59971
293883,6;67,59971
293900,2;67,59971
293916,9;67,59971
293933,3;67,59971
293949,9;67,59971
293966,6;67,59971
293983,1;67,59971
293999,7;67,59971
294016,2;67,59971
294032,8;67,59971
294049,3;67,59971
294065,9;67,59971
294082,5;67,59971
294099;68,03531
294115,6;68,03531
294132,2;68,03531
294149,1;68,39108
294165,7;68,39108
294181,8;68,39108
294198,7;68,39108
294215;68,39108
294231,5;68,39108
294248,1;68,39108
294264,7;68,39108
294281,3;68,39108
294297,9;68,39108
294314,4;68,39108
294331,1;68,39108
294347,5;68,39108
294364,1;68,39108
294381,1;68,39108
294397,4;68,39108
294413,9;68,39108
294430,4;68,39108
294447;68,39108
294463,5;68,39108
294480,1;68,39108
294496,7;68,39108
294513,4;68,39108
294529,8;68,39108
294547,3;68,39108
294563,3;68,39108
294579,4;68,39108
294596,3;68,39108
294612,6;68,39108
294629,2;68,39108
294646,3;68,39108
294662,3;68,39108
294679;68,39108
294695,4;68,39108
294716;68,39108
294728,5;68,39108
294745,1;68,39108
294761,7;68,39108
294778,3;68,39108
294794,8;68,39108
294811,4;68,577
294827,9;68,577
294844,6;68,577
294861,1;68,577
294877,7;68,577
294894,2;68,577
294910,8;68,577
294927,9;68,577
294943,9;68,577
294961;68,577
294977,1;68,577
294993,6;68,577
295010,2;68,577
295027,8;68,577
295043,3;68,577
295059,9;68,577
295076,4;68,99122
295093;69,04581
295109,8;69,09599
295126,2;69,15763
295142,7;69,15386
295159,3;68,72015
295176,1;68,35493
295192,4;67,92305
295209;67,98288
295225,6;68,0371
295242,1;68,08901
295258,7;68,13811
295275,4;67,76141
295292,1;68,1874
295308,4;68,23001
295324,9;68,28828
295341,7;68,33277
295358,8;68,3849
295374,7;68,43797
295391,3;68,0691
295407,8;68,0691
295424,3;68,0691
295440,9;68,0691
295457,5;68,58704
295474,2;68,58704
295490,6;68,58704
295507,2;68,58704
295523,8;68,58704
295540,7;68,58704
295556,9;68,58704
295573,5;68,58704
295590,8;68,58704
295606,6;68,58704
295623,1;68,58704
295640;68,58704
295656,3;68,58704
295672,9;68,58704
295689,4;68,58704
295706;68,58704
295722,6;68,58704
295739,7;68,58704
295756;68,58704
295772,3;68,58704
295789,4;68,58704
295805,4;68,58704
295822,3;68,58704
295838,5;68,58704
295855,2;68,58704
295872,2;68,58704
295888,2;68,58704
295904,9;68,58704
295921,3;68,58704
295937,9;68,58704
295954,7;68,58704
295971;68,58704
295987,6;68,58704
296004,3;68,58704
296020,8;68,64985
296037,3;68,69984
296053,9;68,66121
296070,7;68,66121
296087,5;68,66121
296103,6;68,82097
296120,2;68,82097
296136,7;68,82097
296153,4;68,82097
296169,9;68,82097
296186,4;68,82097
296203;68,82097
296219,5;68,82097
296236,1;68,82097
296252,7;68,82097
296269,3;68,82097
296285,9;68,82097
296302,4;68,82097
296318,9;68,82097
296335,5;68,82097
296352,1;68,82097
296368,7;68,82097
296385,2;68,82097
296402,1;68,82097
296418,3;68,82097
296434,9;68,82097
296451,7;68,82097
296468,1;68,82097
296484,8;68,82097
296501,2;68,82097
296518;68,82097
296534,3;68,82097
296550,9;68,82097
296570,8;68,82097
296584;68,82097
296600,6;68,82097
296617,2;68,82097
296633,7;68,82097
296651,3;68,82097
296667;68,82097
296683,4;68,82097
296700,7;68,82097
296716,6;68,82097
296733,1;68,82097
296749,7;68,82097
296766,3;68,82097
296783,1;68,82097
296799,4;69,35001
296816,2;69,35001
296832,8;69,35001
296849,7;69,35001
296866,1;69,35001
296882,7;69,35001
296898,8;69,35001
296915,3;69,35001
296932,5;69,35001
296948,6;69,35001
296965,1;69,35001
296981,8;69,35001
296998,6;69,35001
297014,8;69,35001
297031,3;69,35001
297047,9;69,35001
297064,4;69,35001
297081;69,35001
297097,6;69,35001
297114,2;69,35001
297130,8;69,30043
297147,3;69,31176
297164,2;69,26441
297180,4;69,15876
297197;69,12199
297213,6;69,08543
297230,3;68,76474
297246,7;68,76474
297263,3;68,76474
297280,1;68,76474
297296,4;68,76474
297313,3;68,76474
297329,8;68,76474
297346,1;68,76474
297362,6;69,06014
297379,2;68,73276
297395,9;68,73276
297412,3;68,73276
297429,1;68,73276
297445,5;69,08454
297462,2;69,08009
297485,8;69,35014
297495,2;69,35014
297512;69,35014
297528,6;69,35014
297544,9;69,35014
297561,5;69,35014
297578;69,35014
297594,6;69,35014
297611,2;69,35014
297627,7;69,35014
297644,3;69,35014
297660,8;69,35014
297677,4;69,35014
297694;69,35014
297710,6;69,35014
297727,1;69,35014
297743,7;69,35014
297760,3;69,35014
297777,1;69,35014
297793,6;69,35014
297810;69,35014
297826,5;69,35014
297843,1;69,35014
297859,7;69,35014
297876,6;69,35014
297893;69,28336
297909,4;69,23158
297926,2;69,19707
297942,6;69,22255
297959;69,22255
297975,9;69,22255
297992,2;69,22255
298008,8;69,22255
298025,3;69,22255
298041,9;69,22255
298058,4;69,22255
298075;69,22255
298091,6;69,22255
298108,8;69,22255
298124,7;69,15674
298141,3;69,17578
298157,8;69,17578
298174,5;69,17578
298191;69,17578
298207,6;69,18846
298224,1;69,18846
298241;69,18846
298257,3;69,18846
298273,8;69,18846
298290,4;69,18846
298307,3;69,18846
298323,6;69,18846
298340,6;69,18846
298356,8;69,18846
298373,2;69,18846
298389,8;69,18846
298408,6;69,18846
298425,9;69,18846
298441,8;69,18846
298458,3;69,18846
298474,9;69,18846
298491,5;69,18846
298508;69,18846
298524,6;69,18846
298541,1;69,18846
298557,9;69,18846
298574,3;69,18846
298590,8;69,18846
298607,4;69,18846
298624,4;69,47391
298640,6;69,4345
298657,1;69,39735
298673,7;69,36749
298690,3;69,31665
298706,9;69,29205
298723,4;68,96746
298740;68,96746
298756,5;68,96746
298773,3;68,96746
298789,8;68,96746
298806,2;68,96746
298822,8;68,96746
298839,3;68,96746
298856,2;68,96746
298872,5;68,96746
298889,2;69,25756
298905,6;68,92934
298922,7;68,92934
298938,8;68,92934
298955,3;68,92934
298972,1;68,92934
298988,4;68,92934
299005,1;68,92934
299022,2;69,27878
299038,2;69,27878
299054,7;69,27878
299071,3;69,27878
299087,8;69,27878
299105;69,27878
299121;69,27878
299138;69,27878
299154,1;69,27878
299171;69,27878
299187,4;69,27878
299203,8;69,27878
299220,5;69,27878
299236,9;69,27878
299253,5;69,27878
299270,4;69,27878
299286,7;69,27878
299303,2;69,27878
299319,8;69,27878
299336,3;69,27878
299353;69,27878
299369,5;69,27878
299386,7;69,27878
299402,6;69,27878
299419,2;69,27878
299435,8;69,27878
299452,3;69,27878
299469,1;69,27878
299485,8;69,27878
299502,5;69,27878
299518,8;69,27878
299535,2;69,27878
299551,7;69,27878
299568,5;69,27878
299584,8;69,27878
299601,9;69,27878
299618;69,27878
299634,6;69,27878
299651,1;69,27878
299667,7;69,27878
299684,7;69,27878
299701;69,27878
299717,4;69,27878
299733,9;69,27878
299750,5;69,2822
299767,1;69,2822
299783,6;69,2822
299800,2;69,2822
299816,8;69,2822
299833,3;69,2822
299849,9;69,2822
299867,1;69,2822
299883,1;69,2822
299899,6;69,2822
299916,7;69,2822
299932,8;69,2822
299950,2;69,2822
299966,2;69,2822
299982,8;69,2822
299999,4;69,2822
300015,6;69,2822
300032,1;69,2822
300048,7;69,2822
300065,3;69,2822
300081,8;69,2822
300098,4;69,2822
300115;69,2822
300131,6;69,2822
300148,3;69,2822
300164,7;69,2822
300181,3;69,2822
300198,2;69,2822
300214,4;69,2822
300230,9;69,2822
300248,1;69,2822
300264,1;69,2822
300280,7;69,2822
300297,2;69,2822
300313,8;69,2822
300330,4;69,2822
300346,9;69,2822
300364,1;69,2822
300380;69,2822
300396,6;69,2822
300413,6;69,2822
300429,8;69,2822
300446,3;69,2822
300462,9;69,2822
300479,6;69,2822
300496,1;69,2822
300512,6;69,2822
300529,2;69,2822
300545,7;69,66905
300562,3;69,66905
300578,9;69,66905
300595,4;69,66905
300612,8;69,66905
300628,5;69,66905
300645,1;69,66905
300661,7;69,66905
300678,3;69,66905
300694,8;69,66905
300711,4;69,66905
300727,9;69,66905
300744,5;69,66905
300761,1;69,66905
300777,7;69,66905
300794,2;69,66905
300810,8;69,66905
300827,3;69,66905
300843,9;69,66905
300860,8;69,66905
300877,3;69,66905
300893,6;69,66905
300910,8;69,66905
300926,7;69,66905
300944;69,66905
300959,9;69,66905
300976,6;69,66905
300993;69,66905
301009,6;69,66905
301026,2;69,66905
301042,8;69,66905
301059,3;69,66905
301075,8;69,66905
301092,4;69,66905
301109,3;69,66905
301128,8;69,66905
301145,4;69,66905
301162,7;69,66905
301178,5;69,66905
301195,3;69,66905
301211,6;69,66905
301228,2;69,66905
301244,8;69,66905
301261,3;69,66905
301277,9;69,66905
301294,5;69,66905
301311,1;69,73508
301327,6;69,73508
301344,2;69,73508
301360,8;69,73508
301377,3;69,73508
301394,1;69,73508
301410,8;69,73508
301427,3;69,73508
301443,7;69,73508
301460,2;69,73508
301476,7;69,73508
301493,3;69,73508
301509,8;69,73508
301526,4;69,73508
301543;69,73508
301559,7;69,73508
301576,2;69,73508
301592,7;69,73508
301609,7;69,73508
301625,8;69,73508
301642,4;69,73508
301659;69,73508
301675,9;69,73508
301692,4;69,73508
301708,7;69,73508
301725,2;69,73508
301741,9;69,73508
301758,4;69,73508
301774,9;69,73508
301791,5;69,73508
301808,4;69,73508
301824,6;69,73508
301841,2;69,73508
301857,8;69,73508
301874,3;69,73508
301890,9;69,73508
301907,4;69,73508
301924;69,73508
301940,6;69,73508
301957,7;69,73508
301973,7;69,73508
301997,7;69,73508
302006,9;69,73508
302023,4;69,73508
302040,1;70,15749
302056,6;70,15749
302073,1;70,15749
302089,7;70,15749
302106,3;70,15749
302122,8;70,15749
302139,5;70,15749
302155,9;70,15749
302172,5;70,15749
302189,3;70,15749
302205,7;70,15749
302222,2;70,15749
302239;70,15749
302255,3;70,15749
302272;70,15749
302288,7;70,15749
302305,2;70,15749
302321,6;70,15749
302338,2;70,15749
302354,8;70,15749
302371,3;70,15749
302387,9;70,15749
302404,4;70,15749
302421,2;70,15749
302437,6;70,15749
302454,4;70,15749
302470,7;70,15749
302487,4;70,15749
302503,9;70,15749
302521;70,15749
302537;70,15749
302553,6;70,15749
302570,8;70,15749
302586,7;70,15749
302603,3;70,15749
302619,8;70,15749
302636,4;70,15749
302653;70,15749
302669,7;70,15749
302686,1;70,15749
302702,7;70,15749
302719,2;70,15749
302735,9;70,15749
302752,3;70,15749
302768,9;70,27081
302785,5;70,27081
302802,1;70,27081
302818,6;70,27081
302835,2;70,27081
302851,8;70,27081
302868,5;70,27081
302885,4;70,27081
302904,5;70,27081
302921,1;70,27081
302937,7;70,27081
302954,2;70,27081
302970,8;70,27081
302987,8;70,27081
303003,9;70,27081
303020,5;70,27081
303037,3;70,27081
303053,6;70,27081
303070,2;70,27081
303086,7;70,27081
303103,3;70,27081
303119,9;70,27081
303136,5;70,27081
303153;70,27081
303169,6;70,27081
303186,1;70,27081
303202,7;70,27081
303219,3;70,27081
303236,1;70,27081
303252,4;70,27081
303269;70,27081
303285,6;70,27081
303302,2;70,27081
303318,7;70,27081
303335,8;70,27081
303352;70,27081
303368,4;70,27081
303384,9;70,27081
303401,5;70,27081
303418,1;70,27081
303434,7;70,27081
303451,2;70,27081
303467,8;70,27081
303484,6;70,27081
303501,3;70,73699
303517,5;71,08234
303534;71,08234
303551;71,08234
303567,2;71,08234
303584;71,08234
303600,3;71,08234
303617;71,08234
303633,5;71,08234
303650,2;71,08234
303667;71,08234
303683,1;71,08234
303699,7;71,08234
303716,3;71,08234
303733;71,08234
303749,4;71,08234
303766;71,08234
303782,6;71,08234
303799,1;71,08234
303815,8;71,08234
303836,6;71,08234
303849,1;71,08234
303865,7;71,08234
303881,9;71,08234
303898,5;71,08234
303915,1;71,08234
303932,7;71,08234
303948,4;71,08234
303964,8;71,08234
303981,3;71,08234
303997,9;71,08234
304014,5;71,08234
304031;71,08234
304047,7;71,08234
304064,2;71,08234
304080,8;71,08234
304097,3;71,08234
304113,9;71,08234
304130,4;71,08234
304147;71,08234
304163,6;71,18408
304180,2;71,18408
304196,9;71,18408
304213,3;71,18408
304230,2;71,18408
304246,4;71,18408
304263,2;71,18408
304279,7;71,18408
304296,1;71,18408
304312,7;71,18408
304329,2;71,18408
304345,8;71,18408
304362,4;71,18408
304379,9;71,18408
304395,5;71,18408
304412,1;71,18408
304428,7;71,18408
304446;71,18408
304461,8;71,18408
304478,3;71,18408
304494,9;71,18408
304511,5;71,18408
304528;71,18408
304544,8;71,18408
304561,4;71,18408
304577,7;71,18408
304594,3;71,18408
304610,9;71,18408
304627,4;71,18408
304644;71,18408
304660,6;71,18408
304677,1;71,18408
304694,2;71,18408
304711;71,18408
304726,8;71,18408
304743,5;71,18408
304760;71,18408
304776,6;71,18408
304793,1;71,18408
304811,2;71,18408
304827,8;71,18408
304844,4;71,18408
304861,3;71,23894
304877,5;71,23894
304894;71,23894
304910,6;71,23894
304928,1;71,23894
304943,8;71,23894
304960,3;71,23894
304977,2;71,23894
304993,4;71,23894
305010;71,23894
305026,6;71,23894
305043,2;71,23894
305059,7;71,23894
305076,3;71,23894
305092,8;71,23894
305109,4;71,23894
305126,1;71,23894
305142,6;71,23894
305159,1;71,23894
305175,7;71,23894
305192,3;71,23894
305209,4;71,23894
305225,4;71,23894
305242;71,23894
305258,5;71,18574
305275,1;71,20071
305291,7;70,28627
305308,6;70,27615
305324,9;70,25903
305341,3;69,82468
305358;69,82468
305374,5;69,82468
305391,1;69,82468
305407,6;69,82468
305424,5;69,82468
305440,8;69,82468
305457,3;69,82468
305473,9;70,24749
305490,4;70,24749
305507;70,24749
305523,7;70,30506
305540,2;70,30506
305556,7;70,30506
305573,3;70,30506
305590,2;70,30506
305606,8;70,30506
305623,2;70,30506
305639,7;70,30506
305656,4;70,30506
305672,7;70,30506
305689,4;70,30506
305707,8;70,30506
305724,9;70,30506
305741;70,30506
305757,6;70,30506
305774,4;70,30506
305790,7;70,30506
305807,5;70,30506
305824,8;70,30506
305840,5;70,30506
305857,2;70,30506
305873,7;70,71121
305890,1;70,68421
305906,7;70,66174
305923,2;70,62154
305939,8;70,5899
305956,4;70,56213
305972,9;70,53244
305989,5;70,09664
306006;70,09664
306023;70,09664
306039,5;70,09664
306056;70,09664
306072,3;70,09664
306088,9;70,50402
306105,4;70,47626
306122,5;70,44859
306138,6;70,01099
306155,2;70,01099
306171,9;70,01099
306188,3;70,47254
306204,9;70,47254
306222,3;70,47254
306238;70,47254
306254,6;70,47254
306271,2;70,47254
306287,7;70,47254
306304,3;70,47254
306321,6;70,47254
306337,4;70,47254
306353,9;70,47254
306370,5;70,47254
306387,1;70,47254
306403,7;70,47254
306420,2;70,47254
306436,8;70,47254
306453,3;70,47254
306470;70,47254
306486,5;70,47254
306503,1;70,47254
306519,9;70,47254
306536,8;70,47254
306552,8;70,47254
306569,3;70,47254
306585,9;70,47254
306602,4;70,47254
306620,3;70,47254
306635,7;70,47254
306652,3;70,47254
306668,7;70,47254
306685,3;70,47254
306702,2;70,47254
306718,4;70,47254
306735,2;70,47254
306751,9;70,47254
306768,2;70,47254
306784,9;70,47254
306801,3;70,47254
306817,8;70,47254
306834,6;70,47254
306850,9;70,47254
306867,7;70,47254
306884,1;70,47254
306900,7;70,51208
306917,3;70,51208
306933,8;70,51208
306950,3;70,51208
306966,9;70,51208
306983,6;70,51208
307000,2;70,51208
307016,6;70,51208
307033,2;70,51208
307049,8;70,51208
307066,4;70,51208
307083;70,51208
307099,5;70,51208
307116;70,51208
307132,6;70,51208
307149,3;70,51208
307165,7;70,51208
307182,3;70,51208
307198,8;70,51208
307215,9;70,51208
307232,3;70,51208
307248,6;70,51208
307265,1;70,51208
307282,3;70,51208
307298,6;70,51208
307314,9;70,51208
307331,5;70,51208
307348;70,51208
307364,5;70,51208
307381,2;70,51208
307397,7;70,51208
307414,2;70,51208
307430,8;70,51208
307447,3;70,51208
307463,9;70,51208
307481;70,51208
307497;70,51208
307513,7;70,51208
307530,2;70,51208
307549;70,51208
307565,6;70,51208
307582,1;70,51208
307598,7;70,51208
307615,4;71,32011
307631,8;71,32011
307648,7;71,32011
307664,9;71,32011
307681,6;71,32011
307698,1;71,32011
307714,7;71,32011
307731,2;71,32011
307747,8;71,32011
307764,3;71,32011
307780,9;71,32011
307797,5;71,32011
307814,1;71,32011
307830,7;71,32011
307847,7;71,32011
307863,8;71,32011
307880,3;71,32011
307896,9;71,32011
307913,4;71,32011
307930;71,32011
307946,8;71,32011
307963,2;71,32011
307979,8;71,32011
307996,3;71,32011
308012,9;71,32011
308029,4;71,32011
308046;71,32011
308062,6;71,32011
308079,1;71,32011
308095,7;71,32011
308112,3;71,32011
308128,8;71,32011
308145,4;71,32011
308162;71,32011
308178,5;71,32011
308195,2;71,32011
308211,6;71,32011
308228,2;71,32011
308244,8;71,32011
308261,3;71,32011
308277,9;71,32011
308294,5;71,32011
308311,3;71,30542
308327,7;71,30542
308344,2;71,30542
308360,8;71,30542
308377,3;71,30542
308393,9;71,30542
308410,5;71,30542
308427;71,30542
308443,6;71,30542
308460,3;71,30542
308481,8;71,30542
308493,3;71,30542
308509,8;71,30542
308526,4;71,30542
308543,2;71,30542
308559,6;71,30542
308576,4;71,30542
308592,7;71,30542
308609,3;71,30542
308626,4;71,30542
308642,4;71,63181
308659;71,56052
308675,6;71,47707
308692,2;70,87401
308708,7;70,80212
308725,2;70,73132
308742,2;70,0298
308758,4;70,05187
308774,9;70,06418
308791,7;69,77798
308808,5;69,77798
308824,7;69,77798
308841,3;69,77798
308858,4;69,77798
308874,3;69,77798
308890,9;69,77798
308908;70,06438
308924;70,07659
308940,6;70,06961
308957,5;69,7906
308974,3;69,7906
308990,3;69,7906
309006,9;69,7906
309023,4;70,16478
309040,6;70,16478
309056,6;70,16478
309073,1;70,16478
309089,7;70,16478
309106,7;70,16478
309122,8;70,16478
309139,4;70,16478
309155,9;70,16478
309172,5;70,16478
309189,1;70,16478
309205,7;70,16478
309222,2;70,16478
309238,8;70,16478
309255,5;70,16478
309272,2;70,16478
309288,7;70,16478
309305,1;70,16478
309321,7;70,16478
309338,4;70,16478
309354,8;70,16478
309371,8;70,16478
309388,4;70,16478
309404,4;70,09267
309422,7;70,05934
309439,5;69,75536
309455,8;69,7634
309472,4;69,76689
309489,7;69,75606
309505,6;69,77045
309522,1;69,42928
309538,7;69,43513
309555,3;69,43513
309572,2;69,43513
309588,4;69,43513
309604,9;69,43513
309621,5;69,43513
309638,2;69,43513
309654,7;69,43513
309671,2;69,43513
309687,8;69,42549
309704,8;69,42549
309720,9;69,42549
309737,5;69,42549
309754,5;69,42549
309770,6;69,77242
309787,2;69,77242
309803,8;69,77242
309820,5;69,77242
309837,1;69,77242
309853,4;69,77242
309870,1;69,77242
309886,7;69,77242
309903,7;69,77242
309919,8;69,77242
309936,3;69,77242
309952,9;69,77242
309969,4;69,77242
309986,1;69,77242
310002,5;69,77242
310019,4;69,77242
310035,7;69,77242
310052,3;69,77242
310068,8;69,77242
310085,6;69,77242
310102,1;69,77242
310118,6;69,77242
310135,1;69,77242
310151,7;69,77242
310168,2;69,77242
310184,8;69,77242
310201,3;69,77242
310217,9;69,77242
310234,5;69,77242
310251;69,77242
310267,6;69,77242
310284,2;69,77242
310300,8;69,77242
310317,3;69,77242
310342,2;69,77242
310350,5;69,77242
310367;69,77242
310383,6;69,77242
310400,2;69,77242
310417;69,77242
310433,4;69,77242
310449,8;69,77242
310466,4;69,77242
310483;69,77242
310499,8;69,77242
310516,1;69,77242
310533;69,77242
310549,2;69,8451
310565,8;69,8451
310582,8;69,8451
310599;69,8451
310615,7;69,8451
310632,1;69,8451
310648,6;69,8451
310665,2;69,8451
310681,8;69,8451
310698,3;69,8451
310714,9;69,8451
310731,5;69,8451
310748,1;69,8451
310764,6;69,8451
310781,2;69,8451
310797,8;69,8451
310814,7;69,8451
310830,9;69,8451
310847,8;69,8451
310864;69,8451
310880,6;69,8451
310897,1;69,8451
310913,8;69,8451
310930,7;69,8451
310947,2;69,8451
310963,4;69,8451
310980;69,8451
310996,6;69,8451
311013,1;69,8451
311029,7;69,8451
311046,6;69,8451
311062,8;69,8451
311079,5;69,8451
311095,9;69,8451
311112,6;69,8451
311129,1;69,8451
311145,9;69,8451
311162,2;69,8451
311178,8;69,8451
311195,3;69,8451
311211,9;69,8451
311229;69,8451
311245;69,8451
311262,8;69,8451
311279,4;69,8451
311295,9;69,8451
311312,8;70,24239
311329,1;70,24239
311345,6;70,24239
311362,4;70,24239
311379,2;70,24239
311395,4;70,24239
311411,9;70,24239
311428,7;70,24239
311445,7;70,24239
311461,6;70,24239
311478,2;70,24239
311494,7;70,24239
311511,3;70,24239
311527,9;70,24239
311544,5;70,24239
311561;70,24239
311577,8;70,24239
311594,1;70,24239
311610,7;70,24239
311627,3;70,24239
311643,8;70,24239
311660,4;70,24239
311677,6;70,24239
311693,5;70,24239
311710,4;70,24239
311726,7;70,24239
311743,2;70,24239
311759,8;70,24239
311776,4;70,24239
311793,1;70,24239
311809,7;70,24239
311826,1;70,24239
311842,6;70,24239
311859,2;70,24239
311875,8;70,24239
311892,3;70,24239
311909,1;70,24239
311925,4;70,24239
311942;70,24239
311958,6;70,24239
311975,4;70,24239
311991,8;70,24239
312008,9;70,24239
312025,3;70,24239
312041,5;70,42345
312058;70,42345
312074,6;70,42345
312091,7;70,42345
312107,7;70,42345
312124,4;70,42345
312144,9;70,42345
312157,8;70,42345
312173,9;70,42345
312190,9;70,42345
312207,1;70,42345
312223,7;70,42345
312240,3;70,42345
312256,8;70,42345
312273,3;70,42345
312289,9;70,42345
312306,5;70,7799
312323,1;70,8258
312339,8;70,88534
312356,3;70,95295
312372,8;70,6125
312389,3;70,17913
312406,5;69,6664
312422,5;69,63979
312439;68,7999
312455,6;68,28643
312472,3;68,26673
312488,8;68,26088
312505,3;68,24384
312521,8;68,26292
312538,7;68,23534
312555;68,23827
312571,8;68,20956
312588,1;67,72033
312604,7;67,71519
312622;67,71297
312638;67,71264
312654,6;67,70273
312671,2;67,70273
312687,5;67,70273
312704,1;67,70273
312720,8;68,1593
312737,5;68,1593
312753,8;68,1593
312770,3;68,1593
312787,3;68,1593
312803,5;68,1593
312820,1;68,1593
312836,6;68,1593
312853,2;68,1593
312869,8;68,1593
312886,6;68,1593
312902,9;68,1593
312919,6;68,1593
312936;68,1593
312952,7;68,1593
312969,2;68,1593
312985,8;68,1593
313002,9;68,1593
313024,5;68,1593
313038,5;68,1593
313055,3;68,1593
313072,2;68,1593
313088,3;68,1593
313104,8;68,1593
313121,8;68,1593
313138,2;68,1593
313154,6;68,1593
313171,2;68,1593
313187,7;68,1593
313204,9;68,1593
313220,8;68,1593
313237,3;68,1593
313253,9;68,1593
313270,7;68,1593
313287,1;68,1593
313303,9;68,1593
313320,2;68,1593
313336,7;68,1593
313353,5;68,1593
313369,9;68,1593
313386,4;68,1593
313403,2;68,1593
313419,6;68,1593
313436,2;68,24837
313453;68,24837
313469,3;68,24837
313485,9;68,24837
313503;68,24837
313519;68,24837
313535,7;68,24837
313552,5;68,24837
313568,7;68,24837
313585,3;68,24837
313601,8;68,24837
313618,4;68,24837
313634,9;68,24837
313651,6;68,24837
313668,1;68,24837
313684,9;68,24837
313701,5;68,24837
313717,8;68,24837
313734,3;68,24837
313751,2;68,24837
313767,5;68,24837
313784,1;68,24837
313800,6;68,24837
313817,2;68,24837
313833,8;68,24837
313850,3;68,24837
313867,2;68,24837
313883,5;68,24837
313900;68,24837
313916,7;68,24837
313934,3;68,24837
313951;68,24837
313967,6;68,24837
313984;68,24837
314000,8;68,24837
314017,2;68,24837
314034,2;68,24837
314050,3;68,24837
314066,8;68,24837
314083,6;68,24837
314100;68,73009
314116,5;68,73009
314133,4;68,73009
314149,7;68,73009
314166,2;68,73009
314183,5;68,73009
314199,4;68,73009
314215,9;68,73009
314233,1;68,73009
314249,1;68,73009
314265,8;68,73009
314282,2;68,73009
314299;68,73009
314315,3;68,73009
314332,2;68,73009
314348,5;68,73009
314365;68,73009
314381,7;68,73009
314398,2;68,73009
314414,7;68,73009
314431,3;68,73009
314447,9;68,73009
314464,7;68,73009
314481;68,73009
314497,6;68,73009
314514,1;68,73009
314530,7;68,73009
314547,3;68,73009
314563,8;68,73009
314580,4;68,73009
314597;68,73009
314613,6;68,73009
314630,1;68,73009
314646,7;68,73009
314663,3;68,73009
314679,8;68,73009
314696,4;68,73009
314712,9;68,73009
314729,9;68,73009
314746,1;68,73009
314762,6;68,73009
314779,2;68,73009
314795,8;68,82773
314812,3;68,82773
314829,5;68,82773
314847,8;68,82773
314864,5;68,82773
314880,9;68,82773
314897,5;68,82773
314914,6;68,82773
314930,6;68,82773
314947,2;68,82773
314963,8;68,82773
314980,3;68,82773
314997,1;68,82773
315013,4;68,82773
315030;68,82773
315046,7;68,82773
315063,2;68,82773
315079,7;68,82773
315096,3;68,82773
315112,8;68,82773
315129,4;68,82773
315146;69,21854
315162,7;69,22079
315179,2;69,21795
315195,7;69,22781
315212,3;68,69328
315228,8;67,87528
315245,4;67,9222
315261,9;67,96822
315278,5;68,01541
315295,1;67,69941
315311,7;67,69941
315328,4;67,69941
315345;67,69941
315361,3;68,06594
315377,9;68,1114
315394,5;68,16651
315411,6;67,84067
315427,6;67,84067
315444,2;67,84067
315461;67,84067
315477,7;68,30145
315493,9;68,30145
315510,4;68,30145
315527,1;68,30145
315543,6;68,30145
315560,2;68,30145
315576,7;68,30145
315593,3;68,30145
315609,8;68,30145
315626,4;68,30145
315643;68,30145
315659,5;68,30145
315676,3;68,30145
315693,2;68,30145
315709,2;68,30145
315725,8;68,30145
315742,6;68,30145
315761,8;68,30145
315775,5;68,30145
315792,2;68,30145
315808,6;68,30145
315825,2;68,30145
315842;68,30145
315858,3;68,30145
315874,9;68,30145
315891,5;68,30145
315908,3;68,30145
315924,6;68,30145
315941,4;68,30145
315957,7;68,30145
315974,3;68,30145
315990,9;68,30145
316007,7;68,30145
316024;68,30145
316040,6;68,30145
316057,1;68,30145
316073,7;68,30145
316090,3;68,37016
316106,8;68,37016
316123,7;68,37016
316140,1;68,37016
316156,5;68,37016
316173,1;68,86399
316190;68,86399
316206,3;68,86399
316222,8;68,86399
316239,4;68,86399
316256,2;68,86399
316272,5;68,86399
316289,1;68,86399
316305,6;68,86399
316322,2;68,86399
316338,8;68,86399
316355,3;68,86399
316372,1;68,86399
316388,5;68,86399
316405;68,86399
316421,6;68,86399
316438,3;68,86399
316454,8;68,86399
316471,3;68,86399
316488;68,86399
316504,5;68,86399
316521;68,86399
316537,6;68,86399
316554,2;68,86399
316570,7;68,86399
316587,3;68,86399
316603,8;68,86399
316620,5;68,86399
316637;68,86399
316653,5;68,86399
316670,1;68,86399
316686,7;68,86399
316711,5;68,86399
316719,9;68,86399
316736,5;68,86399
316753,9;68,86399
316769,7;68,86399
316786,2;68,86399
316802,8;68,86399
316819,5;68,86399
316835,9;69,03
316852,7;69,03
316869;69,03
316885,7;69,03
316902,1;69,03
316918,7;69,03
316935,6;69,03
316951,9;69,03
316968,6;69,03
316985,2;69,03
317001,5;69,03
317018,1;69,03
317034,7;69,03
317051,4;69,03
317067,8;69,03
317084,8;69,03
317100,9;69,03
317117,9;69,03
317134,1;69,03
317150,7;69,03
317167,2;69,03
317183,8;69,03
317200,3;69,03
317216,9;69,03
317233,5;69,03
317250;69,03
317266,8;69,03
317283,7;69,03
317300;69,03
317316,3;69,03
317333,1;69,03
317349,4;69,03
317366;69,03
317382,8;69,03
317399,5;69,03
317415,7;69,03
317432,3;69,03
317448,8;69,03
317465,4;69,03
317482;69,03
317498,8;69,03
317515,1;69,03
317531,7;69,53439
317548,2;69,53439
317564,9;69,53439
317581,4;69,53439
317597,9;69,53439
317614,5;69,53439
317631,1;69,53439
317647,6;69,53439
317665,8;69,53439
317682,4;69,53439
317699,5;69,53439
317715,5;69,53439
317732,3;69,53439
317748,7;69,53439
317765,2;69,53439
317782;69,53439
317798,3;69,53439
317815,4;69,53439
317831,6;69,53439
317848,3;69,53439
317864,6;69,53439
317881,2;69,53439
317897,8;69,53439
317916,5;69,53439
317938,4;69,53439
317956,9;69,53439
317974,9;69,53439
317991,8;69,53439
318008,1;69,53439
318024,8;69,53439
318041,2;69,53439
318057,8;69,53439
318074,9;69,53439
318091;69,53439
318107,5;69,53439
318124,1;69,53439
318140,6;69,53439
318157,2;69,53439
318173,8;69,53439
318190,3;69,53439
318206,9;69,53439
318223,8;69,72615
318240;69,72615
318256,6;69,72615
318273,2;69,72615
318289,7;69,72615
318306,3;69,72615
318322,8;69,72615
318339,4;69,72615
318356,1;69,72615
318372,5;69,72615
318389,3;69,72615
318405,7;69,72615
318422,3;69,72615
318438,8;69,72615
318455,4;69,72615
318472;69,72615
318488,5;69,72615
318505,2;69,72615
318522,3;69,72615
318538,4;69,72615
318554,8;69,72615
318571,3;69,72615
318588,1;69,72615
318604,5;69,72615
318625,3;69,72615
318637,6;69,72615
318654,3;69,72615
318670,8;69,72615
318687,6;69,72615
318704,4;69,72615
318720,6;69,72615
318737,1;69,72615
318753,6;70,15279
318771;69,81281
318787;69,81281
318803,3;69,81281
318819,8;69,81281
318836,7;69,81281
318853;69,81281
318869,5;69,81281
318886,1;70,44678
318902,8;70,44678
318919,3;70,44678
318935,8;70,44678
318952,7;70,44678
318969,6;70,44678
318985,6;70,44678
319002,4;70,44678
319018,9;70,44678
319035,3;70,44678
319052;70,44678
319068,3;70,44678
319085,3;70,44678
319101,5;70,44678
319118;70,44678
319134,7;70,58104
319151,2;70,59396
319168,1;70,71136
319184,3;70,826
319201;70,93916
319217,4;71,04491
319234,1;71,17156
319251,1;71,27535
319267,2;71,38516
319283,7;71,07925
319300,3;71,07925
319317,3;71,49713
319333,5;71,27193
319350;70,90621
319366,5;70,49613
319383,3;70,55281
319400,1;70,60394
319416,6;70,64972
319432,8;70,64972
319449,5;70,64972
319465,9;70,64972
319482,5;70,64972
319499,1;70,64972
319515,7;71,26474
319532,2;71,26474
319548,8;71,26474
319567,3;71,26474
319584,4;71,26474
319600,4;71,26474
319617;71,26474
319633,5;71,26474
319650,1;71,26474
319666,7;71,26474
319683,3;71,26474
319699,8;71,26474
319716,4;71,26474
319733,5;71,26474
319749,5;71,26474
319766,1;71,26474
319783;71,26474
319799,2;71,26474
319815,8;71,26474
319832,4;71,26474
319849;71,26474
319866;71,26474
319882,1;71,26474
319898,6;71,26474
319915,2;71,26474
319932,6;71,26474
319948,3;71,26474
319965;71,26474
319981,4;71,26474
319998,3;71,26474
320014,6;71,26474
320031,2;71,26474
320048;71,26474
320064,4;71,26474
320081,4;71,26474
320097,6;71,26474
320114,4;71,26474
320130,7;71,26474
320147,1;71,42923
320163,7;71,36589
320180,3;71,36589
320196,9;71,36589
320213,4;71,36589
320230,2;71,36589
320246,5;71,36589
320263,4;71,36589
320279,7;71,36589
320296,2;71,36589
320312,8;71,36589
320329,4;71,36589
320345,9;71,36589
320362,5;71,36589
320379,1;71,36589
320395,6;71,36589
320412,4;71,36589
320428,8;71,36589
320445,3;71,36589
320462;71,36589
320484,2;71,36589
320500,7;71,36589
320517,3;71,36589
320533,8;71,36589
320550,4;71,36589
320567,2;71,36589
320583,8;71,36589
320600,5;71,36589
320616,7;71,36589
320633,3;71,36589
320649,8;71,36589
320666,4;71,36589
320683,6;71,36589
320699,5;71,36589
320716,3;71,36589
320732,7;71,36589
320749,3;71,36589
320765,8;71,36589
320782,3;71,36589
320798,9;71,53737
320815,5;71,53737
320832,4;71,53737
320848,7;71,53737
320865,2;71,53737
320881,8;71,53737
320898,3;71,53737
320914,9;71,53737
320931,5;71,53737
320948,5;71,53737
320964,6;71,53737
320981,5;71,53737
320997,7;71,53737
321014,3;71,53737
321030,8;71,53737
321047,4;71,53737
321064,7;71,53737
321080,6;71,53737
321097,1;71,53737
321113,7;71,53737
321130,5;71,53737
321147,3;71,53737
321163,4;71,53737
321180,3;71,53737
321196,5;71,53737
321213,1;71,53737
321229,7;71,53737
321246,2;71,53737
321262,8;71,53737
321279,3;71,53737
321295,9;71,53737
321312,5;71,53737
321329;71,53737
321345,6;71,53737
321368,8;72,07154
321385,3;72,07154
321401,9;72,07154
321418,4;72,07154
321435,6;72,07154
321451,6;72,07154
321468,1;72,07154
321484,7;72,07154
321501,3;72,07154
321518;72,07154
321534,4;72,07154
321551,4;72,07154
321567,6;72,07154
321584,1;72,07154
321601,3;72,07154
321617,3;72,07154
321633,8;72,1153
321650,9;72,15379
321667,5;72,19107
321683,5;72,23817
321700,3;72,28111
321716,7;72,30551
321733,2;72,35057
321749,8;72,38883
321766,3;72,43195
321782,9;72,47251
321799,5;72,51115
321816;72,54205
321832,8;72,53303
321849,2;72,58482
321865,8;72,6307
321882,3;72,12037
321898,9;71,57927
321915,4;71,62467
321932;71,66672
321948,7;71,25431
321965,2;71,25431
321981,7;71,25431
321998,5;71,25431
322014,8;71,77781
322032,1;71,77781
322048;71,77781
322064,5;71,77781
322081,1;71,77781
322098,3;71,77781
322114,2;71,77781
322130,8;71,77781
322147,4;71,77781
322164;71,77781
322180,5;71,77781
322197,1;71,77781
322213,7;71,77781
322230,8;71,77781
322246,8;71,77781
322264,3;71,77781
322279,9;71,77781
322296,5;71,77781
322313,1;71,77781
322329,8;71,77781
322346,2;71,77781
322363;71,77781
322379,6;71,77781
322395,9;71,77781
322413,3;71,77781
322429;71,77781
322445,6;71,77781
322462,1;71,77781
322478,7;71,77781
322495,9;71,77781
322512,4;71,77781
322528,4;71,77781
322545,1;71,77781
322561,6;71,77781
322578,1;71,77781
322594,7;71,77781
322611,3;71,77781
322627,8;71,77781
322644,4;71,77781
322660,9;71,77781
322677,5;71,77781
322694,1;71,77781
322710,6;71,77781
322727,2;71,93963
322743,8;71,93963
322760,3;71,93963
322776,9;71,93963
322793,5;71,93963
322810,2;71,93963
322826,6;71,93963
322843,2;71,93963
322859,8;71,93963
322876,3;71,93963
322892,9;71,93963
322909,6;71,93963
322926,7;71,93963
322942,6;71,93963
322959,1;71,93963
322975,9;71,93963
322992,3;71,93963
323008,8;71,93963
323025,4;71,93963
323042,4;71,93963
323058,9;71,93963
323075,1;71,93963
323091,7;71,93963
323108,3;71,93963
323125,2;71,93963
323143;71,93963
323159,5;71,93963
323176,1;71,93963
323192,7;71,93963
323209,2;71,93963
323225,8;71,93963
323242,4;71,93963
323259;71,93963
323275,6;71,93963
323292,1;71,93963
323308,6;71,93963
323325,2;71,93963
323341,8;71,93963
323358,5;72,4966
323374,9;72,4966
323391,5;72,4966
323408;72,4966
323424,6;72,4966
323441,3;72,4966
323457,7;72,4966
323474,5;72,4966
323490,9;72,4966
323507,4;72,4966
323524,3;72,4966
323540,6;72,4966
323557,4;72,4966
323573,7;72,4966
323590,3;72,4966
323606,8;72,4966
323623,4;72,4966
323640;72,4966
323656,5;72,4966
323673,1;72,4966
323689,9;72,4966
323706,3;72,4966
323722,8;72,4966
323739,4;72,4966
323755,9;72,4966
323772,5;72,4966
323789,3;72,4966
323805,6;72,4966
323822,5;72,4966
323838,8;72,4966
323855,3;72,4966
323871,9;72,4966
323888,5;72,4966
323905;72,4966
323921,6;72,4966
323938,2;72,4966
323954,8;72,4966
323971,3;72,4966
323987,9;72,4966
324004,6;72,593
324022,7;72,593
324039,6;72,593
324055,8;72,593
324073,2;72,593
324089;72,593
324105,8;72,593
324122,1;72,593
324139,2;72,593
324155,5;72,593
324172;72,593
324188,4;72,593
324204,9;72,593
324221,5;72,593
324238,1;72,593
324255,2;72,593
324271,5;72,593
324287,8;72,593
324304,3;72,593
324320,9;72,593
324337,5;72,593
324354;72,593
324370,6;72,593
324387,2;72,593
324403,8;72,593
324420,3;72,593
324436,9;72,593
324453,9;72,593
324470,5;72,593
324486,6;72,593
324503,4;72,593
324519,7;72,593
324536,8;72,593
324553,4;72,593
324569,7;72,593
324586,7;72,593
324602,5;72,593
324619,3;72,593
324635,7;72,593
324652,2;72,593
324668,8;72,593
324685,4;73,11673
324702,2;73,11673
324718,5;73,11673
324735,1;73,11673
324751,7;73,11673
324768,7;73,11673
324785,1;73,11673
324801,3;73,11673
324817,9;73,11673
324834,5;73,11673
324851;73,11673
324867,6;73,11673
324884,4;73,11673
324909,1;73,11673
324925,7;73,11673
324942,4;73,11673
324959,3;73,11673
324975,4;73,11673
324992;73,11673
325008,6;73,11673
325025,1;73,11673
325041,7;73,11673
325058,2;73,12802
325074,8;73,14642
325091,4;73,16038
325107,9;73,17222
325124,8;73,16707
325141,1;73,16707
325157,6;73,16707
325174,8;73,16707
325190,8;73,16707
325207,3;73,16707
325223,9;73,16707
325240,5;73,16707
325257,1;73,16707
325273,6;73,18578
325290,5;73,18578
325306,7;73,18578
325323,3;73,18578
325339,9;73,68073
325356,4;73,68073
325373;73,68073
325389,7;73,68073
325406,2;73,68073
325422,9;73,68073
325439,4;73,68073
325455,9;73,68073
325472,4;73,68073
325489;73,68073
325505,6;73,68073
325522,1;73,68073
325538,7;73,68073
325555,3;73,68073
325572,6;73,68073
325588,4;73,68073
325605;73,68073
325621,8;73,68073
325638,1;73,68073
325655,3;73,68073
325671,2;73,68073
325687,8;73,68073
325704,3;73,68073
325720,9;73,68073
325737,5;73,68073
325755;73,68073
325770,6;73,68073
325787,2;73,68073
325807,2;73,68073
325820,3;73,68073
325836,9;73,68073
325853,4;73,68073
325870;73,68073
325886,9;73,68073
325903,4;73,68073
325920,4;73,68073
325936,3;73,68073
325952,8;73,68073
325969,4;73,68073
325986,1;73,68073
326002,5;73,68073
326019,3;73,7971
326035,7;73,7971
326052,3;73,7971
326068,8;73,7971
326085,6;73,7971
326102,6;73,7971
326118,5;73,7971
326135,3;73,7971
326151,7;73,7971
326168,2;73,7971
326184,8;73,7971
326201,3;73,7971
326217,9;73,7971
326234,5;73,7971
326251;73,7971
326267,6;73,7971
326284,3;73,7971
326300,8;73,7971
326317,3;73,7971
326333,9;73,7971
326350,4;73,7971
326367,8;73,7971
326383,7;73,7971
326400,4;73,7971
326416,8;73,7971
326433,3;73,7971
326449,8;73,7971
326466,6;73,7971
326483,1;73,7971
326499,5;73,7971
326516,6;73,7971
326532,7;73,7971
326549,3;73,7971
326566,1;73,7971
326582,4;74,22056
326598,9;74,24757
326615,5;73,74499
326632,4;73,74499
326648,7;73,74499
326665,3;73,87794
326681,8;73,87794
326698,3;73,87794
326716,8;73,87794
326733,8;73,87794
326750,1;73,87794
326766,9;73,87794
326783,6;73,87794
326799,6;73,87794
326816,1;73,87794
326832,7;73,87794
326849,3;73,87794
326866,1;73,87794
326882,4;73,87794
326899;73,87794
326915,8;73,87794
326932,1;73,87794
326948,7;73,87794
326965,3;73,87794
326981,9;73,87794
326998,4;73,87794
327014,9;73,87794
327031,9;73,87794
327048,1;73,87794
327064,6;73,87794
327081,2;73,87794
327097,8;73,87794
327114,4;73,87794
327130,9;73,87794
327147,5;73,87794
327164;73,87794
327181;73,87794
327198,1;73,87794
327213,9;73,87794
327231;73,8286
327246,8;73,31738
327263,4;73,31738
327280,5;73,31738
327296,6;73,31738
327313,2;73,38408
327329,8;73,38408
327346,3;73,38408
327363;73,38408
327379,4;73,38408
327396;73,38408
327412,5;73,38408
327429,1;73,38408
327445,7;73,38408
327462,3;73,38408
327478,8;73,38408
327495,4;73,38408
327511,9;73,38408
327528,5;73,38408
327545,5;73,38408
327561,7;73,38408
327578,2;73,38408
327597,7;73,38408
327611,3;73,38408
327627,9;73,38408
327644,5;73,35642
327661;73,38894
327677,6;72,74425
327694,3;72,76437
327710,7;72,77767
327727,6;72,77934
327743,9;72,77934
327760,7;72,77934
327777,4;72,77934
327793,6;72,77934
327810,2;72,77934
327826,7;72,77934
327843,3;72,79692
327859,8;72,81669
327876,4;72,84071
327893;72,84071
327909,8;72,84071
327926,2;73,42749
327943;73,42749
327959,5;73,42749
327976,5;73,42749
327992,8;73,42749
328009,5;73,42749
328025,5;73,42749
328042,1;73,42749
328058,9;73,42749
328075,3;73,42749
328091,8;73,42749
328108,3;73,42749
328124,9;73,42749
328141,5;73,42749
328158,1;73,42749
328174,6;73,42749
328191,2;73,42749
328207,8;73,42749
328224,3;73,42749
328241;73,42749
328257,6;73,42749
328274;73,42749
328290,6;73,42749
328307,1;73,42749
328323,7;73,42749
328340,3;73,42749
328357,2;73,42749
328373,9;73,42749
328390,2;73,42749
328406,6;73,42749
328423,1;73,42749
328440,2;73,42749
328456,3;73,42749
328473,7;73,42749
328489,4;73,42749
328505,9;73,42749
328527,8;73,42749
328544,3;73,42749
328560,9;73,58566
328577,6;73,58566
328594,1;73,58566
328611,3;73,58566
328627,2;73,58566
328644,1;73,58566
328660,3;73,58566
328677,3;73,58566
328693,4;73,58566
328710;73,58566
328726,6;73,58566
328743,1;73,58566
328759,7;73,58566
328776,3;73,58566
328793;73,58566
328809,7;73,58566
328826,1;73,58566
328842,5;73,58566
328859,7;73,58566
328875,7;73,58566
328892,5;73,58566
328908,8;73,58566
328925,7;73,58566
328942,6;73,58566
328958,5;73,58566
328975,1;73,58566
328991,6;73,58566
329008,3;73,58566
329024,8;73,58566
329041,3;73,58566
329058;73,58566
329074,5;73,58566
329091,2;73,58566
329107,6;73,58566
329124,2;73,58566
329140,9;73,58566
329157,3;74,20406
329173,9;74,20406
329190,5;74,20406
329207;74,20406
329223,8;74,20406
329240,2;74,20406
329256,8;74,20406
329274;74,20406
329289,8;74,20406
329306,5;74,20406
329323;74,20406
329339,5;74,20406
329356,2;74,20406
329372,7;74,20406
329389,5;74,20406
329410,1;74,20406
329426,7;74,20406
329443,3;74,20406
329459,8;74,20406
329476,4;74,20406
329492,9;74,20406
329509,5;74,20406
329526,5;74,20406
329543,4;74,20406
329559,2;74,20406
329575,8;74,20406
329592,5;74,20406
329609,4;74,20406
329625,5;74,20406
329642,2;74,20406
329658,6;74,20406
329675,3;74,20406
329691,8;74,20406
329708,3;74,20406
329724,9;74,20406
329741,5;74,20406
329758;74,20406
329774,6;74,31693
329791,1;74,31693
329807,7;74,31693
329824,6;74,31693
329841;74,31693
329857,4;74,31693
329874;74,31693
329890,6;74,31693
329907,4;74,31693
329923,7;74,31693
329940,3;74,31693
329956,8;74,31693
329973,5;74,31693
329990;74,31693
330006,5;74,31693
330023,1;74,31693
330039,8;74,31693
330056,4;74,31693
330072,8;74,31693
330089,4;74,31693
330105,9;74,31693
330123;74,31693
330139,3;74,31693
330155,6;74,31693
330172,2;74,31693
330188,8;74,31693
330205,6;74,31693
330221,9;74,31693
330238,4;74,31693
330255;74,31693
330271,7;74,31693
330288,3;74,31693
330305,1;74,31693
330321,5;74,31693
330337,9;74,31693
330355,2;74,31693
330378,6;74,31693
330395,2;74,31693
330412,2;74,9687
330428,6;74,9687
330444,9;74,9687
330461,8;74,9687
330478;74,9687
330494,6;74,9687
330511,2;74,9687
330527,7;74,9687
330544,3;74,9687
330560,8;74,9687
330577,4;74,9687
330594,2;74,9687
330610,6;74,9687
330627,3;74,9687
330643,8;74,9687
330660,3;74,9687
330676,8;74,9687
330693,4;74,9687
330710;74,9687
330726,9;74,9687
330743,2;74,97304
330759,8;74,98376
330776,2;75,00096
330793,5;75,00816
330809,7;75,00182
330825,9;75,0069
330842,5;75,0069
330859,1;75,0069
330875,6;75,0069
330892,6;75,0069
330908,8;75,01269
330925,7;75,0181
330942,2;75,02715
330958,5;75,02715
330975;75,02715
330991,6;75,02715
331008,2;75,02715
331024,7;75,02715
331041,8;75,05729
331058,2;75,05729
331074,5;75,05729
331091;75,05729
331107,6;75,05729
331124,4;75,05729
331141,1;75,05729
331158,1;75,05729
331173,8;75,05729
331190,4;75,05729
331207,3;75,05729
331223,6;75,05729
331240,2;75,05729
331256,8;75,05729
331280,5;75,05729
331289,8;75,05729
331306,4;75,05729
331323;75,05729
331339,7;75,05729
331356,1;75,05729
331372,6;75,05729
331389,8;75,05729
331405,8;74,9446
331422,3;74,99426
331439,5;74,99426
331455,4;74,99426
331472;74,99426
331488,6;74,99426
331505,2;74,99426
331521,7;74,87458
331538,3;74,33598
331554,8;74,33747
331572;74,34666
331588;74,34666
331604,6;74,34666
331621,9;74,34666
331637,7;74,34666
331654,3;74,34666
331671,2;74,34666
331687,4;74,5271
331704;74,5271
331720,7;74,5271
331737,4;74,5271
331753,7;74,5271
331770,2;74,5271
331786,8;74,5271
331803,3;74,5271
331819,9;74,5271
331836,5;74,5271
331853,3;74,5271
331869,6;74,5271
331886,2;74,5271
331902,8;74,5271
331919,3;74,5271
331935,9;74,5271
331952,8;74,5271
331969;74,5271
331985,9;74,5271
332002,2;74,5271
332018,7;74,5271
332035,6;74,5271
332052;74,5271
332068,4;74,5271
332085,8;74,5271
332102,1;74,5271
332118,2;74,5271
332134,7;74,5271
332151,3;74,5271
332167,8;74,5271
332184,4;74,5271
332201,6;74,5271
332222;74,5271
332234,5;74,5271
332250,7;74,5271
332267,2;74,5271
332283,8;74,5271
332300,3;74,5271
332316,9;75,13082
332333,5;75,13082
332350,1;75,13082
332366,6;75,13082
332383,5;75,13082
332399,8;75,13082
332416,3;75,13082
332432,9;75,13082
332449,5;75,13082
332466;75,13082
332482,6;75,13082
332499,2;75,13082
332515,7;75,13082
332532,3;75,13082
332548,8;75,13082
332565,4;75,13082
332582,4;75,13082
332598,5;75,13082
332615,1;75,13082
332631,7;75,13082
332648,5;75,13082
332664,8;75,13082
332681,4;75,13082
332698;75,13082
332714,5;75,13082
332731,1;75,13082
332747,7;75,13082
332764,2;75,13082
332781,3;75,13082
332798;75,13082
332814;75,13082
332830,7;75,13082
332847;75,13082
332863,6;75,13082
332880,2;75,13082
332896,8;75,13082
332913,3;75,13082
332929,9;75,13082
332946,5;75,13082
332963;75,25483
332979,6;75,25483
332996,3;75,25483
333013,3;75,25483
333029,7;75,25483
333045,9;75,25483
333062,4;75,25483
333079;75,25483
333095,6;75,25483
333112,1;75,25483
333129,3;75,25483
333145,4;75,25483
333162,3;75,25483
333179,2;75,25483
333194,9;75,25483
333211,5;75,25483
333228,2;75,25483
333245;75,25483
333261,2;75,25483
333278,2;75,25483
333294,3;75,25483
333310,9;75,25483
333327,5;75,25483
333344,1;75,25483
333360,9;75,25483
333377,2;75,25483
333393,9;75,25483
333410,3;75,25483
333427;75,25483
333443,5;75,25483
333460;75,25483
333476,6;75,25483
333493,2;75,71249
333509,8;75,71987
333526,4;75,71987
333542,8;75,71987
333559,4;75,71987
333576;75,71987
333592,6;75,71987
333609,1;75,82843
333625,7;75,82843
333642,3;75,82843
333658,8;75,82843
333675,7;75,82843
333692;75,82843
333708,8;75,82843
333725,1;75,82843
333741,7;75,82843
333758,3;75,82843
333774,8;75,82843
333791,3;75,82843
333807,9;75,82843
333824,6;75,82843
333841,1;75,82843
333857,6;75,82843
333874,2;75,82843
333890,8;75,82843
333907,5;75,82843
333923,9;75,82843
333940,5;75,82843
333957,7;76,28819
333973,6;76,29305
333990,2;76,30008
334006,7;76,29953
334023,3;75,84186
334040,2;75,84186
334056,4;75,84186
334073,2;75,84186
334093,5;76,30017
334106,2;76,30807
334122,8;76,30704
334139,3;76,31095
334155,9;75,84991
334172,6;75,84991
334189,1;75,84991
334205,5;75,84991
334222,1;75,84991
334238,8;76,45954
334255,2;76,45954
334272,5;76,45954
334288,4;76,45954
334304,9;76,45954
334321,5;76,45954
334338;76,45954
334354,6;76,45954
334371,6;76,45954
334387,8;76,45954
334404,3;76,45954
334420,9;76,45954
334437,8;76,45954
334454;76,45954
334471;76,45954
334487,2;76,45954
334504,1;76,45954
334520,8;76,45954
334536,9;76,45954
334553,4;76,45954
334570;76,45954
334586,9;76,45954
334603,1;76,45954
334619,7;76,45954
334636,3;76,45954
334652,8;76,45954
334669,5;76,45954
334686;76,45954
334703;76,45954
334719,1;76,45954
334736,2;76,45954
334753,1;76,45954
334768,8;76,45954
334785,4;76,45954
334802;76,45954
334818,5;76,45954
334835,1;76,45954
334852,2;76,45954
334868,7;76,45954
334884,8;76,62296
334901,3;76,62296
334917,9;76,62296
334934,5;76,62296
334951,6;76,62296
334967,6;76,62296
334984,2;76,62296
335006,6;76,62296
335017,7;76,62296
335033,8;76,62296
335050,4;76,62296
335067,6;76,62296
335083,6;76,62296
335100,2;76,62296
335116,7;76,62296
335133,6;76,62296
335149,8;76,62296
335166,4;76,62296
335182,9;76,62296
335199,9;76,62296
335216,4;76,62296
335232,8;76,62296
335249,2;76,62296
335266,5;76,62296
335282,3;76,62296
335298,9;76,62296
335315,5;76,62296
335332,2;76,62296
335348,6;76,62296
335365,2;76,62296
335381,9;76,62296
335398,3;76,62296
335414,9;77,08832
335431,8;76,62222
335448;76,62222
335464,7;76,62222
335481,4;76,62222
335497,8;76,62222
335514,7;77,21629
335531,3;77,21629
335547,5;77,21629
335564;77,21629
335580,6;77,21629
335597,1;77,21629
335613,7;77,21629
335630,3;77,21629
335646,8;77,21629
335663,4;77,21629
335680;77,21629
335696,6;77,21629
335713,1;77,21629
335730,1;77,21629
335746,5;77,21629
335762,9;77,21629
335779,3;77,21629
335795,9;77,21629
335812,9;77,21629
335829;77,21629
335845,6;77,21629
335862,6;77,21629
335881,2;77,21629
335897,8;77,21629
335914,8;77,21629
335931,2;77,21629
335947,5;77,21629
335964;77,21629
335980,8;77,21629
335997,1;77,21629
336013,7;77,21629
336030,5;77,24332
336046,8;77,26765
336063,4;77,20699
336080;77,20699
336096,5;77,20699
336113,5;77,20699
336129,7;77,20699
336146,5;77,20699
336162,8;77,20699
336179,3;77,32161
336196,1;77,32161
336212,5;77,32161
336229,2;77,32161
336245,6;77,32161
336262,3;77,32161
336278,9;77,32161
336295,3;77,32161
336312,1;77,32161
336328,6;77,32161
336345,6;77,32161
336361,6;77,32161
336378,6;77,32161
336394,9;77,32161
336412,3;77,32161
336427,8;77,32161
336444,4;77,32161
336461;77,32161
336477,6;77,32161
336494,1;77,32161
336511;77,32161
336527,3;77,32161
336543,8;77,32161
336560,4;77,32161
336577;77,32161
336593,5;77,32161
336610,1;77,32161
336626,7;77,32161
336643,5;77,32161
336660,3;77,32161
336676,5;77,32161
336692,9;77,32161
336710,1;77,32161
336726,1;77,32161
336742,7;77,32161
336759,2;77,32161
336775,9;77,32161
336792,7;77,42979
336811,3;77,42979
336828,2;77,42979
336844,4;77,42979
336861,2;77,42979
336877,6;77,42979
336894,2;77,42979
336910,9;77,42979
336927,3;77,42979
336943,8;77,42979
336960,4;77,42979
336977;77,42979
336993,6;77,42979
337010,1;77,42979
337026,9;77,42979
337043,3;77,42979
337059,8;77,42979
337076,4;77,42979
337093;77,42979
337109,5;77,42979
337126,1;77,42979
337142,7;77,42979
337159,3;77,42979
337176,3;77,42979
337192,5;77,42979
337209,1;77,42979
337226;77,42979
337242,1;77,42979
337258,6;77,42979
337275,3;77,42979
337291,8;77,42979
337308,3;77,42979
337325;77,42979
337341,5;77,42979
337358,4;77,55829
337374,9;77,55829
337391,2;77,55829
337407,7;77,55829
337424,3;77,55829
337440,8;77,55829
337457,4;77,55829
337474;77,55829
337490,6;77,55829
337507,1;77,55829
337523,7;77,55829
337540,6;77,55829
337557,2;77,55829
337573,4;77,55829
337590;77,55829
337606,8;77,55829
337623,1;77,55829
337640;77,55829
337656,2;77,55829
337677,8;77,55829
337694,4;77,55829
337711;77,55829
337727,5;77,55829
337744,7;77,55829
337760,7;77,55829
337777,3;77,55829
337793,8;77,55829
337810,6;77,55829
337826,9;77,55829
337843,5;77,55829
337860,1;77,55829
337876,7;77,55829
337893,2;77,55829
337910,5;77,55829
337926,3;77,55829
337942,9;77,55829
337959,5;77,63798
337976;77,63798
337992,6;77,63798
338009,2;77,63798
338025,8;77,63798
338042,7;77,63798
338058,9;77,63798
338075,5;77,63798
338092;77,63798
338108,7;77,63798
338125,3;77,63798
338141,7;77,63798
338158,3;77,63798
338175,2;77,63798
338191,4;77,63798
338208;77,63798
338224,6;77,63798
338241,1;77,63798
338258,1;77,63798
338274,2;77,63798
338290,8;77,63798
338307,4;77,63798
338324,4;77,63798
338340,5;77,63798
338357,2;77,63798
338374,3;77,63798
338390,2;77,63798
338407,7;77,63798
338423,4;77,63798
338440;77,63798
338456,5;77,63798
338473,1;77,63798
338490,2;77,63798
338506,2;77,63798
338522,8;77,63798
338539,3;77,63798
338555,9;77,63798
338572,4;77,63798
338589;77,80628
338605,6;77,80628
338622,1;77,80628
338638,7;77,80628
338655,5;77,80628
338672,3;77,80628
338688,4;77,80628
338705;77,80628
338722,4;77,80628
338738,1;77,80628
338754,7;77,80628
338771,3;77,80628
338787,8;77,80628
338804,4;77,80628
338821,3;77,80628
338837,9;77,80628
338854,1;77,80628
338870,8;77,80628
338887,2;77,80628
338903,8;77,80628
338920,3;77,80628
338937;77,80628
338953,5;77,80628
338970;77,80628
338986,6;77,80628
339003,2;77,80628
339019,8;77,80628
339036,3;77,80628
339052,9;77,80628
339069,5;77,80628
339086,3;77,80628
339102,6;77,80628
339119,1;77,80628
339135,7;77,80628
339152,3;77,80628
339168,9;77,80628
339185,4;77,80628
339202,2;78,36935
339218,6;78,36935
339235,6;78,36935
339251,7;78,36935
339268,3;78,36935
339284,8;78,36935
339301,4;78,36935
339318,3;78,36935
339334,5;78,36935
339351,1;78,36935
339368,2;78,36935
339384,2;78,36935
339401;78,36935
339417,3;78,36935
339433,9;78,36935
339450,5;78,36935
339467;78,36935
339484,3;78,36935
339500,2;78,36935
339517,1;78,36935
339533,3;78,36935
339549,9;78,36935
339567;78,36935
339583,1;78,36935
339599,6;78,36935
339616,2;78,36935
339632,7;78,36935
339649,3;78,36935
339666,4;78,36935
339682,6;78,36935
339699;78,36935
339715,5;78,36935
339732,1;78,36935
339748,7;78,36935
339765,3;78,36935
339781,8;78,36935
339798,6;78,36935
339815,3;78,36935
339831,5;78,53854
339848,1;78,53854
339864,8;78,53854
339882,1;78,53854
339897,8;78,53854
339914,3;78,53854
339930,9;78,53854
339947,5;78,53854
339964,2;78,53854
339980,6;78,53854
339997,3;78,53854
340013,9;78,53854
340030,4;78,53854
340046,9;78,53854
340063,4;78,53854
340080;78,53854
340096,7;78,53854
340113,1;79,05019
340129,7;79,12147
340146,3;79,18324
340162,8;78,77185
340179,4;78,32468
340196;78,39005
340212,6;78,36579
340229,1;78,40292
340245,7;77,81036
340262,3;77,79941
340278,8;77,79941
340295,4;77,81941
340311,9;77,83691
340328,6;77,85632
340345,3;77,87746
340362;77,90887
340378,8;77,92416
340399,1;77,91874
340411,3;77,91874
340427,9;77,91874
340444,5;78,02715
340461,7;78,02715
340477,6;78,02715
340494,2;78,02715
340510,8;78,02715
340527,8;78,02715
340543,9;78,02715
340560,5;78,02715
340577;78,02715
340593,6;78,02715
340610,1;78,02715
340626,8;78,02715
340643,3;78,02715
340660,2;78,02715
340677;78,02715
340693;78,02715
340710;78,02715
340726,3;78,02715
340742,7;78,02715
340759,3;78,02715
340775,8;78,02715
340792,8;78,02715
340809;78,02715
340825,9;78,02715
340842,2;78,02715
340858,7;78,02715
340875,2;78,02715
340891,8;78,02715
340908,4;78,02715
340925,1;77,95636
340941,5;77,22295
340958;76,50442
340974,6;76,00733
340991,3;76,00733
341007,8;76,00733
341024,3;76,00733
341040,9;76,62552
341057,4;76,62552
341074,1;76,62552
341090,6;76,62552
341107,2;76,62552
341124,2;76,62552
341140,3;76,62552
341157,1;76,62552
341173,7;76,62552
341190;76,62552
341206,5;76,62552
341223,1;76,62552
341239,7;76,62552
341256,3;76,62552
341280,5;76,62552
341289,4;76,62552
341306,1;76,62552
341322,5;76,62552
341339,1;76,62552
341355,7;76,62552
341372,8;76,62552
341388,8;76,62552
341405,3;76,62552
341421,9;76,62552
341439,1;76,62552
341455,1;76,62552
341472;76,62552
341488,3;76,62552
341504,9;76,62552
341521,7;76,62552
341537,9;76,62552
341554,4;76,62552
341571;76,62552
341587,6;76,62552
341604,2;76,62552
341620,7;76,62552
341637,3;76,62552
341653,8;76,62552
341670,4;76,86449
341687;76,86449
341703,6;76,86449
341720,1;76,86449
341737,2;76,86449
341753,7;76,86449
341770;76,86449
341786,4;76,86449
341803,4;76,86449
341819,7;76,86449
341836,1;76,86449
341853;76,86449
341869,4;76,86449
341885,8;76,86449
341902,3;76,86449
341918,9;76,86449
341935,5;76,86449
341952,1;76,86449
341969;76,86449
341985,2;76,86449
342001,8;76,86449
342018,3;76,86449
342034,9;76,86449
342051,8;76,86449
342068,2;76,86449
342084,6;76,86449
342101,1;76,86449
342117,7;76,86449
342134,3;76,86449
342151,2;77,41343
342167,4;77,46085
342185,6;77,46085
342202,3;77,46085
342218,7;77,46085
342235,3;77,62889
342251,8;77,62889
342268,7;77,62889
342285;77,62889
342301,5;77,62889
342318,1;77,62889
342334,7;77,62889
342351,4;77,62889
342367,8;77,62889
342384,4;77,62889
342401,2;77,62889
342417,5;77,62889
342434,1;77,62889
342450,6;77,62889
342467,2;77,62889
342484;77,62889
342500,3;77,62889
342516,9;77,62889
342533,4;77,62889
342550;77,62889
342566,6;77,62889
342583,6;77,62889
342599,7;77,62889
342616,3;77,62889
342632,9;77,62889
342649,9;77,62889
342666,1;77,62889
342682,6;77,62889
342699,2;77,62889
342715,7;77,62889
342732,3;78,18805
342749,1;78,23875
342765,4;77,73396
342781,9;77,73396
342798,8;77,73396
342815,1;78,38834
342831,7;78,38834
342848,3;78,38834
342864,8;78,38834
342881,3;78,38834
342897,9;78,38834
342914,5;78,38834
342931,1;78,38834
342947,6;78,38834
342965;78,38834
342980,8;78,38834
342997,3;78,38834
343013,9;78,38834
343030,7;78,38834
343047,1;78,38834
343063,6;78,38834
343082;78,38834
343098,6;78,38834
343115,2;78,38834
343131,8;78,38834
343148,8;78,38834
343165;78,38834
343181,5;78,38834
343198;78,38834
343214,6;78,38834
343231,3;78,38834
343247,9;78,38834
343264,3;78,38834
343280,8;78,38834
343297,4;78,38834
343314,1;78,38834
343330,5;78,38834
343347,1;78,38834
343363,7;78,38834
343380,3;78,38834
343397;78,38834
343413,7;78,38834
343430;78,629
343446,5;78,629
343463,1;78,629
343479,7;78,629
343496,2;78,629
343512,8;78,629
343529,3;78,629
343545,9;78,629
343562,8;78,629
343579,1;78,629
343595,9;78,629
343612,2;78,629
343628,8;78,629
343645,4;78,629
343662;78,629
343678,5;78,629
343695;78,629
343711,6;78,629
343728,3;78,629
343745,4;78,629
343761,3;78,629
343778;78,629
343794,5;78,629
343811;78,629
343827,9;78,629
343844,3;78,629
343861;78,629
343877,5;78,629
343893,9;78,629
343910,8;78,629
343927;78,629
343943,5;78,629
343960,3;78,629
343976,8;78,629
343997,7;78,629
344014,5;79,29959
344030,8;79,29959
344047,7;79,29959
344064;79,29959
344080,9;79,29959
344098;79,29959
344113,7;79,29959
344130,3;79,29959
344146,8;79,29959
344163,9;79,29959
344179,9;79,29959
344196,5;79,29959
344213,2;79,29959
344229,7;79,29959
344246,2;79,29959
344263,1;79,29959
344279,3;79,29959
344295,9;79,29959
344312,5;79,29959
344329;79,29959
344345,6;79,29959
344362,2;79,29959
344378,9;79,29959
344395,3;79,29959
344411,9;79,29959
344428,4;79,29959
344445;79,29959
344461,6;79,29959
344478,2;79,29959
344494,8;79,29959
344511,3;79,29959
344528;79,29959
344544,5;79,29959
344561,2;79,29959
344577,6;79,29959
344594,1;79,29959
344611,4;79,29959
344627,7;79,35915
344643,9;79,35915
344660,4;79,35915
344677;79,35915
344693,5;79,35915
344710,1;79,35915
344726,7;79,35915
344743,2;79,35915
344759,9;79,35915
344776,3;79,35915
344792,9;79,35915
344809,5;79,35915
344826,6;79,35915
344842,6;79,35915
344859,4;79,35915
344875,7;79,35915
344900,8;79,35915
344917,4;79,35915
344934;79,35915
344950,6;79,35915
344967,1;79,35915
344984,3;79,35915
345000,3;79,35915
345016,8;79,35915
345033,4;79,35915
345050;79,35915
345066,5;79,35915
345083,1;79,35915
345099,7;79,35915
345116,5;79,35915
345132,8;79,35915
345149,3;79,35915
345166,1;79,35915
345182,5;79,0612
345199,1;78,62966
345215,6;78,62966
345232,2;78,62966
345249,2;78,62966
345265,3;79,07877
345282,1;79,07877
345298,8;79,07877
345315;79,07877
345332,5;79,07877
345348,3;79,07877
345364,7;79,07877
345381,5;79,07877
345398,5;79,07877
345414,4;79,07877
345431,4;79,07877
345447,6;79,07877
345464,2;79,07877
345480,7;79,07877
345497,3;79,07877
345513,8;79,07877
345530,4;79,07877
345547;79,07877
345563,6;79,07877
345580,1;79,07877
345596,7;79,07877
345613,2;79,07877
345629,8;79,07877
345646,4;79,07877
345662,9;79,07877
345679,7;79,07877
345696,1;79,07877
345712,6;79,07877
345729,2;79,07877
345745,8;79,07877
345762,3;79,07877
345779,1;79,07877
345801,2;79,07877
345812;79,07877
345828,6;79,07877
345845,2;79,07877
345861,8;79,07877
345878,3;79,07877
345894,9;79,07877
345911,9;79,07877
345928;79,07877
345945;79,07877
345961,2;79,07877
345978,2;79,07877
345994,3;79,03312
346010,8;79,03312
346027,4;79,03312
346044,1;79,03312
346060,6;79,03312
346077,2;79,03312
346093,7;79,03312
346110,5;79,03312
346127,2;79,03312
346143,5;79,03312
346159,9;79,03312
346177,2;79,03312
346193,1;79,03312
346210;79,03312
346226,3;79,03312
346243,3;79,03312
346259,3;79,03312
346275,9;79,03312
346292,5;79,03312
346309;79,03312
346325,6;79,03312
346342,2;79,03312
346358,7;79,03312
346375,3;79,03312
346391,9;79,03312
346408,4;79,03312
346425;79,03312
346441,6;79,03312
346458,3;79,03312
346474,7;79,03312
346491,3;79,03312
346507,9;79,03312
346524,6;79,03312
346541;79,03312
346557,5;79,03312
346574,1;79,03312
346590,7;79,03312
346607,3;79,03312
346623,8;79,03312
346640,3;79,03312
346656,9;79,03312
346673,5;79,03312
346690,1;79,03312
346707,1;79,03312
346729,2;79,03312
346746,4;79,52905
346762,3;79,52905
346778,9;79,52905
346795,4;79,52905
346812,4;79,52905
346828,6;79,52905
346845,7;79,52905
346861,7;79,52905
346878,3;79,52905
346895;79,52905
346911,4;79,52905
346928;79,52905
346944,7;79,52905
346961,7;79,52905
346977,7;79,52905
346994,3;79,52905
347011;79,52905
347027,8;79,52905
347043,9;79,52905
347060,6;79,52905
347077,1;79,40459
347094;79,32701
347110,2;79,06278
347127,6;78,24737
347143,3;78,17165
347159,9;77,51231
347176,6;77,42292
347193,1;77,33619
347209,9;77,25939
347226,2;77,16687
347242,8;76,74797
347259,3;76,74797
347276,3;76,74797
347293,1;76,74797
347309;76,74797
347325,6;77,08768
347342,3;76,99948
347359,3;76,91733
347375,4;76,48454
347392,5;76,88257
347409,1;76,88257
347425;76,88257
347441,5;76,69206
347460;76,69206
347476,6;76,69206
347493,1;76,69206
347509,7;76,69206
347526,3;76,69206
347542,8;76,69206
347559,4;76,69206
347575,9;76,69206
347592,5;76,69206
347609,1;76,69206
347625,7;76,69206
347642,2;76,69206
347658,8;76,69206
347675,4;76,69206
347692;76,69206
347708,5;76,69206
347725;76,69206
347741,8;76,69206
347758,2;76,69206
347774,7;76,69206
347791,6;76,69206
347808,1;76,69206
347824,4;76,69206
347841,4;76,69206
347857,6;76,69206
347874,2;76,69206
347890,7;76,69206
347907,4;76,69206
347923,8;76,69206
347940,4;76,69206
347957;76,69206
347973,5;76,69206
347990,1;76,69206
348006,7;76,69206
348023,2;76,69206
348039,8;76,69206
348056,8;76,69206
348073;76,69206
348089,5;76,69206
348106,1;76,69206
348122,6;76,69206
348139,6;76,69206
348155,8;76,69206
348172,5;76,69206
348188,9;76,69206
348205,5;76,50437
348222,3;76,50437
348238,9;76,50437
348255,3;76,50437
348271,7;76,50437
348288,3;76,50437
348304,9;76,50437
348321,9;76,50437
348338;76,50437
348354,6;76,50437
348373,8;76,50437
348390,4;76,50437
348407,4;76,50437
348423,5;76,50437
348440,1;76,50437
348456,7;76,50437
348473,2;76,50437
348490;76,50437
348506,3;76,50437
348522,9;76,50437
348539,5;76,50437
348556,1;76,50437
348572,7;76,50437
348589,2;76,50437
348605,8;76,50437
348622,3;76,50437
348638,9;76,50437
348655,8;76,50437
348672;76,50437
348688,6;76,50437
348705,1;76,50437
348721,8;76,50437
348738,6;76,50437
348755;76,50437
348771,4;76,50437
348788;76,50437
348804,5;76,50437
348821,1;76,50437
348837,7;76,50437
348854,3;76,50437
348871,8;76,50437
348887,8;76,50437
348904;76,50437
348920,5;76,50437
348937,5;76,50437
348953,8;76,48233
348970,4;76,48233
348986,8;76,48233
349003,3;76,48233
349020,5;76,48233
349036,5;76,48233
349053,2;76,48233
349069,6;76,48233
349086,2;76,48233
349102,8;76,48233
349119,3;76,48233
349136,5;76,48233
349152,4;76,48233
349169;76,48233
349186,1;76,48233
349202,2;76,48233
349218,9;76,48233
349235,6;76,48233
349252,3;76,48233
349268,8;76,48233
349286,6;76,48233
349301,5;76,48233
349318,1;76,48233
349334,7;76,48233
349351,3;76,48233
349367,8;76,48233
349384,4;76,48233
349401,4;76,48233
349417,5;76,48233
349434,1;76,48233
349450,7;76,48233
349467,2;76,48233
349483,8;76,48233
349500,9;76,48233
349516,9;76,48233
349533,6;76,48233
349550,1;76,48233
349566,6;76,48233
349583,5;76,48233
349600;76,48233
349616,3;76,48233
349633,1;76,48233
349649,4;76,48233
349666;76,48233
349682,6;76,48233
349699,2;76,95682
349715,7;76,95682
349732,7;76,95682
349749,3;76,95682
349766,1;76,95682
349782;76,95682
349798,6;76,95682
349815,1;76,95682
349832;76,95682
349848,3;76,95682
349865,1;76,95682
349881,4;76,95682
349897,9;76,95682
349915,1;76,95682
349931,1;76,95682
349947,7;76,95682
349964,2;76,95682
349980,8;76,95682
349997,3;76,95682
350013,9;76,95682
350030,6;76,95682
350047,1;76,95682
350063,8;76,95682
350080,2;76,95682
350097,2;76,95682
350113,7;76,95682
350129,9;76,95682
350146,5;76,95682
350163;76,95682
350179,6;76,95682
350196,3;76,95682
350212,7;76,95682
350229,3;76,95682
350245,8;76,95682
350262,4;76,95682
350279;76,95682
350295,6;76,95682
350312,1;76,95682
350328,8;76,95682
350345,3;76,95682
350361,8;76,95682
350378,4;76,95682
350395,4;76,80877
350411,5;76,80877
350428,1;76,80877
350444,7;76,80877
350461,2;76,80877
350477,8;76,80877
350494,7;76,80877
350510,9;76,80877
350527,5;76,80877
350544,3;76,80877
350560,6;76,80877
350577,2;76,80877
350593,8;76,80877
350610,3;76,80877
350626,9;76,80877
350643,5;76,80877
350660;76,80877
350676,6;76,80877
350693,6;76,80877
350709,7;76,80877
350726,3;76,80877
350742,8;76,80877
350759,4;76,80877
350776;76,80877
350792,9;76,80877
350809,1;76,80877
350825,8;76,80877
350842,3;76,80877
350859;76,80877
350875,4;76,80877
350891,9;76,80877
350908,5;76,80877
350925,3;76,80877
350941,7;76,80877
350958,8;76,80877
350974,8;76,80877
350991,4;76,80877
351008,1;76,80877
351024,9;76,80877
351041,1;76,67448
351057,8;76,67448
351074,2;76,67448
351090,8;76,67448
351107,7;76,67448
351131,7;77,14078
351140,4;77,14078
351157;77,14078
351173,8;77,14078
351190,5;77,14078
351206,7;77,14078
351223,3;77,14078
351240,4;77,14078
351256,5;77,14078
351273;77,14078
351289,6;77,14078
351306,1;77,14078
351322,9;77,14078
351339,3;77,14078
351355,8;77,14078
351372,4;77,14078
351388,9;77,14078
351405,6;77,14078
351422,1;77,14078
351438,7;77,14078
351455,2;77,14078
351471,8;77,14078
351488,3;77,14078
351506,8;77,14078
351524,1;77,14078
351540,7;77,14078
351557,3;77,14078
351574,1;77,14078
351590,4;77,14078
351607,1;77,14078
351623,6;77,14078
351640,1;77,14078
351656,7;77,14078
351673,2;77,14078
351689,8;77,14078
351706,3;77,14078
351722,9;77,14078
351739,5;77,14078
351756,2;77,14078
351772,6;77,14078
351789,2;77,14078
351805,9;77,14078
351822,3;77,14078
351838,9;77,14078
351855,9;77,16676
351872,2;77,16676
351888,6;77,16676
351905,1;77,16676
351921,7;77,16676
351938,3;77,16676
351954,8;77,16676
351971,4;77,16676
351988;77,16676
352004,7;77,16676
352021,1;77,16676
352037,7;77,16676
352054,2;77,16676
352075,2;77,16676
352091,8;77,16676
352108,7;77,16676
352124,9;77,16676
352141,4;77,16676
352158;77,16676
352174,6;77,16676
352191,4;77,60441
352208;76,85789
352224,3;75,9869
352240,8;75,21651
352257,4;74,48957
352274;74,43224
352291,1;74,36474
352307,1;74,29102
352323,8;73,77164
352341;73,77164
352356,8;73,77164
352373,3;73,77164
352390;74,20208
352406,9;74,12908
352423,3;74,05502
352439,7;73,97706
352456,2;73,45856
352473,1;73,45856
352489,7;73,45856
352505,9;73,45856
352522,5;73,45856
352539;74,02681
352556,1;74,02681
352572,2;74,02681
352588,8;74,02681
352605,3;74,02681
352621,8;74,02681
352638,6;74,02681
352655;74,02681
352671,6;74,02681
352688,1;74,02681
352704,7;74,02681
352721,3;74,02681
352737,8;74,02681
352755,2;74,02681
352771;74,02681
352787,5;74,02681
352804,1;74,02681
352820,7;74,02681
352837,2;74,02681
352853,9;74,02681
352870,4;73,93167
352886,9;73,87601
352903,5;73,81316
352920;73,7429
352936,6;73,6739
352961,9;73,60047
352971;73,53517
352987,6;73,55739
353004,3;73,55739
353020,7;73,55739
353037,3;73,55739
353053,8;73,55739
353070,4;73,55739
353087;73,37721
353103,7;73,31827
353120,4;72,79344
353136,7;72,79344
353153,2;72,79344
353169,8;72,79344
353186,4;73,33141
353202,9;73,33141
353219,5;73,33141
353236,3;73,33141
353253;73,33141
353270;73,33141
353285,8;73,33141
353302,3;73,33141
353319,2;73,33141
353335,6;73,33141
353352,2;73,33141
353368,6;73,33141
353385,3;73,33141
353401,8;73,33141
353418,4;73,33141
353434,9;73,33141
353451,4;73,33141
353468,2;73,33141
353485;73,33141
353501,3;73,33141
353517,7;73,33141
353534,3;73,33141
353550,8;73,33141
353567,9;73,33141
353584;73,33141
353600,6;73,33141
353617,4;73,33141
353633,7;73,33141
353650,3;73,33141
353666,8;73,33141
353683,4;73,33141
353699,9;73,33141
353716,5;73,33141
353733,4;73,33141
353749,7;73,33141
353766,3;73,33141
353782,9;73,33141
353799,3;73,33141
353815,9;73,33141
353832,5;73,33141
353849;73,32982
353871;73,32982
353882,6;73,32982
353898,8;73,32982
353915,4;73,32982
353931,8;73,32982
353948,6;73,32982
353965;73,32982
353981,6;73,32982
353998,1;73,32982
354014,8;73,32982
354031,3;73,32982
354048;73,32982
354064,5;73,32982
354081;73,32982
354097,5;73,32982
354114,1;73,32982
354130,7;73,32982
354147,3;73,32982
354163,8;73,32982
354180,4;73,32982
354197;73,32982
354213,5;73,32982
354230,1;73,32982
354246,7;73,32982
354263,2;73,32982
354279,9;73,32982
354296,7;73,32982
354313,3;73,32982
354329,5;73,32982
354346;73,32982
354363,5;73,32982
354379,2;73,32982
354395,8;73,32982
354412,5;73,32982
354428,9;73,32982
354445,8;73,32982
354462,4;73,32982
354478,6;73,32982
354495,2;73,32982
354512,2;73,32982
354528,3;73,9005
354544,8;73,9005
354561,4;73,9005
354578;73,9005
354595;73,9005
354611,4;73,9005
354627,7;73,9005
354644,2;73,9005
354660,8;73,9005
354677,5;73,9005
354694,5;73,9005
354710,5;73,9005
354727,1;73,9005
354743,6;73,9005
354760,2;73,9005
354776,8;73,9005
354793,6;73,9005
354812;73,9005
354826,6;73,9005
354843,2;73,9005
354859,7;73,9005
354876,2;73,9005
354892,7;73,9005
354909,3;73,9005
354925,9;73,9005
354942,4;73,9005
354959;73,9005
354975,6;73,9005
354992,2;73,9005
355008,7;73,9005
355025,3;73,9005
355041,8;73,9005
355058,9;73,9005
355075;73,9005
355091,6;73,66621
355108,2;72,96032
355124,9;72,96032
355141,3;72,96032
355157,8;72,96032
355174,4;72,96032
355190,9;72,90574
355207,5;72,90574
355224,1;72,90574
355240,6;72,90574
355257,7;72,90574
355273,8;72,90574
355290,3;72,90574
355306,9;72,90574
355323,5;72,90574
355340;72,90574
355356,6;72,90574
355373,6;72,90574
355389,8;72,90574
355406,3;72,90574
355422,8;72,90574
355439,4;72,90574
355456;72,90574
355472,6;72,90574
355489,1;72,90574
355506,2;72,90574
355522,3;72,90574
355538,9;72,90574
355555,4;72,90574
355572,1;73,28975
355588,7;72,47914
355605,1;72,3395
355621,8;72,19874
355638,3;71,2171
355654,8;70,40454
355671,6;70,06855
355688;70,06855
355704,5;70,06855
355722,5;70,06855
355739,1;70,06855
355756;70,06855
355772,7;70,06855
355788,8;70,40759
355805,3;69,98629
355821,9;69,98629
355838,4;69,98629
355855;69,98629
355871,6;70,00658
355888,4;70,00658
355904,7;70,00658
355921,3;70,00658
355937,9;70,00658
355954,4;70,00658
355971;70,00658
355987,6;70,00658
356004,1;70,00658
356020,7;70,00658
356037,3;70,00658
356053,8;70,00658
356070,7;70,00658
356086,9;70,00658
356103,8;70,00658
356120,2;70,00658
356136,8;70,00658
356153,5;70,00658
356169,8;70,00658
356186,5;70,00658
356203;70,00658
356219,5;70,00658
356236,3;70,00658
356252,8;70,00658
356269,2;70,00658
356285,8;69,85914
356302,3;69,86975
356318,9;69,87061
356335,4;69,8834
356352;69,88766
356369,3;69,57996
356385,2;69,57996
356401,9;69,57996
356418,3;69,57996
356434,8;69,57996
356452,1;69,57996
356468,1;69,57996
356484,9;69,57996
356501,1;69,89228
356517,7;69,90227
356534,3;69,58679
356550,8;69,58679
356567,4;69,58679
356584;69,58679
356600,6;69,58679
356617,8;69,58679
356634,3;69,9688
356651,5;69,9688
356668,7;69,9688
356684,7;69,9688
356701,2;69,9688
356717,8;69,9688
356735;69,9688
356751,4;69,9688
356767,5;69,9688
356784,1;69,9688
356800,6;69,9688
356818;69,9688
356833,8;69,9688
356850,6;69,9688
356866,9;69,9688
356883,5;69,9688
356900,3;69,9688
356916,6;69,9688
356933,2;69,9688
356949,8;69,9688
356966,4;69,9688
356982,8;69,9688
356999,7;69,9688
357016;69,9688
357032,6;69,9688
357049,1;69,9688
357066,3;69,9688
357083,9;69,9688
357104,5;69,9688
357126;69,9688
357152,5;69,9688
357170,9;69,9688
357191,4;69,9688
357214,3;69,9688
357230,9;69,9688
357247,6;69,9688
357264,1;69,9688
357280,7;69,9688
357297,6;69,9688
357313,8;69,9688
357330,7;70,08874
357347;70,08874
357363,5;70,08874
357380,5;70,08874
357396,8;70,08874
357413,2;70,08874
357430,3;70,08874
357449;70,08874
357471,2;70,08874
357491,3;70,08874
357512,4;70,08874
357545,8;70,08874
357562,3;70,08874
357578,9;70,08874
357596,4;70,08874
357612,8;70,08874
357629,4;70,08874
357646;70,08874
357662,5;70,08874
357679,1;70,08874
357695,8;70,08874
357712,2;70,08874
357728,8;70,08874
357745,3;70,08874
357761,9;70,08874
357778,5;70,08874
357795;70,08874
357811,6;70,08874
357829,4;70,08874
357846;70,08874
357862,7;70,08874
357879,2;70,08874
357896,1;70,08874
357912,4;70,08874
357928,9;70,08874
357945,4;70,08874
357962;70,08874
357978,5;70,08874
357995,1;70,08874
358011,7;70,08874
358028,3;70,08874
358044,8;70,56416
358061,4;70,56416
358077,9;70,56416
358094,5;70,56416
358111,1;70,56416
358127,7;70,56416
358144,2;70,56416
358161;70,56416
358177,6;70,56416
358194,1;70,56416
358210,7;70,56416
358227,4;70,56416
358243,8;70,56416
358260,4;70,56416
358277,2;70,56416
358293,6;70,56416
358310,5;70,61826
358326,7;70,66093
358343,2;70,70533
358359,8;70,74584
358376,4;70,7845
358392,9;70,77975
358413,7;70,3474
358428,9;69,8605
358445,5;69,47593
358462;68,92344
358478,6;68,91882
358495,3;68,89356
358511,8;68,87202
358528,3;68,84716
358544,9;68,82137
358561,5;68,41164
358578,4;68,80868
358594,9;68,78429
358611,3;68,7736
358627,7;68,76291
358644,3;68,34747
358660,8;68,34747
358677,4;68,34747
358694;68,34747
358710,5;68,81403
358727,1;68,81403
358743,7;68,81403
358760,2;68,81403
358777,3;68,81403
358793,4;68,81403
358809,9;68,81403
358826,7;68,81403
358843,1;68,81403
358859,7;68,81403
358876,2;68,81403
358892,8;68,81403
358909,4;68,81403
358925,9;68,81403
358942,5;68,81403
358959,5;68,81403
358976,3;68,81403
358992,2;68,81403
359009,2;68,81403
359025,3;68,81403
359041,9;68,81403
359058,4;68,81403
359075;68,81403
359091,6;68,76616
359108,1;68,7344
359124,7;68,57884
359141,3;68,53999
359157,8;68,49886
359174,4;68,46286
359191;68,43473
359207,6;68,3874
359224,4;68,35195
359241;67,94421
359258;67,94421
359274,1;67,94421
359290,7;67,94421
359318,3;68,32139
359335,2;67,91055
359351,5;67,91055
359368,6;67,91055
359384,8;67,91055
359401,4;68,37208
359418;68,37208
359434,6;68,37208
359451,2;68,30043
359467,7;68,17258
359484,3;67,49243
359500,8;67,4874
359517,6;67,03585
359534;67,04105
359550,5;67,04219
359567,2;67,05006
359583,7;67,05151
359600,8;67,06016
359616,8;67,06887
359633,4;67,07259
359650,8;67,01984
359666,8;67,03542
359683,1;67,05828
359699,7;67,06973
359716,2;67,08144
359732,8;67,09568
359749,3;67,11773
359765,9;67,13686
359783;66,65334
359799;66,13486
359815,6;66,11128
359832,2;66,09792
359849;66,08511
359866,1;66,06747
359882,2;66,0454
359898,8;66,02136
359915,3;65,98721
359931,9;65,97717
359948,5;65,9565
359965;65,93392
359981,6;65,91245
359998,1;65,89391
360015,4;65,8847
360031,3;65,91907
360047,8;65,91907
360064,4;65,91907
360081;65,91907
360097,7;66,33535
360114,6;66,33535
360130,7;66,33535
360147,3;66,33535
360169,3;66,33535
360185,9;66,33535
360203,1;66,33535
360219,1;66,33535
360235,6;66,33535
360252,3;66,33535
360268,8;66,33535
360285,3;66,33535
360301,9;66,33535
360318,4;66,33535
360335;66,33535
360351,8;66,33535
360368,2;66,33535
360384,8;66,33535
360401,5;66,33535
360417,8;66,33535
360434,4;66,33535
360451;66,33535
360467,6;66,33535
360484,1;66,33535
360500,7;66,33535
360517,3;66,33535
360534,1;66,33535
360550,4;66,33535
360567,1;66,33535
360583,5;66,33535
360600,1;66,33535
360616,8;66,33535
360633,2;66,33535
360650,3;66,33535
360666,3;66,33535
360682,9;66,33535
360699,5;66,33535
360716,4;66,33535
360732,7;66,33535
360749,7;66,33535
360765,8;66,33535
360782,3;66,33535
360798,9;66,33535
360815,5;66,33535
360832;66,33535
360849,1;66,36041
360865,6;66,36041
360881,8;66,36041
360898,4;66,36041
360914,9;66,36041
360931,4;66,36041
360948;66,36041
360964,7;66,36041
360981,3;66,36041
360998;66,36041
361014,6;66,36041
361030,8;66,36041
361049,5;66,36041
361066,5;66,36041
361082,7;66,36041
361099,4;66,36041
361116,1;66,36041
361132,4;66,36041
361149,1;66,36041
361165,5;66,36041
361182,1;66,36041
361198,7;66,36041
361215,2;66,36041
361231,8;66,36041
361248,4;66,36041
361264,9;66,36041
361281,5;66,36041
361298,1;66,36041
361314,6;66,36041
361331,2;66,36041
361347,8;66,36041
361364,4;66,36041
361381,6;66,36041
361397,4;66,36041
361414;66,36041
361430,6;66,36041
361447,3;66,36041
361463,7;66,36041
361480,8;66,36041
361496,8;66,36041
361513,8;66,36041
361530;66,36041
361546,5;66,36041
361563,1;66,36041
361580,5;66,70969
361597,3;66,70969
361612,8;66,70969
361629,4;66,70969
361645,9;66,70969
361662,5;66,70969
361679,1;66,70969
361695,7;66,70969
361712,3;66,70969
361728,8;66,70969
361745,3;66,70969
361761,9;66,70969
361779;66,70969
361795;66,70969
361811,6;66,70969
361828,2;66,70969
361844,7;66,70969
361862,1;66,70969
361877,9;66,70969
361894,6;66,70969
361911;66,70969
361927,6;66,70969
361944,8;66,70969
361960,7;66,70969
361977,6;66,70969
361993,8;66,70969
362010,4;66,70969
362027;66,70969
362043,6;66,70969
362060,5;66,70969
362076,7;66,70969
362093,2;66,70969
362110,1;66,70969
362126,4;66,70969
362142,9;66,70969
362159,5;66,70969
362176,1;66,70969
362193;66,70969
362209,2;66,70969
362225,8;66,70969
362242,3;66,70969
362258,9;66,70969
362275,5;66,70969
362292,1;66,70969
362308,6;66,70969
362325,2;66,70969
362342;66,70969
362358,3;66,70969
362374,9;66,70969
362391,5;66,70969
362408;66,75076
362424,6;66,75076
362441,1;66,75076
362458;66,75076
362474,3;66,75076
362491;66,75076
362507,4;66,75076
362524;66,75076
362540,5;66,75076
362557,5;66,75076
362573,7;66,75076
362590,3;66,75076
362606,8;66,75076
362623,3;66,75076
362640,2;66,75076
362656,9;66,75076
362673,1;66,75076
362689,6;66,75076
362706,2;66,75076
362722,9;66,75076
362739,3;66,75076
362755,9;66,75076
362772,6;66,75076
362789;67,08112
362805,6;67,04466
362822,2;67,00616
362845,4;66,53537
362855,4;66,55824
362872;66,55824
362888,7;66,55824
362905,2;66,55824
362922,1;66,55824
362938,3;66,55824
362955,1;66,55824
362971,4;66,55824
362988;66,55824
363004,6;66,55824
363021,1;66,55824
363037,7;66,52337
363054,3;66,53129
363071,7;66,53129
363087,4;66,53129
363103,9;66,53129
363120,8;66,58615
363137,1;66,58615
363153,7;66,58615
363170,2;66,58615
363186,8;66,58615
363203,3;66,58615
363219,9;66,58615
363236,5;66,58615
363253,1;66,58615
363269,7;66,58615
363286,5;66,58615
363302,8;66,58615
363319,3;66,58615
363336,5;66,58615
363352,4;66,58615
363369;66,58615
363385,6;66,58615
363402,3;66,58615
363418,7;66,58615
363435,4;66,58615
363451,8;66,58615
363468,4;66,58615
363485;66,58615
363501,5;66,58615
363518,1;66,58615
363534,7;66,58615
363551,3;66,58615
363567,8;66,58615
363584,7;66,58615
363600,9;66,58615
363617,8;66,58615
363634,1;66,58615
363650,7;66,58615
363667,2;66,58615
363683,8;66,58615
363700,6;66,58615
363720,4;66,58615
363737;66,58615
363753,8;66,94532
363770,4;66,57977
363786,9;66,57977
363803,3;66,57977
363819,8;66,57977
363836,4;66,57977
363853;66,57977
363869,5;67,08958
363886,4;67,08958
363903;67,08958
363919,3;67,08958
363935,8;67,08958
363952,4;67,08958
363968,9;67,08958
363985,5;67,08958
364002,1;67,08958
364018,6;67,08958
364035,2;67,08958
364052;67,08958
364068,6;67,08958
364084,9;67,08958
364101,5;67,08958
364118,2;67,08958
364134,6;67,08958
364151,5;67,08958
364167,7;67,08958
364184,3;67,08958
364201,1;67,08958
364217,8;67,08958
364234;67,08958
364251;67,08958
364267,1;67,08958
364283,7;67,08958
364300,6;67,08958
364316,8;67,08958
364333,4;67,08958
364350,2;67,08958
364366,5;67,08958
364383,1;67,08958
364399,9;67,08958
364416,2;67,08958
364432,8;67,08958
364449,4;67,08958
364465,9;67,08958
364482,5;67,08958
364499,2;67,08958
364515,6;67,08958
364532,2;67,08958
364549,1;67,21933
364565,3;67,21933
364582,2;67,21933
364598,5;67,21933
364615;67,21933
364637,8;67,21933
364654,3;67,21933
364671;67,21933
364687,5;67,21933
364704,5;67,21933
364720,6;67,21933
364737,3;67,21933
364754,1;67,21933
364770,3;67,21933
364786,9;67,21933
364803,5;67,21933
364820;67,21933
364837;67,21933
364853,2;67,21933
364869,8;67,21933
364886,4;67,21933
364902,9;67,21933
364919,5;67,21933
364936;67,21933
364952,5;67,21933
364969,1;67,21933
364985,7;67,21933
365002,3;67,21933
365019,4;67,21933
365035,4;67,21933
365052,1;67,21933
365068,5;67,21933
365085,1;67,21933
365101,7;67,21933
365118,6;67,21933
365134,8;67,21933
365151,4;67,21933
365167,9;67,21933
365184,5;67,21933
365201,1;67,21933
365217,8;67,21933
365234,2;67,21933
365250,8;67,78607
365267,3;67,78607
365283,9;67,78607
365300,4;67,78607
365317;67,78607
365333,6;67,78607
365350,5;67,78607
365366,8;67,78607
365383,3;67,78607
365400,4;67,78607
365416,4;67,78607
365433,7;67,78607
365449,6;67,78607
365466,2;67,78607
365482,8;67,78607
365502,3;67,78607
365519,2;67,78607
365535,4;67,78607
365552;67,78607
365568,6;67,78607
365585,2;67,78607
365601,7;67,78607
365618,3;67,8358
365634,8;67,87582
365652,2;67,92077
365668;67,90073
365684,5;67,90073
365701,1;67,90073
365717,7;67,90073
365734,2;67,90073
365751,1;67,90073
365767,4;67,90073
365783,9;67,90073
365800,5;67,95676
365817,2;67,92742
365833,8;67,92742
365850,2;67,92742
365866,8;67,92742
365883,4;68,09627
365900,4;68,09627
365917;68,09627
365933;68,09627
365949,7;68,09627
365966,4;68,09627
365983,1;68,09627
366000;68,09627
366016;68,09627
366032,8;68,09627
366049;68,09627
366065,6;68,09627
366082,2;68,09627
366098,7;68,09627
366115,5;68,09627
366131,8;68,09627
366148,4;68,09627
366165,1;68,09627
366181,8;68,09627
366198,2;68,09627
366214,7;68,09627
366231,2;68,09627
366247,8;68,09627
366264,4;68,09627
366280,9;68,09627
366297,7;68,09627
366314,1;68,09627
366330,6;68,09627
366347,5;68,09627
366363,8;68,09627
366380,3;68,09627
366397,8;68,09627
366413,8;68,09627
366430;68,09627
366446,6;68,09627
366463,6;68,09627
366480,4;68,09627
366496,3;68,09627
366512,9;68,09627
366529,5;68,09627
366546;68,66153
366562,6;68,66153
366579,1;68,66153
366596;68,66153
366612,6;68,66153
366628,9;68,66153
366645,4;68,66153
366662;68,66153
366678,6;68,66153
366695,1;68,66153
366711,9;68,66153
366728,3;68,66153
366744,8;68,66153
366761,4;68,66153
366777,9;68,66153
366794,5;68,66153
366811,2;68,66153
366827,8;68,66153
366844,2;68,66153
366860,9;68,66153
366877,3;68,66153
366893,9;68,66153
366910,6;68,66153
366927;68,66153
366943,6;68,66153
366960,4;68,66153
366976,8;68,66153
366993,3;68,66153
367009,9;68,66153
367026,4;68,66153
367043;68,66153
367059,6;68,66153
367076,2;68,66153
367092,7;68,66153
367109,3;68,66153
367126;68,66153
367142,4;68,66153
367159,2;68,66153
367175,5;68,73466
367192,1;68,73466
367208,7;68,73466
367226,9;68,73466
367243,4;68,73466
367260;68,73466
367277;68,73466
367293,3;68,73466
367309,7;68,73466
367326,3;68,73466
367342,9;68,73466
367359,4;68,73466
367376,4;68,73466
367392,6;68,73466
367409,1;68,73466
367425,7;68,73466
367442,3;68,73466
367458,9;68,73466
367475,4;68,73466
367492,5;68,73466
367508,5;68,73466
367525,1;68,73466
367541,7;68,73466
367558,5;68,73466
367575,6;68,73466
367591,9;68,73466
367607,9;68,73466
367624,5;68,73466
367641,8;68,73466
367657,8;68,73466
367674,2;68,73466
367691,6;68,73466
367707,3;68,73466
367723,9;68,73466
367740,4;68,73466
367757;68,73466
367773,6;68,73466
367790,2;68,73466
367806,8;68,73466
367823,3;68,73466
367840,1;68,8933
367856,4;68,8933
367873;68,8933
367889,6;68,8933
367906,1;68,8933
367922,9;68,8933
367939,3;68,8933
367955,8;68,8933
367972,4;68,8933
367988,9;68,8933
368005,8;68,8933
368022,1;68,8933
368038,9;68,8933
368055,2;68,8933
368072,3;68,8933
368088,3;68,8933
368104,9;68,8933
368121,7;68,8933
368138,1;68,8933
368154,6;68,8933
368173,9;68,8933
368190,6;68,8933
368207;68,8933
368223,6;68,8933
368240,5;68,8933
368256,8;68,8933
368273,5;68,8933
368289,8;68,8933
368306,8;68,8933
368323;68,8933
368339,6;68,8933
368356,6;68,8933
368372,7;68,8933
368389,3;68,8933
368406,3;68,8933
368422,5;68,8933
368438,9;68,8933
368455,5;68,8933
368472,1;68,8933
368488,8;68,8933
368505,2;69,30127
368521,8;69,30127
368538,4;69,30127
368555;69,30127
368571,5;69,30127
368588;69,30127
368604,6;69,30127
368621,2;69,30127
368637,8;69,30127
368654,4;69,30127
368670,9;69,30127
368687,4;69,30127
368704;69,30127
368720,7;69,30127
368737,2;69,30127
368753,7;69,30127
368770,3;69,30127
368786,9;69,30127
368803,8;69,30127
368820,1;69,30127
368837,2;69,30127
368853,1;69,30127
368869,7;69,30127
368886,3;69,30127
368903;69,30127
368919,4;69,30127
368936,2;69,22038
368952,5;69,17165
368969,7;69,12782
368985,7;69,07648
369002,3;69,11162
369025,7;69,11162
369042,3;69,11162
369058,8;69,11162
369075,4;69,11162
369092;69,11162
369108,6;69,11162
369125,1;69,11162
369141,7;69,11162
369158,5;69,11162
369175;69,11162
369191,7;69,11162
369207,9;69,11162
369224,5;69,11162
369241,1;69,11847
369257,9;69,11847
369274,8;69,11847
369291;69,11847
369307,5;69,11847
369323,9;69,11847
369340,5;69,11847
369357,3;69,11847
369373,6;69,11847
369390,7;69,11847
369406,7;69,11847
369423,3;69,11847
369440,6;69,11847
369456,4;69,11847
369473,4;69,11847
369489,8;69,11847
369506,1;69,11847
369522,7;69,11847
369539,3;69,11847
369555,8;69,11847
369572,4;69,11847
369589,3;69,11847
369606;69,11847
369622,1;69,11847
369638,8;69,11847
369655,6;69,11847
369672;69,11847
369688,3;69,11847
369704,9;69,11847
369721,9;69,11847
369738;69,11847
369754,6;69,11847
369771,2;69,11847
369787,8;69,11847
369805,1;69,11847
369821,1;69,11847
369837,6;69,11847
369854;69,11847
369870,9;69,11847
369887,2;69,11847
369904;69,11847
369928,3;69,11847
369944,9;69,11847
369961,5;69,11847
369978,3;69,11847
369995,3;69,11847
370011,8;69,11847
370028,4;69,41682
370044,9;69,41682
370061,5;69,41682
370078,2;69,41682
370094,6;69,41682
370111,5;69,41682
370128,1;69,41682
370144,7;69,41682
370161,2;69,41682
370177,8;69,41682
370194,3;69,41682
370210,9;69,41682
370227,5;69,41682
370244,5;69,41682
370261;69,41682
370277,3;69,41682
370293,8;69,41682
370310,3;69,41682
370326,9;69,41682
370343,6;69,41682
370360;69,41682
370376,6;69,41682
370393,4;69,41682
370410,5;69,41682
370427,1;69,41682
370443,7;69,41682
370460,2;69,41682
370476,8;69,41682
370493,3;69,41682
370509,9;69,41682
370526,5;69,41682
370543;69,41682
370559,6;69,41682
370576,2;69,41682
370592,7;69,41682
370609,3;69,41682
370625,9;69,41682
370642,8;69,41682
370659;69,41682
370675,8;69,41682
370692,4;69,41682
370709;69,41682
370725,6;69,41682
370742,1;69,41682
370758,7;69,41682
370780,3;69,41682
370796,9;69,41682
370813,5;69,41682
370830,1;69,39581
370846,6;69,39581
370863,2;69,39581
370879,7;69,39581
370896,3;69,39581
370912,9;69,39581
370929,4;69,39581
370946,2;69,39581
370963,1;69,39581
370979,1;69,39581
370995,7;69,39581
371012,3;69,39581
371028,8;69,39581
371045,6;69,39581
371062;69,39581
371079,3;69,39581
371095,3;69,39581
371111,7;69,39581
371128,3;69,39581
371144,8;69,39581
371161,4;69,39581
371178,3;69,39581
371194,5;69,39581
371211,1;69,39581
371227,8;69,39581
371244,5;69,39581
371261,1;69,39581
371277,8;69,39581
371293,9;69,39581
371310,5;69,39581
371327;69,39581
371343,6;69,39581
371360,7;69,39581
371377;69,39581
371393,3;69,39581
371409,9;69,39581
371426,4;69,39581
371443;69,39581
371459,6;69,39581
371476,3;69,39581
371493,4;69,39581
371509,3;69,39581
371525,8;69,39581
371542,8;69,39581
371559;69,39581
371575,5;69,39581
371592,1;69,39581
371608,7;69,39581
371625,7;69,76607
371641,9;69,76607
371660,5;69,76607
371677,1;69,76607
371693,6;69,76607
371710,2;69,76607
371726,8;69,76607
371743,3;69,76607
371759,9;69,76607
371776,5;69,76607
371793;69,76607
371809,6;69,76607
371826,2;69,76607
371842,8;69,76607
371859,6;69,76607
371875,8;69,76607
371892,4;69,76607
371909,1;69,76607
371925,6;69,76607
371942,1;69,76607
371958,7;69,76607
371975,4;69,76607
371991,8;69,76607
372008,4;69,76607
372025,1;69,76607
372041,9;69,76607
372058,9;69,76607
372074,7;69,76607
372091,2;69,76607
372107,8;69,76607
372124,3;69,76607
372141,3;69,76607
372157,9;69,76607
372174,4;69,76607
372190,7;69,76607
372207,2;69,76607
372223,8;69,76607
372240,3;69,76607
372257;69,76607
372273,5;69,76607
372290;69,76607
372306,6;69,76607
372323,2;69,76607
372339,7;69,76607
372357;69,76607
372372,9;69,76607
372389,6;69,76607
372406;69,76607
372422,6;69,85148
372439,1;69,85148
372456,4;69,85148
372472,3;69,85148
372488,8;69,85148
372505,4;69,85148
372522;69,85148
372547,2;69,85148
372564,2;69,85148
372580,6;69,85148
372596,8;69,85148
372613,4;69,85148
372631,3;69,85148
372647,8;69,85148
372664,8;69,85148
372682,2;69,85148
372698;69,85148
372714,6;69,85148
372731,5;69,85148
372747,7;69,85148
372764,3;69,85148
372780,8;69,85148
372797,4;69,85148
372814;69,85148
372830,7;69,85148
372847,1;69,85148
372863,7;69,85148
372880,2;69,85148
372897,1;69,85148
372913,6;69,85148
372931,6;69,85148
372948,2;69,85148
372964,7;69,85148
372981,3;69,85148
372997,8;69,85148
373014,4;69,85148
373031;69,85148
373047,5;69,85148
373064,1;69,85148
373081;69,85148
373097,8;69,85148
373113,8;70,32616
373130,4;70,32616
373146,9;70,37294
373163,5;70,40299
373180,2;70,444
373196,6;70,48074
373213,6;70,51935
373229,8;70,5522
373246,3;70,58114
373262,9;70,61347
373279,5;70,60564
373296;70,65639
373312,8;70,69301
373329,2;70,72955
373346,5;70,77197
373362,3;70,8135
373378,9;70,85557
373395,4;70,88439
373415,3;70,91626
373431,1;70,95565
373447,7;70,99367
373464,3;71,03339
373480,9;71,07764
373497,4;71,10661
373513,9;71,14216
373530,6;71,17786
373547,1;71,21914
373563,7;71,25981
373580,2;71,28577
373596,8;71,27048
373613,4;70,83784
373629,9;70,47733
373646,9;70,53281
373663,1;70,58876
373679,6;70,63475
373696,2;70,6807
373713;70,73598
373729,3;70,35262
373745,9;70,35262
373762,4;70,35262
373779;70,81476
373795,6;70,81476
373812,2;70,81476
373828,7;70,81476
373846;70,81476
373862,6;70,81476
373878,4;70,81476
373895;70,81476
373911,7;70,81476
373928,1;70,81476
373944,8;70,81476
373961,3;70,81476
373977,8;70,81476
373994,4;70,81476
374011;70,81476
374028,8;70,81476
374045,4;70,81476
374062;70,81476
374078,8;70,81476
374095,1;70,81476
374112,2;70,81476
374128,6;70,81476
374144,9;70,81476
374161,4;70,81476
374177,9;70,81476
374194,5;70,81476
374211,4;70,81476
374227,6;70,81476
374244,2;70,81476
374261;70,81476
374277,3;70,81476
374305,2;70,81476
374321,8;70,81476
374338,9;70,81476
374354,8;70,81476
374371,4;70,81476
374388;70,81476
374404,5;70,81476
374421,8;70,81476
374438,1;70,81476
374454,3;70,81476
374471,7;70,81476
374487,6;70,81476
374504;70,81476
374520,5;70,81476
374537,1;70,84447
374553,7;70,84447
374570,4;70,84447
374586,8;70,84447
374603,4;70,84447
374620,1;70,84447
374637;70,84447
374653;70,84447
374669,6;70,84447
374686,2;70,84447
374702,9;70,84447
374719,4;70,84447
374736;70,84447
374752,8;70,84447
374769;70,84447
374786;70,84447
374802,2;70,84447
374818,9;70,84447
374835,4;70,84447
374852,3;70,84447
374868,4;70,84447
374885;70,84447
374901,8;70,84447
374918,6;70,84447
374934,7;70,84447
374951,3;70,84447
374967,8;70,84447
374984,4;70,84447
375001,4;70,84447
375017,5;70,84447
375034,2;70,84447
375051,6;70,84447
375067,2;70,84447
375083,8;70,84447
375100,3;70,84447
375117,8;70,84447
375133,5;70,84447
375150,1;70,88007
375166,6;70,88007
375183,3;70,88007
375205;70,88007
375221,6;70,88007
375238,6;70,88007
375254,9;70,88007
375271,5;70,88007
375287,8;70,88007
375304,4;70,88007
375321,5;70,88007
375337,6;70,88007
375354,1;70,88007
375370,8;70,88007
375387,6;70,88007
375403,9;70,88007
375420,3;70,88007
375436,9;70,88007
375453,7;70,88007
375470,3;70,88007
375486,6;70,88007
375503,2;70,88007
375519,8;70,88007
375536,3;70,88007
375552,9;70,88007
375569,5;70,88007
375586,5;70,88007
375602,6;70,88007
375619,8;70,88007
375635,8;70,88007
375653,2;70,88007
375668,9;70,88007
375685,5;70,73487
375702,1;70,73592
375718,6;70,73592
375735,1;70,73592
375751,7;70,73592
375768,3;70,82079
375784,9;70,82079
375801,9;70,82079
375818;70,82079
375834,9;70,82079
375851,1;70,82079
375867,7;70,82079
375884,3;70,82079
375901,6;70,82079
375917,3;70,82079
375934,4;70,82079
375950,8;70,82079
375967,5;70,82079
375983,9;70,82079
376000,4;70,82079
376017,2;70,82079
376038,9;70,82079
376049,9;70,82079
376066,4;70,82079
376083;70,82079
376099,6;70,82079
376116,3;70,82079
376132,7;70,82079
376149,3;70,82079
376166,1;70,82079
376182,4;70,82079
376199;70,82079
376215,7;70,82079
376232,1;70,82079
376248,7;70,82079
376265,3;70,82079
376281,8;70,82079
376298,8;70,82079
376314,9;70,82079
376332,2;70,82079
376348,2;70,82079
376364,8;70,82079
376381,2;70,82079
376397,8;70,82079
376414,6;70,82079
376431,1;70,82079
376447,5;70,82079
376464,1;71,35963
376480,6;71,35963
376497,2;71,35963
376513,9;71,35963
376530,3;71,35963
376547,9;71,35963
376563,4;71,35963
376580;71,35963
376596,6;71,35963
376613,2;71,35963
376629,9;71,35963
376646,3;71,35963
376662,8;71,35963
376680,3;71,35963
376696;71,35963
376712,6;71,35963
376729,1;71,35963
376746,1;71,35963
376762,4;71,35963
376778,8;71,35963
376795,4;71,35963
376811,9;71,35963
376828,5;71,35963
376845,1;71,35963
376861,7;71,35963
376878,2;71,35963
376894,8;71,35963
376911,7;71,35963
376930,2;71,35963
376946,7;71,35963
376963,5;71,35963
376979,9;71,35963
376996,5;71,35963
377013;71,35963
377029,5;71,35963
377046,1;71,35963
377062,7;71,35963
377079,6;71,35963
377095,8;71,35963
377112,4;71,47287
377129,7;71,47287
377145,5;71,47287
377162,1;71,47287
377178,7;71,47287
377195,7;71,47287
377211,8;71,47287
377228,3;71,47287
377244,9;71,47287
377261,5;71,47287
377278;71,47287
377294,6;71,47287
377311,3;71,47287
377327,7;71,47287
377344,5;71,47287
377360,9;71,47287
377377,4;71,47287
377394;71,47287
377410,6;71,47287
377427,2;71,47287
377443,7;71,47287
377460,4;71,47287
377476,8;71,47287
377493,4;71,47287
377510;71,47287
377526,6;71,47287
377543,1;71,47287
377559,7;71,47287
377576,8;71,47287
377592,8;71,47287
377609,4;71,47287
377625,9;71,47287
377642,6;71,47287
377659,1;71,47287
377675,8;71,47287
377692,5;71,47287
377708,8;71,47287
377725,3;71,47287
377741,9;71,47287
377758,5;71,47287
377775,1;71,97984
377793,7;71,97984
377808,2;71,97984
377824,8;71,97984
377841,4;71,97984
377857,9;71,97984
377874,4;71,97984
377891;71,97984
377907,7;71,97984
377924,1;71,97984
377941,3;71,97984
377957,3;71,97984
377974,4;71,97984
377990,7;71,97984
378007;71,97984
378023,6;71,97984
378040,1;71,97984
378057;71,97984
378073,3;71,97984
378089,8;71,97984
378106,4;71,97984
378123;71,97984
378139,5;71,97984
378156,5;71,97984
378172,8;71,97984
378189,2;71,97984
378205,9;71,97984
378222,3;71,97984
378238,9;71,97984
378255,5;71,97984
378272,2;71,97984
378288,6;71,97984
378305,2;71,97984
378322;71,97984
378338,6;71,97984
378354,9;71,97984
378371,4;71,97984
378388;71,93925
378404,8;71,93925
378421,2;71,93925
378437,8;72,42496
378454,3;72,42496
378471,2;72,42496
378487,4;72,42496
378504;72,42496
378520,7;72,42496
378537,3;72,42496
378553,7;72,42496
378570,3;72,42496
378587,1;72,42496
378603,7;72,42496
378620,3;72,42496
378636,5;72,42496
378653,1;72,42496
378669,7;72,42496
378694,1;72,42496
378710,9;72,42496
378727,3;72,42496
378743,8;72,42496
378761;72,27147
378776,9;71,563
378793,5;71,01862
378810,1;71,09078
378826,7;71,1615
378843,2;71,23523
378860,1;71,28713
378876,3;71,0043
378892,9;70,68308
378909,5;70,24033
378926,1;70,24033
378943;70,24033
378959,4;70,24033
378975,9;70,24033
378992,3;70,24033
379008,9;70,24033
379025,4;70,13541
379042;70,13751
379058,7;69,73164
379075,2;69,73164
379091,8;69,73164
379108,3;69,73164
379124,9;69,73164
379142;70,24625
379158;70,24625
379174,6;70,24625
379191,1;70,24625
379207,8;70,24625
379224,4;70,24625
379241;70,24625
379257,4;70,24625
379274,2;70,24625
379290,5;70,24625
379307,1;70,24625
379324;70,24625
379340,2;70,24625
379356,9;70,24625
379373,3;70,24625
379389,9;70,24625
379406,6;70,24625
379423,1;70,24625
379439,6;70,24625
379456,2;70,24625
379472,8;70,24625
379489,4;70,24625
379505,9;70,24625
379522,5;70,24625
379539;70,24625
379555,8;70,24625
379577,4;70,24625
379593,9;70,24625
379610,5;70,24625
379627,1;70,24625
379643,7;70,24625
379660,2;70,24625
379677,1;70,24625
379693,3;70,24625
379709,9;70,24625
379726,8;70,24625
379743;70,24625
379759,6;70,24625
379776,2;70,24625
379793,2;70,24625
379809,3;70,24625
379826,8;70,31887
379842,4;70,31887
379859,1;70,31887
379875,7;70,31887
379892,2;70,31887
379909;70,31887
379925,9;70,31887
379941,8;70,31887
379958,9;70,31887
379975;70,31887
379992;70,31887
380008,4;70,31887
380024,7;70,31887
380041,2;70,31887
380058,1;70,31887
380074,4;70,31887
380090,9;70,31887
380107,5;70,31887
380124,1;70,31887
380140,6;70,31887
380157,8;70,31887
380174,4;70,31887
380191,1;70,31887
380206,9;70,31887
380223,5;70,31887
380240;70,31887
380256,6;70,31887
380273,2;70,31887
380289,7;70,31887
380306,3;70,31887
380322,9;70,31887
380339,4;70,31887
380356,3;70,31887
380379,1;70,31887
380395,7;70,31887
380412,3;70,31887
380428,8;70,31887
380445,4;70,31887
380462,6;70,31887
380481,5;70,31887
380498,1;70,31887
380514,8;70,75629
380531,4;70,75629
380548,1;70,75629
380564,4;70,75629
380580,9;70,75629
380597,5;70,75629
380614,5;70,75629
380630,7;70,75629
380647,2;70,75629
380663,8;70,75629
380680,3;70,75629
380696,9;70,75629
380714,2;70,75629
380730;70,75629
380746,6;70,75629
380763,2;70,75629
380779,8;70,75629
380796,5;70,75629
380812,9;70,75629
380829,4;70,75629
380846;70,75629
380862,8;70,75629
380879,2;70,75629
380895,7;70,75629
380913,1;70,75629
380929,1;70,75629
380945,4;70,75629
380962,8;70,75629
380978,5;70,75629
380995,1;70,75629
381011,7;70,75629
381028,3;70,75629
381044,8;70,75629
381061,8;70,75629
381078,6;70,75629
381095,3;70,75629
381111,1;70,75629
381127,7;70,75629
381144,2;70,75629
381161;70,75629
381177,3;70,75629
381194,6;70,75629
381210,5;70,75629
381227,1;70,76411
381243,6;70,76411
381260,2;70,76411
381276,8;70,76411
381293,4;70,76411
381310,4;70,76411
381326,8;70,76411
381343;70,76411
381359,6;70,76411
381376,3;70,76411
381392,7;70,76411
381409,8;70,76411
381425,8;70,76411
381442,4;70,76411
381459;70,76411
381475,6;70,76411
381492,2;70,76411
381508,8;70,76411
381525,7;70,76411
381542,5;70,76411
381558,4;70,76411
381574,9;70,76411
381591,9;70,76411
381608,2;70,76411
381624,6;70,76411
381641,5;70,76411
381657,8;70,76411
381674,6;70,76411
381690,9;70,76411
381707,5;70,76411
381724,5;70,76411
381741,3;70,76411
381757,2;70,76411
381773,8;70,76411
381790,5;70,76411
381807,3;70,76411
381823,5;70,76411
381840;70,76411
381856,6;70,76411
381873,1;71,13149
381890,2;71,09293
381906,3;71,09293
381922,8;71,09293
381939,7;71,09293
381956;71,14195
381972,5;71,14195
381989,3;71,14195
382005,7;71,14195
382022,3;71,14195
382038,8;71,14195
382055,4;71,14195
382072;71,14195
382088,5;71,14195
382105,1;71,14195
382121,8;71,14195
382138,4;71,14195
382154,8;71,14195
382171,3;71,14195
382188;71,14195
382204,5;71,14195
382221,1;71,14195
382237,8;71,14195
382254,2;71,14195
382271,8;71,14195
382288,4;71,14195
382305;71,14195
382322,1;71,14195
382338,1;71,14195
382354,7;71,14195
382371,2;71,48994
382387,8;71,44688
382404,3;71,38746
382420,9;71,33145
382437,8;70,94228
382454,1;70,94228
382470,6;70,94228
382487,5;70,94228
382504,1;70,94228
382520,4;70,94228
382537;70,94228
382554;70,94228
382570;71,285
382586,6;70,88523
382603,5;70,88523
382619,7;70,88523
382637;70,88523
382652,8;71,30937
382669,5;71,30937
382686,1;71,30937
382702,5;71,30937
382719,1;71,30937
382735,8;71,30937
382752,5;71,30937
382769,1;71,30937
382785,5;71,30937
382801,9;71,30937
382818,6;71,30937
382835,1;71,30937
382851,6;71,30937
382868,2;71,30937
382884,8;71,30937
382901,3;71,30937
382917,9;71,30937
382934,5;71,30937
382951,1;71,30937
382967,6;71,30937
382984,2;71,30937
383000,7;71,30937
383017,3;71,30937
383033,9;71,30937
383050,5;71,30937
383067,1;71,30937
383083,6;71,30937
383100,5;71,30937
383116,7;71,30937
383133,5;71,30937
383151,1;71,30937
383167,9;71,30937
383184,3;71,30937
383201,9;71,30937
383217,5;71,30937
383234;71,30937
383250,5;71,30937
383267,1;71,30937
383283,7;71,30937
383300,2;71,30937
383317,2;71,30937
383333,5;71,30937
383349,9;71,30937
383366,5;71,30937
383383,1;71,30937
383399,6;71,35553
383416,7;71,35553
383432,8;71,35553
383449,5;71,35553
383465,9;71,35553
383482,4;71,35553
383499;71,35553
383515,7;71,35553
383532,1;71,35553
383548,7;71,35553
383565,3;71,35553
383581,8;71,35553
383598,5;71,35553
383615;71,35553
383631,6;71,35553
383648,9;71,35553
383664,7;71,35553
383681,3;71,35553
383697,8;71,35553
383714,4;71,35553
383731,5;71,35553
383747,5;71,35553
383764,4;71,35553
383780,6;71,35553
383797,2;71,35553
383813,8;71,35553
383830,7;71,35553
383846,9;71,35553
383863,5;71,35553
383880,4;71,35553
383896,7;71,35553
383913,2;71,35553
383929,8;71,35553
383946,3;71,35553
383962,9;71,35553
383979,5;71,35553
383996,2;71,35553
384012,6;71,35553
384032,7;71,35553
384045,7;71,35553
384062,5;71,35553
384078,8;71,35553
384095,4;71,35553
384112;71,35553
384128,5;71,35553
384145,3;71,35553
384161,7;71,8349
384178,3;71,8349
384194,9;71,8349
384211,4;71,8349
384227,9;71,8349
384245;71,8349
384261,7;71,8349
384277,9;71,8349
384294,2;71,8349
384310,8;71,8349
384327,4;71,8349
384343,9;71,8349
384360,7;71,8349
384377,5;71,8349
384393,6;71,8349
384410,2;71,8349
384426,8;71,8349
384443,4;71,8349
384459,9;71,8349
384476,4;71,8349
384493,3;71,8349
384509,6;71,8349
384526,5;71,8349
384542,7;71,8349
384559,3;71,8349
384575,9;71,8349
384592,4;71,8349
384609;71,8349
384625,6;71,8349
384642,1;71,8349
384658,7;71,8349
384675,3;71,8349
384691,9;71,8349
384708,6;71,8349
384724,9;71,8349
384741,9;71,8349
384758,1;71,8349
384774,7;71,8349
384791,2;71,8349
384807,9;71,8349
384824,3;71,87821
384840,9;71,87821
384857,5;71,87821
384874,1;71,87821
384890,8;71,87821
384907,2;71,87821
384924;71,87821
384941,8;71,87821
384958,4;71,87821
384974,9;71,87821
384991,9;71,87821
385008,1;71,87821
385024,6;71,87821
385041,2;71,87821
385057,8;71,87821
385074,3;71,87821
385091,5;71,87821
385107,5;71,87821
385124,1;71,87821
385140,6;71,87821
385157,3;71,87821
385173,8;71,87821
385190,3;71,87821
385207,6;71,87821
385223,5;71,87821
385240;71,87821
385256,7;71,87821
385273,1;71,87821
385289,8;71,87821
385306,6;71,87821
385323;71,87821
385340,3;71,87821
385356,3;71,87821
385372,5;71,87821
385389,1;71,87821
385405,8;71,87821
385422,3;71,87821
385439;71,87821
385455,9;71,87821
385472;71,87821
385488,5;71,87821
385505,1;71,87821
385521,7;72,38548
385538,4;72,38548
385554,8;72,38548
385571,3;72,38548
385587,9;72,38548
385604,7;72,38548
385621;72,38548
385637,6;72,38548
385654,3;72,38548
385670,8;72,38548
385687,3;72,38548
385703,9;72,38548
385720,4;72,38548
385737;72,38548
385753,6;72,38548
385770,2;72,38548
385786,8;72,38548
385803,3;72,38548
385819,8;72,38548
385837,7;72,38548
385854,3;72,38548
385870,8;72,38548
385887,9;72,37781
385904;72,37489
385920,5;72,37196
385937,7;72,36759
385953,7;72,3668
385970,3;72,36258
385986,8;72,35404
386003,3;72,36555
386020;72,36555
386037,1;72,36555
386053,3;72,36555
386069,8;72,36555
386086,2;72,35915
386102,8;72,35257
386119,5;72,35249
386135,9;72,34756
386152,6;72,34756
386169,1;72,34756
386185,7;72,41417
386202,2;72,41417
386219;72,41417
386235,8;72,41417
386251,9;72,41417
386268,5;72,41417
386285;72,41417
386301,6;72,41417
386318,5;72,41417
386335,2;72,41417
386351,7;72,41417
386367,8;72,41417
386384,7;72,41417
386401;72,41417
386417,6;72,41417
386434,1;72,41417
386450,7;72,41417
386467,5;72,41417
386484,3;72,41417
386500,4;72,41417
386516,9;72,41417
386534,1;72,41417
386550,1;72,41417
386566,7;72,41417
386583,2;72,41417
386599,8;72,41417
386616,3;72,41417
386632,9;72,41417
386649,5;72,41417
386666;72,41417
386682,9;72,41417
386699,5;72,41417
386715,7;72,41417
386732,3;72,41417
386753,4;72,41417
386770,1;72,41417
386787;72,41417
386803,1;72,41417
386819,7;72,41417
386836,2;72,41417
386852,8;72,41417
386869,3;72,88943
386885,9;72,88943
386902,5;72,88943
386919,1;72,88943
386935,6;72,88943
386952,8;72,88943
386968,8;72,88943
386985,3;72,88943
387001,9;72,88943
387018,5;72,88943
387035;72,88943
387052,1;72,88943
387068,3;72,88943
387084,7;72,88943
387101,6;72,88943
387117,8;72,88943
387134,8;72,88943
387151;72,88943
387168,3;72,88943
387184,1;72,88943
387200,7;72,88943
387217,3;72,88943
387233,8;72,88943
387250,4;72,88943
387267,3;72,88943
387283,5;72,88943
387300,5;72,88943
387316,7;72,88943
387333,2;72,88943
387350,3;72,88943
387366,6;72,88943
387382,9;72,88943
387399,5;72,88943
387416;72,88943
387432,6;72,88943
387449,3;72,88943
387465,8;72,88943
387483,1;72,88943
387499;72,88943
387515,4;72,88943
387532;72,88943
387548,6;72,90927
387565,4;72,90927
387581,7;72,90927
387598,4;72,90927
387614,9;72,90927
387632,8;72,90927
387648,4;72,90927
387664,6;72,90927
387681,1;72,90927
387697,7;72,90927
387714,8;72,90927
387730,8;72,90927
387747,5;72,90927
387763,9;72,90927
387781;72,90927
387797,3;72,90927
387813,7;72,90927
387830,2;72,90927
387847,2;72,90927
387863,3;72,90927
387880,2;72,90927
387896,9;72,90927
387913,1;72,90927
387929,6;72,90927
387946,2;72,90927
387962,8;72,90927
387979,3;72,90927
387995,9;72,90927
388012,4;72,90927
388029;72,90927
388045,6;72,90927
388062,7;72,90927
388078,8;72,90927
388095,3;72,90927
388111,8;72,90927
388128,5;72,90927
388145,3;72,90927
388161,6;72,90927
388178,1;72,90927
388195,1;72,90927
388211,3;72,90927
388227,8;72,90927
388244,4;72,90927
388261,1;72,90927
388277,6;73,32336
388294,1;73,32336
388310,7;73,32336
388327,6;73,32336
388343,8;73,32336
388360,5;73,32336
388376,9;73,32336
388393,5;73,32336
388410,8;73,32336
388426,6;73,32336
388443,2;73,32336
388459,8;73,32336
388476,3;73,32336
388492,9;73,32336
388509,5;73,32336
388526;73,32336
388542,6;73,32336
388559,2;73,32336
388575,7;73,32336
388592,3;73,32336
388609;73,32336
388625,4;73,32336
388642;73,32336
388658,9;73,32336
388675,1;73,32336
388691,7;73,32336
388708,4;73,32336
388725;73,32336
388742;73,32336
388758;73,32336
388774,7;73,32336
388791,1;73,32336
388807,7;73,32336
388824,2;73,32336
388840,9;73,32336
388857,4;73,32336
388874,2;73,32336
388890,5;73,32336
388907;73,32336
388923,7;73,32336
388940,2;73,32336
388956,8;73,32336
388973,7;73,32336
388989,9;73,32336
389006,6;73,32336
389023;73,27232
389039,6;73,27232
389056,5;73,27232
389072,7;73,27232
389089,3;73,27232
389106,5;73,27232
389123;73,27232
389139;73,27232
389155,6;73,27232
389172,1;73,27232
389188,7;73,27232
389205,3;73,27232
389221,8;73,27232
389238,4;73,27232
389255,1;73,27232
389271,5;73,27232
389288,1;73,27232
389304,8;73,27232
389321,2;73,27232
389337,8;73,27232
389354,4;73,27232
389370,9;73,27232
389387,5;73,27232
389404,1;73,27232
389424,1;73,27232
389440,7;73,27232
389457,4;73,27232
389473,8;73,27232
389490,4;73,27232
389507,2;73,27232
389523,5;73,27232
389540,1;73,27232
389556,7;73,27232
389573,4;73,27232
389589,8;73,27232
389606,9;73,27232
389623,3;73,27232
389639,6;73,27232
389656,1;73,27232
389672,6;73,27232
389689,2;73,27232
389706,7;73,27232
389722,8;73,27232
389739,2;73,27232
389755,5;73,27232
389772,1;73,27232
389788,6;73,27232
389805,2;73,66348
389821,8;73,66348
389838,3;73,66348
389854,8;73,66348
389871,4;73,66348
389888;73,66348
389905,3;73,66348
389921,2;73,66348
389937,7;73,66348
389954,3;73,66348
389971,5;73,66348
389987,4;73,66348
390004;73,66348
390020,5;73,66348
390037,1;73,66348
390053,7;73,66348
390070,2;73,66348
390086,8;73,66348
390103,4;73,66348
390119,9;73,66348
390136,5;73,66348
390153,6;73,66348
390169,7;73,66348
390186,2;73,66348
390203,4;73,66348
390219,4;73,66348
390235,9;73,66348
390252,5;73,66348
390275,7;73,66348
390285,6;73,66348
390302,2;73,66348
390319;73,66348
390335,3;73,66348
390352,3;73,66348
390368,4;73,66348
390385;73,66348
390401,6;73,66348
390418,1;73,66348
390434,7;73,66348
390451,3;73,66348
390467,8;73,66348
390484,7;73,66348
390501;73,66348
390517,6;73,66348
390534,8;73,66348
390550,8;73,66348
390567,2;73,6928
390583,9;73,6928
390600,4;73,6928
390616,9;73,6928
390633,5;73,6928
390650,1;73,6928
390666,7;73,6928
390683,2;73,6928
390699,8;73,6928
390716,8;73,6928
390732,9;73,6928
390749,5;73,6928
390766,5;73,6928
390782,6;73,6928
390799,6;73,6928
390816,2;73,6928
390832,3;73,6928
390849,2;73,6928
390865,4;73,6928
390882;73,6928
390898,6;73,6928
390915,1;73,6928
390932,2;73,6928
390948,3;73,6928
390964,8;73,6928
390981,4;73,6928
390998;73,6928
391014,5;73,6928
391031,1;73,6928
391047,7;73,6928
391064,3;73,6928
391080,8;73,6928
391097,5;73,6928
391114,6;73,6928
391130,7;73,6928
391147,1;73,6928
391163,7;73,6928
391180,2;73,6928
391200,8;74,01778
391217,3;73,62453
391234,3;73,62453
391250,7;73,62453
391267,6;73,62453
391283,6;74,02034
391300,1;74,02034
391316,7;74,02034
391333,5;74,02034
391349,9;74,02034
391366,4;74,02034
391383;74,02034
391400;74,02034
391416,6;74,02034
391432,9;74,02034
391449,3;74,02034
391465,8;74,02034
391482,4;74,02034
391498,9;74,02034
391515,6;74,02034
391532,1;74,02034
391549,4;74,02034
391565,2;74,02034
391582,5;74,02034
391598,3;74,02034
391615,2;74,02034
391631,5;74,02034
391648,1;74,02034
391664,8;74,02034
391681,2;74,02034
391697,8;74,02034
391714,3;74,02034
391730,9;74,02034
391747,6;74,02034
391764;74,02034
391780,7;74,02034
391797,2;74,02034
391813,8;74,02034
391830,8;74,02034
391846,8;74,02034
391863,4;74,02034
391880;74,02034
391896,6;74,02034
391913,1;74,02034
391929,8;74,02034
391946,3;74,02034
391962,8;74,02034
391979,7;74,02034
391995,9;74,02034
392012,5;74,02034
392034,5;74,00017
392048,8;74,00017
392065,3;74,00017
392082,2;74,00017
392098,4;74,00017
392115,7;74,00017
392131,6;74,00017
392148,2;74,00017
392165,3;74,00017
392181,3;74,00017
392197,8;74,00017
392214,4;74,00017
392231;74,00017
392247,6;74,00017
392264,1;74,00017
392280,7;74,00017
392297,3;74,00017
392313,8;74,00017
392330,7;74,00017
392347;74,00017
392363,5;74,00017
392380,1;74,00017
392396,6;74,00017
392413,6;74,00017
392429,8;74,00017
392446,3;74,00017
392462,9;74,00017
392479,8;74,00017
392496,3;74,00017
392512,6;74,00017
392529,2;74,00017
392545,8;74,00017
392562,8;74,00017
392578,8;74,00017
392595,4;74,00017
392612,3;74,00017
392628,6;74,00017
392645,4;74,00017
392661,7;74,00017
392678,3;74,00017
392694,8;74,00017
392711,4;74,00017
392728;74,00017
392744,8;74,00017
392761,1;74,00017
392777,7;74,00017
392794,3;74,4315
392810,8;74,4315
392827,4;74,4315
392843,9;74,4315
392860,5;74,4315
392877,1;74,4315
392893,7;74,4315
392910,3;74,4315
392927,9;74,4315
392944,2;74,4315
392959,9;74,4315
392976,5;74,4315
392993;74,4315
393009,6;74,4315
393026,3;74,4315
393043,3;74,4315
393059,3;74,4315
393075,9;74,4315
393092,4;74,4315
393109;74,4315
393126,2;74,4315
393142,1;74,4315
393158,7;74,4315
393175,3;74,4315
393192,1;74,4315
393208,8;74,4315
393225;74,4315
393241,9;74,4315
393258,1;74,4315
393275;74,4315
393291,2;74,4315
393307,8;74,4315
393324,4;74,4315
393340,9;74,4315
393358,3;74,4315
393374,6;74,4315
393390,9;74,4315
393407,2;74,4315
393424,2;74,4315
393440,8;74,4315
393456,9;74,4315
393473,5;74,4315
393490,1;74,4315
393506,6;74,4315
393523,3;74,4315
393539,8;74,45264
393556,7;74,45264
393572,9;74,45264
393589,4;74,45264
393606;74,45264
393622,6;74,45264
393639,2;74,45264
393656,3;74,45264
393672,3;74,45264
393688,8;74,45264
393705,6;74,45264
393722;74,45264
393738,6;74,45264
393755,4;74,45264
393772;74,45264
393788,3;74,45264
393805,7;74,45264
393821,4;74,45264
393837,9;74,45264
393854,5;74,45264
393871,1;74,45264
393887,6;74,45264
393904,2;74,45264
393920,8;74,45264
393937,5;74,45264
393953,9;74,45264
393970,5;74,45264
393987,6;74,45264
394004;74,45264
394020,3;74,45264
394036,8;74,45264
394053,8;74,45264
394069,8;74,45264
394086,5;74,45264
394103,1;74,45264
394119,9;74,45264
394136,1;74,45264
394152,7;74,45264
394169,3;74,45264
394186,4;74,45264
394202,4;74,45264
394219,3;74,45264
394235,5;74,45264
394252,1;74,45264
394268,8;74,87452
394285,7;74,87452
394301,9;74,87452
394318,7;74,87452
394335;74,87452
394351,9;74,87452
394368,1;74,87452
394384,7;74,87452
394401,5;74,87452
394417,8;74,87452
394434,8;74,87452
394451;74,87452
394467,5;74,87452
394484;74,87452
394500,6;74,87452
394517,2;74,87452
394533,8;74,87452
394550,3;74,87452
394566,9;74,87452
394583,4;74,87452
394600;74,87452
394616,6;74,87452
394633,7;74,87452
394649,7;74,87452
394666,7;74,87452
394683,2;74,87452
394699,8;74,87452
394722,4;74,87452
394734,1;74,87452
394750,7;74,87452
394767,3;74,87452
394783,8;74,87452
394801,1;74,87452
394817;74,87452
394833,8;74,87452
394850,1;74,87452
394866,6;74,87452
394883,2;74,87452
394900,3;74,87452
394916,3;74,87452
394932,9;74,87452
394949,5;74,87452
394966,1;74,87452
394982,6;74,87452
394999,2;74,87452
395015,8;74,87452
395032,3;74,87452
395048,9;74,93096
395065,7;74,93096
395082;74,93096
395099;74,93096
395115,6;74,93096
395132,2;74,93096
395148,7;74,93096
395165,3;74,93096
395181,8;74,93096
395198,4;74,93096
395215;74,93096
395231,6;74,93096
395248,1;74,93096
395265,1;74,93096
395281,5;74,93096
395297,9;74,93096
395314,4;74,93096
395331;74,93096
395347,5;74,93096
395364,7;74,93096
395380,7;74,93096
395397,4;74,93096
395413,8;74,93096
395430,3;74,93096
395447,1;74,93096
395463,5;74,93096
395480,1;74,93096
395496,9;74,93096
395513,2;74,93096
395529,8;74,93096
395546,6;74,93096
395562,9;74,93096
395579,5;74,93096
395596,2;74,93096
395612,6;74,93096
395636;74,93096
395646,4;74,93096
395662,3;74,93096
395679;74,93096
395695,4;74,93096
395712;74,93096
395728,5;75,3786
395745,1;75,3786
395761,7;75,3786
395778,3;75,3786
395795;75,3786
395811,8;75,3786
395828,1;75,3786
395844,5;75,3786
395861,1;75,3786
395878,3;75,3786
395894,4;75,3786
395910,9;75,3786
395927,4;75,3786
395944,3;75,3786
395960,5;75,3786
395977,1;75,3786
395993,6;75,3786
396010,2;75,3786
396026,8;75,3786
396043,4;75,3786
396059,9;75,3786
396076,6;75,3786
396093;75,3786
396109,6;75,3786
396126,2;75,3786
396142,7;75,3786
396159,3;75,3786
396176;75,3786
396192,4;75,3786
396209,4;75,3786
396225,6;75,3786
396242,1;75,3786
396258,7;75,3786
396275,5;75,3786
396291,9;75,3786
396308,4;75,3786
396325;75,3786
396341,8;75,3786
396358,5;75,3786
396374,7;75,3786
396392,1;75,3786
396408;75,3786
396424,4;75,3786
396440,9;75,46346
396457,5;75,46346
396474,1;75,46346
396490,6;75,46346
396509,7;75,46346
396526,5;75,46346
396543,1;75,46346
396559,6;75,46346
396575,9;75,46346
396592,5;75,46346
396609,1;75,46346
396625,7;75,46346
396642,2;75,46346
396658,8;75,46346
396675,3;75,46346
396691,9;75,46346
396709;75,46346
396725;75,46346
396741,8;75,46346
396758,7;75,46346
396774,8;75,46346
396791,3;75,46346
396807,9;75,46346
396824,5;75,46346
396841,4;75,46346
396857,8;75,46346
396874,4;75,46346
396890,7;75,46346
396907,3;75,46346
396923,8;75,46346
396940,4;75,46346
396957;75,46346
396973,5;75,46346
396990,2;75,46346
397006,7;75,46346
397023,3;75,46346
397039,9;75,46346
397056,8;75,46346
397073,6;75,46346
397090;75,46346
397106,1;75,46346
397122,8;75,97102
397139,2;75,97102
397155,8;75,97102
397172,4;75,97102
397189;75,97102
397205,5;75,97102
397222,2;75,97102
397238,6;75,97102
397255,2;75,97102
397272,3;75,97102
397288,3;75,97102
397305,3;75,97102
397322,2;75,97102
397338;75,97102
397354,6;75,97102
397371,3;75,97102
397387,7;75,97102
397404,3;75,97102
397420,8;75,97102
397437,4;75,97102
397454;75,97102
397470,5;75,97102
397487,3;75,97102
397503,7;75,97102
397520,3;75,97102
397536,8;75,97102
397553,4;75,97102
397569,9;75,97102
397586,9;75,97102
397603,4;75,97102
397619,6;75,97102
397636,4;75,97102
397653,3;75,97102
397669,7;75,97102
397685,9;75,97102
397702,5;75,97102
397719;75,97102
397735,6;75,97102
397752,2;75,97102
397768,8;75,97102
397785,3;75,97102
397802,5;76,06084
397818,4;76,06084
397835,3;76,06084
397851,6;76,06084
397868,1;76,06084
397884,7;76,06084
397901,9;76,06084
397917,8;76,06084
397934,4;76,06084
397951,2;76,06084
397967,5;76,06084
397984,1;76,06084
398000,7;76,06084
398017,3;76,06084
398033,8;76,06084
398050,7;76,06084
398067,3;76,06084
398083,5;76,06084
398100,6;76,06084
398116,7;76,06084
398133,3;76,06084
398149,8;76,06084
398166,3;76,06084
398182,9;76,06084
398199,5;76,06084
398216;76,06084
398232,6;76,06084
398249,2;76,06084
398266;76,06084
398282,3;76,06084
398299;76,06084
398315,4;76,06084
398332;76,06084
398348,6;76,06084
398365,4;76,06084
398382,1;76,06084
398398,3;76,06084
398415;76,06084
398431,6;76,06084
398448;76,06084
398464,6;76,06084
398481,2;76,55381
398497,7;76,55381
398514,2;76,55381
398552,3;76,55381
398569;76,55381
398585,4;76,55381
398602;76,55381
398618,6;76,55381
398635,5;76,55381
398651,7;76,55381
398668,3;76,55381
398684,8;76,55381
398702,2;76,55381
398718;76,55381
398734,5;76,55381
398751,1;76,55381
398767,8;76,55381
398784,8;76,55381
398800,8;76,55381
398817,5;76,55381
398833,9;76,55381
398850,5;76,55381
398867,1;76,55381
398883,7;76,55381
398900,2;76,55381
398916,8;76,55381
398933,3;76,55381
398950,3;76,55381
398966,5;76,55381
398983,1;76,55381
398999,7;76,55381
399016,2;76,55381
399032,8;76,55381
399049,3;76,55381
399065,8;76,55381
399082,6;76,55381
399099;76,55381
399115,6;76,55381
399132,5;76,55381
399148,7;76,64179
399165,3;77,10434
399181,8;76,66096
399198,4;76,01721
399219,7;76,0533
399231,5;75,55242
399248,1;74,92472
399264,7;74,47917
399281,3;74,06516
399297,8;74,11775
399314,4;74,17576
399331,5;74,22815
399347,5;74,27209
399364,2;74,33024
399380,6;74,38503
399397,2;74,43297
399414;74,48174
399430,3;74,53488
399446,9;74,57182
399463,5;74,4975
399480;74,01121
399496,6;73,66689
399513,2;73,74897
399530;73,40301
399546,3;73,49223
399563;73,57948
399579,6;73,66433
399596,9;73,75419
399612,6;73,76392
399629,2;73,26794
399646,1;72,75417
399662,3;72,79711
399678,8;72,83719
399695,4;72,8671
399712,2;72,89793
399728,8;72,99741
399745,3;73,08846
399761,9;73,08846
399778,8;73,08846
399794,8;73,08846
399811,7;73,08846
399827,9;73,08846
399844,5;73,08846
399861,1;73,08846
399877,6;73,08846
399894,2;73,08846
399910,8;73,08846
399927,3;73,08846
399944,3;73,08846
399960,5;73,08846
399977,2;73,08846
399993,8;73,08846
400010,6;73,08846
400026,7;73,08846
400043,3;73,08846
400059,9;73,08846
400076,4;73,08846
400093,1;73,08846
400114,8;73,08846
400126,1;73,08846
400143,1;73,08846
400159,6;73,08846
400175,8;73,08846
400193;73,08846
400209;73,08846
400225,6;73,08846
400242,3;73,08846
400258,9;73,08846
400275,3;73,08846
400291,8;73,08846
400308,7;73,08846
400324,9;73,08846
400341,5;73,08846
400358,1;73,08846
400374,6;73,08846
400391,2;73,08846
400407,9;73,08846
400424,5;73,08846
400440,9;73,08846
400457,5;73,08846
400474;73,24397
400490,6;73,24397
400507,2;73,24397
400523,9;73,24397
400540,3;73,24397
400557,1;73,24397
400573,7;73,24397
400590;73,24397
400606,6;73,24397
400623,1;73,24397
400639,8;73,24397
400656,6;73,24397
400672,9;73,24397
400689,4;73,24397
400706;73,24397
400723;73,24397
400739,5;73,24397
400755,7;73,24397
400772,3;73,24397
400788,8;73,24397
400805,3;73,24397
400821,9;73,24397
400838,5;73,24397
400855,1;73,24397
400871,9;73,24397
400888,3;73,24397
400904,8;73,24397
400921,3;73,24397
400937,9;73,24397
400954,5;73,24397
400978,8;73,24397
400995,4;73,24397
401012,3;73,24397
401028,6;73,24397
401045,1;73,24397
401061,7;73,24397
401078,4;73,24397
401094,8;73,24397
401111,3;73,7142
401128,2;73,7142
401144,5;73,7142
401161,7;73,7142
401177,8;73,7142
401194,6;73,7142
401210,9;73,7142
401227,6;73,7142
401243,9;73,7142
401260,5;73,7142
401277;73,7142
401293,6;73,7142
401310,2;73,7142
401326,7;73,7142
401343,3;73,7142
401360,2;73,7142
401376,5;73,7142
401393;73,7142
401409,6;73,7142
401426,9;73,7142
401442,8;73,7142
401459,3;73,7142
401475,9;73,7142
401492,4;73,7142
401509;73,7142
401525,9;73,7142
401542,1;73,7142
401559,1;73,7142
401575,3;73,7142
401591,8;73,7142
401608,4;73,7142
401624,9;73,7142
401641,9;73,7142
401658,1;73,7142
401674,6;73,7142
401691,3;73,7142
401707,8;73,7142
401724,3;73,7142
401740,9;73,7142
401757,7;73,7142
401774,1;73,7142
401790,6;73,7142
401807,6;73,77542
401823,9;73,77542
401840,3;73,77542
401857,3;73,77542
401873,4;73,77542
401890;73,77542
401906,7;73,77542
401923,1;73,77542
401939,7;73,77542
401956,3;73,77542
401973,3;73,77542
401989,4;73,77542
402006;73,77542
402022,8;73,77542
402039,1;73,77542
402055,7;73,77542
402072,3;73,77542
402088,9;73,77542
402105,4;73,77542
402121,9;73,77542
402139,1;73,77542
402155,3;73,77542
402171,6;73,77542
402188,2;73,77542
402204,8;73,77542
402221,4;73,77542
402237,9;73,77542
402254,5;73,77542
402271,2;73,77542
402287,6;73,77542
402304,2;73,77542
402320,8;73,77542
402337,4;73,77542
402353,9;73,77542
402371;73,77542
402387,1;73,77542
402403,6;73,77542
402420,1;73,77542
402436,7;73,77542
402453,5;73,77542
402469,8;73,77542
402486,4;74,18517
402503;74,18517
402519,5;74,18517
402536,2;74,18517
402552,7;74,18517
402569,3;74,18517
402585,8;74,18517
402602,3;74,18517
402618,9;74,18517
402635,5;74,18517
402652,9;74,18517
402669;74,18517
402685,6;74,18517
402701,8;74,18517
402718,3;74,18517
402734,9;74,18517
402752;74,18517
402777;74,18517
402793,6;74,18517
402810,1;74,18517
402826,8;74,18517
402844;74,18517
402859,8;74,18517
402876,9;74,18517
402893;74,18517
402909,5;74,18517
402926,1;74,18517
402942,7;74,18517
402959,2;74,18517
402975,8;74,18517
402992,7;74,18517
403008,9;74,18517
403025,5;74,18517
403042,2;74,18517
403058,6;74,18517
403075,4;74,18517
403091,8;74,18517
403108,3;74,18517
403124,9;74,18517
403141,4;74,18517
403158,3;74,18517
403174,7;74,18517
403191,1;74,18517
403208,3;74,18517
403224,3;74,18645
403240,8;74,18645
403257,7;74,18645
403274;74,18645
403290,6;74,18645
403307,3;74,18645
403323,7;74,18645
403340,3;74,18645
403356,8;74,18645
403373,5;74,18645
403390,3;74,18645
403406,5;74,18645
403423,1;74,18645
403439,6;74,18645
403456,2;74,18645
403472,8;74,18645
403489,3;74,18645
403505,9;74,18645
403522,5;74,18645
403539;74,18645
403555,6;74,18645
403572,3;74,18645
403588,8;74,18645
403605,3;74,18645
403622,6;74,18645
403641,6;74,18645
403658,2;74,18645
403674,8;74,18645
403692;74,18645
403708,1;74,18645
403724,5;74,18645
403741;74,18645
403757,6;74,18645
403774,5;74,18645
403790,9;74,18645
403807,5;74,18645
403823,8;74,18645
403840,5;74,18645
403857;74,18645
403873,6;74,18645
403890,1;74,18645
403906,9;74,18645
403923,5;74,18645
403939,8;74,18645
403956,4;74,18645
403973;74,18645
403989,5;74,64658
404006,3;74,64658
404022,9;74,64658
404039,3;74,64658
404055,8;74,64658
404072,6;74,64658
404089,6;74,64658
404105,5;74,64658
404122,3;74,64658
404138,6;74,64658
404155,2;74,64658
404171,8;74,64658
404188,5;74,64658
404205,2;74,64658
404221,5;74,64658
404238,6;74,64658
404254,8;74,64658
404271,2;74,64658
404288,1;74,64658
404304,4;74,64658
404320,9;74,64658
404338;74,64658
404354;74,64658
404371;74,64658
404387,8;74,64658
404403,7;74,64658
404420,3;74,64658
404436,8;74,64658
404453,4;74,64658
404470;74,64658
404486,5;74,64658
404503,4;74,64658
404524;74,64658
404540,9;74,64658
404557,3;74,64658
404573,8;74,64658
404590,7;74,64658
404607,3;74,64658
404623,4;74,64658
404640,6;74,64658
404656,5;74,64658
404673,2;74,64658
404689,7;74,67573
404706,2;74,67573
404722,8;74,67573
404740;74,67573
404756,3;74,67573
404773,1;74,67573
404789,2;74,67573
404806,1;74,67573
404822,2;74,67573
404838,8;74,67573
404855,3;74,67573
404871,9;74,67573
404888,5;74,67573
404905,1;74,67573
404921,6;74,67573
404938,2;74,67573
404954,7;74,67573
404971,3;74,67573
404987,8;74,67573
405004,7;74,67573
405021,5;74,67573
405037,6;74,67573
405054,2;74,67573
405070,7;74,67573
405087,4;74,67573
405103,8;74,67573
405120,4;74,67573
405137,5;74,67573
405153,5;74,67573
405170,1;74,67573
405186,8;74,67573
405203,2;74,67573
405219,8;74,67573
405237;74,67573
405252,9;74,67573
405269,5;74,67573
405286;74,67573
405302,6;74,67573
405319,2;74,67573
405335,8;74,67573
405352,8;74,67573
405368,9;74,67573
405385,5;75,14503
405402;75,14503
405418,6;75,14503
405435,2;75,14503
405451,9;75,14503
405468,3;75,14503
405484,9;75,14503
405501,4;75,14503
405518;75,14503
405534,5;75,14503
405551,1;75,14503
405567,7;75,14503
405584,3;75,14503
405600,8;75,14503
405617,4;75,14503
405633,9;75,14503
405650,5;75,14503
405667,5;75,14503
405683,7;75,14503
405700,2;75,14503
405716,8;75,14503
405733,4;75,14503
405750,6;75,14503
405766,5;75,14503
405783,1;75,14503
405799,6;75,14503
405816,5;75,14503
405832,8;75,14503
405849,7;75,14503
405865,9;75,14503
405882,4;75,14503
405899;75,14503
405915,6;75,14503
405932,2;75,14503
405948,8;75,14503
405965,3;75,14503
405981,8;75,14503
405998,4;75,14503
406015;75,14503
406031,6;75,14503
406048,1;75,14503
406064,8;75,14503
406081,3;75,14503
406097,8;75,12174
406114,4;75,12174
406131,3;75,12174
406147,5;75,12174
406164,4;75,12174
406181,1;75,12174
406197,7;75,12174
406213,8;75,12174
406230,9;75,12174
406246,9;75,12174
406263,5;75,12174
406280,2;75,12174
406302;75,12174
406313,3;75,12174
406329,8;75,12174
406346,8;75,12174
406362,9;75,12174
406379,5;75,12174
406396,5;75,12174
406412,6;75,12174
406429,2;75,12174
406445,7;75,12174
406462,3;75,12174
406478,8;75,12174
406495,4;75,12174
406512;75,12174
406528,8;75,12174
406545,1;75,12174
406562,3;75,12174
406578,3;75,12174
406594,8;75,12174
406611,5;75,12174
406628;75,12174
406644,9;75,12174
406661,1;75,12174
406677,7;75,12174
406694,8;75,12174
406710,8;75,12174
406727,3;75,12174
406744,6;75,12174
406760,5;75,12174
406777,1;75,12174
406793,6;75,12468
406810,2;75,12468
406826,8;75,12468
406843,3;75,12468
406859,9;75,12468
406876,5;75,12468
406893;75,12468
406909,6;75,12468
406926,3;75,12468
406942,9;75,12468
406959,3;75,12468
406975,9;75,12468
406992,4;75,12468
407009;75,12468
407025,5;75,12468
407042,5;75,12468
407058,7;75,12468
407075,7;75,12468
407091,8;75,12468
407108,4;75,12468
407124,9;75,12468
407141,8;75,12468
407158,1;75,12468
407175;75,12468
407191,2;75,12468
407207,8;75,12468
407225,1;75,12468
407242,2;75,12468
407258,5;75,12468
407274,8;75,12468
407291,4;75,12468
407308,8;75,12468
407324,5;75,12468
407341,1;75,12468
407357,7;75,12468
407374,3;75,12468
407391,2;75,12468
407407,8;75,12468
407423,9;75,12468
407441,1;75,12468
407457,1;75,12468
407473,6;75,16718
407490,4;75,16718
407506,8;75,16718
407523,6;75,16718
407539,9;75,16718
407556,5;75,16718
407573;75,16718
407589,7;75,16718
407606,4;75,16718
407622,8;75,16718
407639,7;75,16718
407655,9;75,16718
407673,1;75,16718
407689,1;75,16718
407705,6;75,16718
407722,1;75,16718
407738,7;75,16718
407755,6;75,16718
407771,8;75,16718
407788,4;75,16718
407805;75,16718
407821,7;75,16718
407838,1;75,16718
407854,7;75,16718
407871,3;75,16718
407887,8;75,16718
407904,3;75,16718
407921,6;75,16718
407937,8;75,16718
407954,1;75,16718
407970,7;75,16718
407987,5;75,16718
408004;75,16718
408020,3;75,16718
408037,1;75,16718
408053,5;75,16718
408070;75,14979
408086,7;74,78509
408103,2;74,78509
408120,3;74,78509
408141,5;74,78509
408152,9;74,78509
408169,4;74,90297
408186,1;74,90297
408202,6;74,90297
408219,1;74,90297
408235,7;74,90297
408252,6;74,90297
408269,3;74,90297
408285,7;74,90297
408302;74,90297
408318,5;74,90297
408335,3;74,90297
408351,9;74,90297
408368,7;74,90297
408384,8;74,90297
408401,4;74,90297
408417,9;74,90297
408434,5;74,90297
408451,1;74,90297
408467,6;74,90297
408484,2;74,90297
408500,8;74,90297
408517,4;74,85843
408533,9;74,92478
408550,9;74,52911
408567;74,07455
408583,8;73,59172
408600,3;73,05346
408616,7;72,44372
408633,3;71,95393
408649,9;71,95393
408666,5;71,95393
408683;71,95393
408699,6;71,95393
408716,1;71,85199
408732,7;71,8231
408749,5;71,78845
408765,9;71,80697
408782,5;71,34118
408798,9;71,34118
408815,6;71,34118
408832,4;71,34118
408849;71,86658
408865,3;71,86658
408881,9;71,86658
408898,4;71,86658
408915,3;71,86658
408931,8;71,86658
408948,5;71,86658
408964,6;71,86658
408981,2;71,86658
408997,8;71,86658
409014,3;71,86658
409030,9;71,86658
409050;71,86658
409064;71,86658
409080,9;71,86658
409097,5;71,86658
409113,8;71,86658
409130,3;71,86658
409146,9;71,86658
409163,4;71,86658
409180;71,86658
409196,8;71,86658
409213,4;71,86658
409229,7;71,86658
409246,3;71,86658
409262,8;71,86658
409279,6;71,86658
409296;71,86658
409313;71,86658
409329,4;71,86658
409345,7;71,86658
409363,1;71,86658
409379;71,86658
409395,4;71,86658
409411,9;71,86658
409428,5;71,86658
409445,1;71,86658
409461,6;71,86658
409478,2;71,86658
409494,8;71,86658
409511,3;71,86658
409527,9;71,89912
409544,5;71,89912
409561,1;71,89912
409577,6;71,89912
409594,2;71,89912
409610,7;71,89912
409627,6;71,89912
409644,5;71,89912
409660,4;71,89912
409677;71,89912
409694,2;71,89912
409710,1;71,89912
409726,9;71,89912
409743,3;71,89912
409759,8;71,89912
409776,4;71,89912
409793,3;71,89912
409809,5;71,89912
409826,1;71,89912
409842,7;71,89912
409860,3;71,89912
409876,5;71,89912
409892,7;71,89912
409908,9;71,89912
409925,5;71,89912
409942,1;71,89912
409958,6;71,89912
409979;71,89912
409995,5;71,89912
410012,1;71,89912
410028,9;71,89912
410045,3;71,89912
410061,8;71,89912
410078,4;71,89912
410095,3;71,89912
410111,7;71,89912
410128,3;71,89912
410144,7;71,89912
410161,2;71,89912
410177,8;71,89912
410194,7;71,89912
410211,4;72,47284
410227,5;72,47284
410244,4;72,47284
410260,6;72,47284
410277,2;72,47284
410293,8;72,47284
410310,3;72,47284
410326,9;72,47284
410343,4;72,47284
410360;72,47284
410376,8;72,47284
410393,2;72,47284
410410,1;72,47284
410427,2;72,47284
410442,8;72,47284
410459,4;72,47284
410476,1;72,47284
410492,6;72,47284
410509,1;72,47284
410525,9;72,47284
410542,3;72,47284
410558,8;72,47284
410575,4;72,47284
410592,4;72,47284
410609,1;72,47284
410625,1;72,47284
410641,7;72,47284
410658,4;72,47284
410674,8;72,47284
410691,3;72,47284
410707,9;72,47284
410725;72,47284
410741,1;72,47284
410757,8;72,47284
410774,5;72,47284
410790,8;72,47284
410807,3;72,47284
410824,2;72,47284
410840,5;72,47284
410860,5;72,47284
410875,1;72,47284
410892,5;72,53886
410908,6;72,53886
410924,8;72,53886
410942,1;72,53886
410957,9;72,53886
410974,5;72,53886
410991,1;72,53886
411007,6;72,53886
411024,2;72,53886
411040,8;72,53886
411057,9;72,53886
411073,9;72,53886
411090,9;72,53886
411107,1;72,53886
411123,6;72,53886
411140,3;72,53886
411156,8;72,53886
411173,3;72,53886
411190,5;72,53886
411206,8;72,53886
411223;72,53886
411239,9;72,53886
411256,1;72,53886
411272,7;72,53886
411289,7;72,53886
411305,8;72,53886
411322,4;72,53886
411339,1;72,53886
411355,5;72,53886
411372,1;72,53886
411389,1;72,53886
411405,3;72,53886
411421,8;72,53886
411438,4;72,53886
411455,1;72,96175
411471,8;72,49558
411488,1;72,49558
411504,6;72,49558
411522,2;72,49558
411537,8;72,49558
411554,3;72,49558
411570,9;73,07732
411587,9;73,07732
411604;73,07732
411620,6;73,07732
411637,2;73,07732
411653,8;73,07732
411670,5;73,07732
411686,8;73,07732
411703,4;73,07732
411720,5;73,07732
411736,6;73,07732
411753,3;73,07732
411771,3;73,07732
411786,3;73,07732
411802,8;73,07732
411819,4;73,07732
411836;73,07732
411852,9;73,07732
411869,1;73,07732
411885,7;73,07732
411902,3;73,07732
411918,8;73,07732
411935,6;73,07732
411951,9;73,07732
411968,5;73,07732
411985,3;73,07732
412001,7;73,07732
412018,2;73,07732
412034,8;73,07732
412051,3;73,07732
412068,3;73,07732
412084,5;73,07732
412101,3;73,07732
412117,6;73,07732
412134,2;73,07732
412150,8;73,07732
412167,6;73,07732
412183,9;73,07732
412200,4;73,07732
412217;73,0948
412233,6;73,0948
412250,2;73,0948
412266,8;73,0948
412283,3;73,0948
412299,8;73,0948
412316,9;73,0948
412333,8;73,0948
412349,6;73,0948
412366,1;73,0948
412382,7;73,0948
412399,2;73,0948
412416,2;73,0948
412432,4;73,0948
412449,1;73,0948
412465,9;73,0948
412482,2;73,0948
412498,7;73,0948
412515,2;73,0948
412531,8;73,0948
412548,8;73,0948
412564,9;73,0948
412581,5;73,0948
412598,1;73,0948
412614,8;73,0948
412631,2;73,0948
412647,8;73,0948
412664,3;73,0948
412686,1;73,0948
412702,6;73,0948
412719,3;73,0948
412735,8;73,0948
412752,3;73,0948
412768,9;73,0948
412785,5;73,0948
412802;73,0948
412819,4;73,0948
412835,2;73,0948
412851,8;73,0948
412868,6;73,0948
412884,9;73,0948
412901,4;73,0948
412918;73,57399
412934,6;73,57399
412951,5;73,57399
412967,7;73,57399
412984,3;73,57399
413000,8;73,57399
413017,4;73,57399
413034;73,57399
413051,1;73,57399
413067,2;73,57399
413083,7;73,57399
413100,7;73,57399
413116,8;73,57399
413133,4;73,57399
413149,9;73,57399
413166,5;73,57399
413183,6;73,57399
413199,7;73,57399
413216,2;73,57399
413233,1;73,57399
413249,5;73,57399
413265,9;73,57399
413282,5;73,57399
413299;73,57399
413315,7;73,57399
413332,2;73,57399
413348,8;73,57399
413365,5;73,57399
413382,8;73,57399
413398,4;73,57399
413415,3;73,57399
413431,6;73,57399
413448,2;73,57399
413464,7;73,57399
413481,5;73,57399
413498;73,51174
413514,4;73,52258
413531,7;73,52258
413548,4;73,52258
413566,2;73,52258
413582,7;73,52258
413599,4;73,57704
413615,8;73,57704
413632,4;73,57704
413649,1;73,57704
413665,6;73,57704
413682,1;73,57704
413698,7;73,57704
413715,3;73,57704
413731,8;73,57704
413748,8;73,57704
413765,5;73,57704
413781,5;73,57704
413798,1;73,57704
413814,7;73,57704
413831,3;73,57704
413847,8;73,57704
413864,3;73,57704
413881,8;73,57704
413897,5;73,57704
413914,1;73,57704
413930,6;73,57704
413947,2;73,57704
413963,8;73,57704
413980,3;73,57704
413996,9;73,57704
414013,5;73,57704
414030,2;73,57704
414046,6;73,57704
414063,2;73,57704
414080,2;73,57704
414096,6;73,57704
414112,8;73,57704
414129,4;73,57704
414146;73,57704
414162,6;73,96694
414179,1;73,90659
414195,7;73,83356
414212,3;73,77257
414228,8;73,77257
414245,5;73,77257
414262;73,77686
414278,5;73,77686
414295,1;73,77686
414311,8;73,77686
414328,2;73,77686
414344,8;73,77686
414361,5;73,77686
414378,1;73,77686
414394,5;73,77686
414411,2;73,77686
414427,6;73,77686
414444,2;73,77686
414465,6;73,77686
414482,2;73,77686
414498,8;73,77686
414515,5;73,77686
414531,9;73,77686
414548,5;73,77686
414565;73,77686
414581,6;73,77686
414598,2;73,77686
414614,8;73,77686
414631,3;73,77686
414647,8;73,77686
414664,4;73,77686
414681;73,77686
414697,6;73,77686
414714,7;73,77686
414730,7;73,77686
414747,3;73,77686
414763,8;73,77686
414780,5;73,77686
414797;73,77686
414813,5;73,77686
414830,3;73,77686
414846,8;73,77686
414863,2;73,77686
414880,3;73,77686
414896,4;73,77686
414912,9;73,77686
414929,5;73,77686
414946,1;73,77686
414962,8;74,29099
414979,4;74,29099
414996,5;74,29099
415012,5;74,29099
415028,9;74,29099
415045,5;74,29099
415062;74,29099
415078,6;74,29099
415096;74,29099
415111,7;74,29099
415128,3;74,29099
415144,9;74,29099
415161,8;74,29099
415178;74,29099
415194,9;74,29099
415211,7;74,29099
415228,2;74,29099
415244,3;74,29099
415261,3;74,29099
415277,4;74,29099
415294,4;74,29099
415310,5;74,29099
415327,1;74,29099
415346,8;74,29099
415363,4;74,29099
415379,9;74,29099
415396,5;74,29099
415413,1;74,29099
415429,7;74,29099
415446,2;74,29099
415462,9;74,29099
415479,5;74,29099
415496,1;74,29099
415512,5;74,29099
415529,3;74,29099
415545,6;74,29099
415562,2;74,29099
415579,3;74,29099
415595,9;74,29099
415611,9;74,29099
415628,4;74,29099
415645,5;74,29099
415661,7;74,34866
415678,2;74,34866
415695,1;74,34866
415711,3;74,34866
415727,8;74,34866
415744,4;74,34866
415761;74,34866
415777,6;74,34866
415794,1;74,34866
415811,2;74,34866
415827,5;74,34866
415844,3;74,34866
415860,4;74,34866
415876,9;74,34866
415893,8;74,34866
415910,1;74,34866
415926,8;74,34866
415943,2;74,34866
415959,8;74,34866
415976,3;74,34866
415992,9;74,34866
416009,5;74,34866
416026,1;74,34866
416042,7;74,34866
416059,5;74,34866
416075,9;74,34866
416092,6;74,34866
416109;74,34866
416125,5;74,34866
416142,8;74,34866
416158,6;74,34866
416175,1;74,34866
416191,8;74,34866
416208,4;74,34866
416224,8;74,34866
416241,4;74,34866
416259,6;74,34866
416276,4;74,34866
416292,7;74,34866
416309,3;74,34866
416325,8;74,89388
416342,4;74,89388
416359;74,89388
416375,6;74,89388
416392,1;74,89388
416408,7;74,89388
416425,2;74,89388
416441,8;74,89388
416458,4;74,89388
416475,4;74,89388
416491,8;74,89388
416508,1;74,89388
416524,6;74,89388
416541,2;74,89388
416557,8;74,89388
416574,5;74,89388
416591,4;74,89388
416607,5;74,89388
416624,1;74,89388
416640,6;74,89388
416657,2;74,89388
416673,8;74,89388
416690,3;74,89388
416707,5;74,89388
416723,4;74,88128
416740;74,87369
416756,6;74,8679
416773,1;74,87257
416789,7;74,87257
416806,3;74,87257
416822,8;74,87257
416840,2;74,87257
416856;74,87257
416873,3;74,85712
416889,1;74,85626
416906,1;74,85075
416922,3;74,84461
416939,4;74,84461
416955,4;74,84461
416972;74,84461
416988,5;74,95892
417005,3;74,95892
417021,8;74,95892
417038,2;74,95892
417055,4;74,95892
417071,3;74,95892
417087,9;74,95892
417104,6;74,95892
417121;74,95892
417137,6;74,95892
417155;74,95892
417170,8;74,95892
417187,8;74,95892
417203,9;74,95892
417220,4;74,95892
417237;74,95892
417254;74,95892
417270,2;74,95892
417286,9;74,95892
417303,3;74,95892
417320,4;74,95892
417336,4;74,95892
417353;74,95892
417369,5;74,95892
417386,5;74,95892
417402,7;74,95892
417419,5;74,95892
417435,8;74,95892
417452,4;74,95892
417469,7;74,95892
417485,7;74,95892
417502,2;74,95892
417518,9;74,95892
417535,2;75,42188
417552;74,94105
417568,3;74,94105
417584,9;74,94105
417601,5;74,94105
417618,2;75,52354
417634,6;75,52354
417651,2;75,52354
417667,9;75,52354
417684,3;75,52354
417701,7;75,52354
417718,2;75,52354
417734,3;75,52354
417750,6;75,52354
417767,2;75,52354
417783,7;75,52354
417800,3;75,52354
417816,8;75,52354
417833,4;75,52354
417850;75,52354
417866,5;75,52354
417883,5;75,53658
417899,7;75,553
417916,2;75,57609
417932,8;75,58398
417949,7;75,60044
417966;75,61626
417982,5;75,63317
417999,1;75,6507
418015,7;75,66203
418032,2;75,68084
418048,8;75,6931
418065,3;75,64741
418086;75,65273
418102,8;75,61722
418119,2;75,03085
418136,1;74,62353
418152,3;74,21481
418169;73,77255
418185,4;73,29581
418201,9;73,29581
418219;73,29581
418235,1;73,38334
418251,7;73,38334
418268,2;73,38334
418284,8;73,38334
418301,9;73,38334
418317,9;73,38334
418334,6;73,38334
418351,2;73,38334
418368,1;73,38334
418384,3;73,38334
418400,8;73,38334
418417,7;73,38334
418434,3;73,38334
418450,8;73,38334
418467;73,38334
418484,2;73,38334
418500,2;73,38334
418516,7;73,38334
418533,3;73,38334
418549,8;73,38334
418566,4;73,38334
418583,3;73,38334
418599,6;73,38334
418616,1;73,38334
418633,2;73,38334
418649,3;73,38334
418665,8;73,38334
418682,4;73,38334
418698,9;73,38334
418715,5;73,38334
418732,1;73,38334
418748,7;73,38334
418765,2;73,38334
418782,2;73,38334
418798,3;73,38334
418815,5;73,38334
418831,5;73,38334
418848,1;73,38334
418864,6;73,38334
418881,2;73,38334
418898,3;73,63976
418914,3;73,63976
418931,4;73,63976
418947,4;73,63976
418966,3;73,63976
418982,8;73,63976
418999,4;73,63976
419016;73,63976
419032,5;73,63976
419049,1;73,63976
419065,9;73,63976
419082,3;73,63976
419098,8;73,63976
419115,3;73,63976
419132,1;73,63976
419148,5;73,63976
419165,1;73,63976
419182,1;73,63976
419198,2;73,63976
419214,8;73,63976
419231,3;73,63976
419247,9;73,63976
419264,8;73,63976
419281,1;73,63976
419297,8;73,63976
419314,2;73,63976
419330,8;73,63976
419347,3;73,63976
419363,9;73,63976
419380,4;73,63976
419397;73,63976
419413,8;73,63976
419430,3;73,63976
419447,3;73,63976
419463,3;73,63976
419479,8;73,63976
419496,8;74,20665
419513;74,20665
419529,5;74,20665
419546,1;74,20665
419562,7;74,20665
419579,4;74,20665
419595,8;74,20665
419612,4;74,20665
419628,9;74,20665
419645,5;74,20665
419662,2;74,20665
419678,6;74,20665
419695,4;74,20665
419711,8;74,20665
419728,3;74,20665
419744,9;74,20665
419761,5;74,20665
419778;74,20665
419794,8;74,20665
419811,2;74,20665
419828;74,20665
419848,3;74,20665
419864,9;74,20665
419881,4;74,20665
419898,3;74,20665
419914,7;74,20665
419931,6;74,20665
419947,7;74,20665
419964,3;74,20665
419980,8;74,20665
419997,5;74,20665
420013,9;74,20665
420030,5;74,20665
420047,4;74,20665
420063,6;74,20665
420080,2;74,20665
420097,2;74,20665
420113,3;74,20665
420130,1;74,23891
420146,5;74,23891
420163,1;74,23891
420179,6;74,23891
420196,2;74,23891
420212,8;74,23891
420229,3;74,23891
420245,8;74,23891
420262,4;74,23891
420279,4;74,23891
420295,6;74,23891
420312,1;74,23891
420328,7;74,23891
420345,9;74,23891
420361,8;74,23891
420378,6;74,23891
420395;74,23891
420411,8;74,23891
420428,1;74,23891
420444,7;74,23891
420461,3;74,23891
420477,8;74,23891
420494,4;74,23891
420510,9;74,23891
420527,5;74,23891
420544,1;74,23891
420560,6;74,23891
420577,4;74,23891
420593,8;74,23891
420610,3;74,23891
420626,9;74,23891
420643,5;74,23891
420660;74,23891
420676,6;74,23891
420693,3;74,23891
420717,2;74,23891
420726,8;74,23891
420743,8;74,23891
420760,1;74,23891
420776,5;74,33899
420793,1;74,33899
420809,7;74,33899
420826,2;74,33899
420843,1;74,33899
420859,5;74,33899
420875,9;74,33899
420892,5;74,33899
420909,1;74,33899
420925,8;74,33899
420942,2;74,33899
420958,8;74,33899
420975,3;74,33899
420992,1;74,33899
421008,5;74,33899
421025;74,33899
421041,6;74,33899
421058,1;74,33899
421074,7;74,33899
421091,3;74,33899
421108;74,33899
421124,9;74,33899
421141;74,33899
421158,3;74,33899
421174,1;74,33899
421190,7;74,33899
421207,4;74,33899
421224,2;74,33899
421240,4;74,33899
421257,1;74,33899
421273,5;74,33899
421290,3;74,33899
421306,6;74,33899
421323,2;74,33899
421339,9;74,33899
421356,3;74,33899
421373;74,33899
421389,5;74,33899
421406,1;74,33899
421422,6;74,33899
421439,3;74,33899
421455,8;74,80195
421472,3;74,80195
421488,9;74,80195
421505,8;74,80195
421522;74,80195
421538,6;74,80195
421555,2;74,80195
421571,7;74,80195
421588,3;74,80195
421604,8;74,80195
421621,9;74,80195
421638;74,80195
421654,6;74,80195
421671,1;74,80195
421687,9;74,80195
421704,3;74,80195
421720,8;74,80195
421737,5;74,80195
421754,4;74,80195
421770,5;74,80195
421787,1;74,80195
421803,7;74,80195
421820,2;74,80195
421836,8;74,80195
421853,3;74,80195
421869,9;74,80195
421886,7;74,80195
421903;74,80195
421919,6;74,80195
421936,2;74,80195
421952,8;74,80195
421969,3;74,80195
421985,9;74,80195
422002,5;74,80195
422019;74,80195
422035,6;74,80195
422052,2;74,80195
422068,7;74,80195
422085,3;74,80195
422101,8;74,80195
422118,4;74,80195
422135,1;74,80195
422151,9;74,80195
422168,1;74,82524
422184,7;74,82524
422201,2;74,82524
422217,8;74,82524
422234,4;74,82524
422251,7;74,82524
422268,3;74,82524
422284,1;74,82524
422300,7;74,82524
422317,2;74,82524
422333,8;74,82524
422350,3;74,82524
422366,9;74,82524
422383,5;74,82524
422400,3;74,82524
422416,8;74,82524
422433,3;74,82524
422449,8;74,82524
422466,4;74,82524
422485,2;74,82524
422501,8;74,82524
422518,4;74,82524
422534,9;74,82524
422551,4;74,82524
422568;74,82524
422584,6;74,82524
422601,1;74,82524
422617,8;74,82524
422634,4;74,82524
422650,8;74,82524
422667,7;74,82524
422684;74,82524
422700,5;74,82524
422717,1;74,82524
422733,7;74,82524
422750,4;74,82524
422766,8;74,82524
422783,3;74,82524
422800,1;74,82524
422816,5;74,82524
422833,3;74,82524
422849,6;74,82524
422866,2;75,27393
422882,8;75,27393
422899,3;75,27393
422915,9;75,27393
422932,6;75,27393
422949,1;75,27393
422965,6;75,27393
422982,3;75,27393
422998,8;75,27393
423015,4;75,27393
423032;75,27393
423049,3;75,27393
423065;75,27393
423081,9;75,27393
423098,3;75,27393
423115,2;75,27393
423131,3;75,27393
423147,8;75,27393
423164,4;75,27393
423181,6;75,27393
423197,8;75,27393
423214,4;75,27393
423231,1;75,27393
423247,3;75,27393
423263,8;75,27393
423280,4;75,27393
423296,9;75,27393
423313,5;75,27393
423330,1;75,27393
423346,7;75,27393
423363,3;75,27393
423381,2;75,27393
423398,3;75,27393
423414,5;75,27393
423430,9;75,27393
423447,5;75,27393
423464,7;75,27393
423480,6;75,27393
423497,2;75,27393
423513,8;75,27393
423530,3;75,27393
423547;75,27393
423563,4;75,27393
423580;75,3406
423596,6;75,3406
423613,5;75,3406
423630,2;75,3406
423646,3;75,3406
423662,8;75,3406
423679,4;75,3406
423696,1;75,3406
423712,6;75,3406
423729,1;75,3406
423745,7;75,3406
423762,3;75,3406
423778,8;75,3406
423795,4;75,3406
423812,3;75,3406
423828,5;75,3406
423845,1;75,3406
423861,6;75,3406
423878,2;75,3406
423894,8;75,3406
423911,6;75,3406
423927,9;75,3406
423944,6;75,3406
423961,5;75,3406
423977,7;75,3406
423994,2;75,3406
424010,8;75,3406
424027,3;75,3406
424043,9;75,3406
424060,5;75,3406
424077,3;75,3406
424093,7;75,3406
424110,1;75,3406
424126,7;75,3406
424143,5;75,3406
424159,8;75,3406
424176,4;75,3406
424193;75,3406
424209,6;75,3406
424226,1;75,3406
424242,7;75,3406
424263,7;75,3406
424280,4;75,81267
424296,8;75,81267
424313,4;75,81267
424330;75,81267
424346,6;75,81267
424363,3;75,81267
424379,6;75,81267
424396,2;75,81267
424412,8;75,81267
424429,4;75,81267
424445,9;75,81267
424462,5;75,81267
424479;75,81267
424495,6;75,81267
424512,2;75,81267
424528,8;75,81267
424545,3;75,81267
424561,9;75,81267
424578,4;75,81267
424595;75,81267
424611,6;75,81267
424628,2;75,81267
424644,7;75,81267
424661,3;75,81267
424677,8;75,81267
424694,4;75,81267
424711;75,81267
424727,5;75,81267
424744,1;75,81267
424761,5;75,81267
424777,3;75,81267
424793,8;75,81267
424810,4;75,81267
424826,9;75,81267
424843,5;75,81267
424860,2;75,81267
424876,7;75,81267
424893,2;75,81267
424910,1;75,81267
424927;75,81267
424942,9;75,81267
424960;75,86208
424976;75,86208
424992,6;75,86208
425009,2;75,86208
425025,8;75,86208
425042,3;75,86208
425059,1;75,86208
425075,4;75,86208
425092;75,86208
425108,8;75,86208
425125,2;75,86208
425142,1;75,86208
425158,3;75,86208
425177,3;75,86208
425191,4;75,86208
425208;75,86208
425224,6;75,86208
425241,1;75,86208
425257,7;75,86208
425274,2;75,86208
425290,8;75,86208
425307,4;75,86208
425323,9;75,86208
425340,5;75,86208
425357,1;75,86208
425373,7;75,86208
425390,7;75,86208
425406,8;75,86208
425423,4;75,86208
425439,9;75,86208
425456,5;75,86208
425473,3;75,86208
425490,3;75,86208
425506,2;75,86208
425522,8;75,86208
425539,3;75,86208
425555,9;75,86208
425572,4;75,86208
425589,3;75,86208
425605,6;75,86208
425622,2;75,86208
425638,7;75,86208
425655,3;76,36363
425672,3;76,36363
425688,4;76,36363
425705;76,36363
425721,6;76,36363
425738,1;76,36363
425754,7;76,36363
425771,3;76,36363
425787,8;76,36363
425804,5;76,36363
425821,7;76,36363
425837,6;76,36363
425854,1;76,36363
425870,6;76,36363
425887,2;76,36363
425903,8;76,36363
425920,3;76,36363
425936,9;76,36363
425953,5;76,36363
425970,8;76,36363
425986,7;76,36363
426003,2;76,36363
426019,8;76,36363
426036,3;76,36363
426052,9;76,36363
426069,7;76,36363
426086;76,36363
426108;76,36363
426119,7;76,36363
426136,2;76,36363
426153;76,36363
426169,7;76,36363
426186,2;76,36363
426202,5;76,36363
426219,1;76,39371
426235,6;76,42566
426252,2;76,42566
426268,8;76,42566
426285,7;76,42566
426301,9;76,42566
426318,9;76,96116
426335,1;76,96116
426351,8;76,96116
426368,2;76,96116
426384,9;76,96116
426401,3;76,96116
426417,9;76,96116
426434,4;76,96116
426451;76,96116
426467,6;76,96116
426484,2;76,96116
426500,8;76,96116
426517,3;76,96116
426533,8;76,96116
426550,4;76,96116
426567;76,96116
426584,3;76,96116
426600,3;76,96116
426616,7;76,96116
426633,3;76,96116
426649,8;76,96116
426666,4;76,96116
426682,9;76,96116
426699,5;76,96116
426716,2;76,96116
426732,6;76,96116
426749,2;76,96116
426765,8;76,96116
426782,3;76,96116
426798,9;76,96116
426815,5;76,96116
426832,1;76,96116
426849,1;76,96116
426865,2;76,96116
426881,8;76,96116
426898,3;76,96116
426914,8;76,96116
426931,7;76,96116
426948;76,96116
426964,6;77,10384
426981,1;77,10384
426997,7;77,10384
427014,5;77,10384
427031;77,10384
427053,3;77,10384
427069,8;77,10384
427086,4;77,10384
427103;77,10384
427119,5;77,10384
427136,1;77,10384
427152,7;77,10384
427169,3;77,10384
427185,9;77,10384
427202,4;77,10384
427219;77,10384
427235,5;77,10384
427252,1;77,10384
427268,8;77,10384
427285,2;77,10384
427301,8;77,10384
427318,4;77,10384
427335,3;77,10384
427351,5;77,10384
427368,1;77,10384
427384,6;77,10384
427401,2;77,10384
427417,8;77,10384
427434,9;77,10384
427450,9;77,10384
427467,6;77,10384
427484;77,10384
427500,8;77,10384
427517,2;77,10384
427533,7;77,10384
427550,3;77,10384
427567;77,10384
427583,5;77,10384
427600,5;77,10384
427616,6;77,10384
427633,1;77,10384
427649,7;77,10384
427666,4;77,67573
427682,9;77,67573
427699,4;77,67573
427716,5;77,67573
427732,5;77,67573
427749,1;77,67573
427765,7;77,67573
427782,7;77,67573
427798,8;77,67573
427815,3;77,67573
427832,3;77,67573
427848,5;77,67573
427865,1;77,67573
427881,8;77,67573
427898,2;77,67573
427914,8;77,67573
427931,3;77,67573
427948,2;77,67573
427968,6;77,67573
427981;77,67573
427997,6;77,67573
428014,4;77,67573
428030,8;77,67573
428047,6;77,67573
428063,8;77,67573
428080,4;77,67573
428097;77,67573
428114,1;77,67573
428130,1;77,67573
428146,7;77,67573
428163,3;77,67573
428179,8;77,67573
428196,5;77,67573
428213;77,67573
428229,5;77,67573
428246,1;77,67573
428262,6;77,67573
428279,3;77,67573
428295,8;77,78396
428312,3;77,78396
428328,9;77,78396
428345,5;77,78396
428362,1;77,78396
428378,6;77,78396
428395,3;77,78396
428412,1;77,78396
428428,3;77,78396
428444,9;77,78396
428461,5;77,78396
428478;77,78396
428494,6;77,78396
428511,2;77,78396
428527,9;77,78396
428544,4;77,78396
428560,8;77,78396
428577,8;77,78396
428594;77,78396
428610,5;77,78396
428627,2;77,78396
428643,9;77,78396
428660,5;77,78396
428676,8;77,78396
428693,4;77,78396
428710;77,78396
428726,9;77,78396
428743,1;77,78396
428759,7;77,78396
428776,3;77,78396
428792,8;77,78396
428809,3;77,78396
428825,9;77,78396
428842,5;77,78396
428865,6;77,78396
428882,2;77,78396
428898,8;77,78396
428915,3;77,78396
428932,1;77,78396
428948,5;78,28936
428965;78,28936
428982,3;78,28936
428998,2;78,28936
429014,7;78,28936
429031,7;78,28936
429047,8;78,28936
429064,4;78,28936
429081,2;78,28936
429097,6;78,28936
429114,1;78,28936
429130,9;78,28936
429147,6;78,28936
429164,3;78,28936
429181,1;78,28936
429197;78,28936
429213,5;78,28936
429230,1;78,28936
429247,2;78,28936
429263,2;78,28936
429279,8;78,28936
429296,3;78,28936
429312,9;78,28936
429329,5;78,28936
429346,1;78,28936
429362,7;78,28936
429379,2;78,28936
429395,8;78,28936
429412,3;78,28936
429428,9;78,28936
429445,5;78,28936
429462;78,28936
429478,6;78,28936
429495,5;78,26839
429511,7;78,25257
429528,3;78,175
429544,9;78,05776
429561,6;77,56368
429578,4;77,56368
429594,7;77,56368
429611,2;77,52193
429627,7;77,52193
429644,4;77,52193
429660,8;77,52193
429677,4;77,52193
429694,1;77,52193
429710,5;77,52193
429727,1;77,52193
429743,7;77,52193
429760,7;77,52193
429777,6;77,52193
429793,8;77,52193
429810,4;77,52193
429826,9;77,52193
429843,5;77,52193
429860;77,52193
429876,6;77,52193
429893,2;77,52193
429910,5;77,52193
429926,6;77,52193
429942,9;77,52193
429959,4;77,52193
429976,8;77,52193
429992,6;77,52193
430009,2;77,52193
430025,7;77,52193
430042,3;77,52193
430059,4;77,52193
430075,7;77,52193
430092;77,52193
430108,6;77,52193
430125,1;77,52193
430141,8;77,52193
430158,3;77,52193
430174,8;77,52193
430191,6;77,52193
430207,9;77,52193
430224,5;77,52193
430241,5;77,52193
430257,9;77,52193
430274,2;77,45734
430290,8;77,45734
430307,3;77,45734
430323,9;77,45734
430340,5;77,45734
430357,1;77,45734
430373,6;77,45734
430390,6;77,45734
430407;77,45734
430423,4;77,45734
430439,9;77,45734
430456,4;77,45734
430473,1;77,45734
430489,6;77,45734
430506,4;77,45734
430523,1;77,45734
430539,4;77,45734
430556;77,45734
430572,4;77,45734
430589,3;77,45734
430605,7;77,45734
430622,1;77,45734
430638,8;77,45734
430655,3;77,45734
430671,8;77,45734
430688,4;77,45734
430706,5;77,45734
430723,1;77,45734
430739,7;77,45734
430756,2;77,45734
430772,8;77,45734
430789,3;77,45734
430805,9;77,45734
430822,5;77,45734
430839,1;77,45734
430855,6;77,45734
430872,2;77,45734
430888,7;77,45734
430905,3;77,45734
430921,9;77,45734
430938,4;77,45734
430955;77,45734
430971,8;77,50647
430988,2;77,50647
431004,7;77,50647
431021,3;77,50647
431037,8;77,50647
431054,6;77,50647
431071;77,50647
431087,6;77,50647
431104,1;77,50647
431120,7;77,50647
431137,3;77,50647
431153,8;77,50647
431170,7;77,50647
431187,3;77,50647
431203,5;77,50647
431220,2;77,50647
431236,6;77,50647
431253,2;77,50647
431269,8;77,50647
431286,5;77,50647
431302,9;77,50647
431319,5;77,50647
431336,1;77,50647
431352,6;77,50647
431369,2;77,50647
431385,8;77,50647
431402,3;77,50647
431418,9;77,50647
431435,6;77,50647
431452,4;77,50647
431468,6;77,50647
431485,1;77,50647
431501,7;77,50647
431518,3;77,50647
431534,9;77,50647
431551,8;77,50647
431568;77,50647
431584,6;77,50647
431607,7;77,50647
431624,3;77,50647
431640,9;77,50647
431657,6;77,50647
431674;77,94761
431690,6;77,94761
431707,1;77,94761
431724,3;77,94761
431740,3;77,94761
431756,8;77,94761
431773,4;77,94761
431789,9;77,94761
431806,5;77,94761
431823,2;77,94761
431839,7;77,94761
431856,2;77,94761
431872,8;77,94761
431889,4;77,94761
431905,9;77,94761
431922,9;77,94761
431939,1;77,94761
431955,6;77,94761
431972,5;77,94761
431988,8;77,94761
432005,3;77,94761
432021,9;77,94761
432038,4;77,94761
432055;77,94761
432072,2;77,94761
432088,8;77,94761
432104,8;77,94761
432121,3;77,94761
432137,8;77,94761
432154,4;77,94761
432171;77,94761
432187,6;77,94761
432204,1;77,94761
432220,7;77,94761
432237,3;77,94761
432253,8;77,94761
432270,6;77,94761
432287;77,94761
432303,5;77,94761
432320,1;77,94761
432336,7;77,94761
432353,3;77,94761
432369,8;77,94761
432386,7;77,85013
432403,1;77,85013
432419,5;77,85013
432436,1;77,85013
432452,6;77,85013
432469,2;77,85013
432486;77,85013
432502,3;77,85013
432518,9;77,85013
432535,8;77,85013
432552;77,85013
432569,1;77,85013
432585,8;77,85013
432601,8;77,85013
432618,3;77,85013
432634,9;77,85013
432651,4;77,85013
432668;77,85013
432684,6;77,85013
432701,2;77,85013
432717,7;77,85013
432735,1;77,85013
432751,2;77,85013
432767,5;77,85013
432784;77,85013
432800,5;77,85013
432817,1;77,75659
432833,7;77,28606
432850,3;77,2915
432866,8;77,2915
432883,4;77,2915
432899,9;77,2915
432916,5;77,2915
432933,1;77,2915
432949,6;77,2915
432966,8;77,2915
432982,8;77,2915
432999,3;77,16096
433015,9;76,78844
433032,5;76,78844
433049;76,78844
433065,6;76,78844
433082,3;76,78844
433098,7;77,27535
433115,3;77,27535
433131,9;77,27535
433148,4;77,27535
433165;77,27535
433181,6;77,27535
433198,8;77,27535
433214,7;77,27535
433231,3;77,27535
433247,8;77,27535
433264,4;77,27535
433281,1;77,27535
433297,5;77,27535
433314,1;77,27535
433330,7;77,27535
433347,2;77,27535
433363,8;77,27535
433380,4;77,27535
433397,2;77,27535
433413,5;77,27535
433430,2;77,27535
433446,6;77,27535
433463,2;77,27535
433482,3;77,27535
433496,4;77,27535
433512,9;77,27535
433529,4;77,27535
433546;77,27535
433562,8;77,27535
433579,2;77,27535
433596;77,27535
433612,3;77,27535
433628,8;77,27535
433645,5;77,27535
433662;77,27535
433678,6;77,27535
433695,1;77,27535
433712;77,27535
433728,3;77,27535
433744,8;77,27535
433761,4;77,27535
433778;77,27535
433794,5;77,43481
433811,3;77,43481
433828,3;77,43481
433844,3;77,43481
433860,8;77,43481
433877,3;77,43481
433894,1;77,43481
433910,5;77,43481
433927,1;77,43481
433943,6;77,43481
433960,2;77,43481
433976,8;77,43481
433994,1;77,43481
434009,9;77,43481
434026,5;77,43481
434043;77,43481
434059,6;77,43481
434076,5;77,43481
434092,9;77,43481
434109,3;77,43481
434125,8;77,43481
434142,4;77,43481
434159;77,43481
434175,6;77,43481
434192,1;77,43481
434208,8;77,43481
434225,3;77,43481
434242,2;77,43481
434258,4;77,43481
434275;77,43481
434291,5;77,43481
434308,1;77,43481
434324,7;77,43481
434341,2;77,43481
434357,8;77,84253
434374,3;77,45596
434391,1;77,45596
434407,5;77,45596
434426,3;77,45596
434441,2;77,96487
434457,8;77,96487
434474,3;77,96487
434490,9;77,96487
434507,4;77,96487
434524;77,96487
434540,6;77,96487
434557,7;77,96487
434573,7;77,96487
434590,3;77,96487
434606,8;77,96487
434623,5;77,96487
434640;77,96487
434656,6;77,96487
434673,1;77,96487
434689,7;77,96487
434706,7;77,96487
434722,9;77,96487
434739,8;77,96487
434755,9;77,96487
434772,5;77,96487
434789,1;77,96487
434805,7;77,96487
434823,1;77,96487
434838,8;77,96487
434855,3;77,96487
434872,2;77,96487
434888,5;77,96487
434905,3;77,96487
434921,9;77,96487
434938,2;77,96487
434954,9;77,96487
434971,3;77,96487
434987,9;77,96487
435004,5;77,96487
435021,1;77,96487
435037,6;77,96487
435054,4;77,96487
435071;77,96487
435087,8;77,96487
435103,8;77,96487
435121;78,15787
435137;78,15787
435153,6;78,15787
435170,2;78,15787
435186,8;78,15787
435203,3;78,15787
435219,8;78,15787
435236,7;78,15787
435253,3;78,15787
435269,5;78,15787
435286,1;78,15787
435302,7;78,15787
435319,3;78,15787
435335,9;78,15787
435358,6;78,15787
435372;78,15787
435388,6;78,15787
435405,1;78,15787
435421,9;78,15787
435438,3;78,15787
435455,3;78,15787
435471,4;78,15787
435488,8;78,15787
435504,5;78,15787
435521,1;78,15787
435537,8;78,15787
435554,2;78,15787
435570,8;78,15787
435587,7;78,15787
435604,3;78,15787
435620,6;78,15787
435637,1;78,15787
435653,6;78,15787
435670,2;78,15787
435686,9;78,15787
435703,3;78,15787
435719,9;78,15787
435736,7;78,15787
435753;78,27803
435769,6;78,27803
435786,1;78,27803
435802,7;78,27803
435819,3;78,27803
435836,1;78,27803
435852,4;78,27803
435869;78,27803
435885,9;78,27803
435902,1;78,27803
435918,8;78,27803
435935,4;78,27803
435952;78,27803
435969,1;78,27803
435985;78,27803
436001,8;78,27803
436018,2;78,27803
436035;78,27803
436051,2;78,27803
436068,2;78,27803
436084,6;78,27803
436100,9;78,27803
436117,6;78,22973
436134,8;77,62495
436150,6;77,16425
436167,2;77,16425
436183,8;77,16425
436200,3;77,16425
436216,9;77,16425
436233,5;77,16425
436250;77,6328
436266,6;77,63634
436283,2;77,6423
436300,1;77,64951
436316,6;77,18224
436332,8;77,18224
436349,7;77,18224
436366;77,18224
436382,5;77,18224
436399,1;77,81851
436415,7;77,81851
436432,3;77,81851
436448,8;77,81851
436465,7;77,81851
436482,8;77,81851
436498,5;77,81851
436515,3;77,81851
436532,3;77,81851
436548,2;77,81851
436564,8;77,81851
436581,8;77,81851
436598,3;77,81851
436614,8;77,81851
436631,3;77,81851
436647,7;77,81851
436664,2;77,81851
436681,6;77,81851
436697,3;77,81851
436713,9;77,81851
436730,8;77,81851
436747,3;77,81851
436764,1;77,81851
436780,6;77,81851
436796,7;77,81851
436813,3;77,81851
436829,8;77,81851
436846,4;77,81851
436863;77,81851
436880,1;77,81851
436896,1;77,81851
436912,7;77,81851
436929,3;77,81851
436946,3;77,81851
436962,4;77,81851
436979,1;77,81851
436995,8;77,81851
437012,1;77,91803
437028,7;77,91803
437045,2;77,91803
437061,8;77,91803
437078,6;77,91803
437098,4;77,91803
437111,5;77,91803
437128,3;77,91803
437144,6;77,91803
437161,2;77,91803
437178;77,91803
437194,8;77,91803
437210,9;77,91803
437227,4;77,91803
437244;77,91803
437260,6;77,91803
437277,1;77,91803
437293,8;77,91803
437310,3;77,91803
437326,9;77,91803
437343,4;77,91803
437360;77,91803
437376,6;77,91803
437393,1;77,91803
437410,2;77,91803
437426,3;77,91803
437442,8;77,91803
437459,4;77,91803
437476;77,91803
437492,5;77,91803
437509,5;77,91803
437526;77,91803
437542,2;77,91803
437558,9;77,91803
437575,3;77,91803
437591,9;77,91803
437608,7;77,91803
437625,1;77,91803
437641,6;77,91803
437658,2;78,46232
437674,9;78,46232
437691,3;78,46232
437707,9;78,46232
437724,5;78,46232
437741,1;78,46232
437757,6;78,46232
437774,1;78,46232
437790,8;78,46232
437807,3;78,46232
437823,8;78,46232
437840,4;78,46232
437857,6;78,46232
437873,5;78,46232
437890,1;78,46232
437906,7;78,46232
437923,3;78,46232
437940,2;78,46232
437956,4;78,46232
437978,4;78,46232
437995;78,46232
438011,5;78,46232
438028,5;78,46232
438044,7;78,46232
438061,6;78,46232
438077,8;78,46232
438094,4;78,46232
438110,9;78,46232
438127,6;78,46232
438144,1;78,46232
438161;78,46232
438177,7;78,46232
438193,8;78,46232
438210,3;78,46232
438226,9;78,46232
438243,5;78,46232
438260;78,46232
438276,6;78,46232
438293,2;78,46232
438309,9;78,36109
438326,3;78,36109
438342,9;78,36109
438359,4;78,36109
438376,3;78,36109
438392,6;78,36109
438409,2;78,36109
438426,6;78,36109
438442,3;78,36109
438458,8;78,36109
438475,4;78,36109
438492;78,36109
438509,1;78,36109
438525,1;78,36109
438541,7;78,36109
438558,3;78,36109
438575,3;78,36109
438591,6;78,36109
438607,9;78,24664
438624,5;78,05841
438641,1;77,97066
438657,7;77,87121
438674,2;77,77831
438690,8;77,67861
438707,3;77,58749
438723,9;77,49216
438740,5;77,39357
438757,4;77,29403
438773,6;77,20005
438790,2;76,74187
438806,7;76,74187
438823,3;76,74187
438839,9;76,74187
438861,7;77,11236
438878,3;77,0198
438895,2;76,92152
438911,3;76,82763
438927,9;76,72367
438944,5;76,72367
438961,1;76,72367
438977,8;76,72367
438994,2;76,66899
439010,8;76,66899
439027,3;76,66899
439043,9;76,66899
439060,5;76,66899
439077;76,66899
439093,6;76,66899
439110,4;76,66899
439126,8;76,66899
439143,3;76,66899
439160,2;76,66899
439176,4;76,66899
439193,3;76,66899
439209,7;76,66899
439226,1;76,66899
439242,8;76,66899
439260;76,66899
439275,8;76,66899
439292,7;76,66899
439309;76,66899
439325,6;76,66899
439342,6;76,66899
439358,7;76,66899
439375,2;76,66899
439391,8;76,66899
439408,3;76,66899
439425,3;76,66899
439441,5;76,66899
439458,3;76,66899
439474,6;76,66899
439491,2;76,66899
439507,8;76,66899
439524,8;76,66899
439540,9;76,66899
439557,6;76,66899
439574;76,66899
439590,6;76,66899
439607,2;76,66899
439623,8;76,66899
439640,3;76,66899
439657,1;76,66899
439673,8;76,66899
439690;76,66899
439706,7;76,66899
439730;77,10359
439746,7;77,10359
439763,1;77,10359
439779,7;77,10359
439796,3;77,10359
439812,8;77,10359
439829,6;77,10359
439846,5;77,10359
439862,5;77,10359
439879,1;77,10359
439895,7;77,10359
439912,7;77,10359
439929;77,10359
439945,9;77,10359
439961,9;77,10359
439978,8;77,10359
439995,1;77,10359
440011,7;77,10359
440028,4;77,10359
440045;77,10359
440061,3;77,10359
440078,1;77,10359
440094,4;77,10359
440111;77,10359
440127,6;77,10359
440144,2;77,10359
440160,8;77,10359
440177,3;77,10359
440194;77,10359
440210,5;77,10359
440227;77,10359
440243,6;77,10359
440260,1;77,10359
440276,7;77,10359
440293,3;77,10359
440309,9;77,10359
440326,7;77,10359
440343,1;77,10359
440359,5;77,10359
440376,2;77,10359
440392,7;77,10359
440409,2;77,10359
440426,2;77,10359
440442,3;77,10359
440459,1;77,10359
440475,5;77,10359
440492,1;77,06908
440509,3;77,06908
440525,2;77,06908
440541,8;77,06908
440558,3;77,06908
440574,9;77,06908
440591,8;77,06908
440608,8;77,06908
440625,1;77,06908
440641,4;77,06908
440658,5;77,06908
440674,6;77,06908
440691,4;77,06908
440707,7;77,06908
440724,8;77,06908
440741;77,06908
440757,5;77,06908
440774;77,06908
440790,9;77,06908
440807,1;77,06908
440823,8;77,06908
440840,3;77,06908
440856,8;77,06908
440873,5;77,06908
440889,9;77,06908
440906,6;77,06908
440923,1;77,06908
440939,8;77,06908
440956,2;77,06908
440973;77,06908
440989,3;77,06908
441005,9;77,06908
441023;77,06908
441039,2;77,06908
441055,6;77,06908
441072,2;77,06908
441089,1;77,06908
441105,3;77,06908
441121,8;77,06908
441138,4;77,06908
441155;77,06908
441171,6;77,06908
441188,2;77,06908
441204,8;77,06908
441221,7;77,06908
441237,8;77,54018
441254,4;77,54018
441271;77,54018
441287,5;77,54018
441304,5;77,54018
441321;77,54018
441337,3;77,54018
441353,8;77,54018
441370,4;77,54018
441386,9;77,54018
441403,5;77,54018
441420,1;77,54018
441436,7;77,54018
441453,3;77,54018
441475,9;77,54018
441489,3;77,54018
441505,9;77,54018
441522,8;77,54018
441539;77,54018
441556;77,54018
441572,2;77,54018
441588,8;77,54018
441605,3;77,54018
441621,8;77,54018
441638,5;77,54018
441655;77,54018
441671,6;77,54018
441688,2;77,54018
441704,7;77,54018
441721,5;77,54018
441737,8;77,54018
441754,5;77,54018
441771;77,54018
441787,5;77,54018
441804,6;77,54018
441821,2;77,54018
441837,3;77,54018
441853,8;77,54018
441870,4;77,54018
441886,9;77,54018
441903,5;77,54018
441920,1;77,54018
441936,7;77,54018
441953,4;77,47988
441969,8;77,47988
441986,8;77,47988
442003,1;77,47988
442019,5;77,47988
442036,1;77,47988
442052,6;77,47988
442069,2;77,47988
442085,7;77,47988
442102,3;77,47988
442118,9;77,47988
442135,9;77,47988
442152,4;77,47988
442168,6;77,47988
442185,2;77,47988
442201,8;77,47988
442218,3;77,47988
442235;77,47988
442251,4;77,47988
442268,1;77,47988
442284,5;77,47988
442301,1;77,47988
442317,8;77,47988
442334,2;77,47988
442350,8;77,47988
442367,7;77,47988
442383,9;77,47988
442407,2;77,47988
442417,3;77,47988
442433,6;77,47988
442450,4;77,47988
442466,8;77,47988
442483,3;77,47988
442499,9;77,47988
442516,5;77,47988
442533,1;77,47988
442549,6;77,47988
442566,2;77,47988
442583,6;77,47988
442599,7;77,47988
442616,5;77,47988
442632,4;77,47988
442649,5;77,47988
442665,6;77,47988
442682,1;77,94732
442698,7;77,94732
442715,3;77,94732
442732;77,94732
442748,4;77,94732
442765;77,94732
442782,2;77,94732
442799,3;77,94732
442815,3;77,94732
442831,9;77,94732
442848,5;77,94732
442865;77,94732
442881,6;77,94732
442898,2;77,94732
442914,7;77,94732
442931,3;77,94732
442947,9;77,94732
442965,1;77,94732
442981,5;77,94732
442997,6;77,94732
443014,1;77,94732
443031,6;77,94732
443047,3;77,94732
443063,8;77,94732
443080,6;77,94732
443097;77,94732
443113,5;77,94732
443130,1;77,94732
443146,7;77,94732
443163,3;77,94732
443179,8;77,94732
443196,4;77,94732
443212,9;77,94732
443229,5;77,94732
443246,1;77,94732
443262,7;77,94732
443279,3;77,94732
443301,5;77,94732
443318,1;77,94732
443334,6;77,94732
443351,2;77,94732
443368;77,94732
443384,4;77,95184
443401;77,95184
443417,4;77,95184
443434;77,95184
443450,6;77,95184
443467,2;77,95184
443483,7;77,95184
443500,3;77,95184
443516,8;77,95184
443533,4;77,95184
443550;77,95184
443566,6;77,95184
443583,1;77,95184
443599,7;77,95184
443616,3;77,95184
443632,8;77,95184
443649,4;77,95184
443666,8;77,95184
443683,2;77,95184
443699,1;77,95184
443715,7;77,95184
443732,8;77,95184
443748,8;77,95184
443765,3;77,95184
443781,9;77,95184
443798,5;77,95184
443815,1;77,95184
443831,8;77,95184
443848,5;77,95184
443864,8;77,95184
443882;77,95184
443897,9;77,95184
443914,5;77,95184
443931;77,95184
443947,6;77,95184
443964,2;77,95184
443981,1;77,95184
443997,3;77,95184
444014,2;77,95184
444030,4;77,95184
444047,4;77,95184
444063,6;77,85548
444080,1;77,85548
444096,7;77,85548
444113,3;77,85548
444129,8;77,85548
444146,4;77,85548
444163,4;77,85548
444179,5;77,85548
444196,1;77,85548
444213,8;77,85548
444229,2;77,85548
444245,8;77,85548
444262,4;77,85548
444278,9;77,85548
444295,5;77,85548
444312;77,85548
444328,6;77,85548
444345,8;77,85548
444361,8;77,85548
444378,3;77,85548
444394,9;77,85548
444411,9;77,85548
444428;77,85548
444444,6;77,85548
444461,2;77,60645
444477,7;76,91021
444494,9;76,40854
444511,8;76,34181
444527,4;75,87262
444544;75,40423
444560,6;75,40423
444577,1;75,40423
444593,8;75,40423
444610,3;75,40423
444627,3;75,40423
444643,5;75,40423
444659,9;75,32834
444676,9;74,76792
444693,1;74,33177
444709,7;74,33177
444726,2;74,33177
444743,2;74,33177
444759,4;74,33177
444775,9;74,88291
444792,7;74,88291
444809,3;74,88291
444825,6;74,88291
444842,2;74,88291
444859;74,88291
444875,3;74,88291
444891,9;74,88291
444908,5;74,88291
444925;74,88291
444941,6;74,88291
444958,2;74,88291
444974,7;74,88291
444991,5;74,88291
445008,3;74,88291
445024,4;74,88291
445041;74,88291
445058,1;74,88291
445074,2;74,88291
445090,7;74,88291
445109,2;74,88291
445124;74,88291
445140,4;74,88291
445157,7;74,88291
445173,6;74,88291
445190,1;74,88291
445206,7;74,88291
445223,3;74,88291
445239,8;74,88291
445256,4;74,88291
445273;74,88291
445289,5;74,88291
445306,1;74,88291
445322,7;74,88291
445339,2;74,88291
445355,9;74,88291
445372,3;74,88291
445388,9;74,88291
445405,5;74,88291
445422;74,92319
445438,7;74,92319
445455,7;74,92319
445471,9;74,92319
445488,5;74,92319
445505,1;74,92319
445521,6;74,92319
445538,9;74,92319
445554,6;74,92319
445571,2;74,92319
445588;74,92319
445604,3;74,92319
445620,8;74,92319
445637,4;74,92319
445654,2;74,92319
445670,5;74,92319
445687,1;74,92319
445703,7;74,92319
445720,5;74,92319
445736,8;74,92319
445753,3;74,92319
445769,9;74,92319
445786,7;74,92319
445803;74,92319
445819,8;74,92319
445836,2;74,92319
445852,8;74,92319
445869,3;74,92319
445885,9;74,92319
445909,1;74,92319
445930,6;74,92319
445952,1;74,92319
445973,2;74,92319
445994,3;74,92319
446026,7;74,92319
446043,3;74,92319
446060;74,92319
446077,5;74,92319
446094,1;74,92319
446112,6;74,92651
446132,1;74,92651
446155,8;74,92651
446172,3;74,92651
446188,9;74,92651
446207,8;74,92651
446224,5;74,92651
446243,3;74,92651
446260;74,92651
446280,7;74,92651
446297,8;74,92651
446313,8;74,92651
446330,8;74,92651
446351,3;74,92651
446368,7;74,92651
446385,6;74,92651
446403,4;74,92651
446420,1;74,92651
446436,5;74,92651
446453,3;74,92651
446472,5;74,92651
446489;74,92651
446505,6;74,92651
446522,8;74,92651
446540,2;74,92651
446558,5;74,92651
446576,6;74,92651
446593,1;74,92651
446609,7;74,92651
446626,6;74,92651
446642,8;74,92651
446659,5;74,92651
446676;74,92651
446692,5;74,92651
446709,1;74,92651
446725,7;74,92651
446742,2;74,92651
446759,7;74,92651
446775,4;74,8966
446791,9;74,8966
446808,9;74,8966
446825,3;74,8966
446841,8;74,8966
446858,2;74,8966
446875;74,8966
446891,4;74,8966
446915,6;74,8966
446932,2;74,8966
446948,8;74,8966
446965,4;74,8966
446981,9;74,8966
446998,5;74,8966
447015,2;74,8966
447031,6;74,8966
447048,2;74,8966
447064,7;74,8966
447081,3;74,8966
447097,9;74,8966
447114,4;74,8966
447131;74,8966
447147,8;74,8966
447164,1;74,8966
447180,7;74,8966
447197,3;74,8966
447213,8;74,8966
447231,1;74,8966
447247,3;74,8966
447263,5;74,8966
447280,1;74,8966
447296,8;74,8966
447313,8;74,8966
447329,8;74,8966
447346,6;74,8966
447362,9;74,8966
447379,5;74,8966
447396,2;74,8966
447413,3;74,8966
447429,2;74,8966
447445,8;74,86546
447462,3;74,86546
447479,4;74,86546
447495,5;74,86546
447512;74,86546
447528,6;74,86546
447545,2;74,86546
447561,8;74,86546
447578,3;74,86546
447594,9;74,86546
447612,3;74,86546
447628;74,86546
447644,8;74,86546
447661,2;74,86546
447677,7;74,86546
447694,3;74,86546
447711;74,86546
447727,4;74,86546
447744,1;74,86546
447760,6;74,86546
447777,5;74,86546
447793,7;74,86546
447810,5;74,86546
447826,8;74,86546
447846;74,86546
447859,9;74,86546
447876,8;74,86546
447893,4;74,86546
447909,7;74,86546
447926,4;74,86546
447942,9;74,86546
447959,3;74,86546
447975,9;74,86546
447992,5;74,86546
448009,3;74,77249
448025,8;74,25719
448042,2;74,25719
448058,8;74,25719
448075,5;74,25719
448092,1;74,25719
448109;74,39094
448125,4;74,39094
448141,7;74,39094
448158,2;74,39094
448174,7;74,39094
448191,6;74,39094
448207,8;74,39094
448224,5;74,39094
448241;74,39094
448257,9;74,39094
448274,1;74,39094
448291;74,39094
448307,3;74,39094
448323,8;74,39094
448340,4;74,39094
448357,2;74,39094
448373,5;74,39094
448390,1;74,39094
448406,9;74,39094
448423,2;74,39094
448439,8;74,39094
448456,3;74,39094
448472,9;74,39094
448489,6;74,39094
448506,3;74,39094
448522,6;74,39094
448539,3;74,39094
448555,8;74,39094
448572,3;74,39094
448588,9;74,39094
448605,4;74,39094
448622,2;74,39094
448638,8;74,39094
448655,2;74,39094
448671,9;74,39094
448688,4;74,39094
448708,5;74,39094
448729,4;74,39094
448746;74,39094
448762,6;74,39094
448779,7;74,39094
448795,7;74,92574
448819,1;74,92574
448835,6;74,92574
448852,4;74,92574
448869,4;74,92574
448886,4;74,92574
448902,6;74,92574
448919,1;74,92574
448935,9;74,92574
448952,3;74,92574
448969,1;74,92574
448985,4;74,92574
449002;74,92574
449018,5;74,92574
449035,1;74,92574
449051,8;74,92574
449068,8;74,92574
449084,8;74,92574
449101,3;74,92574
449117,9;74,92574
449135,3;74,92574
449151,5;74,92574
449167,6;74,92574
449184,2;74,92574
449200,8;74,92574
449217,6;74,92574
449234,3;74,92574
449250,4;74,92574
449267;74,92574
449283,6;74,92574
449300,1;74,92574
449316,7;74,92574
449333,3;74,92574
449349,8;74,92574
449366,4;74,92574
449383;74,92574
449399,5;74,92574
449416,1;74,92574
449432,7;74,92574
449449,3;75,07316
449465,8;75,07316
449482,4;75,07316
449499;75,07316
449515,6;75,07316
449532,1;75,07316
449548,7;75,07316
449565,2;75,07316
449581,8;75,07316
449598,4;75,07316
449615,3;75,07316
449631,5;75,07316
449648;75,07316
449665,2;75,07316
449681,8;75,07316
449697,8;75,07316
449714,3;75,07316
449730,9;75,07316
449747,6;75,44182
449764;75,44321
449780,8;75,43451
449797,5;74,83303
449813,8;74,32761
449830,3;73,8546
449847,1;73,85183
449863,4;73,85862
449880;73,75176
449896,5;73,2216
449913,1;73,2216
449930,5;73,2216
449946,2;73,2216
449962,8;73,17889
449979,4;73,06294
449996;72,28685
450012,5;72,23267
450029,1;72,17415
450045,7;72,11929
450062,2;72,06074
450079,3;72,06074
450095,5;72,06074
450111,9;72,06074
450128,9;72,06074
450145,1;72,06074
450162,3;72,06074
450178,2;72,06074
450194,8;72,06074
450211,3;72,06074
450228,1;72,06074
450244,4;72,06074
450261,3;72,06074
450278,2;72,06074
450294,1;72,06074
450310,7;72,06074
450327,4;72,06074
450343,8;72,06074
450360,4;72,06074
450377;72,06074
450393,7;72,06074
450410,1;72,06074
450426,7;72,06074
450444,2;72,06074
450462,6;72,06074
450481,4;72,06074
450498,1;72,06074
450514,6;72,06074
450532,8;72,06074
450549,4;72,06074
450567;72,06074
450583,7;72,06074
450600,3;72,06074
450617,8;72,06074
450633,4;72,06074
450650;72,06074
450666,7;72,06074
450683,1;72,06074
450699,7;72,06074
450729,1;72,06074
450745,8;71,92442
450762,2;71,92442
450778,8;71,92442
450795,5;72,32928
450811,9;72,32928
450828,5;72,32928
450845;72,32928
450861,6;72,32928
450878,2;72,32928
450894,8;72,32928
450911,3;72,32928
450928;72,32928
450944,4;72,32928
450961,2;72,32928
450977,6;72,32928
450994,1;72,32928
451010,7;72,32928
451027,3;72,32928
451043,8;72,32928
451060,5;72,32928
451077,3;72,32928
451093,5;72,32928
451110,3;72,32928
451127;72,32928
451143,4;72,32928
451159,8;72,32928
451176,4;72,32928
451193;72,32928
451209,5;72,32928
451226;72,32928
451242,9;72,32928
451242,9;72,32928
451262,9;72,32928
451279;72,32928
451295,6;72,32928
451312,2;72,32928
451328,8;72,32928
451345,3;72,32928
451361,8;72,32928
451378,4;72,32928
451395;72,32928
451411,6;72,32928
451428,5;72,24654
451444,7;72,24654
451461,3;72,24654
451478,2;72,24654
451494,4;72,24654
451511;72,24654
451528,4;72,24654
451544,1;72,24654
451560,8;72,24654
451577,6;72,24654
451593,8;72,24654
451610,3;72,24654
451626,9;72,24654
451643,7;72,24654
451660,1;72,24654
451676,6;72,24654
451693,2;72,24654
451709,8;72,24654
451726,3;72,24654
451743,2;72,24654
451760,3;72,24654
451776;72,24654
451792,8;72,24654
451809,3;72,24654
451825,7;72,24654
451842,3;72,24654
451858,8;72,24654
451875,5;72,24654
451892;72,24654
451909,3;72,24654
451925,8;72,24654
451941,7;72,24654
451958,4;72,24654
451974,8;72,24654
451991,4;72,24654
452007,9;72,24654
452024,5;72,24654
452041,2;72,24654
452057,7;72,24654
452075,1;72,24654
452092,2;72,24654
452107,4;72,24654
452124,2;72,24654
452140,5;72,24654
452157;72,24654
452173,6;72,24654
452190,2;72,24654
452207,3;72,66233
452223,3;72,66233
452240,2;72,66233
452256,4;72,66233
452273;72,66233
452289,6;72,66233
452306,2;72,66233
452322,7;72,66233
452339,3;72,66233
452356,3;72,66233
452372,4;72,66233
452389;72,66233
452405,6;72,66233
452422,8;72,66233
452438,7;72,66233
452455,6;72,66233
452472,2;72,66233
452488,4;72,66233
452505;72,66233
452521,5;72,66233
452538,3;72,66233
452554,8;72,66233
452571,5;72,66233
452587,8;72,66233
452604,6;72,66233
452621,7;72,66233
452637,5;72,66233
452654,1;72,66233
452670,6;72,66233
452687,8;72,66233
452703,8;72,66233
452720,3;72,66233
452736,9;72,66233
452753,4;72,66233
452770,2;72,66233
452786,8;72,66233
452803,2;72,66233
452819,7;72,66233
452836,3;72,66233
452852,9;72,66233
452869,5;72,66233
452886;72,66233
452902,6;72,66233
452919,1;72,66233
452935,7;72,66233
452952,5;72,66233
452968,8;72,54083
452985,6;72,54083
453001,9;72,54083
453018,5;72,54083
453035,5;72,54083
453052;72,54083
453068,4;72,54083
453084,8;72,54083
453101,3;72,54083
453118;72,54083
453134,5;72,54083
453151,3;72,54083
453167,9;72,54083
453184,2;72,39094
453200,8;71,7935
453217,3;71,84147
453233,9;71,88038
453250,5;71,92776
453267;71,97176
453283,6;72,02119
453300,4;72,05913
453317,7;72,10364
453333,3;72,1489
453349,8;72,19979
453366,8;72,24107
453383;72,27877
453399,6;72,32623
453416,1;72,36671
453432,7;72,41271
453449,3;72,45382
453465,8;72,10772
453482,4;72,09342
453499;71,63688
453515,8;71,16917
453533,1;70,65075
453548,8;70,19894
453565,7;70,20084
453581,8;70,21207
453599;70,20573
453614,9;70,20573
453631,5;70,20573
453648,9;70,30021
453664,6;70,30021
453681,5;70,30021
453697,8;70,30021
453714,3;70,30021
453730,9;70,30021
453747,4;70,30021
453764;70,30021
453780,6;70,30021
453797,4;70,30021
453813,7;70,30021
453830,8;70,30021
453846,9;70,30021
453863,4;70,30021
453880,1;70,30021
453896,5;70,30021
453913,3;70,30021
453930,4;70,68825
453946,3;70,68787
453962,8;70,68401
453979,4;70,05939
453996,1;69,39975
454012,5;68,84718
454029,8;68,74263
454045,7;68,06923
454062,2;68,08926
454078,8;68,10039
454095,5;68,12561
454112,5;67,75283
454128,5;67,75283
454145,7;67,75283
454162,3;67,75283
454178,9;68,13976
454195,1;68,15822
454211,3;68,16914
454228,4;68,17335
454561,8;68,17335
454598,6;68,17335
454618,7;68,17335
454635,3;68,17335
454651,8;68,17335
454668,7;68,17335
454685,2;68,17335
454701,5;68,17335
454718,1;68,17335
454743,1;68,17335
454759,9;68,17335
454776,3;68,17335
454793,3;68,17335
454809,4;68,17335
454826;68,17335
454842,5;68,17335
454859,4;68,17335
454876,1;68,17335
454899,5;68,17335
454916,1;68,17335
454932,7;68,17335
454949,3;68,17335
454966,8;68,33736
454982,4;68,2766
454998,9;68,2766
455016,4;68,2766
455032;68,2766
455055,3;68,2766
455071,9;68,2766
455088,4;68,2766
455105,7;68,2766
455121,6;68,2766
455138,2;68,2766
455154,7;68,2766
455171,8;68,2766
455188,3;68,2766
455210,7;68,2766
455227,6;68,2766
455243,8;68,2766
455260,6;68,2766
455277,2;68,2766
455293,6;68,2766
455310,3;68,2766
455326,7;68,2766
455343,2;68,2766
455366,5;68,2766
455383,1;68,2766
455399,7;68,2766
455416,2;68,2766
455432,8;68,2766
455449,3;68,2766
455466,2;68,2766
455482,8;68,2766
455499,1;68,2766
455521,3;68,2766
455538,7;68,2766
455554,4;68,2766
455571;68,2766
455587,6;68,2766
455640,9;68,2766
455657,5;68,2766
455681,9;68,2766
455698,5;68,2766
455715,3;68,2766
455731,7;68,2766
455748,3;68,2766
455764,8;68,2766
455781,3;68,2766
455799,3;68,2766
455816,1;68,2766
455838,5;68,2766
455855,6;68,2766
455872,3;68,2766
455890,3;68,2766
455924,9;68,2766
455957,9;68,2766
455981,5;68,2766
456002,8;68,2766
456019,7;68,2766
456036;68,2766
456052,9;68,2766
456069,1;68,2766
456085,7;68,2766
456102,5;68,2766
456119,1;68,2766
456135,4;68,2766
456155,2;68,2766
456181;68,2766
456198,6;68,48772
456214,2;68,48772
456231,4;68,48772
456247,3;68,48772
456263,8;68,48772
456282,6;68,48772
456311,2;68,48772
456332,1;68,48772
456351,7;68,48772
456385,4;68,48772
456413,6;68,48772
456431,1;68,48772
456447,7;68,97607
456464,2;69,07568
456480,8;69,17294
456500,8;69,27287
456517,4;69,37043
456534,1;69,46567
456550,5;69,56531
456567,1;69,35069
456583,7;69,06657
456600,6;68,64554
456616,8;68,21389
456633,4;68,72116
456655,9;68,28352
456672,5;68,784
456691,3;68,86412
456707,9;68,93388
456726,1;68,49431
456744,7;69,06799
456761,3;69,06799
456777,8;69,06799
456794,8;69,06799
456814,7;69,31438
456831,4;69,31438
456848,5;69,31438
456865;69,31438
456881,1;69,31438
456897,5;69,31438
456914,1;69,31438
456931,2;69,31438
456947,3;69,31438
456970,9;69,31438
456987,5;69,31438
457004;69,31438
457020,6;69,31438
457037,2;69,31438
457053,7;69,31438
457070,3;69,31438
457087,1;69,31438
457103,4;69,31438
457127,9;69,31438
457144,6;69,31438
457161,2;69,31438
457177,6;69,31438
457194,2;69,31438
457210,9;69,31438
457227,8;69,31438
457244,6;69,31438
457260,6;69,31438
457283,7;69,31438
457307,3;69,31438
457318,6;69,31438
457335,2;69,31438
457351,8;69,31438
457368,3;69,31438
457384,9;69,31438
457401,7;69,31438
457418;69,92599
457441;69,92599
457457,6;69,92599
457474,2;69,92599
457490,7;69,92599
457507,3;69,92599
457523,9;69,92599
457541,1;69,92599
457557;69,92599
457573,6;69,92599
457597,2;69,92599
457613,8;69,92599
457630,4;69,92599
457646,9;69,92599
457663,5;69,92599
457680,1;69,92599
457696,6;69,92599
457713,6;69,92599
457730,5;69,92599
457753,1;69,92599
457769,7;69,92599
457786,2;69,92599
457802,8;69,92599
457819,3;69,92599
457835,9;69,92599
457852,5;69,92599
457869,1;69,92599
457885,6;69,92599
457911,3;69,92599
457927,9;69,92599
457944,8;69,92599
457961,1;69,92599
457978,2;69,92599
457999,2;69,92599
458011,8;69,92599
458028,4;70,09046
458045;70,09046
458067,3;70,09046
458083,9;70,09046
458100,4;70,09046
458117;70,09046
458133,6;70,09046
458150,5;70,09046
458166,8;70,09046
458183,7;70,09046
458199,8;70,09046
458222,6;70,09046
458239,2;70,09046
458255,8;70,09046
458272,3;70,09046
458289;70,09046
458306,1;70,09046
458322,1;70,09046
458339;70,09046
458355,1;70,09046
458376;70,09046
458392,6;70,09046
458409,2;70,09046
458425,8;70,09046
458442,8;70,09046
458458,9;70,09046
458475,4;70,09046
458492,4;70,09046
458508,6;70,09046
458530,3;70,09046
458546,8;70,09046
458564,1;70,09046
458580;70,09046
458596,6;70,09046
458613,1;70,09046
458630,7;70,09046
458646,3;70,09046
458662,8;70,66021
458685,8;70,66021
458705,5;70,66021
458722,5;70,66021
458738,7;70,66021
458755,3;70,66021
458771,8;70,66021
458788,4;70,66021
458805,4;70,66021
458821,5;70,66021
458845,7;70,66021
458862,3;70,66021
458878,8;70,66021
458895,3;70,66021
458911,9;70,66021
458928,7;70,66021
458945,2;70,66021
458961,6;70,66021
458978,2;70,66021
459000,8;70,66021
459017,3;70,66021
459033,9;70,66021
459050,5;70,66021
459067,5;70,66021
459083,6;70,66021
459100,2;70,66021
459116,7;70,66021
459133,5;70,66021
459156,7;70,66021
459173,3;70,66021
459190,1;70,66021
459206,4;70,66021
459223,2;70,66021
459239,6;70,66021
459256,5;70,66021
459272,7;70,66021
459289,3;70,66021
459311,5;70,83693
459328,2;70,83693
459344,6;70,83693
459361,3;70,83693
459377,7;70,83693
459394,3;70,83693
459410,8;70,83693
459427,4;70,83693
459444,3;70,83693
459476,8;70,83693
459493,5;70,83693
459509,9;70,83693
459526,9;71,19774
459543,1;71,16331
459559,7;71,12982
459576,6;71,09957
459592,8;71,06842
459609,3;71,03079
459632;70,99635
459648,8;70,96387
459665,2;70,94482
459682,1;70,90011
459698,5;70,87208
459715,2;70,84616
459731,4;70,81216
459748;70,77126
459764,6;70,7336
459790,6;70,71577
459807,3;70,69069
459824;70,17581
459840,3;70,15706
459856,9;70,13007
459873,7;70,13007
459890;70,13007
459907,3;70,13007
459923,1;70,5481
459946,8;70,5481
459963,3;70,5481
459980,7;70,5481
459996,5;70,5481
460013,1;70,5481
460029,7;70,5481
460046,2;70,5481
460062,8;70,5481
460079,3;70,5481
460103,1;70,5481
460122,9;70,5481
460136,2;70,5481
460153,1;70,5481
460169,5;70,5481
460186;70,5481
460202,5;70,5481
460219,2;70,5481
460235,8;70,5481
460257,3;70,5481
460273,9;70,5481
460290,5;70,5481
460307;70,5481
460323,6;70,5481
460340,3;70,5481
460356,8;70,5481
460373,3;70,5481
460389,9;70,5481
460411,8;70,5481
460428,7;70,5481
460444,9;70,5481
460461,5;70,5481
460478;70,5481
460494,6;70,5481
460511,2;70,5481
460527,7;70,5481
460544,3;70,5481
460566,3;70,5481
460582,8;70,5481
460599,6;70,5481
460616;70,5481
460632,5;70,5481
460649,1;70,5481
460666,5;70,53825
460682,3;70,53825
460698,9;70,53825
460723,1;70,53825
460739,6;70,53825
460756,2;70,53825
460773,2;70,53825
460789,3;70,53825
460806,4;70,53825
460822,8;70,53825
460839;70,53825
460858,8;70,53825
460882,3;70,53825
460899,3;70,53825
460915,5;70,53825
460932,1;70,53825
460949,1;70,53825
460965,8;70,53825
460981,8;70,53825
460998,6;70,53825
461014,9;70,53825
461039,1;70,53825
461055,7;70,53825
461072,3;70,53825
461088,8;70,53825
461105,9;70,53825
461121,9;70,53825
461138,5;70,53825
461155,1;70,53825
461171,6;70,53825
461193,6;70,53825
461210,2;70,53825
461226,8;70,53825
461243,9;70,53825
461259,9;70,53825
461276,5;70,53825
461293;70,53825
461310;70,53825
461326,2;70,53825
461347,8;70,53825
461364,8;70,53825
461381,7;70,53825
461397,6;70,53825
461414,1;70,85005
461431,1;70,85005
461447,3;70,85005
461464,6;70,85005
461480,3;70,85005
461503,3;70,85005
461519,8;70,85005
461537;70,85005
461552,9;70,85005
461570,5;70,85005
461587,4;70,85005
461603,7;70,85005
461620,9;70,85005
461636,8;70,85005
461659,3;70,85005
461675,9;70,85005
461692,4;70,85005
461709;70,85005
461726,3;70,85005
461742,2;70,85005
461758,8;70,85005
461775,4;70,85005
461791,8;70,85005
461813,2;70,85005
461829,8;70,85005
461846,4;70,85005
461863,3;70,85005
461879,5;70,85005
461896;70,85005
461912,6;70,85005
461929,1;70,85005
461945,8;70,85005
461967,6;70,85005
461984,9;70,85005
462001,1;70,85005
462017,3;70,85005
462033,9;70,85005
462051;70,85005
462067;70,85005
462083,8;70,85005
462100,2;70,85005
462121,8;70,85005
462138,4;70,85005
462155;70,85005
462171,5;70,85005
462188,1;70,85005
462204,7;70,85005
462221,6;70,85005
462237,8;70,85005
462254,4;70,85005
462278,1;70,75081
462297;70,75081
462311,3;70,75081
462327,8;70,75081
462344,4;70,75081
462361,3;70,75081
462377,5;70,75081
462394,1;70,75081
462411,1;70,75081
462434,7;70,75081
462451,5;70,75081
462467,8;70,75081
462484,4;70,75081
462501;70,75081
462517,6;70,75081
462534,1;70,75081
462551;70,75081
462567,2;70,75081
462588,9;70,75081
462605,5;70,75081
462622,1;70,75081
462638,7;70,75081
462655,2;70,75081
462672,2;70,75081
462688,3;70,75081
462705;70,75081
462721,5;70,75081
462745;70,75081
462762,3;70,75081
462778,1;70,75081
462794,7;70,75081
462811,5;70,75081
462827,8;70,75081
462844,7;70,75081
462861,1;70,75081
462877,5;70,75081
462898,5;70,75081
462915,1;70,75081
462931,7;70,75081
462948,3;70,75081
462964,8;70,75081
462981,5;70,75081
462998,2;70,75081
463014,6;70,75081
463031,6;70,75081
463055,9;70,75081
463072,5;70,75081
463089,1;70,75081
463105,9;70,75081
463122,3;71,0261
463139,2;71,0261
463155,4;71,0261
463171,9;71,0261
463188,8;71,0261
463210,8;71,0261
463227,3;71,0261
463244;71,0261
463260,5;71,0261
463277;71,0261
463293,7;71,0261
463310,4;71,0261
463327;71,0261
463343,3;71,0261
463366,3;71,0261
463382,9;71,0261
463399,4;71,0261
463416;71,0261
463432,7;71,0261
463449,1;71,0261
463465,8;71,0261
463482,7;71,0261
463498,8;71,0261
463522,7;71,0261
463539,3;71,0261
463555,8;71,0261
463572,4;71,0261
463589;71,0261
463605,5;71,0261
463622,3;71,0261
463638,9;71,0261
463655,4;71,0261
463678,8;71,0261
463695,4;71,0261
463712,1;71,0261
463728,7;71,0261
463746,1;71,0261
463762,7;71,0261
463779,3;71,0261
463796,2;71,0261
463812,7;71,0261
463834,9;71,0261
463851,8;71,0261
463868;71,0261
463884,6;71,0261
463901,1;71,0261
463918,1;71,0261
463934,3;71,0261
463951,2;71,0261
463967,4;71,0261
463990,1;70,98346
464006,7;70,98346
464023,7;70,98346
464040,1;70,98346
464056,3;70,98346
464073,3;70,98346
464090,2;70,98346
464106;70,98346
464122,6;70,98346
464145,7;70,98346
464162,3;70,98346
464179,2;70,98346
464195,8;70,98346
464212;70,98346
464228,5;70,98346
464245,1;70,98346
464261,7;70,98346
464278,2;70,98346
464300,7;70,98346
464317,2;70,98346
464334;70,98346
464350,4;70,98346
464367;70,98346
464383,5;70,98346
464400,1;70,98346
464416,6;70,98346
464433,2;70,98346
464463,8;70,98346
464480,5;70,98346
464497,3;70,98346
464514,2;70,98346
464530,1;70,98346
464546,7;70,98346
464563,2;70,98346
464579,8;70,98346
464596,3;70,98346
464617,8;70,98346
464634,5;70,98346
464651;70,98346
464667,8;70,98346
464684,1;70,98346
464701,1;70,98346
464717,2;70,98346
464733,8;70,98346
464750,3;70,98346
464773,8;71,35722
464790,4;71,35722
464806,9;71,35722
464824,1;71,35722
464840,3;71,35722
464856,7;71,35722
464873,2;71,35722
464889,8;71,35722
464906,5;71,35722
464928,5;71,35722
464945,2;71,35722
464961,7;71,35722
464978,2;71,35722
464994,8;71,35722
465011,3;71,35722
465027,9;71,35722
465044,5;71,35722
465061;71,35722
465084;71,35722
465100,8;71,35722
465117,3;71,35722
465133,6;71,35722
465150,2;71,35722
465166,8;71,35722
465183,3;71,35722
465199,9;71,35722
465218,7;71,35722
465244,3;71,35722
465260,9;71,35722
465277,4;71,35722
465294,2;71,35722
465310,6;71,35722
465327,2;71,35722
465343,7;71,35722
465360,3;71,35722
465376,8;71,35722
465399,7;71,35722
465416,3;71,35722
465432,9;71,35722
465449,7;71,35722
465466;71,35722
465482,5;71,35722
465499,1;71,35722
465515,9;71,35722
465532,3;71,38943
465554,3;71,38943
465571;71,76015
465587,5;71,76015
465604,1;71,76015
465620,6;71,76015
465637,3;71,76015
465653,8;71,76015
465670,3;71,76015
465686,9;71,76015
465708,4;71,76015
465724,9;71,76015
465741,7;71,76015
465758,1;71,76015
465774,7;71,76015
465791,3;71,76015
465807,8;71,76015
465824,8;71,76015
465840,9;71,76015
465861,9;71,76015
465878,5;71,76015
465898,3;71,76015
465911,6;71,76015
465928,9;72,17263
465944,7;72,19198
465961,6;72,20377
465977,8;72,21066
465994,5;72,23657
466017,4;71,83837
466034;71,83837
466050,8;71,83837
466067,1;71,83837
466084;71,83837
466100,3;71,83837
466116,8;71,83837
466133,4;71,83837
466150;71,83837
466172,1;71,83837
466188,7;71,83837
466206,2;71,83837
466221,8;71,83837
466238,4;71,83837
466255,1;72,36374
466271,5;72,36374
466288,1;72,36374
466304,6;72,36374
466329,5;72,36374
466346,1;72,36374
466362,7;72,36374
466379,3;72,36374
466395,8;72,36374
466412,4;72,36374
466428,9;72,36374
466445,5;72,36374
466462;72,36374
466483,2;72,36374
466499,8;72,36374
466516,3;72,36374
466532,8;72,4109
466549,4;72,45448
466566;72,40332
466582,6;71,75607
466599,1;71,72308
466620,9;71,68728
466647,2;71,6526
466664,2;71,61114
466680,3;71,57976
466696,9;71,53691
466713,5;71,48891
466730;71,50445
466746,6;71,44961
466763,3;71,41322
466780,2;71,37834
466802,1;71,3521
466818,6;71,31075
466835,4;71,26894
466851,9;71,15731
466868,3;71,15731
466884,9;71,15731
466901,5;71,04382
466918,3;71,04382
466934,8;71,04382
466957,4;71,04382
466974;71,04382
466990,6;71,04382
467007,3;71,04382
467023,7;71,04382
467040,3;71,04382
467056,8;71,04382
467073,4;71,04382
467090;71,04382
467111,2;71,04382
467127,8;71,04382
467145,2;71,04382
467161,1;71,04382
467177,9;71,04382
467194,3;71,04382
467211;71,04382
467227,2;71,04382
467243,8;71,04382
467267,6;71,04382
467284,1;71,04382
467300,8;71,04382
467317,3;71,04382
467335,3;71,04382
467351,3;71,04382
467367;71,04382
467383,5;71,04382
467400,1;71,04382
467425,2;71,04382
467442,1;71,04382
467458,8;71,04382
467474,9;71,04382
467491,5;71,04382
467508,4;71,04382
467525,2;71,04382
467541,7;71,04382
467557,9;71,01022
467580,1;71,01022
467597;71,01022
467613,3;71,01022
467630;71,01022
467646,4;71,01022
467663;71,01022
467679,5;71,01022
467696,2;71,01022
467712,7;71,01022
467734,2;71,01022
467750,8;71,01022
467767,4;71,01022
467783,9;71,01022
467800,5;71,01022
467817,1;71,01022
467833,7;71,01022
467850,2;71,01022
467866,8;71,01022
467889,4;71,01022
467906,3;71,01022
467922,7;71,01022
467939,1;71,01022
467955,7;71,01022
467972,2;71,01022
467988,8;71,01022
468005,4;71,01022
468022,3;71,01022
468043,9;71,01022
468060,5;71,01022
468080,1;71,01022
468096,6;71,01022
468113,2;71,01022
468130,3;71,01022
468146,3;71,01022
468162,9;71,01022
468179,7;71,01022
468201,3;70,9855
468218;70,9855
468234,4;70,9855
468250,9;70,9855
468267,5;70,9855
468284,1;70,9855
468300,7;70,9855
468317,2;70,9855
468333,8;70,9855
468355,9;70,9855
468372,5;70,9855
468389;70,9855
468405,6;70,9855
468422,3;70,9855
468438,7;70,9855
468455,3;70,9855
468471,9;70,9855
468488,4;70,9855
468510,9;70,9855
468527,5;70,9855
468544,1;70,9855
468560,6;70,9855
468577,2;70,9855
468593,8;70,9855
468610,3;70,9855
468627,1;70,9855
468643,4;70,9855
468666;70,9855
468682,6;70,9855
468699,2;70,9855
468715,7;70,9855
468732,3;70,9855
468748,9;70,9855
468765,5;70,9855
468782;70,9855
468800,8;70,9855
468825,7;70,89797
468842,2;70,89797
468858,8;70,89797
468875,3;70,89797
468891,9;70,89797
468908,5;70,89797
468925,1;70,89797
468941,6;70,89797
468958,2;70,89797
468981;70,89797
468997,6;70,89797
469014,2;70,89797
469031,2;70,89797
469047,3;70,89797
469064,3;70,89797
469080,4;70,89797
469097,2;70,89797
469113,6;70,89797
469136,1;70,89797
469152,7;70,89797
469169,8;70,89797
469185,8;70,89797
469202,4;70,89797
469219,3;70,89797
469235,5;70,89797
469252,9;70,89797
469268,7;70,89797
469291,8;70,89797
469308,4;70,89797
469324,9;70,89797
469341,8;70,89797
469358,1;70,89797
469374,7;70,89797
469391,2;70,89797
469407,8;70,89797
469424,3;70,89797
469446,3;70,89797
469462,9;70,89797
469479,4;70,89797
469496,2;70,89797
469512,5;70,78284
469529,5;70,78284
469545,7;70,78284
469564,4;70,78284
469581,3;70,78284
469603,7;70,78284
469620,3;70,78284
469637,7;70,78284
469653,4;70,78284
469669,9;70,78284
469686,5;70,78284
469703,1;70,78284
469719,7;70,78284
469736,3;70,78284
469760,1;70,78284
469776,7;70,74823
469793,6;70,72324
469809,8;70,69893
469826,9;70,68075
469842,9;70,65046
469859,7;70,63599
469876,1;70,61469
469892,6;70,59496
469915,3;70,56336
469931,9;70,54015
469948,6;70,52567
469965,3;70,50005
469981,5;70,47562
469998,1;70,48871
470014,7;70,45363
470031,3;70,43561
470047,8;70,40247
470068,9;70,37969
470085,5;70,35708
470102;70,33749
470118,6;70,31287
470135,1;69,91531
470152;69,90331
470168,3;69,90331
470185,1;69,90331
470201,7;69,90331
470226;69,90331
470242,6;69,90331
470259,1;69,90331
470275,7;69,90331
470292,4;69,90331
470311,2;69,90331
470327,8;69,90331
470344,3;69,90331
470360,9;69,90331
470384,2;69,90331
470400,8;69,90331
470418;69,90331
470433,9;69,90331
470450,6;69,90331
470467;69,90331
470483,6;69,90331
470500,2;69,90331
470516,9;69,90331
470538,9;69,90331
470555,5;69,90331
470572,1;69,90331
470589,1;69,90331
470605,2;69,90331
470622,4;69,90331
470638,3;69,90331
470654,9;69,90331
470671,7;69,90331
470693,8;69,90331
470710,4;69,90331
470727;69,90331
470744;69,90331
470760,3;69,90331
470776,7;69,90331
470793,2;69,90331
470809,8;69,90331
470826,3;69,90331
470847,3;69,90331
470863,9;69,90331
470880,4;69,90331
470897;69,90331
470914,1;69,90331
470930,3;69,90331
470946,7;69,90331
470963,3;69,91539
470979,9;69,91539
471011,6;69,91539
471028,3;69,91539
471044,7;69,91539
471061,9;69,91539
471077,8;69,91539
471094,4;69,91539
471111,5;69,91539
471127,5;69,91539
471144,1;69,91539
471166,3;69,91539
471182,9;69,91539
471199,5;69,91539
471216,1;69,91539
471232,6;69,91539
471249,6;69,91539
471266,1;69,91539
471282,3;69,91539
471298,9;69,91539
471321,7;69,81675
471338,2;69,47161
471354,8;68,9544
471371,7;68,47043
471388,3;68,3562
471404,5;68,24082
471421,2;68,12148
471437,6;67,9929
471454,2;67,86288
471476,5;67,1845
471493;67,03616
471509,6;67,14474
471526,2;66,89332
471542,8;66,99418
471559,3;66,99418
471575,9;66,99418
471592,9;66,99418
471609,3;66,99418
471631,7;66,99418
471648,3;66,99418
471665;66,74052
471681,5;66,57725
471698,7;66,57725
471716,4;66,57725
471731,1;66,57725
471747,7;66,57725
471764,2;66,86221
471787,5;66,86221
471804;66,86221
471820,6;66,86221
471837,2;66,86221
471853,8;66,86221
471870,3;66,86221
471886,9;66,86221
471903,5;66,86221
471920,1;66,86221
471943,5;66,86221
471960,1;66,86221
471976,6;66,86221
471993,2;66,86221
472009,8;66,86221
472026,3;66,86221
472042,9;66,86221
472059,5;66,86221
472076,2;66,86221
472098,1;66,86221
472114,7;66,86221
472131,3;66,86221
472147,8;66,86221
472164,4;66,86221
472180,9;66,86221
472197,8;66,86221
472214,1;66,86221
472230,7;66,86221
472253,8;66,86221
472270,6;66,86221
472287;66,86221
472303,6;66,86221
472320,1;66,86221
472336,7;66,86221
472353,3;66,86221
472370,5;66,86221
472386,4;66,86221
472409,7;66,86221
472426,3;66,86221
472445,5;66,86221
472462,1;66,86221
472478,7;66,86221
472495,3;66,86221
472511,8;66,86221
472528,4;66,86221
472544,9;66,86221
472566,5;66,86221
472583,1;66,86221
472599,6;66,86221
472616,2;66,86221
472632,7;66,65966
472649,3;66,53103
472666,1;66,53103
472682,4;66,53103
472699;66,53103
472721,3;66,53103
472737,8;66,53103
472754,4;66,53103
472771;66,53103
472787,6;66,53103
472804,5;66,53103
472820,7;66,53103
472837,3;66,53103
472853,8;66,53103
472878,2;66,53103
472894,8;66,53103
472911,3;66,53103
472927,9;66,53103
472944,6;66,53103
472961,6;66,53103
472977,8;66,53103
472994,1;66,53103
473010,7;66,53103
473032,8;66,53103
473049,4;66,53103
473065,9;66,53103
473082,7;66,53103
473099,1;66,53103
473115,6;66,53103
473132,2;66,53103
473155,4;66,53103
473167,6;66,53103
473190,6;66,53103
473207,1;66,53103
473223,7;66,53103
473241,3;66,53103
473256,8;66,53103
473273,4;66,53103
473290,1;66,53103
473306,5;66,53103
473323,1;66,53103
473339,6;66,53103
473363,3;66,53103
473380,2;66,53103
473396,4;66,53103
473413,1;66,53103
473429,5;66,53103
473446,5;66,53103
473462,7;66,53103
473479,3;66,53103
473495,8;66,53103
473518,3;66,53103
473535,8;66,53103
473552,2;66,83794
473568;66,83794
473584,5;66,83794
473601,1;66,83794
473617,8;66,83794
473634,2;66,83794
473651,7;66,83794
473673,9;66,83794
473690,5;66,83794
473707,1;66,83794
473723,6;66,83794
473740,2;66,83794
473756,8;66,83794
473773,3;66,83794
473789,9;66,83794
473806,5;66,83794
473827,7;66,83794
473844,3;66,83794
473861,2;66,83794
473879,2;66,83794
473895,9;66,83794
473912,3;66,83794
473928,9;66,83794
473945,4;66,83794
473962,1;66,83794
473983,8;66,83794
474000,4;66,83794
474016,9;66,83794
474033,4;66,83794
474050;66,83794
474066,6;66,83794
474083,1;66,83794
474099,7;66,83794
474116,7;66,83794
474139,4;66,83794
474156,1;66,83794
474172,5;66,83794
474189,1;66,83794
474206;66,83794
474222,3;66,83794
474238,8;66,83794
474255,5;66,83794
474272,3;66,83794
474294,8;66,83794
474311,3;66,83794
474327,8;66,83794
474344,4;66,83794
474361;66,83794
474377,6;66,6889
474394,1;66,6889
474410,7;66,6889
474427,3;66,6889
474450,9;66,6889
474467,9;66,6889
474484;66,6889
474501,4;66,6889
474517,2;66,6889
474533,7;66,6889
474550,3;66,6889
474566,9;66,6889
474583,4;66,6889
474616,4;66,6889
474633;66,6889
474649,6;66,6889
474666,1;66,6889
474682,7;66,6889
474699,4;66,6889
474716,3;66,6889
474733;66,6889
474755,2;66,6889
474772,7;66,6889
474788,3;66,6889
474804,9;66,6889
474821,4;66,6889
474838;66,6889
474854,8;66,6889
474871,6;66,6889
474887,7;66,6889
474910;66,6889
474926,9;66,6889
474943,1;66,6889
474959,7;66,6889
474976,3;66,6889
474992,8;66,6889
475009,4;66,6889
475025,9;66,6889
475042,5;66,6889
475063,6;66,6889
475080,2;66,6889
475096,9;66,6889
475113,6;66,6889
475129,8;66,6889
475146,4;66,6889
475163;66,6889
475179,6;66,6889
475196,1;66,6889
475218,7;66,6889
475235,3;67,04758
475252;67,04758
475268,4;67,04758
475285;67,04758
475301,5;67,04758
475320;67,04758
475336,7;67,04758
475353,2;67,04758
475376,8;67,04758
475393,4;67,04758
475410;67,04758
475426,5;67,04758
475443,1;67,04758
475459,9;67,04758
475476,2;67,04758
475493,3;67,04758
475509,3;67,04758
475531,9;67,04758
475548,5;67,04758
475565,1;67,04758
475581,7;67,04758
475598,2;67,04758
475614,8;67,04758
475631,5;67,04758
475647,9;67,04758
475664,5;67,04758
475686;67,04758
475702,7;67,04758
475719,2;67,04758
475735,7;67,04758
475752,3;67,04758
475768,9;67,04758
475785,4;67,04758
475802;67,04758
475818,6;67,04758
475841,7;67,04758
475858,3;67,04758
475874,8;67,04758
475891,6;67,04758
475908;67,04758
475924,8;67,04758
475941,1;67,04758
475957,9;67,04758
475974,2;67,04758
475996,9;67,04758
476013,5;67,04758
476030,6;67,04758
476046,9;67,04758
476063,2;67,04758
476082,2;67,00197
476098,8;67,00197
476115,4;67,00197
476131,9;67,00197
476154,2;67,00197
476170,8;67,00197
476187,7;67,00197
476203,9;67,00197
476220,7;67,00197
476237;67,00197
476253,6;67,00197
476270,2;67,00197
476286,8;67,00197
476307,8;67,00197
476324,3;67,00197
476340,9;67,00197
476357,8;67,00197
476374,1;67,00197
476390,7;67,00197
476407,3;67,00197
476423,8;67,00197
476440,3;67,00197
476461;67,00197
476477,5;67,00197
476494,1;67,00197
476510,9;67,00197
476527,2;67,00197
476543,8;67,00197
476560,4;67,00197
476577;67,00197
476593,6;67,00197
476615,3;67,00197
476632,2;67,00197
476648,5;67,00197
476665;67,00197
476681,7;67,00197
476698,9;67,00197
476714,8;67,00197
476731,3;67,00197
476747,9;67,00197
476779,5;67,00197
476796,1;67,00197
476812,7;67,44241
476829,3;67,44241
476845,8;67,44241
476862,4;67,6412
476879;67,6412
476895,9;67,6412
476912,3;67,6412
476934,4;67,6412
476951,1;67,6412
476967,6;67,6412
476984,1;67,6412
477001,2;67,6412
477017,4;67,6412
477034,3;67,6412
477050,4;67,6412
477067;67,6412
477088,8;67,6412
477105,7;67,6412
477122,1;67,6412
477138,5;67,6412
477155;67,6412
477171,6;67,6412
477188,2;67,6412
477204,8;67,53085
477221,3;67,45066
477244;67,37932
477261,3;67,30472
477277,1;67,21939
477293,7;67,14105
477310,3;67,05795
477327,1;66,97817
477343,5;66,21197
477359,9;65,68762
477376,5;65,68762
477398,6;65,68762
477415,1;65,68762
477431,8;65,68762
477448,3;65,68762
477465;65,5496
477481,4;65,09094
477498;65,09094
477514,5;65,09094
477534,8;65,09094
477561,8;65,2313
477578,6;65,2313
477595,1;65,2313
477611,5;65,2313
477628;65,2313
477644,7;65,2313
477661,2;65,2313
477677,7;65,2313
477694,4;65,2313
477719,3;65,2313
477736,3;65,2313
477752,9;65,2313
477768,9;65,2313
477785,5;65,2313
477802,1;65,2313
477818,6;65,2313
477835,2;65,2313
477851,8;65,2313
477875,1;65,2313
477891,7;65,2313
477908,3;65,2313
477924,9;65,2313
477941,4;65,2313
477957,9;65,2313
477974,6;65,2313
477991,1;65,2313
478008;65,2313
478031,7;65,2313
478048,3;65,2313
478064,8;65,2313
478081,6;65,2313
478098,2;65,2313
478114,5;65,2313
478131,6;65,2313
478147,7;65,2313
478164,2;65,2313
478184,8;65,2313
478201,4;65,2313
478218;65,2313
478234,5;65,2313
478255,9;65,2313
478267,6;65,2313
478284,2;65,6444
478300,9;66,07897
478317,3;66,07897
478340,6;66,07897
478357,2;66,07897
478374;66,07897
478390,3;66,07897
478406,9;66,07897
478423,4;66,07897
478440;66,07897
478456,5;66,07897
478473,5;66,07897
478495,8;66,07897
478512,3;66,07897
478528,9;66,07897
478545,5;66,07897
478562;66,07897
478578,6;66,07897
478595,2;66,07897
478611,7;66,07897
478628,3;66,07897
478649,5;66,07897
478666,1;66,07897
478682,7;66,07897
478699,2;66,07897
478715,8;66,07897
478732,3;66,07897
478748,9;66,07897
478766;66,07897
478782,1;66,07897
478803;66,07897
478819,6;66,07897
478836,3;66,07897
478853,2;66,07897
478869,3;66,07897
478885,9;66,07897
478902,7;66,07897
478919;66,07897
478935,6;66,07897
478958,4;66,07897
478975,1;66,07897
478991,7;66,19996
479012;66,19996
479028,5;66,19996
479045,1;66,19996
479062,2;66,19996
479078,4;66,19996
479095;66,19996
479116,7;66,19996
479133,4;66,19996
479149,9;66,19996
479166,8;66,19996
479183,2;66,19996
479199,6;66,19996
479216,6;66,19996
479232,7;66,19996
479249,8;66,19996
479271;66,19996
479287,6;66,19996
479304,2;66,19996
479320,8;66,19996
479337,3;66,19996
479353,8;66,19996
479370,4;66,19996
479387;66,19996
479403,6;66,19996
479424,9;66,19996
479441,5;66,19996
479458,1;66,19996
479474,6;66,19996
479491,5;66,19996
479507,8;66,19996
479524,3;66,19996
479541,3;66,19996
479557,5;66,19996
479581;66,19996
479598;66,19996
479614,1;66,19996
479631;66,19996
479647,3;66,19996
479664,5;66,19996
479680,3;66,19996
479696,9;66,5766
479713,5;66,5766
479743,2;66,5766
479760,1;66,5766
479776,7;66,5766
479792,8;66,5766
479809,5;66,5766
479826;66,5766
479842,6;66,5766
479859,1;66,5766
479875,7;66,5766
479898;66,5766
479914,6;66,5766
479931,2;66,5766
479947,9;66,5766
479964,3;66,5766
479980,9;66,5766
479997,4;66,5766
480014,2;66,5766
480030,6;66,5766
480053,4;66,5766
480070;66,5766
480086,5;66,56112
480103,1;66,55936
480119,7;66,54556
480136,2;66,5358
480152,9;66,53725
480169,4;66,53151
480186,3;66,52538
480209,2;66,5023
480226;66,52237
480242,3;66,52237
480258,9;66,52237
480275,4;66,52237
480292,4;66,52237
480308,8;66,52237
480325,1;66,52237
480342;66,50583
480363,3;66,51388
480379,9;66,51388
480396,5;66,51388
480413;66,51388
480429,6;66,5704
480446,2;66,5704
480462,8;66,5704
480480,8;66,5704
480497,6;66,5704
480520;66,5704
480536,6;66,5704
480553,1;66,5704
480569,7;66,5704
480586,3;66,5704
480602,8;66,5704
480619,4;66,5704
480636;66,5704
480652,5;66,5704
480679,1;66,5704
480695,8;66,5704
480712,2;66,5704
480728,8;66,5704
480745,4;66,79429
480761,9;66,76241
480778,5;66,71811
480795,1;66,67009
480811,6;66,62083
480835;66,58803
480851,6;66,55129
480868,1;66,50723
480884,7;66,11806
480901,3;66,13327
480917,8;66,15368
480934,4;66,18727
480951;66,20476
480967,6;66,207
480989,9;66,07211
481006,5;66,23425
481023;66,26305
481039,6;66,27811
481056,2;66,29352
481073,2;66,30833
481089,3;66,32697
481105,9;66,3488
481122,4;66,3488
481145,7;66,3488
481162,3;66,3488
481178,9;66,3488
481196,1;66,3488
481212;66,3488
481228,8;66,46487
481247,8;66,46487
481264,5;66,46487
481280,9;66,46487
481305;66,46487
481322,2;66,46487
481338,2;66,46487
481354,8;66,46487
481372,2;66,46487
481387,8;66,46487
481404,8;66,46487
481421;66,46487
481437,6;66,46487
481461,2;66,46487
481477,9;66,46487
481494,3;66,46487
481511,4;66,46487
481527,4;66,46487
481544;66,46487
481560,6;66,46487
481577,2;66,46487
481593,7;66,46487
481616,6;66,46487
481633,2;66,46487
481649,8;66,46487
481666,5;66,46487
481683;66,46487
481699,4;66,46487
481716;66,46487
481732,6;66,46487
481749,2;66,46487
481773,6;66,46487
481790,3;66,46487
481806,7;66,46487
481823,3;66,46487
481839,8;66,46487
481856,4;66,46487
481873;66,46487
481889,5;66,46487
481906,5;66,46487
481930,4;66,46487
481949,8;66,46487
481967;66,46487
481982,9;66,46487
482000;66,46487
482016,4;66,68232
482032,6;66,68232
482049,2;66,68232
482065,8;66,68232
482087,8;66,68232
482104,5;66,68232
482121;66,68232
482137,5;66,68232
482154,1;66,68232
482170,7;66,68232
482188;66,68232
482203,9;66,68232
482220,4;66,68232
482243,1;66,68232
482259,7;66,68232
482277,3;66,68232
482293,4;66,68232
482309,3;66,68232
482325,9;66,68232
482342,5;66,68232
482359;66,68232
482375,6;66,68232
482400;66,68232
482416,6;66,68232
482433,2;66,68232
482449,8;66,68232
482466,4;66,68232
482482,9;66,68232
482499,4;66,68232
482516,6;66,68232
482533,2;66,68232
482556,8;66,68232
482573,5;66,68232
482589,9;66,68232
482606,9;66,68232
482623,1;66,68232
482639,6;66,68232
482656,8;66,68232
482672,7;66,68232
482689,3;66,68232
482721,7;66,68232
482738,4;66,68232
482754,8;66,68232
482771,5;66,68232
482788,4;66,68232
482804,5;66,68232
482821,1;66,68232
482837,7;66,68232
482854,3;66,80083
482878,3;66,80083
482894,8;66,80083
482911,4;66,79646
482928;66,79646
482944,5;66,79646
482961,1;66,79646
482977,7;66,79646
482994,2;66,79646
483010,8;66,79646
483032,5;66,79646
483049,5;66,79646
483065,7;66,79646
483082,7;66,79646
483098,8;66,79646
483115,3;66,79646
483131,9;66,79646
483148,5;66,79646
483165;66,79646
483189,9;67,04729
483206,7;66,83012
483223,9;66,5146
483240;66,01641
483256,6;65,71879
483272,9;65,70589
483289,3;65,67027
483305,9;65,64494
483322,5;65,63114
483346;65,61009
483362,6;65,59055
483379,2;65,57927
483395,7;65,56159
483412,3;65,52256
483429,1;65,50706
483447,3;65,08331
483464,2;64,95264
483480,8;65,02634
483502,9;65,02634
483520;64,49854
483536;63,97813
483552,6;63,97034
483569,2;63,96643
483585,8;63,96951
483602,3;63,67678
483619;63,67678
483635,4;63,67678
483657,7;63,67678
483674,3;63,67678
483691,2;64,0583
483707,4;64,0583
483724;64,0583
483740,6;64,0583
483757,2;64,0583
483773,9;64,0583
483790,3;64,0583
483815,5;64,0583
483832,1;64,0583
483849,2;64,0583
483865,3;64,0583
483882,1;64,0583
483898,7;64,0583
483914,9;64,0583
483931,5;64,0583
483948,4;64,0583
483970,9;64,0583
483988;64,0583
484004,5;64,0583
484020,7;64,0583
484037,2;64,0583
484053,8;64,0583
484070,3;64,0583
484087,1;64,0583
484104,1;64,0583
484126,7;64,0583
484147,5;64,0583
484164,3;64,0583
484180,7;64,0583
484197,3;64,0583
484213,8;64,0583
484230,4;64,0583
484246,9;64,0583
484263,7;64,0583
484285,9;64,0583
484302,5;64,0583
484319;64,0583
484335,6;64,0583
484352,2;64,0583
484368,8;64,0583
484385,4;64,0583
484401,9;64,0583
484418,4;64,0583
484442,7;64,15504
484459,3;64,15504
484475,8;64,43044
484492,7;64,43044
484509;64,43044
484525,5;64,43044
484542,1;64,43044
484558,7;64,43044
484575,3;64,43044
484598,8;64,43044
484615,4;64,43044
484632,3;64,43044
484648,5;64,43044
484665,1;64,43044
484681,6;64,43044
484698,2;64,43044
484714,8;64,43044
484731,3;64,43044
484753,9;64,43044
484770,4;64,43044
484787;64,43044
484803,9;64,43044
484821,3;64,73409
484836,7;64,74941
484853,9;64,74307
484872,1;64,75249
484889,1;64,46671
484913;64,50847
484929,6;64,4724
484946,2;64,4724
484962,8;64,4724
484979,3;64,4724
484996,2;64,4724
485012,6;64,4724
485029,2;64,4724
485045,6;64,4724
485068,2;64,4724
485085,1;64,54675
485101,5;64,50887
485118,1;64,50887
485134,4;64,50887
485151;64,50887
485167,5;64,65334
485184,1;64,65334
485201;64,65334
485225,5;64,94042
485242,1;64,94042
485258,6;64,94042
485275,2;64,94042
485292,1;64,94042
485308,9;64,94042
485324,9;64,94042
485341,4;64,94042
485358;64,94042
485383,9;64,94042
485400,5;64,94042
485417,1;64,94042
485433,6;64,94042
485450,2;64,94042
485466,8;64,94042
485483,3;64,94042
485499,9;64,94042
485516,9;64,94042
485539,7;64,94042
485556,3;64,94042
485572,8;64,94042
485592;64,94042
485608,6;64,94042
485625,5;64,94042
485641,7;64,94042
485658,4;64,94042
485674,8;64,94042
485701;64,94042
485717,7;64,94042
485734,1;64,94042
485750,9;64,94042
485767,4;64,94042
485783,8;64,94042
485800,3;64,94042
485816,9;64,94042
485834,4;64,94042
485857,8;64,94042
485874,4;64,94042
485891;64,94042
485907,6;64,94042
485924,1;65,30962
485941;65,30962
485957,3;65,30962
485973,8;65,30962
485990,3;65,30962
486013,4;65,30962
486029,9;65,30962
486046,5;65,30962
486063,1;65,30962
486079,7;65,30962
486096,2;65,30962
486112,8;65,30962
486129,3;65,30962
486146,6;65,30962
486169,9;65,30962
486186,5;65,30962
486203;65,30962
486219,6;65,30962
486236,2;65,30962
486252,7;65,30962
486269,3;65,30962
486285,8;65,30962
486302,6;65,30962
486325,3;65,30962
486346,7;65,30962
486363,2;65,30962
486379,8;65,30962
486396,6;65,30962
486412,9;65,30962
486430;65,30962
486446,1;65,30962
486462,6;65,30962
486485,3;65,30962
486501,8;65,30962
486518,4;65,30962
486534,9;65,30962
486551,5;65,30962
486568,1;65,30962
486584,6;65,30962
486601,5;65,30962
486618,3;65,30962
486641,2;65,51388
486657,8;65,51388
486674,3;65,94619
486690,9;65,94619
486707,5;65,94619
486724,3;65,94619
486741,4;65,94619
486757,2;65,94619
486773,7;65,94619
486796,5;65,94619
486813,1;65,94619
486829,7;65,94619
486846,2;65,94619
486862,8;65,94619
486879,3;65,94619
486895,9;65,94619
486912,7;65,94619
486929,5;65,94619
486950,7;65,94619
486967,3;65,94619
486983,8;65,94619
487000,4;65,94619
487019,1;65,94619
487035,7;65,94619
487052,6;65,94619
487068,8;65,94619
487085,4;65,94619
487106,6;65,94619
487123,3;65,94619
487139,8;65,94619
487156,3;65,94619
487172,9;65,94619
487189,4;65,94619
487206,3;65,94619
487222,6;65,94619
487239,2;65,94619
487263,6;65,94619
487280,1;65,94619
487297;65,94619
487313,8;65,94619
487329,8;66,324
487346,4;66,324
487363;66,324
487379,5;66,324
487396,1;66,324
487418,9;66,324
487435,9;66,324
487452,1;66,324
487468,6;66,324
487485,2;66,324
487502,1;66,324
487518,3;66,324
487534,9;66,324
487551,4;66,324
487573,9;66,324
487590,5;66,324
487607,1;66,324
487623,6;66,324
487640,2;66,324
487656,9;66,324
487673,3;66,324
487690;66,324
487706,4;66,324
487729,5;66,324
487749,3;66,324
487765,9;66,324
487782,5;66,324
487799,1;66,324
487815,6;66,324
487832,3;66,324
487848,8;66,324
487865,4;66,324
487887,3;66,324
487903,9;66,324
487920,6;66,324
487937,1;66,324
487953,6;66,324
487970,5;66,324
487987,6;66,324
488003,5;66,324
488019,8;66,324
488041,3;66,53393
488057,8;66,53393
488074,8;66,53393
488091;66,53393
488107,5;66,53393
488124,1;66,53393
488140,7;66,53393
488157,2;66,53393
488174,1;66,53393
488195,2;66,53393
488211,7;66,53393
488228,3;66,53393
488244,9;66,53393
488261,4;66,53393
488278,6;66,53393
488294,6;66,53393
488311,3;66,53393
488327,7;66,53393
488349,7;66,53393
488366,3;66,53393
488382,8;66,53393
488399,8;66,53393
488416;66,53393
488432,5;66,53393
488449,1;66,53393
488466,9;66,53393
488483,5;66,53393
488506,9;66,53393
488523,6;66,53393
488540,5;66,53393
488556,7;66,53393
488573,3;66,53393
488590;66,53393
488606,3;66,53393
488622,9;66,53393
488639,4;66,53393
488661,2;66,53393
488677,8;66,53393
488694,4;66,53393
488711,3;66,53393
488727,5;66,53393
488744,1;66,9903
488760,6;66,9903
488777,2;66,9903
488793,8;66,9903
488815,4;66,9903
488832;66,9903
488849,1;66,9903
488865,5;66,9903
488881,7;66,9903
488898,2;66,9903
488914,8;66,9903
488931,3;66,9903
488947,9;66,9903
488971,2;66,9903
488987,8;66,9903
489004,4;66,9903
489020,9;66,9903
489037,6;66,9903
489054,1;66,9903
489071,3;66,9903
489087,2;66,9903
489104,2;66,9903
489126,9;66,9903
489143,4;66,9903
489160;66,9903
489176,5;66,9903
489194,8;66,9903
489211,4;66,9903
489227,9;66,9903
489244,6;66,9903
489261,5;66,9903
489284,2;66,9903
489300,8;67,13391
489317,3;67,23194
489333,9;67,16787
489350,7;67,16787
489367;67,16787
489383,6;67,16787
489400,2;67,16787
489417;67,44856
489438,8;67,44856
489455,3;67,44856
489471,9;67,44856
489488,5;67,44856
489505,1;67,44856
489521,9;67,44856
489538,2;67,44856
489554,8;67,44856
489571,5;67,44856
489594,4;67,44856
489611,1;67,44856
489627,6;67,44856
489644,1;67,44856
489660,7;67,44856
489677,3;67,44856
489693,8;67,44856
489710,4;67,44856
489727;67,44856
489749,3;67,44856
489765,9;67,77473
489782,4;67,85554
489800;67,95576
489815,8;68,02898
489832,1;68,12016
489848,7;68,21961
489865,3;67,97067
489882,7;67,97067
489905,6;67,97067
489922,7;67,97067
489942,3;67,97067
489959,1;68,30303
489975,5;68,39675
489992,6;68,48666
490008,5;68,57333
490025,1;68,31852
490041,7;68,31852
490065,8;68,31852
490082,5;68,47477
490098,9;68,47477
490115,7;68,47477
490132,2;68,47477
490149;68,47477
490165,7;68,47477
490181,7;68,47477
490198,3;68,47477
490222,7;68,47477
490239,3;68,47477
490256,3;68,47477
490272,4;68,47477
490289;68,47477
490305,6;68,57666
490322,1;68,67062
490338,7;68,23191
490355,3;68,29745
490377,6;68,37587
490394,2;68,44318
490410,8;68,5018
490427,7;68,55978
490443,9;68,6416
490460,6;68,7085
490477;68,76756
490493,6;68,82343
490510,2;68,89589
490533,8;68,95898
490550,5;69,02666
490566,9;69,09296
490583,5;69,16252
490600;69,22302
490616,6;69,29988
490633,2;69,37076
490649,7;69,44151
490667,2;69,506
490691,3;69,4647
490707,9;69,4647
490724,4;69,4647
490741,5;69,4647
490757,6;69,4647
490774,1;69,4647
490790,7;69,4647
490807,3;69,68687
490823,8;69,68687
490847,1;69,68687
490863,7;69,68687
490880,5;69,68687
490896,8;69,68687
490913,4;69,68687
490930,4;69,68687
490946,9;69,68687
490963,1;69,68687
490979,7;69,68687
491002,4;69,68687
491018,9;69,68687
491035,5;69,68687
491052,1;69,68687
491068,9;69,68687
491085,3;69,68687
491101,8;69,68687
491118,3;69,68687
491134,9;69,68687
491158,4;69,68687
491175,5;69,68687
491191,6;69,68687
491208,2;69,68687
491224,8;69,68687
491241,8;69,68687
491257,8;69,68687
491274,4;69,68687
491291;69,68687
491314,3;69,68687
491330,9;69,68687
491347,8;69,68687
491364,1;69,68687
491380,8;69,68687
491397,4;69,68687
491413,7;69,68687
491431,4;69,68687
491446,9;69,68687
491471,3;70,15273
491487,8;70,15273
491504,4;70,15273
491521;70,15273
491538,4;70,15273
491554,1;70,15273
491571,4;70,15273
491587,2;70,15273
491603,8;70,15273
491624,5;70,15273
491641,3;70,15273
491657,7;70,15273
491674,3;70,15273
491690,8;70,15273
491707,4;70,15273
491724,1;70,15273
491740,5;70,15273
491757,1;70,15273
491778,3;70,15273
491795;70,15273
491811,6;70,15273
491828,1;70,15273
491844,6;70,15273
491861,2;70,15273
491877,8;70,15273
491894,6;70,15273
491910,9;70,15273
491933,8;70,15273
491950,4;70,15273
491967,1;70,15273
491983,7;70,15273
492000,1;70,15273
492016,8;70,15273
492033,9;70,15273
492049,8;70,15273
492066,4;70,15273
492088,2;70,15273
492104,8;70,15273
492123,8;70,15273
492137,9;70,15273
492154,5;70,16058
492171,1;70,16058
492187,6;70,16058
492204,3;70,16058
492221,3;70,16058
492243,6;70,16058
492260,1;70,16058
492276,7;70,16058
492293,3;70,16058
492309,8;70,16058
492326,6;70,16058
492343,6;70,16058
492359,7;70,16058
492376,6;70,16058
492400,9;70,16058
492417,5;70,16058
492434;70,16058
492450,6;70,16058
492467,2;70,16058
492483,7;70,16058
492500,3;70,16058
492516,9;70,16058
492533,4;70,16058
492556,3;70,16058
492572,9;70,16058
492589,5;70,16058
492606,1;70,16058
492622,6;70,16058
492639,2;70,16058
492655,9;70,16058
492672,3;70,16058
492688,9;70,16058
492710,7;70,16058
492727,3;70,16058
492744;70,16058
492762,1;70,16058
492778,8;70,16058
492795,2;70,16058
492811,8;70,16058
492828,3;70,16058
492844,9;70,16058
492866,8;70,16058
492883,3;70,16058
492900;70,15162
492916,4;70,15162
492933;70,15162
492949,7;70,15162
492966,2;70,15162
492982,8;70,15162
492999,3;70,15162
493021,5;70,15162
493038,1;70,15162
493054,7;70,15162
493072;70,15162
493087,8;70,15162
493104,8;70,15162
493120,9;70,15162
493137,5;70,15162
493154,1;70,15162
493176,4;70,15162
493193;70,15162
493209,5;70,15162
493226,1;70,15162
493242,7;70,15162
493259,2;70,15162
493275,8;70,15162
493292,3;70,15162
493308,9;70,15162
493332,7;70,15162
493349,2;70,15162
493365,8;70,55134
493382,3;69,94893
493398,9;69,93485
493415,5;69,93485
493432;69,93485
493448,6;69,93485
493465,2;69,93485
493498,5;69,93485
493515,1;69,93485
493531,7;69,93485
493548,3;69,93485
493564,8;69,93485
493581,4;69,93485
493598;69,93485
493614,5;69,93485
493637,1;70,07183
493653,9;70,07183
493670,2;70,07183
493687;70,07183
493703,8;70,07183
493719,9;70,07183
493736,5;70,07183
493753,1;70,07183
493769,6;70,07183
493792,1;70,07183
493808,7;70,07183
493825,4;70,07183
493842,2;70,07183
493858,4;70,07183
493875;70,07183
493891,5;70,07183
493908,1;70,07183
493924,9;70,07183
493946,4;70,07183
493963;70,07183
493980;70,07183
493996,2;70,44995
494012,8;70,51457
494029,3;70,58478
494045,9;70,63554
494063,4;70,68893
494079,1;70,75397
494103,1;70,78775
494120,1;70,14117
494136,3;69,69039
494153;69,69039
494169,4;69,69039
494185,9;69,69039
494202,5;70,15347
494222,7;69,32327
494235,6;68,75737
494259,7;68,77106
494276,3;68,77106
494292,8;68,77106
494309,3;68,77106
494326;68,77106
494342,5;68,86555
494359,3;68,86555
494375,6;68,86555
494392,4;68,86555
494412,6;68,86555
494429,3;68,86555
494445,8;68,86555
494462,3;68,86555
494478,9;68,86555
494495,7;68,86555
494512;68,86555
494529,3;68,86555
494545,1;68,86555
494568;68,86555
494584,6;68,86555
494601,1;68,86555
494617,7;68,86555
494634,3;69,29883
494650,8;68,8121
494667,4;68,84568
494684;68,86819
494701,2;68,90209
494722,8;68,92461
494739,4;68,94313
494755,9;68,98112
494772,5;69,00697
494789,1;69,0326
494805,6;69,06046
494822,2;69,05244
494839,1;69,0145
494855,9;69,04301
494878,1;69,074
494894,6;69,08992
494911,2;69,11392
494928;69,13367
494947,8;69,13367
494964,7;69,13367
494981,8;69,13367
494997,8;69,25495
495014,1;69,25495
495035,2;69,25495
495051,9;69,25495
495068,4;69,25495
495085,2;69,25495
495101,5;69,25495
495118;69,25495
495135,2;69,25495
495151,3;69,25495
495167,8;69,25495
495190,4;69,25495
495206,9;69,25495
495223,5;69,25495
495240,1;69,25495
495256,7;69,25495
495273,4;69,25495
495290,3;69,6905
495306,7;69,71966
495322,9;69,72658
495345,5;69,74606
495362,8;69,77362
495378,6;69,80252
495395,6;69,82053
495411,8;69,8372
495428,3;69,8605
495444,9;69,44628
495461,8;69,88549
495478;69,90398
495501,3;69,91686
495517,9;69,94217
495534,6;69,9597
495551;69,98083
495568;70,00705
495584,1;69,58915
495600,8;69,58915
495617,3;69,58915
495633,8;69,58915
495656,9;70,10304
495678,1;70,10304
495695;70,10304
495711,3;70,10304
495727,8;70,10304
495744,4;70,10304
495761,1;70,10304
495777,6;70,10304
495794,3;70,10304
495818,5;70,10304
495835,1;70,10304
495851,7;70,10304
495868,3;70,10304
495884,8;70,10304
495901,4;70,10304
495918,5;70,10304
495934,5;70,10304
495951,1;70,10304
495974,2;70,10304
495990,9;70,10304
496007,3;70,10304
496023,9;70,10304
496040,5;70,10304
496057,3;70,10304
496073,6;70,10304
496090,5;70,10304
496107;70,10304
496131,9;70,10304
496148,6;70,10304
496165,1;70,10304
496181,9;70,10304
496198,5;70,10304
496214,8;70,10304
496232;70,10304
496248,1;70,10304
496264,5;70,10304
496287,1;70,10304
496304;70,10304
496320,2;70,10966
496336,8;70,10966
496353,6;70,10966
496369,9;70,10966
496388,8;70,10966
496403,3;70,10966
496419,7;70,10966
496442,8;70,10966
496459,6;70,10966
496476;70,10966
496492,5;70,10966
496509,1;70,10966
496525,7;70,10966
496542,2;70,10966
496558,8;70,10966
496575,3;70,10966
496599,2;70,10966
496615,9;70,10966
496632,3;70,10966
496648,9;70,10966
496665,4;70,10966
496682;70,10966
496698,8;70,10966
496715,1;70,10966
496732,4;70,10966
496755,5;70,10966
496772,7;70,10966
496788,6;70,10966
496805,2;70,10966
496821,8;70,10966
496838,3;70,10966
496855,1;70,10966
496871,4;70,10966
496888,1;70,10966
496912,2;70,10966
496928,8;70,10966
496945,9;70,10966
496962,4;70,10966
496978,5;70,10358
496995;70,10358
497011,6;70,10358
497028,5;70,10358
497044,7;70,10358
497067,6;70,10358
497084,3;70,10358
497101,6;70,10358
497120;70,10358
497137,2;70,10358
497153,1;70,10358
497169,7;70,10358
497186,3;70,10358
497202,8;70,10358
497226,3;70,10358
497242,9;70,10358
497260,1;70,10358
497276;70,10358
497292,7;70,10358
497309,2;70,10358
497325,8;70,10358
497342,3;70,10358
497359,4;70,10358
497382,8;70,10358
497399,4;70,10358
497416,1;70,10358
497432,6;70,10358
497449,6;70,10358
497465,7;70,10358
497482,3;70,10358
497498,8;70,10358
497515,8;70,10358
497536,7;70,10358
497553,2;70,10358
497570,2;70,10358
497586,3;70,10358
497603,1;70,10358
497619,6;70,10358
497636,1;70,10358
497652,6;70,15087
497669,2;70,15087
497692,3;70,15087
497709,2;70,15087
497725,5;70,15087
497742,1;70,15087
497758,9;70,15087
497775,3;70,15087
497791,8;70,15087
497808,3;70,15087
497824,9;70,15087
497858,6;70,15087
497875,2;70,15087
497892,5;70,15087
497908,3;70,15087
497925;70,15087
497941,4;70,15087
497958;70,15087
497974,6;70,15087
497995,7;70,15087
498012,3;70,15087
498028,8;70,15087
498045,3;70,15087
498062,1;70,15087
498079,4;70,15087
498095,1;70,15087
498111,6;70,15087
498128,2;70,15087
498150,5;70,15087
498167,1;70,15087
498183,7;70,15087
498200,3;70,15087
498216,9;70,15087
498233,4;70,15087
498249,9;70,15087
498266,5;70,15087
498283,1;70,15087
498305,6;70,15087
498322,3;70,15087
498338,8;70,23116
498355,3;70,23116
498371,9;70,23116
498388,5;70,23116
498405,1;70,29228
498421,6;70,32304
498438,2;70,26415
498459,4;70,27245
498475,9;70,27565
498492,5;69,86629
498509,1;69,86629
498525,6;69,86629
498544;70,29056
498558,8;70,30273
498575,8;70,30872
498592,2;70,33189
498615,8;70,3472
498632,7;70,35104
498649;70,36661
498665,8;70,37914
498682,1;70,40187
498698,7;69,91394
498715,3;69,90372
498731,8;69,90292
498748,6;69,89824
498770;69,88809
498786,6;69,88309
498803,2;69,88448
498820,3;69,87354
498836,3;69,86752
498853,4;69,85398
498869,4;69,85967
498886;69,85874
498902,5;69,85956
498924,7;69,85007
498941,3;69,85088
498957,8;69,85088
498974,4;69,85088
498991;69,88321
499008;69,88321
499024,1;69,88321
499040,7;69,88321
499057,3;69,88321
499079,3;69,88321
499095,8;69,88321
499112,4;69,88321
499129;69,88321
499145,5;69,88321
499162,1;69,88321
499178,7;69,88321
499195,3;69,88321
499211,9;69,88321
499236;69,88321
499252,6;69,88321
499271,1;69,88321
499287,7;69,88321
499304,2;69,88321
499320,8;69,88321
499337,4;69,88321
499354,3;69,88321
499371,1;69,88321
499392,7;69,88321
499409,3;69,88321
499425,9;69,88321
499442,3;69,88321
499458,9;69,88321
499475,5;69,88321
499492,1;69,88321
499508,6;69,88321
499525,2;69,88321
499545,8;69,88321
499562,4;69,88321
499579,7;69,88321
499595,5;69,88321
499612,1;69,88321
499628,6;69,88321
499645,2;69,88321
499661,8;69,88321
499678,6;69,88321
499702,6;70,37928
499719,7;70,37928
499735,7;70,37928
499752,3;70,37928
499768,9;70,65932
499785,4;70,65932
499802;70,65932
499818,5;70,65932
499835,1;70,65932
499857,9;70,65932
499874,5;70,65932
499891,1;70,65932
499907,9;70,65932
499924,2;70,65932
499940,8;70,65932
499957,7;70,65932
499973,9;70,65932
499993,5;70,65932
500017,3;70,65932
500033,8;70,65932
500050,4;70,65932
500067,7;70,65932
500084,5;70,65932
500100,6;70,65932
500116,7;70,65932
500133,3;70,65932
500149,8;70,65932
500166,4;70,65932
500190,7;70,65932
500207,3;70,65932
500223,8;70,65932
500240,4;70,65932
500257;70,65932
500273,5;70,65932
500290,1;70,65932
500306,6;70,65932
500323,2;70,65932
500343,9;70,65932
500360,5;70,65932
500377,1;70,65932
500393,7;70,65932
500410,2;70,7823
500426,8;70,7823
500443,3;70,7823
500459,9;70,7823
500476,7;70,7823
500497,9;70,7823
500514,4;70,7823
500531;70,7823
500547,6;70,7823
500564,3;70,7823
500580,7;70,7823
500597,3;70,7823
500613,8;70,7823
500631,1;70,7823
500655,4;70,7823
500672,5;70,7823
500688,6;70,7823
500705,1;70,7823
500721,7;70,7823
500740;70,65975
500757;70,64655
500773,1;70,6256
500790,2;70,62047
500812,7;70,59748
500829,2;70,15599
500846;70,57285
500862,4;70,13455
500878,9;70,13455
500895,6;70,13455
500912,2;70,54855
500928,7;70,52573
500945,2;70,51821
500969,1;70,07571
500985,9;70,07571
501002,2;70,07571
501018,8;70,07571
501035,9;70,07571
501051,9;70,60271
501068,6;70,60271
501085,1;70,60271
501101,7;70,60271
501124,7;70,60271
501141,3;70,60271
501158,3;70,60271
501175,2;70,60271
501191;70,60271
501207,6;70,60271
501224,1;70,60271
501240,7;70,60271
501257,3;70,60271
501279,6;70,60271
501296,2;70,56668
501312,8;70,54119
501329,3;70,52345
501345,9;70,49419
501362,5;70,47089
501379;70,44759
501396;70,42011
501412,1;70,31837
501436;69,70142
501452,6;69,14031
501474,4;69,13005
501486,2;69,10802
501503,5;69,10196
501519,3;69,07974
501535,8;69,04296
501552,4;69,03659
501569,4;69,02713
501591,8;68,99833
501608,4;68,9767
501625;68,95673
501641,7;68,93964
501658,2;68,91669
501675;68,88991
501691,6;68,88991
501708,1;68,88991
501724,5;68,96817
501747,1;68,96817
501763,7;68,96817
501780,3;68,96817
501796,8;68,96817
501813,4;68,96817
501830,3;68,96817
501846,5;68,96817
501863,1;68,96817
501879,7;68,96817
501901,6;68,96817
501918,3;68,96817
501934,7;68,96817
501951,3;68,96817
501968,4;68,96817
501984,4;68,96817
502001,4;68,96817
502017,8;68,96817
502034,1;68,96817
502057;68,96817
502073,6;68,96817
502090,1;68,96817
502106,8;68,96817
502123,3;68,96817
502139,8;68,96817
502156,4;68,96817
502173;68,96817
502191,9;68,96817
502214,5;68,96817
502231,6;68,96817
502247,6;68,96817
502264,2;68,96817
502281,3;68,96817
502298,1;68,96817
502314,1;68,96817
502330,4;68,96817
502347;68,96817
502363,6;68,96817
502387,4;68,96817
502404,5;69,42619
502420,5;69,42619
502437,1;69,42619
502454;69,42619
502470,4;69,42619
502486,8;69,42619
502503,3;69,42619
502519,9;69,42619
502543,3;69,42619
502559,8;69,42619
502576,4;69,42619
502593;69,42619
502609,9;69,42619
502626,1;69,42619
502642,6;69,42619
502659,2;69,42619
502675,8;69,42619
502697;69,42619
502713,6;69,42619
502730,1;69,42619
502746,9;69,42619
502763,3;69,42619
502780,1;69,42619
502796,4;69,42619
502813;69,42619
502829,9;69,42619
502855;69,42619
502871,6;69,42619
502888,2;69,42619
502904,7;69,42619
502921,3;69,42619
502939,9;69,42619
502957,5;69,42619
502973;69,42619
502989,6;69,42619
503011,4;69,42619
503028;69,42619
503044,8;69,42619
503061,4;69,42619
503077,7;69,42619
503094,3;69,42619
503110,8;69,47244
503127,7;69,47244
503144,4;69,47244
503167,7;69,47244
503184,3;69,47244
503200,8;69,47244
503217,4;69,47244
503233,9;69,47244
503250,6;69,47244
503267,2;69,47244
503283,7;69,47244
503300,8;69,47244
503322,8;69,47244
503339,3;69,47244
503355,9;69,47244
503372,5;69,47244
503389;69,47244
503405,6;69,47244
503422,2;69,8162
503438,7;69,75245
503455,3;69,68823
503479,3;69,63851
503496;69,57813
503512,5;69,51365
503529,2;69,45551
503545,6;69,38996
503562,4;69,333
503579,5;69,26096
503595,3;69,19613
503612;68,79484
503634,2;68,79484
503652,7;68,79484
503669,3;69,13789
503686;69,07439
503702,7;69,01789
503719;68,47469
503735,8;67,9943
503752,2;67,9943
503768,8;67,9943
503791,8;67,9943
503808,4;68,47524
503825,2;68,47524
503841,5;68,47524
503858;68,47524
503874,7;68,47524
503891,4;68,47524
503907,8;68,47524
503924,3;68,47524
503946,9;68,47524
503963,5;68,47524
503980;68,47524
503997;68,47524
504013,2;68,47524
504029,8;68,47524
504046,8;68,47524
504062,9;68,47524
504080;68,47524
504104,7;68,47524
504121,3;68,47524
504137,8;68,47524
504154,5;68,47524
504170,9;68,47524
504188;68,47524
504204,2;68,47524
504220,6;68,47524
504237,2;68,47524
504259,1;68,47524
504275,7;68,47524
504292,3;68,47524
504308,8;68,47524
504325,8;68,47524
504342;68,47524
504358,6;68,47524
504375,1;68,47524
504391,8;68,47524
504423,9;68,47524
504440,5;68,47524
504457,2;68,47524
504473,6;68,47524
504490,2;68,47524
504506,7;68,47524
504523,3;68,47524
504539,8;68,19267
504556,4;68,19267
504580,1;67,93011
504597;67,93011
504613,4;67,93011
504629,8;67,93011
504646,4;67,93011
504663,3;67,93011
504679,5;67,93011
504696,1;67,93011
504712,7;67,93011
504734,4;67,93011
504751,1;67,93011
504767,9;67,93011
504784,5;67,93011
504801,2;67,93011
504817,6;67,93011
504833,8;67,93011
504850,3;67,93011
504867,2;67,93011
504891,3;67,93011
504907,9;68,32924
504924,4;68,32668
504941,1;68,30907
504957,9;68,29824
504974,1;68,2865
504990,7;68,28979
505007,6;67,8839
505023,8;67,8839
505046,1;67,8839
505063,3;67,8839
505079,8;67,8839
505095,8;68,28812
505112,3;68,27215
505129,3;68,26324
505145,4;67,74365
505163,4;67,74796
505180;67,74282
505203,7;67,74282
505220,3;67,74282
505237,2;67,74282
505253,4;67,74282
505270;67,74282
505286,5;67,74282
505303,2;67,74282
505319,7;67,74282
505336,7;67,74282
505358,7;67,74282
505375,4;67,74282
505391,8;67,74282
505408,4;67,74282
505425;67,74282
505441,6;67,74282
505458,1;67,74282
505474,7;67,74282
505491,3;67,74282
505513,8;67,74282
505531;68,13623
505547;68,14553
505563,6;68,14428
505580,4;68,13734
505596,7;68,14867
505613,3;68,14201
505630,2;68,14992
505646,4;68,14781
505670,1;68,15974
505686,7;68,1423
505703,3;67,74127
505719,8;67,74127
505736,7;67,74127
505753;67,74127
505769,5;68,13684
505786,1;68,13684
505802,7;68,14008
505823,9;68,14315
505840,5;68,13797
505857,1;68,13797
505875,2;68,13797
505890,2;68,13797
505906,8;68,21903
505924;68,21903
505939,9;68,21903
505956,9;68,21903
505977,7;68,21903
505994,3;68,21903
506011,5;68,21903
506027,4;68,21903
506044;68,21903
506060,6;68,21903
506077,1;68,21903
506093,7;68,21903
506110,8;68,21903
506132,7;68,21903
506149,2;68,21903
506165,8;68,21903
506182,4;68,60693
506199,1;68,60455
506215,5;68,5956
506232,3;68,58573
506248,6;68,58729
506265,2;68,06783
506288,3;67,53645
506304,9;67,56916
506321,8;67,61293
506338;67,63645
506354,6;67,66853
506371,6;67,6953
506387,8;67,72198
506404,3;67,75321
506420,8;67,41923
506444,1;67,79035
506460,6;67,81822
506477,2;67,86002
506493,8;67,87817
506510,5;67,91165
506526,9;67,91165
506543,5;67,91165
506560,3;67,91165
506576,6;68,02654
506599,1;68,02654
506620,3;68,02654
506637,4;68,02654
506653,4;68,02654
506670;68,02654
506686,6;68,02654
506703,1;68,02654
506719,9;68,02654
506736,9;68,02654
506758,3;68,02654
506774,9;68,02654
506791,4;68,02654
506808,5;68,02654
506824,6;68,02654
506841,2;68,02654
506857,8;68,02654
506874,3;68,02654
506890,8;68,02654
506913,4;68,02654
506930;68,02654
506946,5;68,02654
506963,1;68,02654
506979,8;68,02654
506996,8;68,02654
507012,8;68,02654
507029,3;68,02654
507046;68,02654
507071,9;68,02654
507088,5;68,02654
507105,1;68,02654
507121,8;68,02654
507138,5;68,02654
507154,8;68,02654
507171,5;68,02654
507187,9;68,02654
507204,5;68,02654
507225,4;68,02654
507242,1;68,02654
507258,5;68,02654
507275,1;68,02654
507291,9;68,02654
507308,2;68,53172
507324,8;68,53172
507346,3;68,90408
507358,8;68,90408
507382,2;68,90408
507398,8;68,90408
507415,5;68,90408
507432,3;68,90408
507448,5;68,90408
507465;68,90408
507482;68,90408
507498,2;68,90408
507514,8;68,90408
507531,9;68,90408
507554;68,99367
507570,6;68,97842
507587,2;68,99281
507603,7;68,27733
507620,3;68,30362
507636,8;68,33222
507653,5;68,3706
507670;68,40868
507686,9;68,43398
507708,6;68,46967
507725,1;68,494
507741,7;68,53384
507758,3;68,56678
507774,8;68,59814
507791,7;68,62923
507808,1;68,66048
507824,8;68,69358
507841,1;68,72814
507864,3;68,74816
507880,9;68,33223
507897,5;68,33223
507914;68,33223
507931,1;68,33223
507947,2;68,84896
507963,7;68,84896
507980,3;68,84896
507996,8;68,84896
508018,7;68,84896
508035,3;68,84896
508051,8;68,84896
508068,4;68,84896
508085;68,84896
508101,5;68,84896
508118,1;68,84896
508134,7;68,84896
508151,2;68,84896
508174,7;68,87617
508192;68,89896
508207,8;68,92873
508224,4;68,9476
508241;68,9744
508257,5;69,01195
508274,9;69,04476
508290,7;69,06483
508307,6;69,09135
508329,8;69,11948
508346,4;68,682
508363;68,71473
508379,6;68,74757
508396,1;68,79086
508412,7;68,81813
508429,2;68,8508
508445,8;68,89083
508462,4;68,93497
508485,6;68,96759
508502,2;69,0015
508518,9;68,9895
508535,3;68,9895
508551,8;68,9895
508568,4;68,9895
508585,2;69,13269
508602,2;69,13269
508618,1;69,13269
508640,7;69,13269
508657,2;69,13269
508673,8;69,13269
508690,4;69,13269
508706,9;69,13269
508723,6;69,13269
508740,2;69,13269
508756,8;69,13269
508775,1;69,13269
508798,3;69,13269
508814,9;69,13269
508832;69,13269
508848,1;69,13269
508864,6;69,13269
508881,3;69,13269
508897,8;69,13269
508915;69,13269
508930,9;69,13269
508947,5;69,13269
508971,1;69,13269
508987,7;69,13269
509004,3;69,13269
509020,8;69,13269
509037,3;69,13269
509054,1;69,13269
509070,5;69,13269
509087,1;69,13269
509103,6;69,13269
509126,1;69,13269
509143,6;69,13269
509160;69,13269
509175,8;69,13269
509192,4;69,13269
509209;69,13269
509225,5;69,13269
509242,1;69,63461
509258,7;69,63461
509286,7;69,63461
509319,2;69,63461
509335,8;69,63461
509352,3;69,63461
509369;69,63461
509385,5;69,63461
509402;69,63461
509418,6;69,63461
509442;69,63461
509458,6;69,63461
509475,1;69,63461
509491,9;69,63461
509509,7;69,63461
509526,3;69,63461
509542,8;69,63461
509560;69,63461
509576;69,63461
509598,3;69,63461
509615,2;69,63461
509631,4;69,63461
509648;69,63461
509664,6;69,63461
509681,2;69,63461
509697,7;69,63461
509714,5;69,63461
509730,9;69,63461
509755,9;69,63461
509773,3;69,63461
509789,4;69,63461
509805,6;69,63461
509822,2;69,63461
509838,9;69,63461
509855,3;69,63461
509872,5;69,63461
509888,5;69,63461
509911,5;69,73837
509928;69,73837
509944,6;69,73837
509961,4;69,73837
509978,3;69,73837
509994,4;69,73837
510011,1;69,73837
510027,5;69,73837
510044;69,73837
510067,7;69,73837
510084,3;69,73837
510101,2;69,73837
510117,4;69,73837
510133,9;69,73837
510150,5;69,73837
510167,2;69,73837
510183,8;69,73837
510200,2;69,73837
510235,7;69,73837
510252,3;69,73837
510269,1;69,73837
510286;70,10856
510301,9;70,10867
510318,5;70,09595
510335,1;70,09687
510351,7;70,08079
510368,2;70,06947
510390,2;70,06149
510406,8;69,68418
510423,4;69,68418
510439,9;69,59959
510457;69,50736
510473,1;68,67799
510489,7;68,63332
510506,2;68,57729
510522,8;68,57729
510551,8;68,57729
510568,4;68,57729
510584,9;68,57729
510601,9;68,57729
510618,1;69,03322
510634,8;69,03322
510651,8;69,36578
510667,8;69,36578
510684,3;69,36578
510707;69,36578
510723,6;69,36578
510740,2;69,36578
510757,1;69,36578
510773,3;69,36578
510789,8;69,36578
510806,4;69,36578
510823,2;69,36578
510839,5;69,36578
510862;69,36578
510878,6;69,36578
510895,4;69,36578
510912,5;69,36578
510928,3;69,36578
510947,1;69,36578
510964,3;69,36578
510980,5;69,36578
510997,3;69,36578
511020,8;69,36578
511037,4;69,36578
511053,9;69,36578
511071;69,36578
511087,2;69,36578
511104,2;69,36578
511120,2;69,36578
511136,7;69,36578
511153,3;69,36578
511175,2;69,36578
511192;69,36578
511208,4;69,36578
511224,9;69,36578
511241,5;69,36578
511258,1;69,36578
511274,6;69,36578
511291,2;69,36578
511307,8;69,34689
511330,7;69,34689
511347,3;69,34689
511363,8;69,34689
511380,4;69,34689
511397;69,34689
511414,4;69,34689
511430,1;69,34689
511446,7;69,34689
511463,2;69,34689
511485,4;69,34689
511502,3;69,34689
511518,9;69,34689
511535,2;69,34689
511551,9;69,34689
511568,3;69,34689
511584,9;69,34689
511601,4;69,34689
511618,2;69,71928
511641,2;69,65896
511660,9;69,60435
511677,5;69,5504
511694;69,49263
511710,6;69,44176
511727,2;69,37856
511743,8;69,32872
511760,5;69,27034
511776,8;69,21692
511797,9;68,78101
511814,7;68,78101
511831,1;68,78101
511847,7;68,78101
511864,2;68,78101
511880,8;69,14848
511897,4;69,08336
511914,3;69,03317
511930,5;68,97508
511953,1;68,54317
511969,9;68,54317
511986,3;68,54317
512002,8;68,54317
512020;69,03102
512035,9;69,03102
512052,5;69,03102
512069,4;69,03102
512085,7;69,03102
512106,8;69,03102
512123,4;69,03102
512140;69,03102
512156,8;69,03102
512173,1;69,03102
512189,6;69,03102
512206,3;69,03102
512222,8;69,03102
512239,5;69,03102
512262,6;68,83405
512279,2;68,76079
512295,7;68,6834
512312,3;68,60255
512328,8;68,53098
512345,5;68,43796
512362;68,36034
512379,8;68,28031
512395,2;68,19114
512420;68,12127
512436,5;68,0429
512453,1;67,95913
512469,7;67,88316
512487,1;67,79852
512502,8;67,71504
512520,2;67,6331
512535,9;67,54015
512552,5;67,45385
512575,3;67,39169
512592,3;67,31214
512609,1;67,23412
512624,9;66,54562
512641,5;66,07615
512658,1;66,07615
512674,6;66,07615
512691,3;66,07615
512708,3;66,07615
512729,5;66,07615
512746;66,07615
512763,4;66,07615
512779,2;66,07615
512795,8;66,07615
512812,3;66,07615
512829,3;66,07615
512845,5;66,07615
512862;66,07615
512884,7;66,07615
512901,3;66,07615
512917,8;66,07615
512934,4;66,07615
512951,1;66,07615
512967,8;66,07615
512984,1;66,07615
513000,6;66,07615
513017,2;66,07615
513040,2;66,07615
513056,8;65,98124
513073,3;65,92048
513094,5;65,85769
513106,4;65,79434
513123,2;65,73821
513139,6;65,68092
513156,2;65,62145
513172,7;65,56128
513194,2;65,50078
513211,4;65,44661
513227,3;65,40087
513244,2;65,43401
513260,5;65,43401
513277;65,43401
513293,6;65,43401
513310,2;65,43401
513326,9;65,43401
513350;65,33114
513366,8;65,25749
513383,1;64,34472
513399,8;64,34472
513416,3;64,34472
513432,8;64,34472
513449,9;64,34472
513466,3;64,34472
513482,5;64,35156
513506,6;64,35156
513523,2;64,35156
513539,7;64,35156
513556,3;64,35156
513573;64,35156
513589,5;64,35156
513606;64,35156
513622,6;64,35156
513639,2;64,35156
513660,3;64,35156
513676,9;64,35156
513693,7;64,35156
513710;64,35156
513726,6;64,35156
513743,2;64,35156
513759,7;64,35156
513776,7;64,35156
513792,8;64,35156
513815,1;64,35156
513832;64,35156
513852;64,35156
513868,6;64,35156
513885,1;64,35156
513901,7;64,35156
513918,6;64,35156
513934,8;64,35156
513952;64,35156
513977,2;64,35156
513993,8;64,35156
514010,3;64,35156
514027;64,35156
514043,5;64,35156
514060;64,35156
514076,6;64,35156
514093,1;64,35156
514109,8;64,35156
514132,9;64,35156
514149,6;64,35156
514166;64,35156
514182,6;64,35156
514199,1;64,35156
514215,7;64,35156
514232,7;64,35156
514248,8;64,66296
514265,7;64,66296
514291,9;64,66296
514309;64,66296
514325,4;64,66296
514341,8;64,66296
514358,2;64,66296
514374,8;64,66296
514391,3;64,66296
514407,9;64,66296
514424,5;64,66296
514446;64,66296
514462,5;64,66296
514479,1;64,66296
514495,8;64,66296
514512,5;64,66296
514529,4;64,66296
514546;64,66296
514562,6;64,66296
514579,2;64,66296
514602,9;64,66296
514619,6;64,66296
514636,1;64,66296
514653,1;64,66296
514669,6;64,66296
514686,7;64,66296
514702,3;64,66296
514718,9;64,66296
514735,4;64,66296
514757,6;64,66296
514774,2;64,66296
514790,8;64,66296
514807,6;64,66296
514823,8;64,66296
514840,6;64,66296
514857,3;64,66296
514873,7;64,66296
514890,1;64,66296
514910,7;64,66296
514927,3;64,66296
514943,8;64,66296
514960,4;64,66296
514977;64,66296
514993,7;64,66296
515010,9;64,66296
515026,8;64,66296
515043,3;64,66296
515064,8;64,66296
515081,4;64,59372
515097,9;64,59372
515114,7;64,59372
515131,1;64,59372
515147,7;64,59372
515164,2;64,59372
515181;64,59372
515197,6;64,59372
515220,9;64,59372
515237,5;64,59372
515254,2;64,59372
515273,4;64,59372
515289,9;64,59372
515306,5;64,59372
515323,1;64,59372
515339,8;64,59372
515356,7;64,59372
515378,5;64,59372
515395,1;64,59372
515411,7;64,59372
515428,2;64,59372
515444,8;64,59372
515461,4;64,59372
515478;64,59372
515494,5;64,59372
515511,1;64,59372
515532,7;64,59372
515549,3;64,59372
515565,9;64,59372
515582,5;64,59372
515599,1;64,59372
515615,6;64,59372
515632,2;64,59372
515648,7;64,59372
515665,3;64,59372
515689,1;64,59372
515706,1;64,59372
515722,2;64,59372
515738,8;64,59372
515755,4;64,59372
515771,9;64,59372
515788,6;64,59372
515805,1;64,59372
515821,6;64,59372
515845,9;64,59372
515862,6;64,59372
515879,1;64,59372
515895,6;64,89449
515912,2;64,89449
515929,3;64,89449
515945,4;64,89449
515962,5;64,89449
515982,5;64,89449
516007,1;64,89449
516023,7;64,89449
516040,2;64,89449
516056,8;64,89449
516073,4;64,89449
516090;64,89449
516106,5;64,89449
516123,1;64,89449
516139,6;64,89449
516156,2;64,89449
516177,8;64,89449
516194,8;64,89449
516210,9;64,89449
516227,6;64,89449
516244,6;64,89449
516260,6;64,89449
516277,2;64,89449
516293,7;64,89449
516310,3;64,89449
516332,1;64,89449
516348,7;64,89449
516365,3;64,89449
516381,8;64,89449
516398,4;64,89449
516414,9;64,89449
516431,5;64,89449
516448,2;64,89449
516464,6;64,89449
516487,2;64,89449
516503,8;64,89449
516520,3;64,89449
516536,9;64,89449
516553,6;64,89449
516570,3;64,89449
516586,6;64,89449
516603,2;64,89449
516619,8;64,89449
516643,6;64,89449
516660,2;64,89449
516676,9;64,89449
516696;64,89449
516741,6;64,87106
516758,3;65,08546
516775;65,08546
516798,3;65,08546
516814,9;65,08546
516831,4;65,08546
516848;65,08546
516864,6;65,08546
516881,5;65,08546
516897,7;65,08546
516914,3;65,08546
516930,8;65,08546
516955;65,08546
516971,9;65,08546
516988,2;65,08546
517004,7;65,08546
517021,4;65,08546
517038;65,08546
517054,4;65,08546
517071;65,08546
517087,6;65,08546
517110,6;65,08546
517127,3;65,08546
517143,8;65,08546
517160,7;65,08546
517176,9;65,08546
517193,7;65,08546
517210;65,08546
517226,6;65,08546
517243,2;65,08546
517265;65,08546
517281,5;65,08546
517298,1;65,08546
517314,7;65,08546
517331,2;65,08546
517350,9;65,08546
517367,6;65,08546
517384;65,08546
517400,6;65,08546
517426,7;65,08546
517443,3;65,08546
517459,8;65,08546
517476,4;65,08546
517493;65,08546
517509,6;65,46624
517526,1;65,46624
517542,7;65,46624
517559,3;65,46624
517582,2;65,46624
517598,8;65,46624
517615,4;65,46624
517631,9;65,46624
517648,4;65,46624
517665,1;65,46624
517681,6;65,46624
517698,4;65,46624
517714,7;65,46624
517740,5;65,46624
517757;65,46624
517773,6;65,46624
517790,2;65,46624
517806,8;65,46624
517823,3;65,46624
517839,9;65,46624
517857;65,46624
517873;65,42688
517895,9;65,40619
517912,5;65,37687
517929,1;65,35849
517945,6;65,33198
517962,3;65,31409
517978,8;65,30341
517995,4;65,29119
518011,9;65,25745
518028,5;65,23592
518060,6;65,25845
518077,2;65,25845
518093,7;65,25845
518110,3;65,25845
518126,8;65,25845
518143,4;65,25845
518160;65,25845
518176,5;65,25845
518193,3;65,25845
518217,2;65,25845
518233,8;65,25845
518250,4;65,25845
518266,9;65,25845
518283,8;65,25845
518300,1;65,18156
518316,7;65,18156
518333,2;65,18156
518349,8;65,18156
518371,9;65,18156
518388,7;65,18156
518405,1;65,18156
518421,6;65,18156
518438,2;65,18156
518454,8;65,18156
518471,3;65,18156
518488,2;65,18156
518504,5;65,18156
518526,3;65,18156
518543,1;65,18156
518559,4;65,18156
518576,2;65,18156
518592,6;65,18156
518609,4;65,18156
518625,7;65,18156
518642,3;65,18156
518658,9;65,18156
518680,1;65,18156
518696,7;65,18156
518713,3;65,18156
518730,1;65,18156
518746,7;65,18156
518765,5;65,18156
518782;65,18156
518798,8;65,18156
518815,2;65,18156
518841,8;65,18156
518858,4;65,18156
518874,9;65,18156
518891,5;65,18156
518908,5;65,18156
518924,8;65,18156
518941,2;65,18156
518958,3;65,18156
518974,4;65,18156
518996,8;65,18156
519013,4;65,35979
519030,1;65,35979
519046,5;65,35979
519063,1;65,35979
519079,7;65,35979
519096,2;65,35979
519112,8;65,35979
519129,4;65,35979
519152,1;65,35979
519168,6;65,35979
519185,3;65,35979
519202,2;65,35979
519218,3;65,35979
519234,9;65,35979
519251,5;65,76376
519268,1;65,84831
519284,6;65,92948
519307,7;66,01231
519324,2;66,10697
519340,8;66,18292
519357,4;66,26705
519373,9;66,35996
519390,5;66,43257
519407,5;66,51436
519423,7;66,60188
519441,9;66,68535
519467,5;66,77339
519484,1;66,85754
519501;66,94423
519517,3;67,02719
519533,8;67,11622
519550,4;67,17327
519567;67,25315
519583,6;67,33288
519600,4;67,41544
519622,8;67,50164
519639,6;67,22031
519655,9;67,22031
519672,5;67,70505
519689,2;67,70505
519705,6;67,70505
519722,8;67,70505
519738,8;67,70505
519755,6;67,70505
519778,6;67,70505
519795,2;67,70505
519811,7;67,70505
519828,3;67,70505
519844,8;67,70505
519861,4;67,70505
519878;67,70505
519894,6;67,70505
519911,1;67,70505
519934,4;67,88039
519951,5;68,00464
519967,6;68,12925
519984,2;68,24728
520000,7;68,37088
520017,3;68,4999
520033,9;68,61905
520051;68,74895
520067,4;68,86149
520090,1;68,97626
520106,6;69,10986
520123,2;69,23663
520139,8;69,17381
520162,3;69,35481
520174,4;69,10867
520191,1;68,93966
520207,5;69,07224
520224,1;68,50139
520246,4;68,60178
520263;68,26371
520279,5;68,26371
520296,2;68,26371
520312,7;68,26371
520329,3;68,81511
520345,8;68,81511
520362,7;68,81511
520379;68,81511
520400,8;68,81511
520417,3;68,81511
520433,9;68,81511
520450,4;68,81511
520467;68,81511
520483,6;68,81511
520500,8;68,81511
520516,7;68,81511
520533,4;68,81511
520556;68,94738
520572,6;69,03969
520589,2;69,1423
520605,7;69,23742
520622,3;69,33202
520638,8;69,4272
520655,6;69,53732
520672,1;69,63914
520689,1;69,65954
520711,5;69,18301
520728,1;69,21056
520744,6;69,23517
520761,2;69,25336
520777,8;69,26482
520794,3;69,29438
520810,9;69,31689
520827,8;69,33114
520844,1;69,34676
520864,4;69,36632
520881,5;69,38783
520901,3;69,41434
520914,1;69,41434
520930,7;69,41434
520947,3;69,96178
520963,9;69,96178
520980,8;69,96178
520997;69,96178
521019,8;69,96178
521036,7;69,96178
521052,8;69,96178
521069,5;69,96178
521086;69,96178
521102,7;69,96178
521119,1;69,96178
521135,8;69,96178
521152,3;69,96178
521176,6;69,96178
521193,2;69,96178
521209,8;69,96178
521226,3;69,96178
521242,8;69,96178
521259,9;69,96178
521276;69,96178
521292,5;69,96178
521309,3;69,96178
521331,8;69,96178
521348,7;69,96178
521365;69,96178
521381,5;69,96178
521398,2;69,96178
521414,7;69,96178
521431,3;69,96178
521447,8;69,96178
521464,3;69,96178
521485,1;69,96178
521501,7;69,96178
521518,4;69,96178
521534,8;69,96178
521551,4;69,96178
521568;69,96178
521584,5;69,96178
521601,4;70,10163
521618;70,10163
521649,3;70,10163
521665,8;70,10163
521999,2;70,10163
522015,8;70,10163
522032,8;70,10163
522048,9;70,10163
522065,8;70,10163
522082,1;70,10163
522098,6;70,10163
522115,2;70,10163
522131,7;70,10163
522148,8;70,10163
522164,8;70,10163
522181,9;70,10163
522198;70,10163
522214,5;70,10163
522231,1;70,10163
522247,7;70,10163
522264,4;70,10163
522280,8;70,10163
522297,4;70,10163
522314;70,10163
522330,6;70,10163
522347,1;70,10163
522363,7;70,10163
522380,3;70,10163
522396,8;70,10163
522413,3;70,10163
522429,9;70,10163
522446,5;70,10163
522463,6;70,10163
522480,5;70,10163
522501,9;70,10163
522512,9;70,10163
522529,3;70,10163
522545,9;70,10163
522562,8;70,10163
522579;70,10163
522595,8;70,10163
522612,2;70,10163
522628,7;70,10163
522645,3;70,10163
522662,1;70,10163
522679;70,10163
522695;70,10163
522711,6;70,10163
522728,8;70,10163
522744,7;70,3679
522761,9;70,3679
522778,2;70,3679
522794,4;70,3679
522811;70,3679
522827,5;70,3679
522844,1;70,3679
522860,7;70,3679
522877,2;70,3679
522894;70,3679
522910,3;70,3679
522926,9;70,3679
522943,5;70,3679
522960;70,3679
522977,1;70,3679
522993,2;70,3679
523009,8;70,3679
523026,3;70,3679
523042,9;70,3679
523059,4;70,3679
523076,1;70,3679
523092,6;70,3679
523109,1;70,3679
523125,7;70,3679
523142,3;70,3679
523158,9;70,3679
523175,6;70,3679
523192;70,3679
523208,6;70,3679
523225,2;70,3679
523241,7;70,3679
523258,3;70,3679
523275;70,3679
523291,6;70,3679
523308,3;70,3679
523324,5;70,3679
523341,3;70,3679
523358,3;70,3679
523374,2;70,3679
523391,4;70,3679
523407,8;70,3679
523423,9;70,3679
523440,5;70,3679
523457;70,3679
523473,6;70,3679
523490,4;70,3679
523506,8;70,3679
523523,3;70,3679
523540,5;70,3679
523556,6;70,3679
523573,3;70,3679
523589,8;70,3679
523606,1;70,3679
523622,8;70,3679
523639,3;70,14182
523655,8;70,14182
523672,5;70,14182
523689;70,14182
523705,6;70,14182
523722,4;70,14182
523738,7;70,14182
523755,3;70,14182
523771,8;70,14182
523788,4;70,14182
523804,9;70,14182
523821,8;70,14182
523838,9;70,14182
523854,8;70,14182
523871,2;70,14182
523887,8;70,14182
523904,3;70,14182
523921;70,14182
523937,7;70,14182
523954,5;70,14182
523970,7;70,14182
523987,2;70,14182
524004,1;70,14182
524020,3;70,14182
524036,9;70,14182
524053,5;70,14182
524070,7;70,14182
524086,6;70,14182
524103,6;70,14182
524119,7;70,14182
524136,5;70,14182
524152,8;70,14182
524169,4;70,14182
524186;70,14182
524203;70,14182
524219,1;70,14182
524235,7;70,14182
524252,4;70,14182
524268,8;70,14182
524285,4;70,14182
524304,1;70,14182
524318,6;70,14182
524335,1;70,14182
524351,7;70,14182
524368,3;70,14182
524384,8;70,14182
524401,4;70,14182
524418;70,14182
524434,5;70,14182
524451,1;70,14182
524468,1;70,14182
524484,2;70,14182
524500,9;70,14182
524517,3;70,14182
524533,9;70,14182
524550,5;70,14182
524567,5;70,14182
524583,8;70,37797
524600,3;70,37797
524616,7;70,37797
524633,4;70,37797
524649,8;70,37797
524666,9;70,37797
524683;70,37797
524700,1;70,37797
524716,1;70,37797
524732,7;70,37797
524750,2;70,37797
524765,8;70,37797
524782,8;70,37797
524799,1;70,37797
524815,8;70,37797
524832,1;70,37797
524848,6;70,37797
524865,3;70,37797
524881,9;70,37797
524898,4;70,37797
524914,9;70,37797
524931,8;70,37797
524948,1;70,37797
524964,6;70,37797
524981,2;70,37797
524997,8;70,37797
525014,4;70,37797
525031,1;70,37797
525047,4;70,37797
525064,5;70,37797
525080,6;70,37797
525097,2;70,37797
525113,7;70,37797
525130,3;70,37797
525147,1;70,37797
525163,6;70,37797
525180;70,37797
525196,6;70,37797
525213,6;70,37797
525230,1;70,37797
525249,7;70,37797
525262,8;70,37797
525279,7;70,37797
525296,4;70,37797
525312,5;70,37797
525329,3;70,37797
525345,6;70,37797
525362,4;70,37797
525378,8;70,37797
525395,3;70,37797
525411,9;70,37797
525428,8;70,37797
525445,1;70,37797
525461,6;70,37797
525478,2;70,37797
525494,8;70,37797
525511,4;70,37797
525527,9;70,18728
525544,4;70,18728
525561,1;70,18728
525577,7;70,18728
525594,2;70,18728
525610,7;70,18728
525627,3;70,18728
525644,1;70,18728
525660,4;70,18728
525677,3;70,18728
525693,6;70,18728
525710,1;70,18728
525726,7;70,18728
525743,3;70,18728
525759,8;70,18728
525776,4;70,18728
525793;70,18728
525809,5;70,18728
525826,1;70,18728
525843,1;70,48479
525859,3;70,38303
525875,8;70,28553
525892,7;70,18474
525909;70,083
525925,5;69,98212
525942,8;69,87262
525958,6;69,76714
525975,3;69,11414
525991,8;68,994
526008,7;68,87253
526025,1;68,74912
526041,4;68,62614
526058,3;68,52376
526074,6;68,40791
526091,1;68,46166
526107,8;68,28387
526124,3;68,17049
526140,9;68,22057
526157,4;68,22057
526174,8;68,22057
526194,1;68,22057
526210,8;68,22057
526227,4;68,22057
526243,9;68,22057
526260,4;68,22057
526277,1;68,22057
526294,3;68,22057
526310,2;68,22057
526326,8;68,22057
526343,5;68,22057
526360,4;68,22057
526376,7;68,22057
526393,1;68,10986
526410,4;68,10986
526426,1;68,10986
526443,3;68,10986
526459,3;68,10986
526476,4;68,10986
526492,4;68,10986
526509;68,10986
526525,8;68,10986
526542,4;68,10986
526558,7;68,10986
526575,3;68,10986
526591,8;68,10986
526608,3;68,10986
526624,9;68,10986
526641,5;68,10986
526658,4;68,10986
526674,6;68,43362
526692,1;68,33095
526707,8;68,22763
526724,9;68,13223
526741,2;68,03983
526758,1;67,94048
526774,1;67,84658
526790,6;67,73691
526807,2;67,63313
526823,8;66,94759
526840,3;66,84099
526857,2;66,73358
526873,4;66,63023
526890,3;66,52374
526906,9;66,41149
526923,3;66,29694
526939,7;66,18575
526956,3;66,07382
526972,8;65,97409
526989,4;66,02274
527006;66,02274
527022,6;66,02274
527039,1;65,86436
527055,9;65,75208
527072,2;65,64798
527088,8;65,54797
527105,4;65,58905
527122,3;65,58905
527138,8;65,58905
527155,6;65,58905
527171,8;65,49717
527188,3;65,49717
527204,8;65,49717
527221,3;65,49717
527237,9;65,49717
527254,4;65,49717
527271;65,49717
527287,6;65,49717
527304,8;65,49717
527320,8;65,49717
527337,4;65,49717
527354,2;65,49717
527370,6;65,49717
527386,9;65,49717
527403,9;65,49717
527420,1;65,49717
527436,7;65,49717
527453,3;65,49717
527469,9;65,49717
527486,9;65,49717
527502,9;65,49717
527519,6;65,49717
527536,7;65,49717
527552,8;65,49717
527569,2;65,49717
527585,8;65,85277
527602,5;65,76151
527619,6;65,69148
527635,5;65,61095
527652,1;65,51734
527668,6;65,41894
527685,8;64,77468
527701,9;64,20998
527718,6;64,20998
527734,9;64,20998
527751,4;64,20998
527768,9;64,20998
527784,6;64,20998
527801,1;64,20998
527817,7;64,20998
527834,8;64,29485
527851;64,21656
527867,4;64,043
527884;64,01371
527900,7;64,01371
527917,1;64,01371
527933,6;64,14773
527950,3;64,14773
527966,8;64,14773
527983,4;64,14773
528000,6;64,14773
528016,6;64,14773
528033,3;64,14773
528049,7;64,14773
528066,3;64,14773
528083,3;64,14773
528099,4;64,14773
528116,6;64,14773
528132,5;64,14773
528149,1;64,14773
528165,6;64,14773
528182,7;64,14773
528198,8;64,14773
528215,7;64,14773
528231,9;64,14773
528248,7;64,14773
528265,3;64,14773
528281,6;64,14773
528298,2;64,14773
528314,7;64,14773
528331,3;64,14773
528347,8;64,14773
528364,4;64,14773
528381;64,14773
528397,8;64,14773
528414,1;64,14773
528430,7;64,14773
528447,4;64,14773
528464;64,14773
528480,4;64,14773
528497,3;64,14773
528513,5;64,14773
528530,3;64,14773
528546,6;64,14773
528563,3;64,14773
528579,8;64,14773
528596,4;64,14773
528612,9;64,14773
528629,5;64,14773
528646,1;64,14773
528662,6;64,14773
528679,3;64,58778
528695,8;64,58778
528712,5;64,58778
528729,4;64,58778
528745,6;64,58778
528762;64,58778
528778,6;64,58778
528795,2;64,58778
528811,8;64,58778
528828,5;64,58778
528845;64,58778
528861,4;64,58778
528878,3;64,58778
528894,5;64,58778
528911,3;64,58778
528927,7;64,58778
528944,3;64,58778
528960,8;64,58778
528977,4;64,58778
528993,9;64,58778
529010,6;64,58778
529027,1;64,58778
529043,6;64,58778
529061,1;64,58778
529076,8;64,58778
529094;64,58778
529109,9;64,58778
529126,5;64,58778
529143,1;64,58778
529159,6;64,58778
529176,2;64,58778
529193,1;64,58778
529209,4;64,58778
529225,9;64,58778
529242,4;64,58778
529259,1;64,58778
529275,6;64,58778
529292,2;64,58778
529308,7;64,58778
529325,3;64,58778
529342,6;64,58778
529358,4;64,58778
529375;64,58778
529391,6;64,81403
529408,3;64,81403
529424,8;65,60039
529441,3;65,94987
529457,8;66,32207
529474,4;66,82281
529490,9;67,58414
529507,6;67,58414
529524,3;67,58414
529541;67,58414
529557,3;67,58414
529573,8;67,58414
529590,3;67,58414
529607,2;67,58414
529623,6;67,58414
529641;67,58414
529656,6;67,58414
529673,2;67,58414
529689,9;67,58414
529706,3;67,58414
529723,3;67,58414
529739,4;67,58414
529756,1;67,58414
529773;67,58414
529789,7;67,58414
529806,1;67,58414
529822,4;67,58414
529838,9;67,58414
529855,4;67,58414
529872,4;67,58414
529889,1;67,58414
529905,6;67,58414
529921,7;67,58414
529939,2;67,71722
529955,2;67,81023
529971,4;67,89887
529988;67,99088
530004,6;67,94001
530021,8;67,94001
530037,7;67,94001
530054,8;68,16853
530071,1;68,16853
530087,3;68,16853
530103,9;68,16853
530121,2;68,16853
530137;68,16853
530153,6;68,16853
530170,6;68,16853
530186,8;68,16853
530203,3;68,16853
530219,9;68,16853
530236,4;68,16853
530253,3;68,16853
530269,6;68,16853
530286,1;68,16853
530302,8;68,57845
530319,6;68,69071
530336,4;68,77769
530353,4;68,8877
530369,4;69,003
530385,6;69,11526
530402,1;69,22289
530418,7;69,00401
530435,4;69,09737
530452;69,18877
530468,4;69,28425
530484,9;69,28425
530484,9;69,28425
530504,9;69,28425
530521,6;69,28425
530538,6;69,28425
530555,1;69,28425
530571,4;69,28425
530587,8;69,28425
530604,4;69,28425
530620,9;69,28425
530637,5;69,28425
530654,1;69,28425
530670,6;69,28425
530687,2;69,28425
530703,8;69,28425
530720,4;69,28425
530736,9;69,28425
530753,5;69,28425
530770;69,28425
530786,8;69,28425
530803,2;69,28425
530819,7;69,69968
530836,8;69,36717
530853,3;69,36717
530869,4;69,36717
530886;69,36717
530903;69,88249
530919,1;69,88249
530935,8;69,88249
530953,3;69,88249
530968,8;69,88249
530985,4;69,88249
531001,9;69,88249
531018,5;69,88249
531035,1;69,88249
531052,1;69,88249
531068,3;69,88249
531084,8;69,88249
531101,4;69,88249
531117,9;69,88249
531134,4;69,88249
531151,1;69,88249
531168,1;69,88249
531184,5;69,88249
531200,8;69,88249
531217,4;69,88249
531233,9;69,88249
531250,6;69,88249
531273,1;69,88249
531283,6;69,88249
531300,2;69,88249
531316,9;69,88249
531333,8;69,88249
531349,9;69,88249
531366,4;69,88249
531383;69,88249
531399,6;69,88249
531416,4;69,88249
531432,8;69,88249
531449,3;69,88249
531465,8;69,88249
531482,4;69,88249
531498,9;69,88249
531515,6;69,88249
531532,1;69,88249
531548,6;70,08707
531566,2;70,08707
531581,8;70,08707
531598,3;70,08707
531614,9;70,08707
531631,5;70,08707
531648,1;70,08707
531664,6;70,08707
531681,2;70,08707
531697,8;70,08707
531714,3;70,08707
531730,9;70,08707
531747,8;70,08707
531764,1;70,08707
531780,6;70,08707
531797,2;70,50706
531813,8;70,59914
531830,4;70,7032
531846,9;70,80321
531863,4;70,90051
531880;70,9995
531896,6;71,09113
531913,1;71,19716
531929,9;71,29745
531946,6;71,40054
531962,8;71,50324
531979,4;71,60822
531996;71,69997
532012,5;71,78439
532029,1;71,88512
532045,6;71,98119
532062,5;72,08406
532079;72,18589
532095,3;71,90643
532112,3;72,00266
532128,5;71,95173
532145,3;71,95173
532161,6;71,95173
532180,3;71,95173
532197,3;72,16133
532213,7;72,16133
532229,9;72,16133
532246,5;72,16133
532263,1;72,16133
532279,6;72,16133
532296,2;72,56307
532312,8;72,21379
532329,4;72,21379
532346,1;72,21379
532362,4;72,21379
532379;72,21379
532396,3;72,21379
532412,4;72,21379
532428,7;72,21379
532445,3;72,62495
532462,4;72,68926
532478,4;72,75063
532495;72,80841
532511,6;72,87389
532528,1;72,95363
532544,7;73,01799
532561,3;72,54109
532577,8;71,62045
532594,4;71,38014
532610,9;71,10098
532628;69,94748
532644,1;69,95612
532660,9;69,96114
532677,3;69,97128
532694,3;69,97632
532710,5;69,43989
532726,9;69,43694
532743,8;69,42963
532760,1;69,41972
532777,6;69,39669
532794;69,39669
532809,8;69,39669
532826,9;69,91645
532843,3;69,91645
532859,8;69,91645
532876,6;69,91645
532893,2;69,91645
532909,1;69,91645
532925,8;69,91645
532942,3;69,91645
532958,9;69,91645
532975,4;69,91645
532992;69,91645
533008,8;69,91645
533025,6;69,91645
533042,2;69,91645
533064,4;69,91645
533080,9;69,91645
533097,6;69,91645
533114,6;69,91645
533130,6;69,91645
533147,4;69,91645
533163,8;69,91645
533180,4;69,91645
533197,1;69,91645
533213,5;69,91645
533230,1;69,91645
533246,6;69,91645
533263,2;69,91645
533279,8;69,91645
533296,4;69,91645
533312,9;69,91645
533329,4;69,91645
533346;69,91645
533362,9;69,91645
533379,1;69,91645
533396,2;69,91645
533412,3;69,91645
533428,8;69,91645
533446,4;69,91645
533462,3;69,91645
533478,9;69,91645
533495,6;69,94086
533511,7;69,94086
533528,3;69,94086
533544,8;69,94086
533561,4;69,94086
533577,9;69,94086
533594,6;69,94086
533611,1;69,94086
533628,2;69,94086
533644,3;69,94086
533660,9;69,94086
533677,4;69,94086
533693,9;69,94086
533710,5;69,94086
533727,1;69,94086
533743,6;69,94086
533760,7;69,94086
533776,8;69,94086
533793,3;69,94086
533809,9;69,94086
533826,5;69,94086
533843;69,94086
533859,6;69,94086
533876,2;69,94086
533893,4;69,94086
533909,3;69,94086
533925,9;69,94086
533942,6;69,94086
533967,6;69,94086
533984,1;69,94086
534000,8;69,94086
534017,7;69,94086
534033,9;69,94086
534050,4;69,94086
534067;69,94086
534083,7;69,94086
534100,1;69,94086
534116,9;69,94086
534133,3;69,94086
534149,8;69,94086
534166,4;69,94086
534183;69,94086
534199,8;69,94086
534216,1;70,46051
534232,7;70,46051
534249,2;70,46051
534265,8;70,46051
534282,9;70,46051
534299,3;70,46051
534315,5;70,46051
534332,1;70,46051
534348,8;70,46051
534365,2;70,46051
534381,8;70,46051
534398,3;70,46051
534414,9;70,46051
534431,4;70,46051
534448,1;70,46051
534464,8;70,46051
534481,1;70,46051
534497,8;70,46051
534514,5;70,46051
534531,1;70,34235
534547,6;70,25418
534564,3;70,18556
534580,7;70,10547
534597,1;70,02231
534613,8;69,95308
534630,3;69,24807
534646,9;69,17619
534663,5;69,07648
534680,1;68,64127
534696,6;68,64127
534713,1;68,64127
534729,7;68,64127
534746,2;68,64127
534762,8;68,9884
534779,4;68,90354
534796,2;68,81334
534812,5;68,73071
534829,3;68,63311
534845,7;68,63311
534866,9;68,63311
534885,4;68,5976
534901,9;68,5976
534918,8;68,5976
534935,1;68,5976
534951,8;68,5976
534968,4;68,5976
534984,8;68,5976
535001,3;68,5976
535017,9;68,5976
535034,6;68,5976
535051;68,5976
535067,6;68,5976
535084,6;68,5976
535100,7;68,5976
535117,3;68,5976
535133,9;68,5976
535150,9;68,5976
535167;68,5976
535183,6;68,5976
535200,5;68,5976
535216,7;68,5976
535233,3;68,5976
535250,7;68,5976
535266,4;68,5976
535283,1;68,5976
535299,6;68,5976
535316,1;68,5976
535333,6;68,5976
535349,3;68,5976
535365,8;68,5976
535382,4;68,5976
535398,9;68,5976
535416,1;68,5976
535432,6;68,5976
535448,7;68,5976
535465,2;68,5976
535481,8;68,5976
535498,6;68,5976
535514,9;68,5976
535531,4;68,5976
535548,1;68,5976
535564,6;68,5976
535581,2;68,5976
535599,4;68,5976
535616,1;68,5976
535632,6;69,03387
535649,1;69,03387
535665,7;69,03387
535682,5;69,03387
535698,9;69,03387
535715,4;69,03387
535737,9;69,03387
535754,5;69,03387
535771,1;69,03387
535788,1;69,03387
535804,2;69,03387
535820,8;69,03387
535837,8;69,03387
535853,9;69,03387
535871,1;69,03387
535887;69,03387
535903,6;69,03387
535920,2;68,8761
535936,8;68,7701
535953,3;68,66121
535970,1;68,55772
535986,4;68,45548
536003;68,35578
536021,3;68,2551
536046,1;68,15704
536062,8;68,04553
536086,8;67,93709
536113,4;67,83572
536135,4;67,73431
536153,9;67,79065
536172,2;67,54046
536191,4;67,14397
536210;67,14397
536226,6;67,14397
536246,8;67,4497
536264,3;67,3648
536286,6;67,2877
536308,5;67,2877
536333,1;67,2877
536352,1;67,2877
536369,8;67,22849
536386,4;67,22849
536404,8;67,22849
536421,4;67,22849
536441,1;67,22849
536458,1;67,22849
536474,7;67,22849
536498,7;67,22849
536518,7;67,22849
536543,3;67,22849
536559,9;67,22849
536577,3;67,22849
536592,9;67,22849
536614,3;67,22849
536626,1;67,22849
536643,4;67,22849
536659,3;67,22849
536675,8;67,22849
536692,5;67,22849
536708,9;67,22849
536725,9;67,22849
536742,1;67,22849
536758,8;67,22849
536775,2;67,22849
536791,8;67,22849
536808,4;67,22849
536824,9;67,22849
536841,6;67,22849
536858,1;67,22849
536874,6;67,22849
536891,4;67,22849
536907,8;67,22849
536924,3;67,22849
536940,9;67,22849
536957,4;67,22849
536974,1;67,22849
536990,6;67,22849
537007,1;67,22849
537023,8;67,22849
537040,3;67,22849
537057,1;67,22849
537073,4;67,22849
537089,9;67,22849
537106,6;67,22849
537123,1;67,22849
537139,7;67,22849
537156,3;67,7018
537173;67,97733
537189,4;67,97733
537205,9;67,97733
537222,6;67,97733
537239,7;67,97733
537255,8;67,97733
537272,4;67,97733
537289;67,97733
537305,4;67,97733
537322,4;67,97733
537338,9;67,97733
537355,4;67,97733
537371,6;67,97733
537388,2;67,97733
537405;67,97733
537421,3;67,97733
537438,1;67,97733
537455,9;67,97733
537471,3;67,97733
537487,6;67,97733
537504,2;67,97733
537521,1;67,93113
537537,4;67,89703
537553,8;67,86763
537570,9;67,83538
537587;67,82484
537603,8;67,78581
537620,1;67,76255
537636,7;67,76968
537653,3;67,72591
537669,8;67,74706
537686,4;67,74706
537703,4;67,74706
537719,6;67,70329
537736,1;67,67809
537753,3;67,64896
537769,4;67,62165
537785,8;67,59539
537802,4;67,59539
537818,9;67,59539
537835,5;67,59539
537852,1;68,07726
537868,9;68,07726
537885,2;68,07726
537901,9;68,07726
537918,3;68,07726
537935,1;68,07726
537951,5;68,07726
537968,1;68,07726
537984,6;68,07726
538001,4;68,07726
538018,8;68,07726
538034,3;68,07726
538050,8;68,07726
538067,4;68,07726
538084;68,07726
538100,5;68,07726
538117,1;68,02501
538133,8;67,99777
538150,8;67,9613
538166,8;67,93725
538183,4;67,3446
538200,8;66,90623
538216,6;66,9488
538233,1;66,97738
538249,9;67,01441
538266,3;67,04489
538282,8;67,08608
538299,9;67,12342
538316,4;67,15659
538332,5;67,19787
538351,9;67,23661
538368,9;67,27327
538385,2;67,3073
538402;67,35368
538418,5;67,39313
538434,8;66,94982
538451,6;67,01276
538467,9;66,70522
538484,6;66,70522
538501,1;66,70522
538518,1;67,11297
538534,3;67,11297
538550,8;67,11297
538567,3;67,11297
538583,9;67,11297
538600,4;67,11297
538617;67,11297
538634,4;67,11297
538650,1;67,11297
538666,8;67,11297
538683,6;67,11297
538699,8;67,11297
538716,4;67,11297
538733;67,11297
538749,7;67,11297
538766,1;67,11297
538782,7;67,11297
538799,8;67,11297
538815,8;67,11297
538832,4;67,11297
538849,3;67,11297
538865,6;67,11297
538882,1;67,11297
538898,8;67,11297
538915,4;67,11297
538932;67,11297
538948,4;67,11297
538964,9;67,11297
538981,5;67,11297
538998,1;67,11297
539014,6;67,11297
539031,2;67,11297
539047,8;67,11297
539064,3;67,11297
539080,9;67,11297
539097,5;67,11297
539114;67,11297
539130,6;67,11297
539147,1;67,11297
539163,7;67,11297
539180,3;67,11297
539196,9;67,11297
539213,6;67,11297
539230,1;67,28814
539246,6;67,28814
539263,3;67,28814
539280,8;67,28814
539296,3;67,28814
539312,9;67,28814
539329,4;67,28814
539345,9;67,28814
539362,8;67,28814
539379,1;67,28814
539395,7;67,28814
539412,7;67,28814
539428,8;67,28814
539445,4;67,28814
539462,6;67,28814
539478,5;67,28814
539495,1;67,28814
539511,8;67,28814
539528,5;67,28814
539545;67,28814
539561,3;67,28814
539578,3;67,28814
539594,5;67,28814
539611;67,28814
539627,6;67,28814
539644,2;67,28814
539660,8;67,28814
539677,3;67,28814
539693,9;67,28814
539710,9;67,28814
539727;67,28814
539743,5;67,28814
539760,1;67,28814
539776,7;67,28814
539793,3;67,28814
539809,8;67,28814
539826,8;67,28814
539843,6;67,28814
539859,5;67,28814
539876,1;67,28814
539892,6;67,28814
539909,3;67,28814
539925,8;67,28814
539942,4;67,28814
539959,6;67,74744
539975,4;68,12955
539992,1;68,12955
540008,6;68,12955
540025,2;68,12955
540041,8;68,12955
540058,4;68,12955
540074,9;68,12955
540091,6;68,12955
540108,1;68,12955
540124,6;68,12955
540141,4;68,12955
540157,7;68,12955
540175,4;68,12955
540191,9;68,12955
540209;68,12955
540225,1;68,12955
540241,6;68,12955
540258,2;68,12955
540275,3;68,12955
540291,3;68,12955
540307,9;68,12955
540325,4;68,12955
540341;68,12955
540357,6;68,12955
540374,2;68,12955
540390,8;68,12955
540407,3;68,12955
540423,9;68,12955
540440,4;68,12955
540457,9;68,12955
540473,6;68,12955
540490,1;68,12955
540506,7;68,12955
540523,3;68,12955
540539,9;68,12955
540556,4;68,12955
540573,4;68,12955
540589,6;68,12955
540606,1;68,12955
540622,7;68,30074
540639,5;68,30074
540656,5;68,30074
540672,4;68,30074
540689,3;68,30074
540705,5;68,30074
540722,1;68,30074
540738,8;68,30074
540755,2;68,30074
540772,1;68,30074
540788,3;68,30074
540805,5;68,30074
540821,7;68,30074
540838;68,30074
540854,6;68,30074
540871,6;68,30074
540887,9;68,30074
540904,3;68,30074
540920,8;68,30074
540937,4;68,30074
540954;68,30074
540970,8;68,30074
540987,5;68,30074
541003,9;68,30074
541020,3;68,30074
541036,8;68,30074
541053,4;68,30074
541069,9;68,30074
541086,6;68,30074
541103,5;68,30074
541120,1;68,30074
541136,7;68,30074
541153,6;68,30074
541169,9;68,30074
541186,3;68,30074
541203,1;68,30074
541219,6;68,30074
541236;68,65796
541252,8;68,34764
541269,2;68,70528
541286,4;68,70528
541302,6;68,70528
541318,9;68,70528
541335,4;68,70528
541352;68,70528
541368,6;68,70528
541385,1;68,70528
541401,8;68,70528
541418,4;68,70528
541434,9;68,70528
541451,7;68,70528
541467,9;68,70528
541484,6;68,70528
541501,1;68,70528
541517,7;68,70528
541534,3;68,70528
541550,8;68,70528
541567,4;68,70528
541584,4;68,80139
541600,5;68,86571
541617,4;68,929
541633,7;69,00445
541650,2;69,0743
541667,6;69,13277
541683,4;69,20042
541700,1;69,27612
541716,8;69,35371
541733,1;69,41021
541749,6;68,9799
541766,2;68,70083
541782,8;68,7093
541799,3;68,31018
541816,1;68,72023
541832,4;68,73022
541849,1;68,72746
541865,6;68,73172
541882,1;68,74168
541898,8;68,76147
541915,3;68,76941
541931,8;68,76941
541948,4;68,76941
541964,9;68,76941
541982,4;68,85567
541998,9;68,85567
542015,6;68,85567
542032,1;68,85567
542049,1;68,85567
542065,2;68,85567
542081,8;68,85567
542098,3;68,85567
542114,9;68,85567
542131,5;68,85567
542148;68,85567
542164,9;68,85567
542181,1;68,85567
542197,8;68,85567
542214,6;68,85567
542230,8;68,85567
542247,4;68,85567
542264;68,85567
542280,5;68,85567
542297,4;68,85567
542313,7;68,85567
542330,3;68,85567
542346,9;68,85567
542363,4;68,85567
542380;68,85567
542396,5;68,85567
542413,4;68,85567
542429,6;68,85567
542446,3;68,85567
542463,3;68,85567
542479,4;68,85567
542495,9;68,85567
542512,4;68,85567
542529,1;68,85567
542545,8;68,85567
542562,2;68,85567
542578,8;68,85567
542595,3;68,85567
542612,1;68,85567
542628,5;68,85567
542645,7;68,85567
542661,7;69,34343
542678,6;69,34343
542694,7;69,34343
542711,6;69,34343
542728;69,34343
542744,4;69,34343
542761;69,34343
542777,6;69,34343
542794,7;69,34343
542810,7;69,34343
542827,2;69,34343
542843,8;69,34343
542860,4;69,34343
542876,9;69,34343
542894;69,34343
542910,5;69,34343
542927,1;69,34343
542943,7;69,34343
542960,3;69,34343
542977,1;69,34343
542993,4;69,34343
543009,9;69,34343
543026,6;69,34343
543043,1;69,34343
543059,6;69,34343
543076,2;69,34343
543093,3;69,34343
543109,3;69,34343
543125,9;69,34343
543142,5;69,34343
543159,1;69,34343
543175,6;69,34343
543192,1;69,34343
543208,8;69,34343
543225,3;69,34343
543242;69,34343
543258,4;69,34343
543275;69,34343
543291,6;69,34343
543308,1;69,34343
543324,7;69,34343
543341,4;69,47022
543357,9;69,47022
543374,4;69,47022
543391,7;69,47022
543407,6;69,47022
543424,1;69,47022
543440,7;69,47022
543457,2;69,47022
543474,9;69,47022
543490,4;69,47022
543507,3;69,47022
543523,8;69,47022
543540,3;69,47022
543556,9;69,47022
543573,2;69,47022
543589,9;69,47022
543606,3;69,47022
543622,9;69,47022
543639,4;69,47022
543656,3;69,47022
543672,7;69,47022
543689,2;69,47022
543705,8;69,47022
543722,4;69,47022
543738,9;69,47022
543755,4;69,47022
543772;69,47022
543788,6;69,47022
543805,3;69,47022
543821,9;69,47022
543838,3;69,47022
543854,9;69,47022
543871,4;69,47022
543888;69,47022
543904,8;69,47022
543921,1;69,47022
543937,9;69,47022
543954,3;69,47022
543970,8;69,47022
543987,4;69,47022
544003,9;70,00954
544020,5;70,00954
544037,3;70,00954
544053,7;70,00954
544070,4;70,00954
544086,8;70,00954
544103,3;70,00954
544119,9;70,00954
544136,5;70,00954
544153;70,00954
544169,6;70,00954
544186,2;70,00954
544202,8;70,00954
544219,3;70,00954
544236,1;70,00954
544252,5;70,00954
544269,1;70,00954
544285,8;70,00954
544302,1;70,00954
544318,8;70,00954
544335,7;70,00954
544351,8;70,00954
544368,5;70,00954
544385,2;70,00954
544401,6;70,00954
544418,1;70,00954
544434,8;70,00954
544451,3;70,00954
544467,8;70,00954
544484,8;70,00954
544500,9;70,00954
544517,5;70,00954
544534,1;70,00954
544550,9;70,00954
544567,2;70,00954
544584,6;70,00954
544600,3;70,00954
544616,9;70,00954
544633,8;70,00954
544650,4;70,15633
544666,6;70,15633
544683,2;70,15633
544699,7;70,15633
544720,7;70,15633
544732,9;70,15633
544749,4;70,15633
544766,4;70,15633
544782,6;70,15633
544799,3;70,15633
544815,7;70,15633
544832,3;70,15633
544849,1;70,15633
544865,4;70,15633
544881,9;70,15633
544898,5;70,15633
544915,4;70,15633
544931,6;70,15633
544948,5;70,15633
544964,8;70,15633
544981,4;70,15633
544997,9;70,15633
545014,5;70,15633
545031,1;70,15633
545047,9;70,15633
545064,2;70,15633
545080,8;70,15633
545097,4;70,15633
545113,9;70,15633
545130,5;70,15633
545147,6;70,15633
545164,2;70,15633
545180,2;70,15633
545196,7;70,15633
545213,3;70,15633
545229,9;70,15633
545246,7;70,15633
545263;70,15633
545279,8;70,15633
545296,1;70,72005
545313,6;70,72005
545329,9;70,72005
545345,8;70,72005
545362,4;70,72005
545378,9;70,72005
545395,5;70,72005
545412,3;70,72005
545428,6;70,72005
545445,3;70,72005
545461,8;70,72005
545478,4;70,72005
545495,3;70,72005
545511,5;70,72005
545528,1;70,72005
545544,6;70,72005
545561,4;70,72005
545577,8;70,72005
545594,3;70,72005
545611,5;70,72005
545628,1;70,72005
545644,6;70,72005
545661,6;70,72005
545677,8;70,72005
545694,4;70,72005
545711,4;70,72005
545727,9;70,72005
545744,1;70,72005
545761,1;70,72005
545777,3;70,72005
545793,8;70,72005
545810,6;70,72005
545826,9;70,72005
545843,9;70,72005
545860,1;70,72005
545876,6;70,72005
545893,3;70,72005
545909,9;70,72005
545926,3;70,72005
545943,3;70,94495
545959,4;70,94495
545976;70,94495
545993,4;70,94495
546009,4;70,94495
546025,7;70,94495
546043;70,94495
546059,7;70,94495
546075,4;70,94495
546092,1;70,94495
546108,5;70,94495
546125,4;70,94495
546141,7;70,94495
546158,3;70,94495
546175,4;70,94495
546191,4;70,94495
546207,9;70,94495
546224,5;70,94495
546241,1;70,94495
546258,4;70,94495
546274,3;70,94495
546290,9;70,94495
546307,3;70,94495
546323,9;70,94495
546340,6;70,94495
546357,1;70,94495
546373,8;70,94495
546390,3;70,94495
546406,8;70,94495
546423,3;70,94495
546440,1;71,45358
546456,4;71,0611
546473,4;71,15195
546494,9;71,15195
546506,2;71,15195
546523,8;71,15195
546539,3;71,15195
546556;71,44987
546572,6;71,44987
546589,6;71,44987
546605,5;71,44987
546622,1;71,44987
546639,1;71,44987
546655,2;71,44987
546672;71,44987
546688,4;71,44987
546705,4;71,44987
546722,1;71,44987
546738,1;71,44987
546754,6;71,44987
546771,2;71,44987
546787,9;71,44987
546804,3;71,44987
546821,3;71,44987
546837,4;71,44987
546854,1;71,9632
546870,6;72,0584
546887,3;72,15842
546904,1;72,24776
546920,3;71,83398
546936,9;71,83398
546953,4;71,83398
546970,1;71,83398
546986,6;71,83398
547003,1;71,83398
547019,8;72,34476
547036,3;72,44315
547052,9;72,54401
547069,4;72,64288
547086;72,73109
547102,6;72,73109
547119,1;72,73109
547135,7;72,73109
547152,3;72,73109
547168,9;72,73109
547185,4;72,73109
547202;72,73109
547218,5;72,73109
547235,1;72,73109
547251,6;72,73109
547268,3;72,73109
547285,2;72,73109
547301,6;72,73109
547317,9;72,73109
547334,5;72,73109
547351,8;72,73109
547368,6;72,73109
547384,2;72,73109
547400,8;72,73109
547418,1;72,73109
547434,6;72,73109
547451,2;72,73109
547467,8;72,73109
547484,3;72,73109
547500,9;72,73109
547517,4;72,73109
547534,1;72,73109
547550,6;72,73109
547567,3;72,73109
547583,8;72,73109
547600,3;72,73109
547616,9;72,73109
547633,4;72,73109
547650;72,73109
547666,6;72,73109
547683,3;72,73109
547699,7;72,73109
547716,3;72,73109
547732,9;73,01031
547749,4;73,01031
547766;73,01031
547782,8;73,01031
547799,1;73,01031
547815,8;73,01031
547832,2;73,01031
547848,8;73,01031
547865,8;73,01031
547881,9;73,01031
547898,9;73,01031
547915,1;73,01031
547931,6;73,01031
547948,3;73,01031
547964,8;73,01031
547981,3;73,01031
547998,5;73,01031
548014,4;73,01031
548031,1;73,01031
548047,7;73,01031
548064,1;73,01031
548081;73,01031
548097,6;73,01031
548113,9;73,01031
548130,8;73,01031
548147;73,01031
548164,1;73,01031
548180,2;73,01031
548197,3;73,01031
548213,6;73,01031
548229,9;73,01031
548246,4;73,01031
548263;73,01031
548279,6;73,01031
548297,6;73,01031
548312,7;73,01031
548329,3;73,01031
548345,8;73,76607
548362,4;73,76607
548378,9;73,76607
548395,5;73,76607
548412,8;73,76607
548428,6;73,76607
548445,7;73,76607
548461,8;73,76607
548478,4;73,76607
548495,2;73,76607
548511,5;73,76607
548528,2;73,76607
548544,9;73,76607
548561,2;73,76607
548577,8;73,76607
548594,7;73,76607
548611,3;73,76607
548627,8;73,76607
548644;73,76607
548660,6;73,76607
548677,1;73,76607
548694,1;73,76607
548710,5;73,76607
548727,6;73,76607
548744;73,76607
548760,4;73,76607
548776,6;73,76607
548793,6;73,76607
548810,1;73,76607
548826,3;73,76607
548843,3;73,76607
548859,4;73,76607
548875,9;73,76607
548892,5;73,76607
548909,4;73,76607
548925,8;73,76607
548942,2;73,76607
548958,8;73,76607
548975,3;73,76607
548991,9;73,76607
549008,5;73,76607
549025,2;73,76607
549041,6;73,76607
549058,2;73,76607
549075,1;73,76607
549091,3;73,76607
549107,9;73,76607
549124,4;73,76607
549141;73,76607
549158,9;73,76607
549174,1;73,76607
549190,8;73,76607
549207,3;73,76607
549223,8;73,76607
549240,4;73,76607
549257;73,76607
549273,6;73,76607
549290,1;73,76607
549307,5;73,76607
549323,3;73,76607
549339,8;73,76607
549356,8;73,76607
549373,2;73,76607
549389,5;73,82355
549406,1;73,80721
549422,7;73,80721
549439,2;73,80721
549455,9;73,80721
549472,4;73,96824
549488,9;73,96824
549505,5;73,96824
549522,4;73,96824
549539;73,96824
549555,8;73,96824
549571,7;73,96824
549588,6;73,96824
549604,9;73,96824
549621,8;73,96824
549638,4;73,96824
549654,6;73,96824
549671,2;73,96824
549687,9;73,96824
549704,3;73,96824
549720,8;74,40295
549737,4;74,43323
549754,6;74,47269
549770,6;74,51817
549787,1;74,55161
549804;74,58425
549820,3;74,63034
549836,8;74,66528
549853,4;74,70236
549869,9;74,21911
549886,5;74,21894
549903,4;73,39111
549919,8;72,99216
549936,2;73,43525
549953,1;73,07864
549969,6;73,10222
549985,9;73,13093
550002,5;73,15263
550019,1;73,17745
550035,6;73,19842
550052,8;73,21636
550070;73,21636
550086,2;73,21636
550102,6;73,73915
550119,1;73,73915
550136,2;73,73915
550152,6;73,73915
550168,8;73,73915
550185,5;73,73915
550202,1;73,73915
550218,5;73,73915
550235,1;73,73915
550251,6;73,73915
550269,1;73,73915
550284,8;73,73915
550301,3;73,73915
550317,9;73,73915
550335,2;73,73915
550351;73,73915
550367,7;73,73915
550384,1;73,73915
550401,3;73,73915
550417,4;73,73915
550433,8;73,73915
550450,4;73,73915
550467;73,73915
550483,6;73,73915
550500,2;73,73915
550516,7;73,73915
550533,3;73,73915
550550;73,73915
550567;73,73915
550583,3;73,73915
550599,6;73,73915
550616,7;73,73915
550632,6;73,73915
550649,3;73,73915
550666,4;73,73915
550682,4;73,76694
550699,3;73,76694
550715,5;73,76694
550732,1;73,76694
550749,1;73,76694
550765,6;74,32129
550781,9;74,32129
550798,3;74,32129
550814,9;74,32129
550831,5;74,32129
550848;74,32129
550864,6;74,32129
550881,5;74,32129
550897,7;74,32129
550914,3;74,32129
550935,6;74,32129
550947,4;74,32129
550964;74,32129
550980,5;74,32129
550997,1;74,32129
551013,9;74,32129
551030,3;74,32129
551046,8;74,32129
551063,4;74,32129
551079,9;74,3124
551096,5;74,31523
551113,1;74,31013
551129,6;74,31425
551146,3;74,29736
551163,2;74,30974
551179,3;74,31065
551195,9;74,31606
551213,4;74,31198
551229,1;74,31976
551245,6;74,31721
551262,2;74,3166
551279;74,3044
551295,3;74,3046
551311,9;73,74089
551328,6;73,14825
551345,1;73,14825
551361,6;73,14825
551378,2;73,14825
551394,8;73,14825
551411,4;73,1059
551428,8;73,1059
551444,4;73,1059
551461;73,1059
551477,6;73,1059
551494,1;73,1059
551511,1;73,1059
551527,3;73,1059
551544,1;73,1059
551560,4;73,1059
551577,3;73,1059
551593,8;73,1059
551610,1;73,1059
551626,8;73,1059
551643,4;73,1059
551659,8;73,1059
551677;73,1059
551692,9;73,1059
551709,9;73,1059
551726,1;73,1059
551742,9;73,1059
551759,4;73,1059
551775,8;73,1059
551792,3;73,1059
551808,9;73,1059
551825,4;73,1059
551842,3;73,1059
551858,6;73,1059
551875,2;73,1059
551891,8;73,1059
551908,6;73,1059
551924,9;73,1059
551941,4;73,1059
551958;73,1059
551974,6;73,1059
551991,8;72,89371
552008,3;72,28332
552024,3;72,28332
552040,8;72,28332
552057,6;72,28332
552074,2;72,28332
552090,5;72,28332
552107,1;72,28332
552124,1;72,25882
552140,5;72,25882
552156,8;72,25882
552173,6;72,25882
552190,4;72,25882
552206,5;72,25882
552223;72,25882
552240,4;72,25882
552256,6;72,25882
552272,8;72,25882
552289,3;72,25882
552306,1;72,25882
552322,4;72,25882
552339;72,25882
552355,6;72,25882
552372,1;72,25882
552388,8;72,25882
552405,3;72,25882
552421,9;72,25882
552438,5;72,25882
552455;72,25882
552471,6;72,25882
552488,1;72,25882
552504,8;72,25882
552521,6;72,25882
552537,9;72,25882
552554,4;72,25882
552571,3;72,25882
552587,9;72,25882
552604,1;72,25882
552620,7;72,25882
552637,2;72,25882
552653,8;72,25882
552670,4;72,25882
552687;72,25882
552704,4;72,25882
552721,1;72,25882
552737,8;72,25882
552754,2;72,25882
552770,8;72,25882
552787,8;72,66801
552804,9;72,66801
552820,4;72,66801
552837,3;72,66801
552854;72,66801
552870,2;72,66801
552886,8;72,66801
552903,3;72,66801
552920,3;72,66801
552936,4;72,66801
552953;72,66801
552969,6;72,66801
552986,6;72,66801
553003,3;72,66801
553019,3;72,66801
553035,8;72,66801
553052,4;72,45612
553069;72,30786
553085,5;71,45292
553102,1;71,30022
553118,6;71,15314
553135,3;71,00199
553151,8;70,85184
553168,9;70,69435
553184,9;70,5343
553201,5;70,39424
553218,1;70,24155
553234,6;69,14391
553251,3;69,05424
553267,8;68,39859
553284,4;68,3224
553301,6;68,22217
553317,4;68,13338
553334,1;68,03947
553351,2;67,94424
553367,2;67,97745
553383,8;67,8362
553400,9;67,7434
553416,9;67,66433
553433,4;67,5713
553450,1;67,46985
553466,6;67,3821
553483,1;67,42098
553499,7;67,42098
553516,3;67,42098
553533,3;67,42098
553549,4;67,34245
553570;67,34245
553582,5;67,34245
553599,1;67,34245
553616,4;67,34245
553632,3;67,34245
553648,9;67,34245
553665,9;67,34245
553682,1;67,34245
553698,5;67,34245
553715,1;67,34245
553731,6;67,34245
553748,2;67,34245
553765,1;67,34245
553781,3;67,34245
553797,9;67,34245
553814,4;67,34245
553831,2;67,34245
553847,8;67,34245
553864,1;67,34245
553880,8;67,34245
553897,3;67,34245
553914,1;67,34245
553930,5;67,34245
553947;67,34245
553963,6;67,34245
553980,1;67,34245
553997,6;67,34245
554014,4;67,34245
554029,9;67,34245
554046,4;67,34245
554062,9;67,34245
554079,6;67,34245
554096,1;67,34245
554112,7;67,34245
554129,2;67,34245
554145,8;67,34245
554162,4;67,34245
554179,1;67,34245
554195,5;67,34245
554212,1;67,34245
554228,6;67,34245
554245,3;67,34245
554262,1;67,34245
554278,4;67,34245
554294,9;67,34245
554311,4;67,34245
554328;67,74963
554344,9;67,74963
554361,1;67,74963
554377,8;67,74963
554394,6;67,74963
554410,8;67,74963
554427,4;67,74963
554444;67,74963
554460,6;67,74963
554478,5;67,74963
554495,3;67,74963
554511,8;67,74963
554528,3;67,74963
554545,2;67,74963
554561,5;67,74963
554577,9;67,74963
554594,6;67,74963
554611,3;67,74963
554627,6;67,74963
554644,3;67,74963
554660,8;67,74963
554677,4;67,74963
554694,1;67,74963
554710,4;67,74963
554727,1;67,74963
554743,6;67,74963
554760,2;67,74963
554776,9;67,74963
554793,6;67,74963
554809,9;67,74963
554826,8;67,74963
554843,3;67,74963
554859,9;67,74963
554876,2;67,74963
554893,4;67,74963
554909,3;67,74963
554926,2;67,74963
554942,4;67,74963
554959;67,74963
554976;67,74963
554992,1;67,74963
555008,7;67,74963
555025,6;67,74963
555041,8;67,74963
555058,4;67,74963
555074,9;67,74963
555091,5;67,73607
555108,1;67,73607
555124,6;67,73607
555141,3;67,73607
555158,1;67,73607
555174,5;67,73607
555190,9;67,73607
555207,5;67,73607
555224,4;67,73607
555240,6;67,73607
555257,2;67,73607
555274,1;67,73607
555290,3;67,73607
555306,9;67,73607
555323,4;67,73607
555340;67,73607
555356,6;67,73607
555373,2;67,73607
555389,7;67,73607
555406,5;67,73607
555422,9;67,73607
555439,4;67,73607
555456;67,73607
555472,6;67,73607
555489,1;68,10877
555505,9;68,05875
555522,6;68,00379
555538,9;67,94851
555555,4;67,88882
555571,9;67,84144
555588,5;67,40752
555605,1;67,40752
555621,7;67,40752
555638,3;67,40752
555654,8;67,40752
555671,5;67,40752
555687,9;67,40752
555704,8;67,40752
555721,1;67,25037
555737,6;66,81634
555754,2;66,81634
555771,4;66,81634
555787,4;66,81634
555804,1;66,72818
555820,6;66,72818
555837,1;66,72818
555853,6;66,72818
555870,4;66,72818
555886,8;66,72818
555903,3;66,72818
555919,9;66,72818
555936,4;66,72818
555953;66,72818
555969,6;66,72818
555986,1;66,72818
556002,7;66,72818
556019,3;66,72818
556035,8;66,72818
556053,1;66,72818
556069,2;66,72818
556085,6;66,72818
556102,1;66,72818
556119,1;66,72818
556135,3;66,72818
556151,8;66,72818
556168,3;66,72818
556185;66,72818
556201,7;66,72818
556218,1;66,72818
556238,8;66,72818
556251,3;66,72818
556267,8;66,72818
556284,5;66,72818
556301,1;66,72818
556317,8;66,72818
556334,1;66,72818
556350,6;66,72818
556367,2;66,72818
556383,8;66,72818
556400,9;66,72818
556417,2;66,72818
556433,5;66,69205
556450;66,69205
556466,7;66,69205
556483,1;66,69205
556499,8;66,69205
556516,4;67,16439
556532,8;67,16439
556549,4;67,16439
556566,1;67,16439
556582,5;67,16439
556599,1;67,16439
556615,7;67,16439
556632,2;67,16439
556648,8;67,16439
556665,4;67,16439
556682,2;67,16439
556698,5;67,16439
556715,1;67,16439
556731,6;67,16439
556748,2;67,16439
556765;67,16439
556781,3;67,16439
556798,6;67,16439
556814,4;67,16439
556831,2;67,16439
556847,9;67,16439
556864,1;67,16439
556880,8;67,16439
556897,3;67,16439
556913,9;67,16439
556930,4;67,16439
556947;67,16312
556963,6;67,16384
556980,1;67,16384
556996,9;67,16531
557013,3;67,16531
557029,9;67,16531
557046,4;67,16531
557063,3;67,16531
557079,5;67,16531
557096,1;67,16531
557112,8;67,16531
557131,4;67,16531
557148;67,16531
557165,2;67,16531
557181,1;67,16531
557197,9;67,16531
557214,3;67,16531
557230,8;67,16531
557247,4;67,30981
557264;67,30981
557280,5;67,30981
557297,3;67,30981
557313,7;67,30981
557330,3;67,30981
557347;67,30981
557363,4;67,30981
557379,9;67,30981
557396,5;67,30981
557413,1;67,30981
557429,8;67,30981
557446,3;67,30981
557462,8;67,30981
557479,5;67,73874
557496,1;67,75052
557512,4;67,76587
557529,1;67,78086
557545,6;67,79678
557562,2;67,8271
557578,8;67,84682
557595,3;67,86557
557611,9;67,88209
557628,9;67,32959
557645,2;67,39432
557662;66,95565
557678,2;67,04811
557694,7;66,73654
557711,3;67,12493
557727,9;67,21389
557744,6;67,29743
557761,6;67,38555
557777,5;67,46782
557794,1;67,55149
557810,7;67,2404
557827,3;67,2404
557843,8;67,2404
557860,4;67,2404
557876,9;67,2404
557893,9;67,7494
557910,1;67,7494
557927,1;67,7494
557943,4;67,7494
557959,8;67,7494
557976,3;67,7494
558001,1;67,7494
558009,6;67,7494
558026,1;67,7494
558042,6;67,7494
558059,6;67,7494
558075,8;67,7494
558092,3;67,7494
558109;67,7494
558125,4;67,7494
558142,3;67,7494
558158,6;67,7494
558175,3;67,7494
558191,7;67,7494
558208,3;67,7494
558224,9;67,7494
558241,4;67,7494
558258;67,7494
558274,6;67,7494
558291,5;67,7494
558307,8;67,7494
558324,3;67,7494
558340,8;67,7494
558357,4;67,7494
558374,6;67,7494
558390,5;67,7494
558407,1;67,7494
558423,9;67,7494
558440,2;67,7494
558456,8;67,7494
558473,3;67,7494
558490,4;67,7494
558506,6;67,7494
558523,1;67,7494
558539,8;67,99171
558556,3;67,99171
558572,8;67,99171
558589,4;67,99171
558605,9;67,99171
558622,4;67,99171
558639;67,99171
558655,6;67,99171
558672,1;67,99171
558688,8;67,99171
558705,3;67,99171
558721,9;67,99171
558738,4;67,99171
558755,1;67,99171
558771,6;67,99171
558788,1;67,99171
558804,7;67,99171
558821,4;67,99171
558837,9;67,99171
558855;67,99171
558871,5;67,99171
558888,5;67,99171
558905;67,99171
558921,3;67,99171
558937,8;67,99171
558954,4;67,99171
558971,1;67,99171
558987,5;67,99171
559004,1;67,99171
559020,8;67,99171
559037,3;67,99171
559053,8;67,99171
559070,6;67,99171
559086,9;68,40874
559103,4;68,51869
559120,1;68,63219
559136,8;68,30674
559153,6;68,30674
559169,8;68,30674
559186,3;68,86806
559202,9;68,86806
559219,4;68,86806
559236,1;68,86806
559252,6;68,86806
559269,5;68,86806
559285,7;68,86806
559302,8;68,86806
559319,3;68,86806
559335,4;68,86806
559352,3;68,86806
559368,5;68,86806
559385,1;68,86806
559401,7;68,86806
559418,3;68,86806
559434,9;68,86806
559451,5;68,86806
559468,1;68,86806
559485,1;68,86806
559501,1;68,86806
559518,3;68,86806
559534,6;68,86806
559551,7;68,86806
559567,4;68,86806
559583,9;68,86806
559600,8;68,86806
559617,3;68,86806
559633,7;68,86806
559650,3;68,86806
559666,8;68,86806
559683,3;68,86806
559705,1;69,00732
559716,4;69,11581
559733,5;69,05856
559749,6;69,05856
559766,3;69,05856
559782,8;69,05856
559799,3;69,05856
559815,9;69,33447
559832,8;69,33447
559849;69,33447
559865,9;69,33447
559882,1;69,33447
559898,7;69,33447
559915,4;69,33447
559931,8;69,33447
559948,4;69,33447
559964,9;69,33447
559981,5;69,33447
559998,1;69,33447
560014,9;69,33447
560031,5;69,33447
560047,8;69,33447
560064,3;69,33447
560080,9;69,33447
560097,6;69,33447
560114;69,33447
560130,6;69,33447
560147,2;69,33447
560163,9;69,33447
560180,4;69,33447
560196,9;69,33447
560213,4;69,33447
560230;69,33447
560246,6;69,33447
560263,6;69,33447
560279,8;69,33447
560296,3;69,33447
560312,9;69,33447
560329,4;69,33447
560346,5;69,33447
560363,1;69,73512
560379,1;69,4164
560395,7;69,4164
560412,4;69,4164
560428,9;69,4164
560445,4;69,4164
560461,9;69,94071
560478,5;69,94071
560495,4;69,94071
560511,9;69,94071
560528,4;69,94071
560545,3;69,94071
560561,4;69,94071
560578,1;69,94071
560594,5;69,94071
560611;69,94071
560627,6;69,94071
560644,2;69,94071
560660,8;69,94071
560677,6;69,94071
560693,9;69,94071
560710,4;69,94071
560727;69,94071
560743,6;69,94071
560760,3;69,94071
560776,8;69,94071
560793,3;69,94071
560809,8;69,94071
560826,4;69,94071
560843,5;69,94071
560859,8;69,94071
560876,7;69,94071
560893,2;69,94071
560909,3;69,94071
560926,1;69,94071
560942,4;69,94071
560958,9;69,94071
560975,5;69,94071
560993,1;69,94071
561008,7;69,94071
561025,2;69,94071
561041,9;69,94071
561058,4;69,94071
561074,9;69,94071
561091,8;69,94071
561108,1;70,13839
561124,6;70,13839
561141,2;70,13839
561158,1;70,13839
561174,4;70,13839
561190,9;70,13839
561207,4;70,13839
561224,3;70,13839
561241,3;70,13839
561257,9;70,13839
561273,7;70,13839
561290,8;70,13839
561306,9;70,13839
561324;70,13839
561339,9;70,13839
561356,7;70,13839
561373,1;70,13839
561389,6;70,13839
561406,3;70,13839
561422,8;70,13839
561439,4;70,13839
561456;70,13839
561472,6;70,13839
561489,1;70,13839
561505,6;70,13839
561522,2;70,13839
561539,1;70,13839
561555,4;70,13839
561571,9;70,13839
561588,5;70,13839
561605,6;70,13839
561621,6;70,13839
561638,4;70,13839
561654,8;70,13839
561671,5;70,13839
561688,3;70,13839
561704,4;70,13839
561721;70,13839
561737,6;70,13839
561754,1;70,13839
561770,8;70,13839
561787,3;70,54491
561804,3;70,54491
561820,4;70,54491
561837;70,54491
561853,5;70,54491
561870,1;70,54491
561886,8;70,54491
561903,3;70,54491
561919,8;70,54491
561936,4;70,54491
561952,9;70,54491
561969,5;70,54491
561986,8;70,54491
562002,6;70,54491
562019,3;70,54491
562036,3;70,54491
562053,3;70,54491
562069;70,54392
562085,5;70,55418
562102,1;70,55609
562118,6;70,5584
562135,2;70,54939
562151,8;70,55145
562168,3;70,56323
562184,9;70,56664
562202,3;70,51801
562218;70,03082
562234,6;69,99391
562251,3;69,96984
562268,1;69,93468
562284,3;69,90192
562300,8;69,56351
562317,4;69,86176
562334,2;69,52057
562350,5;69,81721
562374,8;69,49369
562383,7;69,79494
562400,3;69,31242
562417;68,77682
562433,4;68,70466
562449,9;68,64123
562466,6;68,64123
562483,3;68,64123
562499,6;69,00864
562516,6;69,00864
562532,8;69,00864
562549,3;69,00864
562565,9;69,00864
562582,9;69,00864
562599,6;69,00864
562616,3;69,00864
562632,3;69,00864
562648,8;69,00864
562665,8;69,00864
562681,9;69,00864
562698,4;69,00864
562715,1;69,00864
562731,9;69,00864
562748,2;69,00864
562764,7;69,00864
562781,3;69,00864
562797,9;69,00864
562814,4;69,00864
562831;69,00864
562847,6;69,00864
562864,1;69,00864
562880,7;68,7401
562897,4;68,65164
562913,8;68,56552
562930,6;68,47188
562946,9;68,37539
562963,8;68,26711
562980,1;68,16877
562996,6;68,07247
563013,3;67,98924
563030;67,60081
563046,7;67,60081
563062,9;67,60081
563079,7;67,60081
563096,1;67,60081
563112,7;67,60081
563129,1;67,60081
563145,8;67,60081
563162,3;67,60081
563178,9;67,60081
563195,4;67,89815
563212,2;67,89815
563228,9;67,89815
563245,2;67,89815
563261,8;67,89815
563278,3;67,81516
563294,9;67,98858
563311,4;67,98858
563328;67,98858
563344,6;67,98858
563361,1;67,98858
563377,7;67,98858
563394,3;67,98858
563410,8;67,98858
563427,4;67,98858
563444;67,98858
563460,5;67,98858
563477,8;67,98858
563493,6;67,98858
563510,2;67,98858
563526,8;67,98858
563543,3;67,98858
563559,9;67,98858
563576,5;67,98858
563593;67,98858
563610,1;67,98858
563626,2;67,98858
563642,8;67,98858
563659,6;67,98858
563675,9;67,98858
563693,6;67,98858
563709;67,98858
563725,6;67,98858
563742,1;67,98858
563758,8;67,98858
563775,3;67,98858
563792,2;67,98858
563808,5;67,98858
563825;67,98858
563841,6;67,98858
563858,1;67,98858
563874,7;67,98858
563891,3;67,98858
563907,8;67,98858
563924,4;67,98858
563941,6;67,98858
563957,6;67,98858
563974,1;67,98858
563990,9;67,98858
564007,2;67,98858
564024,4;67,98858
564040,4;68,36727
564057,1;68,36727
564073,5;68,36727
564090,3;68,36727
564106,6;68,36727
564123,2;68,36727
564139,9;68,36727
564156,3;68,36727
564172,9;68,36727
564189,4;68,36727
564206;68,36727
564222,6;68,36727
564239,1;68,36727
564255,8;68,36727
564272,3;68,36727
564288,8;68,36727
564305,4;68,36727
564321,9;68,36727
564338,6;68,36727
564355,1;68,36727
564371,7;68,36727
564388,3;68,36727
564404,9;68,2334
564422,1;68,14348
564438,4;68,05389
564454,5;67,97629
564471,1;67,88926
564487,7;67,80097
564504,2;67,70953
564520,8;67,63347
564537,4;67,44315
564553,9;66,77351
564571,1;66,65988
564587,1;66,54784
564603,8;66,30028
564620,2;65,89613
564636,8;65,89613
564653,4;65,89613
564669,9;65,89613
564686,4;65,89613
564703,3;66,21001
564719,6;66,10905
564736,3;65,55902
564752,9;65,55902
564769,3;65,55902
564785,9;65,55902
564802,4;65,55902
564819;65,50416
564835,6;65,50416
564852,1;65,50416
564868,7;65,50416
564885,3;65,50416
564901,8;65,50416
564918,4;65,50416
564934,9;65,50416
564951,6;65,50416
564968,1;65,50416
564985;65,50416
565001,3;65,50416
565017,8;65,50416
565034,8;65,50416
565051,1;65,50416
565067,6;65,50416
565084,1;65,50416
565100,6;65,50416
565117,3;65,50416
565133,8;65,50416
565150,3;65,50416
565167,3;65,50416
565183,5;65,50416
565200;65,50416
565216,6;65,50416
565233,1;65,50416
565249,9;65,50416
565266,4;65,50416
565282,8;65,50416
565299,7;65,50416
565316,4;65,50416
565333,4;65,50416
565349,1;65,50416
565365,7;65,50416
565382,3;65,50416
565399;65,50416
565415,4;65,50416
565431,9;65,50416
565449,1;65,50416
565465,1;65,50416
565481,6;65,50416
565498,3;65,50416
565514,8;65,50416
565531,6;65,50416
565548,3;65,50416
565564,9;65,50416
565581,1;65,90154
565598,1;65,90154
565614,4;65,90154
565630,8;65,90154
565647,3;65,90154
565663,9;65,90154
565680,4;65,90154
565697;65,90154
565713,8;65,90154
565730,2;65,90154
565746,8;65,90154
565763,3;65,90154
565779,9;65,90154
565796,9;65,90154
565813;65,90154
565829,6;65,90154
565846,1;65,90154
565862,7;65,90154
565879,3;65,90154
565895,8;65,90154
565912,4;65,90154
565928,9;65,90154
565945,8;65,90154
565962,1;65,90154
565979,2;65,90154
565995,2;65,90154
566011,8;65,90154
566028,3;65,90154
566044,9;65,90154
566061,9;65,90154
566078,1;65,90154
566095,1;65,90154
566111,2;65,90154
566127,8;65,90154
566144,5;65,90154
566160,9;65,90154
566177,6;65,90154
566194;65,90154
566210,6;65,90154
566227,5;65,90154
566244;65,90154
566260,4;65,90154
566277,3;65,90154
566293,8;65,90154
566310,1;65,90154
566326,6;65,90154
566343,2;65,75741
566359,9;65,75741
566376,3;65,75741
566392,8;65,75741
566409,4;65,75741
566425,9;65,75741
566443,1;65,75741
566459,1;65,75741
566475,7;65,75741
566493,1;65,75741
566508,8;65,75741
566525,3;65,75741
566542,1;65,75741
566558,5;65,75741
566575,5;65,75741
566591,6;65,75741
566608,1;65,75741
566624,8;65,75741
566641,6;65,75741
566658,3;65,75741
566674,8;65,75741
566691,1;65,75741
566707,6;65,75741
566724,7;65,75741
566741;65,75741
566757,3;65,75741
566773,9;65,75741
566790,7;65,75741
566807,2;65,75741
566823,6;65,75741
566840,4;65,75741
566857,8;65,75741
566873,6;65,75741
566889,9;65,75741
566906,4;65,75741
566923,2;65,75741
566939,5;65,75741
566956,1;65,75741
566972,6;65,75741
566989,2;65,75741
567005,9;65,75741
567023,1;65,75741
567038,9;65,75741
567055,8;65,75741
567072;65,75741
567088,6;65,69288
567105,2;65,69288
567121,8;65,69288
567138,3;65,69288
567154,9;65,69288
567171,4;65,69288
567188;65,69288
567204,6;65,69288
567221,2;65,69288
567238,6;65,69288
567254,6;65,69288
567270,9;65,69288
567287,4;65,69288
567304;65,69288
567320,6;65,69288
567337,9;65,69288
567354,1;65,69288
567370,9;65,69288
567386,8;65,69288
567403,9;65,69288
567420;65,69288
567436,5;65,69288
567453,1;65,69288
567469,7;65,69288
567487,1;65,69288
567502,9;65,69288
567519,4;65,69288
567535,9;65,69288
567553,4;65,69288
567569,3;65,69288
567585,9;65,69288
567602,2;65,69288
567618,7;65,69288
567635,3;65,69288
567656,6;65,69288
567673,3;65,69288
567689,7;65,69288
567706,3;65,69288
567722,8;65,69288
567739,4;65,69288
567756;65,69288
567772,7;65,69288
567789,1;65,69288
567805,7;65,69152
567822,3;65,69152
567838,8;65,69152
567855,5;65,69152
567871,9;65,69152
567888,5;65,69152
567905,4;65,69152
567921,6;65,69152
567938,3;65,69152
567954,8;65,69152
567971,4;65,69152
567987,9;65,69152
568004,7;65,69152
568021,1;65,69152
568037,8;65,69152
568054,2;65,69152
568070,8;65,69152
568087,3;65,69152
568104,1;65,7638
568120,9;65,81542
568137,1;65,87128
568153,6;65,91835
568170,2;65,96575
568187,6;66,00581
568203,3;66,04356
568220,2;66,08458
568236,4;66,13972
568253,1;66,18929
568269,6;66,23869
568286,1;66,26896
568302,9;66,31676
568319,3;66,29533
568336,6;66,36301
568352,9;66,41429
568368,9;66,4674
568385,5;66,51254
568402,1;66,55212
568418,6;66,59888
568435,3;66,64948
568452,3;66,64948
568468,6;66,64948
568484,9;66,64948
568501,5;67,06998
568518,1;67,06998
568541,1;67,06998
568551,8;67,06998
568567,8;67,06998
568584,3;67,06998
568600,9;67,06998
568617,4;67,06998
568634,1;67,06998
568650,6;67,06998
568667,2;67,06998
568683,7;67,06998
568700,8;67,06998
568716,9;67,06998
568733,4;67,06998
568750;67,06998
568766,6;67,06998
568783,1;67,06998
568799,7;67,16667
568816,3;66,91622
568833,2;66,99619
568849,4;67,08601
568866,8;67,17249
568882,5;67,26012
568899,1;67,33944
568915,6;67,42669
568932,8;67,51305
568948,8;67,58564
568965,3;67,66811
568982,1;67,76459
568998,5;67,17004
569015,2;66,86653
569032,1;67,25539
569048,2;67,33152
569064,9;67,395
569081,3;67,46509
569098,3;67,55043
569114,6;67,63129
569131,1;67,69884
569147,6;67,38483
569164,1;67,38483
569180,8;67,38483
569197,3;67,38483
569214,1;67,87536
569230,6;67,87536
569247;67,87536
569263,6;67,87536
569280,1;67,87536
569296,7;67,87536
569313,6;67,87536
569329,8;67,87536
569346,8;67,87536
569363,3;67,87536
569379,5;67,87536
569396,1;67,87536
569413,1;67,87536
569429,2;67,87536
569445,8;67,87536
569462,9;67,87536
569479;67,87536
569495,5;67,87536
569512,3;67,87536
569528,6;67,87536
569545,2;67,87536
569561,9;67,87536
569578,3;67,87536
569595,1;67,87536
569611,4;67,87536
569628,1;67,87536
569644,6;67,87536
569661,1;67,87536
569677,8;67,87536
569694,3;67,87536
569710,9;67,87536
569727,4;67,87536
569744,3;67,87536
569760,6;67,87536
569777,1;67,87536
569794,4;67,87536
569810,6;67,87536
569826,8;67,87536
569844,1;67,87536
569859,9;67,87536
569876,5;67,87536
569893,8;68,12555
569909,9;68,12555
569926,2;68,12555
569943;68,12555
569959,4;68,12555
569976,1;68,12555
569992,5;68,12555
570009,1;68,12555
570025,6;68,12555
570042,2;68,12555
570058,8;68,12555
570075,3;68,12555
570092,5;68,12555
570108,4;68,12555
570125;68,12555
570141,6;68,12555
570158,1;68,12555
570174,8;68,12555
570191,3;68,12555
570207,8;68,12555
570224,4;68,12555
570240,9;68,12555
570257,6;68,12555
570279;68,12555
570290,7;68,12555
570307,3;68,12555
570323,8;68,12555
570340,8;68,12555
570356,9;68,12555
570373,6;68,12555
570390,1;68,12555
570406,9;68,51883
570423,2;68,61391
570439,8;68,69891
570456,7;68,38944
570472,9;68,38944
570489,5;68,38944
570506,1;68,38944
570522,6;68,38944
570539,3;68,92505
570556,1;68,92505
570572,3;68,92505
570589,2;68,92505
570605,5;68,92505
570622;68,92505
570639,3;68,92505
570655,1;68,92505
570671,7;68,92505
570688,5;68,92505
570704,8;68,92505
570721,4;68,92505
570738;68,92505
570754,6;68,92505
570771,3;68,92505
570787,8;68,92505
570804,3;68,92505
570821,4;68,92505
570837,4;69,04602
570853,9;69,12989
570870,6;69,21191
570887,4;69,22992
570903,9;68,84862
570920,3;68,40163
570936,8;68,4319
570953,6;68,466
570969,9;68,07428
570986,5;68,07428
571003,1;68,07428
571020,3;68,07428
571036,2;68,49332
571053,2;68,52241
571069,3;68,56305
571085,9;68,60242
571102,5;68,21053
571119;68,21053
571135,6;68,21053
571157,7;68,21053
571174,3;68,7251
571190,9;68,7251
571207,4;68,7251
571224;68,7251
571240,6;68,7251
571257,2;68,7251
571273,7;68,7251
571290,3;68,7251
571306,8;68,7251
571323,4;68,7251
571339,9;68,7251
571356,5;68,7251
571373,1;68,7251
571389,6;68,7251
571406,2;68,7251
571423,3;68,7251
571439,3;68,7251
571455,9;68,7251
571472,6;68,7251
571489;68,7251
571505,6;68,7251
571522,3;68,7251
571538,8;68,7251
571555,9;68,7251
571571,9;68,7251
571588,4;68,7251
571605,1;68,7251
571621,8;68,7251
571638,3;68,7251
571654,8;68,7251
571671,3;68,7251
571688;68,7251
571704,6;68,7251
571721;68,7251
571737,6;68,7251
571754,1;68,7251
571770,8;68,7251
571787,3;68,7251
571804,4;68,7251
571820,6;68,7251
571837;68,83798
571853,5;68,83798
571870,1;68,83798
571887,1;68,83798
571903,2;68,83798
571919,9;68,83798
571936,3;68,83798
571952,9;68,83798
571969,5;68,83798
571986;68,83798
572002,6;68,83798
572019,2;68,83798
572041,4;68,83798
572058;68,83798
572074,5;68,83798
572091,1;68,83798
572107,7;68,83798
572124,3;68,83798
572141,3;68,83798
572157,4;68,83798
572174,2;68,83798
572190,5;68,83798
572207,1;68,83798
572223,7;68,83798
572240,3;68,83798
572256,8;68,83798
572274;68,83798
572289,9;68,83798
572306,6;68,83798
572323,1;68,83798
572339,9;68,83798
572356,3;68,83798
572372,8;68,83798
572389,3;68,83798
572405,9;68,83798
572422,4;68,83798
572439;68,83798
572455,6;68,83798
572472,2;68,83798
572488,7;68,83798
572505,7;68,83798
572521,9;69,32182
572538,4;69,32182
572555;69,32182
572571,6;69,32182
572588,1;69,32182
572604,7;69,32182
572621,3;69,32182
572637,9;69,32182
572654,4;69,32182
572671;69,32182
572687,6;69,32182
572704,3;69,32182
572720,6;69,32182
572737,3;69,32182
572753,8;69,27745
572770,9;69,25201
572786,9;69,22685
572803,7;69,20955
572820,1;69,17735
572836,9;69,16628
572853,2;69,13712
572869,8;69,11787
572886,6;69,08755
572902,9;69,06406
572923,2;69,04507
572936,6;69,02322
572952,6;68,52931
572969,2;68,55915
572986,1;68,49
573002,3;68,44572
573018,9;68,38725
573035,4;68,33878
573052;68,29211
573068,6;68,24861
573085,1;68,19814
573101,7;68,19425
573118,3;68,19425
573134,8;68,19425
573151,4;68,19425
573168;68,60229
573184,5;68,60229
573201,2;68,60229
573217,6;68,60229
573234,2;68,60229
573250,8;68,60229
573267,3;68,60229
573283,9;68,60229
573300,5;68,60229
573317,1;68,60229
573333,8;68,60229
573350,6;68,60229
573367,3;68,60229
573383,4;68,60229
573399,9;68,60229
573417,2;68,60229
573433,1;68,60229
573449,6;68,60229
573466,1;68,60229
573482,8;68,49583
573499,9;68,43523
573515,9;68,36418
573532,4;68,3027
573549;68,22971
573565,6;68,17152
573582,1;68,11008
573598,9;68,04633
573615,3;67,964
573631,8;67,9086
573648,5;67,83965
573665,3;67,67226
573681,5;67,14567
573698,1;67,03406
573714,9;67,0659
573731,2;66,94455
573747,8;66,87806
573764,6;66,66496
573781,1;66,59482
573798,3;66,5168
573814;66,43853
573830,6;66,36173
573847,2;66,26962
573863,8;66,19131
573880,4;66,19131
573896,9;66,19131
573913,9;66,19131
573930,2;66,19131
573946,6;66,19131
573963,5;66,19131
573979,8;66,19131
573996,7;66,19131
574012,9;66,19131
574029,6;66,19131
574045,9;66,19131
574063,5;66,19131
574079,1;66,19131
574095,7;66,19131
574112,3;66,19131
574128,9;66,19131
574145,4;66,19131
574161,9;66,19131
574178,5;66,19131
574195,1;66,19131
574211,9;66,19131
574228,3;66,19131
574244,8;66,19131
574262,1;66,19131
574278,6;66,19131
574294,6;66,19131
574311,3;66,19131
574327,6;66,19131
574344,2;66,19131
574360,8;66,19131
574377,8;66,19131
574393,9;66,19131
574410,8;66,19131
574427;66,19131
574443,6;66,19131
574460,1;66,19131
574477,2;66,19131
574493,3;66,19131
574509,8;66,19131
574526,9;66,19131
574543;66,19131
574559,6;66,19131
574576,1;66,19131
574592,7;66,19131
574609,3;66,19131
574625,8;66,19131
574642,4;66,19131
574658,9;66,19131
574679,2;66,09232
574693,5;66,09232
574710,1;66,09232
574727,3;66,09232
574743,2;66,09232
574759,8;66,09232
574776,3;66,09232
574793,1;66,09232
574809,4;66,09232
574826,1;66,09232
574843,6;66,09232
574859,1;66,09232
574875,8;66,09232
574892,4;66,09232
574908,9;66,09232
574925,8;66,09232
574942,1;66,09232
574958,9;66,09232
574975,3;66,09232
574991,7;66,09232
575008,3;66,09232
575024,8;66,09232
575041,4;66,09232
575058;66,09232
575074,5;66,09232
575091,1;66,09232
575107,7;66,09232
575124,2;66,09232
575140,8;66,09232
575157,5;66,351
575173,9;65,98652
575190,5;65,98652
575207;65,98652
575223,6;65,98652
575240,2;65,98652
575256,8;65,98652
575273,3;65,98652
575289,9;65,98652
575306,6;65,98652
575323,4;65,98652
575339,6;65,98652
575356,8;65,98652
575372,8;65,98652
575389,3;65,98652
575406;65,98652
575422,9;65,98652
575439,3;65,98652
575455,9;66,30319
575472,1;66,30319
575489,4;66,30319
575505,8;66,30319
575521,9;66,30319
575544;66,30319
575554,9;66,30319
575571,8;66,30319
575588,5;66,30319
575604,7;66,30319
575621,3;66,30319
575637,9;66,30319
575654,4;66,30319
575670,9;66,30319
575687,5;66,30319
575704,1;66,30319
575720,6;66,30319
575737,2;66,1252
575753,8;66,00803
575770,3;65,88929
575786,9;65,77104
575803,4;65,58411
575820,6;64,90613
575836,8;64,86122
575853,1;64,80717
575870;64,74931
575886,4;64,6979
575903,1;64,63229
575919,4;64,5867
575936;64,52985
575952,6;64,47717
575969,1;64,4181
575985,7;64,36999
576002,3;64,31161
576019;64,25648
576035,4;64,19542
576052,2;63,90982
576068,6;64,14365
576085,1;63,85238
576101,7;63,85238
576118,3;64,08366
576134,8;64,02312
576151,4;63,95847
576167,9;63,91796
576184,8;63,85809
576201,1;63,56901
576217,8;63,56901
576234,2;63,56901
576250,8;63,56901
576267,3;63,56901
576284;63,88343
576300,5;63,88343
576317;63,88343
576333,6;63,88343
576350,2;63,88343
576367,3;63,88343
576383,4;63,88343
576399,8;63,88343
576416,4;63,88343
576433,4;63,88343
576452,7;63,88343
576469,3;63,88343
576485,8;63,88343
576502,5;63,88343
576519,3;63,88343
576535,5;63,88343
576552,1;63,88343
576568,7;63,88343
576585,3;63,88343
576601,9;63,88343
576618,4;63,88343
576634,9;63,88343
576651,5;63,88343
576668,7;63,88343
576684,6;63,88343
576701,3;63,88343
576717,8;63,88343
576734,3;63,88343
576751;63,88343
576767,4;63,88343
576784,2;63,88343
576800,7;63,88343
576817,1;63,88343
576833,8;63,88343
576850,3;63,88343
576866,9;63,88343
576883,4;63,88343
576900;63,88343
576916,6;63,88343
576934;63,88343
576949,7;63,88343
576966,5;63,88343
576983,6;63,88343
576999,8;63,88343
577016;63,88343
577032,6;63,88343
577049,1;63,88343
577066,3;63,88343
577083,1;63,88343
577098,8;63,88343
577115,6;63,83658
577132;63,83658
577148,5;63,83658
577165,1;63,83658
577181,8;63,83658
577198,2;63,83658
577214,8;63,83658
577231,6;63,83658
577248,1;63,83658
577264,4;63,83658
577281;63,83658
577299,3;63,83658
577314,3;63,83658
577330,8;63,83658
577347,3;63,83658
577363,9;63,83658
577380,6;63,83658
577397;63,83658
577413,6;63,83658
577430,1;63,83658
577447,5;63,83658
577464,1;63,83658
577479,9;63,83658
577496,4;63,83658
577512,9;63,83658
577529,8;63,83658
577546,1;63,83658
577562,7;63,83658
577579,6;63,83658
577596,1;63,83658
577612,4;63,83658
577628,9;63,83658
577645,7;63,83658
577662,1;63,83658
577678,6;63,83658
577695,2;63,83658
577711,8;63,83658
577728,3;63,83658
577744,9;63,83658
577761,5;63,83658
577778;63,83658
577794,6;63,83658
577811,2;63,83658
577827,9;63,83658
577844,3;63,83658
577860,9;63,83658
577877,5;63,83658
577894,2;63,83658
577910,8;63,82416
577927,4;63,82416
577943,8;63,82416
577960,3;63,82416
577976,8;63,82416
577993,4;63,82416
578009,9;63,82416
578026,6;63,82416
578043,1;63,82416
578059,9;63,82416
578076,6;63,82416
578093,1;63,82416
578109,7;63,82416
578126,3;63,82416
578142,8;63,82416
578159,4;63,82416
578175,9;63,82416
578195,4;63,82416
578209,1;63,82416
578225,6;63,82416
578242,2;63,82416
578259,3;63,82416
578275,3;63,82416
578292,1;63,82416
578308,5;63,82416
578325,1;63,82416
578341,6;63,82416
578358,6;63,82416
578375;63,82416
578391,4;63,82416
578408,2;63,82416
578424,6;63,82416
578441;63,82416
578457,6;63,82416
578474,1;63,82416
578490,8;63,82416
578507,3;63,82416
578523,8;63,82416
578540,6;63,82416
578557,1;63,82416
578573,6;63,82416
578590,1;63,82416
578606,7;63,82416
578623,4;63,82416
578639,9;63,82416
578656,4;63,82416
578673,1;63,96721
578690,1;63,96721
578706,1;63,96721
578723,3;63,96721
578739,2;63,96721
578755,8;63,96721
578772,3;63,96721
578789,4;63,96721
578805,5;63,96721
578822;63,96721
578838,8;63,96721
578855,2;63,96721
578871,8;63,96721
578888,7;63,96721
578904,9;63,96721
578921,8;63,96721
578938,2;63,96721
578954,8;63,96721
578971,1;63,96721
578987,7;63,96721
579004,3;63,96721
579020,8;63,96721
579037,4;63,96721
579054,2;63,96721
579072,4;63,96721
579087,5;63,96721
579103,8;63,96721
579120,3;63,96721
579136,9;63,96721
579153,4;63,96721
579169,9;63,96721
579186,5;63,96721
579203,1;63,96721
579219,6;63,96721
579236,2;63,96721
579252,8;63,96721
579269,4;63,96721
579285,9;63,96721
579302,5;63,96721
579319;63,96721
579335,6;63,96721
579352,2;63,96721
579368,8;63,96721
579385,3;64,42137
579402,3;64,42137
579418,4;64,42137
579435;64,42137
579451,6;64,42137
579468,3;64,42137
579484,7;64,42137
579501,3;64,42137
579517,8;64,42137
579535,3;64,42137
579551,1;64,42137
579567,5;64,42137
579584,1;64,42137
579601;64,42137
579617,3;64,42137
579634,1;64,42137
579650,3;64,42137
579666,9;64,42137
579683,5;64,53196
579700,1;64,62714
579717,1;64,703
579733,2;64,78479
579749,8;64,86514
579766,3;64,94294
579782,9;65,02353
579799,4;65,11189
579816,6;65,18303
579832,6;65,26356
579850,1;65,34245
579865,8;65,3018
579882,3;65,4201
579899,1;65,50783
579915,9;65,58012
579932;65,66531
579950,1;65,74097
579966,7;65,81825
579983,4;65,7896
579999,9;65,7896
580016,4;65,7896
580032,9;65,7896
580049,5;65,98991
580066,1;65,98991
580083,1;65,98991
580099,2;65,98991
580115,8;65,98991
580132,3;65,98991
580148,9;65,98991
580165,6;65,98991
580182;65,98991
580198,6;65,98991
580215,1;65,98991
580231,8;65,98991
580248,3;65,98991
580264,9;65,98991
580281,4;65,98991
580298;66,41816
580314,6;66,52622
580331,9;66,63238
580347,7;66,42424
580364,4;66,55612
580380,9;66,45461
580397,9;66,5993
580413,9;66,73975
580430,6;66,87598
580447,2;67,0124
580463,7;67,14732
580480,3;67,28194
580496,8;67,42075
580513,4;67,55966
580530,3;67,70054
580546,5;67,83134
580563,1;67,96366
580579,6;68,09328
580596,2;68,2446
580612,8;68,39014
580629,4;68,5148
580645,9;68,44634
580662,5;68,44634
580679,3;68,44634
580695,8;68,71396
580712,2;68,71396
580729;68,71396
580745,3;68,71396
580761,8;68,71396
580778,4;68,71396
580795,2;68,71396
580811,8;68,71396
580828,4;68,71396
580845,1;68,71396
580861,5;68,71396
580878,1;68,71396
580894,6;68,71396
580911,5;68,71396
580927,8;68,71396
580944,4;68,71396
580960,9;68,71396
580977,5;68,71396
580994,1;68,71396
581010,6;68,71396
581027,2;68,71396
581043,8;68,71396
581060,3;68,71396
581076,9;68,71396
581093,4;68,71396
581110,1;68,71396
581126,6;68,71396
581143,1;68,71396
581160,6;68,71396
581176,3;68,71396
581193,3;68,71396
581209,4;68,71396
581226,4;68,71396
581242,9;68,71396
581259,3;68,71396
581275,7;68,71396
581292,3;68,71396
581308,8;68,71396
581325,4;68,71396
581342;68,71396
581359;69,24576
581375,4;69,24576
581391,8;69,24576
581408,4;69,24576
581424,9;69,24576
581441,9;69,24576
581457,9;69,24576
581474,9;69,24576
581491;69,24576
581507,6;69,24576
581524,3;69,24576
581540,8;69,24576
581557,7;69,24576
581574;69,24576
581590,6;69,24576
581607,1;69,24576
581623,6;69,24576
581640,7;69,24576
581656,8;69,24576
581673,3;69,24576
581695,4;69,24576
581706,4;69,24576
581723,1;69,24576
581739,6;69,24576
581756,6;69,24576
581772,7;69,24576
581789,3;69,24576
581805,9;69,24576
581822,4;69,24576
581838,9;69,24576
581855,5;69,24576
581872,1;69,24576
581888,7;69,24576
581905,3;69,24576
581921,8;69,24576
581938,4;69,24576
581954,9;69,24576
581971,5;69,57592
581988,1;69,57592
582005;69,57592
582021,2;69,57592
582037,8;69,57592
582054,3;69,57592
582070,9;69,57592
582088,1;69,57592
582104,3;69,57592
582120,6;69,57592
582137,1;69,57592
582153,7;69,57592
582170,3;69,57592
582187,1;69,57592
582203,4;69,57592
582220,6;69,57592
582236,6;69,57592
582253,1;69,57592
582269,6;69,57592
582286,3;69,57592
582303,1;69,57592
582319,4;69,57592
582335,9;69,57592
582352,6;69,57592
582369,1;69,57592
582385,7;69,57592
582402,3;69,57592
582419,2;69,57592
582435,8;69,57592
582451,9;69,57592
582468,9;69,57592
582485,3;69,57592
582501,6;69,57592
582518,2;69,57592
582534,8;69,57592
582551,3;69,57592
582569,9;69,57592
582584,5;69,57592
582601,4;70,1139
582617,9;70,1139
582634,1;70,1139
582650,8;70,1139
582667,3;70,1139
582683,8;70,1139
582700,4;70,1139
582717;70,1139
582733,6;70,1139
582750,1;70,1139
582766,8;70,1139
582783,3;70,1139
582799,8;70,1139
582816,7;70,1139
582833,1;70,1139
582849,8;70,1139
582866,3;70,1139
582882,6;70,1139
582899,3;70,1139
582915,8;70,1139
582932,4;70,1139
582948,9;70,1139
582966;70,1139
582982,1;70,1139
582999;70,1139
583015,2;70,1139
583032;70,1139
583048,3;70,1139
583065;70,1139
583081,4;70,1139
583098;70,1139
583114,6;70,1139
583131,2;70,1139
583147,7;70,1139
583164,3;70,1139
583180,9;70,1139
583197,4;70,1139
583214,2;70,41313
583231,4;70,41313
583247,3;70,41313
583263,7;70,41313
583280,4;70,41313
583296,8;70,41313
583313,4;70,41313
583330,2;70,41313
583346,5;70,41313
583363,1;70,41313
583380;70,41313
583396,3;70,41313
583412,8;70,41313
583429,3;70,41313
583445,9;70,41313
583462,6;70,41313
583479,4;70,41313
583495,7;70,41313
583512,2;70,41313
583529;70,41313
583545,4;70,41313
583561,9;70,41313
583578,4;70,41313
583595,1;70,41313
583611,6;70,41313
583628,2;70,41313
583645,4;70,41313
583661,3;70,41313
583677,9;70,41313
583694,4;70,41313
583711;70,41313
583727,6;70,41313
583744,1;70,41313
583760,7;70,41313
583777,3;70,41313
583793,8;70,41313
583810,4;70,41313
583826,9;70,41313
583843,5;70,41313
583860,6;70,90205
583876,6;70,90205
583893,2;70,90205
583909,8;70,90205
583926,3;70,90205
583943,4;70,90205
583959,5;70,90205
583976,1;70,90205
583992,6;70,90205
584009,3;70,90205
584025,8;70,90205
584042,7;70,90205
584059,2;70,90205
584075,8;70,90205
584092,1;70,90205
584109,3;70,90205
584125,2;70,90205
584141,9;70,90205
584158,3;70,90205
584174,9;70,90205
584191,4;70,90205
584208;70,90205
584224,7;70,90205
584241,1;70,90205
584257,7;70,90205
584275,2;70,90205
584291,1;70,90205
584314,9;70,90205
584331,7;70,90205
584348;70,90205
584364,6;70,90205
584381,2;70,90205
584397,7;70,90205
584414,9;70,90205
584430,9;70,90205
584447,4;70,90205
584464;70,90205
584481,4;70,90205
584497,1;70,90205
584514,6;71,15015
584530,6;71,15015
584546,8;71,15015
584563,4;71,15015
584580;71,15015
584596,6;71,15015
584613,1;71,15015
584629,8;71,15015
584646,3;71,15015
584662,8;71,15015
584680;71,15015
584695,9;71,15015
584712,5;71,15015
584729,4;71,15015
584746,5;71,15015
584762,2;71,15015
584778,8;71,15015
584795,4;71,15015
584811,9;71,15015
584828,6;71,15015
584845,1;71,15015
584861,9;71,15015
584878,2;71,15015
584894,7;71,15015
584911,3;71,15015
584927,9;71,15015
584944,5;71,15015
584961;71,15015
584977,6;71,15015
584994,4;71,15015
585010,7;71,15015
585027,3;71,15015
585043,8;71,15015
585060,4;71,15015
585076,9;71,15015
585093,5;71,15015
585110,1;71,15015
585126,7;71,15015
585150,3;71,15015
585159,8;71,15015
585176,4;71,15015
585192,9;71,54585
585209,5;71,54585
585226,1;71,54585
585242,8;71,54585
585259,2;71,54585
585275,8;71,54585
585292,4;71,54585
585309,4;71,54585
585325,6;71,54585
585342,1;71,54585
585358,6;71,54585
585375,9;71,54585
585391,8;71,54585
585408,8;71,54585
585425,3;71,54585
585441,4;71,54585
585458;71,54585
585475,3;71,54585
585491,8;71,54585
585508,4;71,54585
585524,3;71,54585
585540,8;71,54585
585557,4;71,54585
585574,3;71,54585
585591,3;71,54585
585607,1;71,54585
585623,8;71,54585
585640,3;71,54585
585657,1;71,54585
585673,3;71,54585
585689,9;71,54585
585706,5;71,54585
585723,1;71,54585
585739,6;71,54585
585756,3;71,54585
585773,3;71,54585
585789,9;71,54585
585806,2;71,54585
585822,7;71,54585
585839,2;71,54585
585855,6;71,54585
585872,2;71,54585
585888,8;71,54585
585905,6;71,73047
585921,9;71,73047
585939,4;71,73047
585955,9;71,73047
585971,6;71,73047
585988,2;71,73047
586004,7;71,73047
586021,9;71,73047
586040,5;71,73047
586054,5;71,73047
586071;71,73047
586087,5;71,73047
586104,3;71,73047
586120,7;71,73047
586137,3;71,73047
586154,1;71,73047
586170,4;71,73047
586186,9;71,73047
586203,5;71,73047
586220,6;71,73047
586236,6;71,73047
586253,3;71,73047
586269,8;71,73047
586286,3;72,00465
586302,9;72,06145
586319,4;72,09572
586336,1;72,15227
586352,8;72,20216
586369,3;71,8839
586385,9;71,38857
586402,9;70,92016
586418,9;70,82517
586435,6;70,85294
586452;70,85294
586468,6;70,85294
586485,1;70,85294
586501,7;70,85294
586518,4;70,85294
586534,9;70,75126
586551,4;70,78045
586568,5;70,78045
586584,6;70,78045
586601,1;70,78045
586617,7;70,78045
586634,2;70,78045
586651,2;70,75164
586667,9;70,75164
586683,9;70,75164
586700,5;70,75164
586717,1;70,75164
586733,9;70,75164
586750,2;70,75164
586766,9;70,75164
586784,3;70,75164
586800,3;70,75164
586816,4;70,75164
586833;70,75164
586849,6;70,75164
586866,1;70,75164
586887,4;70,75164
586904,5;70,75164
586921,1;70,75164
586937,8;70,75164
586953,7;70,75164
586970,6;70,75164
586987,4;70,75164
587003,4;70,75164
587020;70,75164
587036,5;70,75164
587053,1;70,75164
587070,1;70,75164
587086,3;70,75164
587103,5;70,75164
587119,4;70,75164
587136;70,75164
587152,4;70,75164
587169,1;70,75164
587185,6;70,75164
587202,2;70,75164
587218,8;70,75164
587235,5;70,75164
587251,9;70,75164
587268,9;70,75164
587285,1;70,75164
587301,6;70,75164
587318,2;70,75164
587334,9;70,75164
587351,8;70,75164
587368,1;71,25124
587384,4;71,25124
587401,6;71,25124
587418,2;71,25124
587434,1;71,25124
587451,6;71,25124
587467,5;71,25124
587484,2;71,25124
587500,4;71,25124
587516,9;71,25124
587533,8;71,25124
587550,1;71,25124
587566,6;71,25124
587583,2;71,25124
587599,8;71,25124
587616,3;71,25124
587632,9;71,25124
587649,6;71,2149
587666,1;71,19398
587682,8;71,17239
587699,2;71,15517
587715,8;71,13022
587735,4;71,11012
587752,2;71,08604
587769;71,07223
587785,4;71,05817
587802;71,03893
587818,3;71,01579
587834,8;70,9925
587851,4;70,97668
587868;70,98955
587884,5;70,95821
587901,1;70,84634
587917,7;70,80916
587934,3;70,76355
587951,3;70,72298
587967,6;70,68433
587983,9;70,70459
588000,5;70,70459
588017,3;70,70459
588033,6;70,70459
588050,3;70,72818
588066,8;70,72818
588083,8;70,72818
588099,9;70,72818
588116,4;70,72818
588133,4;70,72818
588149,6;70,72818
588166,7;70,72818
588182,8;70,72818
588199,6;70,72818
588215,9;70,72818
588233,1;70,72818
588249;70,72818
588265,6;70,72818
588282,2;70,72818
588299,2;70,72818
588315,3;70,72818
588332,3;70,72818
588348,4;70,72818
588365,7;70,72818
588381,5;70,72818
588398,1;70,72818
588414,7;70,72818
588431,2;70,72818
588448,5;70,72818
588464,4;70,72818
588480,9;70,72818
588497,5;70,72818
588514,4;70,72818
588530,6;70,72818
588547,2;70,72818
588563,8;70,72818
588580,4;70,72818
588596,9;70,72818
588617,6;70,72818
588630,1;70,72818
588646,6;70,72818
588663,4;70,72818
588679,9;70,72818
588696,6;70,72818
588712,9;70,72818
588729,4;70,72818
588746,1;71,30117
588762,6;71,30117
588779,3;71,30117
588795,7;71,30117
588812,3;71,30117
588829;71,30117
588845,4;71,30117
588862,2;71,30117
588878,8;71,30117
588895,1;71,30117
588911,7;71,30117
588928,3;71,30117
588944,8;71,30117
588961,8;71,30117
588978,3;71,30117
588994,5;71,30117
589011,4;71,30117
589027,6;71,30117
589044,2;71,30117
589060,9;71,30117
589077,3;71,30117
589094,1;71,30117
589110,5;71,30117
589127,1;71,30117
589143,6;71,30117
589160,1;71,30117
589177,1;71,30117
589193,4;71,30117
589209,9;71,30117
589226,4;71,30117
589243,4;71,30117
589260,3;71,30117
589276,3;71,30117
589292,9;71,30117
589309,3;71,30117
589326,6;71,30117
589343;71,30117
589359;71,30117
589375,6;71,30117
589392,4;71,30117
589408,7;71,45152
589425,3;71,45152
589441,9;71,45152
589465,9;71,45152
589478,9;71,45152
589495,4;71,45152
589512;71,45152
589528,8;71,45152
589545,2;71,45152
589562;71,45152
589578,3;71,45152
589595;71,45152
589611,4;71,45152
589628,1;71,45152
589644,5;71,45152
589661,1;71,45152
589677,7;71,45152
589694,2;71,45152
589710,8;71,45152
589727,4;71,45152
589743,9;71,45152
589760,5;71,45152
589777,1;71,45152
589793,6;71,45152
589810,6;71,45152
589826,8;71,45152
589843,3;71,45152
589860,3;71,45152
589876,4;71,45152
589893,1;71,45152
589909,6;71,45152
589926,2;71,94816
589943,2;71,46072
589959,4;71,46072
589975,9;71,46072
589992,7;71,46072
590009,2;71,46072
590025,7;72,09899
590042,2;72,09899
590058,7;72,09899
590075,3;72,09899
590091,9;72,09899
590108,4;72,09899
590125;72,09899
590141,7;72,09899
590158,3;72,09899
590174,7;72,09899
590191,3;72,09899
590207,8;72,09899
590224,9;72,09899
590240,9;72,09899
590257,7;72,09899
590274,2;72,09899
590290,6;72,09899
590307,2;72,09899
590324,4;72,09899
590341,5;72,09899
590356,9;72,09899
590373,5;72,09899
590390,3;72,09899
590406,6;72,09899
590423,9;72,09899
590440,5;72,09899
590456,9;72,09899
590472,9;72,09899
590489,7;72,09899
590506,5;72,09899
590522,6;72,09899
590539,3;72,09899
590555,8;72,09899
590572,3;72,09899
590588,9;72,09899
590605,4;72,09899
590621,9;72,09899
590638,6;72,26509
590655,1;72,26509
590671,9;72,26509
590688,3;72,26509
590704,8;72,26509
590721,4;72,26509
590737,9;72,26509
590754,8;72,26509
590771,1;72,26509
590787,7;72,26509
590804,2;72,26509
590820,8;72,26509
590837,8;72,26509
590853,9;72,26509
590871,1;72,26509
590887;72,26509
590903,6;72,26509
590920,6;72,26509
590936,8;72,26509
590953,4;72,26509
590969,9;72,26509
590986,6;72,26509
591003,4;72,26509
591019,6;72,26509
591036,1;72,26509
591052,8;72,26509
591069,3;72,26509
591085,8;72,26509
591102,4;72,26509
591118,9;72,26509
591136,1;72,26509
591152,1;72,26509
591168,7;72,26509
591185,9;72,26509
591209,1;72,26509
591225,6;72,26509
591242,3;72,26509
591259,1;72,98634
591275,3;72,98634
591291,9;72,98634
591308,7;72,98634
591325;72,98634
591342,1;72,98634
591358,5;72,98634
591374,8;72,98634
591391,3;72,98634
591407,8;72,98634
591424,4;72,98634
591441,3;72,98634
591457,7;72,98634
591474,1;72,98634
591490,8;72,98634
591507,3;72,98634
591524,2;72,98634
591540,4;72,98634
591556,9;72,98634
591573,8;72,98634
591590,1;72,98634
591606,7;72,98634
591623,3;72,98634
591640,3;72,98634
591656,4;72,98634
591672,9;72,98634
591689,5;72,98634
591706,2;72,98634
591722,9;72,98634
591739,2;73,04294
591755,9;73,0888
591773,2;73,14251
591788,9;73,12616
591805,5;73,12616
591822,1;73,29483
591838,6;73,29483
591855,2;73,29483
591872,1;73,29483
591888,3;73,29483
591904,9;73,29483
591921,4;73,29483
591938,1;73,29483
591954,6;73,29483
591971,1;73,29483
591987,7;73,29483
592004,3;73,29483
592020,8;73,29483
592037,4;73,29483
592054;73,29483
592070,6;73,29483
592087,1;73,29483
592104,1;73,29483
592120,4;73,29483
592136,8;73,29483
592153,6;73,29483
592169,9;73,29483
592186,5;73,29483
592203,1;73,29483
592219,6;73,29483
592236,2;73,29483
592253;73,29483
592269,6;73,29483
592285,9;73,29483
592302,5;73,29483
592319;73,29483
592335,6;73,29483
592352,3;73,29483
592368,9;73,29483
592385,3;73,29483
592401,9;73,29483
592418,4;73,29483
592435,3;73,95718
592451,8;73,95718
592468,4;73,95718
592484,7;73,95718
592501,3;73,95718
592517,9;73,95718
592534,4;73,95718
592550,9;73,95718
592567,5;73,95718
592584,4;73,95718
592600,6;73,95718
592617,3;73,95718
592633,8;73,95718
592650,5;73,95718
592666,9;73,95718
592683,5;73,95718
592700,1;73,95718
592716,8;73,95718
592733,5;73,95718
592750,1;73,95718
592766,4;73,95718
592782,9;73,95718
592799,4;73,95718
592816,3;73,95718
592833,1;73,95718
592849,2;73,95718
592866,8;73,95718
592882,3;73,95718
592898,9;73,95718
592915,4;73,95718
592935,9;73,95718
592948,6;73,95718
592965,5;73,95718
592981,7;73,95718
592998,5;74,17343
593014,8;74,17343
593031,8;74,17343
593048;74,17343
593064,6;74,17343
593081,1;74,17343
593097,6;74,17343
593114,3;74,17343
593130,9;74,17343
593147,6;74,17343
593163,9;74,17343
593180,5;74,17343
593197,1;74,17343
593213,8;74,17343
593230,3;74,17343
593246,8;74,17343
593263,8;74,17343
593280,3;74,17343
593296,5;74,17343
593313,1;74,17343
593329,6;74,17343
593346,2;74,17343
593363,3;74,17343
593379,3;74,17343
593396,1;74,17343
593412,6;74,17343
593429;74,17343
593445,6;74,17343
593462,2;74,17343
593478,8;74,17343
593495,6;74,17343
593511,9;74,17343
593528,4;74,17343
593545;74,17343
593561,6;74,17343
593578,2;74,85608
593594,8;74,85608
593611,2;74,85608
593627,8;74,85608
593644,6;74,85608
593660,9;74,85608
593677,8;74,85608
593694,1;74,85608
593710,8;74,85608
593727,3;74,85608
593743,8;74,85608
593760,3;74,85608
593777,4;74,85608
593799,9;74,85608
593810,1;74,85608
593826,6;74,85608
593843,1;74,85608
593859,8;74,85608
593876,3;74,85608
593893;74,85608
593909,4;74,85608
593926;74,85608
593942,6;74,85608
593959,1;74,85608
593975,9;74,85608
593992,4;74,85608
594008,9;74,85608
594025,4;74,85608
594042;74,85608
594058,6;74,85608
594075,1;74,85608
594091,9;74,85608
594108,2;74,85608
594125;74,85608
594141,9;74,85608
594158,6;75,00786
594174,5;75,00786
594191,6;75,00786
594207,6;75,00786
594224,2;75,00786
594240,8;75,00786
594257,3;75,00786
594273,9;75,00786
594290,4;75,00786
594307,8;75,00786
594323,9;75,00786
594340,1;75,00786
594356,8;75,00786
594373,3;75,00786
594389,9;75,00786
594406,9;75,00786
594423;75,00786
594439,6;75,00786
594456,8;75,00786
594472,8;75,00786
594489,3;75,00786
594505,9;75,00786
594522,4;75,00786
594538,9;75,00786
594556;75,00786
594572,1;75,00786
594589,1;75,00786
594605,3;75,00786
594621,8;75,00786
594638,4;75,00786
594657,2;75,00786
594673,8;75,00786
594690,3;75,00786
594706,9;75,00786
594724;75,00786
594740;75,00786
594756,8;75,00786
594773,1;75,62448
594789,8;75,62448
594806,4;75,62448
594822,9;75,62448
594839,4;75,62448
594855,9;75,62448
594872,6;75,62448
594889,1;75,62448
594905,7;75,62448
594923;75,62448
594938,8;75,62448
594955,4;75,62448
594971,9;75,62448
594988,5;75,62448
595005,1;75,62448
595021,7;75,62448
595038,2;75,62448
595055,3;75,62448
595071,4;75,62448
595087,9;75,62448
595104,7;75,62448
595121,1;75,62448
595137,8;75,62448
595154,3;75,62448
595171,3;75,62448
595187,3;75,62448
595204,1;75,62448
595220,5;75,62448
595237;75,62448
595253,6;75,62448
595270,1;75,62448
595287,4;75,62448
595303,3;75,62448
595319,8;75,62448
595336,9;75,62448
595352,9;75,62448
595369,6;75,62448
595386,1;75,66486
595402,9;75,66486
595419,3;75,66486
595435,8;75,66486
595452,4;75,66486
595469,1;75,66486
595485,6;75,66486
595502,1;75,66486
595524,2;75,66486
595536,1;75,66486
595553,5;75,66486
595569,6;75,66486
595585,9;75,66486
595602,4;75,66486
595619;75,66486
595635,6;75,66486
595652,1;75,66486
595668,7;75,66486
595685,3;75,66486
595702,4;75,66486
595718,4;75,66486
595735;75,66486
595751,7;75,66486
595768,1;75,66486
595784,7;75,66486
595801,2;75,66486
595818;75,66486
595834,4;76,08018
595850,9;75,62382
595867,7;75,62382
595884,1;75,62382
595900,6;75,62382
595917,2;75,62382
595933,8;75,62382
595950,6;75,62382
595966,9;76,04277
595983,4;75,98228
596000;75,98228
596016,6;75,98228
596033,1;75,98228
596049,8;76,00746
596066,3;76,00746
596082,9;76,00746
596099,4;76,00746
596115,9;76,00746
596132,8;76,00746
596149,8;76,00746
596165,7;76,00746
596182,3;76,00746
596198,9;76,00746
596215,4;76,00746
596231,9;76,00746
596248,6;76,00746
596265,1;76,00746
596281,7;76,00746
596298,2;76,00746
596315,1;76,00746
596331,4;76,00746
596348,4;76,00746
596364,6;76,00746
596381,6;76,00746
596397,6;76,00746
596414,2;76,00746
596430,8;76,00746
596447,3;76,00746
596464,4;76,00746
596480,5;76,00746
596497;76,00746
596513,7;76,00746
596530,1;76,00746
596546,8;76,00746
596563,3;76,00746
596579,8;76,00746
596596,4;76,00746
596613,1;76,00746
596629,6;76,00746
596646,1;76,3982
596662,8;76,33701
596679,3;76,33701
596695,8;76,33701
596712,4;76,33701
596728,9;76,33701
596745,6;76,34136
596762,1;76,34136
596778,9;76,34136
596795,3;76,34136
596811,8;76,34136
596828,4;76,34136
596844,9;76,34136
596861,5;76,34136
596878,1;76,34136
596894,6;76,34136
596911,3;76,34136
596927,8;76,34136
596944,3;76,34136
596961,6;76,34136
596977,6;76,34136
596994;76,34136
597011,1;76,34136
597027,4;76,34136
597044;76,34136
597060,3;76,34136
597076,8;76,34136
597093,9;76,34136
597110,3;76,34136
597126,6;76,34136
597144,1;76,7384
597159,7;76,02269
597176,4;75,2364
597192,9;74,69569
597209,6;74,69569
597225,9;74,69569
597242,6;74,69569
597259,1;74,69569
597275,6;74,69569
597292,3;74,69569
597308,8;74,69569
597325,6;74,69569
597342,1;74,53033
597358,6;73,97153
597375,1;73,97153
597391,8;73,97153
597408,4;73,97153
597424,8;74,01644
597441,4;74,01644
597457,9;74,01644
597474,5;74,01644
597491,1;74,01644
597507,9;74,01644
597524,2;74,01644
597540,7;74,01644
597557,3;74,01644
597573,9;74,01644
597590,6;74,01644
597607;74,01644
597623,6;74,01644
597640,1;74,01644
597656,8;74,01644
597673,4;74,01644
597689,8;74,01644
597706,4;74,01644
597722,9;74,01644
597739,7;74,01644
597756,1;74,01644
597773,1;74,01644
597789,3;74,01644
597806,8;74,01644
597822,4;74,08294
597838,9;74,12515
597855,5;74,17461
597872,1;74,2132
597888,9;74,1931
597905,9;74,1931
597922,2;74,1931
597939,2;74,1931
597954,9;74,1931
597971,6;74,1931
597988,1;74,1931
598004,6;74,1931
598021,4;74,25444
598037,8;74,22716
598054,3;74,22716
598070,9;74,22716
598087,5;74,22716
598104,9;74,36438
598121,6;74,36438
598138;74,36438
598154,9;74,36438
598172,1;74,36438
598187,7;74,36438
598204,4;74,36438
598220,8;74,36438
598237,4;74,36438
598253,9;74,36438
598271,3;74,36438
598287,1;74,36438
598303,9;74,36438
598320,3;74,36438
598336,8;74,36438
598353,4;74,36438
598369,9;74,36438
598387;74,36438
598403,1;74,36438
598419,6;74,36438
598436,3;74,36438
598452,8;74,36438
598469,4;74,74514
598485,9;74,78636
598502,8;74,82185
598519,1;74,86703
598535,8;74,38692
598552,2;74,38432
598569;73,97554
598585,3;73,97554
598602;73,97554
598618,5;73,97554
598635;73,97554
598651,6;73,97554
598668,1;73,97554
598684,8;74,37396
598701,6;74,36444
598717,8;73,96072
598735;73,96072
598751;73,96072
598768,1;73,96072
598784,1;73,96072
598800,7;73,96072
598817,3;73,96072
598834,1;74,46144
598850,4;74,46144
598866,9;74,46144
598883,5;74,46144
598900,1;74,46144
598916,6;74,46144
598933,3;74,46144
598950,6;74,46144
598966,4;74,46144
598982,9;74,46144
598999,4;74,46144
599016,5;74,46144
599033;74,46144
599049,2;74,46144
599065,9;74,46144
599082,3;74,46144
599099,1;74,46144
599115,5;74,46144
599132;74,46144
599148,6;74,46144
599165,8;74,46144
599181,7;74,46144
599198,4;74,46144
599214,9;74,46144
599231,4;74,46144
599248,1;74,46144
599264,5;74,46144
599281,1;74,46144
599297,7;74,46144
599314,2;74,46144
599330,8;74,46144
599347,4;74,46144
599363,9;74,46144
599380,5;74,46144
599397,3;74,46144
599413,7;74,46144
599430,2;74,46144
599446,8;74,46144
599463,4;74,46144
599479,9;74,46144
599496,4;74,62383
599513,1;74,62383
599529,6;74,62383
599546,2;74,62383
599562,9;74,62383
599579,3;74,62383
599595,9;74,62383
599612,9;74,62383
599629;74,62383
599645,9;74,62383
599662,2;74,62383
599678,7;74,62383
599695,6;74,62383
599711,9;74,62383
599728,7;74,62383
599745;74,62383
599761,6;74,62383
599778,5;74,62383
599794,7;74,62383
599811,8;74,62383
599827,8;74,62383
599844,4;74,62383
599861,4;74,62383
599877,5;74,62383
599894,1;74,62383
599910,6;74,62383
599927,2;74,62383
599943,8;74,62383
599960,4;74,62383
599976,9;74,62383
599993,5;74,62383
600010;74,62383
600026,8;74,62383
600043,1;74,62383
600059,9;74,62383
600076,3;74,62383
600093,3;74,62383
600109,8;74,62383
600126,2;74,62383
600142,6;75,20987
600159,1;75,20987
600175,8;75,20987
600192,3;75,20987
600208,9;75,20987
600225,4;75,20987
600241,9;75,20987
600258,6;75,20987
600275,1;75,20987
600291,7;75,20987
600308,3;75,20987
600324,8;75,20987
600342,3;75,20987
600358,1;75,20987
600374,5;75,20987
600391,1;75,20987
600408,1;75,20987
600424,2;75,20987
600440,8;75,20987
600457,8;75,20987
600473,9;75,20987
600490,6;75,20987
600507,4;75,20987
600523,6;75,20987
600540,3;75,20987
600557,1;75,20987
600573,5;75,20987
600589,9;75,20987
600606,4;75,20987
600623;75,20987
600639,6;75,20987
600656,8;75,20987
600672,8;75,20987
600689,3;75,20987
600705,8;75,20987
600722,4;75,20987
600739,2;75,20987
600755,6;75,20987
600772,4;75,20987
600788,7;75,39285
600805,4;75,39285
600821,8;75,39285
600838,4;75,39285
600854,9;75,39285
600872;75,39285
600888,1;75,39285
600904,7;75,39285
600921,3;75,39285
600937,8;75,39285
600954,4;75,39285
600970,9;75,39285
600987,6;75,39285
601004,3;75,39285
601021,5;75,39285
601037,2;75,39285
601053,8;75,39285
601070,3;75,39285
601086,9;75,39285
601103,5;75,39285
601120,2;75,39285
601136,6;75,39285
601153,2;75,39285
601169,7;75,39285
601186,3;75,39285
601203,4;75,39285
601219,4;75,39285
601235,9;75,39285
601252,7;75,39285
601269,1;75,39285
601285,6;75,39285
601302,3;75,39285
601319,3;75,39285
601335,4;75,39285
601351,9;75,39285
601368,8;75,39285
601385,1;75,39285
601401,6;75,39285
601418,8;75,97215
601434,8;75,97215
601451,6;75,97215
601468;75,97215
601484,5;75,97215
601501,1;75,97215
601517,6;75,97215
601534,5;75,97215
601551,1;75,97215
601567,3;75,97215
601584,1;75,97215
601600,4;75,97215
601617,1;75,97215
601633,6;75,97215
601650,1;75,97215
601666,8;75,97215
601683,3;75,97215
601700,3;75,97215
601716,4;75,97215
601733;75,97215
601749,5;75,97215
601766,1;75,97215
601782,6;75,97215
601799,3;75,97215
601815,8;75,97215
601832,4;75,97215
601849,3;75,97215
601865,5;75,97215
601882,2;75,97215
601898,6;75,97215
601915,4;75,97215
601931,8;75,97215
601948,4;75,97215
601964,9;75,97215
601981,6;75,97215
601998,1;75,97215
602015;75,97215
602031,2;75,97215
602047,8;75,97215
602064,3;76,2058
602081,1;76,2058
602097,5;76,2058
602114;76,2058
602130,6;76,2058
602147,1;76,2058
602163,9;76,2058
602180,3;76,2058
602196,8;76,2058
602213,6;76,2058
602230;76,2058
602246,5;76,2058
602263,1;76,2058
602279,9;76,2058
602296,3;76,2058
602313;76,2058
602329,4;76,2058
602345,9;76,2058
602362,5;76,2058
602379,1;76,2058
602395,7;76,2058
602412,3;76,2058
602437,4;76,2058
602454,1;76,2058
602470,6;76,2058
602487,1;76,2058
602504,1;76,2058
602520,4;76,2058
602536,8;76,2058
602553,8;76,2058
602569,9;76,2058
602586,6;76,2058
602603,6;76,2058
602619,6;76,2058
602636,3;76,2058
602653,1;76,2058
602669,4;76,2058
602685,9;76,2058
602702,5;76,2058
602719,3;76,85267
602735,7;76,85267
602752,3;76,85267
602768,8;76,85267
602785,4;76,85267
602801,9;76,85267
602818,6;76,85267
602835,1;76,85267
602851,7;76,85267
602868,3;76,85267
602884,8;76,85267
602901,4;76,85267
602917,9;76,85267
602934,5;76,85267
602951,1;76,85267
602967,6;76,85267
602984,5;76,85267
603001,7;76,85267
603017,3;76,85267
603033,9;76,85267
603050,5;76,85267
603067;76,85267
603084;76,85267
603100,3;76,85267
603116,7;76,85267
603133,4;76,85267
603149,8;76,85267
603166,4;76,85267
603183,2;76,85267
603199,6;76,85267
603216,3;76,85267
603233,1;76,85267
603249,3;76,85267
603265,8;76,85267
603282,4;76,85267
603298,9;76,85267
603323,6;77,0381
603339,4;77,0381
603356;77,0381
603372,6;77,0381
603389,2;77,0381
603405,7;77,0381
603422,7;77,0381
603438,8;77,0381
603455,4;77,0381
603472;77,0381
603488,5;77,0381
603505,7;77,0381
603521,7;77,0381
603538,3;77,0381
603554,8;77,0381
603571,5;77,0381
603588,1;77,0381
603604,5;77,0381
603621,1;77,0381
603637,6;77,0381
603654,3;77,0381
603670,8;77,0381
603687,3;77,0381
603704,7;77,0381
603720,4;77,0381
603737,1;77,0381
603753,8;77,0381
603770,2;77,0381
603786,8;77,0381
603803,4;77,0381
603819,9;77,0381
603836,4;77,0381
603853;77,0381
603869,6;77,0381
603886,1;77,0381
603902,7;77,6455
603919,3;77,6455
603936,1;77,6455
603953,4;77,6455
603969;77,6455
603985,6;77,6455
604002,1;77,6455
604018,7;77,6455
604035,2;77,6455
604051,9;77,6455
604068,5;77,6455
604085,3;77,6455
604101,5;77,6455
604118,3;77,6455
604135;77,6455
604151,2;77,6455
604173,7;77,6455
604190,4;77,6455
604206,9;77,6455
604223,4;77,6455
604240;77,6455
604256,5;77,6455
604273,4;77,6455
604289,7;77,6455
604306,3;77,6455
604322,8;77,6455
604339,9;77,6455
604355,9;77,6455
604372,8;77,6455
604389,1;77,6455
604405,6;77,6455
604422,2;77,6455
604438,8;77,6455
604455,3;77,6455
604471,9;77,6455
604489,1;77,6455
604505,3;77,83094
604521,6;77,83094
604538,1;77,83094
604554,8;77,83094
604571,4;77,83094
604588,6;77,83094
604604,4;77,83094
604621,5;77,83094
604637,6;77,83094
604654,1;77,83094
604670,8;77,83094
604687,3;77,83094
604704,2;77,83094
604720,4;77,83094
604737,1;77,83094
604753,6;77,83094
604770,3;77,83094
604786,8;77,83094
604803,3;77,83094
604819,8;77,83094
604836,4;77,83094
604853,4;77,83094
604869,9;77,83094
604886,1;77,83094
604902,8;77,83094
604919,4;77,83094
604936,2;77,83094
604952,3;77,83094
604968,9;77,83094
604985,5;77,83094
605002;77,83094
605018,6;77,83094
605042,9;77,83094
605059,4;77,83094
605076,5;77,83094
605092,5;77,83094
605109,2;78,40676
605125,8;78,40676
605143,1;78,40676
605158,9;78,40676
605175,4;78,40676
605191,9;78,40676
605209,1;78,40676
605225,2;78,40676
605241,6;78,40676
605258,3;78,40676
605274,8;78,40676
605291,4;78,40676
605307,9;78,40676
605324,5;78,40676
605341,1;78,40676
605357,6;78,40676
605374,9;78,40676
605390,8;78,40676
605407,8;78,40676
605423,9;78,40676
605440,4;78,40676
605457,4;78,40676
605473,6;78,40676
605490,4;78,40676
605506,7;78,40676
605523,3;78,40676
605539,9;78,40676
605556,7;78,40676
605573;78,40676
605589,6;78,40676
605606,1;78,40676
605622,7;78,40676
605639,8;78,40676
605656,3;78,40676
605672,9;78,40676
605688,9;78,40676
605705,5;78,40676
605722,1;78,40676
605738,6;78,57379
605755,3;78,57379
605771,8;78,57379
605788,3;78,57379
605805;78,57379
605821,5;78,57379
605838,1;78,57379
605854,6;78,57379
605871,1;78,57379
605887,8;78,57379
605905,6;78,57379
605920,9;78,57379
605937,4;78,57379
605954,4;78,57379
605970,6;78,57379
605987,1;78,57379
606003,8;78,57379
606020,3;78,57379
606036,9;78,57379
606053,4;78,57379
606070;78,57379
606086,6;78,57379
606103,1;78,57379
606120,3;78,57379
606136,3;78,57379
606152,8;78,57379
606169,4;78,57379
606186;78,57379
606202,9;78,57379
606219,2;78,57379
606235,7;78,57379
606252,5;78,57379
606268,8;78,57379
606285,3;78,57379
606302,5;78,57379
606318,5;78,57379
606335,5;78,57379
606351,6;78,57379
606368,2;79,13898
606384,8;79,13898
606401,3;79,13898
606417,9;79,13898
606434,4;79,13898
606451,1;79,13898
606467,7;79,13898
606484,1;79,13898
606500,8;79,13898
606517,8;79,13898
606533,9;79,13898
606550,4;79,13898
606567;79,13898
606584;79,13898
606600,2;79,13898
606616,7;79,13898
606633,3;79,13898
606649,8;79,13898
606666,4;79,13898
606683,7;79,13898
606699,5;79,13898
606716,3;79,19892
606732,7;79,24751
606749,2;79,2909
606766,1;79,35265
606782,4;79,40067
606798,9;79,39045
606816;79,39045
606832;79,39045
606849,3;79,39045
606865,3;79,45293
606881,8;79,50156
606898,3;79,56483
606915;79,60568
606931,4;79,60568
606948;79,60568
606964,7;79,60568
606981,1;80,14713
606997,9;80,14713
607014,3;80,14713
607030,9;80,14713
607048,3;80,14713
607063,9;80,14713
607081,3;80,14713
607097,1;80,14713
607113,8;80,14713
607130,3;80,14713
607146,9;80,14713
607163,4;80,14713
607180;80,14713
607196,6;80,14713
607213,1;80,14713
607229,9;80,14713
607246,6;80,14713
607262,8;80,14713
607279,4;80,14713
607296,4;80,14713
607312,8;80,13859
607329,1;79,54301
607345,6;78,89746
607362,2;78,75053
607378,8;77,8522
607395,9;77,82343
607411,9;77,76707
607428,4;77,2205
607445,1;77,2205
607461,8;77,71317
607478,1;76,88104
607494,8;75,97947
607511,3;75,21539
607527,9;74,77203
607544,4;74,77203
607561;74,77203
607577,6;74,77203
607594,4;74,77203
607610,7;75,3097
607627,6;75,3097
607643,8;75,3097
607660,6;75,3097
607676,9;75,3097
607693,6;75,3097
607710,1;75,3097
607726,9;75,3097
607743,3;75,3097
607760;75,3097
607776,4;75,3097
607792,9;75,3097
607809,5;75,3097
607826,5;75,3097
607842,6;75,3097
607859,3;75,3097
607875,8;75,3097
607892,3;75,3097
607908,9;75,3097
607925,5;75,3097
607942,5;75,3097
607958,6;75,3097
607975,2;75,3097
607991,9;75,3097
608008,3;75,3097
608024,8;75,3097
608041,5;75,3097
608058;75,3097
608074,5;75,3097
608091,1;75,3097
608107,7;75,3097
608124,5;75,3097
608140,8;75,3097
608157,9;75,3097
608173,9;75,3097
608190,5;75,3097
608207,1;75,3097
608223,6;75,3097
608240,6;75,3097
608256,8;75,51524
608273,4;75,51524
608289,9;75,51524
608306,4;75,51524
608323,1;75,51524
608340,3;75,51524
608356,2;75,51524
608372,8;75,51524
608389,3;75,51524
608406,1;75,51524
608422,4;75,51524
608439;75,51524
608455,6;75,51524
608472,2;75,51524
608488,7;75,51524
608505,9;75,51524
608521,9;75,51524
608538,4;75,51524
608555,5;75,51524
608572,3;75,51524
608588,6;75,51524
608605,4;75,51524
608621,8;75,51524
608638,3;75,51524
608654,9;75,51524
608671,4;75,51524
608688,1;75,51524
608704,6;75,51524
608721,2;75,51524
608737,8;75,51524
608754,3;75,51524
608771,2;75,51524
608787,4;75,51524
608804,2;75,51524
608820,6;75,51524
608837,4;75,51524
608853,7;75,51524
608870,4;75,51524
608886,8;75,51524
608903,4;76,20193
608920;76,20193
608936,5;76,20193
608953,1;76,20193
608969,7;76,20193
608986,4;76,20193
609002,8;76,20193
609019,4;76,20193
609035,9;76,20193
609052,5;76,20193
609069,1;76,20193
609085,6;76,20193
609102,2;76,20193
609119,4;76,20193
609135,7;76,20193
609151,9;76,20193
609168,4;76,20193
609185,1;76,20193
609201,6;76,20193
609218,1;76,20193
609234,8;76,20193
609251,4;76,20193
609267,9;76,20193
609284,7;76,20193
609301;76,20193
609317,6;76,20193
609334,4;76,20193
609350,9;76,20193
609367,3;76,20193
609384,1;76,20193
609400,5;76,20193
609417;76,20193
609433,6;76,20193
609450,1;76,20193
609466,7;76,20193
609483,4;76,20193
609499,8;76,39369
609516,4;76,39369
609532,9;76,39369
609550,2;76,39369
609566,4;76,39369
609583,5;76,39369
609599,2;76,39369
609615,8;76,39369
609632,3;76,39369
609648,9;76,39369
609665,9;76,39369
609682;76,39369
609698,6;76,39369
609715,2;76,39369
609731,9;76,39369
609748,4;76,39369
609764,9;76,39369
609781,4;76,39369
609798,4;76,39369
609815,3;76,39369
609831,9;76,39369
609848;76,39369
609864,3;76,39369
609880,9;76,39369
609897,5;76,39369
609914,1;76,39369
609930,6;76,39369
609947,1;76,39369
609963,7;76,39369
609980,8;76,39369
609996,8;76,39369
610013,5;76,39369
610029,9;76,39369
610046,6;76,39369
610063,1;76,39369
610079,8;76,39369
610096,2;76,39369
610112,8;76,45522
610129,4;76,45522
610145,9;76,45522
610163,1;76,45522
610179,6;76,45522
610195,6;76,45522
610212,6;76,45522
610228,9;76,45522
610245,3;76,45522
610261,9;76,45522
610278,7;76,45522
610295;76,45522
610311,8;76,45522
610329,1;76,45522
610344,8;76,45522
610361,3;76,45522
610377,8;76,45522
610394,4;76,45522
610410,9;76,45522
610427,6;76,45522
610444,1;76,45522
610460,9;76,45522
610477,3;76,45522
610493,9;76,45522
610510,4;76,45522
610526,9;76,45522
610544;76,45522
610560,1;76,45522
610576,7;76,45522
610593,3;76,45522
610609,8;76,45522
610626,3;76,45522
610642,9;76,45522
610659,7;76,45522
610676,7;76,45522
610692,6;76,45522
610709,3;76,45522
610725,7;76,45522
610742,3;76,45522
610758,9;76,66634
610775,4;76,66634
610792,1;76,66634
610808,8;76,66634
610825,1;76,66634
610841,9;76,66634
610858,3;76,66634
610875,3;76,66634
610891,4;76,66634
610908,3;76,66634
610924,6;76,66634
610941,1;76,66634
610957,6;76,66634
610974,6;76,66634
610990,8;76,66634
611007,4;76,66634
611024,6;76,66634
611041;76,66634
611057,2;76,66634
611074;76,66634
611090,2;76,66634
611106,8;76,66634
611123,5;76,66634
611140,4;76,66634
611158,3;76,66634
611173,1;76,66634
611189,6;76,66634
611206,2;76,66634
611222,7;76,66634
611239,3;76,66634
611255,9;76,66634
611272,4;76,66634
611289;76,66634
611305,9;76,66634
611322,1;76,66634
611338,9;76,66634
611355,3;76,66634
611371,8;76,66634
611388,8;76,66634
611405,3;77,26579
611421,8;77,26579
611438,2;77,26579
611455,3;77,26579
611471,6;77,26579
611487,9;77,26579
611504,3;77,26579
611521;77,26579
611538;77,26579
611554,1;77,26579
611570,6;77,26579
611587,3;77,26579
611603,8;77,26579
611620,4;77,26579
611636,9;77,26579
611653,4;77,26579
611670,1;77,26579
611687,4;77,26579
611703,3;77,26579
611719,8;77,26579
611736,8;77,26579
611752,9;77,26579
611769,4;77,26579
611786;77,26579
611802,9;77,26579
611819,1;77,26579
611835,7;77,26579
611852,6;77,26579
611868,8;77,26579
611885,4;77,26579
611902,3;77,26579
611918,9;77,26579
611935,4;77,26579
611951,7;77,26579
611968,3;77,26579
611984,8;77,26579
612001,6;77,26579
612024,3;77,47466
612034,6;77,47466
612051,1;77,47466
612067,6;77,47466
612084,2;77,47466
612100,8;77,47466
612117,4;77,47466
612133,9;77,47466
612150,4;77,47466
612167,1;77,47466
612183,7;77,47466
612200,2;77,47466
612216,8;77,47466
612233,3;77,47466
612249,9;77,47466
612266,4;77,47466
612283,6;77,47466
612299,6;77,47466
612316,2;77,47466
612332,7;77,47466
612349,4;77,47466
612365,9;77,47466
612382,4;77,50163
612399;77,59319
612415,5;77,68048
612432,6;77,75426
612448,7;77,34753
612465,3;77,34753
612482,5;77,34753
612498,7;77,34753
612514,9;77,34753
612531,5;77,84824
612548,2;77,47184
612564,6;77,04489
612581,4;77,04489
612597,8;77,04489
612614,3;77,04489
612630,9;77,04489
612648,1;77,69789
612664,1;77,69789
612680,6;77,69789
612697,1;77,69789
612713,8;77,69789
612730,6;77,69789
612746,9;77,69789
612764;77,69789
612780,1;77,69789
612796,8;77,69789
612813,3;77,69789
612829,7;77,69789
612846,3;77,69789
612862,9;77,69789
612879,4;77,69789
612896,3;77,69789
612912,8;77,69789
612931,6;77,69789
612948,1;77,69789
612965,1;77,69789
612981,3;77,69789
612997,9;77,69789
613014,4;77,69789
613030,9;77,69789
613047,6;77,69789
613064,1;77,69789
613080,6;77,69789
613097,3;77,69789
613113,9;77,69789
613130,4;77,69789
613146,9;77,69789
613163,6;77,78777
613180,1;77,78777
613196,6;77,78777
613213,2;77,78777
613229,8;77,78777
613246,3;78,41447
613262,9;78,41447
613279,5;78,41447
613296,4;78,41447
613312,6;78,41447
613329,2;78,41447
613345,7;78,41447
613362,7;78,41447
613378,9;78,41447
613396,2;78,41447
613412;78,41447
613428,5;78,41447
613445,9;78,41447
613461,7;78,41447
613478,3;78,41447
613495,4;78,41447
613511,4;78,41447
613527,9;78,41447
613544,6;78,41447
613561,1;78,41447
613577,6;78,41447
613594,9;78,41447
613610,8;78,41447
613627,4;78,41447
613643,9;78,41447
613660,4;78,41447
613677,1;78,41447
613693,6;78,41447
613710,2;78,41447
613727,1;78,41447
613743,3;78,41447
613760,1;78,41447
613785,1;78,41447
613793,9;78,41447
613810,5;78,41447
613827,1;78,41447
613843,6;78,41447
613860,2;78,63187
613876,8;78,63187
613893,8;78,63187
613909,9;78,63187
613926,4;78,63187
613943,1;78,63187
613959,6;78,63187
613976,1;78,63187
613992,8;78,63187
614009,5;78,63187
614025,9;78,63187
614042,8;78,63187
614059,4;78,63187
614075,6;78,63187
614092,2;78,63187
614108,7;78,63187
614125,3;78,63187
614141,9;78,63187
614158,6;78,63187
614175;78,63187
614191,8;78,63187
614208,7;78,63187
614224,7;78,63187
614241,2;78,63187
614258,2;78,63187
614274,7;78,63187
614291,2;78,63187
614307,5;78,63187
614324,8;78,63187
614340,6;78,63187
614357,2;78,63187
614374,2;78,63187
614390,3;78,63187
614406,9;78,63187
614423,5;78,63187
614440;78,63187
614456,6;79,2117
614473,9;79,2117
614489,8;79,2117
614506,3;79,2117
614522,9;79,2117
614540,2;79,2117
614556,7;79,2117
614572,6;79,2117
614589,1;79,2117
614605,7;79,2117
614622,3;79,2117
614638,9;79,2117
614657,4;79,2117
614674,1;79,2117
614690,5;79,2117
614707,2;79,2117
614723,8;79,2117
614740,2;79,2117
614756,8;79,2117
614773,3;79,2117
614789,9;79,2117
614806,4;79,2117
614823,1;79,2117
614839,8;79,2117
614856,1;79,2117
614873,1;79,2117
614889,4;79,2117
614906;79,2117
614923,3;79,2117
614939;79,2117
614955,6;79,2117
614972,7;79,2117
614988,9;79,2117
615005,3;79,2117
615021,9;79,2117
615038,4;79,2117
615055,3;79,2117
615071,8;79,33475
615088,1;79,33475
615104,7;79,33475
615122,1;79,33475
615137,8;79,33475
615154,4;79,33475
615171;79,33475
615187,5;79,33475
615204,1;79,33475
615220,6;79,33475
615237,3;79,33475
615253,8;79,33475
615270,3;79,33475
615286,9;79,33475
615303,4;79,33475
615320,4;79,33475
615336,6;79,33475
615353,1;79,33475
615369,8;79,33475
615386,8;79,33475
615402,9;79,33475
615419,4;79,33475
615436;79,33475
615452,6;79,33475
615469,1;79,33475
615485,7;79,33475
615502,8;79,33475
615523,5;79,33475
615535,4;79,33475
615552,1;79,33475
615568,6;79,33475
615585,2;79,33475
615602,1;79,33475
615618,3;79,33475
615634,8;79,33475
615651,4;79,73051
615668;79,73051
615684,5;79,73051
615701,4;79,73051
615717,6;79,73051
615734,2;79,83684
615750,8;79,83684
615767,8;79,83684
615784;79,83684
615800,5;79,83684
615817;79,83684
615834,3;79,83684
615850,3;79,83684
615866,8;79,83684
615883,4;79,83684
615900,1;79,83684
615916,4;79,83684
615933,2;79,83684
615949,6;79,83684
615966,1;79,83684
615983,1;79,83684
615999,3;79,83684
616015,9;79,83684
616032,4;79,83684
616049;79,83684
616065,6;79,83684
616082,5;79,83684
616098,9;79,83684
616115,3;79,83684
616131,8;79,83684
616148,4;79,83684
616165,3;79,83684
616181,5;79,83684
616198,3;79,83684
616214,7;79,83684
616231,2;79,83684
616247,8;79,83684
616264,3;79,83684
616280,9;79,83684
616297,7;79,83684
616314,9;79,83684
616330,6;79,83684
616347,3;79,83684
616363,7;79,83684
616380,3;79,83684
616397,7;79,83684
616414,3;80,2998
616430,8;80,2998
616447,4;80,2998
616464,3;80,2998
616480,5;80,2998
616497,1;80,2998
616514,4;80,2998
616530,8;80,2998
616546,8;80,2998
616563,6;80,2998
616580;80,2998
616596,5;80,2998
616613,2;80,2998
616629,6;80,2998
616646,2;80,2998
616662,8;80,2998
616679,3;80,2998
616695,9;80,2998
616713,1;80,2998
616729;80,2998
616745,6;80,17347
616762,8;80,14845
616778,7;80,12875
616795,3;80,11205
616811,8;80,06843
616828,4;80,03324
616845;80,00481
616861,6;79,98563
616878,1;79,94682
616894,8;79,24899
616911,3;78,6759
616927,8;78,6759
616944,4;78,6759
616960,9;78,6759
616977,6;78,43478
616994,1;77,59236
617010,6;76,7114
617027,4;75,94549
617043,8;75,38361
617060,6;75,38361
617076,9;75,38361
617094;75,22429
617110,1;75,22429
617127,1;75,22429
617143,2;75,22429
617159,9;75,22429
617176,7;75,22429
617192,9;75,22429
617209,5;75,22429
617226;75,22429
617242,6;75,22429
617259,1;75,22429
617281,1;75,22429
617292,3;75,22429
617309,1;75,22429
617325,4;75,22429
617342;75,22429
617358,5;75,22429
617375,1;75,22429
617391,8;75,22429
617408,8;75,22429
617424,8;75,22429
617441,4;75,22429
617457,9;75,22429
617474,8;75,22429
617491,2;75,22429
617507,7;75,22429
617525,1;75,22429
617540,8;75,22429
617557,4;75,22429
617573,9;75,22429
617590,4;75,22429
617607,1;75,22429
617623,6;75,22429
617640,2;75,22429
617656,8;75,22429
617673,3;75,22429
617689,9;75,22429
617706,8;75,22429
617723;75,22429
617739,6;75,22429
617756,2;75,22429
617772,8;75,22429
617789,3;75,22429
617806,1;75,22429
617822,4;75,22429
617839,1;75,12347
617855,5;75,12347
617872,1;75,12347
617888,7;75,12347
617905,8;75,12347
617922;75,12347
617938,6;75,12347
617955,1;75,12347
617972,1;75,12347
617988,3;75,12347
618004,9;75,12347
618021,3;75,12347
618037,8;75,12347
618054,3;75,12347
618070,9;75,12347
618087,4;75,12347
618104,2;75,12347
618120,8;75,12347
618137,2;75,12347
618154,3;75,12347
618170,8;75,12347
618187,4;75,12347
618204,2;75,12347
618220,4;75,12347
618237,1;75,12347
618253,6;75,12347
618270,2;75,12347
618286,8;75,12347
618303,4;75,12347
618319,9;75,12347
618336,6;75,12347
618353;75,12347
618369,6;75,12347
618386,2;75,12347
618402,7;75,12347
618419,3;75,12347
618435,9;75,12347
618452,8;75,12347
618469,1;75,12347
618485,6;75,12347
618502,7;75,12347
618518,7;75,12347
618535,4;75,12347
618551,8;75,10353
618568,4;75,10353
618585,8;75,10353
618601,6;75,10353
618618,1;75,10353
618634,6;75,10353
618651,3;75,10353
618667,8;75,10353
618684,4;75,10353
618701,8;75,10353
618717,6;75,10353
618734,2;75,10353
618750,6;75,10353
618767,2;75,10353
618783,8;75,10353
618800,4;75,10353
618816,9;75,10353
618834,4;75,10353
618850,1;75,10353
618866,6;75,10353
618883,2;75,10353
618899,8;75,10353
618916,4;75,10353
618933;75,10353
618949,9;75,10353
618966;75,10353
618982,9;75,10353
618999,1;75,10353
619023,1;75,10353
619032,4;75,10353
619049,1;75,10353
619065,5;75,10353
619082,1;75,10353
619098,6;75,10353
619115,6;75,10353
619131,8;75,10353
619148,4;75,10353
619164,9;75,10353
619181,4;75,10353
619198,1;75,10353
619214,7;75,10353
619231,2;75,10353
619247,8;75,61181
619264,3;75,61181
619280,9;75,61181
619297,6;75,61181
619314;75,61181
619330,6;75,61181
619347,2;75,61181
619363,7;75,61181
619380,5;75,61181
619396,9;75,61181
619413,4;75,61181
619430;75,61181
619446,6;75,61181
619463,6;75,61181
619479,7;75,61181
619496,3;75,61181
619512,8;75,61181
619529,4;75,61181
619546,2;75,61181
619562,5;75,61181
619579,1;75,61181
619595,9;75,61181
619612,6;75,61181
619628,8;75,61181
619645,4;75,61181
619661,9;75,61181
619678,4;75,61181
619695,1;75,61181
619712,2;75,61181
619728,2;75,61181
619744,8;75,61181
619761,3;75,61181
619777,9;75,61181
619794,5;75,61181
619811,1;75,61181
619827,6;75,61181
619844,2;75,61181
619860,7;75,61181
619877,3;75,61181
619893,9;75,61181
619910,4;75,61181
619927;75,61181
619943,8;75,61181
619960,1;75,61181
619976,7;75,70763
619993,3;75,70763
620009,8;75,70763
620026,6;75,70763
620043;75,70763
620059,5;75,70763
620076,1;75,70763
620092,9;75,70763
620109,2;75,70763
620125,8;75,70763
620142,3;75,70763
620158,9;75,70763
620175,5;75,70763
620192,3;75,70763
620208,8;75,70763
620225,2;75,70763
620241,8;75,70763
620258,3;75,70763
620274,9;75,70763
620291,4;75,70763
620308,1;75,70763
620324,6;75,70763
620341,1;75,70763
620357,8;75,70763
620374,3;75,70763
620390,9;75,70763
620407,4;75,70763
620424,6;75,70763
620440,6;75,70763
620457,1;75,70763
620473,9;75,70763
620490,3;75,70763
620506,8;75,70763
620524,1;75,70763
620540,1;75,70763
620556,8;75,70763
620573,1;75,70763
620589,8;75,70763
620606,2;75,70763
620622,8;76,28407
620639,3;76,28407
620655,9;76,28407
620672,5;76,28407
620689;76,28407
620705,6;76,28407
620722,2;76,28407
620738,8;76,28407
620755,3;76,28407
620771,9;76,28407
620791;76,28407
620805,4;76,28407
620821,6;76,28407
620838,1;76,28407
620854,8;76,28407
620871,3;76,28407
620888,1;76,28407
620904,7;76,28407
620921,6;76,28407
620937,6;76,28407
620954,1;76,28407
620970,7;76,28407
620987,3;76,28407
621003,9;76,28407
621020,4;76,22469
621036,9;76,17023
621053,8;76,18986
621070,1;76,18986
621086,7;76,18986
621103,3;76,18986
621119,8;76,18986
621136,4;76,18986
621152,9;76,18986
621169,8;76,18986
621186,1;76,18986
621203,3;76,12919
621219,5;76,08839
621236,1;76,04875
621252,3;76,04875
621268,9;76,04875
621285,4;76,04875
621302,5;76,04875
621318,6;76,04875
621335,4;76,04875
621351,8;76,04875
621368,6;76,04875
621385,1;76,04875
621401,4;76,04875
621418,2;76,04875
621434,6;76,04875
621451,1;76,04875
621467,8;76,04875
621484,3;76,04875
621501;76,04875
621517,4;76,04875
621534,3;76,04875
621550,7;76,04875
621567,2;76,04875
621583,7;76,04875
621600,9;76,04875
621617;76,04875
621633,7;76,04875
621649,9;76,04875
621666,5;76,04875
621683,1;76,04875
621699,6;76,04875
621716,3;76,04875
621732,8;76,04875
621749,3;76,04875
621765,9;76,04875
621782,5;76,04875
621799;76,04875
621815,6;76,04875
621832,1;76,04875
621848,7;76,04875
621865,3;76,04875
621882,2;76,45451
621899,1;76,45451
621915,4;76,45451
621931,6;76,47869
621948,1;76,47869
621964,8;76,47869
621981,3;76,47869
621998,1;76,47869
622014,4;76,47869
622030,9;76,47869
622047,6;76,47869
622064,2;76,47869
622080,6;76,47869
622097,3;76,47869
622113,8;76,47869
622130,4;76,47869
622146,9;76,47869
622163,5;76,47869
622180,1;76,47869
622197;76,47869
622213,3;76,47869
622230,1;76,47869
622246,4;76,47869
622262,9;76,47869
622279,5;76,47869
622296;76,47869
622313;76,47869
622329,2;76,47869
622345,7;76,47869
622363,1;76,47869
622378,9;76,47869
622395,5;76,47869
622412;76,47869
622428,5;76,47869
622445,1;76,47869
622461,7;76,47869
622478,3;76,47869
622494,8;76,47869
622511,4;76,47869
622527,9;76,47869
622546,4;76,47869
622563,1;76,47869
622579,6;76,47869
622596,4;76,98162
622612,8;76,98162
622629,3;76,98162
622645,9;76,98162
622662,4;76,98162
622679,1;76,98162
622695,6;76,98162
622712,2;76,98162
622728,7;76,98162
622745,3;76,98162
622762,4;76,98162
622778,4;76,98162
622795;76,98162
622811,5;76,98162
622828,9;76,98162
622844,7;76,98162
622861,3;76,98162
622877,8;76,98162
622894,6;76,98162
622911,3;76,98162
622927,6;76,98162
622944,1;76,98162
622960,6;76,98162
622977,2;76,98162
622993,9;76,98162
623010,8;76,98162
623026,9;76,98162
623043,4;76,98162
623060,8;76,98162
623076,6;76,98162
623093,1;76,98162
623109,8;76,98162
623126,3;76,98162
623142,9;76,98162
623159,9;76,98162
623176;76,98162
623192,6;76,88152
623209,3;76,33784
623225,9;76,33784
623242,3;76,33784
623258,9;76,33784
623275,4;76,33784
623292;76,36099
623308,6;76,36099
623325,7;76,36099
623341,7;76,36099
623358,2;76,36099
623374,8;76,36099
623392,4;76,36099
623407,9;76,36099
623424,5;76,36099
623441,1;76,36099
623457,6;76,36099
623474,2;76,36099
623490,8;76,36099
623507,3;76,36099
623524,3;76,36099
623540,5;76,36099
623557;76,36099
623573,6;76,36099
623590,1;76,36099
623606,8;76,36099
623623,3;76,36099
623639,9;76,36099
623656,4;76,36099
623673,1;76,36099
623689,6;76,36099
623706,1;76,36099
623722,7;76,36099
623739,3;76,36099
623756,7;76,36099
623772,4;76,36099
623788,9;76,36099
623805,6;76,36099
623822,1;76,36099
623838,7;76,36099
623855,3;76,36099
623871,8;76,36099
623888,4;76,36099
623904,9;76,36099
623921,5;76,36099
623938,1;76,36099
623954,6;76,36099
623971,2;76,36099
623988,4;76,86344
624004,3;76,86344
624020,9;76,86344
624037,5;76,86344
624054;76,86344
624070,6;76,86344
624087,2;76,86344
624103,8;76,86344
624120,3;76,86344
624137,1;76,86344
624153,6;76,86344
624170;76,86344
624186,6;76,86344
624203,1;76,86344
624220;76,86344
624236,3;76,86344
624252,8;76,86344
624271,3;76,86344
624287,8;76,86344
624304,5;76,86344
624320,9;76,80421
624337,9;76,76753
624354,6;76,72082
624370,6;76,68417
624387,2;76,63224
624403,8;76,59572
624420,4;76,55472
624436,9;76,51805
624453,8;76,489
624470,1;76,51247
624486,8;76,51247
624503,2;76,51247
624519,7;76,51247
624536,3;76,45036
624552,9;76,40421
624569,4;75,6638
624586,6;74,79664
624602,6;74,2363
624619,2;74,2363
624635,9;74,2363
624652,6;74,2363
624668,8;74,16087
624685,4;74,16087
624701,9;74,16087
624718,6;74,16087
624735,1;74,16087
624751,7;74,16087
624768,3;74,16087
624784,8;74,16087
624801,6;74,16087
624817,9;74,16087
624834,5;74,16087
624851,1;74,16087
624867,6;74,16087
624884,4;74,16087
624900,8;74,16087
624917,3;74,16087
624933,9;74,16087
624950,4;74,16087
624967,1;74,16087
624983,9;74,16087
625000,1;74,16087
625016,8;74,16087
625033,3;74,16087
625049,9;74,16087
625066,7;74,16087
625083;74,16087
625099,6;74,16087
625116,1;74,16087
625132,8;74,16087
625149,9;74,16087
625167,3;74,16087
625183,4;74,16087
625199,8;74,16087
625216,2;74,16087
625233,1;73,96534
625250,1;73,36736
625266,5;73,36736
625282,5;73,36736
625299,1;73,36736
625315,8;73,36736
625332,4;73,37357
625349;73,37357
625365,3;73,37357
625381,9;73,37357
625398,4;73,37357
625415,8;73,37357
625431,8;73,37357
625448,4;73,37357
625464,8;73,37357
625481,3;73,37357
625497,9;73,37357
625514,4;73,37357
625531;73,37357
625548;73,37357
625564,1;73,37357
625580,7;73,37357
625597,8;73,37357
625613,8;73,37357
625630,5;73,37357
625647;73,37357
625663,5;73,37357
625680,4;73,37357
625696,6;73,37357
625713,4;73,37357
625729,8;73,37357
625746,3;73,37357
625763,6;73,37357
625779,6;73,37357
625796;73,37357
625812,6;73,37357
625829,2;73,37357
625846,3;73,37357
625862,9;73,37357
625878,9;73,37357
625895,4;73,37357
625912;73,81025
625929,2;73,3
625945,1;73,3
625961,8;73,3
625978,3;73,3
625994,9;73,3
626011,9;73,86218
626028;73,86218
626044,6;73,86218
626061,1;73,86218
626077,7;73,86218
626094,6;73,86218
626110,8;73,86218
626127,4;73,86218
626143,9;73,86218
626160,5;73,86218
626177,1;73,86218
626193,7;73,86218
626210,2;73,86218
626226,8;73,86218
626243,4;73,86218
626259,9;73,86218
626276,5;73,86218
626293,1;73,86218
626309,7;73,86218
626326,2;73,86218
626342,8;73,86218
626359,3;73,86218
626375,9;73,86218
626392,4;73,86218
626409;73,86218
626425,6;73,86218
626442,1;73,86218
626458,8;73,86218
626475,6;73,86218
626491,9;73,86218
626508,4;73,86218
626525;73,86218
626541,6;73,86218
626558,1;73,86218
626574,7;73,86218
626591,6;73,86218
626607,9;73,86218
626624,4;73,86218
626641,1;73,86218
626657,6;73,86218
626674,1;73,86218
626690,7;73,89778
626707,2;73,89778
626724;73,89778
626740,4;73,89778
626756,9;73,89778
626774,2;73,89778
626790,4;73,89778
626806,6;73,89778
626823,4;73,89778
626839,8;73,89778
626856,3;73,89778
626872,9;73,89778
626889,4;73,89778
626906;73,89778
626922,6;73,89778
626939,1;73,89778
626956,4;73,89778
626972,6;73,89778
626989;73,89778
627005,4;73,89778
627022;73,89778
627038,9;73,89778
627055,1;73,89778
627071,8;73,89778
627088,3;73,89778
627104,9;73,89778
627121,6;73,89778
627137,9;73,89778
627154,6;73,89778
627171,1;73,89778
627187,6;73,89778
627204,3;73,89778
627220,8;73,89778
627237,6;73,89778
627254,1;73,89778
627270,5;73,89778
627287,1;73,89778
627303,7;73,89778
627320,2;73,89778
627336,8;74,40641
627353,3;74,40641
627369,9;74,40641
627386,5;74,40641
627403,1;74,40641
627419,6;74,40641
627436,9;74,40641
627452,8;74,40641
627469,4;74,40641
627485,8;74,40641
627503;74,40641
627519,3;74,40641
627535,6;74,40641
627552,3;74,40641
627568,7;74,40641
627585,3;74,40641
627601,8;74,40641
627618,9;74,40641
627634,9;74,40641
627652,1;74,40641
627668,1;74,40641
627684,6;74,40641
627701,3;74,40641
627717,8;74,40641
627734,4;74,40641
627750,9;74,40641
627768,9;74,40641
627784,1;74,40641
627800,6;74,40641
627817,2;74,40641
627834,3;74,40641
627850,3;74,40641
627866,9;74,40641
627883,6;74,40641
627900;74,40641
627916,6;74,40641
627933,4;74,40641
627949,7;74,40641
627966,3;74,40641
627982,9;74,40641
627999,8;74,40641
628016;74,40641
628032,9;74,38803
628049,1;74,38803
628065,7;74,38803
628082,3;74,38803
628098,8;74,38803
628115,6;74,38803
628131,9;74,38803
628148,5;74,38803
628165,1;74,38803
628182,1;74,38803
628198,4;74,38803
628214,8;74,38803
628231,4;74,38803
628247,9;74,38803
628264,6;74,38803
628281,1;74,38803
628297,8;74,38803
628314,2;74,38803
628331,3;74,38803
628347,6;74,38803
628364,1;74,38803
628380,4;74,80698
628397,1;74,72012
628413,8;74,64932
628430,2;73,90769
628446,7;73,0545
628463,9;72,35361
628479,9;71,96435
628496,4;71,85554
628513,1;71,40194
628529,7;71,40194
628546,3;71,40194
628563,1;71,40194
628579,3;71,4499
628596,4;71,47861
628612,4;71,49992
628629,1;71,48129
628649,6;71,48129
628667,1;71,48129
628682,8;71,48129
628699,8;71,62513
628715,8;71,62513
628733;71,62513
628748,9;71,62513
628765,5;71,62513
628782,1;71,62513
628798,6;71,62513
628815,2;71,62513
628831,8;71,62513
628848,3;71,62513
628865,4;71,62513
628881,8;71,62513
628898;71,62513
628914,7;71,62513
628931,1;71,62513
628947,8;71,62513
628964,3;71,62513
628980,9;71,62513
628997,4;71,62513
629014,3;71,62513
629030,6;71,62513
629047,1;71,62513
629063,8;71,62513
629080,3;71,62513
629096,8;71,62513
629113,4;71,62513
629130,3;71,62513
629146,6;71,62513
629163,1;71,62513
629179,7;71,62513
629196,3;71,62513
629212,8;71,62513
629229,8;71,62513
629245,9;71,62513
629262,8;71,62513
629279,1;71,62513
629295,6;71,62513
629312,2;71,62513
629329;71,62513
629345,8;71,62513
629361,9;71,62513
629378,5;72,10057
629395;72,10057
629411,7;72,10057
629428,3;72,10057
629444,7;72,10057
629461,3;72,10057
629478;72,10057
629494,4;72,10057
629511;72,10057
629527,8;72,10057
629544,9;72,10057
629561,9;72,10057
629578;72,10057
629594,6;72,10057
629611,3;72,10057
629627,7;72,10057
629644,3;72,10057
629660,8;72,10057
629677,4;72,10057
629694;72,10057
629710,5;72,10057
629727,3;72,10057
629743,6;72,10057
629760,3;72,10057
629776,9;72,10057
629793,5;72,10057
629809,9;72,10057
629827;72,10057
629843,1;72,10057
629859,6;72,10057
629876,3;72,10057
629893,3;72,10057
629909,4;72,10057
629926;72,10057
629942,4;72,10057
629959,1;72,10057
629975,6;72,10057
629992,2;72,10057
630008,8;72,10057
630025,3;72,10057
630041,9;72,10057
630058,9;72,24132
630075;72,24132
630091,8;72,24132
630108,3;72,24132
630124,7;72,24132
630141,3;72,24132
630157,8;72,24132
630174,4;72,24132
630191;72,24132
630207,7;72,24132
630224,6;72,24132
630240,8;72,24132
630257,3;72,24132
630273,8;72,24132
630290,4;72,24132
630306,9;72,24132
630323,5;72,24132
630340,6;72,24132
630356,9;72,24132
630376,6;72,24132
630389,8;72,24132
630406,3;72,24132
630422,9;72,24132
630440,1;72,24132
630456,1;72,24132
630472,6;72,24132
630489,3;72,24132
630505,8;72,24132
630522,3;72,24132
630538,9;72,24132
630555,7;72,24132
630572;72,24132
630589,5;72,24132
630605,8;72,24132
630621,7;72,24132
630638,3;72,24132
630655,1;72,24132
630671,5;72,24132
630688,1;72,24132
630704,5;72,24132
630721,1;72,24132
630738;72,71151
630754,3;72,71151
630770,8;72,71151
630787,6;72,71151
630804,1;72,71151
630820,6;72,71151
630837,1;72,71151
630853,6;72,71151
630870,3;72,71151
630887,4;72,71151
630903,4;72,71151
630920,1;72,71151
630936,8;72,71151
630953,1;72,71151
630969,6;72,71151
630986,2;72,71151
631002,9;72,71151
631019,3;72,71151
631036;72,71151
631052,4;72,71151
631069,1;72,71151
631085,6;72,71151
631102,1;72,71151
631118,7;72,71151
631135,3;72,71151
631151,9;72,71151
631168,4;72,71151
631185;72,71151
631201,6;72,71151
631218,1;72,71151
631234,7;72,71151
631251,3;72,71151
631268,3;72,71151
631284,5;72,71151
631301;72,71151
631317,6;72,71151
631334,2;72,71151
631351,3;72,71151
631367,5;72,71151
631383,9;72,71151
631400,4;72,71151
631417;72,71151
631433,6;72,71151
631450,1;72,71151
631466,8;72,83411
631483,3;72,83411
631500;72,83411
631516,8;72,83411
631532,9;72,83411
631549,5;72,83411
631566,1;72,83411
631583;72,83411
631599,3;72,83411
631615,9;72,83411
631632,8;72,83411
631648,9;72,83411
631665,4;72,83411
631682,3;72,83411
631698,6;72,83411
631715,2;72,83411
631731,8;72,83411
631748,6;72,83411
631764,9;72,83411
631781,4;72,83411
631798,1;72,83411
631814,6;72,83411
631831,2;72,83411
631847,7;72,83411
631864,5;72,83411
631881,7;72,83411
631897,8;72,83411
631914;72,83411
631930,6;72,83411
631947,1;72,83411
631963,7;72,83411
631980,3;72,83411
631996,8;72,83411
632013,6;73,21628
632029,9;72,85808
632046,5;72,85808
632063,1;72,85808
632079,7;72,85808
632096,4;72,85808
632112,8;72,85808
632129,5;73,36378
632145,9;73,36378
632162,5;73,36378
632179,3;73,36378
632196,1;73,36378
632212,3;73,36378
632229,4;73,36378
632245,3;73,36378
632261,9;73,36378
632278,4;73,36378
632295,1;73,36378
632311,6;73,36378
632328,2;73,36378
632344,8;73,36378
632361,3;73,36378
632377,9;73,36378
632394,4;73,36378
632411;73,36378
632427,6;73,36378
632444,8;73,36378
632460,8;73,36378
632477,3;73,36378
632494,3;73,36378
632510,4;73,36378
632527;73,36378
632543,5;73,36378
632560,7;73,36378
632576,7;73,36378
632593,2;73,36378
632610,6;73,36378
632626,3;73,36378
632642,9;73,36378
632659,5;73,36378
632676,1;73,36378
632692,6;73,36378
632709,2;73,36378
632725,8;73,36378
632742,3;73,36378
632758,9;73,36378
632775,4;73,36378
632792,2;73,53308
632809,1;73,53308
632825,1;73,53308
632841,8;73,53308
632858,3;73,53308
632874,9;73,53308
632891,4;73,53308
632908,2;73,53308
632925,3;73,53308
632941,1;73,53308
632957,8;73,53308
632974,3;73,53308
632991,1;73,53308
633010;73,53308
633024,8;73,53308
633040,5;73,53308
633057,1;73,53308
633073,9;73,53308
633090,2;73,53308
633106,8;73,53308
633123,4;73,53308
633139,9;73,94635
633156,5;74,00148
633173,1;74,05774
633190,1;74,11474
633206,2;74,17156
633222,8;73,80885
633239,3;73,80885
633255,9;73,80885
633273,2;73,80885
633289;73,80885
633305,6;74,21192
633322,1;74,20162
633338,8;73,74763
633355,4;73,22826
633371,9;72,52575
633388,7;72,54155
633404,9;72,55
633421,6;72,56197
633438,1;72,56197
633454,9;72,56197
633471,9;72,56197
633487,9;72,56197
633504,4;72,56197
633521;72,56197
633538,1;72,56197
633554,1;72,56197
633570,7;72,56197
633587,6;72,56197
633604,2;72,56197
633620,4;72,56197
633636,9;72,56197
633653,8;72,56197
633670,1;72,56197
633686,6;72,56197
633703,2;72,56197
633719,8;72,56197
633736,3;72,56197
633753,7;72,56197
633770,1;72,56197
633786,2;72,56197
633803,3;72,56197
633819,1;72,56197
633835,9;72,56197
633852,3;72,56197
633868,8;72,56197
633888,2;72,56197
633904,8;72,56197
633921,6;72,56197
633938,2;72,56197
633954,4;72,56197
633971;72,56197
633987,6;72,56197
634004,1;72,56197
634020,7;72,56197
634037,3;72,56197
634054,1;72,56197
634070,4;72,56197
634087;72,67701
634103,8;72,67701
634120,1;72,67701
634136,7;72,67701
634153,2;72,67701
634170,7;72,67701
634186,4;72,67701
634203,2;72,67701
634219,9;72,67701
634236,1;72,67701
634252,6;72,67701
634269,2;72,67701
634285,8;72,67701
634302,8;72,67701
634318,9;72,67701
634335,4;72,67701
634352,8;72,67701
634368,6;72,67701
634385,1;72,67701
634402;72,67701
634418,3;72,67701
634434,9;72,67701
634451,7;72,67701
634467,9;72,67701
634484,6;72,67701
634501,6;72,67701
634517,8;72,67701
634534,3;72,67701
634551;72,67701
634567,8;72,67701
634583,9;72,67701
634600,5;72,67701
634617,2;72,67701
634633,7;72,67701
634650,2;72,67701
634666,8;72,67701
634683,9;73,09399
634699,9;73,09399
634716,5;73,09399
634733,1;73,17057
634753,8;73,17057
634766,2;73,17057
634782,8;73,17057
634799,6;73,17057
634815,9;73,17057
634832,4;73,17057
634849,3;73,17057
634865,6;73,17057
634882,1;73,17057
634898,8;73,17057
634915,6;73,17057
634932,6;73,17057
634948,4;73,17057
634964,9;73,17057
634981,8;73,17057
634998,1;73,17057
635014,7;73,17057
635031,3;73,17057
635047,9;73,17057
635064,4;73,17057
635081,4;73,17057
635097,6;73,17057
635114,1;73,17057
635130,9;73,17802
635147,2;72,60354
635164,3;72,62734
635180,4;72,14371
635196,9;72,14371
635213,5;72,14371
635230,1;72,14371
635246,7;72,14371
635263,2;72,14371
635279,8;72,14371
635296,7;72,14371
635312,9;72,14371
635329,4;72,0624
635346;72,0624
635362,8;72,0624
635379,4;72,0624
635396,2;72,0624
635412,3;72,17003
635428,8;72,17003
635445,6;72,17003
635462;72,17003
635478,6;72,17003
635495,1;72,17003
635511,8;72,17003
635528,3;72,17003
635544,8;72,17003
635561,4;72,17003
635577,9;72,17003
635594,6;72,17003
635611,2;72,17003
635628,8;72,17003
635644,8;72,17003
635660,8;72,17003
635677,4;72,17003
635693,9;72,17003
635710,5;72,17003
635727,1;72,17003
635743,8;72,17003
635760,4;72,17003
635777,4;72,17003
635793,3;72,17003
635810;72,17003
635826,5;72,17003
635843;72,17003
635859,6;72,17003
635876,4;72,17003
635893,3;72,17003
635909,3;72,17003
635925,8;72,17003
635942,9;72,17003
635959,1;72,17003
635975,6;72,17003
635992,1;72,17003
636008,7;72,17003
636025,3;72,17003
636041,8;72,17003
636058,4;72,17003
636075,3;72,64608
636091,5;72,64608
636108,1;72,64608
636124,9;72,64608
636141,3;72,64608
636157,8;72,64608
636174,4;72,64608
636191,3;72,64608
636207,4;72,64608
636224,2;72,64608
636240,7;72,64608
636257,3;72,64608
636274,3;72,64608
636290,4;72,64608
636306,9;72,64608
636323,5;72,64608
636340,4;72,64608
636356,6;72,64608
636373,5;72,64608
636389,7;72,64608
636406,6;72,64608
636422,9;72,64608
636439,4;72,64608
636456;72,64608
636472,8;72,64608
636489,9;72,64608
636510;72,64608
636522,6;72,64608
636538,8;72,64608
636555,4;72,64608
636572,3;72,64608
636588,5;72,64608
636605,5;72,64608
636621,6;72,64608
636638,3;72,64608
636655,2;72,64608
636671,4;72,64608
636687,9;72,64608
636705,4;72,64608
636721,3;72,64608
636737,8;72,64608
636754,2;72,64608
636770,8;72,64608
636787,3;72,68481
636803,9;72,68481
636820,4;72,68481
636837,3;72,68481
636853,6;72,68481
636870,2;72,68481
636886,8;72,68481
636903,3;72,68481
636919,9;72,68481
636936,4;72,68481
636953;72,68481
636969,6;72,68481
636986,1;72,68481
637003;72,68481
637019,3;72,68481
637035,8;72,68481
637052,4;72,68481
637069,1;72,68481
637085,5;72,68481
637102,3;72,68481
637118,6;72,68481
637135,2;72,68481
637151,8;72,68481
637168,3;72,68481
637184,9;72,68481
637201,5;72,68481
637218,1;72,68481
637234,7;72,68481
637251,3;72,68481
637267,8;72,68481
637284,3;72,68481
637300,9;72,68481
637317,4;72,68481
637334,1;72,68481
637351;72,68481
637367,6;72,68481
637384,4;72,68481
637400,3;72,68481
637418;72,68481
637433,4;72,68481
637450;72,68481
637466,9;72,68481
637483,1;73,19628
637499,7;73,19628
637516,3;73,19628
637532,8;73,19628
637549,4;73,19628
637566,1;73,19628
637582,6;73,19628
637599,3;73,19628
637616,1;73,19628
637632,7;73,19628
637649,1;73,19628
637665,4;73,19628
637682,2;73,19628
637698,5;73,19628
637715;73,19628
637731,6;73,19628
637748,2;73,19628
637764,9;73,19628
637781,4;73,19628
637797,9;73,19628
637814,4;73,19628
637831;73,19628
637847,9;73,19628
637864,5;73,19628
637880,8;73,19628
637897,9;73,19628
637913,9;73,19628
637930,4;73,19628
637946,9;73,19628
637963,6;73,19628
637980,9;73,19628
637997,7;73,19628
638013,8;73,19628
638029,9;73,19628
638046,8;73,19628
638062,9;73,19628
638080;73,19628
638096,1;73,19628
638112,7;73,19628
638129,6;73,19628
638145,8;73,19628
638162,4;73,26974
638178,9;73,26974
638195,5;73,26974
638212,1;73,26974
638228,6;73,26974
638245,4;73,26974
638265,1;73,26974
638281,8;73,26974
638298,2;73,26974
638315;73,26974
638331,6;73,26974
638347,9;73,26974
638364,4;73,26974
638381,1;73,26974
638398;73,26974
638414,1;73,26974
638430,8;73,26974
638447,8;73,26974
638463,9;73,26974
638480,6;73,26974
638497,6;73,26974
638513,6;73,26974
638530,3;73,26974
638547,3;73,26974
638563,5;73,26974
638579,8;73,26974
638596,4;73,26974
638613;73,26974
638629,5;73,26974
638646,2;73,26974
638662,7;73,26974
638679,3;73,26974
638695,8;73,26974
638712,3;73,26974
638728,9;73,26974
638745,8;73,26974
638762,2;73,26974
638778,6;73,26974
638795,7;73,26974
638811,8;73,26974
638828,3;73,26974
638844,9;73,26974
638861,4;73,78329
638878,8;73,78329
638894,6;73,78329
638911,1;73,78329
638927,8;73,78329
638944,3;73,78329
638961,1;73,78329
638977,4;73,78329
638993,9;73,78329
639010,6;73,78329
639027,4;73,78329
639044,3;73,78329
639060,3;73,78329
639076,8;73,78329
639093,9;73,78329
639109,9;73,78329
639126,5;73,78329
639143,1;73,78329
639163,2;73,78329
639176,9;73,78329
639193,9;73,78329
639209,9;73,78329
639226,8;73,78329
639243,1;73,78329
639260,1;73,78329
639276,3;73,78329
639292,9;73,78329
639309,4;73,78329
639325,9;73,78329
639342,5;73,78329
639359,4;73,78329
639375,7;73,78329
639392,9;73,78329
639408,8;73,78329
639425,4;73,78329
639441,9;73,78329
639459,1;73,78329
639475,9;73,78329
639491,6;73,78329
639508,2;73,78329
639524,8;73,78329
639541,3;73,91073
639557,9;73,91073
639574,4;73,91073
639591,9;73,91073
639607,6;73,91073
639624,1;73,91073
639641,1;73,91073
639657,3;73,91073
639674,1;73,91073
639690,4;73,91073
639707;73,91073
639723,6;73,91073
639740,1;73,91073
639757,4;73,91073
639773,6;73,91073
639789,9;73,91073
639806,4;73,91073
639823;73,91073
639839,6;73,91073
639856,1;73,91073
639872,7;73,91073
639889,6;73,91073
639905,8;73,91073
639922,4;73,91073
639938,9;73,91073
639955,5;73,91073
639972,4;73,91073
639991,7;73,91073
640008,3;73,91073
640024,8;73,91073
640041,4;73,91073
640058;73,91073
640074,5;73,91073
640091,1;73,91073
640107,8;73,91073
640124,3;73,91073
640140,8;73,91073
640157,4;73,91073
640173,9;73,91073
640190,5;74,43492
640207,8;74,43492
640223,6;74,43492
640240,4;74,43492
640256,8;74,43492
640273,4;74,43492
640289,9;74,43492
640306,4;74,43492
640323,5;74,43492
640339,9;74,43492
640356,6;74,43492
640373,2;74,43492
640389,6;74,43492
640405,9;74,43492
640422,4;74,43492
640440;74,43492
640455,9;74,43492
640472,1;74,43492
640488,7;74,43492
640505,3;74,43492
640522,2;74,43492
640538,4;74,43492
640554,9;74,43492
640571,6;74,43492
640588,1;74,43492
640604,8;74,43492
640621,4;74,43492
640638,1;74,43492
640654,4;74,43492
640670,9;74,43492
640687,5;74,43492
640704,2;74,43492
640720,9;74,43492
640737,2;74,43492
640754,4;74,43492
640770,3;74,43492
640786,9;74,43492
640803,7;74,43492
640820,7;74,43492
640836,6;74,43492
640860,4;74,57253
640869,8;74,57253
640886,8;74,57253
640903,4;74,57253
640919,4;74,57253
640936;74,57253
640952,6;74,57253
640969,1;74,57253
640985,9;74,57253
641002,3;74,57253
641018,8;74,57253
641035,6;74,57253
641052,3;74,57253
641068,8;74,57253
641085,2;74,57253
641101,7;74,57253
641118,4;74,57253
641135,1;74,57253
641151,4;74,57253
641168,3;74,57253
641184,5;74,57253
641201,4;74,57253
641218,2;74,57253
641234,3;74,57253
641250,8;74,57253
641267,3;74,57253
641283,9;74,57253
641301,2;74,57253
641317;74,57253
641333,8;74,57253
641350,2;74,57253
641367,3;74,57253
641383,3;74,57253
641399,8;74,57253
641416,4;75,04518
641433,1;74,61272
641449,6;74,61272
641466,1;74,61272
641482,7;74,61272
641499,3;75,20541
641515,8;75,20541
641532,6;75,20541
641549,2;75,20541
641565,6;75,20541
641582,1;75,20541
641598,8;75,20541
641615,3;75,20541
641631,8;75,20541
641648,8;75,20541
641665,1;75,20541
641681,5;75,20541
641698,1;75,20541
641714,9;75,20541
641731,2;75,20541
641748,9;75,20541
641764,3;75,20541
641780,9;75,20541
641797,8;75,20541
641814;75,20541
641830,6;75,20541
641847,2;75,20541
641864,4;75,20541
641880,3;75,20541
641896,9;75,20541
641913,4;75,20541
641930;75,20541
641946,6;75,20541
641963,1;75,20541
641979,7;75,20541
641996,3;75,20541
642012,8;75,20541
642029,4;75,20541
642045,9;75,20541
642062,5;75,20541
642079,1;75,20541
642095,7;75,20541
642112,3;75,38213
642128,9;75,38213
642145,3;75,38213
642161,9;75,38213
642178,4;75,38213
642195,1;75,38213
642211,6;75,38213
642228,8;75,38213
642244,8;75,38213
642261,3;75,38213
642277,9;75,38213
642294,4;75,38213
642311,1;75,38213
642327,6;75,38213
642344,3;75,38213
642361,3;75,38213
642378,1;75,38213
642394,1;75,38213
642410,4;75,38213
642427;75,38213
642443,6;75,38213
642460,3;75,38213
642476,7;75,38213
642493,4;75,38213
642509,8;75,38213
642527,1;75,38213
642543,3;75,38213
642559,5;75,38213
642576,1;75,38213
642592,6;75,38213
642610,3;75,38213
642625,8;75,38213
642642,3;75,38213
642658,9;75,38213
642675,5;75,38213
642692,1;75,38213
642709,6;75,38213
642725,2;75,38213
642741,8;76,03334
642758,7;76,03334
642775;76,03334
642791,8;76,03334
642808,6;76,03334
642824,6;76,03334
642841,1;76,03334
642858,1;76,03334
642874,7;76,03334
642890,9;76,03334
642907,5;76,03334
642924;76,03334
642940,6;76,03334
642957,1;76,03334
642973,7;76,03334
642990,7;76,03334
643007,5;76,03334
643023,4;76,03334
643040,1;76,03334
643056,5;76,03334
643073,1;76,03334
643089,9;76,03334
643106,5;76,03334
643123,1;76,03334
643139,3;76,03334
643155,9;76,03334
643172,5;76,03334
643189;76,03334
643205,6;76,03334
643222,9;76,03334
643238,8;76,03334
643255,3;76,03334
643271,9;76,03334
643288,6;76,03334
643305;76,03334
643321,6;76,03334
643338,1;76,03334
643354,8;76,28822
643371,3;76,28822
643387,9;76,28822
643404,4;76,28822
643420,9;76,28822
643437,6;76,28822
643454,2;76,28822
643470,7;76,28822
643487,3;76,28822
643503,9;76,28822
643520,4;76,28822
643536,9;76,28822
643553,6;76,28822
643570,3;76,28822
643586,9;76,28822
643604,2;76,28822
643619,8;76,28822
643636,4;76,28822
643653,8;76,28822
643669,5;76,28822
643686,1;76,28822
643702,6;76,28822
643719,2;76,28822
643735,8;76,28822
643752,3;76,28822
643768,9;76,28822
643785,6;76,28822
643802,1;76,28822
643818,6;76,28822
643835,8;76,28822
643851,8;76,28822
643868,6;76,28822
643885,1;76,28822
643901,4;76,28822
643918;76,28822
643934,6;76,28822
643951,1;76,88147
643967,7;76,88147
643984,3;76,88147
644000,9;76,88147
644017,4;76,88147
644033,9;76,88147
644050,6;76,88147
644067,1;76,88147
644083,7;76,88147
644100,3;76,88147
644116,9;76,88147
644133,4;76,88147
644149,9;76,88147
644166,5;76,88147
644183,3;76,88147
644199,7;76,88147
644216,2;76,88147
644232,8;76,88147
644249,8;76,88147
644266,3;76,88147
644282,5;76,88147
644299;76,88147
644315,6;76,88147
644332,1;76,88147
644348,7;76,88147
644366,6;76,88147
644383,2;76,88147
644400,1;76,88147
644416,3;76,88147
644432,9;76,88147
644449,4;76,88147
644466;76,88147
644483,2;76,88147
644499,1;76,88147
644516,1;76,88147
644532,3;76,88147
644548,8;76,88147
644565,4;76,88147
644582;77,02597
644598,5;77,02597
644615,1;77,02597
644631,6;77,02597
644648,6;77,02597
644664,9;77,02597
644681,7;77,02597
644697,9;77,02597
644714,5;77,02597
644731,1;77,02597
644747,7;77,02597
644764,4;77,02597
644781,4;77,02597
644797,4;77,02597
644813,9;77,02597
644830,4;77,02597
644847,2;77,02597
644863,7;77,02597
644880,1;77,02597
644896,8;77,02597
644913,3;77,02597
644929,9;77,02597
644946,4;77,02597
644963;77,02597
644979,6;77,02597
644996,6;77,02597
645012,7;77,02597
645029,3;77,02597
645045,8;77,02597
645062,4;77,02597
645079;77,02597
645095,5;77,02597
645112,1;77,02597
645128,7;77,02597
645145,2;77,02597
645161,8;77,02597
645178,4;77,02597
645194,9;77,02597
645211,6;77,02597
645232,4;77,50542
645244,6;77,50542
645261,2;77,50542
645278,3;77,50542
645294,3;77,50542
645311;77,50542
645327,5;77,50542
645344;77,50542
645361,1;77,50542
645377,1;77,50542
645393,9;77,50542
645410,4;77,50542
645427,4;77,50542
645443,4;77,50542
645459,9;77,50542
645476,6;77,50542
645493,3;77,50542
645509,7;77,50542
645526,3;77,50542
645543,1;77,50542
645559,4;77,50542
645575,9;77,50542
645592,5;77,50542
645609,1;77,50542
645626,1;77,50542
645642,5;77,50542
645658,8;77,50542
645675,4;77,50542
645692,3;77,50542
645708,5;77,50542
645725,8;77,50542
645741,6;77,50542
645758,3;77,50542
645774,9;77,50542
645791,5;77,50542
645808,1;77,50542
645824,4;77,50542
645841;77,50542
645857,6;77,50542
645874,1;77,50542
645890,8;77,50542
645907,3;77,50542
645923,9;77,55049
645940,4;77,55049
645957,1;77,55049
645973,7;77,55049
645990,1;77,55049
646006,7;77,55049
646023,3;77,55049
646040;77,55049
646056,5;77,55049
646073,5;77,55049
646089,7;77,55049
646106,1;77,55049
646122,7;77,55049
646139,3;77,55049
646155,8;77,55049
646172,4;77,55049
646188,9;77,55049
646205,5;77,55049
646222,1;77,55049
646238,6;77,55049
646256,1;77,55049
646271,8;77,55049
646288,3;77,55049
646304,9;77,55049
646321,5;77,55049
646338;77,55049
646354,6;77,55049
646371,4;77,55049
646387,7;77,55049
646404,3;77,55049
646420,8;77,55049
646437,4;77,55049
646454;77,55049
646470,6;77,55049
646487,1;77,55049
646503,9;77,55049
646520,3;77,55049
646537,4;77,8735
646553,5;77,81344
646569,9;77,42207
646586,6;77,42207
646603,4;77,42207
646620,7;77,42207
646636,3;77,84111
646652,8;77,84111
646669,4;77,84111
646685,9;77,84111
646702,6;77,84111
646719,1;77,84111
646736,1;77,84111
646752,2;77,84111
646768,8;77,84111
646785,3;77,84111
646802,4;77,84111
646818,5;77,84111
646835;77,84111
646851,6;77,84111
646868,2;77,84111
646884,7;77,84111
646901,3;77,84111
646918,1;77,84111
646934,4;77,84111
646951,1;77,84111
646968,1;77,84111
646986,5;77,84111
647003,6;77,84111
647019,6;77,84111
647036,2;77,84111
647052,8;77,84111
647069,3;77,84111
647085,9;77,84111
647102,5;77,84111
647119,1;77,84111
647135,7;77,84111
647152,2;77,84111
647168,8;77,84111
647185,5;77,84111
647201,9;77,84111
647218,4;77,84111
647235,1;77,84111
647252,2;77,84111
647268,1;77,84111
647284,8;77,84111
647301,8;77,84111
647317,9;77,84111
647334,4;77,84111
647351;77,84111
647367,6;77,82362
647384,3;77,82362
647400,7;77,82362
647417,3;77,82362
647433,9;77,82362
647450,4;77,82362
647467;77,82362
647483,5;77,82362
647500,1;77,82362
647516,7;77,82362
647533,2;77,82362
647550,4;77,82362
647566,4;77,82362
647583,1;77,82362
647599,5;77,82362
647616;77,82362
647632,6;77,82362
647649,8;77,82362
647665,8;77,82362
647682,3;77,82362
647698,9;77,82362
647715,4;77,82362
647732,1;77,82362
647748,6;77,82362
647765,3;77,82362
647781,8;77,82362
647798,3;77,82362
647814,9;77,82362
647831,4;77,82362
647847,9;77,82362
647864,6;77,82362
647882,6;77,82362
647897,7;77,82362
647914,3;77,82362
647930,9;77,82362
647947,4;77,82362
647963,9;77,82362
647981;77,82362
647997,1;77,82362
648013,7;77,82362
648030,4;77,82362
648047,1;77,82362
648063,4;77,82362
648079,9;77,82362
648096,5;77,82362
648113,5;77,82362
648129,6;78,25458
648146,2;78,25458
648162,8;78,25458
648179,3;78,25458
648196;78,25458
648212,4;78,25458
648229,1;78,25458
648245,8;78,25458
648262,3;78,25458
648278,8;78,25458
648295,3;78,25458
648311,9;78,25458
648329;78,25458
648345,1;78,25458
648361,6;78,25458
648378,1;78,25458
648394,9;78,25458
648411,3;78,25458
648427,8;78,25458
648444,4;78,25458
648460,9;78,25458
648477,6;78,25458
648494,1;78,25458
648511,3;78,25458
648527,4;78,25458
648543,9;78,25458
648560,4;78,25458
648577,1;78,25458
648593,5;78,25458
648610,1;78,25458
648626,6;78,25458
648643,2;78,25458
648660,1;78,25458
648676,3;78,25458
648693,3;78,25458
648709,5;78,25458
648726;78,25458
648742,6;78,25458
648759,4;78,25458
648775,7;78,25458
648792,3;78,25458
648811,9;78,25458
648828,9;78,25458
648845,1;78,21196
648861,7;78,21196
648878,2;78,21196
648894,9;78,21196
648911,5;78,21196
648928,3;78,21196
648944,4;78,21196
648961;78,21196
648978,1;78,21196
648994,2;78,21196
649010,9;78,21196
649027,3;78,21196
649043,8;78,21196
649060,4;78,21196
649077,1;78,21196
649093,6;78,21828
649110,2;78,13385
649126,6;78,14569
649143,3;77,48066
649159,8;76,93297
649176,4;76,95337
649193,3;76,96608
649210,1;76,97684
649226,1;76,99702
649242,7;77,00724
649260,1;77,01384
649275,8;77,02456
649292,6;77,03941
649309,1;77,0618
649326;77,06995
649342,4;76,56158
649358,6;76,49026
649375,2;75,92019
649392,1;75,45375
649408,3;75,34914
649424,9;74,82324
649441,4;74,81357
649458;74,80453
649474,6;74,80453
649491,3;74,80453
649507,7;74,80453
649524,3;74,80453
649540,8;75,33534
649557,4;75,33534
649574;75,33534
649590,5;75,33534
649607,1;75,33534
649623,7;75,33534
649640,3;75,33534
649657,2;75,33534
649673,6;75,33534
649689,9;75,33534
649706,5;75,33534
649723,1;75,33534
649739,6;75,33534
649756,3;75,33534
649772,8;75,33534
649789,4;75,33534
649805,9;75,33534
649822,7;75,33534
649839,1;75,33534
649855,9;75,33534
649872,2;75,33534
649888,8;75,33534
649905,3;75,33534
649921,9;75,34757
649938,7;75,36494
649955;75,38015
649971,6;75,4006
649988,2;75,41222
650004,7;75,42563
650021,3;75,43965
650037,8;75,43589
650054,4;75,43589
650071,2;75,43589
650087,7;75,43589
650104,4;75,44812
650120,7;75,46238
650137,2;75,45935
650153,9;75,45935
650170,4;75,45935
650186,9;75,45935
650204,3;75,45935
650220,1;75,61144
650236,6;75,61144
650253,3;75,61144
650270,1;75,61144
650286,6;75,61144
650302,9;75,61144
650319,4;75,61144
650336,1;75,61144
650353;75,61144
650369,4;75,61144
650386,3;75,61144
650402,8;75,61144
650418,9;75,61144
650435,4;75,61144
650452;75,61144
650468,6;75,61144
650485,1;75,61144
650501,9;75,61144
650518,3;75,61144
650535,1;75,61144
650552,2;75,61144
650567,9;75,61144
650584,6;75,61144
650601,1;75,61144
650617,8;75,61144
650634,2;75,61144
650650,8;75,61144
650667,4;75,61144
650683,9;75,61144
650700,5;75,61144
650717,1;75,61144
650733,6;75,61144
650750,5;75,61144
650766,8;75,61144
650783,3;75,61144
650800,2;75,61144
650816,4;75,61144
650833;75,61144
650849,6;75,69057
650866,1;75,69057
650882,8;75,69057
650899,3;75,69057
650915,8;75,69057
650933;75,69057
650949;75,69057
650965,6;75,69057
650982,1;75,69057
650998,7;75,69057
651015,4;75,69057
651032,8;75,69057
651048,4;75,69057
651065,2;75,69057
651081,6;75,69057
651098,1;75,69057
651114,7;75,69057
651131,3;75,69057
651147,8;75,69057
651164,4;75,69057
651181,2;75,69057
651197,9;75,69057
651214,1;75,69057
651230,6;75,69057
651247,2;75,69057
651264,1;75,69057
651280,3;75,69057
651296,9;75,69057
651313,5;75,69057
651330;75,69057
651347,1;75,69057
651363,2;75,69057
651379,7;75,69057
651396,3;75,69057
651412,8;75,69057
651429,4;75,69057
651446,6;75,69057
651464,1;75,89508
651480,7;75,89508
651497,6;75,89508
651513,9;75,89508
651530,4;75,89508
651547,9;75,89508
651564,1;75,89508
651580,1;75,89508
651596,7;75,89508
651614,1;75,89508
651629,8;75,89508
651646,9;75,89508
651662,9;75,89508
651679,5;75,89508
651696,1;75,89508
651712,6;75,89508
651729,9;75,89508
651745,8;75,89508
651762,3;75,89508
651778,9;75,89508
651795,5;75,89508
651812;75,89508
651828,6;75,89508
651845,2;75,89508
651861,8;75,89508
651878,3;75,89508
651894,9;75,89508
651911,4;75,89508
651928,2;75,89508
651944,9;75,89508
651961,7;75,89508
651978,1;75,89508
651994,3;75,89508
652010,8;75,89508
652027,4;75,89508
652043,9;75,89508
652060,6;75,89508
652077,3;75,98617
652093,7;75,98617
652110,3;75,98617
652126,8;75,98617
652143,4;75,98617
652160;75,98617
652176,5;75,98617
652193,1;75,98617
652209,8;75,98617
652226,6;75,98617
652243,4;75,98617
652259,3;75,98617
652276,2;75,98617
652292,9;75,98617
652309,3;75,98617
652325,6;75,98617
652342,2;75,98617
652361,8;75,98617
652378,4;75,98617
652395,1;75,98617
652411,5;75,98617
652428,1;75,98617
652445,3;75,98617
652461,3;75,98617
652477,8;75,98617
652494,4;75,98617
652511;75,98617
652527,4;75,98617
652544,1;75,98617
652560,8;75,98617
652577,4;75,98617
652594,5;75,98617
652610,4;75,98617
652627,5;75,98617
652643,5;75,98617
652660,4;75,98617
652676,7;75,98617
652693,6;76,16079
652709,9;76,16079
652726,3;76,16079
652742,9;76,16079
652759,4;76,16079
652776;76,16079
652792,6;76,16079
652809,2;76,16079
652825,7;76,16079
652842,3;76,16079
652858,8;76,16079
652875,6;76,16079
652892,3;76,16079
652909,2;76,16079
652925,1;76,16079
652941,6;76,16079
652958,3;76,16079
652974,9;76,16079
652991,3;76,16079
653008,1;76,16079
653024,5;76,16079
653041,1;76,16079
653057,6;76,16079
653074,5;76,16079
653090,8;76,16079
653107,3;76,16079
653123,9;76,16079
653140,8;76,16079
653157,1;76,16079
653173,6;76,16079
653190,2;76,16079
653206,8;76,16079
653223,4;76,16079
653239,9;76,16079
653258,2;76,16079
653274,8;76,16079
653291,3;76,16079
653307,9;76,16079
653324,4;76,6761
653341,2;76,6761
653357,6;76,6761
653374,1;76,6761
653390,7;76,6761
653408,1;76,6761
653424,4;76,6761
653440,4;76,6761
653457;76,6761
653473,6;76,6761
653490,1;76,6761
653506,6;76,6761
653523,3;76,6761
653539,8;76,6761
653556,4;76,6761
653572,9;76,6761
653589,6;76,6761
653606,1;76,6761
653622,6;76,6761
653639,3;76,6761
653655,8;76,6761
653672,3;76,6761
653688,9;76,6761
653705,6;76,6761
653722,1;76,6761
653738,6;76,6761
653755,2;76,6761
653772;76,6761
653788,3;76,6761
653805,2;76,6761
653821,4;76,6761
653838;76,6761
653854,6;76,6761
653871,1;76,6761
653888,1;76,6761
653904,6;76,61668
653921,1;76,6306
653937,6;76,6306
653954;76,6306
653970,5;76,6306
653987,1;76,6306
654004,1;76,64872
654020,8;76,64872
654036,8;76,64872
654053,7;76,64872
654070,5;76,64872
654088,5;76,64872
654103,1;76,64872
654119,6;76,64872
654136,2;76,64872
654152,8;76,64872
654169,3;76,64872
654185,9;76,64872
654202,6;76,64872
654219,1;76,64872
654235,7;76,64872
654252,4;76,64872
654268,8;76,64872
654285,3;76,64872
654302,4;76,64872
654318,8;76,64872
654335;76,64872
654351,6;76,64872
654368,2;76,64872
654384,7;76,64872
654401,3;76,64872
654417,9;76,64872
654434,9;76,64872
654451;76,64872
654467,7;76,64872
654484,1;76,64872
654500,7;76,64872
654517,6;76,64872
654533,8;76,64872
654550,4;76,64872
654566,9;76,64872
654584,2;76,64872
654600,1;76,64872
654616,6;76,64872
654633,2;76,64872
654649,8;76,64872
654666,3;76,64872
654683,1;76,64872
654699,4;77,03403
654716;77,03403
654732,6;77,03403
654749,1;77,03403
654765,8;77,03403
654782,3;77,03403
654798,9;77,03403
654815,8;77,03403
654832;77,03403
654848,6;77,03403
654865,4;77,03403
654881,7;77,03403
654898,6;77,03403
654914,9;77,03403
654931,8;77,03403
654949,1;77,03403
654964,6;77,03403
654981,1;77,03403
654997,8;77,03403
655014,3;77,03403
655031,1;77,03403
655047,4;77,03403
655063,9;77,03403
655080,5;77,03403
655097,1;77,03403
655113,6;77,03403
655130,6;77,03403
655146,9;77,03403
655163,6;77,03403
655179,9;77,03403
655196,5;77,03403
655213;77,03403
655229,6;77,03403
655246,1;77,03403
655262,8;77,03403
655279,3;77,03403
655295,8;77,03403
655312,4;77,03403
655329;77,03403
655345,6;77,03403
655362,1;77,03403
655378,8;77,03403
655395,8;77,03403
655411,9;77,03403
655429,1;77,03403
655444,9;77,03403
655461,6;77,04423
655478,1;77,04423
655494,7;77,04423
655511,8;77,04423
655527,8;77,04423
655544,4;77,04423
655560,9;77,04423
655577,9;77,04423
655594,5;77,04423
655610,8;77,04423
655627,2;77,04423
655643,9;77,04423
655660,6;77,04423
655676,9;77,04423
655693,5;77,04423
655710,1;77,04423
655726,6;77,04423
655743,2;77,04423
655759,8;77,04423
655776,3;77,04423
655792,9;77,04423
655809,4;77,04423
655833,6;77,04423
655843,1;77,04423
655859,1;77,04423
655875,8;77,04423
655892,3;77,04423
655908,8;76,86916
655925,4;76,41298
655942,8;76,41298
655958,6;76,41298
655975,1;76,41298
655991,6;76,41298
656008,3;76,41298
656024,8;76,41298
656042,1;76,41298
656057,9;76,41298
656074,5;76,41298
656091,7;76,41298
656107,6;76,41298
656124,3;76,41298
656140,8;76,41298
656157,4;76,41298
656173,9;76,41298
656190,5;76,41298
656207;76,38592
656223,6;76,38592
656240,2;76,38592
656256,7;76,38592
656273,3;76,38592
656289,9;76,38592
656306,7;76,38592
656323,1;76,38592
656339,6;76,38592
656356,1;76,38592
656372,8;76,38592
656389,5;76,38592
656406,4;76,38592
656422,4;76,38592
656438,9;76,38592
656455,5;76,38592
656472,2;76,38592
656488,7;76,38592
656505,3;76,38592
656522;76,38592
656538,7;76,38592
656555,1;76,38592
656571,5;76,38592
656588,6;76,38592
656604,6;76,38592
656621,2;76,38592
656637,8;76,38592
656654,4;76,38592
656670,9;76,38592
656687,5;76,38592
656704,9;76,38592
656720,8;76,38592
656737,2;76,38592
656754,1;76,38592
656770,3;76,38592
656786,9;76,38592
656803,5;76,38592
656820;76,38592
656836,8;76,38592
656853,4;76,38592
656869,7;76,38592
656886,3;76,38592
656903,1;76,38592
656919,4;76,38592
656936;76,33842
656952,5;76,33842
656969,1;76,33842
656985,8;76,33842
657002,6;76,33842
657018,9;76,33842
657035,4;76,33842
657052,5;76,33842
657068,7;76,33842
657085,1;76,33842
657101,6;76,33842
657118,3;76,33842
657135,1;76,33842
657151,7;76,33842
657167,9;76,33842
657184,4;76,33842
657201,8;76,33842
657217,6;76,33842
657234,9;76,33842
657250,9;76,33842
657267,3;76,33842
657283,9;76,33842
657300,4;76,33842
657317;76,33842
657333,6;76,33842
657350,2;76,33842
657366,7;76,33842
657383,9;76,33842
657399,8;76,33842
657417;76,33842
657433,5;76,33842
657449,5;76,33842
657466,3;76,33842
657482,8;76,33842
657499,4;76,33842
657516,1;76,33842
657532,6;76,33842
657548,9;76,33842
657565,5;76,33842
657584;76,33842
657598,6;76,33842
657615,2;76,33842
657631,8;76,33842
657648,9;76,3295
657664,9;76,3295
657681,4;76,3295
657698,5;76,3295
657714,6;76,3295
657731,4;76,3295
657747,8;76,3295
657764,5;76,3295
657780,9;76,3295
657797,4;76,3295
657814;76,3295
657830,6;76,3295
657847,1;76,3295
657864;76,3295
657880,3;76,3295
657896,9;76,3295
657913,6;76,3295
657930;76,3295
657946,6;76,3295
657963,1;76,3295
657980,3;76,3295
657996,4;76,3295
658012,9;76,3295
658029,4;76,3295
658045,9;76,3295
658063,2;76,3295
658079,1;76,3295
658095,6;76,3295
658112,2;76,3295
658128,8;76,3295
658145,3;76,3295
658161,9;76,3295
658178,4;76,3295
658195,1;76,3295
658211,6;76,3295
658228,1;76,3295
658245,1;76,3295
658261,3;76,3295
658277,9;76,3295
658294,4;76,3295
658311,5;76,3295
658327,6;76,3295
658344,2;76,3295
658360,7;76,3295
658377,3;76,33586
658393,9;76,33586
658410,4;76,33586
658427;76,33586
658443,6;76,33586
658464,4;76,33586
658480,9;76,33586
658497,5;76,33586
658514,1;76,33586
658530,8;76,33586
658547,6;76,33586
658564,3;76,33586
658580,3;76,33586
658596,9;76,33586
658613,4;76,33586
658630,6;76,33586
658646,6;76,33586
658663,3;76,33586
658679,8;76,33586
658696,3;76,33586
658712,8;76,33586
658729,4;76,33586
658746;76,33586
658762,6;76,33586
658779,1;76,33586
658796,2;76,33586
658812,3;76,33586
658828,8;76,33586
658845,8;76,33586
658861,9;76,33586
658878,6;76,33586
658895,8;76,33586
658911,7;76,33586
658928,3;76,33586
658945,3;76,33586
658961,4;76,21617
658977,9;75,56242
658994,5;75,08452
659011,1;75,08452
659027,6;75,62468
659044,2;75,62468
659060,8;75,62468
659077,6;75,62468
659093,9;75,62468
659110,6;75,62468
659127,6;75,62468
659143,6;75,62468
659160,2;75,62468
659176,7;75,62468
659193,3;75,62468
659210,6;75,62468
659226,4;75,62468
659243,6;75,62468
659259,6;75,62468
659276,5;75,62468
659292,7;75,62468
659309,3;75,62468
659325,8;75,62468
659342,7;75,47527
659358,9;74,66316
659375,6;73,82404
659392,1;73,2227
659408,7;72,88467
659425,3;72,96686
659442,4;72,95345
659458,4;72,57273
659475;72,09511
659491,5;72,09511
659508,1;72,09511
659524,6;72,09511
659541,2;72,09511
659557,8;72,11868
659574,7;72,13687
659590,9;72,14713
659607,4;72,16362
659624;72,17432
659640,6;72,17081
659657,4;72,17081
659673,7;72,17081
659690,3;72,29938
659706,9;72,29938
659723,4;72,29938
659740;72,29938
659756,5;72,29938
659773,1;72,29938
659789,7;72,29938
659806,3;72,29938
659823,1;72,29938
659839,7;72,29938
659855,9;72,29938
659872,5;72,29938
659889,2;72,29938
659905,6;72,29938
659922,6;72,29938
659938,8;72,29938
659955,3;72,29938
659972,1;72,29938
659988,4;72,29938
660005,1;72,29938
660021,6;72,29938
660038,2;72,29938
660054,8;72,29938
660071,4;72,29938
660087,9;72,29938
660104,4;72,29938
660121,1;72,29938
660138,1;72,29938
660154,2;72,29938
660171,2;72,29938
660187,3;72,29938
660203,9;72,29938
660220,4;72,29938
660237;72,29938
660253,6;72,29938
660270,1;72,29938
660290,3;72,29938
660303,3;72,29938
660319,9;72,29938
660336,4;72,84261
660352,9;72,84261
660369,5;72,84261
660386,1;72,84261
660402,9;72,84261
660419,2;72,84261
660435,9;72,84261
660452,6;72,84261
660469,1;72,84261
660485,5;72,84261
660502,9;72,84261
660518,6;72,84261
660535,3;72,84261
660551,8;72,84261
660568,4;72,84261
660584,9;72,84261
660601,4;72,84261
660618,1;72,84261
660634,6;72,84261
660651,2;72,84261
660667,8;72,84261
660684,9;72,84261
660700,9;72,84261
660717,4;72,84261
660734;72,84261
660750,6;72,84261
660767,1;72,84261
660784,3;72,84261
660800,3;72,84261
660816,8;72,84261
660833,4;72,84261
660850;72,84261
660867;72,84261
660883,1;72,84261
660899,8;72,84261
660916,2;72,84261
660932,9;72,84261
660949,3;72,84261
660965,9;72,84261
660982,6;72,84261
660999,1;72,96775
661015,6;72,96775
661032,2;72,96775
661049,1;72,96775
661066,1;72,96775
661082,1;72,96775
661098,4;72,96775
661115,3;72,96775
661131,6;72,96775
661148,1;72,96775
661170,3;72,96775
661181,3;72,96775
661198;72,96775
661214,4;72,96775
661231,4;72,96775
661247,7;72,96775
661264,1;72,96775
661280,7;72,96775
661297,6;72,96775
661313,8;72,96775
661330,6;72,96775
661346,9;72,96775
661363,6;72,96775
661380,1;72,96775
661396,7;72,96775
661413,2;72,96775
661429,8;72,96775
661446,6;72,96775
661463,4;72,96775
661479,5;72,96775
661496,1;72,96775
661513,2;72,96775
661529,5;72,96775
661546;72,96775
661562,3;72,96775
661579;72,96775
661595,9;72,96775
661612,1;72,96775
661628,6;72,96775
661645,4;72,96775
661661,9;73,49693
661678,4;73,49693
661694,9;73,49693
661711,8;73,49693
661728;73,49693
661744,7;73,49693
661761,6;73,49693
661777,7;73,49693
661794,4;73,49693
661811,3;73,49693
661827,4;73,49693
661843,9;73,49693
661860,6;73,49693
661877,1;73,49693
661893,7;73,49693
661910,2;73,49693
661927,2;73,49693
661943,4;73,49693
661959,9;73,49693
661976,5;73,49693
661993,6;73,49693
662009,6;73,49693
662026,2;73,49693
662042,8;73,49693
662059,3;73,49693
662076,2;73,49693
662093,1;73,49693
662109,4;73,49693
662125,9;73,49693
662143,1;73,49693
662159;73,49693
662175,6;73,49693
662192,1;73,49693
662208,7;73,49693
662225,3;73,49693
662241,9;73,49693
662258,4;73,49693
662275,1;73,49693
662291,7;73,49693
662308,1;73,49693
662324,6;73,49693
662341,4;73,53921
662358,9;73,53921
662374,4;73,53921
662390,9;73,53921
662407,7;73,53921
662424,1;73,53921
662440,6;73,53921
662457,2;73,53921
662474,1;73,53921
662490,4;73,53921
662506,9;73,53921
662523,4;73,53921
662540,1;73,53921
662556,6;73,53921
662573,8;73,53921
662589,8;73,53921
662606,3;73,53921
662622,9;73,53921
662639,4;73,53921
662656;73,53921
662673,3;73,53921
662689,1;73,53921
662706;73,53921
662722,3;73,53921
662738,8;73,53921
662755,4;73,53921
662772;73,53921
662788,5;73,53921
662805,4;73,53921
662821,8;73,53921
662838,3;73,53921
662854,9;73,53921
662871,5;73,53921
662887,9;73,53921
662904,5;73,53921
662921,1;73,53921
662938,1;73,53921
662954,3;73,53921
662971,2;73,53921
662987,7;73,53921
663004,3;73,53921
663021,1;73,53921
663037,8;73,53921
663053,9;73,96753
663070,5;73,96753
663087,1;73,96753
663103,9;73,96753
663120,2;73,96753
663136,9;73,96753
663153,8;73,96753
663169,9;73,96753
663186,4;73,96753
663203;73,96753
663219,6;73,96753
663236,3;73,96753
663252,8;73,96753
663269,4;73,96753
663285,9;73,96753
663302,4;73,96753
663319;73,96753
663335,6;73,96753
663352,6;73,96753
663368,7;73,96753
663385,3;73,96753
663401,9;73,96753
663418,4;73,96753
663434,9;73,96753
663451,9;73,96753
663468,1;73,96753
663484,7;73,96753
663501,3;73,96753
663517,8;73,96753
663534,4;73,96753
663551,1;73,96753
663567,8;73,96753
663584,4;73,96753
663600,6;73,96753
663617,2;73,96753
663633,9;73,96753
663650,9;73,96753
663666,9;73,96753
663683,9;73,96753
663700,3;73,96753
663716,6;73,96753
663733,2;73,96753
663749,8;73,96753
663766,4;73,96753
663783,1;73,99721
663799,4;73,99721
663816;73,99721
663832,6;73,99721
663854,2;73,99721
663867,4;73,99721
663884,6;73,99721
663900,5;73,99721
663917,1;73,99721
663933,7;73,99721
663950,3;73,99721
663966,8;73,99721
663983,3;73,99721
664000,2;73,99721
664016,5;73,99721
664033,1;73,99721
664049,6;73,99721
664066,3;73,99721
664083,2;73,99721
664099,4;73,99721
664115,9;73,99721
664132,4;73,99721
664149,6;73,99721
664165,6;73,99721
664182,4;73,99721
664199,1;73,99721
664215,3;73,99721
664231,9;73,99721
664248,4;73,99721
664265;73,99721
664281,6;73,99721
664298,2;73,99721
664314,7;73,99721
664331,6;73,99721
664347,8;73,99721
664364,4;73,99721
664381,1;73,99721
664397,5;73,99721
664414,1;73,99721
664430,7;73,99721
664447,2;73,99721
664463,8;73,99721
664480,9;73,99721
664496,9;74,39951
664514;74,39951
664530,1;74,39951
664546,6;74,39951
664563,4;74,39951
664579,8;74,39951
664596,5;74,39951
664613,6;74,39951
664630,6;74,39951
664648,5;74,39951
664665,4;74,39951
664681,6;74,39951
664698,2;74,39951
664715,3;74,39951
664734,4;74,39951
664750,1;74,39951
664766,8;74,39951
664783,5;74,39951
664799,8;74,39951
664816,6;74,39951
664832,9;74,39951
664849,6;74,39951
664866,1;74,39951
664883,3;74,39951
664899,3;74,39951
664915,9;74,39951
664932,4;74,39951
664949,1;74,39951
664965,5;74,39951
664982,1;74,39951
664999,1;74,39951
665015,2;74,39951
665031,8;74,39951
665049;74,39951
665064,9;74,39951
665081,5;74,39951
665098;74,39951
665114,6;74,39951
665131,2;74,39951
665147,7;74,39951
665164,3;74,39951
665180,9;74,39951
665197,6;74,39951
665214,1;74,39951
665230,6;74,39951
665247,4;74,37911
665263,7;74,37911
665281;74,37911
665296,8;74,37911
665313,4;74,37911
665330,3;74,37911
665346,8;74,37911
665363,4;74,37911
665379,7;74,37911
665396,3;74,37911
665413,4;74,37911
665429,7;74,37911
665445,9;74,37911
665462,6;74,37911
665479,1;74,37911
665495,8;74,37911
665512,6;74,37911
665528,8;74,37911
665545,4;74,37911
665561,9;74,37911
665581,4;74,37911
665598,2;74,37911
665614,7;74,37911
665631,1;74,37911
665647,7;74,37911
665664,4;74,37911
665680,8;74,37911
665697,4;74,37911
665713,9;74,37911
665730,6;74,37911
665747,1;74,37911
665763,9;74,37911
665780,2;74,37911
665796,8;74,37911
665813,4;74,37911
665830;74,37911
665846,7;74,37911
665863,4;74,37911
665880,3;74,37911
665896,2;74,37911
665912,9;74,37911
665929,3;74,37911
665946,1;74,37911
665962,4;74,37911
665979,3;74,37911
665995,6;74,37911
666012,1;74,82915
666028,7;74,82915
666045,3;74,82915
666061,8;74,82915
666078,4;74,82915
666095;74,82915
666111,5;74,82915
666128,1;74,82915
666144,6;74,82915
666161,3;74,82915
666177,8;74,82915
666194,4;74,82915
666210,9;74,82915
666227,5;74,82915
666244,1;74,82915
666260,6;74,82915
666277,3;74,82915
666293,8;74,82915
666310,3;74,82915
666326,9;74,82915
666343,4;74,82915
666360,1;74,82915
666376,6;74,82915
666393,4;74,82915
666409,8;74,82915
666426,3;74,82915
666451,3;74,82915
666467,8;74,82915
666484,4;74,82915
666500,9;74,82915
666517,5;74,82915
666534,1;74,82915
666550,7;74,82915
666567,2;74,82915
666583,8;74,82915
666600,6;74,82915
666616,9;74,82915
666633,5;74,82915
666650,6;74,82915
666666,6;74,82915
666683,9;74,82915
666699,8;74,82915
666716,3;74,90882
666733;74,90882
666749,4;74,90882
666766,2;74,90882
666782,6;74,90882
666799,1;74,90882
666815,7;74,90882
666832,3;74,90882
666849,1;74,90882
666865,6;74,90882
666881,9;74,90882
666898,6;74,90882
666915,1;74,90882
666931,6;74,90882
666948,3;74,90882
666964,8;74,90882
666981,4;74,90882
666998,4;74,90882
667014,5;74,90882
667031,4;74,90882
667047,6;74,90882
667064,3;74,90882
667080,8;74,90882
667097,4;74,90882
667114,1;74,90882
667130,6;74,90882
667148,1;74,90882
667164,7;74,90882
667181,2;74,90882
667197,8;74,90882
667214,4;74,90882
667231,4;74,90882
667247,5;74,90882
667264,1;74,90882
667280,6;74,90882
667297,3;74,90882
667313,8;74,90882
667336,6;74,90882
667350,6;74,90882
667367,1;74,90882
667383,7;74,90882
667400,3;75,40389
667416,8;75,40389
667433,4;75,40389
667449,9;75,40389
667466,6;75,40389
667483,1;75,40389
667499,6;75,40389
667516,3;75,40389
667532,8;75,40389
667549,9;75,40389
667565,9;75,40389
667583;75,40389
667599,4;75,40389
667615,9;75,40389
667632,5;75,40389
667648,8;75,40389
667665,8;75,40389
667681,9;75,40389
667698,5;75,40389
667715;75,40389
667731,6;75,40389
667748,2;75,40389
667764,7;75,40389
667781,7;75,40389
667797,9;75,40389
667814,4;75,40389
667831;75,40389
667847,6;75,40389
667864,1;75,40389
667880,8;75,40389
667897,3;75,40389
667913,8;75,40389
667930,4;75,40389
667946,9;75,40389
667963,6;75,40389
667980,1;75,40389
667996,6;75,40389
668013,8;75,40389
668029,8;75,40389
668046,8;75,40389
668062,9;75,40389
668079,4;75,40389
668096,5;75,51231
668112,6;75,51231
668129,3;75,51231
668146,4;75,51231
668162,4;75,51231
668179,3;75,51231
668199,9;75,51231
668216,4;75,51231
668233,1;75,51231
668249,6;75,51231
668266,2;75,51231
668282,7;75,51231
668299,3;75,51231
668316;75,51231
668332,4;75,51231
668349,4;75,51231
668365,6;75,51231
668383,6;75,51231
668400,4;75,51231
668416,6;75,51231
668433,5;75,51231
668449,8;75,51231
668466,4;75,51231
668483,4;75,51231
668499,5;75,51231
668516,1;75,51231
668532,6;75,51231
668549,3;75,51231
668565,8;75,51231
668582,3;75,51231
668599,4;75,51231
668615,5;75,51231
668632;75,51231
668649,1;75,51231
668665,4;75,51231
668682;75,51231
668698,3;75,51231
668714,9;75,51231
668731,7;75,51231
668748,9;76,05846
668764,5;76,05846
668781,2;76,05846
668797,7;76,05846
668814,9;76,05846
668830,9;76,05846
668847,4;76,05846
668864,4;76,05846
668880,6;76,05846
668897,1;76,05846
668913,7;76,05846
668931;76,05846
668946,8;76,05846
668963,4;76,05846
668980;76,05846
668996,7;76,05846
669013,6;76,05846
669029,9;76,05846
669054,1;76,05846
669062,8;76,05846
669079,4;76,05846
669095,9;76,05846
669112,4;76,05846
669129,1;76,05846
669146,2;76,05846
669162,2;76,05846
669179;76,05846
669195,3;76,05846
669212,2;76,05846
669228,4;76,05846
669245;76,05846
669262;76,05846
669278,6;76,05846
669294,7;76,05846
669311,3;76,05846
669327,8;76,05846
669344,4;76,05846
669361,1;76,05846
669377,8;76,05846
669394,1;76,05846
669411,1;76,23171
669427,3;76,23171
669443,8;76,23171
669460,3;76,23171
669476,9;76,23171
669494,3;76,23171
669510,1;76,23171
669526,8;76,23171
669543,8;76,23171
669559,8;76,23171
669576,5;76,23171
669592,9;76,23171
669609,4;76,23171
669626,1;76,23171
669642,9;76,23171
669659,2;76,23171
669675,8;76,23171
669692,3;76,23171
669708,9;76,23171
669725,4;76,23171
669742;76,23171
669758,6;76,23171
669775,3;76,23171
669791,7;76,23171
669808,4;76,23171
669824,8;76,23171
669841,4;76,23171
669858,3;76,23171
669874,9;76,23171
669891,1;76,23171
669907,6;76,23171
669931,1;76,23171
669941,6;76,23171
669958,3;76,23171
669974,8;76,23171
669991,4;76,23171
670007,9;76,23171
670024,6;76,23171
670041,1;76,79645
670057,6;76,79645
670074,4;76,79645
670090,8;76,79645
670107,4;76,79645
670123,9;76,79645
670140,4;76,79645
670157,1;76,79645
670173,6;76,79645
670190,2;76,79645
670206,8;76,79645
670223,4;76,79645
670239,9;76,79645
670256,6;76,79645
670273;76,79645
670289,9;76,79645
670306,5;76,79645
670323,4;76,79645
670339,3;76,79645
670355,8;76,79645
670372,9;76,79645
670389,1;76,79645
670405,5;76,79645
670422,1;76,79645
670438,7;76,79645
670455,3;76,79645
670471,8;76,79645
670489;76,79645
670504,9;76,79645
670521,5;76,79645
670538,3;76,79645
670555;76,79645
670571,3;76,79645
670587,8;76,82335
670604,3;76,84411
670621,1;76,8366
670637,4;76,8366
670654,4;76,8366
670670,6;76,95889
670687,2;76,95889
670704,1;76,95889
670720,3;76,95889
670736,9;76,95889
670753,6;76,95889
670770;76,95889
670786,6;76,95889
670803,2;76,95889
670824,1;76,95889
670836,3;76,95889
670853;76,95889
670869,4;76,95889
670886;76,95889
670902,6;76,95889
670919,5;76,95889
670935,7;77,43927
670952,3;77,48868
670968,8;77,53465
670985,4;77,56746
671001,9;77,61334
671018,5;77,66428
671035,1;77,18346
671051,6;77,20786
671068,2;77,24017
671085,3;77,26292
671101,3;77,28572
671117,9;77,30794
671134,4;77,32824
671151,1;76,85804
671167,6;77,34702
671184,1;77,37639
671200,8;77,40201
671217,3;76,66208
671233,9;75,92344
671250,6;75,92344
671267;75,92344
671283,6;75,92344
671300,4;75,92344
671316,7;75,92344
671333,4;75,98878
671349,9;75,98878
671366,4;75,98878
671383,3;75,98878
671399,6;75,98878
671416,1;75,98878
671433;75,98878
671449,3;75,98878
671465,8;75,98878
671482,4;75,98878
671499;75,98878
671515,5;75,98878
671532,1;75,98878
671548,8;75,98878
671565,2;75,92068
671581,8;75,9978
671598,3;75,62357
671614,9;75,31467
671631,5;75,31139
671648,1;74,82096
671664,6;74,32716
671681,2;74,35065
671698,4;74,28212
671718,1;74,29888
671734,9;73,84367
671751,3;74,30508
671768;73,84817
671784,4;73,84817
671800,9;74,29679
671817,5;74,30819
671834,3;74,31584
671850,6;74,32426
671867,2;74,4106
671883,8;74,4106
671900,3;74,4106
671917;74,4106
671933,5;74,4106
671950;74,54592
671966,6;74,54592
671983,1;74,54592
671999,8;74,54592
672016,5;74,54592
672032,9;74,54592
672050;74,54592
672066;74,54592
672082,6;74,54592
672099,3;74,54592
672115,8;74,54592
672132,3;74,54592
672148,9;74,54592
672165,4;74,54592
672182;74,54592
672198,6;74,54592
672215,4;74,54592
672232;74,54592
672248,3;74,54592
672265,3;74,54592
672281,4;74,54592
672298;74,89977
672314,5;74,84443
672331,3;74,78521
672347,9;74,72167
672364,4;74,29609
672381,1;74,29609
672397,4;74,29609
672413,9;74,29609
672431,1;74,29609
672447;74,29609
672463,9;74,65747
672480,2;74,58479
672496,8;73,87677
672513,8;73,34134
672529,9;73,34134
672546,4;73,34134
672563,1;73,34134
672586,4;73,23685
672600,5;73,23685
672617,2;73,23685
672633,7;73,23685
672650,2;73,23685
672667,2;73,23685
672683,4;73,23685
672699,9;73,23685
672716,5;73,23685
672733,1;73,23685
672749,8;73,23685
672766,6;73,23685
672782,8;73,23685
672799,3;73,23685
672815,9;73,23685
672832,6;73,23685
672849,4;73,23685
672865,7;73,23685
672882,1;73,23685
672899;73,23685
672915,6;73,23685
672932,4;73,23685
672948,9;73,23685
672965;73,23685
672981,6;73,23685
672998,8;73,23685
673015,3;73,23685
673032,2;73,23685
673048,3;73,23685
673064,4;73,23685
673081;73,23685
673097,6;73,23685
673114,4;73,23685
673130,7;73,23685
673147,2;73,23685
673163,8;73,23685
673181;73,23685
673196,9;73,23685
673213,5;73,23685
673230,1;73,23685
673247;73,23685
673263,4;73,23685
673279,9;73,23685
673296,7;73,23685
673312,9;73,23685
673329,5;73,21454
673346,3;73,21454
673362,6;73,21454
673379,1;73,21454
673395,7;73,21454
673412,3;73,21454
673428,8;73,21454
673456,3;73,21454
673472,8;73,21454
673489,4;73,21454
673506;73,21454
673522,9;73,21454
673539,1;73,21454
673556,1;73,21454
673572,2;73,21454
673588,9;73,21454
673605,4;73,21454
673621,9;73,21454
673638,6;73,21454
673655;73,21454
673671,7;73,21454
673688,4;73,21454
673704,8;73,21454
673721,4;73,21454
673737,9;73,21454
673754,8;73,21454
673771,1;73,21454
673787,6;73,21454
673804,2;73,21454
673820,8;73,21454
673837,3;73,21454
673853,9;73,21454
673871,1;73,21454
673888;73,21454
673904,6;73,21454
673921,1;73,21454
673937,7;73,21454
673954,9;73,21454
673971,5;73,21454
673988,3;73,21454
674004,8;73,21454
674021,6;73,21454
674038,5;73,21454
674054,8;73,09554
674071,4;73,09554
674088;73,09554
674104,5;73,09554
674121,1;73,09554
674137,6;73,09554
674154,2;73,09554
674170,7;73,09554
674187,4;73,09554
674204,1;73,09554
674220,4;73,09554
674237;73,09554
674253,6;73,09554
674270,1;73,09554
674287,1;73,09554
674303,3;73,09554
674319,8;73,09554
674336,4;73,09554
674353,3;73,09554
674369,9;73,09554
674386,8;73,09554
674402,6;73,09554
674419,3;73,09554
674435,8;73,09554
674452,6;73,09554
674468,9;73,09554
674485,7;73,09554
674502,6;73,09554
674518,8;73,09554
674535,5;73,09554
674551,8;73,09554
674568,3;73,09554
674584,9;73,09554
674601,4;73,09554
674618,1;73,09554
674634,7;73,09554
674651,2;73,09554
674667,8;73,09554
674684,3;73,09554
674700,9;73,09554
674717,6;73,09554
674734;73,09554
674750,6;73,09554
674767,1;73,09554
674783,7;73,09554
674800,4;73,09554
674816,8;73,09554
674833,4;73,09554
674850;73,09554
674866,5;73,09554
674883,1;73,09554
674899,7;72,92904
674916,3;72,92904
674932,8;72,92904
674950,3;72,92904
674965,9;72,92904
674982,9;72,92904
674999,6;72,92904
675015,6;72,92904
675032,8;72,92904
675048,8;72,92904
675065,3;72,92904
675082,7;72,92904
675098,4;72,92904
675115,1;72,92904
675131,7;72,92904
675148,1;72,92904
675165,1;72,92904
675181,3;72,92904
675197,9;72,92904
675214,7;72,92904
675231;72,92904
675247,6;72,92904
675264,1;72,92904
675280,7;72,92904
675297,3;72,92904
675313,8;72,92904
675330,8;72,92904
675347;72,92904
675363,5;72,92904
675380,2;72,92904
675396,7;72,92904
675413,2;72,92904
675429,8;72,92904
675446,4;72,92904
675462,9;72,92904
675479,8;72,92904
675496,1;72,92904
675513,3;72,92904
675529,2;72,92904
675545,8;72,92904
675562,4;72,92904
675578,9;72,92904
675595,6;72,92904
675612,5;72,92904
675628,8;72,92904
675645,1;72,92904
675661,8;72,92904
675678,3;72,92904
675694,9;72,92904
675711,6;72,92904
675728;72,92904
675744,6;72,92904
675761,1;72,80407
675777,7;72,80407
675794,3;72,80407
675811;72,80407
675827,4;72,80407
675844,6;72,80407
675861,5;72,80407
675877,1;72,80407
675894,3;72,80407
675910,3;72,80407
675927;72,80407
675943,6;72,80407
675959,9;72,80407
675976,9;72,80407
675993,3;72,80407
676009,6;72,80407
676026,2;72,80407
676042,9;72,80407
676065,3;72,80407
676076,3;72,80407
676092,8;72,80407
676109,8;72,80407
676126,1;72,80407
676142,5;72,80407
676159,1;72,80407
676175,7;72,80407
676192,3;72,80407
676208,8;72,80407
676225,4;72,80407
676242,2;72,80407
676258,5;72,80407
676275,1;72,80407
676291,6;72,80407
676308,3;72,80407
676324,8;72,80407
676341,6;72,80407
676358,6;72,80407
676375,2;72,80407
676391,8;72,80407
676408,3;72,80407
676425,3;72,80407
676441,4;72,80407
676458;72,80407
676474,7;72,80407
676491,1;72,80407
676507,8;72,80407
676524,6;72,80407
676541;72,80407
676557,4;72,80407
676574,1;72,80407
676590,5;72,80407
676607,1;72,80407
676623,7;72,72485
676640,3;72,72485
676656,8;72,72485
676674,1;72,72485
676689,9;72,72485
676706,5;72,72485
676723;72,72485
676739,6;72,72485
676756,2;72,72485
676772,8;72,72485
676789,3;72,72485
676807,2;72,72485
676824,3;72,72485
676840,3;72,72485
676856,9;72,72485
676873,5;72,72485
676890,4;72,72485
676906,6;72,72485
676923,2;72,72485
676947,3;72,72485
676964,7;72,72485
676980,5;72,72485
676997,1;72,72485
677013,8;72,72485
677030,2;72,72485
677046,8;72,72485
677063,4;72,72485
677079,9;72,72485
677096,4;72,72485
677113,1;72,72485
677129,9;72,72485
677146,3;72,72485
677162,8;72,72485
677179,3;72,72485
677196;72,72485
677212,5;72,72485
677229;72,72485
677245,6;72,72485
677262,1;72,72485
677278,7;72,72485
677295,3;72,72485
677312,3;72,72485
677328,4;72,72485
677345;72,72485
677361,5;72,72485
677378,6;72,72485
677394,6;72,72485
677411,2;72,72485
677427,8;72,72485
677444,8;72,64221
677460,9;72,64221
677477,5;72,64221
677494,1;72,64221
677510,6;72,64221
677527,3;72,64221
677543,8;72,64221
677560,3;72,64221
677576,9;72,64221
677593,4;72,64221
677610,3;72,64221
677626,6;72,64221
677643,1;72,64221
677660,1;72,64221
677676,3;72,64221
677692,9;72,64221
677709,4;72,64221
677726;72,64221
677742,8;72,64221
677760,4;72,64221
677779,9;72,64221
677800,3;72,64221
677818,6;72,64221
677838;72,64221
677859,8;72,64221
677876,3;72,64221
677892,9;72,64221
677909,5;72,64221
677926,3;72,64221
677942,6;72,64221
677959,5;72,64221
677975,9;72,64221
677992,3;72,64221
678008,9;72,64221
678026,5;72,64221
678043,9;72,64221
678062;72,64221
678079,1;72,64221
678095,7;72,64221
678112,9;72,64221
678133,8;72,64221
678150,6;72,64221
678170,4;72,64221
678189,4;72,64221
678207,9;72,64221
678224,5;72,64221
678241;72,64221
678257,6;72,54463
678274,2;72,54463
678290,8;72,54463
678307,3;72,54463
678323,9;72,54463
678341,4;72,54463
678357;72,54463
678373,6;72,54463
678390,1;72,54463
678407,6;72,54463
678423,5;72,54463
678439,9;72,54463
678459,3;72,54463
678475,8;72,54463
678492,4;72,54463
678508,9;72,54463
678525,5;72,54463
678542,1;72,54463
678558,6;72,54463
678575,2;72,54463
678591,8;72,54463
678608,4;72,54463
678624,9;72,54463
678641,7;72,54463
678658;72,54463
678678,6;72,54463
678695,2;72,54463
678711,8;72,54463
678728,3;72,54463
678744,9;72,54463
678761,6;72,54463
678778,3;72,54463
678794,8;72,54463
678811,2;72,54463
678827,8;72,54463
678844,3;72,54463
678860,9;72,54463
678877,4;72,54463
678894;72,54463
678910,6;72,54463
678927,3;72,54463
678943,8;72,54463
678960,3;72,54463
678976,8;72,54463
678993,4;72,54463
679010;72,49046
679026,6;72,49046
679043,5;72,49046
679059,7;72,49046
679076,3;72,49046
679092,8;72,49046
679109,4;72,49046
679126,6;72,49046
679142,5;72,49046
679159,3;72,49046
679175,7;72,49046
679192,2;72,49046
679208,8;72,49046
679225,4;72,49046
679241,9;72,49046
679258,5;72,49046
679275;72,49046
679291,6;72,49046
679308,2;72,49046
679324,8;72,49046
679341,3;72,49046
679357,9;72,49046
679374,4;72,49046
679391;72,49046
679407,6;72,49046
679424,4;72,49046
679440,7;72,49046
679457,3;72,49046
679473,8;72,49046
679490,4;72,49046
679506,9;72,49046
679523,9;72,49046
679540,1;72,49046
679556,6;72,49046
679575,8;72,49046
679589,8;72,49046
679606,4;72,49046
679622,9;72,49046
679639,5;72,49046
679656,3;72,49046
679672,7;72,49046
679689,2;72,49046
679705,8;72,49046
679722,6;72,39528
679738,9;72,39528
679755,5;72,39528
679772,1;72,39528
679788,6;72,39528
679805,2;72,39528
679821,7;72,39528
679838,6;72,39528
679854,9;72,39528
679871,6;72,39528
679888,3;72,39528
679904,6;72,39528
679921,1;72,39528
679937,9;72,39528
679954,4;72,39528
679970,8;72,39528
679987,6;72,39528
680004,1;72,39528
680021,2;72,39528
680037,4;72,39528
680053,6;72,39528
680070,3;72,39528
680086,8;72,39528
680103,4;72,39528
680120,1;72,39528
680136,7;72,39528
680153,1;72,39528
680169,8;72,39528
680186,2;72,39528
680202,8;72,39528
680219,4;72,39528
680235,9;72,39528
680252,6;72,39528
680269,3;72,39528
680285,6;72,39528
680302,6;72,39528
680319,1;72,39528
680335,3;72,39528
680351,9;72,39528
680368,5;72,39528
680385,3;72,39528
680401,6;72,39528
680418,1;72,39528
680435,1;72,33868
680451,3;72,33868
680467,9;72,33868
680484,4;72,33868
680503,3;72,33868
680519,8;72,33868
680536,4;72,33868
680553,5;72,33868
680569,4;72,33868
680586,1;72,33868
680602,7;72,33868
680619,2;72,33868
680635,8;72,33868
680652,4;72,33868
680669;72,33868
680685,4;72,33868
680702,3;72,33868
680718,6;72,33868
680735,3;72,33868
680751,8;72,33868
680768,3;72,33868
680784,9;72,33868
680801,4;72,33868
680818,4;72,33868
680835;72,33868
680851,4;72,33868
680868,2;72,33868
680884,3;72,33868
680900,9;72,33868
680917,8;72,33868
680933,9;72,33868
680951;72,33868
680967,1;72,33868
680983,7;72,33868
681000,3;72,33868
681017,1;72,33868
681033,6;72,33868
681049,9;72,33868
681066,5;72,33868
681083,1;72,33868
681100;72,33868
681116,3;72,33868
681132,8;72,33868
681149,3;72,27058
681165,9;72,27058
681182,4;72,27058
681199,3;72,27058
681215,6;72,27058
681232,1;72,27058
681248,7;72,27058
681265,3;72,27058
681282,1;72,27058
681298,4;72,27058
681315;72,27058
681331,6;72,27058
681348,3;72,27058
681364,7;72,27058
681381,4;72,27058
681397,8;72,27058
681415,1;72,27058
681431,1;72,27058
681447,5;72,27058
681464,1;72,10172
681480,6;72,06797
681497,2;72,04298
681513,8;71,43172
681530,3;71,3802
681546,9;71,32246
681563,5;71,26736
681580;71,20708
681596,8;71,22054
681613,2;71,13897
681629,8;71,15874
681646,4;71,15874
681662,9;71,15874
681679,9;71,15874
681696,2;71,07716
681712,6;71,01968
681730,1;70,96258
681745,9;70,98164
681762,6;70,98164
681778,9;70,98164
681795,4;70,98164
681811,9;70,98164
681828,6;71,03861
681845,1;71,03861
681861,7;71,03861
681878,3;71,03861
681894,8;71,03861
681911,4;71,03861
681927,9;71,03861
681944,5;71,03861
681961,1;71,03861
681977,7;71,03861
681994,5;71,03861
682010,9;71,03861
682028,1;71,03861
682044,1;71,03861
682060,6;71,03861
682077;71,03861
682093,6;71,03861
682110,2;71,03861
682126,8;71,03861
682143,7;71,03861
682159,9;71,03861
682176,4;71,03861
682193,6;71,03861
682209,6;71,03861
682226,3;71,03861
682242,8;71,03861
682259,3;71,03861
682277,8;71,03861
682292,4;71,03861
682308,9;71,03861
682325,6;71,03861
682342,1;71,03861
682358,7;71,03861
682375,3;71,03861
682391,8;71,03861
682408,4;71,48109
682425,1;71,48109
682442,1;71,48109
682458,1;71,48109
682474,7;71,48109
682491,2;71,5377
682507,8;71,5377
682524,4;71,5377
682541;71,5377
682557,8;71,5377
682574,1;71,5377
682590,6;71,5377
682607,2;71,5377
682623,8;71,5377
682640,4;71,5377
682657;71,5377
682674;71,5377
682690,3;71,5377
682706,6;71,5377
682723,1;71,5377
682739,7;71,5377
682756,3;71,5377
682772,8;71,5377
682789,4;71,5377
682806;71,5377
682822,6;71,5377
682839,1;71,5377
682855,8;71,5377
682872,3;71,5377
682888,8;71,5377
682905,4;71,5377
682921,9;71,5377
682938,8;71,5377
682955,1;71,5377
682971,8;71,5377
682988,3;71,5377
683005,2;71,5377
683021,4;71,5377
683037,9;71,5377
683054,5;71,5377
683071,1;71,5377
683087,8;71,5377
683104,2;71,5377
683120,8;71,5377
683137,3;72,03827
683153,9;72,03827
683174,6;72,03827
683191,2;72,03827
683207,7;72,03827
683224,3;72,03827
683240,9;72,03827
683257,4;72,03827
683274;72,03827
683290,5;72,03827
683307,1;72,03827
683323,7;72,03827
683340,9;72,03827
683356,8;72,03827
683373,6;72,03827
683390,2;72,03827
683406,5;72,03827
683424;72,03827
683439,6;72,03827
683456,3;72,03827
683472,8;72,03827
683489,4;72,03827
683506,2;72,03827
683522,8;72,03827
683539,1;72,03827
683555,6;72,03827
683572,9;72,03827
683589,3;72,03827
683605,3;72,03827
683621,9;72,03827
683638,4;72,03827
683655;72,03827
683671,6;72,03827
683688,9;72,03827
683704,7;72,03827
683721,6;72,03827
683738,3;71,91904
683754,4;71,95248
683771,2;71,95248
683787,6;71,95248
683804,1;71,95248
683820,7;71,90078
683837,5;71,90078
683854,3;71,90078
683870,5;71,90078
683886,9;71,90078
683903,7;71,90078
683920,6;71,90078
683936,6;71,90078
683953,2;71,90078
683970,3;71,90078
683986,3;71,90078
684002,9;71,90078
684019,5;71,90078
684036;71,90078
684059,9;71,90078
684076,9;71,90078
684093,3;71,90078
684109,7;71,90078
684126,3;71,90078
684142,8;71,90078
684159,5;71,90078
684175,9;71,90078
684192,5;71,90078
684209,1;71,90078
684225,6;72,22656
684242,4;72,11139
684258,9;71,99303
684275,6;71,87408
684291,9;71,75399
684308,6;71,30389
684325,2;71,30389
684341,7;71,30389
684358,5;71,30389
684374,7;71,30389
684391,8;71,30389
684408,1;71,30389
684424,6;71,30389
684441,7;71,30389
684457,6;70,96809
684474,1;70,87007
684490,7;70,87007
684507,4;70,87007
684524,5;70,87007
684540,5;70,79813
684556,9;70,79813
684573,6;70,79813
684590,1;70,79813
684606,7;70,79813
684623,6;70,79813
684639,8;70,79813
684656,4;70,79813
684673,3;70,79813
684689,5;70,79813
684706,2;70,79813
684722,6;70,79813
684739,3;70,79813
684756,2;70,79813
684772,3;70,79813
684788,9;70,79813
684805,5;70,79813
684822;70,79813
684838,6;70,79813
684855,2;70,79813
684871,7;70,79813
684888,3;70,79813
684904,9;70,79813
684921,8;70,79813
684943,9;71,09337
684960,5;70,97059
684977,2;70,85413
684994;70,74735
685010,2;70,33624
685027,5;70,33624
685043,6;70,33624
685060,5;70,33624
685076,8;70,33624
685093;70,33624
685109,6;70,33624
685126,2;70,33624
685143,3;70,33624
685159,3;70,33624
685176,1;70,33624
685192,4;70,33624
685209;70,33624
685225,6;70,33624
685242,3;70,33624
685258,7;70,33624
685275,3;70,33624
685292,1;70,68771
685308,5;70,68771
685324,9;70,68771
685341,5;70,68771
685358,1;70,68771
685374,6;70,68771
685391,3;70,68771
685408;70,68771
685424,3;70,68771
685441,5;70,68771
685457,4;70,68771
685474,1;70,68771
685490,7;70,68771
685507,6;70,68771
685523,8;70,68771
685540,3;70,68771
685557,1;70,68771
685573,4;70,68771
685590,2;70,68771
685606,6;70,68771
685623,2;70,68771
685639,7;70,68771
685656,3;70,68771
685672,9;70,68771
685689,8;70,68771
685706;70,68771
685722,6;70,68771
685739,1;70,68771
685755,7;70,68771
685772,2;70,68771
685788,9;70,68771
685805,5;70,68771
685826,1;70,68771
685842,6;70,68771
685859,4;70,68771
685875,8;70,68771
685893;70,68771
685908,9;70,68771
685925,6;70,68771
685943,1;70,68771
685958,8;70,68771
685975,3;70,68771
685991,8;70,68771
686008,4;70,68771
686025,4;70,68771
686041,5;70,68771
686058,1;70,68771
686074,6;70,51841
686091,2;70,51841
686107,9;70,51841
686124,3;70,51841
686140,9;70,51841
686157,5;70,51841
686174;70,51841
686190,6;70,51841
686207,4;70,51841
686223,9;70,51841
686240,3;70,51841
686256,9;70,51841
686273,4;70,51841
686290,7;70,51841
686306,5;70,51841
686323,6;70,51841
686339,9;70,51841
686356,4;70,51841
686373,2;70,51841
686389,4;70,51841
686406,2;70,51841
686422,6;70,51841
686439,1;70,51841
686455,7;70,51841
686472,9;70,51841
686488,8;70,51841
686505,4;70,51841
686521,9;70,51841
686538,6;70,51841
686555,7;70,51841
686571,6;70,51841
686588,2;70,51841
686604,8;70,51841
686621,3;70,51841
686637,9;70,51841
686654,4;70,51841
686671;70,51841
686687,6;70,51841
686704,4;70,51841
686720,7;70,51841
686743,8;70,51841
686760,4;70,51841
686777;70,51841
686793,6;70,51841
686810,1;70,51841
686826,9;70,51841
686843,5;70,51841
686860;70,51841
686876,3;70,51841
686892,9;70,51841
686909,6;70,51841
686926,1;70,51841
686942,6;70,80068
686959,3;70,80068
686975,8;70,80068
686992,6;70,80068
687009,1;70,80068
687025,4;70,80068
687042,1;70,80068
687058,6;70,80068
687075,3;70,80068
687091,8;70,80068
687108,4;70,80068
687125;70,80068
687141,6;70,80068
687158;70,80068
687174,8;70,80068
687191,2;70,80068
687207,7;70,80068
687224,3;70,80068
687240,9;70,80068
687257,4;70,80068
687274;70,80068
687290,6;70,80068
687307,1;70,80068
687323,7;70,80068
687340,2;70,80068
687357,3;70,80068
687373,4;70,80068
687389,9;70,80068
687406,5;70,80068
687423,1;70,80068
687439,9;70,80068
687456,2;70,80068
687472,8;70,80068
687489,4;70,80068
687505,9;70,80068
687522,4;70,80068
687539,1;70,80068
687555,8;70,80068
687572,1;70,80068
687588,8;70,80068
687605,3;70,80068
687621,9;70,80068
687640,6;70,80068
687655,1;70,80068
687671,6;70,80068
687688,7;70,80068
687705,1;70,80068
687721,3;70,80068
687737,9;70,80068
687754,4;70,80068
687771,3;70,80068
687787,9;70,80068
687804,3;70,80068
687820,7;70,65446
687837,4;70,65446
687853,8;70,65446
687870,5;70,65446
687886,9;70,65446
687904;70,65446
687920,1;70,65446
687936,9;70,65446
687953,2;70,65446
687969,8;70,65446
687986,3;70,65446
688003,1;70,65446
688019,5;70,65446
688036,1;70,65446
688052,6;70,65446
688069,1;70,65446
688085,8;70,65446
688102,3;70,65446
688119,1;70,65446
688135,4;70,65446
688153,5;70,65446
688173,6;70,65446
688193,6;70,65446
688212;70,65446
688228,5;70,65446
688245,1;70,65446
688261,8;70,65446
688278,4;70,65446
688295,4;70,65446
688311,9;70,65446
688328,1;70,65446
688344,7;70,65446
688361,6;70,65446
688377,8;70,65446
688394,4;70,65446
688410,9;70,65446
688427,5;70,65446
688444;70,65446
688460,7;70,65446
688477,2;70,65446
688493,7;70,65446
688510,7;70,65446
688543,3;70,65446
688561;70,65446
688577,6;70,65446
688594,1;70,65446
688611;70,65446
688627,4;70,65446
688644;70,65446
688660,5;71,00729
688677,1;71,00729
688693,7;71,00729
688710,3;71,00729
688726,8;71,00729
688743,4;71,00729
688760,3;71,00729
688776,9;71,00729
688793,4;71,00729
688810,1;71,00729
688826,8;71,00729
688843,1;71,00729
688860;71,00729
688876,3;71,00729
688893,3;71,00729
688909,4;71,00729
688926;71,00729
688942,6;71,00729
688959,1;71,00729
688975,7;71,00729
688992,3;71,00729
689008,9;71,00729
689025,4;71,00729
689042;71,00729
689058,6;71,00729
689075,1;71,00729
689091,7;71,00729
689108,2;71,00729
689124,8;71,00729
689141,4;71,00729
689157,9;71,00729
689174,9;71,00729
689191,1;71,00729
689207,8;71,00729
689224,7;71,00729
689240,8;71,00729
689257,6;71,00729
689273,9;71,00729
689290,4;71,00729
689307,6;71,00729
689323,6;71,00729
689340,2;71,00729
689356,8;71,00729
689373,3;71,00729
689389,9;71,00729
689406,4;71,00729
689427,4;71,00729
689444;71,00729
689460,7;70,90147
689477,1;70,90147
689493,7;70,90147
689510,3;70,90147
689526,8;70,90147
689543,4;70,90147
689559,9;70,90147
689577,1;70,90147
689593,3;70,90147
689609,9;70,90147
689627,1;70,90147
689643;70,90147
689659,9;70,90147
689676,1;70,90147
689693;70,90147
689709,3;70,90147
689725,9;70,90147
689742,4;70,90147
689759;70,90147
689775,6;70,90147
689792,5;70,90147
689808,7;70,90147
689825,3;70,90147
689841,9;70,90147
689858,4;70,90147
689874,9;70,90147
689891,6;70,90147
689908,1;70,90147
689924,7;70,90147
689941,3;70,90147
689957,8;70,90147
689974,4;70,90147
689990,9;70,90147
690007,6;70,90147
690024,3;70,90147
690040,8;70,90147
690057,4;70,90147
690074;70,90147
690090,7;70,90147
690107,1;70,90147
690124,4;70,90147
690140,9;70,90147
690156,9;70,90147
690173,4;70,90147
690189,9;70,90147
690206,6;70,90147
690223,1;70,90147
690239,7;70,90147
690256,3;71,33519
690277;71,33519
690293,9;71,33519
690310,1;71,33519
690326,7;71,33519
690343,3;71,33519
690359,8;71,33519
690376,4;71,33519
690392,9;71,33519
690409,9;71,33519
690426,1;71,33519
690442,7;71,33519
690459,3;71,33519
690475,8;71,33519
690492,4;71,33519
690508,9;71,33519
690525,5;71,33519
690542,4;71,33519
690558,6;71,33519
690575,2;71,33519
690591,9;71,33519
690609,3;71,33519
690625,1;71,33519
690641,5;71,33519
690658;71,33519
690674,6;71,33519
690691,3;71,33519
690707,7;71,33519
690724,8;71,33519
690741,1;71,33519
690757,4;71,33519
690774,4;71,33519
690790,6;71,33519
690807,1;71,33519
690823,7;71,33519
690840,8;71,33519
690857,1;71,33519
690873,6;71,33519
690890,4;71,33519
690906,6;71,33519
690923,4;71,33519
690939,6;71,33519
690956,3;71,33519
690972,8;71,33519
690989,4;71,33519
691005,9;71,33519
691022,5;71,38503
691039,1;71,38503
691055,7;71,38503
691072,2;71,38503
691088,9;71,38503
691105,4;71,38503
691121,9;71,38503
691145,8;71,38503
691162,4;71,38503
691178,9;71,38503
691195,9;71,38503
691212,3;71,38503
691229,1;71,38503
691245,6;71,38503
691262,9;71,38503
691278,8;71,38503
691295,3;71,38503
691311,9;71,38503
691328,9;71,38503
691345,3;71,38503
691361,6;71,38503
691378,2;71,38503
691394,7;71,38503
691411,3;71,38503
691427,9;71,38503
691445;71,38503
691461,3;71,38503
691477,6;71,38503
691494,6;71,38503
691511,4;71,38503
691527,3;71,38503
691544,1;71,38503
691560,4;71,38503
691577,5;71,38503
691593,5;71,38503
691610,1;71,38503
691627,4;71,38503
691643,2;71,38503
691659,8;71,38503
691676,5;71,38503
691692,9;71,38503
691709,5;71,8968
691726,1;71,8968
691743;71,8968
691759,4;71,8968
691776,1;71,8968
691793,4;71,8968
691810,1;71,8968
691826,6;71,8968
691843,2;71,8968
691859,9;71,8968
691876,6;71,8968
691893,5;71,8968
691909,6;71,8968
691926,4;71,8968
691943;71,8968
691959,6;71,8968
691976,1;71,8968
692001,8;71,8968
692018,6;71,8968
692035;71,8968
692051,6;71,8968
692068,4;71,8968
692084,6;71,8968
692101,3;71,8968
692117,8;71,8968
692134,4;71,8968
692151;71,8968
692167,6;71,8968
692184,1;71,8968
692200,6;71,8968
692217,3;71,8968
692233,8;71,8968
692250,4;71,8968
692267;71,8968
692283,4;71,8968
692300,1;71,85704
692316,6;71,85704
692333,2;71,85704
692349,9;71,85704
692366,3;71,85704
692382,9;72,39122
692399,4;72,39122
692416,3;72,39122
692433,3;72,39122
692449,2;72,39122
692465,7;72,39122
692482,3;72,39122
692499,6;72,39122
692515,4;72,39122
692532;72,39122
692548,5;72,39122
692565,1;72,39122
692581,7;72,39122
692598,3;72,39122
692615;72,39122
692632,4;72,39122
692649,4;72,39122
692666,8;72,39122
692683,9;72,39122
692700,3;72,39122
692716,6;72,39122
692733,3;72,39122
692749,6;72,39122
692766,2;72,39122
692782,8;72,39122
692799,3;72,39122
692816,3;72,39122
692833,1;72,39122
692857,7;72,39122
692872,1;72,39122
692888,8;72,39122
692905,4;72,39122
692922,3;72,39122
692938,4;72,39122
692955,1;72,39122
692971,6;72,39122
692988,2;72,39122
693004,7;72,39122
693021,3;72,39122
693037,8;72,46252
693054,5;72,46252
693071,3;72,46252
693087,5;72,46252
693104,1;72,46252
693120,7;72,46252
693137,3;72,46252
693153,8;72,46252
693170,4;72,46252
693186,9;72,46252
693203,5;72,46252
693220,3;72,46252
693236,6;72,46252
693253,3;72,46252
693269,9;72,46252
693286,3;72,46252
693303,4;72,46252
693319,8;72,46252
693336,6;72,46252
693352,6;72,46252
693369,1;72,46252
693385,8;72,90813
693402,3;72,90321
693418,9;72,90298
693435,4;72,89291
693452;72,21808
693468,6;71,86215
693485,1;71,86215
693501,7;71,86215
693518,3;71,86215
693534,9;71,86215
693551,4;71,86215
693568,3;71,86215
693584,6;72,28326
693601,1;72,35168
693617,7;72,41526
693634,2;72,41526
693650,8;72,41526
693667,8;72,41526
693684,6;72,58044
693700,5;72,58044
693717,3;72,58044
693733,6;72,58044
693758,8;72,58044
693775,4;72,58044
693791,9;72,58044
693808,8;72,58044
693825,1;72,58044
693841,7;72,58044
693858,2;72,58044
693874,8;72,58044
693891,5;72,58044
693907,9;72,58044
693924,5;72,58044
693941,1;72,58044
693957,6;72,58044
693974,2;72,58044
693990,9;72,58044
694007,3;72,58044
694023,9;72,99519
694040,6;73,06975
694057,2;73,11989
694074,1;73,18184
694090,1;72,74688
694106,7;72,58997
694123,8;72,30844
694139,8;72,41729
694156,4;72,07244
694173;71,62808
694189,6;71,62808
694206,1;71,62808
694223;71,62407
694239,3;71,04944
694255,9;71,0841
694272,4;70,67112
694288,9;70,67112
694305,7;70,67112
694322,1;70,67112
694338,6;71,19019
694355,3;71,19019
694371,8;71,19019
694388,4;71,19019
694404,9;71,19019
694423;71,19019
694439,5;71,19019
694456,5;71,19019
694472,6;71,19019
694492,4;71,19019
694509,4;71,19019
694526,1;71,19019
694542,6;71,19019
694559,2;71,19019
694575,8;71,19019
694592,7;71,19019
694609,1;71,19019
694633,6;71,19019
694650,2;71,19019
694666,7;71,19019
694683,3;71,19019
694699,8;71,19019
694716,4;71,19019
694733,3;71,19019
694749,6;71,19019
694766,1;71,19019
694782,6;71,19019
694799,3;71,19019
694816,1;71,19019
694832,4;71,19019
694848,9;71,19019
694865,5;71,19019
694882,1;71,19019
694898,9;71,19019
694915,4;71,19019
694931,8;71,19019
694948,4;71,19019
694964,9;71,19019
694981,7;71,24781
694998,1;71,24781
695014,6;71,24781
695036,4;71,24781
695054,1;71,24781
695070,7;71,24781
695087,5;71,24781
695103,8;71,24781
695120,4;71,24781
695139,1;71,24781
695155,7;71,24781
695172,5;71,24781
695188,9;71,24781
695205,4;71,24781
695222;71,24781
695238,5;71,24781
695256,1;71,24781
695272;71,24781
695288,4;71,24781
695304,8;71,24781
695321,4;71,24781
695338,6;71,24781
695354,7;71,24781
695371,1;71,24781
695387,6;71,24781
695404,2;71,24781
695420,8;71,24781
695437,4;71,24781
695453,9;71,24781
695470,6;71,24781
695487,1;71,24781
695503,6;71,24781
695528,3;71,24781
695545,1;71,24781
695561,4;71,24781
695578,3;71,24781
695594,6;71,54991
695611,1;71,17829
695627,8;71,17829
695644,6;71,17829
695660,8;71,17829
695677,5;71,17829
695694;71,17829
695711,1;71,5755
695727,9;71,5755
695744,3;71,5755
695761,3;71,5755
695777,6;71,5755
695794;71,5755
695810,6;71,5755
695827,1;71,5755
695843,7;71,5755
695860,3;71,5755
695876,8;71,5755
695893,6;71,5755
695910,1;71,5755
695926,6;71,5755
695943,1;71,5755
695959,6;71,5755
695976,8;71,5755
695992,9;71,5755
696009,8;71,5755
696025,9;71,5755
696042,6;71,5755
696059,1;71,5755
696075,6;71,5755
696092,4;71,5755
696108,9;71,5755
696125,9;71,5755
696141,9;71,5755
696158,5;71,5755
696175;71,5755
696191,6;71,5755
696208,4;71,5755
696224,8;71,5755
696241,4;71,5755
696257,9;71,5755
696274,4;71,5755
696290,9;71,5755
696307,6;71,5755
696324,1;71,5755
696340,9;71,5755
696357,4;71,5755
696373,8;71,5755
696390,4;71,5755
696407,1;71,5755
696423,5;71,5755
696442,8;71,5755
696456,7;71,46861
696473,2;71,46861
696489,8;71,46861
696506,4;71,46861
696522,9;71,46861
696539,6;71,46861
696556,2;71,46861
696572,6;71,46861
696589,4;71,46861
696605,8;71,46861
696622,3;71,46861
696639,3;71,46861
696655,4;71,46861
696672,1;71,46861
696688,8;71,46861
696705,2;71,46861
696721,8;71,46861
696738,4;71,46861
696754,9;71,46861
696772,3;71,46861
696788;71,46861
696804,6;71,46861
696821,6;71,46861
696837,7;71,46861
696854,3;71,46861
696870,9;71,46861
696887,4;71,46861
696904,6;71,46861
696920,6;71,46861
696937,1;71,46861
696953,7;71,46861
696970,2;71,46861
696987,6;71,46861
697003,4;71,46861
697020,1;71,46861
697036,5;71,46861
697053,1;71,46861
697069,6;71,46861
697086,4;71,46861
697103,1;71,46861
697119,6;71,46861
697136,1;71,46861
697152,4;71,46861
697169,1;71,46861
697186,4;71,46861
697202,3;71,46861
697218,7;71,46861
697235,3;71,46861
697252,4;71,46861
697268,4;71,46861
697285;71,46861
697301,6;71,80002
697318,1;71,80002
697334,6;71,80002
697351,3;71,80002
697374;71,80002
697390,6;71,80002
697407,2;71,80002
697423,7;71,80002
697440,3;71,80002
697457,4;71,80002
697473,4;71,80002
697490;71,80002
697506,5;71,80002
697523,1;71,80002
697539,8;71,80002
697557,2;71,80002
697573,5;71,80002
697589,9;71,80002
697605,9;71,80002
697623,6;71,80002
697639,1;71,80002
697655,7;71,80002
697672,3;71,80002
697688,8;71,80002
697705,4;71,80002
697721,9;71,80002
697738,5;71,63425
697755,1;71,53877
697771,7;71,44281
697788,4;71,51096
697804,8;71,51096
697821,4;71,51096
697837,9;71,51096
697854,5;71,51096
697871,1;71,51096
697887,6;71,51096
697904,5;71,51096
697920,7;71,51096
697937,3;71,51096
697953,9;71,51096
697970,4;71,51096
697987,5;71,51096
698003,9;71,51096
698020,4;71,51096
698036,8;71,51096
698053,3;71,51096
698069,8;71,51096
698086,4;71,51096
698102,9;71,41101
698120;71,41101
698136,1;71,41101
698152,6;71,41101
698169,3;71,41101
698186,2;71,41101
698202,6;71,41101
698218,9;71,41101
698235,8;71,41101
698257,1;71,41101
698269;71,41101
698285,6;71,41101
698302,1;71,41101
698319;71,41101
698335,9;71,41101
698351,9;71,41101
698368,8;71,41101
698384,9;71,41101
698401,6;71,41101
698418,1;71,41101
698434,7;71,41101
698451,3;71,41101
698467,8;71,41101
698484,5;71,41101
698500,9;71,41101
698517,5;71,41101
698534,1;71,41101
698550,7;71,41101
698567,2;71,41101
698584,6;71,41101
698600,3;71,41101
698616,9;71,41101
698633,5;71,41101
698650;71,41101
698666,6;71,41101
698683,9;71,41101
698700,3;71,41101
698716,8;71,41101
698732,9;71,41101
698749,4;71,41101
698766;71,41101
698782,6;71,41101
698799,1;71,41101
698815,8;71,41101
698832,3;71,41101
698848,8;71,41101
698865,4;71,41101
698881,9;71,41101
698898,6;71,41101
698915,1;71,41101
698931,7;71,41101
698948,3;71,78989
698964,8;71,78989
698981,4;71,78989
698997,9;71,78989
699014,6;71,78989
699031,1;71,78989
699048,3;71,78989
699064,3;71,78989
699081,1;71,78989
699097,4;71,78989
699113,9;71,78989
699130,5;71,78989
699147,1;71,78989
699166,6;71,78989
699180,2;71,78989
699196,7;71,78989
699213,3;71,78989
699229,9;71,78989
699246,8;71,78989
699263,3;71,78989
699279,6;71,78989
699296,1;71,78989
699313,1;71,78989
699329,3;71,78989
699346,3;71,78989
699362,4;71,78989
699378,9;71,78989
699395,6;71,78989
699412,1;71,78989
699428,7;71,78989
699445,3;71,78989
699461,8;71,78989
699478,6;71,78989
699494,9;71,78989
699511,6;71,78989
699528,4;71,78989
699544,7;71,78989
699561,6;71,78989
699577,8;71,78989
699594,4;71,78989
699611,2;71,78989
699628,2;71,78989
699644,1;71,78989
699660,8;71,78989
699677,5;71,78989
699694,4;71,78989
699710,3;71,79614
699726,9;71,79614
699743,9;71,79614
699760,2;71,79614
699776,6;71,79614
699793,1;71,79614
699809,7;71,79614
699826,8;71,79614
699843,6;71,79614
699859,4;71,79614
699876;71,79614
699892,5;71,79614
699909,1;71,79614
699925,7;71,79614
699942,4;71,79614
699958,9;71,79614
699975,4;71,79614
699992,5;71,79614
700008,5;71,79614
700025,1;71,79614
700047,6;71,79614
700064,8;71,79614
700080,8;71,79614
700097,4;71,79614
700113,9;71,79614
700130,4;71,79614
700147,4;71,79614
700163,6;71,79614
700180,2;71,79614
700196,7;71,79614
700213,3;71,79614
700229,9;71,79614
700246,6;71,79614
700263;71,79614
700279,6;71,79614
700296,1;71,79614
700312,7;71,79614
700329,4;71,79614
700345,8;71,79614
700362,4;71,79614
700378,9;71,79614
700395,5;71,79614
700412,4;71,79614
700428,6;71,79614
700445,3;72,21661
700461,9;72,21661
700478,3;72,21661
700494,9;72,45709
700511,5;72,45709
700528,1;72,45709
700544,9;72,45709
700561,2;72,45709
700577,8;72,45709
700594,4;72,45709
700610,9;72,45709
700627,4;72,45709
700644,5;72,45709
700660,6;72,45709
700677,2;72,45709
700693,8;72,45709
700710,3;72,45709
700726,9;72,45709
700743,4;72,45709
700760,2;72,45709
700776,8;72,45709
700793,2;72,45709
700809,7;72,45709
700826,7;72,45709
700843,1;72,45709
700859,4;72,45709
700876,4;72,45709
700892,5;72,45709
700909,1;72,45709
700929,9;72,45709
700946,5;72,45709
700963,4;72,45709
700980;72,45709
700996,1;72,45709
701012,7;72,45709
701029,3;72,45709
701045,8;72,45709
701062,4;72,45709
701079;72,45709
701095,5;72,45709
701112,5;72,45709
701128,9;72,45709
701145,8;72,45709
701161,8;72,45709
701178,6;72,48699
701195,1;72,48699
701211,6;72,48699
701228,2;72,48699
701244,6;72,48699
701261,6;72,48699
701277,8;72,48699
701294,4;72,48699
701310,9;72,48699
701327,4;72,48699
701344,1;72,48699
701360,6;72,48699
701377,2;72,48699
701393,8;72,48699
701410,6;72,48699
701426,9;72,48699
701443,5;72,48699
701460;72,48699
701476,6;72,48699
701493,2;72,48699
701509,7;72,48699
701526,3;72,48699
701542,9;72,48699
701559,4;72,48699
701576;72,48699
701592,5;72,48699
701609,1;72,48699
701625,7;72,48699
701642,3;72,48699
701658,8;72,48699
701675,8;72,48699
701691,9;72,48699
701708,5;72,48699
701725,1;72,48699
701741,6;72,48699
701758,3;72,48699
701775,6;72,48699
701799,8;72,48699
701814,3;72,48699
701830,9;72,48699
701847,4;72,48699
701864,1;72,48699
701880,7;72,48699
701897,2;72,97784
701913,8;72,97784
701930,4;72,97784
701946,9;72,97784
701963,5;72,97784
701980,1;72,97784
701997,1;72,97784
702013,2;72,97784
702029,8;72,97784
702046,3;72,97784
702063,1;72,97784
702080,3;72,97784
702096;72,97784
702112,7;72,97784
702129,1;72,97784
702146,1;72,97784
702162,3;72,97784
702179,5;72,97784
702195,4;72,97784
702212,4;72,97784
702228,6;72,97784
702245,2;72,97784
702261,8;72,97784
702278,3;72,97784
702294,8;72,97784
702311,4;72,97784
702327,9;72,97784
702344,8;72,97784
702361,5;72,97784
702377,7;72,97784
702394,3;72,97784
702410,8;72,97784
702427,9;72,97784
702444,4;72,97784
702461;72,97784
702477,1;72,97784
702493,9;72,97784
702510,2;72,97784
702526,8;72,97784
702544,1;72,97784
702560;72,97784
702576,5;72,94224
702593,4;72,94224
702609,6;72,94224
702626,2;72,94224
702642,7;72,94224
702659,3;72,94224
702678,6;72,94224
702695,3;72,94224
702712;72,94224
702728,5;72,94224
702744,9;72,94224
702761,9;72,94224
702778,1;72,94224
702794,6;72,94224
702811,2;72,94224
702827,8;72,94224
702844,3;72,94224
702861,4;72,94224
702877,7;72,94224
702894,1;72,94224
702910,6;72,94224
702927,2;72,9332
702944;72,33723
702960,3;72,38168
702977,1;72,06291
702993,8;72,13538
703010;72,20845
703026,6;72,17106
703043,1;72,17106
703059,7;72,17106
703076,3;72,17106
703092,8;72,17106
703109,4;72,17106
703126;72,17106
703142,5;72,17106
703159,1;72,27634
703176,4;72,24739
703192,2;72,24739
703208,8;72,24739
703225,3;72,24739
703241,9;72,43167
703258,9;72,43167
703275,3;72,43167
703291,6;72,43167
703308,2;72,43167
703325,4;72,43167
703342,1;72,43167
703358,6;72,43167
703375,2;72,43167
703392,5;72,43167
703408,4;72,43167
703424,9;72,43167
703441,4;72,43167
703458;72,43167
703474,6;72,43167
703491,9;72,43167
703508,5;72,43167
703525,1;72,43167
703546,7;72,43167
703561;72,43167
703577,5;72,43167
703594,1;72,43167
703610,7;72,43167
703627,6;72,43167
703644,7;72,43167
703660,4;72,43167
703677,4;72,43167
703693,5;72,43167
703710,6;72,43167
703726,6;72,43167
703743,4;72,43167
703759,8;72,43167
703776,4;72,43167
703792,9;72,43167
703809,4;72,43167
703826,4;72,79871
703842,6;72,48832
703859,4;72,48832
703875,8;72,48832
703892,3;72,48832
703909,1;72,9483
703925,4;72,9483
703942;72,9483
703959,1;72,9483
703975,6;72,9483
703992,2;72,9483
704008,8;72,9483
704025,3;72,9483
704041,9;72,9483
704058,8;72,9483
704075;72,9483
704091,6;72,9483
704108,1;72,9483
704124,7;72,9483
704141,3;72,9483
704157,8;72,9483
704174,9;72,9483
704191;72,9483
704207,9;72,9483
704224,2;72,9483
704240,7;72,9483
704257,4;72,9483
704274,1;72,9483
704290,4;72,9483
704306,9;72,9483
704323,5;72,9483
704340,1;72,9483
704356,6;72,9483
704373,3;72,9483
704389,8;72,9483
704406,3;72,9483
704422,9;72,9483
704439,4;72,9483
704463,3;72,9483
704486,5;72,9483
704503,4;72,9483
704519,6;72,9483
704536,3;72,9483
704552,8;72,9483
704569,3;72,9483
704586,3;73,08496
704603,7;73,08496
704620,3;73,08496
704636,8;73,08496
704653,6;73,08496
704670;73,08496
704686,7;73,08496
704703,3;73,08496
704719,9;73,08496
704736,3;73,08496
704752,8;73,08496
704769,4;73,08496
704785,9;73,08496
704802,6;73,08496
704819,1;73,08496
704836,1;73,08496
704852,3;73,08496
704869,4;73,08496
704885,8;73,08496
704901,9;73,08496
704918,5;73,08496
704935,2;73,08496
704951,8;73,08496
704968,3;73,08496
704985,1;73,08496
705001,5;73,08496
705017,9;73,08496
705034,6;73,08496
705051;73,08496
705067,6;73,08496
705084,2;73,08496
705100,9;73,08496
705117,3;73,08496
705133,9;73,08496
705150,4;73,08496
705170,4;73,08496
705186,9;73,08496
705203,5;73,08496
705220,1;73,08496
705236,7;73,08496
705253,5;73,08496
705269,8;73,08496
705286,7;73,08496
705302,9;73,1827
705319,4;73,1827
705347,8;73,1827
705364,4;73,1827
705381,1;73,1827
705397,9;73,1827
705414,1;73,1827
705430,7;73,1827
705447,3;73,1827
705463,8;73,1827
705480,4;73,1827
705496,9;73,1827
705513,6;73,1827
705530,1;73,1827
705547,1;73,1827
705563,3;73,1827
705579,8;73,1827
705596,3;73,1827
705613,1;73,1827
705629,6;73,1827
705646,1;73,1827
705662,7;73,1827
705679,2;73,1827
705695,8;73,1827
705712,3;73,1827
705728,9;73,1827
705745,7;73,1827
705762,1;73,1827
705778,6;73,1827
705795,2;73,1827
705811,7;73,1827
705828,7;73,1827
705844,9;73,1827
705861,4;73,1827
705878;73,1827
705894,7;73,1827
705911,6;73,1827
705927,7;73,1827
705944,2;73,1827
705960,8;73,1827
705977,9;73,1827
705994,1;73,36412
706010,6;73,36412
706027,1;73,36412
706043,6;73,36412
706060,2;73,36412
706077,2;73,36412
706093,8;73,36412
706110,4;73,36412
706127,4;73,36412
706143,8;73,36412
706160,1;73,36412
706176,6;73,36412
706193,4;73,36412
706216,1;73,36412
706232,7;73,36412
706249,2;73,36412
706265,8;73,36412
706282,4;73,36412
706298,9;73,36412
706315,5;73,36412
706332,3;73,36412
706348,6;73,36412
706365,2;73,36412
706381,8;73,36412
706398,3;73,36412
706414,9;73,36412
706431,4;73,36412
706448;73,36412
706464,6;73,36412
706481,1;73,36412
706497,8;73,36412
706514,4;73,36412
706530,9;73,36412
706547,6;73,36412
706563,9;73,36412
706580,6;73,36412
706597,1;73,36412
706613,7;73,36412
706630,3;73,36412
706647,3;73,36412
706663,4;73,36412
706679,9;73,36412
706696,6;73,78511
706713,1;73,78511
706729,7;73,78511
706746,3;73,78511
706763,3;73,78511
706779,4;73,78511
706795,9;73,78511
706812,9;73,78511
706829,6;73,78511
706845,7;73,78511
706862,6;73,78511
706879,1;73,78511
706895,3;73,78511
706912,6;73,78511
706928,4;73,78511
706945,1;73,78511
706961,6;73,78511
706978,3;73,78511
706994,8;73,78511
707011,3;73,78511
707027,8;73,78511
707044,4;73,78511
707061,1;73,78511
707077,6;73,78511
707094,1;73,78511
707110,7;73,78511
707127,3;73,78511
707143,8;73,78511
707160,4;73,78511
707177;73,78511
707193,6;73,78511
707210,2;73,78511
707226,7;73,78511
707243,3;73,78511
707260;73,78511
707276,4;73,78511
707293,1;73,78511
707309,5;73,88247
707326,1;73,84336
707342,6;73,84336
707359,2;73,84336
707375,8;73,84336
707392,3;73,84336
707409,1;74,05956
707425,9;74,05956
707442;74,05956
707458,6;74,05956
707475,2;74,05956
707491,8;74,05956
707508,3;74,05956
707524,8;74,05956
707541,4;74,05956
707558,2;74,05956
707574,7;74,05956
707591,1;74,05956
707607,8;74,05956
707624,3;74,05956
707640,8;74,05956
707657,4;74,05956
707673,9;74,05956
707690,6;74,05956
707707,1;74,05956
707723,8;74,05956
707740,3;74,05956
707756,8;74,05956
707773,7;74,05956
707790;74,05956
707806,5;74,05956
707823,4;74,05956
707839,6;74,05956
707856,2;74,05956
707872,8;74,05956
707889,4;74,05956
707905,9;74,05956
707923,1;74,05956
707939;74,05956
707955,6;74,05956
707972,6;74,05956
707988,7;74,05956
708005,3;74,05956
708021,9;74,05956
708038,4;74,05956
708055;74,05956
708071,6;74,05956
708088,1;74,05956
708104,7;74,52183
708121,3;74,52183
708138;74,52183
708154,4;74,52183
708171,1;74,52183
708187,6;74,52183
708204,2;74,52183
708220,6;74,52183
708237,3;74,52183
708254,3;74,52183
708271,3;74,52183
708287,2;74,52183
708303,7;74,52183
708320,1;74,52183
708336,6;74,52183
708353,2;74,52183
708369,8;74,52183
708386,4;74,52183
708402,9;74,52183
708419,4;74,52183
708436,1;74,52183
708452,7;74,52183
708469,4;74,52183
708485,7;74,52183
708502,6;74,65884
708518,9;74,70032
708535,6;74,56467
708552;74,25357
708568,9;74,25357
708585,3;74,25357
708601,7;74,25357
708618,3;74,25357
708634,8;74,25357
708651,4;74,25357
708668,2;74,25357
708684,5;74,33424
708701,1;73,97889
708717,6;73,97889
708734,3;73,97889
708750,8;73,97889
708767,4;73,97889
708783,9;74,09466
708800,5;74,09466
708818,1;74,09466
708835,1;74,09466
708851,2;74,09466
708867,8;74,09466
708884,5;74,09466
708901,1;74,09466
708917,7;74,09466
708934;74,09466
708950,6;74,09466
708967,2;74,09466
708983,7;74,09466
709000,3;74,09466
709016,9;74,09466
709033,4;74,09466
709050,9;74,09466
709066,5;74,09466
709083,1;74,09466
709099,7;74,09466
709116,3;74,09466
709133,1;74,09466
709149,4;74,09466
709165,9;74,09466
709183,2;74,00877
709199,1;73,50912
709215,6;73,50912
709232,6;73,50912
709248,8;73,50912
709265,4;73,50912
709281,9;73,50912
709298,9;73,50912
709315,1;73,50912
709331,9;73,5155
709348,4;72,89516
709364,8;72,87719
709381,4;72,87719
709397,9;72,87719
709414,4;72,87719
709431,6;72,93722
709447,9;72,93722
709464,2;72,93722
709480,7;72,93722
709497,3;72,93722
709513,9;72,93722
709530,4;72,93722
709547,7;72,93722
709563,9;72,93722
709580,1;72,93722
709597,2;72,93722
709613,3;72,93722
709629,8;72,93722
709646,4;72,93722
709664,8;72,93722
709681,4;72,93722
709698,7;72,93722
709714,6;72,93722
709731,3;72,93722
709747,7;72,93722
709764,3;72,93722
709780,8;72,93722
709797,4;72,93722
709813,9;72,93722
709830,5;72,93722
709847,4;72,93722
709863,6;72,93722
709880,6;72,93722
709896,9;72,93722
709913,4;72,93722
709929,9;72,93722
709946,6;72,93722
709963,2;72,93722
709979,6;72,93722
709996,1;72,93722
710012,8;72,93722
710029,3;72,93722
710045,8;72,93722
710062,6;72,93722
710079;72,93722
710095,6;72,93722
710112,1;73,47347
710128,7;73,47347
710145,4;73,47347
710161,8;73,47347
710178,8;73,47347
710195;73,47347
710211,6;73,47347
710228,4;73,47347
710244,7;73,47347
710261,4;73,47347
710277,8;73,47347
710294,4;73,47347
710310,9;73,47347
710327,7;73,47347
710344,1;73,47347
710361,1;73,47347
710377,8;73,47347
710393,8;73,47347
710410,3;73,47347
710426,9;73,47347
710443,6;73,47347
710460;73,47347
710476,6;73,47347
710493,2;73,47347
710509,7;73,47347
710528,6;73,47347
710543,3;73,47347
710559,8;73,47347
710576,8;73,47347
710593,1;73,47347
710609,1;73,47347
710625,8;73,47347
710642,3;73,47347
710658,8;73,47347
710675,4;73,47347
710691,9;73,47347
710709,1;73,47347
710725,1;73,47347
710741,6;73,47347
710758,4;73,47347
710774,8;73,49454
710791,4;73,49454
710808,1;73,49454
710825,3;73,49454
710841,3;73,49454
710858,1;73,49454
710874,6;73,49454
710890,8;73,49454
710907,6;73,49454
710923,9;73,49454
710940,4;73,49454
710957,6;73,49454
710973,6;73,49454
710990,2;73,49454
711006,7;73,49454
711023,3;73,49454
711039,9;73,49454
711056,6;73,49454
711073;73,49454
711089,6;73,49454
711106,1;73,49454
711122,7;73,49454
711139,3;73,49454
711155,8;73,49454
711172,4;73,49454
711188,9;73,49454
711205,5;73,84253
711222,1;73,77062
711238,6;73,69495
711255,3;73,28208
711271,8;73,28208
711288,3;73,28208
711305,1;73,28208
711321,5;73,28208
711338,1;73,28208
711354,9;73,28208
711371,4;73,62968
711387,8;73,56438
711405,1;73,13161
711421,7;73,13161
711438,7;73,13161
711454,8;73,13161
711471,4;73,13161
711488;73,13161
711504,5;73,07146
711521,3;73,07146
711538,1;73,07146
711554,6;73,07146
711571,4;73,07146
711587,3;73,07146
711603,9;73,07146
711620,5;73,07146
711637,1;73,07146
711653,9;73,07146
711670,6;73,07146
711687,4;73,07146
711703,3;73,07146
711719,9;73,07146
711736,4;73,07146
711753,1;73,07146
711769,6;73,07146
711786,1;73,07146
711802,8;73,07146
711819,3;73,07146
711835,9;73,07146
711853;73,07146
711869;73,07146
711885,6;73,07146
711902,1;73,07146
711918,7;73,07146
711935,3;73,07146
711951,8;73,07146
711968,4;73,07146
711985;73,07146
712001,5;73,07146
712018,1;73,07146
712034,7;73,07146
712051,2;73,07146
712068,4;73,07146
712084,4;73,07146
712100,9;73,07146
712117,5;73,07146
712134,2;73,07146
712150,7;73,07146
712167,2;73,07146
712183,8;73,07146
712200,3;73,06089
712216,9;73,06089
712233,6;73,06089
712250,7;73,06089
712267,3;73,06089
712283,3;73,06089
712299,8;73,06089
712316,3;73,06089
712333,1;73,06089
712349,6;73,06089
712365,9;73,06089
712382,6;73,06089
712399,1;73,06089
712415,8;73,06089
712432,3;73,06089
712449,6;73,06089
712465,4;73,06089
712482;73,06089
712498,6;73,06089
712515,1;73,06089
712531,7;73,06089
712548,9;73,06089
712564,8;73,06089
712581,4;73,06089
712597,9;73,06089
712614,8;73,40615
712631,4;73,3405
712647,6;73,2808
712664,2;73,22182
712680,9;73,14962
712697,7;72,73026
712714,4;72,73026
712730,5;72,73026
712747;72,73026
712763,6;72,73026
712780,1;72,73026
712796,8;72,73026
712813,6;72,73026
712829,8;72,73026
712846,4;73,07897
712863,4;72,66631
712879,6;72,66631
712896,1;72,66631
712912,8;72,66631
712929,3;73,09823
712945,9;73,09823
712962,4;73,09823
712979,1;73,09823
712995,6;73,09823
713012,1;73,09823
713028,7;73,09823
713045,7;73,09823
713061,8;73,09823
713078,7;73,09823
713094,9;73,09823
713111,5;73,09823
713128,1;73,09823
713145,1;73,09823
713161,2;73,09823
713177,9;73,09823
713194,3;73,09823
713210,9;73,09823
713227,7;73,09823
713244;73,09823
713260,7;73,09823
713277,5;73,09823
713293,7;73,09823
713310,3;73,09823
713326,8;73,09823
713343,4;73,09823
713360;73,09823
713376,6;73,09823
713393,2;73,09823
713409,8;73,09823
713426,7;73,09823
713442,8;73,09823
713459,4;73,09823
713475,9;73,09823
713493,1;73,09823
713509,1;73,09823
713526,6;73,09823
713542,3;73,09823
713558,8;73,09823
713575,4;73,09823
713591,9;73,09823
713608,9;73,09823
713625,1;73,09823
713641,9;73,09823
713658,2;73,06209
713674,8;73,06209
713691,4;73,06209
713708,6;73,06209
713724,6;73,06209
713741;73,06209
713757,6;73,06209
713774,6;73,06209
713790,7;73,06209
713807,6;73,06209
713823,9;73,06209
713840,4;73,06209
713857;73,06209
713873,6;73,06209
713890,1;73,06209
713906,7;73,06209
713923,6;73,06209
713939,8;73,06209
713956,4;73,06209
713972,9;73,06209
713989,6;73,06209
714006,1;73,06209
714022,8;73,06209
714039,3;73,06209
714067,8;73,06209
714084,4;73,06209
714101,2;73,06209
714117,5;73,06209
714134,1;73,06209
714150,6;73,06209
714167,3;73,06209
714183,8;73,06209
714200,3;73,06209
714216,9;73,06209
714233,4;73,06209
714250,1;73,06209
714266,9;73,06209
714283,5;73,06209
714299,8;73,06209
714316,3;73,06209
714332,9;73,06209
714349,4;73,06209
714366;73,06209
714382,6;73,06209
714399,1;73,47781
714416;73,47781
714432,4;73,47781
714448,9;73,47781
714465,7;73,47781
714482;73,47781
714498,6;73,47781
714515,1;73,47781
714531,7;73,47781
714548,4;73,47781
714565,1;73,47781
714581,8;73,47781
714597,9;73,47781
714614,5;73,47781
714631,1;73,47781
714647,6;73,47781
714665,1;73,47781
714680,8;73,47781
714697,6;73,47781
714714,1;73,47781
714730,5;73,47781
714747;73,47781
714764,2;73,47781
714780,5;73,47781
714796,8;73,47781
714813,3;73,47781
714829,9;73,47781
714846,8;73,47781
714863,3;73,47781
714879,6;73,47781
714896,4;73,47781
714914,5;73,47781
714931,1;73,47781
714948;73,47781
714964,3;73,47781
714981;73,47781
714997,4;73,47781
715013,9;73,47781
715030,6;73,47781
715047,1;73,47781
715063,9;73,47781
715080,2;73,47781
715097,1;73,47781
715113,4;73,47781
715130,1;73,47781
715146,4;73,45571
715163;73,45571
715179,8;73,45571
715196,2;73,45571
715212,7;73,45571
715229,3;73,45571
715246,1;73,45571
715262,5;73,45571
715279,1;73,45571
715295,6;73,45571
715312,1;73,45571
715328,9;73,45571
715345,3;73,45571
715361,8;73,45571
715378,4;73,45571
715394,9;73,45571
715411,5;73,45571
715428,2;73,45571
715444,6;73,45571
715461,3;73,45571
715477,8;73,45571
715494,3;73,45571
715510,9;73,45571
715527,4;73,45571
715544,1;73,45571
715560,6;73,45571
715577,2;73,45571
715593,8;73,45571
715610,4;73,45571
715626,9;73,45571
715643,4;73,45571
715660,1;73,45571
715676,9;73,45571
715694;73,45571
715709,7;73,45571
715726,3;73,45571
715742,9;73,45571
715759,4;73,45571
715776;73,45571
715793,2;73,45571
715809,3;73,45571
715825,7;73,45571
715842,3;73,45571
715858,9;73,45571
715875,4;73,45571
715891,9;73,88931
715908,9;73,88931
715925,1;73,88931
715941,6;73,88931
715958,4;73,88931
715974,8;73,88931
715991,3;73,88931
716007,9;73,88931
716024,5;73,88931
716041;73,88931
716057,7;73,88931
716074,2;73,88931
716090,8;73,88931
716107,3;73,88931
716124,1;73,88931
716140,4;73,88931
716157,6;73,88931
716173,6;73,88931
716190,1;73,88931
716206,8;73,88931
716223,3;73,88931
716239,9;73,88931
716256,4;73,88931
716273,1;73,88931
716289,6;73,88931
716306,1;73,88931
716322,7;73,88931
716339,3;73,88931
716355,8;73,88931
716372,4;73,88931
716389,7;73,88931
716405,7;73,88931
716422,4;73,88931
716438,8;73,88931
716455,2;73,88931
716471,8;73,88931
716488,3;73,88931
716505;73,88931
716521,5;73,88931
716538,1;73,88931
716554,6;73,88931
716571,2;73,88931
716587,8;73,88931
716604,3;73,88931
716620,9;73,87463
716637,4;73,87463
716654;73,87463
716670,8;73,87463
716689,4;73,87463
716703,8;73,87463
716720,3;73,87463
716736,8;73,87463
716753,4;73,87463
716769,9;73,87463
716786,6;73,87463
716803,1;73,87463
716819,7;73,87463
716836,3;73,87463
716852,9;73,87463
716869,6;73,87463
716885,9;73,87463
716903;73,87463
716919,1;73,87463
716936,4;73,87463
716952,2;73,87463
716968,8;73,87463
716985,5;73,87463
717001,9;73,87463
717018,5;73,87463
717035,1;73,87463
717051,6;73,87463
717068,2;73,87463
717084,8;73,87463
717101,4;73,87463
717117,9;73,87463
717134,4;73,87463
717151;73,87463
717167,6;73,87463
717184,4;73,87463
717200,7;73,87463
717217,3;73,87463
717233,9;73,87463
717250,4;73,87463
717266,9;73,87463
717283,6;73,87463
717300,1;73,87463
717316,6;73,87463
717333,6;73,87463
717350,1;74,34853
717366,4;74,34853
717383;74,34853
717399,9;74,34853
717416,9;74,34853
717432,6;74,34853
717449,3;74,34853
717465,8;74,34853
717482,4;74,34853
717499;74,34853
717515,5;74,34853
717532,4;74,34853
717548,6;74,34853
717565,2;74,34853
717586,2;74,34853
717602,8;74,34853
717619,3;74,34853
717636,4;74,34853
717652,4;74,34853
717669;74,34853
717685,6;74,34853
717702,1;74,34853
717718,8;74,34853
717735,6;74,34853
717752,2;74,34853
717768,9;74,34853
717785;74,34853
717801,6;74,34853
717818,1;74,34853
717834,7;74,34853
717851,3;74,34853
717867,8;74,34853
717884,6;74,34853
717900,9;74,34853
717917,7;74,34853
717934,1;74,34853
717950,7;74,34853
717967,3;74,34853
717983,9;74,34853
718000,6;74,34853
718016,9;74,34853
718033,6;74,34853
718050,1;74,36788
718067,4;74,36788
718083,2;74,36788
718099,8;74,36788
718116,3;74,36788
718132,9;74,36788
718149,8;74,36788
718166,3;74,36788
718182,6;74,36788
718199,2;74,36788
718216,3;74,36788
718232,3;74,36788
718248,9;74,36788
718265,4;74,36788
718282;74,36788
718298,6;74,36788
718315,1;74,36788
718331,7;74,36788
718348,4;74,36788
718364,8;74,36788
718381,4;74,36788
718397,9;74,36788
718414,6;74,36788
718431,1;74,36788
718447,8;74,36788
718464,3;74,36788
718480,8;74,36788
718497,4;74,36788
718517,2;74,36788
718533,8;74,36788
718551,2;74,36788
718567,2;74,36788
718583,5;74,36788
718600,7;74,36788
718616,6;74,36788
718633,2;74,36788
718649,9;74,36788
718666,4;74,36788
718682,9;74,36788
718699,7;74,36788
718716,1;74,36788
718732,6;74,36788
718749,3;74,83249
718765,8;74,83249
718782,3;74,83249
718798,8;74,83249
718815,5;74,83249
718832,3;74,83249
718848,6;74,83249
718865,1;74,83249
718882,1;74,83249
718898,9;74,83249
718914,8;74,83249
718931,9;74,83249
718948,7;74,83249
718964,6;74,83249
718981,1;74,83249
718997,9;74,83249
719014,3;74,83249
719031,5;74,83249
719047,4;74,83249
719064;74,83249
719080,5;74,83249
719097,2;74,83249
719113,6;74,83249
719130,2;74,83249
719147;74,83249
719163,4;74,83249
719179,9;74,83249
719196,5;74,83249
719213;74,83249
719229,6;74,83249
719246,1;74,83249
719263,1;74,83249
719279,3;74,83249
719296,1;74,83249
719312,4;74,83249
719329;74,83249
719345,6;74,83249
719362,1;74,83249
719384;74,83249
719401,3;74,83249
719417,1;74,83249
719434,1;74,83249
719450,3;74,78251
719466,8;74,78251
719483,5;74,78251
719499,9;74,78251
719516,5;74,78251
719533,2;74,78251
719550,4;74,78251
719566,3;74,78251
719583,2;74,78251
719599,3;74,78251
719616,4;74,78251
719632,8;74,78251
719649,1;74,78251
719665,6;74,78251
719682,2;74,78251
719698,8;74,78251
719715,3;74,78251
719731,9;74,78251
719748,4;74,78251
719765;74,78251
719781,6;74,78251
719798,2;74,78251
719814,7;74,78251
719831,3;74,78251
719847,8;74,78251
719864,4;74,78251
719881,1;74,78251
719897,5;74,78251
719914,6;74,78251
719930,7;74,78251
719947,2;74,78251
719963,9;74,78251
719981,1;74,78251
719996,9;74,78251
720013,9;74,78251
720030,3;74,78251
720046,6;74,78251
720063,7;74,78251
720079,9;74,78251
720096,3;74,78251
720112,9;74,78251
720129,5;74,77966
720146,1;74,77966
720162,6;74,77966
720179,1;74,77966
720195,8;74,77966
720212,8;74,77966
720229,4;74,77966
720245,5;74,77966
720262;74,77966
720281,6;74,77966
720295,1;74,77966
720311,8;74,77966
720328,4;74,77966
720344,9;74,77966
720361,4;74,77966
720378;74,77966
720395,1;74,77966
720411,1;74,77966
720427,7;74,77966
720444,3;74,77966
720460,8;74,77966
720477,4;74,77966
720493,9;74,77966
720510,5;74,77966
720527,1;74,77966
720543,6;74,77966
720560,6;74,77966
720576,8;74,77966
720593,3;74,77966
720609,9;74,77966
720627,2;74,77966
720643;74,77966
720659,6;74,77966
720676,1;74,77966
720693,2;74,77966
720709,5;74,77966
720726,1;74,77966
720742,8;74,77966
720759;74,77966
720775,6;74,77966
720792,1;74,77966
720808,8;74,77966
720825,3;74,92282
720841,9;74,92282
720858,4;74,92282
720875,1;74,92282
720891,6;74,92282
720908,1;74,92282
720924,7;74,92282
720941,3;74,92282
720957,8;74,92282
720974,4;74,92282
720990,9;74,92282
721007,8;74,92282
721024,1;74,92282
721040,6;74,92282
721057,2;74,92282
721074,3;74,92282
721090,3;74,92282
721106,9;74,92282
721123,5;74,92282
721140;74,92282
721156,7;74,92282
721180,6;74,92282
721189,8;74,92282
721206,3;74,92282
721222,8;74,92282
721239,4;74,92282
721256;74,92282
721272,6;74,92282
721289,1;74,92282
721305,8;74,92282
721322,8;74,92282
721338,8;74,92282
721355,9;74,92282
721372,2;74,92282
721389,2;74,92282
721405,1;74,92282
721421,7;74,92282
721438,5;74,92282
721454,8;74,92282
721471,8;74,92282
721487,9;74,92282
721504,5;74,92282
721521,3;74,92282
721537,7;75,33248
721554,2;75,33248
721570,8;75,33248
721587,8;75,33248
721603,9;75,33248
721620,5;75,33248
721637,9;75,33248
721653,6;75,33248
721670,4;75,33248
721686,7;75,33248
721703,9;75,33248
721720;75,33248
721736,8;75,33248
721753,5;75,33248
721769,6;75,33248
721786,1;75,33248
721802,8;75,33248
721819,4;75,33248
721836,1;75,33248
721852,5;75,33248
721869,1;75,33248
721885,6;75,33248
721902,3;75,33248
721918,9;75,33248
721935,3;75,33248
721951,8;75,33248
721968,4;75,33248
721985;75,33248
722001,5;75,33248
722018,1;75,33248
722037,8;75,33248
722055,2;75,33248
722071,4;75,33248
722087,5;75,33248
722104,1;75,33248
722120,7;75,33248
722137,4;75,33248
722153,8;75,33248
722170,4;75,33248
722186,9;75,33248
722203,6;75,33248
722220,1;75,33248
722236,6;75,33248
722253,5;75,33248
722269,9;75,36095
722286,3;75,36095
722302,9;75,36095
722319,4;75,36095
722336,1;75,36095
722353,3;75,36095
722369,2;75,36095
722385,8;75,36095
722402,3;75,36095
722418,9;75,36095
722435,4;75,36095
722452;75,36095
722468,8;75,36095
722485,2;75,36095
722501,8;75,36095
722518,3;75,36095
722535;75,36095
722551,4;75,36095
722568,3;75,36095
722584,6;75,36095
722601,1;75,36095
722617,7;75,36095
722634,2;75,36095
722650,8;75,36095
722667,6;75,36095
722683,9;75,36095
722700,9;75,36095
722717,3;75,36095
722733,6;75,36095
722750,2;75,36095
722766,8;75,36095
722783,9;75,36095
722799,9;75,36095
722816,4;75,36095
722833,1;75,36095
722849,6;75,36095
722866,1;75,36095
722882,8;75,36095
722899,3;75,36095
722917,8;75,36095
722934,5;75,36095
722950,9;75,36095
722967,6;75,36095
722984;75,36095
723000,6;75,36095
723017,9;75,51417
723033,9;75,51417
723050,9;75,51417
723066,8;75,51417
723083,4;75,51417
723100,2;75,51417
723116,8;75,51417
723133,9;75,51417
723149,7;75,51417
723166,3;75,51417
723182,8;75,51417
723199,4;75,51417
723216,1;75,51417
723232,6;75,51417
723249,1;75,51417
723266,1;75,51417
723283,1;75,51417
723299,6;75,51417
723316;75,49973
723332,4;75,5455
723349,2;75,5864
723365,5;75,62612
723382,1;75,28886
723398,8;74,81651
723415,3;74,52073
723432;73,95033
723448,6;73,38243
723464,9;73,30936
723481,4;73,25119
723498,4;73,28257
723514,6;73,28257
723531,3;73,28257
723548,4;73,28257
723564,3;73,28257
723580,9;73,28257
723597,6;73,28257
723614;73,28257
723630,6;73,28257
723647,3;73,18017
723663,9;73,21039
723680,4;73,21039
723696,9;73,21039
723713,4;73,21039
723730;73,19129
723746,9;73,19129
723763,9;73,19129
723779,7;73,19129
723798,5;73,19129
723815,1;73,19129
723831,7;73,19129
723848,2;73,19129
723864,8;73,19129
723881,4;73,19129
723898,1;73,19129
723914,6;73,19129
723931;73,19129
723947,9;73,19129
723964,2;73,19129
723980,8;73,19129
723997,3;73,19129
724014,4;73,19129
724030,9;73,19129
724048;73,19129
724064,1;73,19129
724080,7;73,19129
724097,6;73,19129
724113,8;73,19129
724130,4;73,19129
724146,9;73,19129
724163,5;73,19129
724180,8;73,19129
724196,8;73,19129
724213,9;73,19129
724229,8;73,19129
724246,6;73,19129
724262,9;73,19129
724279,5;73,19129
724296,1;73,19129
724312,6;73,19129
724329,2;73,19129
724345,8;73,19129
724362,3;73,19129
724379,6;73,19129
724395,4;73,19129
724412,3;73,19129
724428,6;73,19129
724445,4;73,19129
724462,1;73,19129
724478,7;73,59183
724495,1;73,59183
724511,4;73,59183
724528,4;73,59183
724544,6;73,59183
724561,1;73,59183
724578,3;73,59183
724594,3;73,59183
724610,8;73,59183
724627,5;73,59183
724643,9;73,59183
724660,5;73,59183
724678,8;73,59183
724693,7;73,59183
724710,2;73,59183
724726,8;73,59183
724743,5;73,59183
724760;73,59183
724776,6;73,59183
724793,3;73,59183
724809,6;73,59183
724826,2;73,59183
724842,7;73,59183
724859,3;73,59183
724875,9;73,59183
724892,5;73,59183
724909,2;73,59183
724925,6;73,59183
724942,1;73,59183
724958,8;73,59183
724975,3;73,59183
724991,8;73,59183
725008,4;73,59183
725024,9;73,59183
725041,6;73,59183
725058,6;73,59183
725074,6;73,59183
725091,8;73,59183
725107,8;73,59183
725124,4;73,59183
725141;73,59183
725157,6;73,59183
725174,1;73,59183
725190,7;73,59183
725207,4;73,59183
725223,9;73,57523
725240,4;73,57523
725256,9;73,57523
725273,5;73,57523
725290,2;73,57523
725306,6;73,57523
725323,6;73,57523
725339,8;73,57523
725357;73,57523
725372,9;73,57523
725389,7;73,57523
725406;73,57523
725422,6;73,57523
725439,3;73,57523
725455,9;73,57523
725472,3;73,57523
725488,8;73,57523
725505,9;73,57523
725522;73,57523
725538,5;73,57523
725555,1;73,57523
725576,5;73,57523
725588,3;73,57523
725605,3;73,57523
725621,8;73,57523
725637,9;73,57523
725654,5;73,57523
725671,1;73,57523
725687,6;73,57523
725704,3;73,57523
725721,1;73,57523
725737,4;73,57523
725754,1;73,57523
725770,4;73,57523
725787,3;73,57523
725803,8;73,57523
725820,3;73,57523
725836,8;73,57523
725853,3;73,57523
725869,9;73,57523
725886,5;73,57523
725903;73,57523
725919,6;73,57523
725936,2;73,57523
725952,7;73,57523
725969,4;74,02975
725986,4;74,02975
726002,4;74,02975
726019;74,02975
726035,5;74,02975
726052,1;74,02975
726068,7;74,02975
726085,3;74,02975
726101,8;74,02975
726118,4;74,02975
726135,1;74,02975
726151,5;74,02975
726168,1;74,02975
726184,6;74,02975
726201,6;74,02975
726218,8;74,02975
726235,2;74,02975
726250,9;74,02975
726268,1;74,02975
726284,1;74,02975
726301,5;74,02975
726317,5;74,02975
726333,9;74,02975
726350,3;74,02975
726366,9;74,02975
726383,6;74,02975
726400,6;74,02975
726416,6;74,02975
726433,6;74,02975
726450,5;74,02975
726466,9;74,02975
726483,4;74,02975
726499,9;74,02975
726516,5;74,02975
726533,5;74,02975
726549,6;74,02975
726566,5;74,02975
726583;74,02975
726599,3;74,02975
726615,9;74,02975
726632,6;74,02975
726649;74,02975
726665,5;74,02975
726682,3;74,11591
726698,9;74,11591
726715,4;74,11591
726731,8;74,11591
726748,4;74,11591
726764,9;74,11591
726781,5;74,11591
726798,4;74,11591
726814,6;74,11591
726831,3;74,11591
726847,9;74,11591
726864,4;74,11591
726880,9;74,11591
726897,6;74,11591
726914,1;74,11591
726930,6;74,11591
726947,6;74,11591
726963,8;74,11591
726980,4;74,11591
726996,9;74,11591
727013,6;74,11591
727030;74,11591
727046,7;74,11591
727063,2;74,11591
727079,7;74,11591
727096,4;74,11591
727113;74,11591
727130,1;74,11591
727146;74,11591
727162,6;74,11591
727179,3;74,11591
727195,9;74,11591
727212,3;74,11591
727229,4;74,11591
727245,4;74,11591
727261,9;74,11591
727278,8;74,11591
727295,1;74,11591
727314,5;74,11591
727331,1;74,11591
727347,6;74,11591
727364,2;74,59238
727380,8;74,59238
727397,4;74,59238
727413,9;74,59238
727430,8;74,59238
727447;74,59238
727463,6;74,59238
727480,2;74,59238
727496,8;74,59238
727513,7;74,59238
727529,9;74,59238
727546,4;74,59238
727563;74,59238
727580,3;74,59238
727596,4;74,59238
727612,8;74,59238
727629,3;74,59238
727646;74,59238
727662,4;74,59238
727678,9;74,59238
727695,6;74,59238
727712,1;74,59238
727728,7;74,59238
727745,3;74,59238
727762,6;74,59238
727778,4;74,59238
727794,9;74,59238
727811,5;74,59238
727828,1;74,59238
727844,7;74,59238
727861,4;74,59238
727877,8;74,59238
727894,6;74,59238
727911;74,59238
727927,6;74,59238
727944;74,59238
727960,6;74,49599
727977,2;74,09279
727993,7;74,09279
728010,3;74,09279
728026,9;74,09279
728043,5;74,59351
728060,2;74,59351
728076,8;74,59351
728093,1;74,59351
728109,9;74,59351
728126,3;74,59351
728142,8;74,59351
728159,4;74,59351
728176,2;74,59351
728195,9;74,59351
728212,5;74,59351
728229,1;74,59351
728245,7;74,59351
728262,2;74,59351
728278,9;74,59351
728295,4;74,59351
728311,9;74,59351
728328,6;74,59351
728345,3;74,59351
728361,6;74,59351
728378,2;74,59351
728394,7;74,59351
728411,3;74,59351
728428,2;74,59351
728444,7;74,59351
728461,1;74,59351
728477,8;74,59351
728494,1;74,59351
728510,8;74,59351
728527,6;74,59351
728543,8;74,59351
728560,4;74,59351
728576,9;74,59351
728593,5;74,59351
728610,1;74,59351
728627,2;74,59351
728643,6;74,50374
728659,8;74,50374
728676,4;74,50374
728693,2;74,50374
728709,6;74,50374
728726,3;74,50374
728742,6;74,50374
728759,2;74,50374
728775,8;74,60883
728792,9;74,60883
728809,3;74,60883
728825,4;74,60883
728842,1;74,60883
728858,6;74,60883
728875,3;74,60883
728891,8;74,60883
728908,4;74,60883
728925,1;74,60883
728941,4;74,60883
728958;74,60883
728975,3;74,60883
728991,1;74,60883
729007,7;74,60883
729024,3;74,60883
729040,8;74,60883
729057,9;74,60883
729074;74,60883
729090,8;74,60883
729107,1;74,60883
729123,8;74,60883
729140,3;74,60883
729156,8;74,60883
729173,3;74,60883
729189,9;74,60883
729206,5;74,60883
729223,3;74,60883
729239,6;74,60883
729256,8;74,60883
729272,8;74,60883
729290;74,60883
729305,9;74,60883
729322,4;74,60883
729339,1;74,60883
729355,6;74,60883
729373,1;74,60883
729388,8;74,60883
729405,3;74,60883
729421,9;74,68191
729438,4;74,68191
729455;74,68191
729471,8;74,68191
729488,2;74,68191
729504,7;74,68191
729521,3;74,68191
729538,1;74,68191
729554,4;74,68191
729571;74,68191
729587,5;74,68191
729604,2;74,68191
729620,7;74,68191
729637,2;74,68191
729653,8;74,68191
729670,4;74,68191
729686,9;74,68191
729703,6;74,68191
729720,1;74,68191
729736,6;74,68191
729753,2;74,68191
729769,8;74,68191
729786,8;74,68191
729803,3;74,68191
729819,4;74,68191
729836,2;74,68191
729852,6;74,68191
729869,2;74,68191
729885,8;74,68191
729902,3;74,68191
729918,9;74,68191
729936,2;74,68191
729957,2;74,64118
729968,7;74,2224
729985,1;74,13705
730001,7;73,61119
730018,4;73,61119
730034,9;73,61119
730051,4;73,69658
730068,1;73,69658
730084,9;73,69658
730101,1;73,69658
730117,7;73,69658
730134,2;73,69658
730150,8;73,69658
730167,4;73,69658
730183,9;73,69658
730200,5;73,69658
730217,1;73,69658
730233,6;73,69658
730250,2;73,69658
730266,8;73,69658
730283,6;73,69658
730300;73,69658
730316,4;73,69658
730333;73,69658
730349,9;73,69658
730366,1;73,69658
730383,1;73,69658
730399,3;73,69658
730415,8;73,69658
730432,8;73,69658
730449;73,69658
730465,6;73,69658
730482,1;73,69658
730499;73,69658
730515,3;73,69658
730531,8;73,69658
730548,4;73,69658
730564,9;73,69658
730581,6;73,69658
730598,1;73,69658
730614,7;73,69658
730631,3;73,69658
730647,8;73,69658
730664,4;73,69658
730680,9;73,69658
730697,5;73,69658
730714,1;74,22807
730730,6;74,22807
730747,2;74,22807
730763,8;74,22807
730780,3;74,22807
730796,9;74,22807
730814,3;74,22807
730830,4;74,22807
730846,6;74,22807
730863,6;74,22807
730881,5;74,22807
730898,1;74,22807
730915,3;74,22807
730931,3;74,22807
730947,9;74,22807
730964,4;74,22807
730980,9;74,22807
730997,6;74,22807
731014,6;74,22807
731030,6;74,20118
731047,3;74,18843
731063,8;74,17265
731081,2;74,04489
731096,9;74,03851
731113,6;74,03172
731130,1;74,02722
731146,8;73,50491
731163,3;72,98136
731179,8;72,98136
731196,4;72,98136
731212,9;72,98136
731229,4;72,98136
731246,3;72,91464
731263,4;72,95712
731279,3;73,00135
731295,7;73,03199
731312,3;73,0803
731329,3;73,0803
731345,4;73,0803
731362;73,0803
731378,6;73,0803
731395,1;73,0803
731411,7;73,0803
731428,3;73,0803
731445,2;73,0803
731461,4;73,0803
731477,9;73,0803
731494,5;73,0803
731511,6;73,0803
731527,6;73,0803
731544,3;73,0803
731561,1;73,0803
731577,3;73,0803
731594,6;73,0803
731610,5;73,0803
731627,1;73,0803
731643,6;73,0803
731660,2;73,0803
731676,9;73,0803
731693,3;73,0803
731709,9;73,0803
731726,4;73,0803
731743,1;73,0803
731768,3;73,0803
731776,2;73,0803
731792,8;73,0803
731809,3;73,0803
731826;73,0803
731842,4;73,0803
731859;73,0803
731875,8;73,0803
731892,1;73,0803
731908,7;73,0803
731925,3;73,0803
731941,8;73,0803
731958,7;73,0803
731975;73,0803
731991,5;73,0803
732008,1;73,0803
732024,7;73,0803
732041,2;73,0803
732057,8;73,0803
732074,4;73,32063
732090,9;73,32063
732107,5;73,32063
732124,1;73,32063
732140,6;73,32063
732157,2;73,32063
732173,8;73,32063
732190,3;73,32063
732206,9;73,32063
732223,4;73,32063
732240,1;73,32063
732256,6;73,32063
732273,3;73,32063
732290,1;73,32063
732306,9;73,32063
732323,4;73,32063
732339,6;73,32063
732356;73,32063
732372,6;73,32063
732389,1;73,32063
732405,7;73,32063
732422,3;73,72012
732438,8;73,25563
732455,4;73,31335
732472,1;73,35588
732489;73,00805
732505,1;73,00805
732521,7;73,00805
732538,2;73,00805
732554,9;73,00805
732571,6;73,00805
732588,2;73,00805
732604,9;73,40165
732621,3;73,46107
732637,6;73,46107
732654,2;73,46107
732672,8;73,46107
732687,3;73,46107
732703,9;73,65688
732720,4;73,65688
732737,2;73,65688
732753,6;73,65688
732770,1;73,65688
732786,8;73,65688
732803,4;73,65688
732819,9;73,65688
732836,4;73,65688
732853;73,65688
732869,9;73,65688
732886,1;73,65688
732902,7;73,65688
732919,9;73,65688
732936,1;73,65688
732952,8;73,65688
732968,9;73,65688
732985,7;73,65688
733002,1;73,65688
733018,7;73,65688
733035,2;73,65688
733052,1;73,65688
733068,4;73,65688
733085,3;73,65688
733101,5;73,65688
733118,2;73,65688
733134,6;73,65688
733151,3;73,65688
733167,8;73,65688
733184,4;73,65688
733200,9;73,65688
733218,1;73,65688
733234;73,65688
733250,6;73,65688
733267,1;73,65688
733283,8;73,65688
733300,3;73,65688
733316,8;73,65688
733333,6;73,65688
733350;73,65688
733367,4;74,10702
733383,1;74,10702
733399,8;74,10702
733416,3;74,10702
733432,8;74,10702
733449,4;74,10702
733466,4;74,10702
733482,6;74,10702
733499,1;74,10702
733516,4;74,10702
733532,3;74,10702
733548,8;74,10702
733565,4;74,10702
733582,8;74,10702
733599,4;74,10702
733615,9;74,10702
733632,5;74,10702
733649,1;74,10702
733665,6;74,10702
733682,3;74,10702
733699,1;74,10702
733715,4;74,10702
733732,1;74,10702
733748,9;74,10702
733765,1;74,10702
733781,6;74,10702
733798,2;74,10702
733815,4;74,10702
733831,4;74,10702
733847,9;74,10702
733864,5;74,10702
733881,1;74,10702
733897,6;74,10702
733914,6;74,10702
733930,9;74,10702
733948,1;74,10702
733964,6;74,10702
733980,4;74,10702
733997;74,10702
734013,6;74,10702
734030,1;74,10702
734046,7;74,10702
734063,3;74,22298
734079,9;74,22298
734096,4;74,22298
734113;74,22298
734129,5;74,22298
734146,1;74,22298
734162,7;74,22298
734179,4;74,22298
734196,3;74,22298
734213,2;74,22298
734228,9;74,22298
734245,8;74,22298
734262,1;74,22298
734278,9;74,22298
734295,3;74,22298
734311,8;74,22298
734328,3;74,22298
734344,9;74,22298
734361,8;74,22298
734378,1;74,22298
734394,6;74,22298
734411,2;74,22298
734427,9;74,22298
734444,3;74,22298
734460,9;74,22298
734478,6;74,22298
734495,2;74,22298
734511,8;74,22298
734528,9;74,22298
734545,2;74,22298
734561,8;74,22298
734578,1;74,22298
734595,1;74,22298
734611,1;74,22298
734627,9;74,22298
734644,3;74,22298
734660,9;74,22298
734677,7;74,22298
734694,8;74,22298
734710,6;74,22298
734727,4;74,22298
734743,7;74,22298
734760,4;74,22298
734776,9;74,22298
734793,4;74,70918
734809,9;74,70918
734826,6;74,70918
734843,9;74,70918
734859,7;74,70918
734876,4;74,70918
734892,8;74,70918
734910;74,70918
734925,9;74,70918
734942,5;74,70918
734959,1;74,70918
734975,6;74,70918
734992,2;74,70918
735009,1;74,70918
735025,3;74,70918
735041,9;74,70918
735058,5;74,70918
735075;74,70918
735091,6;74,70918
735108,1;74,70918
735124,8;74,70918
735141,3;74,70918
735158,4;74,70918
735174,4;74,70918
735191;74,70918
735207,6;74,70918
735224,1;74,70918
735240,8;74,70918
735257,3;74,70918
735274,3;74,70918
735290,4;74,70918
735306,9;74,70918
735324,3;74,70918
735340,1;74,70918
735356,7;74,70918
735373,3;74,70918
735389,8;74,70918
735406,9;74,70918
735423;74,70918
735439,6;74,70918
735456,1;74,80722
735472,6;74,80722
735489,5;74,80722
735505,8;74,80722
735522,6;74,80722
735538,9;74,80722
735555,5;74,80722
735572;74,80722
735588,6;74,80722
735605,2;74,80722
735621,7;74,80722
735638,3;74,80722
735655,1;74,80722
735671,4;74,80722
735688;74,80722
735704,6;74,80722
735721,1;74,80722
735737,7;74,80722
735754,3;74,80722
735770,8;74,80722
735787,4;74,80722
735804,4;74,80722
735820,6;74,80722
735837,1;74,80722
735853,6;74,80722
735870,3;74,80722
735886,8;74,80722
735903,4;74,80722
735920,1;74,80722
735936,4;74,80722
735953,1;74,80722
735970,1;74,80722
735986,2;74,80722
736002,9;74,80722
736019,8;74,80722
736035,9;74,80722
736052,5;74,80722
736069,1;74,80722
736085,6;74,80722
736102,2;74,80722
736118,7;74,90057
736135,3;74,90057
736151,9;74,90057
736168,4;74,90057
736185;74,90057
736201,6;74,90057
736218,1;74,90057
736234,7;74,90057
736251,4;74,90057
736269;74,90057
736284,7;74,90057
736301,3;74,90057
736317,5;74,90057
736334,6;74,90057
736350,7;74,90057
736367,9;74,90057
736383,8;74,90057
736400,7;74,90057
736417,1;74,90057
736433,8;74,90057
736450,1;74,90057
736466,8;74,90057
736483,9;74,90057
736499,9;74,90057
736516,3;74,90057
736532,9;74,90057
736549,8;74,90057
736566,3;74,90057
736582,6;74,90057
736599,4;74,90057
736615,9;74,90057
736632,3;74,90057
736648,9;74,90057
736665,5;74,90057
736682;74,90057
736698,8;74,90057
736715,1;74,91077
736731,7;74,49633
736748,5;74,49633
736764,8;74,49633
736781,4;74,49633
736798;74,577
736814,5;74,577
736831,1;74,577
736847,9;74,577
736864,3;74,577
736880,8;74,577
736897,4;74,577
736913,9;74,577
736930,6;74,577
736947,1;74,577
736963,6;74,577
736980,3;74,577
736996,8;74,577
737013,3;74,577
737030,7;74,577
737046,4;74,577
737063,1;74,577
737079,6;74,577
737096,3;74,577
737113,2;74,577
737136,3;74,55523
737152,9;74,08939
737169,4;74,08939
737186,2;74,08939
737202,6;74,0337
737219,1;73,57922
737235,7;73,57922
737252,3;73,57922
737268,9;73,57922
737285,4;73,57922
737301,9;73,57922
737318,6;73,57922
737335,1;73,57922
737351,7;73,57922
737368,3;73,50163
737385,2;73,04044
737401,4;73,04044
737417,9;73,04044
737434,5;73,04044
737451,1;73,08319
737467,6;73,08319
737484,2;73,08319
737501,4;73,08319
737517,3;73,08319
737534;73,08319
737550,5;73,08319
737567,3;73,08319
737583,8;73,08319
737600,2;73,08319
737617,4;73,08319
737633,4;73,08319
737650;73,08319
737666,6;73,08319
737683,2;73,08319
737699,9;73,08319
737716,3;73,08319
737733;73,08319
737749,8;73,08319
737766;73,08319
737782,6;73,08319
737799,1;73,08319
737816;73,08319
737832,3;73,08319
737848,8;73,08319
737865,5;73,08319
737882,1;73,08319
737898,6;73,08319
737915,4;73,08319
737931,6;73,08319
737948,3;73,08319
737964,8;73,08319
737981,4;73,08319
738003,8;73,08319
738020,3;73,08319
738036,9;73,08319
738053,8;73,08319
738070,1;73,08319
738086,6;73,08319
738103,1;73,08319
738119,7;73,08319
738136,5;73,16695
738152,8;73,16695
738169,4;73,16695
738186,1;73,16695
738203,1;73,16695
738220,1;73,16695
738235,7;73,16695
738252,5;73,16695
738268,8;73,16695
738285,5;73,16695
738301,9;73,16695
738318,5;73,16695
738335,4;73,16695
738351,6;73,16695
738368,3;73,16695
738384,8;73,16695
738401,6;73,16695
738417,9;73,16695
738434,6;73,16695
738451,1;73,16695
738467,8;73,16695
738484,2;73,16695
738500,8;73,16695
738517,3;73,16695
738534,3;73,16695
738550,4;73,16695
738567;73,16695
738584,4;73,16695
738600,3;73,16695
738616,7;73,16695
738634,1;73,16695
738649,9;73,16695
738666,4;73,16695
738683,5;73,16695
738699,5;73,16695
738716,3;73,14099
738733,2;72,68506
738749,3;72,68506
738765,8;72,68506
738782,4;72,68506
738798,9;72,86738
738815,5;72,86738
738832,1;72,86738
738848,6;72,86738
738865,3;72,86738
738882,1;72,86738
738898,3;72,86738
738914,9;72,86738
738931,4;72,86738
738948,1;72,86738
738964,8;72,86738
738981,2;72,86738
738997,8;72,86738
739014,3;72,86738
739030,9;72,86738
739047,9;72,86738
739064,1;72,86738
739080,8;72,86738
739097,2;72,86738
739113,7;72,86738
739130,3;72,86738
739147,2;72,86738
739163,4;72,86738
739180;72,86738
739196,6;72,86738
739213,3;72,86738
739230,2;72,86738
739246,5;72,86738
739262,8;72,86738
739279,4;72,86738
739295,9;72,86738
739312,6;72,86738
739329,1;72,86738
739345,6;72,86738
739362,3;72,86738
739379,1;72,86738
739395,3;72,86738
739411,9;72,86738
739428,4;72,86738
739445,1;72,86738
739461,9;72,86738
739478,3;73,35273
739494,8;73,35273
739511,3;73,35273
739527,9;73,35273
739544,4;73,35273
739561,1;73,35273
739578,1;73,35273
739594,1;73,35273
739610,9;73,35273
739627,3;73,35273
739643,9;73,35273
739660,4;73,35273
739677,4;73,35273
739693,6;73,35273
739710,3;73,35273
739726,7;73,35273
739743,5;73,35273
739759,8;73,35273
739776,4;73,35273
739796,7;73,35273
739813,8;73,35273
739829,9;73,35273
739846,4;73,35273
739863,5;73,35273
739879,9;73,35273
739896,1;73,35273
739913,2;73,35273
739929,2;73,35273
739945,8;73,35273
739962,4;73,35273
739978,9;73,35273
739995,5;73,35273
740012;73,35273
740028,6;73,35273
740045,2;73,35273
740061,8;73,35273
740078,3;73,35273
740094,9;73,35273
740111,8;73,35273
740128;73,35273
740144,6;73,35273
740161,1;73,65434
740177,8;73,65434
740194,3;73,65434
740210,9;73,65434
740227,8;73,65434
740244,4;73,65434
740260,6;73,65434
740277,1;73,65434
740294,4;73,65434
740310,3;73,65434
740326,8;73,65434
740343,4;73,65434
740359,9;73,65434
740376,5;73,65434
740393,1;73,65434
740409,7;73,65434
740426,2;73,65434
740442,8;73,65434
740459,4;73,65434
740475,9;73,65434
740492,5;73,65434
740509,3;73,65434
740525,6;73,65434
740542,6;73,65434
740558,8;73,65434
740575,3;73,65434
740591,9;73,65434
740608,4;73,65434
740625,1;73,65434
740644,4;74,09914
740660,9;74,20437
740677,6;74,32309
740694,6;74,42564
740710,6;74,08309
740727,3;74,08309
740743,8;74,08309
740760,4;74,08309
740776,9;74,08309
740793,4;74,69997
740810,3;74,69997
740826,6;74,69997
740843,6;74,69997
740859,8;74,69997
740876,3;74,69997
740892,9;74,69997
740909,4;74,69997
740926,3;74,69997
740943,2;74,69997
740959,2;74,69997
740975,7;74,69997
740992,5;74,69997
741008,9;74,69997
741025,4;74,69997
741042,2;74,69997
741058,8;74,69997
741075,1;74,69997
741091,7;74,69997
741108,4;74,69997
741124,8;74,69997
741141,4;74,69997
741157,9;74,69997
741175,2;74,69997
741191,1;74,69997
741207,6;74,69997
741225,1;74,69997
741242,5;74,69997
741258,3;74,69997
741275,1;74,69997
741291,6;74,69997
741308,3;74,8625
741324,6;74,81083
741341,1;74,81083
741357,6;74,81083
741374,2;74,81083
741390,8;75,07341
741407,3;75,07341
741423,9;75,07341
741440,4;75,07341
741457,4;75,07341
741473,6;75,07341
741490,2;75,07341
741507,8;75,07341
741524,4;75,07341
741540,9;75,07341
741557,6;75,07341
741574,1;75,07341
741590,9;75,07341
741607,2;75,07341
741624,4;75,07341
741640,8;75,07341
741656,9;75,07341
741673,7;75,07341
741690;75,07341
741706,6;75,07341
741723,3;75,07341
741739,8;75,07341
741756,4;75,07341
741773,4;75,07341
741789,8;75,07341
741806,5;75,07341
741823,1;75,07341
741839,1;75,07341
741855,7;75,07341
741872,6;75,07341
741889,4;75,07341
741905,4;75,07341
741921,9;75,07341
741938,6;75,07341
741955,3;75,07341
741971,7;75,07341
741988,3;75,07341
742004,8;75,66705
742021,5;75,66705
742037,9;75,66705
742054,6;75,66705
742071,6;75,66705
742087,6;75,66705
742104,2;75,66705
742120,8;75,66705
742137,4;75,66705
742153,9;75,66705
742170,5;75,66705
742187,1;75,66705
742203,8;75,66705
742220,1;75,66705
742236,7;75,66705
742253,3;75,66705
742269,8;75,66705
742286,4;75,66705
742303,4;75,66705
742319,8;75,66705
742336,1;75,66705
742353,2;75,66705
742372,1;75,66705
742385,8;75,66705
742402,4;75,66705
742419;75,66705
742435,6;75,66705
742452,1;75,66705
742468,6;75,66705
742485,3;75,66705
742501,9;75,66705
742518,4;75,66705
742535,1;75,66705
742551,5;75,66705
742568,1;75,66705
742584,6;75,66705
742601,3;75,66705
742617,8;75,66705
742634,3;76,01276
742650,9;76,01276
742667,5;76,01276
742684;76,01276
742700,6;76,01276
742717,9;76,01276
742733,7;76,01276
742750,3;76,01276
742766,9;76,01276
742783,5;76,01276
742800;76,01276
742816,6;76,01276
742833,1;76,01276
742849,9;76,01276
742866,3;76,01276
742882,8;76,01276
742899,4;76,01276
742915,9;76,01276
742932,5;76,01276
742949,1;76,01276
742965,6;76,01276
742982,5;76,01276
742998,8;76,01276
743015,4;76,01276
743031,9;76,01276
743048,4;76,01276
743065,1;76,01276
743081,6;76,01276
743098,3;76,01276
743115,3;76,49081
743131,4;76,14463
743148;76,14463
743164,4;76,14463
743181;76,14463
743197,6;76,14463
743214,9;76,76237
743230,7;76,76237
743247,3;76,76237
743263,9;76,76237
743280,4;76,76237
743297,2;76,76237
743313,6;76,76237
743330,1;76,76237
743346,7;76,76237
743363,3;76,76237
743380,3;76,76237
743396,4;76,76237
743413,1;76,76237
743429,5;76,76237
743446,2;76,76237
743462,6;76,76237
743479,3;76,76237
743495,8;76,76237
743512,3;76,76237
743529,3;76,76237
743545,7;76,76237
743562,3;76,76237
743578,9;76,76237
743595,1;76,76237
743611,8;76,76237
743628,3;76,76237
743644,9;76,76237
743661,6;76,76237
743678,1;76,76237
743694,6;76,76237
743711,1;76,76237
743727,8;76,76237
743744,3;76,76237
743760,9;76,76237
743777,4;76,76237
743794;76,76237
743810,6;77,02232
743827,1;77,02232
743843,7;77,02232
743860,3;77,02232
743876,8;77,02232
743893,4;77,02232
743910;77,02232
743926,5;77,02232
743943,4;77,02232
743959,6;77,02232
743976,3;77,02232
743992,8;77,02232
744009,3;77,02232
744025,9;77,02232
744042,5;77,02232
744059;77,02232
744075,6;77,02232
744092,2;77,02232
744108,8;77,02232
744125,3;77,02232
744148,8;77,02232
744158,4;77,02232
744175,4;77,02232
744191,6;77,02232
744208,1;77,02232
744224,8;77,02232
744241,5;77,02232
744257,9;77,02232
744274,5;77,02232
744291,1;77,02232
744307,6;77,02232
744324,3;77,02232
744340,7;77,42314
744357,6;77,10025
744373,8;77,10025
744391,1;77,10025
744406,9;77,10025
744424,1;77,59246
744440,1;77,59246
744456,7;77,59246
744473,2;77,59246
744489,8;77,59246
744506,4;77,59246
744522,9;77,59246
744539,5;77,59246
744556;77,59246
744572,6;77,59246
744589,3;77,59246
744605,8;77,59246
744622,5;77,59246
744639,3;77,59246
744655,4;77,59246
744672,4;77,59246
744689,4;77,59246
744705,7;77,59246
744722;77,59246
744738,9;77,59246
744754,8;77,59246
744771,8;77,59246
744787,9;77,59246
744804,6;77,59246
744821,1;77,59246
744837,8;77,59246
744854,3;77,59246
744871,1;77,59246
744887,4;77,59246
744904,7;77,59246
744920,6;77,59246
744937,3;77,59246
744953,8;77,59246
744970,2;77,59246
744986,8;77,59246
745003,4;77,59246
745019,9;77,59246
745036,5;77,59246
745053,1;77,59246
745069,6;77,59246
745086,2;77,6567
745102,9;77,6567
745119,3;77,6567
745136,1;77,6567
745152,4;77,6567
745169;77,6567
745185,6;77,6567
745202,6;77,6567
745218,7;77,6567
745235,3;77,6567
745252,1;77,6567
745268,4;77,6567
745285;77,6567
745301,8;77,6567
745318,4;77,6567
745334,7;77,6567
745351,3;77,6567
745367,9;77,6567
745384,4;77,6567
745400,9;77,6567
745417,6;77,6567
745434,1;77,6567
745450,7;77,6567
745467,3;77,6567
745484;77,6567
745500,6;77,6567
745517,7;77,6567
745533,5;77,6567
745550,1;77,6567
745566,6;77,6567
745583,2;77,6567
745599,8;77,6567
745616,6;77,6567
745633,1;77,6567
745649,5;77,6567
745666,6;77,6567
745682,6;77,6567
745699,2;77,6567
745715,8;77,6567
745732,3;77,6567
745748,8;77,6567
745765,6;77,6567
745782;77,6567
745798,5;77,67429
745815,1;77,67429
745831,7;77,67429
745848,3;77,67429
745864,8;77,67429
745881,4;77,67429
745898,1;77,67429
745914,6;77,67429
745931,6;77,67429
745947,8;77,67429
745964,8;77,67429
745981,5;77,67429
745997,4;77,67429
746014,3;77,67429
746030,6;77,5988
746047,2;77,01262
746063,8;76,50272
746080,3;76,36464
746096,9;75,76808
746113,4;75,16416
746130,3;75,1051
746146,6;75,04445
746163,1;74,90903
746179,7;74,33166
746196,3;74,28828
746212,8;74,24651
746230,2;74,19258
746246;74,1555
746262,6;74,10713
746279,9;74,06155
746295,6;74,01474
746312,3;73,97285
746329,8;73,93154
746345,3;73,8839
746362,5;73,84465
746378,9;73,79353
746395,4;73,15571
746411,8;73,09898
746428,3;73,04041
746444,8;72,98292
746461,3;72,98292
746477,9;72,98292
746494,4;73,37573
746511,1;73,37573
746527,6;73,37573
746544,2;73,37573
746560,8;73,37573
746577,3;73,37573
746594,3;73,37573
746610,8;73,37573
746627,1;73,37573
746643,6;73,37573
746660,1;73,37573
746676,7;73,37573
746693,4;73,37573
746709,9;73,37573
746727,1;73,37573
746743,3;73,37573
746759,5;73,37573
746780,1;73,37573
746794,9;73,37573
746811,9;73,37573
746828;73,37573
746844,6;73,37573
746861,8;73,37573
746877,7;73,37573
746894,3;73,37573
746911,2;73,37573
746927,8;73,37573
746944;73,37573
746960,5;73,37573
746977,1;73,37573
746993,7;73,37573
747010,3;73,37573
747026,9;73,37573
747043,3;73,37573
747059,9;73,37573
747076,5;73,37573
747093,3;73,37573
747109,6;73,37573
747126,6;73,37573
747143,3;73,37573
747159,3;73,37573
747175,9;73,37573
747192,4;73,37573
747209,1;73,37573
747226,6;73,37573
747242,2;73,37573
747258,8;73,37573
747275,3;73,33085
747292,4;73,33085
747308,4;73,33085
747325;73,33085
747341,9;73,33085
747358,1;73,33085
747374,7;73,33085
747391,3;73,33085
747407,8;73,33085
747424,4;73,33085
747441,1;73,33085
747457,5;73,33085
747474,1;73,33085
747490,9;73,33085
747507,4;73,33085
747523,8;73,33085
747540,4;73,33085
747557,6;73,33085
747573,5;73,33085
747590,1;73,33085
747606,6;73,33085
747623,3;73,33085
747639,8;73,33085
747656,6;73,33085
747673,1;73,33085
747690,3;73,33085
747706,3;73,33085
747722,8;73,33085
747739,4;73,33085
747756,3;73,33085
747772,5;73,33085
747789,1;73,33085
747805,7;73,33085
747822,2;73,33085
747838,8;73,33085
747855,4;73,33085
747872,2;73,33085
747888,6;73,33085
747905;73,33085
747921,7;73,33085
747938,4;73,33085
747954,7;73,33085
747971,4;73,33085
747987,9;73,33085
748004,9;73,33085
748021,2;73,33085
748037,6;73,33085
748054,5;73,6924
748070,9;73,6924
748087,3;73,6924
748104,2;73,6924
748120,4;73,6924
748137,1;73,6924
748153,6;73,6924
748170,3;73,6924
748187,1;73,6924
748203,3;73,6924
748219,8;73,6924
748236,8;73,6924
748252,9;73,6924
748270,1;73,6924
748286,2;73,6924
748302,7;73,6924
748319,2;73,6924
748335,8;73,6924
748352,7;73,6924
748369,7;73,6924
748386;73,6924
748402,1;73,6924
748418,7;73,6924
748435,2;73,6924
748451,8;73,6924
748468,3;73,6924
748484,9;73,6924
748501,4;73,6924
748518;73,6924
748534,6;73,6924
748551,7;73,6924
748569,9;73,6924
748584,3;73,6924
748600,8;73,6924
748617,8;73,6924
748634,1;73,6924
748650,5;73,6924
748667,3;73,6924
748683,9;73,6924
748700,4;73,6924
748717,1;73,6924
748733,4;73,6924
748749,9;73,6924
748766,8;73,6924
748783,1;73,6924
748800,3;73,6924
748816,4;73,64803
748833,1;73,64803
748849,4;73,64803
748865,9;73,64803
748882,5;73,64803
748899,1;73,64803
748915,8;73,64803
748932,2;73,64803
748948,8;73,64803
748965,3;73,64803
748981,9;73,64803
748998,6;73,64803
749015;73,64803
749031,7;73,64803
749048,2;73,64803
749065,1;73,64803
749081,3;73,64803
749098;73,64803
749115,1;73,64803
749131;73,64803
749147,5;73,64803
749164,7;73,64803
749180,9;73,64803
749197,5;73,64803
749214,3;73,64803
749230,4;73,64803
749246,9;73,64803
749264,3;73,64803
749280,1;73,64803
749296,9;73,64803
749313,3;73,64803
749330;73,64803
749346,3;73,64803
749363,6;73,64803
749379,4;73,64803
749396,1;73,64803
749412,6;73,64803
749433,3;73,64803
749449,8;73,64803
749466,4;73,64803
749483,1;73,64803
749499,5;73,64803
749516,1;73,64803
749533,2;73,64803
749549,2;73,64803
749565,8;73,64803
749582,3;73,50429
749598,9;73,50429
749615,5;73,50429
749632,6;73,50429
749648,6;73,50429
749665,2;73,50429
749681,8;73,50429
749698,5;73,50429
749714,9;73,50429
749731,4;73,50429
749748;73,50429
749764,6;73,50429
749781,1;73,50429
749798,3;73,50429
749814,3;73,50429
749831,1;73,50429
749847,6;73,50429
749864;73,50429
749880,6;73,50429
749897,3;73,50429
749913,7;73,50429
749930,3;73,50429
749946,8;73,50429
749963,6;73,50429
749980,8;73,50429
749996,5;73,50429
750013,3;73,50429
750029,7;73,50429
750046,2;73,50429
750063,4;73,50429
750079,6;73,50429
750095,9;73,50429
750112,6;73,50429
750129,1;73,50429
750145,9;73,50429
750162,2;73,50429
750178,7;73,50429
750195,3;73,50429
750211,9;73,50429
750228,4;73,50429
750245,1;73,50429
750262,4;73,50429
750278,6;73,50429
750294,7;73,50429
750313,8;73,50429
750328;73,45757
750344,5;73,45757
750361;73,45757
750377,6;73,45757
750394,4;73,45757
750410,6;73,45757
750427,4;73,45757
750443,9;73,45757
750460,4;73,45757
750476,9;73,45757
750493,5;73,45757
750510,1;73,45757
750526,6;73,45757
750543,5;73,45757
750559,9;73,45757
750576,4;73,45757
750593,3;73,45757
750609,6;73,45757
750626,2;73,45757
750642,6;73,45757
750659,2;73,45757
750675,8;73,45757
750692,3;73,45757
750708,9;73,34813
750725,6;72,69863
750742;72,15862
750758,6;72,02637
750775,1;71,98973
750791,7;71,96793
750808,3;71,93581
750824,8;71,47019
750841,4;71,47019
750858;71,47019
750874,5;71,47019
750891,1;71,47019
750907,6;71,47019
750924,3;71,47019
750940,8;71,47019
750957,4;71,47019
750973,9;71,2909
750990,5;71,2909
751007,1;71,2909
751023,6;71,2909
751040,3;71,2909
751056,8;71,32768
751073,6;71,32768
751089,9;71,32768
751106,7;71,32768
751123,1;71,32768
751139,6;71,32768
751156,4;71,32768
751172,8;71,32768
751195,8;71,32768
751212,3;71,32768
751228,9;71,32768
751245,5;71,32768
751262,3;71,32768
751278,8;71,32768
751295,3;71,32768
751311,8;71,32768
751328,3;71,32768
751344,9;71,32768
751361,4;71,32768
751378,6;71,32768
751394,6;71,32768
751411,3;71,32768
751428,6;71,32768
751444,7;71,32768
751460,9;71,32768
751477,5;71,32768
751493,9;71,32768
751510,7;71,32768
751527,1;71,32768
751543,7;71,32768
751560,4;71,32768
751576,8;71,32768
751593,4;71,32768
751609,9;71,32768
751626,9;71,32768
751643,1;71,32768
751659,9;71,32768
751676,2;71,32768
751693,1;71,32768
751709,4;71,32768
751726,3;71,32768
751742,6;71,32768
751759,3;71,32768
751775,9;71,32768
751792,2;71,32768
751808,8;71,82136
751825,4;71,82136
751842,3;71,82136
751858,4;71,82136
751875,3;71,82136
751891,6;71,82136
751908,1;71,82136
751924,8;71,82136
751941,3;71,82136
751957,9;71,82136
751974,9;71,82136
751990,9;71,82136
752008,1;71,82136
752024,1;71,82136
752040,7;71,82136
752057,4;71,82136
752080,8;71,82136
752092,3;71,82136
752108,8;71,82136
752126,3;71,82136
752142,1;71,82136
752158,5;71,82136
752175,3;71,82136
752191,6;71,82136
752208,2;71,82136
752224,8;71,82136
752241,4;71,82136
752258,3;71,82136
752274,5;71,82136
752291;71,82136
752307,7;71,82136
752324,2;71,82136
752340,7;71,82136
752357,3;71,82136
752373,8;71,82136
752390,6;71,82136
752407;71,71209
752423,6;71,19645
752440,1;71,19645
752457;71,19645
752473,3;71,07723
752489,8;71,07723
752506,4;71,07723
752523,1;71,07723
752539,6;71,07723
752556,6;71,07723
752572,6;71,07723
752589,3;71,07723
752605,8;71,07723
752622,4;71,07723
752638,9;71,07723
752655,5;71,07723
752672,3;71,07723
752688,6;71,07723
752705,2;71,07723
752721,8;71,07723
752738,3;71,07723
752754,9;71,07723
752771,5;71,07723
752788,3;71,07723
752804,6;71,07723
752821,2;71,07723
752838,4;71,07723
752854,6;71,07723
752870,9;71,07723
752887,4;71,07723
752904,1;71,07723
752920,6;71,07723
752938,2;71,07723
752954,8;71,07723
752971,3;71,07723
752987,9;71,07723
753004,6;71,07723
753021,4;71,07723
753038,1;71,07723
753054,2;71,07723
753071,4;71,07723
753087,3;71,07723
753103,9;71,07723
753120,4;71,07723
753137;71,07723
753154;71,11353
753170,3;71,11353
753187,4;71,11353
753203,3;71,11353
753219,9;71,11353
753237,2;71,11353
753253,2;71,11353
753269,5;71,11353
753286,1;71,11353
753302,7;71,11353
753319,3;71,11353
753335,8;71,11353
753352,5;71,11353
753368,9;71,11353
753385,5;71,11353
753402,1;71,11353
753418,7;71,11353
753435,5;71,11353
753451,8;71,11353
753468,3;71,11353
753484,9;71,11353
753501,8;71,11353
753518,1;71,11353
753534,7;71,11353
753551,1;71,52402
753567,8;71,05306
753584,4;71,46056
753600,9;70,9838
753617,4;70,9838
753634,1;70,9838
753650,9;70,9838
753667,7;70,9838
753683,7;70,9838
753700,4;70,9838
753716,9;70,9838
753733,4;70,9838
753749,9;71,40074
753766,6;71,40074
753783,6;71,40074
753802,9;71,40074
753816,7;71,41121
753832,8;71,41121
753849,4;71,41121
753865,9;71,41121
753882,5;71,41121
753899,1;71,41121
753915,6;71,41121
753932,6;71,41121
753949,4;71,41121
753965,3;71,41121
753982,5;71,41121
753998,5;71,41121
754015,1;71,41121
754031,6;71,41121
754048,2;71,41121
754065,5;71,41121
754082,3;71,41121
754097,8;71,41121
754114,4;71,41121
754131;71,41121
754147,6;71,41121
754164,6;71,41121
754180,8;71,41121
754197,3;71,41121
754213,8;71,41121
754231,1;71,41121
754246,9;71,41121
754263,6;71,41121
754280,6;71,41121
754297,3;71,41121
754313,3;71,41121
754329,9;71,41121
754346,4;71,41121
754363,2;71,41121
754379,5;71,41121
754396,1;71,41121
754412,7;71,82311
754429,2;71,17711
754445,8;71,17711
754462,4;71,17711
754478,9;71,17711
754495,5;71,17264
754512;71,17264
754528,6;71,17264
754545,2;71,17264
754562,4;71,17264
754578,3;71,17264
754595,1;71,17264
754611,4;71,17264
754628;71,17264
754644,6;71,17264
754661,1;71,17264
754677,9;71,17264
754694,3;71,17264
754710,8;71,17264
754727,4;71,17264
754743,9;71,17264
754760,6;71,17264
754777,1;71,17264
754793,6;71,17264
754810,3;71,17264
754827;71,17264
754843,4;71,17264
754860,1;71,17264
754876,5;71,17264
754893,1;71,17264
754909,6;71,17264
754926,4;71,17264
754943,3;71,17264
754959,8;71,17264
754976,2;71,17264
754992,5;71,17264
755009,1;71,17264
755025,6;71,17264
755042,2;71,17264
755058,7;71,17264
755075,3;71,17264
755092,1;71,17264
755108,5;71,17264
755125,3;71,17264
755141,6;71,17264
755158,1;71,17264
755174,8;71,65642
755191,3;71,65642
755207,8;71,65642
755224,4;71,65642
755240,9;71,65642
755257,5;71,65642
755274,1;71,65642
755290,7;71,65642
755307,3;71,65642
755323,9;71,65642
755340,6;71,65642
755356,9;71,65642
755373,5;71,65642
755390,1;71,65642
755406,6;71,65642
755423,2;71,65642
755439,8;71,65642
755456,5;71,65642
755473,4;71,65642
755489,9;71,65642
755506,6;71,65642
755522,8;71,65642
755539,2;71,65642
755555,8;71,65642
755573,6;71,65642
755590,7;71,65642
755606,8;71,65642
755624,1;71,65642
755639,8;71,65642
755656,9;71,65642
755673,2;71,65642
755689,6;71,65642
755706,1;71,65642
755723,3;71,65642
755739,8;71,65642
755755,8;71,65642
755772,4;71,65642
755788,9;71,43849
755806,1;70,82567
755822,1;70,82567
755839,2;70,82567
755855,4;70,82567
755871,8;70,61103
755888,4;70,61103
755904,9;70,61103
755921,5;70,61103
755938,1;70,61103
755954,8;70,61103
755971,3;70,61103
755987,8;70,61103
756004,4;70,61103
756021,3;70,61103
756037,5;70,61103
756054;70,61103
756070,7;70,61103
756087,2;70,61103
756103,9;70,61103
756120,4;70,61103
756136,8;70,61103
756153,6;70,61103
756170,2;70,61103
756186,6;70,61103
756203,4;70,61103
756219,7;70,61103
756236,3;70,61103
756252,8;70,61103
756269,4;70,61103
756285,9;70,61103
756302,6;70,61103
756319,4;70,61103
756335,6;70,61103
756352,3;70,61103
756368,8;70,61103
756385,6;70,61103
756402,1;70,61103
756418,5;70,61103
756435,1;70,61103
756451,6;70,61103
756468,2;70,61103
756484,8;70,61103
756501,3;70,61103
756518,2;70,61103
756534,6;70,61103
756551,2;70,61103
756567,6;70,61103
756584,2;70,61103
756600,8;70,59581
756617,9;70,59581
756634,3;70,59581
756650,4;70,59581
756667,5;70,59581
756683,7;70,59581
756700,2;70,59581
756716,7;70,59581
756733,9;70,59581
756749,8;70,59581
756766,4;70,59581
756782,9;70,59581
756800,2;70,59581
756816,1;70,59581
756832,8;70,59581
756849,3;70,59581
756865,9;70,59581
756882,4;70,59581
756899,2;70,59581
756915,5;70,59581
756932,1;70,59581
756948,6;70,59581
756965,8;70,59581
756981,8;70,59581
756998,4;70,59581
757014,9;70,59581
757031,8;70,59581
757048,1;70,59581
757064,6;70,59581
757081,8;70,59581
757097,8;70,59581
757114,4;70,59581
757130,9;70,59581
757147,4;70,59581
757164;70,59581
757180,6;70,59581
757197,1;70,59581
757213,7;70,59581
757230,3;70,59581
757246,9;70,59581
757263,6;70,59581
757280,1;70,59581
757296,5;71,04057
757313,1;71,04057
757329,9;71,04057
757346,3;71,04057
757362,8;71,04057
757379,4;71,04057
757395,9;71,04057
757412,7;71,04057
757429,4;71,04057
757445,6;71,04057
757462,3;71,04057
757478,8;71,04057
757495,3;71,04057
757512,4;71,04057
757528,4;71,04057
757545,7;71,04057
757561,6;71,04057
757578,2;71,04057
757594,8;71,04057
757611,5;71,04057
757628,4;71,04057
757644,6;71,04057
757661;71,04057
757678,1;71,04057
757694,1;71,04057
757710,7;71,04057
757727,6;71,04057
757743,8;71,04057
757760,8;71,04057
757777;71,04057
757793,6;71,04057
757810,1;71,04057
757826,7;71,04057
757843,6;71,04057
757859,8;71,04057
757876,3;71,04057
757893;71,04057
757909,5;71,04057
757926,1;71,04057
757942,8;70,73418
757959,2;70,1662
757975,8;70,1662
757992,5;70,1662
758008,9;70,1662
758025,4;70,17152
758042,1;70,17152
758058,6;70,17152
758075,1;70,17152
758091,8;70,17152
758108,3;70,17152
758124,9;70,17152
758142,3;70,17152
758158;70,17152
758174,6;70,17152
758191,1;70,17152
758207,7;70,17152
758224,3;70,17152
758240,9;70,17152
758257,4;70,17152
758274;70,17152
758290,5;70,17152
758307,3;70,17152
758325;70,17152
758341,6;70,17152
758358,1;70,17152
758374,8;70,17152
758391,3;70,17152
758408,9;70,17152
758424,4;70,17152
758441;70,17152
758457,6;70,17152
758474,1;70,17152
758490,7;70,17152
758507,3;70,17152
758524,6;70,17152
758540,4;70,17152
758556,9;70,17152
758573,8;70,17152
758590,1;70,17152
758606,8;70,17152
758623,3;70,17152
758639,8;70,17152
758656,5;70,17152
758672,9;70,17152
758689,6;70,17152
758706,4;70,17152
758722,6;70,17152
758740;70,64484
758756,2;70,14421
758772,3;70,14421
758789,1;70,14421
758805,5;70,14421
758822;70,14421
758838,6;70,14421
758855,2;70,14421
758871,8;70,14421
758888,3;70,14421
758904,9;70,14421
758922,2;70,14421
758938,1;70,14421
758954,6;70,14421
758971,2;70,14421
758987,8;70,14421
759004,5;70,14421
759020,8;70,14421
759037,8;70,14421
759053,9;70,12294
759070,5;70,16629
759087,1;70,1938
759104,5;70,24834
759120,3;70,29301
759136,8;70,33096
759153,4;70,37523
759170,3;70,4217
759186,4;70,46184
759203,1;70,50665
759219,9;70,175
759236,2;70,175
759253,1;70,175
759269,7;70,175
759285,9;70,175
759303,2;70,54195
759319,3;70,58355
759335,6;70,6325
759352,3;70,66137
759368,9;70,32718
759385,3;70,32718
759401,9;70,32718
759418,4;70,32718
759435,4;70,32718
759451,6;70,78454
759468,1;70,78454
759484,7;70,78454
759501,3;70,78454
759517,8;70,78454
759534,4;70,78454
759551,1;70,78454
759567,5;70,78454
759584,8;70,78454
759601,5;70,78454
759617,6;70,78454
759633,8;70,78454
759650,3;70,78454
759666,9;70,78454
759683,5;70,78454
759700,1;70,78454
759717,1;70,78454
759733,2;70,78454
759749,9;70,78454
759766,3;70,78454
759782,9;70,78454
759799,8;70,78454
759816,1;70,78454
759832,6;70,78454
759849,3;70,78454
759866,3;70,78454
759882,8;70,78454
759898,9;70,78454
759915,4;70,78454
759932;70,78454
759948,6;70,78454
759965,1;70,78454
759981,7;70,78454
759998,3;70,78454
760015,2;70,78454
760031,9;70,78454
760048;70,78454
760064,5;70,78454
760081,1;70,78454
760097,6;70,78454
760114,2;70,78454
760130,9;70,78454
760147,5;70,95647
760163,9;71,36347
760185,8;71,36347
760197,1;71,36347
760213,9;71,36347
760230,3;71,36347
760246,8;71,36347
760263,5;71,36347
760279,9;71,36347
760296,4;71,36347
760313,5;71,36347
760329,6;71,36347
760346,2;71,36347
760363,4;71,36347
760379,4;71,36347
760395,9;71,36347
760412,4;71,36347
760429;71,36347
760445,6;71,36347
760462,3;71,36347
760478,7;71,36347
760495,3;71,36347
760512,1;71,36347
760529,3;71,36347
760545,1;71,36347
760561,5;71,36347
760578,1;71,36347
760594,9;71,36347
760611,2;71,36347
760627,8;71,36347
760644,6;71,36347
760660,9;71,36347
760677,8;71,36347
760694;71,36347
760711;71,36347
760727,2;71,36347
760743,8;71,36347
760760,3;71,36347
760777,2;71,36347
760793,5;71,80475
760810,2;71,80475
760826,9;71,80475
760843,3;71,80475
760860,1;71,80475
760876,3;71,80475
760892,9;71,80475
760909,4;71,80475
760926;71,80475
760943,1;71,80475
760959,1;71,80475
760975,7;71,80475
760992,3;71,80475
761008,9;71,80475
761026;71,80475
761041,9;71,80475
761058,6;71,80475
761075,1;71,80475
761091,8;71,80475
761108,2;71,80475
761128,6;71,80475
761145,1;71,80475
761161,7;71,80475
761178,3;71,80475
761194,8;71,80475
761211,4;71,80475
761227,9;71,80475
761244,5;71,80475
761261,1;71,80475
761277,6;71,80475
761294,2;71,80475
761311;71,80475
761327,8;71,80475
761343,9;71,80475
761360,5;71,80475
761377,4;71,80475
761393,6;71,80475
761410,1;71,80475
761426,7;71,80475
761443,3;71,80475
761459,8;71,80475
761476,4;71,92606
761493,1;71,92606
761509,6;71,92606
761526,1;71,92606
761542,7;71,92606
761559,3;71,92606
761576,1;71,92606
761592,4;71,92606
761608,9;71,92606
761625,6;71,92606
761642,1;71,92606
761658,6;71,92606
761675,3;71,92606
761691,8;71,92606
761708,4;71,92606
761724,9;71,92606
761741,5;71,92606
761758,1;71,92606
761774,6;71,92606
761791,2;71,92606
761807,8;71,92606
761824,3;71,92606
761840,9;71,92606
761857,6;71,92606
761874,1;71,92606
761890,6;71,92606
761907,2;71,92606
761924;71,92606
761940,7;71,92606
761956,9;71,92606
761976,6;71,92606
761993,4;71,92606
762009,8;71,92606
762026,6;71,92606
762043;71,92606
762059,4;71,92606
762076,1;71,92606
762092,8;71,92606
762109,1;71,92606
762126,1;71,92606
762142,5;71,92606
762159,3;71,92606
762175,5;71,92606
762192,1;72,39065
762208,6;72,39065
762225,1;72,39065
762241,7;72,39065
762258,3;72,39065
762275;72,39065
762291,4;72,39065
762308,1;72,39065
762324,5;72,39065
762341,2;72,39065
762357,7;72,39065
762374,2;72,39065
762391,6;72,39065
762407,4;72,39065
762423,9;72,39065
762440,6;72,39065
762457,1;72,39065
762473,6;72,39065
762490,2;72,39065
762506,8;72,39065
762523,3;72,39065
762539,9;72,46127
762556,5;72,51388
762573,1;72,55932
762589,6;72,61127
762606,1;72,66585
762622,8;72,71355
762639,9;72,76526
762655,9;72,81177
762672,4;72,78999
762689;72,78999
762705,6;72,78999
762722,1;72,78999
762738,7;72,78999
762755,4;72,78999
762771,9;72,86169
762788,4;72,46816
762804,9;72,46816
762821,6;72,46816
762838,1;72,46816
762854,7;72,46816
762871,2;72,61116
762887,8;72,61116
762904,4;72,61116
762921,3;72,61116
762937,5;72,61116
762954,3;72,61116
762971,1;72,61116
762987,2;72,61116
763003,9;72,61116
763020,3;72,61116
763036,9;72,61116
763053,8;72,61116
763070;72,61116
763087,1;72,61116
763103,3;72,61116
763119,7;72,61116
763136,3;72,61116
763152,8;72,61116
763169,5;72,61116
763186,8;72,61116
763202,6;72,61116
763219,2;72,61116
763236,1;72,61116
763252,3;72,61116
763268,8;72,61116
763285,6;72,61116
763302;72,61116
763318,6;72,61116
763335,1;72,61116
763351,6;72,61116
763368,3;72,61116
763384,8;72,61116
763401,4;72,61116
763418,1;72,61116
763435;72,61116
763451,1;72,61116
763467,6;72,61116
763484,4;72,61116
763501;72,61116
763517,6;72,61116
763533,9;72,69199
763550,5;72,69199
763567;72,69199
763583,9;72,69199
763600,2;72,69199
763616,7;72,69199
763633,3;72,69199
763649,9;72,69199
763666,5;72,69199
763683,1;72,69199
763699,5;72,69199
763716,1;72,69199
763733,1;72,69199
763749,5;72,69199
763765,8;72,69199
763782,4;72,69199
763798,9;72,69199
763815,5;72,69199
763832,1;72,69199
763848,6;72,69199
763865,5;72,69199
763881,8;72,69199
763898,4;72,69199
763914,9;72,69199
763931,4;72,69199
763948,1;72,69199
763964,9;72,69199
763981,2;72,69199
763997,8;72,69199
764014,3;72,69199
764030,9;72,69199
764047,4;72,69199
764064;72,69199
764080,6;72,69199
764097,2;72,69199
764113,7;72,69199
764130,3;72,69199
764146,9;72,69199
764163,7;72,69199
764180;72,69199
764196,6;72,69199
764214;72,69199
764230,1;72,74421
764246,8;72,74421
764262,9;72,74421
764279,6;72,74421
764295,9;72,74421
764312,5;72,74421
764329,1;72,74421
764345,6;72,74421
764362,3;72,74421
764378,8;72,74421
764378,8;72,74421
764398,8;72,74421
764414,8;72,74421
764431,5;72,74421
764447,9;72,74421
764464,9;72,74421
764481;72,74421
764498,1;72,74421
764514,2;72,74421
764530,8;72,74421
764547,6;72,74421
764564,1;72,74421
764580,4;72,74421
764597,6;72,74421
764613,6;72,74421
764630,3;72,74421
764646,8;72,74421
764664,1;72,74421
764679,8;72,74421
764696,6;72,74421
764712,9;72,74421
764729,7;72,74421
764746,3;72,74421
764762,6;72,74421
764779,3;72,74421
764795,8;72,74421
764812,4;72,74421
764829,1;72,74421
764845,6;72,74421
764862,6;72,74421
764878,6;72,78822
764895,8;72,78822
764912,1;72,78822
764928,9;72,78822
764944,9;72,78822
764962;72,78822
764978,1;72,78822
764994,6;72,78822
765011,2;72,78822
765027,7;72,78822
765044,3;72,78822
765060,9;72,78822
765077,4;72,78822
765094;72,78822
765110,6;72,78822
765127,1;72,78822
765143,7;72,78822
765160,3;72,78822
765177,3;72,78822
765193,4;72,78822
765209,9;72,78822
765226,5;72,78822
765248,1;72,78822
765259,6;72,78822
765276,3;72,78822
765292,8;72,78822
765309,4;72,78822
765326,2;72,78822
765342,5;72,78822
765359,1;72,78822
765376,6;72,78822
765392,2;72,78822
765408,8;72,78822
765425,4;72,78822
765441,9;72,78822
765458,4;72,78822
765475,1;72,78822
765491,6;72,78822
765508,7;72,78822
765524,8;72,78822
765541,3;72,78822
765557,9;72,78822
765574,9;72,78822
765591,5;72,78822
765607,6;72,80688
765624,1;72,80688
765640,7;72,80688
765657,5;72,80688
765674,2;72,80688
765690,9;72,80688
765707,1;72,80688
765724,3;72,80688
765740,1;72,80688
765757,1;72,80688
765773,3;72,80688
765790,4;72,80688
765806,3;72,80688
765823;72,80688
765839,6;72,80688
765856,1;72,80688
765872,8;72,80688
765889,3;72,80688
765905,8;72,80688
765923,1;72,80688
765939,1;72,82481
765955,4;72,8376
765972,1;72,84936
765988,6;72,86491
766005,3;72,88088
766021,8;72,88331
766038,3;72,89738
766055,1;72,92109
766071,4;72,36683
766088;72,36086
766104,6;71,86742
766121,1;71,86742
766137,7;71,86742
766154,3;71,86742
766170,8;71,86742
766187,4;71,72643
766204;71,71358
766220,7;71,69765
766237,1;71,20034
766253,7;71,20034
766270,3;71,20034
766286,8;71,20034
766303,4;71,20034
766320,1;71,28904
766336,8;71,28904
766353,1;71,28904
766370;71,28904
766386,3;71,28904
766402,8;71,28904
766419,3;71,28904
766435,9;71,28904
766452,4;71,28904
766469,1;71,28904
766485,7;71,28904
766502,1;71,28904
766518,8;71,28904
766535,5;71,28904
766552,4;71,28904
766568,7;71,28904
766585,1;71,28904
766602,1;71,28904
766618,4;71,28904
766634,7;71,28904
766651,9;71,66192
766668,3;71,10699
766684,4;71,12206
766701;70,57094
766717,5;70,19086
766734,1;70,12819
766750,7;70,07304
766767,6;69,56907
766783,8;69,55015
766800,4;69,55986
766816,9;69,55986
766833,5;69,55986
766850,1;69,55986
766867,1;69,55986
766883,2;69,55986
766899,9;69,53571
766916,3;69,51672
766933,3;69,50729
766949,4;69,50729
766966;69,50729
766982,6;69,50729
766999,1;69,50729
767016,3;69,50729
767032,5;69,50729
767048,9;69,95428
767066;69,95428
767089,1;69,95428
767098,6;69,95428
767115,7;69,95428
767132;69,95428
767148,3;69,95428
767165;69,95428
767181,4;69,95428
767198,1;69,95428
767214,8;69,95428
767231,1;69,95428
767248,1;69,95428
767264,3;69,95428
767280,8;69,95428
767297,9;69,95428
767313,9;69,95428
767330,5;69,95428
767347,1;69,95428
767363,9;69,95428
767380,2;69,95428
767396,8;69,95428
767413,3;69,95428
767430,2;69,95428
767446,5;69,95428
767463,2;69,95428
767479,6;69,95428
767496,1;69,95428
767512,8;69,95428
767529,6;69,95428
767545,8;69,95428
767562,4;69,95428
767579,3;69,95428
767595,6;69,95428
767612,4;69,95428
767628,8;69,95428
767645,3;69,95428
767661,8;69,95428
767679,3;69,95428
767694,9;69,95428
767711,6;69,95428
767728,1;70,08435
767744,8;70,08435
767761,3;70,08435
767778,1;70,08435
767794,4;70,08435
767811;70,08435
767827,9;70,08435
767844,1;70,08435
767860,8;70,08435
767877,8;70,08435
767893,8;70,08435
767910,3;70,08435
767927,7;70,08435
767943,5;70,08435
767960;70,08435
767976,6;70,08435
767993,3;70,46657
768009,7;70,46279
768026,3;70,45889
768042,9;70,45843
768059,4;70,45531
768076;70,45689
768092,6;70,44765
768109,7;70,45811
768125,7;70,45389
768142,3;69,86212
768158,8;69,49572
768175,4;68,97617
768192,4;68,48926
768208,6;68,4744
768225,4;68,45638
768241,6;68,46024
768258,3;68,44524
768275,1;68,43188
768291,4;68,4181
768308,1;68,40197
768324,8;68,39436
768341,1;68,38635
768357,6;68,38635
768374,2;68,38635
768391,1;68,8511
768407,4;68,8511
768423,9;68,8511
768440,5;68,8511
768457;68,8511
768473,6;68,8511
768490,3;68,8511
768507,2;68,8511
768523,3;68,8511
768540,4;68,8511
768556,4;68,8511
768573;68,8511
768589,6;68,8511
768606,6;68,8511
768622,7;68,8511
768639,3;68,8511
768656;68,8511
768672,6;68,8511
768689,1;68,8511
768705,5;68,8511
768722,1;68,8511
768738,6;68,8511
768755,3;68,8511
768771,8;68,8511
768788,4;68,8511
768805,1;68,8511
768829,3;68,8511
768838,1;68,8511
768855,1;68,8511
768871,8;68,8511
768887,8;68,8511
768904,9;68,8511
768920,9;68,8511
768937,5;68,8511
768954,1;68,8511
768970,6;68,8511
768987,4;68,8511
769004,1;68,8511
769020,3;68,8511
769037,3;68,8511
769053,7;68,8511
769070;68,8511
769086,6;68,90096
769103,4;68,90096
769119,7;68,90096
769137,1;68,90096
769153,5;68,90096
769169,4;68,90096
769186;68,90096
769202,5;68,90096
769219,1;68,90096
769235,7;68,90096
769252,3;68,90096
769269,4;68,90096
769285,3;68,90096
769301,9;68,90096
769318,9;68,90096
769335,1;68,90096
769351,8;68,90096
769368,3;68,90096
769385;68,90096
769401,3;68,90096
769417,9;68,90096
769434,4;68,90096
769451,3;68,90096
769467,6;68,90096
769484,2;68,90096
769500,8;68,90096
769517,3;68,90096
769533,9;68,90096
769550,6;68,90096
769567,1;68,90096
769583,9;68,90096
769600,2;68,90096
769616,8;68,90096
769633,3;68,90096
769649,8;68,90654
769666,4;68,47469
769683;68,47469
769699,9;68,47469
769716,1;68,57779
769732,8;68,57779
769749,5;68,57779
769765,8;68,57779
769782,4;68,57779
769799,2;68,57779
769815,5;68,57779
769832,1;68,57779
769848,7;68,57779
769865,2;68,57779
769881,9;68,57779
769898,8;68,57779
769915,4;68,57779
769931,4;68,57779
769948,1;68,57779
769964,6;68,57779
769981,1;68,62656
769997,8;68,7228
770014,3;68,81223
770030,9;68,90022
770047,8;69,00109
770064;69,09715
770080,6;69,18958
770097,7;69,27187
770113,7;69,3757
770130,9;69,46665
770146,9;69,55968
770163,4;69,65258
770180,1;69,74832
770196,6;69,83901
770213,1;69,46048
770229,7;69,54716
770246,3;69,63312
770262,8;69,72153
770279,4;69,80679
770295,9;69,40947
770312,5;69,40947
770329,1;69,40947
770345,6;69,40947
770362,2;70,00443
770379,6;70,00443
770395,3;70,00443
770411,9;70,00443
770428,6;70,00443
770445;70,00443
770461,6;70,00443
770478,8;70,00443
770494,8;70,00443
770511,3;70,00443
770527,9;70,00443
770544,7;70,00443
770561;70,00443
770577,6;70,00443
770594,8;70,00443
770612,6;70,00443
770627,3;70,00443
770643,9;70,00443
770660,4;70,0954
770677,2;70,16177
770693,6;70,22752
770710,1;70,30541
770726,7;70,38626
770743,5;70,45727
770759,8;70,43425
770776,5;70,43425
770793,3;70,43425
770809,9;70,43425
770826,1;70,52376
770842,6;69,99786
770859,2;70,06643
770875,8;70,12437
770892,8;70,19001
770909,8;70,25176
770925,5;70,32646
770942;70,32646
770959;70,32646
770975,2;70,52072
770991,8;70,52072
771008,3;70,52072
771024,8;70,52072
771041,6;70,52072
771058;70,52072
771074,6;70,52072
771091,1;70,52072
771107,8;70,52072
771124,6;70,52072
771140,9;70,52072
771157,4;70,52072
771173,9;70,52072
771190,6;70,52072
771207,1;70,52072
771223,7;70,52072
771240,4;70,52072
771257,5;70,52072
771274,3;70,52072
771289,9;70,94249
771306,5;70,94962
771323,1;70,97009
771340;71,01022
771356,8;71,02807
771372,8;70,62806
771389,3;70,62806
771405,9;70,62806
771422,5;70,62806
771439;70,62806
771455,8;71,04093
771472,2;71,06803
771488,8;71,09756
771505,3;71,10828
771522,3;71,13044
771538,4;71,15089
771561,4;70,75002
771571,7;70,75002
771588,3;71,26211
771605,1;71,26211
771621,3;71,26211
771638,4;71,26211
771654,8;71,26211
771670,9;71,26211
771687,8;71,26211
771704,1;71,26211
771720,6;71,26211
771737,4;71,26211
771753,8;71,26211
771770,4;71,26211
771787;71,26211
771803,6;71,26211
771820,1;71,26211
771836,6;71,26211
771853,6;71,26211
771869,8;71,26211
771886,4;71,26211
771902,9;71,26211
771919,7;71,16159
771936,1;71,10236
771952,6;71,04385
771969,2;70,98352
771986,1;70,29016
772002,4;70,18764
772018,9;69,48956
772035,4;69,54945
772052;69,54945
772068,6;69,54945
772085,1;69,54945
772101,7;69,54945
772118,3;69,34856
772134,8;69,21113
772151,4;69,07388
772168;68,92139
772184,5;68,77894
772201,6;68,84732
772217,6;68,84732
772234,3;68,84732
772250,8;68,84732
772267,4;68,71452
772284,1;68,71452
772300,6;68,71452
772317,1;68,71452
772333,6;68,71452
772350,3;68,71452
772366,8;68,71452
772383,4;68,71452
772399,9;68,71452
772416,4;68,71452
772433,4;68,71452
772449,6;68,71452
772466,2;68,71452
772482,8;68,71452
772499,6;68,71452
772516;68,71452
772532,4;68,71452
772549,1;68,71452
772565,6;68,71452
772582,1;68,71452
772598,8;68,88699
772615,3;68,69151
772631,8;68,49941
772648,4;68,3035
772665;68,11428
772681,5;67,92249
772698,1;67,73457
772714,7;67,54243
772731,7;67,3589
772747,8;67,16801
772764,6;66,97702
772780,9;66,77279
772797,5;66,57068
772814,1;66,10585
772830,7;66,10585
772847,2;66,10585
772863,8;66,10585
772880,3;66,10585
772896,9;66,10585
772913,4;66,10585
772930,1;65,77833
772947,1;65,60341
772963,3;65,7477
772979,8;65,7477
772997,1;65,7477
773012,9;65,7477
773029,6;65,46513
773046,2;65,46513
773062,8;65,46513
773079,1;65,46513
773095,7;65,46513
773112,3;65,46513
773129,1;65,46513
773145,4;65,46513
773162,6;65,46513
773178,5;65,46513
773195,3;65,46513
773211,7;65,46513
773228,2;65,46513
773245,3;65,46513
773261,5;65,46513
773277,9;65,46513
773294,9;65,46513
773311,1;65,46513
773327,6;65,46513
773344,2;65,46513
773360,8;65,46513
773377,3;65,46513
773393,9;65,46513
773410,4;65,46513
773427,2;65,46513
773443,6;65,46513
773460,1;65,46513
773476,9;65,46513
773493,5;65,46513
773509,9;65,46513
773526,4;65,46513
773543;65,46513
773559,6;65,46513
773576,1;65,46513
773593,6;65,46513
773609,4;65,46513
773626,4;65,46513
773642,4;65,46513
773659,5;65,46513
773675,9;65,46513
773692,1;65,46513
773708,7;65,46513
773725,3;65,46513
773741,8;65,46513
773758,5;65,46513
773774,9;65,46513
773791,7;65,46513
773808,1;65,46513
773824,8;65,46513
773841,2;65,46513
773857,8;65,46513
773875,3;65,46513
773890,9;65,46513
773907,5;65,46513
773924;65,46513
773940,6;65,46513
773957,6;65,46513
773973,8;65,46513
773990,3;65,46513
774007,4;65,46513
774024,1;65,76838
774040;65,76838
774057;65,76838
774073,3;65,76838
774090,3;65,76838
774106,4;65,76838
774123,5;65,76838
774139,8;65,76838
774156,4;65,76838
774173,1;65,76838
774189,1;65,76838
774205,9;65,76838
774223,1;65,76838
774238,8;65,76838
774255,6;65,76838
774272;65,76838
774288,5;65,76838
774306;65,76838
774321,6;65,76838
774338,4;65,76838
774354,8;65,76838
774371,3;65,76838
774387,9;65,76838
774405,3;65,76838
774421;65,76838
774437,6;65,76838
774454,2;65,76838
774470,7;65,76838
774487,8;65,76838
774503,9;65,76838
774520,7;65,76838
774537,3;65,76838
774553,6;65,76838
774570,1;65,76838
774587,1;65,76838
774603,4;65,76838
774619,9;65,76838
774636,9;65,76838
774652,9;65,76838
774669,8;65,76838
774686,2;65,76838
774702,7;65,76838
774719,3;65,76838
774735,8;65,76838
774752,4;65,76838
774769,3;65,76838
774785,5;65,76838
774802,1;65,76838
774818,6;65,76838
774835,9;65,76838
774851,9;65,76838
774868,4;65,76838
774885,1;65,61446
774901,5;65,61446
774918,1;65,61446
774934,6;65,61446
774951,2;65,61446
774967,7;65,61446
774984,9;65,61446
775000,9;65,61446
775017,6;65,61446
775034;65,61446
775050,8;65,61446
775068,3;65,61446
775083,7;65,61446
775100,3;65,61446
775116,8;65,61446
775133,9;65,61446
775149,9;65,61446
775166,8;65,61446
775183,1;65,90366
775200,4;65,76721
775216,3;65,62984
775233,1;65,50176
775249,4;65,37051
775265,9;65,24305
775283,1;65,10629
775299,1;64,97316
775315,6;64,82397
775332,2;64,07417
775348,9;63,9823
775365,4;63,88885
775382,1;63,7797
775398,5;63,6839
775415,9;63,59782
775431,6;63,51757
775448,4;63,42301
775465,1;63,04431
775482,1;63,33108
775497,9;62,94932
775514,4;63,2296
775531;63,13664
775547,6;63,04768
775564,1;62,5635
775580,7;62,55669
775597,3;62,54111
775614,1;62,55217
775630,4;62,55217
775647;62,55217
775663,5;62,55217
775680,1;62,55217
775696,6;62,61493
775713,5;62,61493
775729,8;62,61493
775746,3;62,61493
775762,9;62,61493
775779,7;62,61493
775796,1;62,61493
775813,3;62,61493
775829,3;62,61493
775845,8;62,61493
775862,8;62,61493
775878,9;62,61493
775895,4;62,61493
775912,5;62,61493
775929;62,61493
775945,2;62,61493
775962,1;62,61493
775978,5;62,61493
775994,9;62,61493
776011,4;62,61493
776028,2;62,61493
776044,6;62,61493
776061,4;62,61493
776077,7;62,61493
776094,6;62,61493
776110,9;62,61493
776127,4;62,61493
776144,2;62,61493
776160,5;62,61493
776177,1;62,61493
776193,7;62,61493
776210,2;62,61493
776227,3;62,61493
776243,4;62,61493
776259,9;62,61493
776276,6;62,61493
776293,1;62,61493
776309,9;62,61493
776326,4;62,61493
776343,4;62,61493
776359,5;62,61493
776375,9;62,61493
776392,4;62,61493
776409,1;62,61493
776425,6;62,61493
776442,3;62,61493
776458,8;62,61493
776475,3;62,91144
776491,9;62,91144
776508,9;62,91144
776525;62,91144
776541,7;62,91144
776558,4;62,91144
776574,9;62,91144
776591,3;62,91144
776608,1;62,91144
776624,4;62,91144
776641;62,91144
776658;62,91144
776674,1;62,91144
776690,7;62,91144
776707,3;62,91144
776723,9;62,91144
776740,4;62,91144
776757,3;62,91144
776773,9;62,91144
776790,1;62,91144
776807,1;62,91144
776823,9;62,91144
776840,1;62,91144
776856,3;62,91144
776873,2;62,91144
776889,4;62,91144
776906,1;62,91144
776922,8;62,91144
776939,6;62,91144
776955,9;62,91144
776972,3;62,91144
776988,9;62,91144
777005,4;62,91144
777022,2;62,91144
777043,1;62,91144
777055,4;62,91144
777071,8;62,91144
777088,3;62,91144
777104,9;62,91144
777121,4;62,91144
777137,9;62,91144
777154,9;62,91144
777171,1;62,91144
777187,7;62,91144
777204,3;62,91144
777221,1;62,91144
777221,1;62,91144
777241,1;62,91144
777257,1;62,91144
777274,4;62,91144
777290,3;62,91144
777307,3;62,91144
777323,4;62,91144
777339,9;62,91144
777356,5;62,91144
777373,1;62,91144
777389,9;62,91144
777406,2;62,91144
777422,8;62,91144
777439,3;62,91144
777455,9;62,91144
777472,5;62,91144
777489;62,91144
777506,1;62,91144
777522,3;62,91144
777538,7;62,91144
777555,3;62,91144
777571,8;62,91144
777588,4;62,91144
777605,6;63,05092
777621,5;63,05092
777638,1;63,05092
777654,7;63,05092
777671,3;63,05092
777687,8;63,05092
777704,4;63,05092
777720,9;63,05092
777737,6;63,05092
777754,6;63,05092
777770,8;63,05092
777788,1;63,05092
777803,8;63,05092
777820,4;63,05092
777836,9;63,05092
777853,4;63,05092
777870,6;63,05092
777886,8;63,05092
777903,7;63,05092
777919,8;63,05092
777936,3;63,05092
777953;63,05092
777969,4;63,05092
777986;63,05092
778002,9;63,05092
778025,6;63,05092
778035,7;63,05092
778052,3;63,05092
778068,9;63,05092
778085,6;63,05092
778102,4;63,05092
778118,5;63,05092
778135,1;63,05092
778152,4;63,05092
778168,3;63,05092
778185,3;63,05092
778201,4;63,05092
778218,5;63,05092
778234,5;63,05092
778251,1;63,05092
778267,7;63,05092
778284,7;63,05092
778301,1;63,05092
778317,3;63,05092
778333,9;63,50898
778350,4;63,50898
778367,1;63,50898
778383,6;63,50898
778400,1;63,50898
778416,8;63,50898
778433,3;63,50898
778449,9;63,50898
778466,4;63,50898
778483,1;63,50898
778499,6;63,50898
778516,2;63,50898
778532,7;63,50898
778549,6;63,50898
778566,1;63,50898
778583;63,50898
778599;63,50898
778615,6;63,50898
778632,1;63,63741
778648,8;63,72588
778665,3;63,82103
778681,8;63,91599
778698,4;64,00532
778715,6;64,1014
778731,6;64,18681
778748,1;64,19958
778764,6;64,3359
778781,2;64,47605
778797,8;64,33073
778814,4;64,62643
778830,9;64,77125
778847,5;64,90711
778866,7;65,04824
778883,7;65,19017
778899,8;65,33123
778917,1;65,47777
778933,3;65,31801
778949,9;65,31801
778966,1;65,31801
778983;65,31801
778999,2;65,70605
779015,8;65,70605
779032,4;65,70605
779048,9;65,70605
779065,5;65,70605
779082,1;65,70605
779098,6;65,70605
779115,3;65,70605
779131,8;65,70605
779148,3;65,70605
779165;65,70605
779181,4;65,70605
779198,1;65,70605
779215;65,70605
779231,2;65,70605
779248,3;65,70605
779264,3;65,70605
779281,1;65,70605
779297,4;65,70605
779314,3;65,70605
779330,8;65,70605
779347,1;65,70605
779363,8;65,70605
779380,3;65,70605
779397,1;65,70605
779413,5;65,70605
779430;65,70605
779446,8;65,70605
779463,1;65,70605
779479,7;65,70605
779496,3;65,70605
779512,9;65,70605
779529,6;65,70605
779545,9;65,70605
779562,5;65,70605
779579,1;65,98596
779596,3;66,13317
779612,2;66,13317
779628,8;66,13317
779645,3;66,13317
779661,9;66,52537
779678,4;66,52537
779695,2;66,52537
779712,1;66,52537
779733,2;66,52537
779750,5;66,52537
779766,4;66,52537
779782,9;66,52537
779799,5;66,52537
779816,9;66,52537
779832,6;66,52537
779849,6;66,52537
779865,9;66,52537
779882,3;66,52537
779899,3;66,52537
779916;66,52537
779932,1;66,52537
779948,6;66,52537
779965,1;66,52537
779981,8;66,52537
779998,3;66,52537
780015,7;66,52537
780031,5;66,52537
780048;66,52537
780064,5;66,80856
780081,3;66,97081
780097,7;66,83167
780114,4;66,83167
780130,8;66,83167
780147,3;66,83167
780163,9;66,83167
780180,5;66,83167
780197,1;67,11494
780213,8;67,21925
780230,3;67,04671
780246,8;66,76118
780263,3;66,76118
780280,4;66,76118
780296,4;66,76118
780313,2;67,24194
780329,6;67,24194
780346,2;67,24194
780362,8;67,24194
780379,3;67,24194
780396,1;67,24194
780413,2;67,24194
780429;67,24194
780445,6;67,24194
780462,4;67,24194
780478,9;67,24194
780495,3;67,24194
780511,8;67,24194
780528,4;67,24194
780545;67,24194
780561,9;67,24194
780578,3;67,24194
780594,7;67,24194
780612,1;67,24194
780628;67,24194
780644,4;67,24194
780661,2;67,24194
780677,6;67,24194
780694,4;67,24194
780710,9;67,24194
780727,3;67,24194
780744,2;67,24194
780761;67,24194
780776,9;67,24194
780793,4;67,24194
780810,4;67,24194
780826,6;67,24194
780843,1;67,24194
780860;67,24194
780877,3;67,38616
780893,2;67,47623
780909,8;67,47623
780926,6;67,47623
780942,6;67,47623
780959,6;67,94839
780975,8;67,94839
780993,1;67,94839
781008,9;67,94839
781025,4;67,94839
781042;67,94839
781058,6;67,94839
781075,1;67,94839
781091,7;67,94839
781108,3;67,94839
781124,8;67,94839
781141,4;67,94839
781157,9;67,94839
781174,8;67,94839
781191,1;67,94839
781207,6;67,94839
781224,3;67,94839
781240,9;67,94839
781257,5;67,94839
781273,9;67,94839
781290,4;67,94839
781307,1;67,94839
781323,7;67,94839
781340,6;67,94839
781356,8;67,94839
781373,6;67,94839
781390,2;67,94839
781406,4;67,94839
781423;67,94839
781439,6;67,94839
781464,1;67,94839
781474,5;67,94839
781491,1;67,94839
781507,6;67,94839
781524,2;67,94839
781540,8;68,07883
781557,4;68,02174
781573,9;68,02174
781590,4;68,02174
781607,3;68,02174
781623,6;68,25503
781640,1;68,25503
781657,1;68,25503
781673,4;68,25503
781689,8;68,25503
781706,4;68,25503
781723,3;68,25503
781739,6;68,25503
781756,1;68,25503
781772,6;68,25503
781789,3;68,25503
781808,6;68,25503
781829,3;68,25503
781856,1;68,25503
781875,4;68,25503
781891,9;68,25503
781908,6;68,25503
781925,1;68,25503
781941,6;68,25503
781958,4;68,25503
781974,8;68,25503
781991,4;68,25503
782007,9;68,62846
782024,5;68,73138
782041,1;68,82692
782057,6;68,93267
782074,3;69,02911
782090,8;68,75061
782107,4;68,75061
782123,9;68,75061
782140,6;68,75061
782157,1;69,13399
782173,6;69,23662
782190,6;69,33717
782206,8;69,43244
782223,3;69,15287
782239,9;69,15287
782256,4;69,15287
782273;69,15287
782289,6;69,62872
782306,1;69,62872
782325;69,62872
782341,6;69,62872
782358,1;69,62872
782374,7;69,62872
782391,5;69,62872
782407,8;69,62872
782424,4;69,62872
782441;69,62872
782457,5;69,62872
782474,1;69,62872
782490,9;69,62872
782507,2;69,62872
782524,3;69,78527
782540,4;69,88187
782556,9;69,99184
782573,6;70,09618
782590,1;70,20734
782606,6;70,30726
782623,2;70,41692
782639,8;70,53343
782656,3;70,63976
782673,2;70,74779
782689,4;70,76977
782706,1;70,44482
782722,6;69,94424
782739,5;69,95393
782755,9;69,95634
782772,3;69,96301
782788,9;69,97488
782805,4;69,9771
782822;69,99165
782838,6;70,00598
782855,2;70,01714
782871,9;70,0238
782888,3;70,01807
782904,9;70,01807
782921,4;70,01807
782938;70,55203
782954,5;70,55203
782971,1;70,55203
782987,8;70,55203
783004,2;70,55203
783020,8;70,51388
783037,4;70,49602
783053,9;70,46514
783070,5;70,47756
783087,1;70,47756
783103,6;70,47756
783120,2;70,47756
783136,8;70,47756
783153,4;70,47756
783175,4;70,44051
783192,1;70,41672
783208,6;70,3861
783225,2;70,27251
783241,7;70,25327
783258,3;69,69264
783274,8;69,67171
783291,7;69,65124
783308;69,62801
783324,5;69,59831
783341,1;69,57772
783357,7;69,02875
783374,3;69,01438
783390,8;68,49802
783407,4;68,39848
783423,9;68,3777
783441,2;68,36179
783457,2;68,33472
783473,6;68,32127
783490,3;68,28881
783506,8;68,27025
783523,3;68,25695
783540,1;68,25695
783556,5;68,25695
783573,1;68,25695
783590,3;68,29444
783606,2;68,29444
783622,8;68,29444
783639,6;68,29444
783655,9;68,29444
783672,4;68,29444
783689;68,29444
783705,6;68,29444
783722,2;68,29444
783738,7;68,29444
783756,3;68,29444
783771,9;68,29444
783788,4;68,29444
783805;68,29444
783821,6;68,29444
783838,5;68,29444
783855,3;68,29444
783871,8;68,29444
783887,9;68,29444
783904,4;68,29444
783920,9;68,29444
783937,5;68,29444
783954,1;68,29444
783970,6;68,29444
783987,2;68,29444
784003,8;68,29444
784022,1;68,29444
784038,6;68,29444
784055,4;68,29444
784071,7;68,29444
784088,3;68,29444
784105;68,29444
784121,4;68,29444
784138,6;68,29444
784154,6;68,29444
784171,1;68,29444
784187,7;68,29444
784204,3;68,29444
784221,4;68,29444
784237,4;68,29444
784254,4;68,29444
784271,4;68,29444
784287,1;68,29444
784303,6;68,78082
784320,4;68,78082
784337,1;68,78082
784353,3;68,78082
784370,7;68,78082
784386,5;68,78082
784403,1;68,78082
784419,6;68,78082
784436,2;68,78082
784453,3;68,78082
784469,3;68,78082
784486,1;68,78082
784502,7;68,78082
784519,1;68,78082
784535,6;68,78082
784552,2;68,78082
784568,8;68,78082
784585,3;68,78082
784602,1;68,78082
784618,4;68,78082
784635;68,78082
784651,7;68,78082
784668,1;68,78082
784684,7;68,78082
784701,3;68,78082
784717,8;68,78082
784734,4;68,78082
784751,1;68,78082
784767,5;68,78082
784784,3;68,78082
784800,8;68,78082
784817,3;68,78082
784833,8;68,78082
784850,3;68,78082
784867,3;68,78082
784884,1;68,78082
784900,4;68,78082
784916,6;68,78082
784933,2;68,78082
784949,8;68,78082
784966,4;68,78082
784982,9;68,78082
784999,5;68,73757
785016,1;68,73757
785032,6;68,73757
785049,1;68,73757
785065,8;68,73757
785082,3;68,73757
785098,9;68,73757
785115,6;68,73757
785132;68,73757
785148,6;68,73757
785165,1;68,73757
785181,7;68,73757
785198,3;68,73757
785214,9;68,73757
785231,4;68,73757
785247,9;68,73757
785264,5;68,73757
785281,1;68,73757
785297,7;68,73757
785314,2;69,01531
785330,8;68,53991
785347,4;68,53991
785363,9;68,38154
785380,5;68,27261
785397,1;68,16851
785413,6;68,06534
785430,8;67,95515
785447,1;67,86025
785463,4;67,74892
785480;67,79924
785497,2;67,63409
785513,1;67,52016
785529,9;67,58795
785546,9;67,58795
785562,8;67,58795
785579,3;67,58795
785596,1;67,58795
785613,3;67,58795
785629;67,58795
785646,6;67,58795
785662,2;67,58795
785679,1;67,58795
785698,8;67,58795
785711,9;67,58795
785728,4;67,58795
785744,9;67,49905
785761,8;67,49905
785778,6;67,49905
785794,7;67,49905
785811,2;67,49905
785827,8;67,49905
785844,4;67,49905
785860,9;67,49905
785877,6;67,49905
785895;67,49905
785910,6;67,49905
785927,9;67,49905
785944;67,49905
785960,6;67,49905
785977,4;67,49905
785993,5;67,49905
786010,1;67,49905
786026,6;67,49905
786043,1;67,49905
786059,8;67,49905
786076,7;67,49905
786093,4;67,49905
786109,4;67,49905
786126;67,49905
786142,6;67,49905
786159,5;67,49905
786175,7;67,49905
786192,4;67,49905
786208,8;67,49905
786225,4;67,49905
786241,9;67,49905
786258,6;67,49905
786275,1;67,49905
786291,6;67,49905
786308,3;67,49905
786324,8;67,49905
786341,4;67,49905
786357,9;67,49905
786374,5;67,49905
786391,1;67,49905
786407,6;67,49905
786424,2;67,49905
786440,8;67,49905
786457,3;67,49905
786473,9;67,49905
786495,1;67,49905
786507,7;67,49905
786524,4;67,49905
786540,8;67,90331
786557,4;67,90331
786574,1;67,90331
786590,6;67,90331
786607,1;67,90331
786623,7;67,90331
786640,6;67,90331
786656,8;67,90331
786673,4;67,90331
786690,4;67,90331
786706,5;67,90331
786723,1;67,90331
786740,6;67,90331
786756,3;67,90331
786772,8;67,90331
786789,4;67,90331
786805,9;67,90331
786822,5;67,90331
786839,1;67,78436
786855,6;67,69148
786872,3;67,62119
786888,8;67,54294
786905,3;67,46498
786922,7;67,39458
786938,4;67,31686
786955;67,23872
786971,6;67,15636
786988,2;67,08195
787004,7;67,01064
787021,3;66,93375
787038,1;66,86157
787054,4;66,29245
787071,1;66,24039
787087,5;66,19395
787104,4;66,1526
787120,7;66,18375
787137,3;66,11324
787153,8;66,07471
787170,6;66,02924
787187,2;65,99041
787203,6;65,9433
787220,1;65,96125
787237,1;65,96125
787253,5;65,96125
787270,2;65,96125
787286,4;65,95509
787303,4;65,95509
787319,4;65,95509
787336,1;65,95509
787352,6;65,95509
787369,3;65,95509
787386,1;65,95509
787402,3;65,95509
787418,9;65,95509
787435,4;65,95509
787452,1;65,95509
787468,6;65,95509
787485,7;65,95509
787502,1;65,95509
787518,3;65,95509
787534,9;65,95509
787551,4;65,95509
787568,7;65,95509
787584,6;65,95509
787601,1;65,95509
787617,7;65,95509
787634,4;65,95509
787650,8;65,95509
787667,4;65,95509
787684,1;65,95509
787700,5;65,95509
787717,1;65,95509
787733,8;65,95509
787750,2;65,95509
787766,8;65,95509
787783,3;65,95509
787800,3;65,95509
787816,4;65,95509
787833,4;65,95509
787849,6;65,95509
787866,1;65,95509
787882,9;65,95509
787899,7;65,95509
787916,5;65,95509
787932,4;65,95509
787949,2;65,95509
787965,6;65,95509
787982,1;65,95509
787999,2;65,95509
788015,3;65,95509
788031,9;66,36648
788048,4;66,36648
788064,9;66,36648
788081,7;66,36648
788098,1;66,36648
788114,9;66,36648
788131,3;66,36648
788147,8;66,36648
788164,4;66,36648
788181,1;66,36648
788200,9;66,36648
788217,4;66,36648
788234,1;66,36648
788250,6;66,36648
788267,2;66,36648
788283,8;66,36648
788300,3;66,36648
788316,9;66,36648
788334,3;66,36648
788350,4;66,36648
788367,4;66,36648
788383,2;66,36648
788400,2;66,36648
788416,3;66,36648
788432,9;66,36648
788450,2;66,36648
788466;66,36648
788482,6;66,36648
788499,1;66,36648
788515,7;66,36648
788532,6;66,36648
788549,4;66,36648
788565,6;66,36648
788582,3;66,36648
788598,6;66,36648
788615,1;66,36648
788631,7;66,36648
788648,4;66,36648
788664,8;66,36648
788681,3;66,36648
788697,9;66,36648
788714,5;66,36648
788731,1;66,36648
788748,3;66,42909
788764,3;66,42909
788780,8;66,42909
788797,8;66,42909
788814,1;66,42909
788830,8;66,42909
788847,1;66,42909
788863,6;66,42909
788880,2;66,42909
788897,2;66,42909
788913,8;66,42909
788930,6;66,42909
788947;66,42909
788963;66,42909
788979,6;66,42909
788996,1;66,42909
789012,7;66,42909
789029,8;66,42909
789045,8;66,42909
789069;66,42909
789079;66,42909
789095,7;66,42909
789112,1;66,42909
789128,7;66,42909
789145,3;66,82161
789162;66,81097
789178,4;66,79736
789194,9;66,8022
789218;66,41308
789234,6;66,41308
789251,2;66,41308
789267,8;66,41308
789284,3;66,41308
789300,9;66,41308
789317,8;66,41308
789334;66,41308
789350,6;66,80303
789367,1;66,79337
789383,8;66,79337
789400,4;66,79337
789416,8;66,79337
789433,6;66,79337
789450,3;66,89036
789466,9;66,89036
789483,8;66,89036
789499,7;66,89036
789516,8;66,89036
789532,8;66,89036
789550;66,89036
789565,9;66,89036
789582,5;66,89036
789599,6;66,89036
789615,7;66,89036
789632,2;66,89036
789649,4;66,89036
789665,6;66,89036
789682;66,89036
789698,5;66,89036
789715,4;66,89036
789731,8;66,89036
789748,6;67,29971
789764,7;67,30874
789781,3;67,32763
789798,2;67,34781
789814,6;67,35892
789831,4;67,37932
789847,6;67,3895
789864,1;67,40269
789880,8;66,95402
789897,3;66,50766
789913,8;66,22956
789930,4;66,58805
789953,6;66,30939
789964,4;66,30939
789980,5;66,30939
789996,7;66,68112
790013,6;66,77124
790030,3;66,86472
790046,4;66,96181
790063,5;66,96181
790079,5;66,96181
790096,1;66,96181
790112,9;66,96181
790129,4;67,19778
790145,8;67,19778
790162,4;67,19778
790178,9;67,19778
790195,7;67,19778
790212,3;67,19778
790228,6;67,19778
790245,3;67,19778
790261,8;67,19778
790278,3;67,19778
790294,9;67,19778
790311,7;67,19778
790328,5;67,19778
790344,7;67,19778
790361,3;67,19778
790377,7;67,19778
790394,3;67,19778
790411;67,19778
790427,4;67,19778
790444;67,19778
790460,5;67,19778
790477,1;67,55442
790493,6;67,63548
790510,3;67,72198
790526,8;67,81953
790543,4;67,89846
790560,1;67,56351
790576,8;67,23906
790593,1;67,23906
790609,6;67,23906
790626,8;67,23906
790642,9;67,23906
790659,4;67,23906
790675,9;67,62807
790693,4;67,68239
790709,1;67,74571
790725,6;67,40833
790742,2;67,40833
790758,8;67,40833
790775,9;67,40833
790791,9;67,8997
790808,4;67,8997
790830,8;67,8997
790841,6;67,8997
790858,2;67,8997
790874,7;67,8997
790891,3;67,8997
790907,9;67,8997
790924,4;67,8997
790941,1;67,8997
790957,8;67,8997
790974,1;67,8997
790990,7;67,8997
791007,3;67,8997
791023,8;67,8997
791040,4;67,8997
791057,1;67,8997
791073,5;67,8997
791090,1;67,8997
791106,6;67,8997
791123,6;67,8997
791139,8;67,8997
791156,3;67,8997
791172,9;67,8997
791189,4;67,94299
791206,1;67,96902
791222,6;67,99704
791239,2;67,98423
791255,8;67,98423
791272,4;67,98423
791288,9;67,98423
791305,4;67,98423
791322;67,98423
791338,6;67,98423
791355,2;68,02751
791371,8;68,06024
791388,3;68,04164
791404,9;68,04164
791421,4;68,04164
791438;68,04164
791454,5;68,04164
791471,1;68,20953
791487,7;68,20953
791504,2;68,20953
791520,8;68,20953
791537,4;68,20953
791553,9;68,20953
791570,5;68,20953
791587,1;68,20953
791603,8;68,20953
791620,3;68,20953
791636,8;68,20953
791653,9;68,20953
791670,4;68,20953
791686,9;68,20953
791705,9;68,20953
791719,9;68,20953
791736,5;68,20953
791752,8;68,20953
791769,3;68,20953
791785,9;68,20953
791802,9;68,20953
791819;68,20953
791835,6;68,20953
791852,1;68,51666
791868,8;68,5245
791885,8;68,53352
791902,4;68,54017
791918,8;68,54722
791935;68,55196
791951,7;68,25189
791968,4;68,25189
791984,7;68,25189
792001,3;68,25189
792018,3;68,25189
792034,4;68,25189
792051;68,55997
792067,6;68,5575
792084,1;68,2467
792100,6;68,2467
792117,2;68,2467
792133,8;68,2467
792150,3;68,61946
792167,1;68,61946
792184;68,61946
792200;68,61946
792216,8;68,61946
792233,1;68,61946
792250,1;68,61946
792266,4;68,61946
792282,9;68,61946
792299,4;68,61946
792316;68,61946
792332,6;68,61946
792349,3;68,61946
792365,8;68,61946
792382,6;68,61946
792399,2;68,61946
792415,4;68,61946
792432,1;68,61946
792448,6;68,61946
792465,3;68,61946
792481,9;68,61946
792498,5;68,61946
792515,3;68,61946
792531,4;68,61946
792548;68,63443
792564,5;68,65015
792581,1;68,65581
792599,7;68,6751
792614,3;68,62766
792630,8;68,10898
792647,4;68,086
792663,9;68,05736
792680,5;67,68635
792697;67,68635
792713,6;67,68635
792730,2;67,68635
792746,9;67,68635
792763,6;67,68635
792780;67,68635
792796,5;68,02584
792813;67,98194
792829,9;67,95801
792846,1;67,57649
792862,8;67,42577
792879,7;67,42577
792895,8;67,42577
792912,4;67,42577
792928,9;67,42577
792945,6;67,42577
792962,3;67,42577
792978,9;67,42577
792995,3;67,42577
793011,8;67,42577
793028,4;67,42577
793045,1;67,42577
793061,5;67,42577
793078,8;67,42577
793095;67,42577
793111,6;67,42577
793127,8;67,42577
793144,4;67,42577
793160,9;67,42577
793177,5;67,42577
793194,1;67,42577
793210,6;67,42577
793227,2;67,42577
793243,7;67,42577
793260,3;67,42577
793276,9;67,42577
793293,4;67,42577
793310;67,31516
793326,6;67,24791
793343,1;67,16268
793359,7;67,08009
793376,6;66,99982
793393;67,04631
793409,4;67,04631
793426,1;67,04631
793442,6;67,04631
793459,1;67,04631
793475,6;67,04631
793492,3;67,04631
793508,8;67,04631
793525,4;66,92667
793541,9;66,96601
793558,5;66,96601
793575,1;66,96601
793591,6;66,96601
793608,2;66,92375
793624,8;66,92375
793641,4;66,92375
793657,9;66,92375
793674,4;66,92375
793691,2;66,92375
793707,6;66,92375
793724,6;66,92375
793740,8;66,92375
793757,3;66,92375
793773,9;66,92375
793790,4;66,92375
793807,3;66,92375
793823,6;66,92375
793840,1;66,92375
793856,7;66,92375
793873,3;66,92375
793889,9;66,92375
793906,4;66,92375
793923;66,92375
793939,5;66,92375
793956,1;66,92375
793972,6;66,92375
793989,4;66,92375
794005,8;66,92375
794022,3;66,92375
794039,4;66,92375
794055,5;66,92375
794072,1;66,92375
794088,6;66,92375
794105,6;66,92375
794121,8;66,92375
794138,3;66,92375
794155,3;66,92375
794171,4;66,92375
794188,1;66,92375
794204,8;66,92375
794221,5;66,92375
794237,8;66,92375
794254,5;66,92375
794270,9;66,92375
794287,4;66,92375
794304;66,92375
794320,6;66,92375
794337,2;66,92375
794353,7;66,92375
794370,3;66,92375
794386,8;66,92375
794403,4;67,31279
794420;67,31279
794437,1;67,31279
794453,5;67,31279
794470,1;67,31279
794486,2;67,31279
794502,8;67,31279
794519,4;67,31279
794536,5;67,31279
794553,4;67,31279
794569,1;67,31279
794585,6;67,31279
794602,3;67,31279
794618,9;67,31279
794635,3;67,31279
794651,9;67,31279
794668,8;67,31279
794685,1;67,31279
794701,6;67,31279
794718,1;67,1349
794735,2;67,01767
794751,9;66,91171
794768;66,80224
794784,4;66,70112
794801;66,61038
794817,8;66,50453
794834,5;66,40157
794850,8;65,78602
794867,9;65,68835
794884,1;65,58521
794900,4;65,48325
794917;65,54753
794933,6;65,37911
794950,4;65,44717
794966,7;65,44717
794983,3;65,44717
794999,8;65,44717
795016,4;65,44717
795032,9;65,44717
795049,9;65,44717
795066,1;65,27792
795082,6;65,17538
795099,2;65,07062
795115,8;65,07062
795132,3;65,07062
795149,1;65,07062
795165,4;65,07062
795182,1;65,41448
795198,7;65,41448
795215,9;65,41448
795231,8;65,41448
795248,7;65,41448
795264,9;65,41448
795281,5;65,41448
795298,1;65,41448
795314,6;65,41448
795331,2;65,41448
795347,7;65,41448
795364,3;65,41448
795381,1;65,41448
795397,6;65,41448
795413,9;65,41448
795430,6;65,41448
795447,4;65,41448
795464,3;65,41448
795480,6;65,41448
795496,8;65,41448
795513,8;65,41448
795530;65,41448
795546,5;65,23368
795563,1;65,02458
795580,3;64,9437
795596,2;64,87377
795612,8;64,79658
795629,3;64,72643
795645,9;64,63647
795662,5;64,10638
795679;64,04719
795695,6;63,98746
795712,2;64,04501
795728,8;64,04501
795745,3;64,04501
795761,8;64,04501
795778,4;64,04501
795795;64,04501
795811,7;64,04501
795828,1;64,04501
795844,8;64,04501
795861,3;64,04501
795877,8;64,04501
795894,4;64,04501
795910,9;64,04501
795927,6;64,04501
795944,6;64,04501
795960,8;64,04501
795977,3;64,04501
795993,8;64,00623
796010,4;64,00623
796027;64,00623
796044,3;64,00623
796060,1;64,00623
796076,8;64,00623
796101,6;64,00623
796118,2;64,00623
796135,8;64,00623
796158,4;64,00623
796183,6;64,00623
796200,8;64,00623
796221,2;64,00623
796242,9;64,00623
796261,2;64,00623
796278,8;64,00623
796296,3;64,00623
796316,8;64,00623
796333,4;64,00623
796351,6;64,00623
796372,1;64,00623
796392,9;64,00623
796409,9;64,00623
796428,2;64,00623
796444,7;64,00623
796462,3;64,00623
796480;64,00623
796496,6;64,00623
796513,2;64,00623
796529,8;64,00623
796547,9;64,00623
796568,6;64,00623
796585,9;64,00623
796604,4;64,00623
796622,3;64,00623
796639,1;64,00623
796656,4;64,00623
796675,8;64,00623
796692,8;64,00623
796708,9;64,00623
796726,4;64,00623
796745,6;64,00623
796762,2;64,00623
796780,9;64,00623
796801,6;64,00623
796819;64,00623
796835,6;64,34959
796853;64,34959
796871,8;64,34959
796888,6;64,34959
796906,7;64,34959
796923,3;64,34959
796941,6;64,34959
796958,8;64,34959
796988,3;64,34959
797004,9;64,34959
797021,4;64,34959
797037,9;64,34959
797054,6;64,34959
797071,4;64,34959
797087,6;64,34959
797104,3;64,34959
797121,6;64,34959
797139,3;64,34959
797155,9;64,34959
797172,8;64,34959
797192,8;64,34959
797211,3;64,34959
797230,9;64,34959
797247,5;64,34959
797264,4;64,34959
797281;64,34959
797298;64,34959
797314,8;64,34959
797331,6;64,34959
797350,8;64,34959
797367,6;64,34959
797386,6;64,34959
797403,6;64,34959
797420,2;64,34959
797439,6;64,34959
797456,6;64,34959
797476,2;64,34959
797492,8;64,34959
797509,3;64,34959
797526;64,34959
797542,9;64,34959
797559,1;64,34959
797576,2;64,34959
797593,1;64,34959
797611,5;64,41451
797630,6;64,41451
797650,9;64,41451
797667,6;64,41451
797685,3;64,41451
797703,4;64,41451
797719,9;64,41451
797736,5;64,41451
797754,4;64,41451
797770,9;64,41451
797787,7;64,41451
797804,6;64,41451
797822,4;64,41451
797840,9;64,41451
797859,9;64,41451
797886,8;64,41451
797903,4;64,74828
797920;64,74738
797936,5;64,75343
797953,9;64,7664
797969,7;64,3857
797986,2;64,39019
798003,1;64,40953
798019,4;64,41402
798035,9;64,40643
798052,5;64,41054
798069,1;64,41811
798086;64,42641
798102,2;64,42327
798118,8;64,4342
798135,7;64,43524
798151,9;64,43831
798169,5;64,44382
798186,4;64,47858
798202,6;64,50822
798219,3;64,53523
798236,2;64,58006
798255,9;64,60701
798275,2;64,64447
798292,2;64,24477
798310,8;64,24477
798328,8;64,24477
798345,3;64,41873
798362,3;64,41873
798378,8;64,41873
798395,4;64,41873
798411,9;64,41873
798428,6;64,41873
798448,2;64,41873
798469,8;64,41873
798490,9;64,41873
798509;64,41873
798527,8;64,41873
798545,6;64,41873
798562,5;64,41873
798582,3;64,41873
798601,9;64,41873
798618,8;64,41873
798644,3;64,41873
798662,9;64,41873
798685,8;64,41873
798712,3;64,41873
798739,3;64,41873
798759,8;64,41873
798786,3;64,41873
798803,6;64,41873
798825,2;64,41873
798848,3;64,41873
798871,4;64,41873
798893,7;64,41873
798917,3;64,41873
798936,3;64,41873
798957,8;64,41873
798977,7;64,41873
798997,6;64,41873
799020;64,41873
799037,9;64,41873
799058,9;64,41873
799079,9;64,79836
799096,6;64,79836
799113,3;64,79836
799129,6;64,79836
799146,3;64,79836
799162,8;64,79836
799179,4;64,79836
799195,9;64,79836
799212,6;64,79836
799229,3;64,79836
799245,6;64,79836
799262,6;64,79836
799278,8;64,79836
799295,4;64,79836
799312,1;64,79836
799328,5;64,79836
799345,2;64,79836
799361,6;64,79836
799378,2;64,79836
799394,7;64,79836
799411,3;64,79836
799428;64,79836
799444,4;64,79836
799461,6;64,79836
799477,6;64,79836
799494,1;64,79836
799510,7;64,79836
799527,3;64,79836
799546;64,79836
799562,6;64,79836
799579,3;64,79836
799595,8;64,79836
799612,4;64,79836
799628,9;64,79836
799645,4;64,79836
799676,4;64,79836
799693;64,79836
799709,6;64,79836
799726,1;64,79836
799742,7;64,79836
799759,5;64,79836
799777,4;64,79836
799794,7;64,79836
799810,6;64,96638
799827,1;64,96638
799844,3;64,96638
799860,9;64,96638
799877,4;64,96638
799894;64,96638
799912,7;64,96638
799929,2;64,96638
799946,8;64,96638
799965,4;64,96638
799982,8;64,96638
799998,6;64,96638
800015,1;64,96638
800031,9;64,96638
800048,8;64,96638
800064,8;64,96638
800081,5;64,96638
800101,4;64,96638
800118,3;64,96638
800135,7;64,96638
800152,8;64,96638
800169,2;64,96638
800185,7;64,96638
800202,6;64,96638
800218,5;64,96638
800235,1;64,96638
800251,6;64,96638
800268,3;64,96638
800284,8;64,96638
800301,3;64,96638
800317,9;64,96638
800334,5;64,96638
800351,1;64,96638
800367,6;64,96638
800384,1;64,96638
800400,8;64,96638
800417,3;64,96638
800433,9;64,96638
800450,4;64,96638
800467,1;64,96638
800483,6;64,96638
800500,3;64,96638
800516,8;64,96638
800543,1;64,96638
800559,9;65,26655
800576,3;65,26655
800592,8;65,26655
800609,4;65,26655
800626,1;65,26655
800642,5;65,26655
800659,1;65,26655
800675,8;65,26655
800692,2;65,26655
800709,1;65,26655
800725,9;65,26655
800741,9;65,26655
800758,4;65,26655
800775;65,26655
800791,6;65,26655
800808,4;65,26655
800824,8;65,26655
800841,3;65,26655
800857,9;65,26655
800874,4;65,26655
800891;65,28127
800908,3;65,29688
800924,1;65,29816
800941,4;65,30138
800957,3;65,3041
800973,8;65,31647
800990,7;65,32671
801007,8;65,33549
801024,4;65,34345
801040,1;65,34968
801056,6;65,35518
801073,3;65,37669
801089,8;65,36915
801106,7;65,36915
801122,9;65,36915
801140;65,36915
801156,6;65,36915
801172,6;65,36915
801189,2;65,36915
801205,8;65,36915
801222,4;65,36915
801238,9;65,38471
801255,4;65,3875
801272,1;65,3875
801288,6;65,3875
801305,2;65,3875
801321,7;65,37362
801338,6;65,37362
801354,9;65,37362
801371,4;65,37362
801394,9;65,37362
801405,8;65,37362
801422,4;65,37362
801438,9;65,37362
801455,5;65,37362
801472,1;65,37362
801489,5;65,37362
801505,4;65,37362
801521,9;65,37362
801538,4;65,37362
801555,4;65,37362
801571,5;65,37362
801588,1;65,37362
801604,9;65,37362
801621,4;65,37362
801638,1;65,37362
801654,8;65,37362
801671,6;65,37362
801687,8;65,37362
801704,4;65,37362
801720,9;65,37362
801737,4;65,4176
801754;65,44987
801770,6;65,46754
801787,2;65,47691
801803,7;65,48922
801820,6;65,50931
801837,4;65,54091
801853,4;65,52686
801870;65,52686
801886,6;65,52686
801903,1;65,52686
801919,7;65,52686
801936,2;65,52686
801952,8;65,52686
801969,4;65,52686
801985,9;65,52686
802002,6;65,52686
802019,1;65,52686
802035,6;65,52686
802052,6;65,52686
802068,8;65,52686
802085,8;65,52686
802102,3;65,52686
802119;65,52686
802135,1;65,64254
802151,6;65,64254
802168,1;65,64254
802184,8;65,64254
802201,6;65,64254
802217,9;65,64254
802234,4;65,64254
802251,1;65,64254
802267,6;65,64254
802293,9;65,64254
802310,4;65,64254
802327;65,64254
802344,5;65,64254
802360,2;65,64254
802376,8;65,64254
802393,3;65,64254
802410,4;65,64254
802426,8;65,64254
802443;65,64254
802459,6;65,64254
802476,1;65,64254
802492,7;65,64254
802509,2;65,64254
802526;65,64254
802542,6;65,64254
802559,9;65,64254
802576,3;65,64254
802592,3;65,64254
802608,8;65,64254
802625,4;65,64254
802641,9;65,64254
802658,5;65,64254
802675,1;65,64254
802692,1;65,64254
802708,9;65,64254
802724,8;65,64254
802741,8;65,64254
802757,9;65,64254
802774,6;65,64254
802791,6;65,64254
802807,9;65,64254
802824,3;65,64254
802840,8;65,64254
802858,1;65,64254
802874,3;65,64254
802891,1;65,64254
802907,7;65,64254
802923,6;65,93582
802940,2;65,93582
802956,8;65,93582
802973,5;65,93582
802990,3;65,93582
803006,4;65,93582
803023,1;65,93582
803039,8;65,93582
803056,1;65,93582
803072,8;65,93582
803089,3;65,93582
803105,8;65,93582
803122,8;65,93582
803139,8;65,93582
803155,5;65,93582
803172,1;65,93582
803188,7;65,93582
803205,3;65,93582
803221,8;65,93582
803238,6;65,93582
803254,9;65,93582
803271,5;65,93582
803288,1;65,93582
803304,6;65,93582
803321,3;65,93582
803337,8;65,93582
803354,3;65,93582
803371,8;65,93582
803387,4;65,93582
803404,1;65,93582
803420,8;65,93582
803437,3;65,93582
803453,8;65,93582
803470,4;65,93582
803486,9;65,93582
803503,9;65,93582
803520,1;65,93582
803536,6;65,93582
803553,2;65,93582
803569,7;65,93582
803586,3;65,93582
803602,9;65,93582
803619,4;65,93582
803636;65,93582
803652,9;65,93582
803669,1;65,93582
803685,7;65,93582
803702,7;65,93582
803718,8;65,93582
803735,4;65,93582
803751,9;66,11208
803768,8;66,11208
803785,1;66,11208
803801,6;66,11208
803818,4;66,11208
803835,1;66,11208
803851,4;66,11208
803868,1;66,11208
803884,6;66,11208
803901,1;66,11208
803917,6;66,11208
803934,3;66,11208
803950,8;66,11208
803968,3;66,11208
803984,1;66,11208
804000,5;66,11208
804017;66,11208
804033,6;66,11208
804050,1;66,11208
804066,7;66,11208
804083,9;66,11208
804100,6;66,11208
804116,9;66,11208
804132,9;66,11208
804149,6;66,11208
804166,1;66,32742
804182,7;66,13592
804199,3;66,13592
804216,3;66,13592
804232,4;66,13592
804248,9;66,13592
804265,5;66,13592
804282,1;66,13592
804298,6;66,13592
804315,3;66,13592
804332;66,13592
804348,4;66,13592
804365,9;66,13592
804381,5;66,13592
804398;66,13592
804414,6;66,13592
804431,1;66,13592
804447,8;66,13592
804464,8;66,13592
804480,8;66,41457
804497,5;66,41457
804514;66,41457
804530,6;66,41457
804547,7;66,41457
804563,8;66,41457
804580,8;66,41457
804596,8;66,41457
804613,4;66,41457
804629,9;66,41457
804646,6;66,41457
804663,5;66,41457
804680,1;66,41457
804696,5;66,41457
804712,9;66,41457
804729,4;66,41457
804746,4;66,41457
804762,6;66,41457
804779,1;66,41457
804795,8;66,41457
804812,2;66,41457
804828,8;66,41457
804845,3;66,41457
804862,6;66,41457
804882,1;66,41457
804898,9;66,41457
804915,3;66,41457
804931,8;66,41457
804949;66,41457
804964,9;66,41457
804981,9;66,41457
804998,1;66,41457
805015,5;66,41457
805031,2;66,41457
805047,9;66,41457
805064,8;66,41457
805080,9;66,41457
805097,8;66,41457
805114,5;66,41457
805130,9;66,41457
805147,1;66,41457
805163,8;66,41457
805180,6;66,41457
805196,9;66,41457
805213,4;66,41457
805230,2;66,41457
805246,6;66,41457
805263,1;66,41457
805280,1;66,48454
805296,3;66,48454
805312,9;66,48454
805329,4;66,48454
805345,9;66,48454
805362,7;66,48454
805379,1;66,48454
805395,7;66,48454
805412,3;66,48454
805428,8;66,48454
805445,4;66,48454
805461,9;66,48454
805478,6;66,48454
805495,5;66,48454
805511,7;66,48454
805528,2;66,48454
805544,8;66,48454
805561,3;66,48454
805578,1;66,48454
805594,5;66,48454
805611;66,48454
805627,6;66,48454
805644,3;66,48454
805660,8;66,48454
805677,7;66,48454
805693,9;66,48454
805710,9;66,48454
805727,1;66,48454
805743,6;66,48454
805760,1;66,48454
805776,8;66,48454
805793,8;66,48454
805810,4;66,48454
805826,4;66,48454
805842,9;66,48454
805859,6;66,48454
805876,1;66,48454
805892,7;66,48454
805909,8;66,48454
805925,9;66,48454
805942,4;66,48454
805958,9;66,48454
805975,7;66,48454
805992,1;66,48454
806008,7;66,48454
806025,3;66,48454
806041,8;66,48454
806058,4;66,47331
806075,1;66,47331
806091,5;66,47331
806108,1;66,47331
806124,9;66,47331
806141,2;66,47331
806157,8;66,47331
806175;66,47331
806190,9;66,47331
806207,4;66,47331
806224;66,47331
806240,6;66,47331
806257,1;66,47331
806274,4;66,47331
806290,3;66,47331
806306,8;66,47331
806323,4;66,47331
806339,9;66,47331
806356,6;66,47331
806373,1;66,47331
806390,2;66,47331
806406,3;66,47331
806422,8;66,47331
806439,4;66,47331
806455,9;66,47331
806472,8;66,47331
806489,1;66,47331
806505,6;66,47331
806522,2;66,47331
806538,8;66,47331
806555,4;66,47331
806572,1;66,47331
806588,5;66,47331
806605,6;66,47331
806624,1;66,47331
806638,2;66,47331
806654,8;66,47331
806671,6;66,47331
806687,9;66,47331
806704,4;66,47331
806721;66,47331
806737,6;66,47331
806754,1;66,47331
806770,8;66,47331
806787,3;66,47331
806803,8;66,47331
806821,3;66,47331
806837;66,47331
806853,5;66,44191
806870,1;66,44191
806886,7;66,44191
806903,3;66,44191
806920,1;66,44191
806936,4;66,44191
806953,3;66,44191
806969,5;66,44191
806986,1;66,44191
807002,8;66,44191
807020;66,44191
807035,9;66,44191
807052,4;66,44191
807069,1;66,44191
807085,5;66,44191
807102,4;66,44191
807118,9;66,44191
807135,2;66,44191
807151,8;66,44191
807168,4;66,44191
807184,9;66,44191
807201,7;66,44191
807218;66,38936
807234,6;66,35683
807251,3;66,32601
807267,7;66,29141
807285,1;66,27185
807301,2;66,23834
807317,4;66,19316
807334;66,15886
807350,5;66,12919
807367,1;66,09486
807383,8;66,1105
807400,3;66,1105
807416,8;66,1105
807433,4;66,1105
807449,9;66,1105
807466,5;66,1105
807483,1;66,1105
807500,3;66,1105
807516,3;66,1105
807532,8;66,1105
807549,4;66,1105
807565,9;66,1105
807582,4;66,1105
807599,2;66,1105
807616,5;66,1105
807632,3;66,12067
807648,8;66,12067
807665,7;66,3849
807681,9;66,3849
807698,4;66,3849
807715;66,3849
807731,6;66,3849
807748,8;66,3849
807764,8;66,3849
807781,9;66,3849
807797,9;66,3849
807814,5;66,3849
807831;66,3849
807847,6;66,3849
807864,1;66,3849
807880,7;66,3849
807897,4;66,3849
807913,9;66,3849
807930,4;66,3849
807946,9;66,3849
807963,5;66,3849
807980,6;66,3849
807996,6;66,3849
808013,2;66,3849
808030,3;66,3849
808046,3;66,3849
808062,9;66,3849
808079,9;66,3849
808096,1;66,3849
808112,6;66,3849
808129,3;66,3849
808145,8;66,3849
808162,3;66,3849
808178,9;66,3849
808195,4;66,3849
808212,1;66,3849
808228,6;66,3849
808245,3;66,3849
808261,8;66,3849
808278,3;66,3849
808294,9;66,3849
808311,6;66,3849
808328;66,3849
808344,6;66,3849
808361,1;66,3849
808377,7;66,3849
808395,2;66,3849
808411;66,81906
808427,5;66,81906
808444;66,81906
808460,5;66,81906
808477,1;66,81906
808493,9;66,81906
808510,2;66,81906
808526,8;66,81906
808543,4;66,81906
808560,1;66,81906
808576,5;66,81906
808593;66,81906
808609,6;66,81906
808626,9;66,81906
808642,8;66,81906
808659,3;66,81906
808675,9;66,81906
808692,7;66,81906
808709,4;66,81906
808725,6;66,81906
808742,1;66,81906
808758,8;66,81906
808775,3;66,81906
808791,9;66,81906
808808,4;66,81906
808824,9;66,81906
808841,8;66,81906
808858,3;66,81906
808874,7;66,81906
808891,3;66,81906
808907,8;66,81906
808924,4;66,81906
808941,3;66,81906
808957,5;66,81906
808974,2;66,81906
808990,7;66,81906
809007,2;66,81906
809023,8;66,81906
809040,4;66,81906
809056,9;66,81906
809073,5;66,81906
809090;66,81906
809106,6;66,81906
809123,4;66,81906
809139,8;66,88286
809156,3;66,88286
809172,9;66,88286
809189,4;66,88286
809206;66,88286
809222,6;66,88286
809239,2;66,88286
809255,8;66,88286
809272,4;66,88286
809291,3;66,88286
809305,4;66,88286
809322;66,88286
809338,6;66,88286
809355,9;66,88286
809371,7;66,88286
809388,3;66,88286
809404,8;66,88286
809421,5;66,88286
809438,4;66,88286
809454,5;66,88286
809471,1;66,88286
809487,7;66,88286
809504,4;66,88286
809520,8;66,88286
809537,4;66,88286
809553,9;66,88286
809570,5;66,88286
809587,1;66,88286
809604,1;66,88286
809620,8;66,88286
809636,8;66,88286
809653,5;66,88286
809670,6;66,88286
809687,2;66,88286
809703,1;66,88286
809720,6;66,88286
809736,1;66,88286
809753,1;66,88286
809769,3;66,88286
809785,9;66,88286
809802,4;66,88286
809819;66,88286
809835,6;66,88286
809852,1;66,88286
809869;67,28667
809885,3;67,28667
809901,8;67,28
809918,4;67,28049
809935,4;67,27438
809951,6;67,27249
809968,1;67,28298
809984,6;67,28675
810001,3;67,27364
810017,8;67,26367
810034,4;67,27415
810051,3;67,27303
810067,6;67,27608
810084,6;66,79066
810100,6;66,37959
810117,2;66,43168
810133,8;66,48396
810150,3;66,53173
810166,9;66,59553
810186,9;66,6412
810203,7;66,69053
810220,1;66,74005
810237,1;66,794
810253,4;66,84722
810269,9;66,90259
810286,4;66,94452
810302,9;66,99605
810319,5;67,05759
810336,1;66,83231
810352,6;66,87214
810369,2;66,92238
810385,8;66,97053
810402,4;67,02062
810418,9;67,06542
810435,5;67,09348
810452;67,13574
810468,6;66,79836
810485,2;66,47714
810502,1;66,44804
810518,3;66,0916
810534,9;65,78872
810552,4;65,78872
810568;65,78872
810584,6;65,78872
810601,1;65,78872
810617,7;65,78872
810634,3;65,78872
810650,8;65,78872
810667,4;65,78872
810683,9;65,78872
810700,5;65,78872
810717,1;65,78872
810733,6;65,78872
810750,8;65,78872
810766,8;65,78872
810783,3;65,78872
810799,9;65,78872
810816,8;65,78872
810833,1;65,78872
810850,1;65,78872
810866,2;65,78872
810882,8;65,78872
810899,3;65,78872
810916,2;65,78872
810932,4;65,78872
810949,5;65,78872
810965,6;65,78872
810982,4;65,78872
810998,7;65,78872
811015,3;65,78872
811031,9;65,78872
811048,4;65,78872
811069,7;65,78872
811086,4;65,78872
811102,9;65,78872
811119,4;65,78872
811136,1;65,78872
811152,6;65,78872
811169,1;65,78872
811185,7;65,78872
811202,2;65,78872
811219,1;65,78872
811235,7;65,78872
811252,2;65,78872
811268,5;65,78872
811285,1;65,78872
811301,6;65,78872
811318,2;65,78872
811334,8;65,78872
811351,3;65,78872
811367,9;66,2118
811384,4;66,2118
811401,1;66,54279
811417,6;66,9129
811434,1;67,16757
811450,8;67,46873
811467,3;67,46873
811483,9;67,46873
811500,5;67,46873
811516,9;67,46873
811533,6;67,46873
811550,8;67,46873
811566,7;67,46873
811583,9;67,46873
811599,9;67,46873
811616,7;67,46873
811632,9;67,46873
811649,6;67,46873
811666,5;67,46873
811682,7;67,46873
811699,7;67,46873
811715,9;67,46873
811732,7;67,46873
811749,4;67,46873
811765,8;67,46873
811782,7;67,46873
811798,6;67,46873
811815,8;67,46873
811831,8;67,46873
811848,3;67,46873
811864,9;67,46873
811881,5;67,46873
811898;67,46873
811914,9;67,46873
811931,4;67,46873
811953,9;67,46873
811970,4;67,46873
811987,1;67,46873
812003,8;67,46873
812020,3;67,46873
812037,1;67,46873
812053,3;67,46873
812069,9;67,46873
812086,4;67,60162
812103,4;67,60162
812119,6;67,60162
812136,3;67,60162
812152,7;67,60162
812169,3;67,60162
812185,9;67,60162
812202,4;67,60162
812219,1;67,60162
812235,6;67,60162
812252,6;67,60162
812268,7;67,60162
812285,5;67,60162
812302,4;67,60162
812319;67,60162
812334,9;67,60162
812351,7;67,60162
812368,1;67,60162
812384,6;67,60162
812401,6;67,60162
812417,8;67,60162
812434,8;67,60162
812450,9;67,60162
812467,4;67,60162
812484;67,60162
812500,6;67,60162
812517,1;67,60162
812533,7;67,60162
812551;67,60162
812567,1;67,60162
812583,4;67,60162
812600,4;67,60162
812617,3;67,60162
812633,4;67,60162
812649,7;67,60162
812666,3;67,60162
812682,8;67,60162
812700,1;67,60162
812715,9;67,60162
812732,6;67,60162
812749,4;67,60162
812765,6;67,60162
812782,7;67,60162
812798,8;67,60162
812815,7;67,97752
812832,1;67,97752
812848,5;67,97752
812865,1;67,97752
812881,9;67,97752
812898,2;67,97752
812914,8;67,97752
812932;67,97752
812947,9;67,97752
812964,5;67,97752
812981,1;67,97752
812997,6;67,97752
813014,3;67,97752
813031,2;67,97752
813047,9;67,97752
813064;67,97752
813080,6;67,97752
813097,1;67,97752
813113,5;67,97752
813130,1;67,97752
813147,1;67,97752
813163,3;67,97752
813179,9;67,97752
813196,4;67,97752
813213,3;67,97752
813229,5;67,97752
813246,1;67,97752
813262,8;67,97752
813279,6;67,97752
813296,1;67,97752
813312,4;67,97752
813328,9;67,97752
813345,9;67,97752
813362,3;67,97752
813378,6;67,97752
813395,2;67,97752
813411,9;67,97752
813428,4;67,97752
813444,9;67,97752
813461,4;67,97752
813478;67,97752
813494,6;67,97752
813511,3;67,97752
813528,1;67,97752
813544,3;67,97752
813560,9;68,06935
813577,4;68,06935
813594,6;68,06935
813610,7;68,06935
813627,1;68,06935
813643,7;68,06935
813660,5;68,06935
813676,9;68,06935
813693,4;68,06935
813709,9;68,06935
813727,1;68,06935
813744,2;68,06935
813759,8;68,06935
813776,3;68,06935
813792,8;68,06935
813809,4;68,06935
813825,9;68,06935
813843,3;68,06935
813859,2;68,06935
813875,6;68,06935
813892,1;68,06935
813908,8;68,06935
813925,3;68,06935
813942,4;68,06935
813958,4;68,06935
813975,1;68,06935
813991,6;68,06935
814008,2;68,06935
814024,8;68,06935
814041,3;68,06935
814058,6;68,06935
814074,4;68,06935
814091;68,06935
814107,6;68,06935
814124,6;68,06935
814140,8;68,06935
814157,3;68,06935
814173,9;68,06935
814190,4;68,06935
814207;68,06935
814223,5;68,06935
814240,5;68,06935
814256,6;68,06935
814273,2;68,06935
814290,5;68,06935
814306,3;68,39892
814322,9;68,39892
814339,5;68,39892
814356,1;68,39892
814372,6;68,39892
814389,2;68,39892
814405,8;68,39892
814422,3;68,39892
814439,3;68,39892
814455,4;68,39892
814472;68,39892
814488,6;68,39892
814505,2;68,39892
814521,8;68,39892
814538,7;68,39892
814554,9;68,39892
814571,4;68,39892
814588;68,39892
814604,6;68,39892
814621,1;68,39892
814640,8;68,39892
814654,3;68,39892
814671,2;68,39892
814687,4;68,39892
814704;68,39892
814720,5;68,39892
814737,1;68,39892
814753,7;68,39892
814770,3;68,39892
814786,8;68,39892
814803,4;68,39892
814820,1;68,39892
814836,5;68,39892
814853,3;68,39892
814870,1;68,39892
814886,2;68,39892
814902,8;68,39892
814919,3;68,39892
814935,9;68,39892
814952,4;68,39892
814969;68,39892
814985,8;68,39892
815002,1;68,39892
815018,8;68,39892
815035,3;68,39892
815052,2;68,39892
815069,2;68,39892
815085,1;68,51759
815101,8;68,51759
815118,1;68,51759
815135,5;68,51759
815151,8;68,51759
815167,8;68,51759
815184,6;68,51759
815201,4;68,51759
815217,6;68,51759
815234,1;68,51759
815250,7;68,51759
815267,2;68,51759
815283,8;68,51759
815300,8;68,51759
815316,9;68,51759
815333,5;68,51759
815350,2;68,51759
815367;68,51759
815383,2;68,51759
815400,6;68,51759
815416,3;68,81445
815432,9;68,83259
815449,4;68,86327
815466;68,89157
815482,6;68,14146
815502,7;67,66183
815515,7;67,65151
815532,3;67,65833
815548,8;67,6532
815565,6;67,63625
815582;67,63121
815598,7;67,29652
815615,1;67,29652
815631,8;67,29652
815648,3;67,29652
815664,9;67,29652
815681,6;67,6192
815697,9;67,60983
815714,6;67,5976
815731,1;67,59467
815747,7;67,25799
815764,3;67,25799
815780,9;67,25799
815797,4;67,25799
815813,9;67,66394
815830,5;67,66394
815847,1;67,66394
815864,4;67,66394
815880,5;67,66394
815896,8;67,66394
815913,3;67,66394
815930,1;67,66394
815946,5;67,66394
815963,3;67,66394
815979,8;67,66394
815996,1;67,66394
816012,7;67,66394
816029,3;67,66394
816046,3;67,66394
816062,4;67,66394
816079,4;67,66394
816095,5;67,66394
816112,1;67,66394
816128,8;67,66394
816145,3;67,66394
816162,6;67,66394
816178,4;67,66394
816195,1;67,66394
816211,5;67,66394
816228,6;67,66394
816245,3;67,66394
816261,3;67,66394
816277,8;67,66394
816294,8;67,66394
816310,9;67,66394
816327,4;67,66394
816344,3;67,66394
816360,6;67,66394
816377,2;67,66394
816399,9;67,66394
816410,9;67,66394
816427,1;67,66394
816443,4;67,66394
816460;67,66394
816476,6;67,66394
816493,6;67,66394
816509,7;67,66394
816526,3;67,66394
816543;67,66394
816559,4;67,76393
816576,6;67,76393
816592,5;67,76393
816609,1;67,76393
816625,8;67,76393
816642,3;67,76393
816658,8;67,76393
816675,4;67,76393
816692,3;67,76393
816708,5;67,76393
816725,3;67,76393
816741,6;67,76393
816758,3;67,76393
816774,8;67,76393
816791,4;67,76393
816807,9;67,76393
816824,5;67,76393
816841,1;67,76393
816857,6;67,76393
816874,2;67,76393
816890,8;67,76393
816907,3;67,76393
816923,9;67,76393
816940,5;67,76393
816957;67,76393
816973,6;67,76393
816990,2;67,76393
817006,7;67,76393
817023,3;67,76393
817040,6;67,76393
817056,5;67,76393
817073;67,76393
817089,6;67,76393
817106,1;67,76393
817122,7;67,76393
817139,3;67,76393
817155,8;67,76393
817172,4;67,76393
817188,9;67,76393
817205,5;67,76393
817222,6;67,76393
817238,6;67,76393
817255,3;67,76393
817274;68,17871
817290,6;68,17871
817307,1;68,17871
817323,7;68,17871
817340,3;68,17871
817356,8;68,17871
817373,6;68,17871
817390,4;68,17871
817406,6;68,17871
817423,1;68,17871
817439,6;68,17871
817456,3;68,17871
817472,9;68,17871
817489,4;68,17871
817506,3;68,17871
817522,6;68,17871
817539,4;68,17871
817556,1;68,17871
817572,5;68,17871
817588,8;68,17871
817605,5;68,17871
817622,2;68,17871
817638,9;68,17871
817655,3;68,17871
817671,6;68,17871
817688,4;68,17871
817704,8;68,17871
817721,9;68,17871
817738,6;68,17871
817755,1;68,17871
817771;68,17871
817787,8;68,17871
817804,2;68,17871
817821,3;68,17871
817837,3;68,17871
817853,8;68,17871
817870,4;68,17871
817887,5;68,17871
817903,5;68,17871
817920,1;68,17871
817936,6;68,17871
817953,3;68,17871
817969,9;68,17871
817986,6;68,17871
818003,3;68,29006
818020;68,29006
818036,4;68,29006
818053,3;68,29006
818069,3;68,29006
818085,9;68,29006
818102,3;68,29006
818119;68,29006
818135,4;68,29006
818152,1;68,29006
818168,6;68,29006
818185,4;68,29006
818201,8;68,29006
818218,3;68,29006
818235,7;68,29006
818251,4;68,29006
818268;68,29006
818284,6;68,29006
818301,4;68,29006
818317,7;68,29006
818334,3;68,29006
818350,8;68,29006
818367,4;68,29006
818384,1;68,29006
818400,5;68,29006
818417,1;68,29006
818433,8;68,29006
818450,2;68,29006
818467,3;68,29006
818483,7;68,29006
818500,2;68,29006
818516,9;68,29006
818533,1;68,29006
818549,6;68,29006
818566,3;68,29006
818582,8;68,29006
818599,3;68,29006
818615,9;68,29006
818632,4;68,29006
818649,1;68,29006
818666;68,29006
818682,3;68,29006
818698,8;68,71947
818715,3;68,71947
818731,9;68,71947
818748,5;68,71947
818765,1;68,71947
818781,6;68,71947
818798,1;68,71947
818815,2;68,71947
818831,3;68,71947
818847,9;68,71947
818864,4;68,71947
818881;68,71947
818897,5;68,71947
818914,1;68,71947
818930,7;68,71947
818947,2;68,71947
818964,5;68,71947
818980,4;68,71947
818997,4;68,71947
819013,7;68,71947
819030;68,71947
819051,2;68,71947
819063,2;68,71947
819079,8;68,71947
819096,3;68,71947
819112,9;68,70957
819129,4;68,72311
819146;68,71481
819162,6;68,70795
819179,2;68,70718
819195,8;68,70718
819212,3;68,70718
819228,9;68,70718
819245,4;68,70718
819261,9;68,70718
819278,6;68,70718
819295,2;68,70718
819311,7;68,69837
819328,3;68,69799
819344,9;68,69799
819361,4;68,69799
819377,9;68,69799
819395,1;68,69799
819411,1;68,78577
819427,7;68,78577
819444,4;68,78577
819461;68,78577
819477,4;68,78577
819493,9;68,78577
819510,5;68,78577
819527,1;68,78577
819543,6;68,78577
819560,7;68,78577
819576,8;68,78577
819593,5;68,78577
819609,9;68,78577
819626,8;68,78577
819643,1;68,78577
819659,7;68,78577
819676,1;68,78577
819692,8;68,78577
819709,3;68,78577
819725,9;68,78577
819742,4;68,78577
819759;68,78577
819775,8;68,78577
819792,3;68,78577
819808,7;68,78577
819825,3;68,78577
819841,8;68,78577
819858,4;68,78577
819875,4;68,78577
819891,7;68,78577
819908,1;68,78577
819925;68,78577
819941,3;68,78577
819957,9;68,78577
819974,6;68,78577
819991,1;68,78577
820007,8;68,78577
820024,1;68,78577
820040,6;68,78577
820057,2;68,78577
820073,9;68,78577
820090,3;68,78577
820106,9;68,78577
820123,5;68,78577
820140;69,17849
820156,6;69,17849
820173,2;69,17849
820189,7;69,17849
820207,2;69,17849
820222,8;69,17849
820239,6;69,17849
820256;69,17849
820272,6;69,17849
820289,3;69,17849
820306,4;69,17849
820322,3;69,17849
820338,8;69,17849
820356,4;69,17849
820372,2;69,17849
820389,2;69,17849
820405,1;69,17849
820421,9;69,17849
820438,3;69,17849
820454,8;69,17849
820471,9;69,17849
820487,9;69,17849
820504,5;69,17849
820521,1;69,17849
820538,4;69,17849
820554,8;69,17849
820570,8;69,17849
820587,3;69,17849
820604,8;69,17849
820620,8;69,17849
820637;69,17849
820654;69,17849
820670,2;69,17849
820687;69,17849
820703,3;69,17849
820719,9;69,17849
820736,6;69,17849
820753,3;69,17849
820769,5;69,17849
820786,1;69,17849
820802,9;69,17849
820819,6;69,17849
820836,1;69,17849
820852,6;69,17849
820869,6;69,17849
820885,7;69,17849
820902,3;69,2182
820918,9;69,2182
820935,4;69,2182
820951,9;69,2182
820968,5;69,2182
820985,3;69,2182
821002,1;69,2182
821018,2;69,2182
821034,8;69,2182
821051,3;69,2182
821067,9;69,2182
821084,5;69,2182
821101,3;69,2182
821117,6;69,2182
821134,1;69,2182
821150,8;69,2182
821167,3;69,2182
821183,9;69,2182
821200,4;69,2182
821217,3;69,2182
821233,6;69,2182
821250,2;69,2182
821266,8;69,2182
821283,7;69,2182
821300,1;69,2182
821316,4;69,2182
821333;69,2182
821349,6;69,2182
821366,3;69,2182
821382,9;69,2182
821399,8;69,2182
821415,8;69,2182
821432,4;69,2182
821449;69,2182
821465,5;69,2182
821482,1;69,2182
821498,7;69,2182
821515,2;69,2182
821531,8;69,2182
821548,4;69,2182
821564,9;69,2182
821582;69,2182
821598,4;69,2182
821614,6;69,2182
821631,5;69,2182
821648;69,2182
821664,3;69,2182
821684,5;69,64813
821697,4;69,64813
821714,3;69,64813
821730,6;69,64813
821747,1;69,64813
821763,8;69,64813
821780,4;69,64813
821796,9;69,64813
821813,6;69,64813
821829,9;69,64813
821846,6;69,64813
821863,2;69,64813
821879,7;69,64813
821896,3;69,64813
821912,9;69,64813
821929,4;69,64813
821945,9;69,64813
821962,5;69,64813
821979,1;69,64813
821995,7;69,64813
822012,2;69,64813
822028,8;69,64813
822045,5;69,64813
822061,9;69,64813
822078,5;69,64813
822095,1;69,64813
822111,6;69,64813
822128,3;69,64813
822144,8;69,64813
822161,4;69,64813
822177,9;69,64813
822194,4;69,64813
822211;69,64813
822227,6;69,64813
822244,1;69,64813
822260,8;69,64813
822277,3;69,64813
822293,8;69,64813
822310,4;69,64813
822326,9;69,64813
822343,6;69,64813
822360,3;69,64813
822376,7;69,64813
822393,3;69,64813
822409,8;69,73159
822426,4;69,73159
822442,9;69,73159
822460,1;69,73159
822476,1;69,73159
822493,2;69,73159
822509,5;69,73159
822526,2;69,73159
822542,7;69,73159
822562;69,73159
822575,5;69,73159
822592,1;69,73159
822609,4;69,73159
822625,2;69,73159
822641,8;69,73159
822658,4;69,73159
822674,9;69,73159
822691,9;69,73159
822708;69,73159
822724,6;69,73159
822741,1;69,73159
822757,9;69,73159
822774,3;69,73159
822790,8;69,73159
822807,4;69,73159
822824;69,73159
822840,8;69,73159
822857,1;69,73159
822873,7;69,73159
822890,3;69,73159
822907,3;69,73159
822923,8;69,73159
822940;69,73159
822956,6;69,73159
822973,1;69,73159
822989,7;69,73159
823006,3;69,73159
823022,8;69,73159
823039,4;69,73159
823055,9;69,73159
823073,3;69,73159
823089,1;69,73159
823105,6;69,73159
823122,2;69,73159
823139,1;70,15717
823155,3;70,15717
823171,9;70,15717
823188,5;70,15717
823205;70,15717
823221,7;70,15717
823238,2;70,15717
823254,7;70,15717
823271,3;70,15717
823287,8;70,15717
823304,4;70,15717
823321,2;70,15717
823337,6;70,15717
823354,1;70,15717
823370,7;70,15717
823387,3;70,15717
823403,8;70,15717
823420,4;70,15717
823437,2;70,15717
823459,6;70,15717
823476,2;70,15717
823492,8;70,15717
823509,3;70,15717
823525,9;70,15717
823542,6;70,15717
823559,2;70,15717
823575,6;70,15717
823592,1;70,15717
823608,7;70,15717
823625,6;70,15717
823641,9;70,15717
823658,4;70,15717
823675;70,15717
823691,5;70,15717
823708,2;70,15717
823724,7;70,15717
823741,2;70,15717
823757,8;70,15717
823774,9;70,15717
823790,9;70,15717
823807,5;70,15717
823825;70,15717
823841,1;70,15717
823857,2;70,15717
823873,8;70,24335
823890,3;70,24335
823906,9;70,24335
823923,4;70,24335
823940,1;70,24335
823956,9;70,24335
823973,3;70,24335
823989,8;70,24335
824006,3;70,24335
824022,9;70,24335
824039,4;70,24335
824056,5;70,24335
824073,7;70,24335
824089,5;70,24335
824106,1;70,24335
824122,3;70,24335
824139,3;70,24335
824155,4;70,24335
824172,3;70,24335
824188,6;70,24335
824205,1;70,24335
824221,7;70,24335
824238,3;70,24335
824254,9;70,24335
824271,4;70,24335
824288,1;70,24335
824304,5;70,24335
824321,1;70,24335
824341,2;70,24335
824354,5;70,24335
824370,8;70,24335
824387,3;70,24335
824403,9;70,24335
824420,5;70,24335
824437;70,24335
824454,2;70,24335
824470,8;70,24335
824486,8;70,24335
824503,6;70,24335
824519,8;70,24335
824536,4;70,24335
824553,4;70,24335
824569,9;70,24335
824586,1;70,69542
824602,8;70,69542
824619,3;70,69542
824635,8;70,69542
824652,4;70,69542
824668,9;70,69542
824685,6;70,69542
824702,1;70,69542
824718,7;70,69542
824735,3;70,69542
824751,8;70,69542
824768,4;70,69542
824785;70,69542
824801,5;70,69542
824818,1;70,69542
824834,6;70,69542
824851,2;70,69542
824867,8;70,69542
824884,3;70,69542
824900,9;70,67052
824917,5;70,65449
824934,1;70,64395
824950,6;70,63161
824967,2;70,61461
824983,7;70,60413
825000,8;70,59637
825016,9;70,58025
825033,4;70,57115
825050,2;70,55192
825066,6;70,57348
825083,1;70,57348
825100,2;70,57348
825116,3;70,57348
825132,8;70,54858
825149,4;70,55328
825165,9;70,52838
825182,7;70,50542
825199,4;70,50455
825215,6;70,50494
825234,3;70,50494
825250,9;70,50494
825267,4;70,50494
825283,9;70,55094
825300,7;70,55094
825317,1;70,55094
825333,7;70,55094
825350,3;70,55094
825366,8;70,55094
825383,4;70,55094
825400,3;70,55094
825416,5;70,55094
825433,5;70,55094
825449,6;70,55094
825466,3;70,55094
825482,9;70,55094
825499,3;70,55094
825515,9;70,55094
825532,5;70,55094
825549;70,55094
825566;70,55094
825582,3;70,55094
825598,9;70,55094
825615,3;70,55094
825631,8;70,55094
825648,4;70,55094
825665;70,55094
825681,6;70,55094
825698,6;70,55094
825714,7;70,55094
825731,3;70,55094
825747,8;70,55094
825764,4;70,55094
825780,9;70,55094
825797,8;70,55094
825814,1;70,55094
825830,6;70,55094
825847,3;70,55094
825864,4;70,55094
825880,4;70,55094
825897,4;70,55094
825913,5;70,55094
825930,6;70,55094
825946,6;70,55094
825963,2;70,55094
825979,8;70,55094
825996,3;70,55094
826012,9;70,55094
826029,5;70,93946
826046,3;70,93946
826062,6;70,93946
826079,2;70,93946
826095,7;70,93946
826112,3;70,93946
826128,9;70,93946
826146,3;70,93946
826162,4;70,93946
826178,6;70,93946
826195,2;70,93946
826212,1;70,93946
826228,3;70,93946
826244,8;70,93946
826261,4;70,93946
826277,9;70,93946
826294,5;70,93946
826311,2;70,93946
826327,6;70,93946
826344,3;70,93946
826360,8;70,93946
826377,9;70,93946
826393,9;70,93946
826410,6;70,93946
826427,1;70,93946
826443,6;70,93946
826460,2;70,93946
826476,8;70,93946
826493,4;70,93946
826509,9;70,93946
826526,4;70,93946
826543;70,93946
826559,6;70,93946
826576,2;70,93946
826592,7;70,93946
826609,3;70,93946
826625,9;70,93946
826642,4;70,93946
826659;70,93946
826675,6;70,93946
826692,1;70,93946
826709,6;70,93946
826725,3;70,93946
826742,1;70,93946
826758,4;70,93946
826775;70,93946
826791,5;70,93946
826808,1;70,93502
826824,6;70,93502
826841,8;70,93502
826858,7;70,93502
826874,3;70,93502
826890,9;70,93502
826907,8;70,93502
826924,1;70,93502
826940,6;70,93502
826957,3;70,93502
826975,1;70,93502
826991,9;70,93502
827008,2;70,93502
827024,8;70,93502
827041,3;70,93502
827057,9;70,93502
827075,1;70,93502
827091;70,93502
827107,8;70,93502
827124,7;70,93502
827140,7;70,93502
827157,3;70,93502
827174,2;70,93502
827190,6;70,93502
827207,1;70,93502
827223,9;70,93502
827240,1;70,93502
827256,6;70,93502
827273,3;70,93502
827289,8;70,93502
827306,3;70,93502
827323,5;70,93502
827339,5;70,93502
827356,1;70,93502
827372,6;70,93502
827389,3;70,93502
827405,8;70,93502
827422,4;70,93502
827439,5;70,93502
827455,5;70,93502
827472,2;70,93502
827488,6;70,93502
827505,1;70,93502
827521,8;70,93502
827538,7;70,93502
827554,9;70,93502
827571,4;70,93502
827588;70,93502
827605;71,29833
827621,1;71,29833
827637,7;71,29833
827654,3;71,29833
827670,9;71,29833
827687,4;71,29833
827704;71,29833
827720,5;71,29833
827737,1;71,29833
827754,2;71,29833
827770,2;71,29833
827786,8;71,29833
827803,4;71,29833
827819,9;71,29833
827836,5;71,29833
827853;71,29833
827869,6;71,29833
827886,9;71,29833
827903;71,29833
827919,3;71,29833
827935,9;71,29833
827952,4;71,29833
827969,1;71,29833
827985,8;71,29833
828002,2;71,29833
828018,8;71,29833
828035,3;71,29833
828052,7;71,29833
828068,4;71,23735
828084,9;71,18193
828101,8;70,84531
828118,1;70,12952
828134,7;70,12952
828151,3;70,12952
828167,9;70,12952
828184,4;70,12952
828200,9;70,12952
828217,5;70,12952
828234,1;70,12952
828250,7;70,12952
828267,2;70,12952
828284,2;70,46036
828300,5;69,85896
828317,1;69,85896
828333,5;69,85896
828350,4;69,85896
828367,1;70,27332
828383,3;70,27332
828399,8;70,27332
828416,3;70,27332
828432,9;70,27332
828449,4;70,27332
828466,1;70,27332
828482,6;70,27332
828499,4;70,27332
828516,1;70,27332
828532,4;70,27332
828548,9;70,27332
828565,4;70,27332
828582;70,27332
828598,8;70,27332
828615,1;70,27332
828631,8;70,27332
828648,3;70,27332
828664,9;70,27332
828682,3;70,27332
828697,9;70,27332
828714,6;70,27332
828735,9;70,27332
828747,7;70,27332
828764,3;70,27332
828780,8;70,27332
828797,4;70,27332
828813,9;70,27332
828830,6;70,27332
828847,3;70,27332
828864;70,27332
828880,2;70,27332
828896,8;70,27332
828913,3;70,27332
828929,9;70,27332
828946,5;70,27332
828963;70,27332
828979,6;70,27332
828996,1;70,27332
829012,7;70,27332
829029,6;70,27332
829046,2;70,27332
829062,6;70,27332
829079;70,27332
829095,6;70,27332
829112,1;70,27332
829128,7;70,27332
829145,3;70,27332
829161,9;70,27332
829178,4;70,2778
829195,4;70,2778
829211,6;70,2778
829228,1;70,2778
829244,6;70,2778
829261,3;70,2778
829277,8;70,2778
829294,4;70,2778
829311,1;70,2778
829327,5;70,2778
829344,1;70,2778
829360,7;70,2778
829377,5;70,2778
829393,8;70,2778
829410,3;70,2778
829426,9;70,2778
829443,8;70,2778
829460,3;70,2778
829476,6;70,2778
829493,2;70,2778
829510,1;70,2778
829526,3;70,2778
829543;70,2778
829559,4;70,2778
829576;70,2778
829592,6;70,2778
829611,1;70,2778
829626,1;70,2778
829642,4;70,2778
829658,8;70,2778
829675,4;70,2778
829691,9;70,2778
829708,8;70,2778
829725,6;70,2778
829741,6;70,2778
829758,3;70,2778
829775,3;70,2778
829791,4;70,2778
829808,4;70,2778
829824,5;70,2778
829841,1;70,2778
829857,7;70,2778
829874,2;70,2778
829890,8;70,2778
829907,6;70,26196
829924,2;70,26196
829940,5;70,26196
829957;70,26196
829973,6;70,26196
829990,2;70,26196
830006,7;70,26196
830023,3;70,26196
830039,9;70,26196
830056,8;70,26196
830073;70,26196
830089,6;70,26196
830106,1;70,26196
830122,7;70,26196
830139,3;70,26196
830155,8;70,26196
830172,4;70,26196
830189,4;70,26196
830205,8;70,26196
830222,1;70,26196
830238,9;70,26196
830255,3;70,26196
830271,9;70,26196
830288,3;70,26196
830305,2;70,26196
830321,6;70,26196
830338,1;70,26196
830354,6;70,26196
830371,2;70,26196
830387,8;70,26196
830404,4;70,26196
830420,9;70,26196
830437,7;70,26196
830454,1;70,26196
830470,6;70,26196
830488,3;70,26196
830504,4;70,26196
830520,3;70,26196
830536,9;70,26196
830553,4;70,26196
830570;70,26196
830586,6;70,26196
830603,1;70,26196
830619,7;70,26196
830636,4;70,26196
830652,8;70,3219
830669,4;70,3219
830686;70,3219
830702,8;70,3219
830719,4;70,3219
830735,8;70,3219
830752,2;70,3219
830768,8;70,3219
830785,3;70,3219
830801,9;70,3219
830818,7;70,3219
830835,1;70,3219
830851,8;70,3219
830868,2;70,3219
830884,8;70,3219
830901,3;70,3219
830917,9;70,3219
830934,4;70,3219
830951,5;70,3219
830967,6;70,3219
830984,4;70,28893
831000,8;69,87943
831017,3;69,90253
831033,9;69,92618
831050,8;69,94613
831067,1;69,95605
831083,6;69,97444
831100,3;70,00011
831116,7;70,0072
831133,3;70,01602
831149,8;69,69266
831166,4;69,69266
831183,1;69,69266
831199,5;69,69266
831216,1;69,69266
831232,7;69,69266
831249,6;69,69266
831265,9;70,03455
831282,4;70,06161
831298,9;70,06161
831315,5;70,06161
831332;70,06161
831350,8;70,17195
831365,2;70,17195
831381,8;70,17195
831398,8;70,17195
831414,9;70,17195
831431,5;70,17195
831448,2;70,17195
831464,8;70,17195
831481,2;70,17195
831498,1;70,17195
831514,4;70,17195
831531,6;70,17195
831547,4;70,17195
831564;70,17195
831580,6;70,17195
831597,2;70,17195
831614;70,17195
831630,8;70,17195
831646,9;70,17195
831663,4;70,17195
831680,1;70,17195
831696,9;70,17195
831713,1;70,17195
831730,1;70,17195
831746,3;70,17195
831762,8;70,17195
831779,8;70,17195
831795,9;70,17195
831812,9;70,17195
831829,1;70,17195
831845,6;70,17195
831862,2;70,17195
831878,8;70,17195
831895,3;70,17195
831911,9;70,17195
831928,4;70,17195
831945;70,17195
831961,6;70,17195
831978,5;70,17195
831994,8;70,17195
832011,3;70,17195
832028,3;70,17195
832044,5;70,17195
832061;70,17195
832077,6;70,62559
832094,3;70,62559
832110,7;70,62559
832127,3;70,62559
832143,8;70,62559
832160,4;70,62559
832176,9;70,62559
832193,7;70,62559
832210,2;70,62559
832226,8;70,62559
832243,3;70,62559
832267,7;70,62559
832279,3;70,62559
832296,1;70,62559
832312,9;70,62559
832329,1;70,62559
832345,6;70,62559
832362,2;70,62559
832378,8;70,62559
832396,1;70,62559
832412;70,62559
832428,5;70,62559
832445;70,62559
832461,7;70,62559
832478,1;70,62559
832494,7;70,62559
832511,3;70,62559
832528,1;70,62559
832544,8;70,62559
832561,2;70,62559
832577,5;70,62559
832594,1;70,62559
832610,7;70,62559
832627,2;70,62559
832643,8;70,62559
832660,3;70,62559
832676,9;70,62559
832693,8;70,62559
832710,1;70,62559
832726,9;70,62559
832743,4;70,62559
832760,5;70,62559
832776,3;70,62559
832793,8;70,74022
832809,6;70,74022
832826,1;70,74022
832842,6;70,74022
832859,3;70,74022
832875,8;70,74022
832892,5;70,74022
832908,9;70,74022
832925,4;70,74022
832942;70,74022
832958,6;70,74022
832975,2;70,74022
832992,6;70,74022
833009,2;70,74022
833024,8;70,74022
833041,6;70,74022
833058;70,74022
833074,5;70,74022
833091,1;70,74022
833107,7;70,74022
833124,2;70,74022
833145,4;70,74022
833162,1;70,74022
833178,6;70,74022
833195,2;70,74022
833211,9;70,74022
833228,3;70,74022
833245,4;70,74022
833261,4;70,74022
833278;70,74022
833294,6;70,74022
833311,2;70,74022
833327,9;70,74022
833344,3;70,74022
833360,8;70,74022
833377,4;70,74022
833394;70,74022
833410,5;70,74022
833427,7;70,74022
833443,7;70,74022
833460,2;70,74022
833476,8;70,74022
833493,4;70,74022
833509,9;71,23264
833526,9;71,23264
833543,1;71,23264
833560,4;71,23264
833576,8;71,23264
833592,8;71,23264
833609,3;71,23264
833626,1;71,23264
833642,4;71,23264
833659,1;71,23264
833675,6;71,23264
833692,2;71,23264
833708,8;71,23264
833725,5;71,23264
833741,9;71,23264
833758,4;71,23264
833775;71,23264
833791,6;71,23264
833808,4;71,23264
833824,7;71,23264
833841,8;71,24289
833857,9;71,23897
833874,4;71,16753
833891;70,65199
833907,6;70,10817
833924,1;70,10089
833940,7;70,09184
833957,2;70,08685
833973,8;69,75465
833990,6;69,75465
834010,5;69,75465
834027,5;69,75465
834043,9;70,0768
834060,2;70,07809
834076,8;69,59155
834093,3;69,10812
834110,5;68,59563
834126,4;68,17316
834143,1;68,17316
834159,6;68,17316
834176,1;68,17316
834192,8;68,13169
834209,3;68,13169
834226,4;68,13169
834242,4;68,13169
834259;68,13169
834275,6;68,13169
834292,1;68,13169
834308,9;68,13169
834325,3;68,13169
834341,9;68,13169
834358,4;68,13169
834375,3;68,13169
834391,6;68,13169
834408,1;68,13169
834424,7;68,13169
834441,3;68,13169
834457,8;68,13169
834474,4;68,13169
834491;68,13169
834507,8;68,13169
834524,2;68,13169
834540,6;68,13169
834557,2;68,13169
834573,8;68,13169
834590,3;68,13169
834607;68,13169
834623,5;68,13169
834640;68,13169
834656,6;68,13169
834673,2;68,13169
834689,7;68,13169
834706,3;68,13169
834722,8;68,13169
834739,9;68,13169
834756,1;68,13169
834772,5;68,13169
834789,1;68,13169
834805,7;68,13169
834822,3;68,13169
834838,8;68,13169
834855,4;68,13169
834872,4;68,13169
834894,5;68,13169
834905,6;68,13169
834922,2;68,13169
834938,8;68,24438
834955,3;68,24438
834971,9;68,24438
834988,8;68,24438
835005;68,24438
835021,6;68,24438
835038,4;68,24438
835054,7;68,24438
835071,3;68,24438
835087,8;68,24438
835104,4;68,24438
835121;68,24438
835137,5;68,24438
835154,1;68,24438
835170,7;68,24438
835187,3;68,24438
835203,9;68,24438
835220,3;68,24438
835236,9;68,24438
835253,7;68,24438
835270,1;68,24438
835286,8;68,24438
835303,3;68,24438
835319,8;68,24438
835336,3;68,24438
835352,9;68,24438
835369,4;68,24438
835386,1;68,24438
835402,6;68,24438
835419,2;68,24438
835435,8;68,24438
835452,3;68,24438
835468,9;68,24438
835485,7;68,24438
835502;68,24438
835518,9;68,24438
835535,1;68,24438
835551,7;68,24438
835568,3;68,24438
835584,9;68,24438
835601,4;68,24438
835618;68,24438
835634,5;68,24438
835651,4;68,24438
835667,7;68,62679
835684,2;68,62679
835700,8;68,62679
835717,4;68,62679
835734,1;68,62679
835750,5;68,62679
835773,2;68,62679
835784,3;68,62679
835801,1;68,62679
835817,4;68,62679
835834;68,62679
835850,9;68,62679
835867,1;68,62679
835883,7;68,62679
835900,3;68,62679
835917,1;68,62679
835933,4;68,62679
835949,9;68,62679
835967,1;68,62679
835983,1;68,62679
835999,6;68,62679
836016,3;68,62679
836032,9;68,62679
836049,4;68,62679
836066,3;68,62679
836082,5;68,62679
836099,7;68,62679
836115,7;68,62679
836132,2;68,62679
836149,3;68,62679
836165,6;68,62679
836181,9;68,62679
836198,6;68,62679
836215;68,62679
836231,8;68,62679
836248,2;68,62679
836264,7;68,62679
836281,5;68,62679
836297,9;68,62679
836314,4;68,62679
836331,2;68,62679
836348,3;68,62679
836364,2;68,62679
836381,3;68,62679
836397,4;68,62679
836414,2;68,73254
836430,6;68,73254
836446,9;68,73254
836464,1;69,12549
836480,1;69,12549
836496,7;69,12549
836513,3;69,12549
836529,8;69,12549
836546,7;69,12549
836563,2;69,12549
836580,3;69,12549
836596,1;69,12549
836612,6;69,12549
836629,2;69,12549
836646;69,12549
836665,3;69,12549
836681,8;69,12549
836698,4;69,12549
836715,1;69,12549
836731,5;69,12549
836748,1;69,12549
836764,6;69,12549
836781,2;69,12549
836797,8;69,12549
836814,3;69,12549
836830,9;69,12549
836847,5;69,45157
836864,1;69,47143
836880,6;69,4858
836897,8;69,16465
836913,8;69,16465
836930,3;69,16465
836946,9;69,16465
836963,5;69,16465
836980,1;69,16465
836996,8;69,16465
837013,1;69,16465
837029,8;69,16465
837046,3;69,48354
837062,9;69,1608
837079,4;69,1608
837096;69,1608
837113,6;69,1608
837129,4;69,1608
837145,7;69,1608
837162,3;69,1608
837178,8;69,1608
837195,4;69,1608
837212;69,1608
837228,7;69,1608
837245,1;69,1608
837261,7;69,1608
837278,2;69,1608
837294,8;69,1608
837311,3;69,1608
837327,9;69,1608
837344,9;69,1608
837361,4;69,1608
837377,8;69,1608
837394,8;69,1608
837410,9;69,1608
837427,3;69,1608
837443,9;69,1608
837460,6;69,1608
837477,4;69,1608
837493,6;69,1608
837510,2;69,1608
837526,8;69,1608
837547,8;69,1608
837559,9;69,1608
837576,5;69,1608
837593;69,1608
837609,6;69,1608
837626,1;69,1608
837642,9;69,1608
837659,6;69,1608
837676,1;69,1608
837692,4;69,1608
837709,1;69,1608
837725,5;69,1608
837742,1;69,1608
837758,7;69,1608
837775,2;69,1608
837792,2;69,1608
837808,4;69,1608
837824,9;69,1608
837841,5;69,54864
837858,1;69,59011
837874,6;69,66363
837891,2;70,04363
837907,8;70,04363
837924,3;70,04363
837940,9;70,04363
837957,6;70,04363
837974,4;70,04363
837990,9;70,04363
838007,1;70,04363
838023,8;70,04363
838040,4;70,04363
838056,8;70,04363
838073,4;70,04363
838089,9;70,04363
838106,8;70,04363
838123,1;70,04363
838139,7;70,04363
838156,3;70,04363
838172,8;70,04363
838189,4;70,04363
838206,7;70,04363
838222,9;70,04363
838239,5;70,04363
838255,7;70,04363
838272,5;70,04363
838288,8;70,04363
838306,1;70,04363
838321,9;70,04363
838338,5;70,04363
838355,2;70,04363
838371,6;70,04363
838388,2;70,04363
838404,8;70,04363
838421,4;70,04363
838440,9;70,04363
838457,4;70,04363
838474;70,04363
838490,6;70,04363
838507,1;70,04363
838523,7;70,04363
838540,3;70,04363
838556,8;70,04363
838573,7;70,14285
838589,9;70,14285
838606,5;70,14285
838623,1;70,14285
838639,6;70,14285
838656,3;70,14285
838672,9;70,14285
838689,5;70,14285
838705,9;70,14285
838722,6;70,14285
838739,1;70,14285
838755,8;70,14285
838772,2;70,14285
838788,8;70,14285
838805,4;70,14285
838821,9;70,14285
838838,4;70,14285
838855,1;70,14285
838872;70,14285
838888,2;70,14285
838905;70,14285
838921,8;70,14285
838937,9;70,14285
838954,4;70,14285
838971,2;70,14285
838987,6;70,14285
839004,1;70,14285
839020,7;70,14285
839037,3;70,14285
839053,8;70,14285
839070,4;70,14285
839087;70,14285
839103,5;70,14285
839120,1;70,14285
839136,7;70,14285
839153,3;70,14285
839169,8;70,14285
839186,8;70,14285
839203,1;70,14285
839220,3;70,14285
839236,1;70,14285
839252,6;70,14285
839269,3;70,14285
839285,8;70,14285
839302,4;70,56178
839319;70,56178
839335,4;70,56178
839352,1;70,56178
839368,7;70,56178
839385,5;70,56178
839401,8;70,56178
839418,8;70,56178
839434,9;70,56178
839451,4;70,56178
839468,3;70,56178
839484,6;70,56178
839501,2;70,56178
839517,7;70,56178
839534,3;70,56178
839550,9;70,56178
839567,9;70,56178
839584;70,56178
839601,1;70,56178
839617,1;70,56178
839633,7;70,56178
839650,6;70,56178
839666,8;70,56178
839683,4;70,56178
839700,5;70,56178
839716,8;70,56178
839733,1;70,56178
839749,6;70,56178
839766,2;70,56178
839782,8;70,56178
839799,4;70,56178
839815,9;70,56178
839832,4;70,56178
839849,1;70,56178
839865,6;70,56178
839882,1;70,56178
839899,3;70,56178
839915,3;70,56178
839931,9;70,56178
839948,4;70,56178
839965;70,56178
839981,6;70,56178
839998,1;70,56178
840015,5;70,68557
840031,3;70,68557
840047,9;70,68557
840064,4;70,68557
840081;70,68557
840097,6;70,68557
840114,1;70,68557
840130,8;70,68557
840147,2;70,68557
840163,8;70,68557
840180,9;70,68557
840196,9;70,68557
840213,6;70,68557
840230,1;70,68557
840253,3;70,68557
840269,8;70,68557
840287,2;70,68557
840303,1;70,68557
840319,4;70,68557
840336,4;70,68557
840352,6;70,68557
840369,2;70,68557
840385,9;70,68557
840402,4;70,68557
840418,9;70,68557
840435,7;70,68557
840452,3;70,68557
840468,6;70,68557
840485,2;70,68557
840501,7;70,68557
840518,3;70,68557
840534,9;70,68557
840551,4;70,68557
840568,1;70,68557
840584,6;70,68557
840601,3;70,68557
840617,7;70,68557
840634,3;70,68557
840650,8;70,68557
840667,4;70,68557
840684,2;70,68557
840700,5;70,68557
840717,4;70,68557
840733,7;70,68557
840750,3;71,16289
840766,8;71,16289
840783,3;71,16289
840799,9;71,16289
840816,9;71,16289
840833,1;71,16289
840849,6;71,16289
840866,2;71,16289
840882,8;71,16289
840899,3;71,16289
840916,3;71,16289
840932,4;71,16289
840949,1;71,16289
840965,6;71,16289
840982,1;71,16289
840998,7;71,16289
841016,1;71,16289
841031,9;71,16289
841048,4;71,16289
841065;71,16289
841081,6;71,16289
841098,1;71,16289
841114,7;71,16289
841132,4;71,16289
841147,8;71,16289
841164,4;71,16289
841181;71,16289
841197,5;71,16289
841214,2;71,16289
841231,2;71,16289
841247,4;71,16289
841264,1;71,16289
841280,8;71,16289
841296,9;71,16289
841313,5;71,16289
841330;71,16289
841346,6;71,16289
841363,2;71,16289
841379,8;71,16289
841396,3;71,16289
841412,9;71,16289
841430,1;71,16289
841446;71,28245
841462,6;71,28245
841479,3;71,28245
841496,1;71,28245
841512,3;71,28245
841528,9;71,28245
841545,9;71,28245
841561,9;71,28245
841578,9;71,28245
841595,1;71,28245
841611,8;71,28245
841628,3;71,28245
841645;71,28245
841661,4;71,28245
841678,4;71,28245
841694,6;71,28245
841711,1;71,28245
841727,7;71,28245
841744,2;71,28245
841760,9;71,28245
841777,6;71,28245
841793,9;71,28245
841810,8;71,28245
841827,1;71,28245
841843,8;71,28245
841860,2;71,28245
841876,8;71,28245
841893,3;71,28245
841910,6;71,28245
841926,4;71,28245
841943,1;71,28245
841959,6;71,28245
841976,2;71,28245
841992,8;71,28245
842009,3;71,28245
842032,3;71,28245
842042,4;71,28245
842059,3;71,28245
842075,7;71,28245
842092,3;71,28245
842108,7;71,28245
842125,3;71,28245
842141,8;71,28245
842158,8;71,77708
842174,9;71,77708
842191,5;71,77708
842208,1;71,77708
842224,7;71,77708
842241,2;71,77708
842257,9;71,77708
842274,6;71,77708
842291,1;71,77708
842307,5;71,77708
842324,1;71,77708
842340,6;71,77708
842357,2;71,77708
842373,8;71,77708
842390,3;71,77708
842406,9;71,77708
842423,8;71,77708
842440,1;71,77708
842456,7;71,77708
842473,1;71,77708
842490,1;71,77708
842506,3;71,77708
842523,2;71,77708
842539,4;71,77708
842556;71,84771
842572,6;71,83422
842589,4;71,43618
842606,7;71,43618
842622,3;71,43618
842638,9;71,43618
842655,4;71,43618
842672,1;71,43618
842688,6;71,43618
842705,1;71,48787
842721,7;71,22882
842738,3;71,28685
842754,9;71,3588
842771,8;71,31591
842787,9;71,31591
842805,4;71,31591
842821,9;71,54844
842838,6;71,54844
842855,1;71,54844
842871,6;71,54844
842893,5;71,54844
842907,8;71,54844
842924,4;71,54844
842940,9;71,54844
842957,5;71,54844
842974,1;71,54844
842991,1;71,54844
843007,2;71,54844
843023,8;71,54844
843040,4;71,54844
843056,9;71,54844
843073,5;71,54844
843090;71,54844
843106,6;71,54844
843123,2;71,54844
843139,7;71,54844
843156,4;71,54844
843172,9;71,54844
843189,4;71,54844
843206;71,54844
843222,6;71,54844
843239,1;71,54844
843255,9;71,54844
843272,3;71,54844
843288,8;71,54844
843305,9;71,54844
843322;71,54844
843338,6;71,54844
843355,5;71,54844
843371,8;71,54844
843388,3;71,54844
843405,1;71,54844
843421,4;71,54844
843438;71,54844
843454,5;71,54844
843471,1;71,54844
843487,6;72,02496
843504,2;72,02496
843520,8;72,02496
843537,6;72,02496
843553,9;72,02496
843570,5;72,02496
843587,1;72,02496
843603,6;72,02496
843620,2;72,02496
843637,1;72,02496
843653,3;72,02496
843669,9;72,02496
843686,4;72,02496
843703;72,02496
843719,6;72,02496
843736,1;72,02496
843752,7;72,02496
843769,3;72,02496
843785,8;72,02496
843804,5;72,02496
843821,1;72,02496
843837,6;72,02496
843854,2;72,02496
843870,8;72,02496
843887,3;72,02496
843903,9;72,02496
843920,5;72,02496
843937;72,02496
843953,6;72,02496
843970,1;72,02496
843986,8;72,02496
844003,3;72,02496
844020,1;72,02496
844036,4;72,02496
844053,2;72,02496
844069,6;72,02496
844086,3;72,02496
844103,1;72,02496
844119,3;72,02496
844135,9;72,02496
844153,1;72,17798
844168,9;72,17798
844185,6;72,17798
844202,1;72,17798
844218,6;72,17798
844235,3;72,17798
844252,1;72,17798
844268,8;72,17798
844284,9;72,17798
844301,5;72,17798
844318,1;72,17798
844335,1;72,17798
844351,8;72,17798
844367,9;72,17798
844384,4;72,17798
844400,9;72,17798
844417,9;72,17798
844434;72,17798
844450,6;72,17798
844467,2;72,17798
844483,7;72,17798
844500,3;72,17798
844516,9;72,17798
844533,4;72,17798
844550;72,17798
844566,6;72,17798
844583,1;72,17798
844599,7;72,17798
844616,3;72,17798
844632,8;72,17798
844649,4;72,17798
844665,9;72,17798
844682,5;72,17798
844699,1;72,17798
844717;72,17798
844732,3;72,17798
844748,8;72,17798
844765,4;72,17798
844781,9;72,17798
844798,4;72,17798
844815,1;72,17798
844831,6;72,17798
844848,2;72,01519
844864,8;72,01519
844882,2;72,01519
844897,9;72,01519
844914,4;72,01519
844931;72,01519
844947,8;72,01519
844964,8;72,01519
844980,7;72,01519
844997,3;72,01519
845013,9;72,01519
845030,5;72,01519
845047;72,01519
845063,6;72,01519
845080,6;72,01519
845096,9;72,01519
845113,3;72,01519
845129,8;72,01519
845146,9;72,01519
845162,9;72,01519
845179,5;71,9827
845196,3;71,54483
845212,6;71,56801
845229,3;71,58618
845245,8;71,59933
845262,4;71,62176
845278,9;71,6339
845296;71,64586
845312,1;71,63475
845328,6;71,63475
845345,6;71,63475
845361,8;71,63475
845378,6;71,63475
845394,9;71,65243
845411,7;71,67612
845428,1;71,69502
845444,8;71,67886
845461,2;71,67886
845478,6;71,67886
845494,6;71,67886
845510,9;71,80971
845527,5;71,80971
845544;71,80971
845560,6;71,80971
845577,1;71,80971
845593,7;71,80971
845610,3;71,80971
845628,8;71,80971
845645,3;71,80971
845661,9;71,80971
845678,8;71,80971
845694,9;71,80971
845711,6;71,80971
845728,1;71,80971
845744,7;71,80971
845761,3;71,80971
845777,8;71,80971
845794,4;71,80971
845811,1;71,80971
845827,5;71,80971
845844,1;71,80971
845860,9;71,80971
845877,2;71,80971
845893,8;72,15289
845910,5;71,71574
845927,3;71,17175
845943,5;70,70332
845960,1;70,70943
845976,6;70,72938
845993,2;70,72587
846010,1;70,72587
846026,3;70,72587
846042,9;70,72587
846059,4;70,72587
846076;70,72587
846092,6;70,75167
846109,1;70,76888
846125,7;70,75565
846142,4;70,75565
846158,8;70,75565
846175,4;70,75565
846192,1;70,86446
846208,6;70,86446
846225,3;70,86446
846241,8;70,86446
846258,3;70,86446
846274,8;70,86446
846291,4;70,86446
846307,9;70,86446
846324,5;70,86446
846341,1;70,86446
846357,6;70,86446
846374,3;70,86446
846391;70,86446
846407,4;70,86446
846423,9;70,86446
846440,5;70,86446
846457,4;70,86446
846473,6;70,86446
846490,2;70,86446
846506,7;70,86446
846523,3;70,86446
846540,2;70,86446
846556,4;70,86446
846573,3;70,86446
846589,9;70,86446
846606,4;70,86446
846623,1;70,86446
846639,6;70,86446
846656,6;70,86446
846673,2;70,86446
846689,3;70,86446
846705,9;70,86446
846722,4;70,86446
846739;70,86446
846755,8;70,86446
846772,1;70,86446
846788,7;70,86446
846805,3;70,86446
846821,8;70,86446
846838,4;70,86446
846855;70,86446
846871,5;70,86446
846888,1;70,86446
846904,7;71,29445
846921,3;71,29445
846937,8;71,29445
846954,4;71,29445
846971,1;71,29445
846987,5;71,29445
847004,1;71,29445
847020,6;71,29445
847037,3;71,29445
847053,8;71,29445
847070,6;71,29445
847086,9;71,29445
847103,4;71,29445
847120,1;71,29445
847136,6;71,29445
847153,1;71,29445
847169,8;71,29445
847186,3;71,29445
847203,4;71,29445
847219,6;71,29445
847236;71,29445
847252,6;71,29445
847269,2;71,29445
847285,9;71,29445
847302,5;71,29445
847318,9;71,29445
847335,6;71,23117
847352;71,19457
847368,6;71,15629
847385,1;71,12582
847401,9;71,14895
847418,6;71,14895
847434,8;71,14895
847451,4;71,14895
847467,9;71,14895
847484,6;71,14895
847501,1;71,14895
847517,6;71,14895
847534,2;71,14895
847550,8;71,14895
847567,3;71,14895
847583,9;71,14895
847600,4;71,14895
847617;71,15771
847633,6;71,15771
847650,5;71,15771
847666,8;71,15771
847683,3;71,15771
847699,9;71,15771
847716,4;71,15771
847733,6;71,15771
847749,6;71,15771
847766,1;71,15771
847782,7;71,15771
847799,3;71,15771
847816;71,15771
847832,5;71,15771
847849,1;71,15771
847865,8;71,15771
847882,2;71,15771
847898,7;71,15771
847915,4;71,15771
847931,8;71,15771
847948,4;71,15771
847964,9;71,15771
847981,5;71,15771
847998,1;71,15771
848014,6;71,15771
848031,3;71,15771
848047,8;71,15771
848064,3;71,15771
848081;71,15771
848097,5;71,15771
848114;71,15771
848130,6;71,15771
848147,1;71,15771
848163,8;71,15771
848180,6;71,15771
848196,8;71,15771
848213,4;71,15771
848230,1;71,15771
848246,8;71,15771
848263,1;71,15771
848280,1;71,15771
848296,6;71,15771
848312,9;71,15771
848329,4;71,15771
848346;71,15771
848365,3;71,15771
848379,4;71,15771
848395,7;71,46136
848412,3;71,46136
848428,8;71,46136
848445,8;71,46136
848461,9;71,46136
848478,5;71,46136
848495,1;71,46136
848511,7;71,46136
848529,3;71,46136
848544,8;71,46136
848561,3;71,46136
848578,3;71,46136
848594,9;71,46136
848611;71,46136
848627,8;71,46136
848644,4;71,46136
848660,8;71,46136
848677,3;71,46136
848694,3;71,46136
848710,4;71,46136
848727;71,39623
848743,6;71,36757
848760,6;71,33158
848776,7;71,21382
848793,3;70,69402
848810,1;70,63158
848826,4;69,80547
848843,3;69,76431
848860,5;69,71835
848876,6;69,67814
848892,6;69,59523
848909,3;69,52415
848925,8;69,4245
848942,4;68,99865
848958,9;68,45305
848975,5;68,05419
848992,1;68,05419
849008,7;68,05419
849025,2;68,05419
849041,8;68,05419
849058,4;68,05419
849074,9;68,05419
849091,5;68,05419
849108,1;67,8383
849124,8;67,4315
849141,5;67,4315
849157,8;67,4315
849174,3;67,4315
849190,9;67,4315
849207,4;67,24894
849224;67,24894
849240,6;67,24894
849257,1;67,24894
849274,4;67,24894
849290,3;67,24894
849306,8;67,24894
849323,4;67,24894
849340,6;67,24894
849356,5;67,24894
849373,1;67,24894
849389,6;67,24894
849406,3;67,24894
849422,8;67,24894
849439,4;67,24894
849456,1;67,24894
849472,5;67,24894
849489,1;67,24894
849505,6;67,24894
849522,2;67,24894
849538,8;67,24894
849555,4;67,24894
849571,9;67,24894
849588,4;67,24894
849605,1;67,24894
849621,6;67,24894
849638,2;67,24894
849654,8;67,24894
849671,3;67,24894
849687,9;67,24894
849704,4;67,24894
849721;67,24894
849737,6;67,24894
849754,6;67,24894
849771,2;67,24894
849787,3;67,24894
849803,8;67,24894
849820,4;67,24894
849837;67,24894
849853,5;67,24894
849870,5;67,24894
849886,7;67,24894
849903,3;67,24894
849919,8;67,24894
849936,4;67,24894
849953,3;67,24894
849969,5;67,24894
849986,1;67,16266
850003,1;67,16266
850019,9;67,16266
850035,8;67,16266
850052,6;67,16266
850068,9;67,16266
850085,4;67,16266
850102,3;67,16266
850118,6;67,16266
850135,2;67,16266
850154,9;67,16266
850168,3;67,16266
850184,9;67,16266
850201,6;67,16266
850218;67,16266
850234,6;67,16266
850251,3;67,16266
850267,7;67,16266
850284,3;67,16266
850300,8;67,16266
850317,4;67,16266
850334;67,16266
850350,5;67,16266
850367,1;67,16266
850383,7;67,16266
850400,2;67,16266
850417,6;67,16266
850433,8;67,16266
850449,9;67,16266
850466,5;67,16266
850483,3;67,16266
850499,6;67,16266
850516,2;67,16266
850532,8;67,16266
850550;67,16266
850565,9;67,16266
850582,6;67,16266
850599,2;67,16266
850615,6;67,16266
850632,1;67,16266
850648,9;67,16266
850665,7;67,16266
850681,9;67,16266
850698,4;67,16266
850715;67,16266
850731,6;67,16266
850748,1;67,16266
850764,7;67,16266
850781,3;67,16266
850798,2;67,16266
850814,4;67,16266
850831;67,56355
850847,6;67,56355
850864,1;67,56355
850880,7;67,56355
850897,2;67,56355
850914,1;67,56355
850930,7;67,56355
850946,9;67,56355
850963,6;67,56355
850980,3;67,56355
850996,6;67,56355
851013,2;67,56355
851029,8;67,56355
851050,2;67,56355
851066,8;67,56355
851083,4;67,56355
851100,8;67,56355
851116,4;67,56355
851133,1;67,56355
851149,6;67,56355
851166,2;67,56355
851182,8;67,56355
851199,3;67,56355
851215,9;67,56355
851232,7;67,56355
851249,8;67,56355
851265,6;67,56355
851282,1;67,56355
851298,9;67,56355
851315,6;67,56355
851331,9;67,56355
851348,6;67,56355
851365;67,56355
851381,5;67,56355
851398,1;67,56355
851414,8;67,56355
851431,2;67,56355
851447,8;67,56355
851464,6;67,56355
851480,9;67,56355
851497,5;67,56355
851514,1;67,56355
851531,1;67,56355
851547,2;67,56355
851563,8;67,56355
851580,3;67,56355
851597,2;67,56738
851614,1;67,56738
851630,6;67,56738
851646,6;67,56738
851663,2;67,56738
851679,8;67,56738
851696,3;67,56738
851712,9;67,56738
851729,8;67,56738
851746;67,56738
851762,6;67,56738
851779,1;67,56738
851795,7;67,56738
851812,3;67,56738
851829;67,56738
851845,4;67,56738
851861,9;67,56738
851878,6;67,56738
851895,1;67,56738
851911,9;67,56738
851928,3;67,56738
851948,8;67,56738
851961,4;67,56738
851978,2;67,56738
851994,6;67,56738
852011,2;67,56738
852027,6;67,56738
852044,3;67,56738
852061,1;67,56738
852077,3;67,56738
852093,9;67,56738
852110,5;67,56738
852127;67,56738
852143,6;67,56738
852160,1;67,56738
852176,8;67,56738
852193,6;67,56738
852209,8;67,56738
852226,4;67,56738
852243,1;67,56738
852259,6;67,56738
852276,1;67,56738
852292,8;67,56738
852309,6;67,56738
852325,8;67,56738
852342,7;67,56738
852358,9;67,56738
852375,6;67,56738
852392,1;68,00156
852408,7;68,25891
852425,3;68,25891
852441,8;68,25891
852458,4;68,25891
852475,2;68,25891
852491,5;68,25891
852508,1;68,25891
852524,7;68,25891
852541,2;68,25891
852558,1;68,25891
852574,3;68,25891
852590,9;68,25891
852608,1;68,25891
852624;68,25891
852640,6;68,25891
852657,2;68,25891
852673,7;68,25891
852690,3;68,25891
852706,9;68,25891
852723,4;68,25891
852740;68,25891
852756,6;68,25891
852773,2;68,25891
852790,1;68,25891
852806,3;68,25891
852828,5;68,25891
852845,1;68,25891
852861,6;68,25891
852878,7;68,25891
852894,8;68,25891
852911,5;68,25891
852927,9;68,25891
852944,4;68,25891
852961,3;68,25891
852977,6;68,25891
852994,1;68,25891
853010,8;68,25891
853027,3;68,25891
853043,8;68,25891
853060,4;68,26662
853076,9;68,26662
853094,1;68,26662
853110,2;68,26662
853127,1;68,26662
853144,1;68,26662
853160,2;68,26662
853176,9;68,26662
853193,5;68,26662
853209,6;68,26662
853226,1;68,26662
853242,7;68,26662
853259,2;68,26662
853276,1;68,26662
853292,4;68,26662
853308,9;68,26662
853326,1;68,26662
853342,3;68,26662
853358,6;68,26662
853375,2;68,26662
853391,8;68,26662
853408,6;68,26662
853424,9;68,26662
853441,4;68,26662
853458;68,26662
853474,6;68,26662
853491,8;68,26662
853508,6;68,61899
853525;68,57449
853541,4;68,18216
853558,1;68,18216
853574,6;68,18216
853591,2;68,18216
853607,8;68,18216
853624,3;68,18216
853640,9;68,18216
853657,7;68,18216
853674,1;68,18216
853691;68,18216
853715,9;68,18216
853732,5;68,18216
853749;68,18216
853765,6;68,18216
853782,2;68,18216
853798,8;68,63289
853815,8;68,63289
853831,9;68,63289
853848,4;68,63289
853865;68,63289
853881,5;68,63289
853898,2;68,63289
853914,7;68,63289
853931,3;68,63289
853948,3;68,63289
853964,4;68,63289
853980,9;68,63289
853998,3;68,63289
854014,1;68,63289
854030,7;68,63289
854047,3;68,63289
854063,9;68,63289
854080,6;68,63289
854096,9;68,63289
854113,7;68,63289
854130,1;68,63289
854146,6;68,63289
854163,5;68,63289
854188,5;68,63289
854205;68,63289
854223,1;68,63289
854243,2;68,63289
854262,3;68,63289
854282,3;68,63289
854303,3;68,63289
854324,4;68,63289
854340,9;68,63289
854358,2;68,63289
854377,3;68,63289
854400,9;68,63289
854417,4;68,63289
854434,1;68,63289
854450,6;68,63289
854467,4;68,63289
854483,7;68,63289
854505,5;68,63289
854526,7;68,57447
854546,1;68,57447
854565,6;68,57447
854596,9;68,57447
854613,4;68,57447
854630;68,57447
854649,6;68,57447
854667,1;68,57447
854688,4;68,57447
854705,6;68,57447
854723,1;68,57447
854740,3;68,57447
854757,4;68,57447
854775,8;68,57447
854795,6;68,57447
854817,9;68,57447
854834,5;68,57447
854851,1;68,57447
854868,4;68,57447
854884,9;68,57447
854901,6;68,57447
854918,1;68,57447
854934,6;68,57447
854951,4;68,57447
854967,8;68,57447
854984,4;68,57447
855000,9;68,57447
855017,4;68,57447
855034,1;68,57447
855050,8;68,57447
855067,2;68,57447
855083,8;68,57447
855100,8;68,57447
855116,9;68,57447
855133,5;68,44433
855150,1;67,9355
855166,7;67,9355
855183,4;67,9355
855199,7;67,9355
855216,3;67,9355
855233,1;67,9127
855249,9;67,9127
855266;67,9127
855282,6;67,9127
855299,1;67,9127
855315,7;67,9127
855332,9;67,9127
855348,9;67,9127
855365,8;67,9127
855381,9;67,9127
855398,6;67,9127
855415,6;67,9127
855432,4;67,9127
855448,8;67,9127
855464,8;67,9127
855481,5;67,9127
855504,3;67,9127
855520,9;67,9127
855537,5;67,9127
855554;67,9127
855570,6;67,9127
855587,2;67,9127
855603,8;67,9127
855621;67,9127
855636,9;67,9127
855653,6;67,9127
855670,4;67,9127
855686,9;67,9127
855703,4;67,9127
855719,8;67,9127
855736,3;67,9127
855752,8;67,9127
855769,4;67,9127
855785,9;67,9127
855805,9;67,9127
855824,8;67,9127
855844,6;67,9127
855862,9;67,9127
855883,8;67,9127
855900,3;67,9127
855916,9;67,9127
855933,4;68,02438
855950,2;68,02438
855967,1;68,02438
855983,6;68,02438
856001,5;68,02438
856018,1;68,02438
856034,8;68,02438
856051,3;68,02438
856068,3;68,02438
856084,5;68,02438
856100,9;68,02438
856117,7;68,02438
856134,1;68,02438
856150,6;68,02438
856167,2;68,02438
856183,8;68,02438
856200,4;68,02438
856216,9;68,02438
856233,4;68,02438
856250,6;68,02438
856266,6;68,02438
856283,7;68,02438
856299,8;68,02438
856316,3;68,02438
856332,9;68,02438
856349,4;68,02438
856370,3;68,02438
856386,8;68,02438
856403,4;68,02438
856420,1;68,02438
856436,6;68,02438
856453,1;68,02438
856469,7;68,02438
856486,3;68,02438
856502,8;68,02438
856519,4;68,02438
856535,9;68,02438
856552,6;68,02438
856569,1;68,02438
856585,9;68,02438
856602,3;68,02438
856618,8;68,47004
856635,4;68,47004
856651,9;68,47004
856668,5;68,47004
856685,3;68,47004
856701,6;68,47004
856718,3;68,47004
856734,9;68,47004
856751,4;68,47004
856767,9;68,47004
856784,8;68,47004
856801;68,47004
856817,6;68,47004
856834,7;68,47004
856850,7;68,47004
856867,3;68,47004
856884,1;68,47004
856900,4;68,47004
856917,3;68,47004
856933,6;68,47004
856950,3;68,47004
856966,7;68,47004
856983,3;68,47004
857000;68,47004
857016,4;68,47004
857033,1;68,47004
857049,5;68,47004
857066,1;68,47004
857082,6;68,47004
857099,3;68,47004
857115,8;68,47004
857132,5;68,47004
857149;68,47004
857165,7;68,47004
857182,3;68,47004
857198,9;68,47004
857215,3;68,47004
857231,9;68,47004
857248,4;68,47004
857264,9;68,47004
857281,6;68,47004
857298,1;68,47004
857314,6;68,47004
857331,2;68,51086
857347,7;68,51086
857364,6;68,51086
857380,9;68,51086
857397,4;68,51086
857414;68,51086
857430,6;68,51086
857447,1;68,51086
857463,9;68,51086
857480,3;68,51086
857496,8;68,51086
857513,4;68,51086
857530,6;68,51086
857546,8;68,51086
857563,8;68,51086
857579,6;68,51086
857596,3;68,51086
857612,8;68,51086
857629,3;68,51086
857645,9;68,51086
857662,8;68,51086
857679,1;68,51086
857695,6;68,51086
857712,4;68,84928
857729;68,8256
857745,3;68,79134
857761,9;68,75169
857778,6;68,72682
857795,1;68,70371
857811,6;68,33248
857828,2;68,33248
857844,8;68,33248
857861,7;68,33248
857877,9;68,33248
857894,7;68,33248
857911;68,33248
857927,6;68,33248
857944,1;68,67419
857960,7;68,30471
857977,4;68,30471
857994,2;68,30471
858010,4;68,30471
858027;68,30471
858043,5;68,74268
858060,3;68,74268
858076,8;68,74268
858093,3;68,74268
858109,8;68,74268
858126,3;68,74268
858142,9;68,74268
858160,1;68,74268
858181,6;68,74268
858198,2;68,74268
858215,1;68,74268
858231,9;68,74268
858247,9;68,74268
858264,4;68,74268
858281;68,74268
858297,9;68,74268
858314,1;68,74268
858330,7;68,74268
858347,3;68,74268
858363,9;68,74268
858380,4;68,74268
858397;68,74268
858414,2;68,74268
858430,1;68,74268
858446,6;68,74268
858463,3;68,74268
858479,8;68,74268
858496,4;68,74268
858513,2;68,74268
858529,6;68,74268
858546,1;68,74268
858562,7;68,74268
858579,3;68,74268
858595,8;68,74268
858612,4;68,74268
858629,2;68,74268
858645,5;68,74268
858662,1;68,74268
858678,8;68,74268
858695,2;68,74268
858711,9;68,74268
858728,4;68,74268
858744,9;68,74268
858761,5;68,74268
858778,2;68,74268
858794,6;68,80739
858811,2;68,80739
858827,7;68,80739
858844,3;68,80739
858860,8;68,80739
858877,9;68,80739
858894;68,80739
858911,1;68,80739
858927,1;68,80739
858943,7;68,80739
858960,7;68,80739
858976,8;68,80739
858993,4;68,80739
859010,3;68,80739
859026,9;68,80739
859043,1;68,80739
859065,8;68,80739
859076,7;68,80739
859093,5;68,80739
859109,8;68,80739
859126,4;68,80739
859142,9;68,80739
859159,5;68,80739
859176,1;68,80739
859192,6;68,80739
859209,3;68,80739
859226,4;68,80739
859242,4;68,80739
859258,9;68,80739
859275,4;68,80739
859292,2;68,80739
859308,6;68,80739
859325,2;68,80739
859341,8;68,80739
859358,6;68,80739
859374,9;68,80739
859391,4;68,80739
859408,5;68,80739
859424,7;68,80739
859441,2;68,80739
859457,7;68,80739
859474,6;68,80739
859491,1;69,21652
859507,4;69,21652
859524;69,21652
859540,5;69,21652
859557,1;69,21652
859573,7;69,21652
859591,1;69,21652
859606,8;69,21652
859623,6;69,21652
859640,4;69,21652
859656,8;69,21652
859673,1;69,21652
859689,6;69,21652
859706,3;69,21652
859722,8;69,21652
859739,3;69,21652
859755,9;69,21652
859773;69,21652
859789,1;69,21652
859805,8;69,21652
859822,4;69,21652
859838,9;69,21652
859855,3;69,21652
859872;69,21652
859888,4;69,21652
859905,1;69,21652
859921,6;69,21652
859938,2;69,21652
859956,2;69,21652
859973,1;69,21652
859989,4;69,21652
860006,3;69,21652
860022,4;69,21652
860039;69,21652
860055,6;69,21652
860072,1;69,21652
860088,8;69,21652
860105,3;69,21652
860121,9;69,21652
860138,4;69,21652
860155;69,21652
860171,6;69,21652
860188,4;69,21652
860204,7;69,21652
860221,3;69,21652
860237,9;69,26299
860254,4;69,26299
860271,1;69,26299
860287,6;69,26299
860304,1;69,26299
860321,6;69,26299
860337,3;69,26299
860354,2;69,26299
860370,4;69,26299
860387;69,26299
860403,7;69,26299
860420,6;69,26299
860436,6;69,26299
860453,2;69,26299
860469,8;69,26299
860486,3;69,26299
860502,9;69,26299
860519,5;69,26299
860536;69,26299
860553,1;69,26299
860569,1;69,26299
860585,8;69,26299
860602,3;69,26299
860618,8;69,60909
860635,5;69,12387
860652;69,10747
860668,6;69,09558
860685,1;69,08472
860701,8;69,06746
860718,3;69,06729
860734,8;69,06963
860751,9;69,06963
860767,9;69,06963
860784,6;69,06963
860801,1;69,06963
860817,8;69,06963
860834,5;69,06963
860851,1;69,05151
860867,4;69,03506
860883,9;68,9482
860900,5;68,9482
860917,1;68,9482
860933,6;68,9482
860950,3;68,9482
860967,1;68,96236
860983,7;68,96236
861000,3;68,96236
861016,9;68,96236
861033;68,96236
861049,9;68,96236
861066,3;68,96236
861082,8;68,96236
861099,3;68,96236
861115,9;68,96236
861132,4;68,96236
861149,1;68,96236
861165,6;68,96236
861182,6;68,96236
861199,2;68,96236
861215,6;68,96236
861231,8;68,96236
861248,5;68,96236
861264,9;68,96236
861281,6;68,96236
861298,1;68,96236
861314,6;68,96236
861331,3;68,96236
861347,8;68,96236
861364,4;68,96236
861380,9;68,96236
861398,1;68,96236
861414,2;68,96236
861430,6;68,96236
861447,2;68,96236
861464,1;68,96236
861480,4;68,96236
861496,9;68,96236
861513,5;68,96236
861530,3;68,96236
861546,7;68,96236
861563,3;68,96236
861580,2;68,96236
861596,6;68,96236
861612,9;68,96236
861629,4;68,96236
861646;68,96236
861662,6;68,96236
861679,3;69,17548
861695,7;69,17548
861712,3;69,17548
861738,8;69,17548
861755,3;69,17548
861771,9;69,17548
861788,5;69,17548
861805,1;69,17548
861821,6;69,17548
861838,1;69,17548
861855,1;69,17548
861871,3;69,17548
861887,9;69,17548
861904,6;69,17548
861921;69,17548
861937,6;69,17548
861954,4;69,17548
861970,7;69,17548
861987,3;69,17548
862003,9;69,17548
862020,4;69,17548
862037,1;69,17548
862053,5;69,17548
862070,3;69,17548
862086,7;69,17548
862104,1;69,17548
862119,8;69,17548
862136,6;69,17548
862153,1;69,17548
862169,5;69,17548
862186,1;69,17548
862202,6;69,17548
862219,2;69,17548
862235,8;69,17548
862252,3;69,17548
862268,9;69,17548
862285,6;69,17548
862302,3;69,17548
862318,6;69,17548
862335,2;69,17548
862351,8;69,17548
862368,6;69,6289
862385,3;69,6289
862401,5;69,6289
862418,1;69,6289
862434,6;69,6289
862451,1;69,6289
862468,1;69,6289
862484,3;69,6289
862500,9;69,6289
862517,4;69,6289
862534;69,6289
862550,6;69,6289
862567,4;69,6289
862583,7;69,6289
862600,3;69,6289
862616,8;69,6289
862634,6;69,6289
862651,2;69,6289
862667,8;69,6289
862684,3;69,6289
862700,9;69,76835
862717,6;69,86619
862734,2;69,96548
862750,6;69,99563
862767,2;69,81788
862783,8;69,91272
862800,6;70,0016
862816,9;70,10153
862833,4;70,05724
862850,1;70,05724
862866,6;70,05724
862883,2;70,05724
862899,8;70,05724
862916,4;70,05724
862932,9;70,198
862949,4;70,29295
862966;70,39985
862982,6;70,39985
862999,2;70,39985
863016,1;70,39985
863032,9;70,39985
863048,8;70,89538
863065,4;70,89538
863082;70,89538
863098,7;70,89538
863115,1;70,89538
863131,9;70,89538
863148,2;70,89538
863165,3;70,89538
863181,6;70,89538
863197,9;70,89538
863214,5;70,89538
863231;70,89538
863247,6;70,89538
863264,2;70,89538
863280,9;70,89538
863297,3;70,89538
863313,9;71,03313
863330,4;71,12791
863347;71,22104
863363,6;71,31123
863380,3;71,40035
863396,8;71,49637
863413,3;71,60262
863430,5;71,69918
863446,4;71,78612
863463,2;71,81526
863479,7;71,51846
863497,3;71,08989
863512,7;71,12292
863529,3;70,85483
863545,8;70,5085
863562,4;70,5705
863579,3;70,53004
863595,5;70,10228
863612,1;70,00668
863628,7;69,49899
863645,3;69,49899
863662;69,49899
863678,4;69,49899
863695,1;69,55801
863711,6;69,55801
863728;69,55801
863744,6;69,55801
863761,2;69,55801
863777,7;69,55801
863794,6;69,55801
863810,9;69,55801
863827,4;69,55801
863844;69,55801
863860,8;69,55801
863877,4;69,55801
863893,8;69,55801
863910,3;69,55801
863927,8;69,55801
863943,5;69,55801
863959,9;69,55801
863976,9;69,55801
863993,1;69,55801
864009,8;69,55801
864026,3;69,55801
864042,8;69,54744
864059,4;69,60571
864075,9;69,66002
864092,6;69,72289
864109,1;69,77602
864125,7;69,41963
864142,3;69,41963
864158,8;69,41963
864175,4;69,41963
864191,9;69,41963
864208,6;69,41963
864225,3;69,41963
864241,6;69,41963
864258,3;69,41963
864274,8;69,82397
864291,6;69,46591
864307,9;69,46591
864324,4;69,46591
864341,3;69,46591
864357,6;69,97254
864374,4;69,97254
864390,7;69,97254
864407,6;69,97254
864426,6;69,97254
864440,4;69,97254
864457,3;69,97254
864473,5;69,97254
864490,6;69,97254
864506,6;69,97254
864523,3;69,97254
864540,5;69,97254
864556,4;69,97254
864572,9;69,97254
864589,8;69,97254
864606,1;69,97254
864622,6;69,97254
864639,3;69,97254
864655,8;69,97254
864672,4;69,97254
864688,9;69,97254
864705,5;69,97254
864722,1;69,97254
864738,6;69,97254
864755,2;69,97254
864771,8;69,97254
864788,6;69,97254
864805;69,97254
864821,5;69,97254
864838,1;69,97254
864855,3;69,97254
864871,1;69,97254
864887,7;69,97254
864904,3;69,97254
864920,8;69,97254
864937,5;69,97254
864954;69,97254
864970,5;69,97254
864987,3;69,97254
865003,7;69,97254
865020,3;69,97254
865036,8;70,25196
865053,4;70,25196
865070,1;70,25196
865087,1;70,25196
865103,1;70,25196
865119,6;70,25196
865136,4;70,25196
865152,8;70,25196
865169,3;70,25196
865185,9;70,25196
865202,8;70,25196
865219,1;70,25196
865235,6;70,25196
865252,3;70,25196
865268,8;70,25196
865285,3;70,25196
865303,4;70,25196
865318,4;70,25196
865335;70,25196
865351,7;70,25196
865368,2;70,25196
865384,8;70,25196
865401,3;70,25196
865417,9;70,25196
865434,4;70,25196
865451,5;70,25196
865468;70,25196
865484,1;70,25196
865500,9;70,25196
865517,3;70,25196
865534,1;70,25196
865551;70,67249
865567,1;70,2012
865583,7;70,2012
865600,1;70,2012
865616,6;70,2012
865633,3;70,2012
865650,2;70,33921
865666,3;70,33921
865682,9;70,33921
865699,9;70,33921
865716,1;70,33921
865732,7;70,33921
865749,5;70,33921
865766,1;70,33921
865782,3;70,33921
865798,9;70,33921
865815,6;70,33921
865832,7;70,33921
865848,6;70,33921
865865,1;70,33921
865881,7;70,33921
865898,3;70,33921
865914,9;70,33921
865931,4;70,33921
865948;70,33921
865965,1;70,33921
865981,6;70,33921
865997,7;70,33921
866014,3;70,33921
866030,9;70,33921
866047,4;70,33921
866063,9;70,33921
866080,7;70,33921
866097,1;70,33921
866113,6;70,33921
866130,2;70,33921
866146,8;70,33921
866163,4;70,33921
866180;70,33921
866196,6;70,33921
866213;70,33921
866229,6;70,33921
866246,1;70,33921
866262,8;70,33921
866279,6;70,33921
866295,9;70,41599
866312,6;70,41599
866329,1;70,41599
866345,6;70,41599
866362,1;70,41599
866378,8;70,41599
866396,1;70,41599
866412;70,41599
866428,4;70,41599
866445;70,41599
866461,9;70,41599
866478,1;70,41599
866495,1;70,41599
866511,3;70,41599
866528,1;70,41599
866544,4;70,41599
866560,9;70,41599
866578,1;70,41599
866594,1;70,40405
866611,1;70,39498
866627,6;70,39194
866644,3;70,39014
866660,3;70,38793
866677,3;70,38139
866693,7;70,3651
866710;70,35969
866726,6;70,35738
866743,2;70,35091
866759,8;69,74993
866776,3;69,28407
866792,9;69,28407
866809,4;69,19971
866826;69,1378
866842,6;69,07935
866859,1;69,01452
866875,8;68,95062
866892,3;68,89748
866908,9;68,89748
866925,4;68,89748
866942;68,89748
866959,3;69,32134
866975,8;69,32134
866991,8;69,32134
867008,6;69,32134
867024,8;69,32134
867041,5;69,32134
867057,9;69,32134
867074,5;69,32134
867091,4;69,32134
867112,8;69,32134
867124,6;69,32134
867141,2;69,32134
867157,7;69,32134
867174,3;69,32134
867190,9;69,32134
867207,4;69,32134
867224,1;69,32134
867240,6;69,32134
867257,1;69,32134
867273,8;69,32134
867290,3;69,32134
867307,2;69,32134
867323,4;69,32134
867339,9;69,32134
867356,5;69,32134
867373,1;69,32134
867389,6;69,32134
867406,2;69,32134
867422,8;69,32134
867439,3;69,32134
867456,3;69,32134
867472,6;69,32134
867489;69,32134
867505,6;69,32134
867522,1;69,32134
867539,4;69,32134
867555,3;69,32134
867571,9;69,32134
867588,4;69,32134
867605;69,32134
867622,1;69,32134
867638,1;69,32134
867654,8;69,32134
867671,6;69,32134
867687,9;69,32134
867704,4;69,32269
867720,9;69,32269
867737,6;69,32269
867754,1;69,61014
867770,9;69,61014
867787,3;69,61014
867803,8;69,61014
867820,7;69,61014
867836,9;69,61014
867853,9;69,61014
867870,1;69,61014
867886,7;69,61014
867903,3;69,61014
867920,3;69,61014
867936,3;69,61014
867952,9;69,61014
867974,6;69,61014
867991,2;69,61014
868008,1;69,94683
868024,4;69,89038
868041,6;69,82197
868057,8;69,19966
868074,4;69,14161
868090,6;69,09416
868107,4;69,02843
868123,7;68,96962
868140,3;68,90249
868156,9;68,83398
868173,4;68,78028
868190,3;68,37207
868207;68,37207
868223,3;68,37207
868239,7;68,37207
868256,3;68,71365
868272,8;68,65021
868289,4;68,59054
868306;68,53011
868322,5;68,46722
868339,1;68,40949
868355,8;67,99663
868372,3;67,99663
868389;67,99663
868405,3;68,41496
868421,9;68,41496
868438,5;68,41496
868455,1;68,41496
868471,6;68,41496
868488,3;68,41496
868505,1;68,41496
868521,5;68,41496
868538,1;68,41496
868554,4;68,41496
868571,3;68,41496
868587,6;68,41496
868604,3;68,41496
868620,8;68,41496
868637,3;68,41496
868654;68,41496
868670,4;68,41496
868687;68,41496
868704,2;68,41496
868720,1;68,41496
868736,7;68,41496
868753,7;68,41496
868770,6;68,41496
868786,4;68,41496
868803,3;68,41496
868819,5;68,41496
868836,1;68,41496
868852,9;68,41496
868875,5;68,41496
868887,3;68,41496
868903,9;68,41496
868920,9;68,41496
868937;68,41496
868953,9;68,41496
868970,1;68,41496
868986,7;68,41496
869003,3;68,41496
869020,3;68,41496
869036,9;68,41496
869053;68,41496
869069,7;68,41496
869086,1;68,41496
869102,7;68,41496
869119,6;68,41496
869135,8;68,40451
869152,4;68,40451
869168,9;68,40451
869185,8;68,40451
869202,6;68,40451
869218,6;68,40451
869235,3;68,40451
869251,8;68,40451
869268,3;68,40451
869285,2;68,40451
869301,5;68,40451
869318,1;68,40451
869335,3;68,40451
869351,1;68,40451
869368;68,40451
869384,6;68,40451
869400,9;68,40451
869417,4;68,40451
869433,9;68,40451
869450,6;68,40451
869467,1;68,40451
869483,7;68,40451
869500,3;68,40451
869516,9;68,40451
869533,4;68,40451
869549,9;68,40451
869566,6;68,40451
869583,3;68,40451
869599,7;68,40451
869616,2;68,40451
869632,8;68,40451
869649,4;68,40451
869666,5;68,40451
869683;68,40451
869699,1;68,40451
869721,6;68,40451
869732,2;68,40451
869748,8;68,40451
869765,3;68,40451
869781,9;68,40451
869798,9;68,40451
869815;68,40451
869831,9;68,40451
869848,1;68,40451
869864,8;68,40451
869881,3;68,85696
869897,9;68,85696
869914,4;68,85696
869931,3;68,85696
869947,6;68,85696
869964,1;68,85696
869980,9;68,85696
869997,3;68,85696
870013,8;68,85696
870030,4;68,85696
870046,9;68,85696
870063,6;68,85696
870080,4;68,85696
870096,6;68,85696
870113,3;68,85696
870129,8;68,85696
870146,4;68,85696
870162,9;68,85696
870180,1;68,85696
870196,1;68,85696
870212,6;68,85696
870229,2;68,85696
870245,8;68,85696
870262,3;68,85696
870278,9;68,85696
870296,1;68,85696
870312;68,85696
870329,1;68,85696
870345,1;68,85696
870361,7;68,85696
870378,4;68,85696
870395;68,85696
870411,4;68,85696
870428;68,85696
870444,6;68,85696
870461,1;68,85696
870477,7;68,85696
870494,3;68,85696
870510,8;68,85696
870528,1;68,85696
870543,9;68,85696
870561,3;68,85696
870577,1;68,85696
870593,7;68,85696
870611,6;68,91781
870628,1;68,91781
870644,8;68,91781
870661,3;68,91781
870677,8;68,91781
870694,7;68,91781
870710,9;68,91781
870727,8;68,91781
870744,1;68,91781
870760,6;68,91781
870777,3;68,91781
870794,4;68,91781
870810,4;68,91781
870826,9;68,91781
870843,5;68,91781
870860,3;68,91781
870876,9;68,91781
870893,2;68,91781
870909,8;68,91781
870926,3;68,91781
870943,1;68,91781
870959,5;69,3261
870976;69,30374
870992,9;69,29418
871010,1;68,76891
871025,7;68,7456
871042,3;68,73524
871058,8;68,71429
871075,4;68,7196
871092;68,7196
871108,5;68,7196
871125,1;68,7196
871141,8;68,68881
871158,3;68,67738
871174,8;68,5613
871191,4;67,90435
871207,9;67,9202
871224,5;67,9202
871241,1;67,9202
871257,7;67,9202
871274,3;67,96023
871290,8;67,96023
871307,4;67,96023
871324,1;67,96023
871340,4;67,96023
871357,1;67,96023
871373,7;67,96023
871390,2;67,96023
871406,8;67,96023
871423,3;67,96023
871439,9;67,96023
871456,4;67,96023
871478,6;67,96023
871489,6;67,96023
871506,2;67,96023
871522,7;67,96023
871539,3;67,96023
871555,9;67,96023
871572,6;67,96023
871589;67,96023
871605,6;67,96023
871622,1;67,96023
871638,7;67,96023
871655,3;67,96023
871671,8;67,96023
871688,4;67,96023
871705,1;67,96023
871721,6;67,96023
871738,2;67,96023
871754,6;67,96023
871771,6;67,96023
871787,8;67,96023
871804,3;67,96023
871820,9;67,96023
871837,6;67,96023
871854,1;67,96023
871871;67,96023
871887,2;67,96023
871903,8;67,96023
871920,3;67,96023
871936,9;67,96023
871953,6;67,93373
871970,1;67,93373
871986,6;67,93373
872003,2;67,93373
872019,7;67,93373
872036,4;67,93373
872052,9;67,93373
872069,6;67,93373
872086;67,93373
872102,6;67,93373
872119,1;67,93373
872136,4;67,93373
872152,3;67,93373
872168,8;67,93373
872185,4;67,93373
872202,3;67,93373
872218,9;67,93373
872235,1;67,93373
872252,2;67,93373
872268,2;67,93373
872284,8;67,93373
872301,8;67,93373
872317,9;67,93373
872334,5;67,93373
872351,2;67,93373
872367,9;67,88357
872385,1;67,52859
872401,1;67,52859
872417,8;67,52859
872434,2;67,52859
872451,1;67,52859
872467,4;67,52859
872483,9;67,52859
872500,5;67,97601
872517,1;68,06561
872534,1;67,71021
872550,4;67,71021
872566,7;67,71021
872583,3;67,71021
872599,9;68,25887
872616,4;68,25887
872633;68,25887
872650,3;68,25887
872666,1;68,25887
872682,7;68,25887
872699,3;68,25887
872716,1;68,25887
872732,4;68,25887
872749;68,25887
872765,5;68,25887
872782,1;68,25887
872798,6;68,25887
872815,3;68,25887
872831,9;68,25887
872848,4;68,25887
872864,9;68,25887
872881,5;68,25887
872898,6;68,25887
872914,6;68,25887
872931,3;68,25887
872947,8;68,25887
872964,4;68,25887
872980,9;68,25887
872997,7;68,25887
873014,1;68,25887
873031,3;68,25887
873047,2;68,25887
873063,8;68,25887
873080,3;68,25887
873096,9;68,25887
873113,8;68,25887
873130,3;68,37475
873146,6;68,46287
873163,4;68,43036
873179,7;68,43036
873196,5;68,43036
873212,8;68,43036
873229,4;68,63869
873246,1;68,63869
873269,8;68,63869
873279,1;68,63869
873295,6;68,63869
873312,3;68,63869
873329,3;68,63869
873345,5;68,63869
873361,9;68,63869
873378,6;68,63869
873395,1;68,63869
873412;68,63869
873428,4;68,63869
873444,8;68,63869
873461,3;68,63869
873477,9;68,63869
873494,4;68,63869
873511,2;68,63869
873527,6;68,63869
873544,2;68,63869
873560,8;68,63869
873577,3;68,63869
873593,9;68,63869
873610,4;68,63869
873627,3;68,63869
873643,6;68,63869
873660,6;68,63869
873677,1;68,63869
873693,4;68,63869
873709,8;68,63869
873726,8;68,63869
873743;68,63869
873760;68,63869
873776,1;68,63869
873792,7;68,63869
873809,2;68,63869
873825,8;68,63869
873842,4;68,63869
873858,9;68,63869
873875,5;69,2026
873892,1;69,2026
873908,6;69,2026
873925,2;69,2026
873941,8;69,2026
873958,3;69,2026
873975,4;69,2026
873991,4;69,2026
874008,8;69,2026
874024,9;69,2026
874041,6;69,2026
874057,8;69,2026
874074,3;69,2026
874091,2;69,2026
874107,4;69,2026
874124;69,2026
874140,6;69,2026
874157,1;69,2026
874173,8;69,2026
874190,3;69,2026
874207,2;69,2026
874223,8;69,2026
874240,4;69,2026
874257,2;69,2026
874273,5;69,2026
874290,1;69,2026
874306,6;69,2026
874323,3;69,2026
874339,8;69,2026
874356,7;69,2026
874372,9;69,2026
874389,6;69,2026
874406,1;69,2026
874422,6;69,2026
874439,1;69,2026
874455,8;69,2026
874472,3;69,2026
874488,9;69,2026
874505,4;69,40069
874522,5;69,40069
874538,6;69,40069
874555,2;69,40069
874571,7;69,40069
874588,3;69,40069
874604,9;69,40069
874621,4;69,40069
874638,1;69,40069
874654,6;69,40069
874671,1;69,40069
874687,7;69,40069
874704,3;69,40069
874721,4;69,40069
874737,4;69,40069
874754;69,40069
874770,5;69,40069
874787,1;69,40069
874803,6;69,40069
874820,5;69,40069
874836,8;69,40069
874853,3;69,40069
874869,9;69,40069
874886,5;69,80679
874903,1;69,86937
874919,6;69,51701
874936,2;69,51701
874952,8;69,51701
874969,3;69,51701
874986,2;69,51701
875002,4;69,51701
875019;69,51701
875035,6;69,926
875052,1;69,99776
875068,8;70,04991
875085,3;69,69849
875102;69,69849
875118,4;69,69849
875134,9;69,69849
875151,6;69,69849
875168,1;70,24989
875184,7;70,24989
875201,3;70,24989
875217,8;70,24989
875234,4;70,24989
875251;70,24989
875267,5;70,24989
875284,2;70,24989
875301,3;70,24989
875317,3;70,24989
875333,8;70,24989
875350,8;70,24989
875366,9;70,24989
875384,1;70,24989
875400;70,24989
875416,7;70,24989
875433,3;70,24989
875449,8;70,24989
875466,3;70,24989
875482,9;70,24989
875499,4;70,24989
875516;70,2897
875532,6;70,31459
875549,1;70,35262
875565,8;70,38049
875582,4;70,39711
875598,8;70,00018
875615,4;70,00018
875632,5;70,00018
875648,6;70,00018
875665,1;69,94704
875681,7;69,62697
875698,3;69,65869
875714,9;69,68998
875731,4;69,36283
875747,9;69,36283
875764,5;69,36283
875781,5;69,36283
875797,9;69,80205
875814,2;69,80205
875831,3;69,80205
875847,4;69,80205
875864,3;69,80205
875880,7;69,80205
875897,1;69,80205
875913,6;69,80205
875930,2;69,80205
875946,7;69,80205
875963,3;69,80205
875979,9;69,80205
875996,8;69,80205
876013;69,80205
876029,7;69,80205
876046,1;69,80205
876062,7;69,80205
876079,3;69,80205
876095,8;69,80205
876112,4;69,80205
876129,3;69,80205
876145,8;69,80205
876162,1;69,80205
876178,8;69,80205
876195,3;69,80205
876212,5;69,80205
876228,4;69,80205
876244,9;69,80098
876261,6;69,81764
876278,1;69,81764
876295,3;69,81764
876311,2;69,81764
876327,8;69,81764
876344,8;69,81764
876360,9;69,81764
876377,7;69,81764
876394,1;69,81764
876410,9;69,81764
876427,2;69,81764
876443,8;69,81764
876460,3;69,81764
876476,9;69,81764
876493,9;69,90729
876510,2;69,90729
876526,6;69,90729
876543,1;69,90729
876560,1;69,90729
876576,8;69,90729
876592,8;69,90729
876610,1;69,90729
876626;69,90729
876642,5;69,90729
876659,1;69,90729
876675,7;69,90729
876692,3;69,90729
876708,8;69,90729
876725,4;69,90729
876742,3;69,90729
876758,6;69,90729
876775,1;69,90729
876791,6;69,90729
876808,3;69,90729
876824,8;69,90729
876841,4;69,90729
876857,9;69,90729
876874,7;69,90729
876891,1;69,90729
876907,6;69,90729
876924,2;69,90729
876940,8;69,90729
876957,3;69,90729
876973,9;69,90729
876990,8;69,90729
877007;69,90729
877023,6;69,90729
877040,5;69,90729
877056,7;69,90729
877073,6;69,90729
877089,9;69,90729
877106,4;69,90729
877123,1;69,90729
877139,5;69,90729
877156,1;69,90729
877172,7;69,90729
877189,3;69,90729
877205,8;69,90729
877222,4;70,29663
877239;70,29663
877255,7;70,29663
877272,9;70,29663
877288,7;70,29663
877305,8;70,29663
877321,8;70,29663
877338,3;70,29663
877355,1;70,29663
877371,9;70,29663
877388,5;70,29663
877404,7;70,29663
877421,2;70,29663
877437,8;70,29663
877455;70,29663
877470,9;70,29663
877487,4;70,29663
877504;70,29663
877520,6;70,29663
877537,2;70,29663
877554,2;70,29663
877570,3;70,29663
877586,9;70,29663
877603,5;70,29235
877620,4;70,28458
877636,6;70,28156
877653,1;70,29518
877669,7;70,30019
877686,5;70,29163
877702,8;70,29293
877722,9;70,29813
877740,1;70,29266
877756,1;70,29266
877772,6;70,29266
877789,2;70,29266
877805,9;70,29266
877822,6;70,29266
877838,9;70,29266
877855,5;70,28944
877872;70,29395
877888,6;70,28931
877905,1;70,28931
877921,7;70,28931
877938,3;70,28931
877954,8;70,28931
877971,4;70,28931
877988;70,36073
878004,6;70,36073
878021,1;70,36073
878038;70,36073
878054,3;70,36073
878070,8;70,36073
878087,4;70,36073
878103,9;70,36073
878120,5;70,36073
878137,1;70,36073
878153,6;70,36073
878170,3;70,36073
878186,8;70,36073
878203,4;70,36073
878219,9;70,36073
878236,9;70,36073
878253,1;70,36073
878269,6;70,36073
878286,3;70,36073
878302,8;70,36073
878319,3;70,36073
878336,3;70,36073
878352,4;70,36073
878369;70,36073
878385,6;70,36073
878402,2;70,36073
878418,9;70,36073
878435,3;70,36073
878451,8;70,36073
878468,4;70,36073
878485;70,36073
878501,9;70,36073
878518,1;70,36073
878534,7;70,36073
878551,4;70,36073
878567,8;70,36073
878584,6;70,36073
878601,2;70,36073
878617,8;70,36073
878634,1;70,36073
878650,6;70,36073
878667,2;70,36073
878683,8;70,7453
878700,4;70,7453
878716,9;70,7453
878733,4;70,7453
878750,1;70,7453
878766,7;70,7453
878783,1;70,7453
878799,8;70,7453
878816,3;70,7453
878832,9;70,7453
878849,4;70,7453
878866;70,7453
878882,8;70,7453
878899,2;70,7453
878915,7;70,7453
878932,3;70,7453
878948,9;70,7453
878965,4;70,7453
878982,2;70,7453
878998,6;70,7453
879015,8;70,7453
879031,7;70,7453
879048,2;70,7453
879064,8;70,7453
879081,7;70,7453
879097,9;70,7453
879114,5;70,7453
879131,1;70,7453
879147,6;70,7453
879164,2;70,7453
879180,8;70,7453
879197,7;70,7453
879213,9;70,7453
879230,5;70,7453
879247,5;70,7453
879264;70,7453
879280,6;70,7453
879296,8;70,7453
879313,4;70,7453
879329,9;70,7453
879346,4;70,7453
879363;70,7453
879379,6;70,7453
879396,1;70,7453
879412,8;70,7453
879429,3;70,79815
879445,9;70,79815
879462,4;70,79815
879479,1;70,79815
879495,6;70,79815
879512,1;70,79815
879528,7;70,79815
879545,4;70,79815
879562,4;70,79815
879578,4;70,79815
879595,1;70,79815
879611,5;70,79815
879628,1;70,79815
879644,9;70,79815
879661,6;70,79815
879677,8;70,79815
879694,6;70,79815
879710,9;70,79815
879727,5;70,79815
879744,1;70,79815
879760,6;70,79815
879777,5;70,79815
879793,8;70,79815
879810,7;70,79815
879827;70,79815
879843,4;70,79815
879860,6;70,79815
879877;70,79815
879893,1;70,79815
879909,7;70,79815
879926,7;70,79815
879942,8;70,79815
879959,4;70,79815
879975,9;70,79815
879992,6;70,79815
880009,1;70,79815
880025,6;70,79815
880042,3;70,79815
880059,1;70,79815
880075,4;70,79815
880092;70,79815
880108,5;70,79815
880125,1;70,79815
880141,6;70,79815
880158,4;70,79815
880175,1;70,79815
880191,4;71,2384
880207,9;71,2384
880224,5;71,2384
880241;71,2384
880258,2;71,2384
880274,2;71,2384
880290,9;71,2384
880307,3;71,2384
880323,9;71,2384
880341,1;71,2384
880357,4;71,2384
880373,6;71,2384
880390,1;71,2384
880410,3;71,2384
880426,9;71,2384
880443,4;71,2384
880460,2;71,1825
880476,6;70,69138
880493,1;70,17902
880509,7;70,15058
880526,3;70,12181
880542,9;70,09737
880559,4;70,08714
880576,8;70,06654
880592,5;70,04527
880609,1;70,0279
880625,7;70,00447
880642,2;69,98687
880659;69,96174
880675,4;69,85267
880691,9;69,34449
880709;69,24528
880725,1;69,27957
880741,6;69,17662
880758,2;69,10406
880774,8;68,92168
880791,3;68,85358
880808,1;68,79156
880824,4;68,08194
880841;68,08194
880857,6;68,08194
880874,3;68,08194
880890,8;67,99266
880907,3;67,99266
880924,1;67,99266
880940,4;67,99266
880957;67,99266
880973,6;67,99266
880990,4;67,99266
881006,8;67,99266
881023,3;67,99266
881039,9;67,99266
881056,4;67,99266
881073,1;67,99266
881089,6;67,99266
881106,1;67,99266
881122,7;67,99266
881139,5;67,99266
881155,8;67,99266
881172,4;67,99266
881189,1;67,99266
881205,5;67,99266
881222,3;67,99266
881238,8;67,99266
881255,5;67,99266
881271,8;67,99266
881288,3;67,99266
881304,9;67,99266
881321,7;67,99266
881338,1;67,99266
881355,2;67,99266
881371,8;67,99266
881388,3;67,99266
881404,9;67,99266
881421,8;67,99266
881438,9;67,99266
881454,5;67,99266
881471,2;67,99266
881487,7;67,99266
881504,3;67,99266
881520,8;67,99266
881537,4;67,99266
881553,9;67,99266
881570,5;67,99266
881587,1;67,99266
881604,2;68,06577
881620,5;68,06577
881636,8;68,06577
881653,4;68,06577
881670,5;68,06577
881686,5;68,06577
881703,1;68,06577
881719,6;68,06577
881736,1;68,06577
881752,9;68,06577
881769,4;68,06577
881785,9;68,06577
881802,5;68,06577
881819;68,06577
881835,6;68,06577
881852,4;68,06577
881868,7;68,06577
881885,4;68,06577
881901,9;68,06577
881918,7;68,06577
881935;68,06577
881951,6;68,06577
881968,1;68,06577
881984,7;68,06577
882001,3;68,06577
882017,8;68,06577
882034,4;68,06577
882050,9;68,06577
882067,5;68,06577
882084,1;68,06577
882100,9;68,06577
882117,2;68,06577
882133,8;68,06577
882150,3;68,06577
882166,9;68,06577
882183,5;68,5104
882200;68,06534
882216,6;68,06534
882240;68,06534
882250,3;68,06534
882267,1;68,61917
882283,6;68,61917
882300,1;68,61917
882316,6;68,61917
882333,6;68,61917
882349,8;68,61917
882366,3;68,61917
882382,9;68,61917
882399,4;68,61917
882416;68,61917
882432,6;68,61917
882449,2;68,61917
882466,1;68,61917
882482,3;68,61917
882498,8;68,61917
882515,4;68,61917
882532,3;68,61917
882548,7;68,61917
882565,8;68,6205
882581,7;68,62242
882598,4;68,62645
882615,3;68,49287
882632,1;68,535
882647,9;68,57478
882665,2;68,61446
882681,1;68,65295
882697,6;68,67976
882714,4;68,29375
882730,8;68,72076
882747,3;68,76316
882763,9;68,80477
882780,4;68,83502
882797,1;68,47111
882813,6;68,43468
882830,8;68,11748
882847,1;68,19493
882863,4;68,19493
882880,5;68,19493
882896,4;68,68233
882913;68,68233
882929,6;68,68233
882946,2;68,68233
882962,7;68,68233
882979,6;68,68233
882995,9;68,68233
883012,4;68,68233
883029;68,68233
883045,6;68,68233
883062,1;68,68233
883078,7;68,68233
883095,2;68,68233
883112;68,68233
883128,4;68,68233
883150,5;68,68233
883161,6;68,68233
883178,1;68,68233
883194,9;68,75739
883211,3;68,80597
883227,9;68,86101
883245,2;68,91798
883260,9;68,98267
883277,6;69,03354
883294,1;69,09653
883310,9;69,14983
883327,2;69,14697
883343,9;68,77106
883361,3;68,30812
883376,9;68,36533
883393,6;68,36132
883410,1;68,41135
883426,6;68,45139
883443,3;68,49508
883460,1;68,53292
883476,3;68,57855
883493,3;68,55161
883509,4;68,55161
883526;68,55161
883542,6;68,55161
883559,3;68,6903
883575,7;68,6903
883592,3;68,6903
883608,8;68,6903
883625,4;68,6903
883641,9;68,6903
883658,6;68,6903
883675,1;68,6903
883691,6;68,6903
883708,3;68,6903
883724,9;68,6903
883741,8;68,6903
883758,8;68,6903
883775,3;68,6903
883792;68,6903
883808,4;68,6903
883825,1;68,6903
883841,6;68,6903
883858,3;68,6903
883874,9;68,6903
883891,3;68,6903
883908,3;69,01514
883924,4;68,9975
883941,4;68,98636
883957,6;68,97289
883974,1;68,95333
883990,9;68,94514
884007,4;68,59528
884024,1;68,59528
884043,6;68,59528
884060,3;68,59528
884076,8;68,59528
884093,4;68,59528
884110,2;68,92889
884126,4;68,91544
884143,1;68,90131
884159,6;68,54951
884177;68,54951
884192,8;68,54951
884209,3;68,54951
884226,6;68,95535
884242,6;68,95535
884259,5;68,95535
884275,9;68,95535
884292,2;68,95535
884308,7;68,95535
884325,3;68,95535
884341,9;68,95535
884358,6;68,95535
884375,4;68,95535
884391,6;68,95535
884408,1;68,95535
884424,7;68,95535
884441,3;68,95535
884458,4;68,95535
884474,4;68,95535
884490,9;68,95535
884507,5;68,95535
884524,1;68,95535
884540,7;68,95535
884557,2;68,95535
884573,8;68,95535
884590,9;68,95535
884606,9;68,95535
884623,5;68,95535
884640,1;68,95535
884656,6;68,89837
884673,2;68,86758
884689,8;68,83047
884706,8;68,78821
884722,9;68,81688
884739,4;68,81688
884756,1;68,81688
884772,6;68,81688
884789,2;68,81688
884805,8;68,81688
884822,6;68,81688
884838,9;68,81688
884855,8;68,81688
884872;68,70712
884888,6;68,70712
884905,1;68,70712
884921,7;68,70712
884938,3;68,70712
884960,1;68,65424
884976,6;68,65424
884993,4;68,65424
885010,4;68,65424
885026,4;68,65424
885042,9;68,65424
885059,6;68,65424
885076,1;68,65424
885092,6;68,65424
885109,2;68,65424
885125,8;68,65424
885142,3;68,65424
885159,3;68,65424
885175,4;68,65424
885192,1;68,65424
885208,6;68,65424
885225,8;68,65424
885241,7;68,65424
885258,3;68,65424
885274,8;68,65424
885291,4;68,65424
885308,1;68,65424
885324,5;68,45394
885341,1;68,3665
885358;67,73311
885374,3;67,63906
885391,3;67,55062
885407,4;67,46539
885424,1;67,37567
885440,9;67,28367
885457,1;67,19335
885473,6;67,23734
885490,4;67,23734
885506,9;67,23734
885523,4;67,23734
885540;67,23734
885556,5;67,23734
885573,2;67,23734
885589,7;67,23734
885606,2;67,23734
885622,8;67,23734
885639,3;67,23734
885656,2;67,10236
885672,5;67,10236
885689,1;67,10236
885705,6;67,48952
885722,2;67,48952
885738,8;67,48952
885755,3;67,48952
885771,9;67,48952
885788,6;67,48952
885805;67,48952
885821,6;67,48952
885846,1;67,48952
885858,5;67,48952
885875,1;67,48952
885891,7;67,48952
885908,2;67,48952
885924,9;67,48952
885941,4;67,48952
885957,9;67,48952
885974,5;67,48952
885991;67,48952
886007,9;67,48952
886024,2;67,48952
886040,7;67,29935
886057,3;67,17934
886074,1;67,07083
886090,4;66,94959
886107,2;66,83354
886123,6;66,71281
886140,3;66,59326
886156,9;66,47983
886173,3;66,35754
886189,8;65,75302
886206,4;65,64819
886222,9;65,54237
886239,6;65,6059
886256,1;65,43477
886272,9;65,49307
886289,3;65,49307
886306,3;65,49307
886322,5;65,49307
886338,9;65,49307
886355,5;65,49307
886372,1;65,32024
886388,6;65,21424
886405,2;65,21424
886421,8;65,21424
886438,4;65,21424
886454,9;65,52258
886471,4;65,52258
886488,1;65,52258
886504,6;65,52258
886521,3;65,52258
886537,8;65,52258
886554,5;65,52258
886570,9;65,52258
886587,4;65,52258
886604,1;65,52258
886620,6;65,52258
886637,1;65,52258
886653,7;65,52258
886670,3;65,52258
886686,8;65,52258
886703,4;65,52258
886726,5;65,52258
886736,8;65,52258
886754;65,52258
886769,9;65,52258
886786,6;65,52258
886803,7;65,52258
886819,6;65,52258
886836,7;65,52258
886852,8;65,52258
886869,6;65,52258
886885,9;65,52258
886902,5;65,52258
886919,1;65,52258
886936;65,52258
886952,2;65,52258
886968,8;65,52258
886985,4;65,52258
887001,9;65,52258
887018,6;65,52258
887035,1;65,52258
887051,6;65,52258
887068,4;65,52258
887084,8;65,52258
887101,3;65,52258
887117,9;65,52258
887134,4;65,52258
887151;65,52258
887167,6;65,52258
887184,4;65,52258
887200,8;65,52258
887217,3;65,52258
887233,8;65,52258
887250,4;65,52258
887267,4;65,52258
887283,5;65,52258
887300,1;65,40325
887316,6;65,40325
887333,3;65,40325
887349,8;65,40325
887366,4;65,40325
887382,9;65,40325
887399,5;65,40325
887416,4;65,40325
887432,7;65,40325
887449,3;65,40325
887465,8;65,40325
887482,8;65,40325
887498,9;65,40325
887515,5;65,40325
887532,1;65,40325
887548,9;65,40325
887565,2;65,40325
887581,8;65,40325
887598,3;65,40325
887616,8;65,40325
887632;65,40325
887648;65,40325
887664,6;65,40325
887681,6;65,40325
887698,1;65,40325
887714,3;65,40325
887730,8;65,40325
887747,4;65,40325
887764,1;65,40325
887781;65,40325
887797,1;65,40325
887813,9;65,40325
887830,9;65,40325
887846,8;65,40325
887863,3;65,40325
887880,1;65,40325
887896,6;65,40325
887913,6;65,40325
887929,8;65,40325
887946,3;65,40325
887962,8;65,40325
887979,3;65,40325
887995,9;65,40325
888012,4;65,40325
888029,3;65,40325
888045,6;65,40325
888062,2;65,40325
888078,8;65,40325
888095,3;65,40325
888111,9;65,40325
888128,4;65,40325
888145;65,74878
888161,6;65,74878
888178,2;65,74878
888195,1;65,74878
888211,3;65,74878
888227,9;65,74878
888244,4;65,74878
888261,1;65,74878
888277,7;65,74878
888294,1;65,74878
888310,7;65,74878
888327,2;65,74878
888343,8;65,74878
888360,4;65,74878
888376,9;65,74878
888393,6;65,74878
888410,1;65,74878
888426,8;65,74878
888443,2;65,74878
888466,5;65,74878
888476,3;65,74878
888492,9;65,74878
888509,4;65,63741
888526,1;65,56432
888542,9;65,49342
888559,4;65,42492
888576,1;65,35693
888592,3;65,28759
888608,9;65,21747
888625,4;65,14675
888642;65,06708
888658,6;64,9193
888675,2;64,90583
888691,7;64,58775
888708,3;64,58775
888724,9;64,58775
888741,6;64,58775
888758;64,58775
888774,6;64,58775
888791,1;64,58775
888807,8;64,58775
888824,4;64,58775
888841,2;64,58775
888857,8;64,58775
888873,9;64,58775
888890,5;64,58775
888907,8;64,58775
888923,7;64,94421
888940,2;64,94421
888957,3;64,94421
888973,3;64,94421
888989,9;64,94421
889006,5;64,94421
889023;64,94421
889039,6;64,94421
889056,1;64,94421
889072,9;64,94421
889090,1;64,94421
889105,9;64,94421
889122,5;64,94421
889139,3;64,94421
889155,6;64,94421
889172,1;64,94421
889188,8;64,94421
889205,3;64,94421
889221,9;64,94421
889239,1;64,94421
889255,3;64,94421
889271,6;64,94421
889288,1;64,94421
889305,1;64,94421
889321,3;64,94421
889337,8;64,94421
889354,4;64,94421
889370,9;64,94421
889387,5;64,94421
889404,6;64,94421
889420,6;64,94421
889437,2;64,94421
889453,8;64,94421
889470,3;64,94421
889486,9;64,94421
889503,5;64,94421
889520;64,94421
889536,6;64,94421
889553,2;64,94421
889570,1;64,94421
889586,4;64,94421
889603,4;64,94421
889619,4;64,94421
889636,1;64,94421
889652,6;64,94421
889669,1;64,94421
889686;65,0084
889702,6;65,0084
889718,8;65,0084
889735,4;65,0084
889752,3;65,0084
889769,1;65,0084
889785,1;65,0084
889801,7;65,0084
889818,4;65,0084
889834,8;65,0084
889851,4;65,0084
889868,3;65,0084
889884,5;65,0084
889901,2;65,0084
889917,7;65,0084
889934,4;65,0084
889950,8;65,0084
889967,4;65,0084
889983,9;65,0084
890000,5;65,0084
890017;65,0084
890033,9;65,0084
890050,2;65,0084
890067,2;65,0084
890083,4;65,0084
890099,9;65,0084
890116,4;65,0084
890133,1;65,0084
890150,4;65,0084
890166,4;65,0084
890182,7;65,0084
890199,3;65,0084
890216;65,0084
890232,4;65,0084
890249;65,0084
890265,6;65,0084
890282,1;65,0084
890298,6;65,0084
890315,6;65,0084
890331,8;65,0084
890348,4;65,0084
890365,4;65,0084
890381,5;65,0084
890398,3;65,0084
890414,6;65,0084
890431,7;65,45566
890447,8;65,45566
890464,6;65,45566
890480,9;65,45566
890497,8;65,45566
890514,1;65,45566
890530,6;65,45566
890547,2;65,45566
890563,8;65,45566
890580,3;65,45566
890596,9;65,45566
890613,9;65,45566
890630;65,45566
890646,6;65,45566
890663,2;65,45566
890679,7;65,45566
890697;65,45566
890712,9;65,45566
890729,7;65,45566
890746,1;65,45566
890762,8;65,45566
890779,1;65,45566
890795,8;65,45566
890812,3;65,45566
890828,8;65,45566
890845,4;65,45566
890861,9;65,45566
890878,6;65,45566
890895,4;65,45566
890912,1;65,45566
890928,3;65,45566
890944,8;65,45566
890961,4;65,45566
890977,9;65,45566
890994,7;65,45566
891011,1;65,45566
891027,6;65,45566
891044,2;65,45566
891060,8;65,45566
891078;65,45566
891093,9;65,45566
891110,4;65,45566
891127;65,45566
891143,9;65,64432
891160,5;65,64432
891176,7;65,64432
891196,9;65,64432
891213,6;65,64432
891230,3;65,64432
891246,7;65,64432
891263,3;65,64432
891280,2;65,64432
891296,4;65,64432
891313,2;65,64432
891329,5;65,64432
891346,8;65,64432
891362,7;65,64432
891379,2;65,64432
891396,9;65,64432
891412,4;65,64432
891429,1;65,64432
891445,5;65,64432
891462,1;65,64432
891479,3;66,03999
891495,2;66,08515
891511,8;66,12604
891528,3;66,17995
891544,9;66,21767
891561,4;66,2726
891578;65,95752
891594,7;66,01847
891611,1;65,99556
891627,8;65,99556
891644,3;65,99556
891661,1;65,99556
891677,4;66,08843
891694;66,16659
891710,6;66,23199
891727,3;65,94122
891743,7;66,01096
891760,6;66,01096
891776,9;66,01096
891793,4;66,47704
891809,9;66,47704
891826,6;66,47704
891843,1;66,47704
891859,7;66,47704
891876,3;66,47704
891893,1;66,47704
891909,6;66,47704
891925,9;66,47704
891942,9;66,47704
891959,1;66,47704
891975,7;66,47704
891992,6;66,47704
892008,8;66,47704
892025,3;66,47704
892041,9;66,47704
892058,5;66,47704
892075;66,47704
892092,4;66,47704
892108,1;66,47704
892125,3;66,47704
892141,3;66,47704
892157,8;66,47704
892174,9;66,47704
892191;66,47704
892207,6;66,47704
892224,3;66,47704
892240,9;66,47704
892257,3;66,47704
892274,3;66,47704
892290,6;66,47704
892307,4;66,47704
892323,6;66,47704
892340,1;66,47704
892356,6;66,47704
892373,4;66,47704
892390;66,47704
892406,4;66,47704
892423,1;66,47704
892439,5;66,47704
892456,7;66,47704
892472,6;66,47704
892489,5;66,72648
892506,1;66,72648
892522,3;66,72648
892538,9;66,72648
892555,9;66,72648
892572,2;66,72648
892588,6;66,72648
892605,2;66,72648
892621,7;66,72648
892638,3;66,72648
892654,9;66,72648
892671,4;66,72648
892688;66,72648
892705;66,72648
892721,1;66,72648
892737,8;66,72648
892754,3;66,72648
892771,1;66,72648
892787,5;66,72648
892803,9;66,72648
892821,3;66,72648
892837,3;66,72648
892853,6;66,72648
892870,3;66,72648
892886,8;66,72648
892903,4;66,72648
892919,9;66,72648
892936,4;66,72648
892953,6;66,72648
892970,1;66,72648
892986,2;66,72648
893002,8;66,72648
893019,9;66,72648
893035,9;67,14304
893053,3;66,82391
893069,3;66,82391
893085,8;66,82391
893102,7;66,82391
893119,1;66,82391
893135,6;67,37572
893151,9;67,37572
893168,4;67,37572
893185;67,37572
893201,6;67,37572
893218,1;67,37572
893234,7;67,37572
893251,4;67,37572
893267,9;67,37572
893284,4;67,37572
893301,7;67,37572
893317,7;67,37572
893334,1;67,37572
893350,6;67,37572
893367,3;67,37572
893384,1;67,37572
893400,3;67,37572
893417,1;67,37572
893433,5;67,37572
893450,1;67,37572
893466,7;67,37572
893483,3;67,37572
893499,8;67,37572
893516,3;67,37572
893532,9;67,37572
893549,4;67,37572
893566,1;67,37572
893582,8;67,37572
893599,2;67,37572
893615,8;67,37572
893632,3;67,37572
893648,9;67,37572
893665,4;67,49144
893682;67,56733
893698,6;67,52637
893715,4;67,52637
893731,8;67,52637
893748,3;67,52637
893765,3;67,75283
893782,1;67,75283
893798,2;67,75283
893814,5;67,75283
893834,6;67,75283
893847,6;67,75283
893864,2;67,75283
893880,8;67,75283
893897,3;67,75283
893913,9;67,75283
893930,5;67,75283
893947,1;67,75283
893963,6;67,75283
893980,2;67,75283
893996,8;67,75283
894013,3;67,75283
894029,9;67,75283
894046,6;67,75283
894063,1;67,75283
894079,6;67,75283
894096,1;67,75283
894112,8;67,75283
894129,3;67,75283
894148,6;67,75283
894169,8;67,75283
894192,9;67,75283
894212,7;67,75283
894234,3;67,75283
894259,6;67,75283
894278,5;67,75283
894295,1;67,75283
894311,7;67,75283
894328,2;67,75283
894345,2;67,75283
894361,3;67,75283
894377,9;67,75283
894394,8;67,75283
894411;67,75283
894427,6;68,23129
894444,3;68,23129
894460,8;68,23129
894477,3;68,23129
894494,1;68,23129
894510,6;68,23129
894527;68,23129
894543,7;68,23129
894560,1;68,23129
894580,4;68,23129
894605,9;68,23129
894622,7;68,23129
894639,2;68,23129
894655,7;68,23129
894672,3;68,23129
894689,1;68,23129
894709,8;68,23129
894722;68,23129
894738,6;68,23129
894755,1;68,23129
894771,6;68,23129
894798,2;68,23129
894816,3;68,33443
894838,5;68,40635
894862,5;68,38074
894882;68,38074
894898,6;68,38074
894918,3;68,38074
894935,2;68,38074
894951,5;68,38074
894968;68,48684
894984,9;68,27354
895001,2;68,3795
895017,8;68,3043
895034,7;68,3043
895050,8;68,3043
895084,4;68,3043
895100,9;68,59756
895117,5;68,59756
895134,3;68,59756
895150,6;68,59756
895167,2;68,59756
895183,7;68,59756
895200,3;68,59756
895216,9;68,59756
895233,4;68,59756
895250;68,59756
895266,6;68,59756
895283,1;68,59756
895299,8;68,59756
895316,3;68,59756
895333,1;68,59756
895349,4;68,59756
895366,6;68,59756
895382,5;68,59756
895399,6;68,59756
895415,6;68,91797
895432,3;68,99533
895448,8;69,07491
895465,4;69,15881
895481,9;69,22526
895498,5;69,30644
895515,6;69,38059
895531,7;69,45423
895548,2;69,20896
895564,8;69,20896
895588,4;69,20896
895605;69,20896
895621,6;69,52555
895638,1;69,59974
895654,8;69,68676
895671,3;69,77367
895687,8;69,51965
895704,4;69,51965
895721,1;69,51965
895737,6;69,51965
895754,1;69,68892
895770,7;69,68892
895787,3;69,68892
895804,7;69,68892
895820,7;69,68892
895837,3;69,68892
895853,5;69,68892
895870,1;69,68892
895886,7;69,68892
895903,6;69,68892
895919,8;69,68892
895936,3;69,68892
895952,9;69,68892
895969,5;69,68892
895986;69,68892
896002,8;69,68892
896019,2;69,68892
896035,7;69,68892
896052,3;69,68892
896069;69,68892
896085,4;69,68892
896102;69,68892
896118,8;69,68892
896135,1;69,68892
896151,7;69,68892
896168,3;69,68892
896184,8;69,68892
896201,8;69,68892
896217,9;69,68892
896234,8;69,68892
896251,3;69,68892
896267,6;69,68892
896284,5;69,68892
896301,4;69,68892
896317,4;69,68892
896334,1;69,68892
896350,4;69,68892
896367,1;69,68892
896383,6;69,68892
896400,6;69,68892
896416,8;69,68892
896433,8;69,68892
896449,9;69,8353
896467,2;69,8353
896483,2;69,8353
896500,3;69,8353
896516,4;69,8353
896533,4;69,8353
896549,3;69,8353
896566;69,8353
896582,6;69,8353
896599;69,8353
896615,9;69,8353
896632,2;69,8353
896648,7;69,8353
896665,3;69,8353
896681,8;69,8353
896698,4;69,8353
896714,9;69,8353
896731,9;69,8353
896748,3;69,8353
896765;69,8353
896781,3;69,8353
896797,8;69,8353
896814,6;69,8353
896830,9;69,8353
896847,5;69,8353
896864,4;69,8353
896881,1;69,8353
896898,1;69,8353
896913,8;69,8353
896930,4;69,8353
896946,9;69,8353
896963,4;69,8353
896980,1;69,8353
896996,6;69,8353
897013,2;69,8353
897029,8;69,8353
897046,4;69,8353
897062,9;69,8353
897079,4;69,8353
897096;69,8353
897112,6;69,8353
897129,3;69,8353
897145,7;69,8353
897162,3;69,8353
897178,8;69,8353
897195,4;69,97954
897212,4;69,97954
897228,5;69,97954
897245,1;69,97954
897261,7;69,97954
897278,2;69,97954
897294,8;69,97954
897311,3;69,97954
897327,9;69,97954
897347,6;69,97954
897364,2;69,97954
897380,8;69,97954
897397,8;69,97954
897413,9;69,97954
897430,5;69,97954
897447;69,97954
897463,7;69,97954
897480,5;69,97954
897497,1;70,02639
897513,6;70,05489
897529,9;70,08682
897546,4;70,12194
897563;70,14758
897579,5;70,18102
897596,1;70,20779
897612,7;70,24594
897629,8;70,27731
897645,8;70,25585
897662,7;70,25585
897678,9;70,25585
897695,5;70,25585
897712,1;70,25585
897728,6;70,25585
897745,3;70,25585
897761,9;70,29765
897778,4;70,32175
897794,9;70,29024
897811,4;69,78728
897828,1;69,22021
897844,6;69,22021
897861,2;69,22021
897877,8;69,22021
897894,4;69,22021
897910,9;69,22021
897927,4;69,22021
897944;69,22021
897960,6;69,22021
897977,2;69,22021
897993,7;69,22021
898010,3;69,22021
898026,9;69,22021
898043,4;69,22021
898060,3;69,22021
898076,6;69,22021
898093,1;69,22021
898109,7;69,22021
898126,3;69,22021
898142,8;69,22021
898159,4;69,22021
898176,1;69,59398
898192,5;69,57288
898209,1;69,53868
898225,6;69,52467
898242,3;69,4976
898258,8;69,47218
898275,4;69,45289
898292;69,42233
898309,1;69,39441
898325,5;69,37051
898341,6;69,34796
898358,3;69,32478
898374,8;68,78734
898391,4;68,24599
898407,9;68,24599
898424,5;68,24599
898441,1;68,24599
898457,6;68,16956
898474,2;67,98872
898490,8;67,97483
898507,3;67,55264
898524;67,55264
898540,4;67,55264
898557;67,55264
898573,8;67,99929
898590,1;67,99929
898606,7;67,99929
898623,3;67,99929
898639,8;67,99929
898656,4;67,99929
898673,1;67,99929
898689,8;67,99929
898706,1;67,99929
898722,9;67,99929
898739,2;67,99929
898755,8;67,99929
898772,3;67,99929
898788,9;67,99929
898805,8;67,99929
898822,1;67,99929
898838,6;67,99929
898855,2;67,99929
898871,8;67,99929
898888,3;67,99929
898904,9;67,99929
898921,4;67,99929
898938,6;67,99929
898954,6;67,99929
898971,7;67,99929
898987,8;67,99929
899004,7;67,99929
899021,4;67,99929
899037,4;67,99929
899054;67,99929
899070,6;67,99929
899087,1;67,99929
899103,7;67,99929
899120,6;67,99929
899139,5;67,99929
899156,2;67,99929
899173;67,99929
899189,2;67,99929
899205,8;67,99929
899222,4;67,99929
899238,9;67,99929
899255,5;67,99929
899272,1;67,99929
899288,6;67,99599
899305,2;67,99599
899322,1;67,99599
899338,3;67,99599
899354,9;67,99599
899371,4;67,99599
899388,1;67,99599
899404,6;67,99599
899421,3;67,99599
899437,8;67,99599
899454,3;67,99599
899470,9;67,99599
899487,4;67,99599
899503,9;67,99599
899520,6;67,99599
899537,1;67,99599
899553,8;67,99599
899570,5;67,99599
899586,9;67,99599
899603,4;67,99599
899620,7;67,99599
899636,6;67,99599
899653,1;67,99599
899669,7;67,99599
899686,2;67,99599
899703,1;67,99599
899719,4;67,99599
899735,9;67,99599
899752,9;67,99599
899769,1;67,99599
899785,8;67,99599
899802,2;67,99599
899819,4;67,99599
899835,3;67,99599
899851,9;67,99599
899868,5;67,909
899885;67,48982
899901,8;67,48982
899918,2;67,48982
899934,8;67,48982
899951,3;67,48982
899967,9;68,04736
899984,4;68,04736
900001,4;68,04736
900017,6;68,04736
900034,6;68,04736
900050,8;68,04736
900067,3;68,04736
900083,9;68,04736
900100,4;68,04736
900116,9;68,04736
900133,9;68,04736
900150,1;68,04736
900166,6;68,04736
900183,3;68,04736
900199,8;68,04736
900216,4;68,04736
900232,9;68,04736
900249,6;68,04736
900266,1;68,00665
900282,6;67,98408
900299,4;67,95545
900315,8;67,93309
900332,3;67,78117
900348,9;67,78275
900365,6;67,77672
900382;67,78049
900398,6;67,4138
900415,8;67,4138
900431,7;67,78244
900448,3;67,77978
900464,9;67,78118
900482,2;67,7868
900498,1;67,78596
900514,9;67,79238
900531,7;67,42042
900548,1;67,42042
900564,3;67,42042
900580,8;67,42042
900598,1;67,86411
900613,9;67,86411
900630,5;67,86411
900647,1;67,86411
900663,6;67,86411
900680,3;67,86411
900696,8;67,86411
900713,4;67,86411
900729,9;67,86411
900746,4;67,86411
900763,1;67,86411
900779,6;67,86411
900796,6;67,86411
900812,8;67,86411
900829,9;67,86411
900845,9;67,86411
900862,4;67,86411
900879,1;67,86411
900901,3;67,86411
900913;67,86411
900929,6;67,86411
900946,2;67,86411
900962,7;67,86411
900979,5;67,86411
900995,9;67,86411
901012,4;67,86411
901029;67,86411
901045,7;67,86411
901062,2;67,86411
901078,7;67,86411
901095,2;67,86411
901111,8;67,86411
901128,6;67,86411
901144,9;67,86411
901161,5;67,86411
901178,1;67,86411
901195;67,86411
901211,3;67,82117
901227,8;67,78861
901244,3;67,78861
901260,9;67,78861
901277,4;67,78861
901294,3;68,20471
901310,6;68,20471
901327,2;68,20471
901343,8;68,20471
901360,4;68,20471
901376,9;68,20471
901393,6;68,20471
901410,1;68,20471
901426,7;68,20471
901443,1;68,20471
901459,7;68,20471
901476,3;68,20471
901492,9;68,20471
901510,1;68,20471
901526,1;68,20471
901542,6;68,20471
901559,1;68,20471
901575,7;68,20471
901592,5;68,20471
901608,8;68,20471
901625,4;68,20471
901642,1;68,20471
901658,5;68,20471
901675,1;68,20471
901691,6;68,20471
901708,2;67,99042
901724,8;67,37352
901741,3;67,30821
901757,9;67,24352
901774,5;67,18695
901791,1;67,12182
901807,6;66,81007
901824,2;66,81007
901841;66,81007
901857,3;66,81007
901874,5;66,81007
901890,4;66,81007
901907;66,81007
901923,6;66,81007
901940,3;67,05353
901956,8;66,73796
901973,3;66,73796
901990,3;66,73796
902006,4;66,73796
902022,9;66,73796
902039,6;67,06915
902056,2;67,06915
902073,6;67,06915
902090,3;67,06915
902105,8;67,06915
902122,4;67,06915
902138,9;67,06915
902155,5;67,06915
902172,2;67,06915
902188,7;67,06915
902205,9;67,06915
902221,8;67,06915
902238,7;67,06915
902255,1;67,06915
902271,5;67,06915
902288;67,06915
902304,6;67,06915
902321,8;67,06915
902337,7;67,06915
902354,7;67,06915
902370,9;67,06915
902387,4;67,06915
902404;67,06915
902420,6;67,06915
902437,1;67,06915
902453,8;67,06915
902470,8;67,06915
902487,4;67,06915
902503,4;67,06915
902520,9;67,06915
902536,6;67,06915
902553,3;67,06915
902569,6;67,06915
902586,3;67,06915
902602,8;67,06915
902619,4;67,06915
902636,3;67,06915
902652,5;67,06915
902669,1;67,06915
902689;67,06915
902702,2;67,06915
902719;67,06915
902735,8;67,06915
902752;67,06915
902768,5;67,06915
902785,1;67,06915
902801,6;67,06915
902818,8;67,06915
902834,7;67,0479
902851,6;67,0479
902867,9;67,0479
902884,4;67,0479
902901,5;67,0479
902917,6;67,0479
902934,1;67,0479
902951,5;67,0479
902967,3;67,0479
902983,8;67,0479
903000,4;67,0479
903017,1;67,0479
903033,5;67,0479
903050,1;67,0479
903066,6;67,0479
903083,3;67,0479
903099,8;67,0479
903116,4;67,0479
903132,9;67,0479
903149,5;67,0479
903166,4;67,0479
903182,6;67,0479
903199,6;67,0479
903215,8;67,0479
903232,9;67,0479
903248,9;67,0479
903265,4;67,0479
903282,1;67,0479
903298,9;67,0479
903315,4;67,0479
903331,8;67,0479
903348,3;67,0479
903365,6;67,0479
903381,4;67,0479
903398;67,0479
903414,7;67,0479
903431,1;67,0479
903447,7;67,0479
903464,3;67,0479
903480,9;67,0479
903497,4;67,0479
903514,1;67,0479
903530,8;67,0479
903547,1;67,0479
903563,7;67,0479
903580,3;67,0479
903596,8;67,0479
903614,3;67,0479
903631,1;67,48254
903647,6;67,48254
903663,9;67,48254
903680,9;67,48254
903697,1;67,48254
903713,7;67,48254
903730,3;67,48254
903746,8;67,48254
903763,4;67,48254
903779,9;67,48254
903796,4;67,48254
903813,3;67,48254
903830,7;67,48254
903846,6;67,48254
903862,8;67,48254
903879,3;67,48254
903895,9;67,48254
903912,4;67,47682
903929;67,48135
903945,6;67,48111
903962,2;67,49167
903979,3;67,49813
903995,3;67,49561
904012,1;67,50254
904028,4;67,49828
904045;67,49471
904061,5;67,48417
904078,8;67,47509
904094,7;67,46483
904111,3;67,45759
904127,8;67,44576
904144,4;67,0743
904160,9;67,43134
904177,5;67,41634
904194,1;67,40382
904210,6;67,3924
904227,3;67,39072
904243,8;67,38759
904260,4;67,38567
904276,9;67,01363
904293,6;67,01363
904310,1;67,01363
904327;67,41967
904343,2;67,41967
904359,8;67,41967
904376,3;67,41967
904392,9;67,41967
904409,7;67,41967
904426;67,41967
904442,6;67,41967
904459,2;67,41967
904476;67,41967
904492,4;67,41967
904508,9;67,41967
904525,4;67,41967
904542;67,41967
904558,6;67,41967
904575,1;67,41967
904591,7;67,41967
904608,3;67,41967
904624,8;67,41967
904641,4;67,41967
904657,9;67,41967
904674,6;67,41967
904691,1;67,41967
904707,6;67,41967
904724,2;67,41967
904740,8;67,41967
904758,3;67,41967
904773,9;67,41967
904790,4;67,41967
904807,2;67,41967
904823,6;67,41967
904840,1;67,41967
904856,8;67,41967
904873,9;67,41967
904889,9;67,41967
904906,4;67,41967
904923,4;67,41967
904939,6;67,41967
904956,1;67,41967
904973,1;67,41967
904989,6;67,41967
905005,9;67,41967
905022,4;67,41967
905039,3;67,41967
905055,7;67,43167
905072,1;67,43167
905088,7;67,43167
905105,4;67,43167
905121,8;67,43167
905138,4;67,43167
905155,7;67,43167
905171,5;67,43167
905188,4;67,43167
905204,6;67,43167
905221,2;67,43167
905237,8;67,43167
905254,7;67,43167
905270,9;67,43167
905287,5;67,43167
905304;67,43167
905320,7;67,43167
905337,2;67,43167
905353,8;67,43167
905370,3;67,43167
905388,9;67,43167
905404,1;67,43167
905420;67,43167
905436,7;67,43167
905453,1;67,43167
905469,8;67,43167
905486,3;67,43167
905502,9;67,43167
905519,4;67,43167
905535,9;67,43167
905552,6;67,43167
905569,1;67,43167
905585,7;67,43167
905602,5;67,43167
905618,8;67,43167
905635,4;67,43167
905651,9;67,43167
905668,5;67,43167
905685,2;67,43167
905701,7;67,43167
905718,2;67,43167
905734,9;67,43167
905751,3;67,43167
905767,9;67,43167
905784,5;67,43167
905801;67,43167
905817,6;67,72515
905834,2;67,1386
905850,9;66,95154
905867,6;66,91965
905883,9;66,88988
905900,4;66,85307
905917,9;66,81477
905933,6;66,7812
905950,1;66,74727
905966,8;66,71024
905983,3;66,66113
906000,6;66,63443
906016,4;66,5945
906032,9;66,55869
906049,6;66,52288
906066,2;66,49106
906082,7;66,44602
906099,3;65,99762
906115,8;65,98667
906132,4;65,66493
906149,1;65,70112
906165,5;65,75883
906182,1;65,79576
906198,7;65,82031
906215,2;65,86861
906231,8;65,91367
906248,8;65,87637
906264,9;65,42709
906283,4;65,40202
906298,1;65,39463
906314,6;65,36343
906331,6;65,33624
906347,7;65,30972
906364,3;65,27577
906380,9;65,25526
906397,4;65,23165
906414;65,202
906430,8;65,16843
906447,1;65,15473
906463,7;65,12747
906480,3;65,14602
906496,8;64,81037
906513,4;64,81037
906530;64,81037
906546,9;64,81037
906563,3;64,81037
906579,6;64,81037
906596,3;64,81037
906613,1;64,81037
906629,4;64,81037
906645,9;64,81037
906662,6;64,81037
906679,1;64,81037
906695,7;64,81037
906712,7;64,81037
906728,8;64,81037
906745,8;64,81037
906762,6;64,81037
906778,6;64,81037
906795,1;64,81037
906811,6;64,81037
906828,4;64,81037
906844,8;64,81037
906861,7;64,81037
906877,9;64,81037
906894,5;64,81037
906911;64,81037
906927,6;64,81037
906944,1;64,81037
906960,7;64,81037
906977,3;64,81037
906994,4;64,81037
907010,8;64,81037
907027,3;64,81037
907043,5;64,81037
907060,4;64,81037
907076,7;64,81037
907093,9;64,81037
907109,8;64,81037
907126,4;64,81037
907142,9;64,81037
907162,8;64,81037
907176,1;64,81037
907193,5;64,81037
907209,4;64,81037
907225,8;64,81037
907242,4;64,81037
907259,1;64,81037
907275,4;64,81037
907292,1;64,81037
907308,6;64,81037
907325,2;64,81037
907341,8;65,25537
907359;65,25537
907374,9;65,25537
907391,4;65,25537
907408;65,25537
907424,7;65,25537
907441,2;65,25537
907457,7;65,25537
907474,3;65,25537
907490,9;65,25537
907507,7;65,25537
907524;65,25537
907540,5;65,25537
907557,1;65,25537
907573,7;65,25537
907590,5;65,25537
907606,8;65,25537
907623,9;65,25537
907639,9;65,25537
907656,5;65,25537
907673,1;65,25537
907689,6;65,25537
907706,3;65,25537
907722,8;65,25537
907739,3;65,25537
907756,4;65,25537
907772,5;65,25537
907789,8;65,25537
907805,6;65,25537
907822,3;65,25537
907838,8;65,25537
907855,3;65,25537
907872,6;65,25537
907889,1;65,25537
907905,5;65,25537
907921,8;65,25537
907938,2;65,25537
907954,7;65,25537
907971,3;65,25537
907987,9;65,25537
908004,9;65,25537
908021;65,25537
908037,6;65,25537
908054,1;65,25537
908076,4;65,25537
908087,3;65,37301
908103,9;65,37301
908120,4;65,37301
908137,4;65,37301
908153,6;65,37301
908170,6;65,37301
908186,7;65,37301
908203,2;65,37301
908219,8;65,37301
908236,5;65,37301
908252,9;65,37301
908270,2;65,37301
908286,1;65,37301
908302,6;65,37301
908319,1;65,37301
908335,8;65,37301
908352,3;65,37301
908368,9;65,37301
908385,4;65,37301
908402,1;65,37301
908418,6;65,37301
908435,1;65,37301
908451,8;65,37301
908468,7;65,37301
908484,9;65,37301
908501,4;65,37301
908518;65,37301
908535,1;65,37301
908551,1;65,37301
908567,7;65,37301
908584,3;65,37301
908601,6;65,37301
908617,4;65,37301
908633,9;65,37301
908650,5;65,37301
908667,1;65,37301
908683,8;65,37301
908700,6;65,37301
908716,8;65,37301
908733,3;65,37301
908733,3;66,03775
908753,4;66,03775
908769,9;66,03775
908786,5;66,03775
908803,1;66,03775
908819,6;66,03775
908836,3;66,03775
908853,2;66,03775
908869,3;66,03775
908886,3;66,03775
908902,4;66,03775
908919;66,03545
908935,6;66,03896
908952,1;66,04026
908968,7;66,04565
908985,3;66,04244
909001,8;66,03451
909018,4;65,98439
909035,4;65,55579
909051,5;65,60103
909068,1;65,60538
909084,9;65,63146
909101,3;65,6588
909117,9;65,68373
909134,4;65,72186
909150,9;65,74718
909167,6;65,77055
909184,1;65,45284
909200,6;65,79598
909217,3;65,82318
909233,9;65,85999
909250,4;65,89616
909266,9;65,91953
909284,3;66,00512
909300,1;65,68439
909316,6;65,68439
909333,2;65,68439
909349,8;65,68439
909366,3;66,1305
909383,3;66,1305
909399,7;66,1305
909416;66,1305
909432,6;66,1305
909449,2;66,1305
909465,7;66,1305
909482,6;66,1305
909498,8;66,1305
909515,4;66,1305
909532,3;66,1305
909548,6;66,1305
909565,1;66,1305
909587,1;66,1305
909598,3;66,1305
909614,8;66,1305
909631,4;66,1305
909647,9;66,1305
909664,6;66,1305
909681,1;66,1305
909697,6;66,1305
909714,3;66,1305
909730,8;66,1305
909747,4;66,1305
909763,9;66,1305
909780,4;66,1305
909797,1;66,1305
909813,6;66,1305
909830,2;66,1305
909846,8;66,1305
909863,3;66,1305
909880,5;66,1305
909896,4;66,1305
909913;66,1305
909929,6;66,1305
909946,9;66,1305
909962,8;66,1305
909979,4;66,1305
909995,9;66,1305
910012,6;66,1305
910029,1;66,1305
910045,6;66,1305
910062,1;66,1305
910078,7;66,1305
910095,2;66,30257
910111,8;66,30257
910128,6;66,30257
910144,9;66,30257
910161,6;66,30257
910178,1;66,30257
910194,6;66,30257
910211,8;66,30257
910227,9;66,30257
910244,3;66,30257
910261,1;66,30257
910277,5;66,30257
910294,4;66,30257
910310,6;66,30257
910327,2;66,30257
910343,8;66,30257
910360,3;66,30257
910376,9;66,30257
910393,7;66,30257
910410,6;66,30257
910426,6;66,30257
910443,2;66,30257
910459,7;66,30257
910476,3;66,30257
910492,9;66,30257
910509,4;66,30257
910527,8;66,30257
910544,4;66,30257
910560,9;66,30257
910577,5;66,30257
910594,1;66,30257
910610,8;66,30257
910627,3;66,30257
910644,4;66,30257
910660,5;66,30257
910676,9;66,30257
910693,5;66,30257
910710;66,30257
910726,6;66,30257
910743,3;66,30257
910759,8;66,30257
910776,3;66,73824
910793,1;66,73824
910809,6;66,73824
910826;66,73824
910842,6;66,73824
910859,1;66,73824
910876,3;66,73824
910892,3;66,73824
910909,2;66,73824
910925,9;66,73824
910941,9;66,73824
910958,6;66,73824
910975,4;66,73824
910991,6;66,73824
911008,3;66,73824
911024,8;66,73824
911041,5;66,73824
911057,9;66,73824
911074,5;66,73824
911091,1;66,73824
911108,1;66,73824
911124,3;66,73824
911140,9;66,73824
911157,4;66,73824
911173,9;66,73824
911190,5;66,73824
911207,2;66,73824
911223,6;66,73824
911240,2;66,73824
911256,8;66,73824
911273,3;66,73824
911289,9;66,73824
911306,4;66,73824
911323;66,73824
911339,6;66,73824
911356,4;66,73824
911372,7;66,73824
911389,3;66,73824
911407,8;66,73824
911422,4;66,73824
911439;66,73824
911455,5;66,73824
911472,1;66,73824
911488,7;66,88816
911505,5;66,88816
911521,8;66,88816
911538,4;66,88816
911555,2;66,88816
911571,6;66,88816
911588,1;66,88816
911605;66,88816
911621,2;66,88816
911637,8;66,88816
911654,4;66,88816
911671,1;66,88816
911687,6;66,88816
911704,1;66,88816
911720,6;66,88816
911737,9;66,88816
911753,8;66,88816
911770,8;66,88816
911786,9;66,88816
911803,8;66,88816
911820,6;66,88816
911837,3;66,88816
911853,1;66,88816
911870;66,88816
911886,4;66,88816
911902,9;66,88816
911919,4;66,88816
911936;66,88816
911952,6;66,88816
911969,1;66,88816
911985,7;66,88816
912003,3;66,88816
912018,8;66,88816
912035,3;66,88816
912051,9;66,88816
912068,5;66,88816
912085,4;66,88816
912101,6;66,88816
912118,3;66,88816
912134,8;66,88816
912151,4;66,88816
912167,9;66,88816
912184,4;66,88816
912201,1;67,32212
912217,6;67,32212
912234,2;67,32212
912251;67,32212
912267,4;67,32212
912283,9;67,32212
912301,1;67,32212
912317;67,32212
912333,8;67,32212
912350,4;67,32212
912366,8;67,32212
912383,3;67,32212
912399,9;67,32212
912416,4;67,32212
912433;67,32212
912449,8;67,32212
912466,1;67,32212
912482,7;67,32212
912499,2;67,32212
912515,8;67,32212
912533;67,32212
912548,9;67,32212
912566,4;67,38147
912582,1;67,42253
912599;67,47342
912615,2;67,51537
912631,8;67,5477
912648,3;67,5924
912665,3;67,64091
912681,4;67,61429
912698,1;67,61429
912714,6;67,61429
912731,1;67,61429
912747,8;67,61429
912764,3;67,61429
912781,1;67,61429
912797,4;67,61429
912814,2;67,61429
912830,9;67,675
912847,1;67,675
912863,9;67,675
912881,1;67,675
912896,9;67,675
912913,4;68,14272
912930,7;68,14272
912946,6;68,14272
912963,1;68,14272
912979,7;68,14272
912996,2;68,14272
913012,8;68,14272
913029,4;68,14272
913045,9;68,14272
913062,5;68,14272
913079,3;68,14272
913096,1;68,14272
913112,2;68,14272
913128,8;68,14272
913145,3;68,21181
913162,3;68,26407
913178,9;68,32314
913196,1;68,37572
913212,3;68,41396
913228,5;68,46431
913244,8;68,52114
913261,3;68,58166
913278,6;68,6309
913294,9;68,672
913311,7;68,72682
913328,1;68,78284
913344,2;68,84146
913361,6;68,88258
913377,3;68,92854
913393,9;68,93753
913410,6;68,90805
913427;68,85767
913443,8;68,11756
913460,3;68,14965
913476,7;68,17947
913493,5;68,19769
913509,8;68,20868
913526,4;68,20868
913543,9;68,20868
913559,5;68,20868
913576,1;68,29726
913592,6;68,29726
913609,2;68,29726
913626,3;68,29726
913642,8;68,29726
913658,9;68,29726
913675,5;68,29726
913692;68,29726
913708,6;68,29726
913725,3;68,29726
913741,8;68,29726
913758,4;68,29726
913774,8;68,29726
913791,4;68,29726
913808;68,29726
913824,6;68,29726
913841,6;68,29726
913857,8;68,29726
913874,3;68,29726
913890,8;68,29726
913907,5;68,29726
913924,6;68,29726
913940,6;68,29726
913957,1;68,29726
913973,7;68,29726
913990,3;68,29726
914006,8;68,65891
914023,4;68,66013
914039,9;68,30031
914056,5;68,30031
914073,3;68,30031
914092;68,30031
914106,2;68,30031
914123,3;68,30031
914139,3;68,30031
914155,9;68,30031
914172,5;68,66343
914189;68,65074
914205,6;68,29205
914222,2;68,29205
914238,7;68,29205
914255,3;68,29205
914272,2;68,74466
914288,4;68,74466
914305;68,74466
914321,6;68,74466
914338,1;68,74466
914354,8;68,74466
914371,3;68,74466
914387,8;68,74466
914404,4;68,74466
914420,9;68,74466
914437,7;68,74466
914454,1;68,74466
914470,6;68,74466
914487,3;68,74466
914503,8;68,74466
914520,4;68,74466
914537,8;68,74466
914553,6;68,74466
914570,2;68,74466
914586,6;68,74466
914603,4;68,74466
914619,9;68,74466
914636,4;68,74466
914653,5;68,74466
914669,9;68,74466
914686,1;68,74466
914702,6;68,74466
914719,2;68,74466
914735,7;68,74466
914752,3;68,74466
914768,9;68,74466
914785,4;68,74466
914802;68,74466
914818,6;68,74466
914835,1;68,74466
914851,7;68,74466
914868,3;68,74466
914884,8;68,74466
914901,5;68,74466
914918;68,74466
914935,4;68,74466
914951,3;68,74466
914967,6;68,74466
914984,9;68,74466
915007,9;68,84945
915018,2;68,84945
915033,9;68,84945
915050,5;68,84945
915067,1;68,84945
915084,1;68,84945
915100,6;68,84945
915116,8;68,84945
915133,4;68,84945
915149,9;68,84945
915166,4;68,84945
915183,1;68,84945
915199,6;68,84945
915216,2;68,84945
915232,8;68,84945
915249,5;68,84945
915265,9;68,84945
915282,9;68,84945
915299,4;68,84945
915316,2;68,84945
915332,1;68,84945
915348,7;68,84945
915365,4;68,84945
915382;68,84945
915398,5;68,84945
915415;68,84945
915431,6;68,84945
915448,1;68,84945
915464,7;68,84945
915481,3;68,84945
915497,8;68,84945
915514,3;68,84945
915531,4;68,84945
915547,9;68,84945
915564,1;68,84945
915580,6;68,84945
915597,4;68,84945
915613,8;68,84945
915630,4;68,84945
915647,3;68,84945
915663,4;68,84945
915680,1;68,84945
915696,6;69,28924
915713,2;69,28924
915729,9;69,28924
915746,4;69,28924
915762,9;69,28924
915779,4;69,28924
915796;69,28924
915812,6;69,28924
915829,2;69,28924
915845,7;69,28924
915862,3;69,28924
915878,9;69,28924
915896,3;69,28924
915912,2;69,28924
915928,7;69,28924
915945,1;69,28924
915962,1;69,28924
915978,3;69,23586
