73965,86;0,08570717
73987,7;0,08571361
74004,27;0,08571361
74020,88;0,08571639
74037,77;0,08571916
74054,34;0,08571916
74070,55;0,08571916
74087,1;0,08571916
74103,68;0,08571916
74120,24;0,08571824
74143,3;0,08572375
74159,88;0,08572926
74176,44;0,08573019
74193,11;0,085732
74209,57;0,08573385
74226,13;0,0857357
74242,7;0,08573755
74259,84;0,08573755
74276,26;0,08574121
74308,3;0,08574395
74324,99;0,08574487
74342,01;0,08574858
74358,01;0,08575042
74374,76;0,0857495
74391,14;0,08575042
74407,71;0,08575319
74424,64;0,08575597
74440,84;0,0857569
74463,36;0,0857569
74480,02;0,08576056
74496,64;0,0857633
74513,3;0,08576422
74529,63;0,08576422
74546,57;0,08576607
74562,77;0,08576788
74579,53;0,08576974
74595,89;0,08576974
74617,69;0,08576974
74634,53;0,08577066
74651,42;0,08577158
74667,39;0,08577621
74683,96;0,08577529
74700,88;0,08577529
74717,42;0,08577529
74733,81;0,08577529
74750,23;0,08577529
74771,83;0,08577991
74788,84;0,08578176
74804,97;0,08578268
74821,52;0,08578268
74838,09;0,0857882
74854,66;0,08579278
74871,43;0,08579371
74887,9;0,08579371
74904,37;0,08579833
74927,86;0,08579741
74944,43;0,08579648
74961,21;0,08579926
74977,55;0,08580111
74994,29;0,08580203
75010,69;0,08580203
75029,38;0,08580388
75044,01;0,08580666
75060,39;0,08580481
75082,61;0,08580481
75099,2;0,08580758
75115,74;0,08580666
75132,64;0,08580943
75148,88;0,08581221
75165,45;0,08581221
75182,01;0,08581591
75198,58;0,08581591
75216,02;0,08581684
75238,22;0,08581684
75254,9;0,08581961
75271,64;0,08582053
75288,58;0,08582146
75304,49;0,08582146
75321,43;0,08582239
75337,77;0,08582331
75354,44;0,08582331
75370,76;0,08582331
75393,02;0,08582331
75409,59;0,08582331
75426,56;0,08582798
75443,33;0,08582982
75459,29;0,08583168
75475,85;0,08583353
75492,44;0,08583537
75508,98;0,08583815
75525,57;0,08583908
75548,69;0,08583908
75565,27;0,08584
75582,52;0,08584093
75598,41;0,08584
75615,73;0,08584
75631,74;0,08584186
75648,09;0,08584467
75665,24;0,0858456
75681,35;0,08584467
75703,27;0,0858456
75719,84;0,08584744
75742,07;0,08584929
75754,04;0,08584934
75770,61;0,08585026
75787,17;0,08585026
75803,74;0,08584934
75820,3;0,08585026
75836,87;0,08585119
75858,23;0,08585119
75874,8;0,08585303
75891,37;0,08585581
75907,93;0,08585581
75924,5;0,08585674
75941,21;0,08586048
75958,6;0,08586048
75974,2;0,0858614
75974,2;0,08587158
75994,2;0,0858725
76011,26;0,0858762
76027,33;0,0858762
76043,9;0,08587625
76060,77;0,0858781
76077,2;0,0858781
76093,78;0,08588087
76110,18;0,0858818
76126,79;0,08588272
76150,08;0,08588549
76166,65;0,08588642
76183,54;0,08588642
76199,77;0,08588642
76216,45;0,08589109
76232,91;0,08589016
76249,48;0,08589201
76266,64;0,08589664
76282,66;0,08589756
76306,23;0,08589946
76322,98;0,08590131
76339,36;0,08590505
76355,93;0,08590689
76372,5;0,08590786
76389,06;0,08590879
76405,63;0,08590879
76422,2;0,08590879
76438,77;0,08590971
76459,91;0,08590971
76476,52;0,08590879
76493,05;0,08591438
76509,63;0,0859153
76526,66;0,08591623
76543,06;0,08591715
76560,16;0,08591901
76576,73;0,08591901
76592,61;0,08591901
76625,16;0,08591993
76641,73;0,08592456
76658,3;0,08592456
76675,05;0,08592548
76691,67;0,08592548
76708;0,0859283
76724,57;0,0859283
76741,13;0,08592922
76757,9;0,08593019
76781,67;0,08593204
76798,24;0,08593111
76814,8;0,08593296
76831,7;0,08593389
76847,94;0,08593759
76864,52;0,08593667
76881,14;0,08593851
76897,63;0,08593851
76914,34;0,08594128
76935,84;0,0859441
76952,4;0,08594785
76968,97;0,08594877
76986,23;0,08594877
77002,73;0,08595062
77018,71;0,08595154
77035,24;0,08595154
77051,8;0,0859497
77068,37;0,08594973
77090,77;0,08595067
77107,34;0,08595159
77123,91;0,08595528
77140,59;0,08595714
77157,29;0,08595714
77174,08;0,08595806
77190,18;0,08595806
77207,22;0,08595714
77223,31;0,08595899
77247,55;0,08596177
77264,15;0,08596269
77280,69;0,08596269
77297,25;0,08596269
77314,14;0,08596177
77330,38;0,08596177
77348,41;0,08596177
77364,98;0,08596365
77381,77;0,08596273
77404,39;0,08596365
77420,95;0,08596365
77437,77;0,08596273
77454,21;0,08596365
77470,66;0,08596365
77487,35;0,08596551
77504,75;0,08596454
77520,35;0,08596639
77536,92;0,08596546
77558,74;0,0859692
77575,41;0,0859692
77591,88;0,08596828
77608,89;0,08596828
77625,01;0,08596828
77641,91;0,08596824
77658,13;0,08596916
77675,04;0,08597101
77691,27;0,08597194
77714,8;0,08597194
77731,37;0,08597475
77747,93;0,08597568
77764,49;0,08597661
77781,13;0,08597568
77797,64;0,08597661
77814,2;0,08597568
77830,77;0,08597568
77847,34;0,08597665
77869,4;0,08597757
77886,15;0,08597665
77902,53;0,08597849
77919,1;0,08597757
77935,67;0,08597757
77952,23;0,08597942
77968,8;0,08598035
77985,45;0,0859822
78001,94;0,0859822
78023,14;0,08598127
78039,71;0,08597938
78056,27;0,08597938
78072,84;0,0859803
78090,81;0,0859803
78107,83;0,08598123
78124,04;0,08598312
78140,51;0,08598409
78157,3;0,08598594
78178,51;0,08598779
78195,17;0,08598875
78211,77;0,08598783
78228,24;0,08598598
78244,77;0,0859869
78261,38;0,08598787
78277,91;0,08598888
78294,48;0,08598976
78311,14;0,08598976
78333,41;0,08599257
78349,98;0,0859917
78366,88;0,08599354
78383,17;0,08599354
78399,68;0,08599447
78416,24;0,08599539
78432,81;0,08599632
78449,38;0,08599728
78465,97;0,08599728
78486,97;0,08599918
78503,66;0,08600014
78520,1;0,08599922
78536,71;0,08600111
78553,27;0,08600393
78569,81;0,08600675
78586,38;0,08600675
78602,99;0,08601238
78619,51;0,08601426
78640,95;0,0860162
78657,52;0,08601805
78674,09;0,08602179
78690,65;0,08602742
78707,43;0,08602742
78724,2;0,08602834
78740,35;0,08602834
78756,92;0,08603205
78773,93;0,08603209
78806,8;0,08603679
78823,38;0,08603865
78839,94;0,08604058
78856,57;0,08604062
78873,07;0,08604344
78889,84;0,08604532
78906,2;0,08604722
78922,77;0,08605008
78939,34;0,08605008
78960,25;0,08605386
78977,06;0,08605667
78993,39;0,08605949
79010,12;0,08606046
79026,52;0,08606424
79043,09;0,08606802
79059,66;0,0860737
79076,91;0,0860737
79092,81;0,08607559
79114,97;0,08607656
79131,54;0,0860803
79148,22;0,08608875
79164,66;0,08609252
79181,24;0,08609812
79198,08;0,0861019
79214,67;0,08610754
79230,99;0,08611136
79247,51;0,08611418
79268,84;0,08611418
79285,48;0,08612077
79301,98;0,08612826
79318,54;0,08613019
79335,11;0,08613019
79351,91;0,08613771
79368,24;0,08614624
79384,86;0,08615095
79401,38;0,08615377
79423,61;0,08615284
79440,18;0,08616789
79456,74;0,08617831
79473,31;0,08618213
79489,88;0,08618399
79506,48;0,08618495
79526,91;0,08618974
79539,57;0,08619726
79556,15;0,08620016
79577,5;0,08620016
79594,07;0,08621345
79610,64;0,08622004
79627,2;0,08622475
79643,8;0,08622761
79660,34;0,0862342
79676,91;0,08623984
79693,48;0,08624648
79710,04;0,08624741
79732,52;0,08625211
79749,08;0,08625304
79765,78;0,08626346
79782,23;0,08627477
79799,05;0,08628137
79815,34;0,08628519
79831,91;0,08629364
79848,48;0,08629927
79865,05;0,08630873
79886,8;0,08631633
79903,38;0,08631633
79919,95;0,08632679
79936,52;0,08633524
79953,21;0,08633995
79969,64;0,08634563
79986,24;0,08635034
80002,77;0,08636358
80019,52;0,0863758
80042,66;0,0863843
80059,23;0,08638807
80075,79;0,08639657
80092,36;0,08639657
80109,1;0,08640128
80125,95;0,0864135
80142,06;0,08642195
80158,63;0,08642671
80175,2;0,08642671
80198,4;0,08644474
80214,97;0,08645696
80231,91;0,08646264
80248,1;0,08646264
80265,93;0,08646642
80282,5;0,08648062
80299,06;0,08648819
80315,63;0,08649105
80332,2;0,08649765
80355,38;0,08651177
80371,99;0,08651463
80388,52;0,08651463
80405,53;0,08652782
80421,84;0,08654762
80439,05;0,08655141
80454,79;0,08655141
80471,35;0,08657511
80488,05;0,08657985
80510,62;0,08659495
80527,19;0,08659776
80544,15;0,08660814
80560,32;0,08661663
80576,89;0,08662512
80593,45;0,08662983
80610,02;0,08664121
80626,59;0,086645
80643,64;0,08665631
80666,26;0,08665727
80682,82;0,08667904
80699,59;0,08668371
80715,96;0,0866932
80732,55;0,08669981
80749,37;0,08671107
80765,66;0,08671679
80782,23;0,08671679
80798,79;0,08673192
80821,28;0,08674797
80837,85;0,08675545
80854,42;0,08675545
80871,61;0,08677617
80887,55;0,08678563
80904,13;0,08679034
80921,38;0,08679883
80937,36;0,08679883
80953,99;0,08680261
80987,43;0,08682148
81003,99;0,08682148
81020,56;0,08682615
81037,13;0,08683085
81053,7;0,08683935
81070,59;0,08685158
81086,83;0,08686288
81103,39;0,08687049
81119,95;0,08687612
81142,13;0,08688276
81158,7;0,08689134
81175,63;0,0868989
81191,94;0,08690458
81208,41;0,08690458
81224,98;0,08691975
81241,54;0,0869263
81258,1;0,08692912
81274,67;0,08693665
81296,6;0,08694236
81313,17;0,08695178
81329,73;0,08695459
81346,3;0,086963
81363,9;0,086963
81380,1;0,08696863
81396;0,08697245
81412,57;0,08698284
81429,16;0,0869904
81451,45;0,08699414
81468,02;0,08699788
81485,2;0,0870073
81501,15;0,0870139
81518,2;0,0870223
81534,55;0,0870223
81550,88;0,08702423
81567,74;0,08704307
81583,98;0,0870477
81607,11;0,08704954
81623,69;0,08705325
81640,24;0,08705325
81656,8;0,08705417
81673,38;0,08705417
81689,94;0,0870627
81711,71;0,08707779
81724,09;0,0870825
81740,87;0,087092
81764,34;0,08709951
81781,2;0,08710334
81797,48;0,08710712
81814,28;0,08710994
81830,61;0,08711372
81847,55;0,08712596
81864,25;0,08712596
81880,3;0,08713066
81896,88;0,08713066
81919,49;0,08714668
81936,42;0,08715243
81952,63;0,08715424
81969,3;0,08715899
81985,77;0,08716176
82002,33;0,08716361
82019,02;0,08717126
82035,73;0,08717408
82052,03;0,08718072
82073,84;0,08718072
82090,61;0,0871892
82106,98;0,08719299
82123,68;0,08719867
82140,12;0,08720244
82156,68;0,08720896
82173,25;0,08721178
82189,81;0,08721552
82206,39;0,08722212
82228,99;0,08722591
82245,81;0,0872325
82262,13;0,08723436
82278,73;0,08723339
82295,26;0,0872381
82311,83;0,0872399
82328,4;0,08724083
82345,01;0,08724734
82361,56;0,08725016
82385,02;0,08725487
82401,59;0,08726054
82418,51;0,08726621
82437,31;0,08726718
82454,63;0,08727366
82470,45;0,08727458
82487,01;0,0872774
82503,58;0,08727933
82520,89;0,08728497
82542,57;0,08728774
82559,25;0,08729438
82575,71;0,08729438
82592,28;0,08729623
82608,84;0,0873019
82625,41;0,08730375
82642,05;0,0873075
82658,55;0,0873075
82676,1;0,08731502
82699,46;0,08732166
82716,19;0,08732351
82732,59;0,08732729
82749,17;0,08732922
82765,73;0,08733103
82782,52;0,08733103
82798,88;0,08733566
82815,43;0,08733473
82832;0,08734326
82854,23;0,08734894
82870,8;0,0873536
82887,37;0,08735546
82904,07;0,0873602
82920,5;0,0873602
82937,66;0,08736016
82953,63;0,0873592
82970,2;0,08736676
82987,22;0,08738374
83010,36;0,08738752
83027,03;0,08738752
83043,49;0,08739795
83060,2;0,08740076
83076,63;0,08740736
83093,2;0,08740736
83109,85;0,08740736
83126,7;0,08741774
83142,9;0,08741955
83173,93;0,08742804
83190,49;0,08742989
83207,07;0,08742993
83223,63;0,08743653
83240,2;0,08743935
83256,76;0,08743935
83273,55;0,0874507
83289,89;0,08745448
83306,46;0,08745826
83328,92;0,08746099
83345,49;0,08746099
83362,06;0,08746957
83378,87;0,08747427
83395,19;0,08748184
83411,87;0,08748184
83428,83;0,08749125
83445,17;0,08749218
83461,45;0,08749596
83484,52;0,08749878
83501,09;0,08750538
83517,73;0,08750828
83534,23;0,08750916
83550,79;0,08751012
83567,36;0,08751012
83583,92;0,08751009
83600,48;0,08751294
83617,48;0,08751673
83639,47;0,08753749
83656,52;0,08754119
83672,61;0,08754308
83689,17;0,08754686
83705,74;0,08755065
83722,81;0,0875535
83738,87;0,08755628
83755,62;0,08755628
83772,02;0,08756094
83795,37;0,08756658
83812,47;0,08757036
83828,5;0,08757318
83845,06;0,08757318
83861,77;0,08757982
83878,2;0,08758359
83897,63;0,08758738
83914,23;0,08759024
83931,2;0,08759683
83953,52;0,08759965
83970,41;0,08760154
83986,65;0,08761012
84003,45;0,08761012
84019,78;0,08761768
84036,46;0,0876186
84052,91;0,08762432
84069,57;0,08762995
84086,05;0,08763567
84108,49;0,08764042
84125,3;0,0876442
84141,63;0,08764803
84158,2;0,08764803
84174,76;0,08765189
84191,33;0,0876547
84207,89;0,08765467
84225,05;0,08765563
84241,21;0,08765752
84263,61;0,0876708
84280,52;0,08767176
84296,74;0,08767937
84314,05;0,08768795
84330,22;0,08769274
84346,45;0,08769845
84363,02;0,08769841
84379,58;0,08770122
84396,15;0,08770883
84418,4;0,08770975
84434,97;0,08771169
84451,53;0,08771555
84468,59;0,08771934
84484,66;0,08772312
84501,32;0,08772312
84517,8;0,08772879
84534,37;0,08773165
84550,95;0,08773165
84574,59;0,08773829
84591,23;0,08774396
84607,72;0,08774585
84624,48;0,08774585
84643,93;0,08775157
84660,52;0,08775245
84677,06;0,08775342
84693,63;0,08775342
84710,2;0,0877572
84734,05;0,08776006
84750,62;0,08776388
84767,34;0,08776674
84783,75;0,08776674
84800,32;0,08777439
84816,89;0,08777439
84833,45;0,08777724
84850,02;0,08777724
84866,61;0,08777724
84888,89;0,08778107
84905,62;0,08778682
84922,03;0,08778876
84938,59;0,08778972
84955,57;0,08779262
84971,73;0,08779448
84988,29;0,0877954
85004,87;0,0878012
85021,45;0,08780877
85043,34;0,08780877
85059,91;0,08780973
85076,47;0,08781355
85093,63;0,08781834
85109,6;0,08781834
85126,16;0,08781834
85142,75;0,08782313
85159,3;0,08782317
85175,88;0,08782889
85198,2;0,08783364
85215,05;0,0878365
85231,35;0,08784032
85247,92;0,08784129
85264,55;0,08784612
85281,03;0,08784801
85297,6;0,08784898
85314,16;0,08785183
85330,84;0,08785183
85361,13;0,08785961
85377,7;0,08786053
85394,59;0,08786439
85410,83;0,0878673
85427,4;0,08786826
85443,96;0,08787116
85460,54;0,08787116
85477,09;0,08787309
85493,66;0,08787595
85513,82;0,08787595
85530,58;0,08787885
85547,2;0,08788268
85563,52;0,08788457
85580,91;0,08789129
85596,66;0,08789322
85613,22;0,08789616
85629,78;0,08789809
85646,71;0,0878991
85668,45;0,0878991
85685,2;0,08790881
85701,78;0,08790974
85718,14;0,08791167
85734,77;0,08791167
85751,27;0,0879136
85768,31;0,08792133
85784,87;0,08792419
85800,98;0,08792709
85822,73;0,08793091
85839,3;0,08793188
85856,12;0,08793768
85872,44;0,08793864
85889,13;0,08794057
85905,57;0,08794154
85922,13;0,08794545
85938,96;0,08794545
85955,52;0,08794638
85979,22;0,08795024
85995,78;0,08795314
86012,35;0,08795507
86029,45;0,08795507
86045,52;0,08795608
86062,84;0,08795898
86081,07;0,08796381
86097,64;0,08796478
86114,24;0,08796574
86136,7;0,08796574
86153,27;0,08796965
86169,85;0,08797255
86186,49;0,08797545
86203,52;0,08797646
86219,63;0,08797646
86236,19;0,0879823
86252,67;0,0879852
86269,55;0,08798616
86291,33;0,08798713
86308,73;0,08799398
86324,91;0,08799398
86341,02;0,08799688
86357,59;0,08800074
86374,38;0,08800079
86390,73;0,08800562
86407,3;0,08800466
86423,86;0,08800466
86446,63;0,08801045
86463,19;0,08801239
86480,21;0,08801239
86496,38;0,08801432
86512,89;0,08801432
86530,26;0,08801915
86546,64;0,08802205
86562,59;0,08802499
86579,34;0,08802886
86602,23;0,0880318
86618,8;0,0880318
86635,79;0,08803764
86651,96;0,08804058
86669,34;0,08804058
86685,06;0,08804445
86701,95;0,08804932
86718,98;0,08805125
86734,88;0,08805323
86755,32;0,08805516
86771,91;0,08805516
86788,45;0,08805612
86805,02;0,08805709
86821,59;0,08806491
86840,89;0,08807176
86857,57;0,08807369
86874,26;0,08807369
86890,63;0,08807659
86913,83;0,08807853
86930,4;0,08808046
86946,96;0,08807949
86963,62;0,08808243
86980,29;0,08808827
86996,66;0,08808827
87013,23;0,08809311
87029,8;0,08809412
87046,38;0,08810193
87069,77;0,08810584
87086,36;0,08810786
87102,91;0,0881098
87119,47;0,08811274
87136,04;0,08811472
87152,6;0,08811472
87169,17;0,08812244
87185,73;0,08812438
87202,31;0,08812833
87224,11;0,08812833
87241,34;0,08813224
87257,25;0,08813716
87273,81;0,08813716
87290,38;0,08813909
87306,95;0,08814497
87323,52;0,08814594
87340,22;0,08814599
87357,14;0,08814994
87379,05;0,08815191
87395,63;0,08815389
87412,19;0,08815485
87428,75;0,0881578
87445,53;0,08815587
87461,88;0,08816952
87478,46;0,08817348
87495,02;0,08817541
87511,58;0,08817638
87541,58;0,08818322
87558,69;0,08818322
87574,84;0,08818814
87591,28;0,08819012
87607,85;0,08819302
87625,28;0,08819302
87640,98;0,08819495
87657,55;0,08820466
87674,11;0,0882076
87696,13;0,08820958
87713,03;0,08821445
87729,6;0,08821744
87746,05;0,08822337
87763,01;0,08822534
87778,98;0,08822925
87795,54;0,08823413
87812,16;0,0882361
87828,66;0,08823904
87852,41;0,0882459
87868,98;0,08824686
87885,57;0,08825472
87902,14;0,08826267
87919,09;0,08826465
87935,28;0,08826851
87951,84;0,08827537
87968,4;0,08827931
87984,97;0,08827936
88008,04;0,08828626
88024,69;0,08829118
88041,55;0,08829118
88057,79;0,08829311
88074,31;0,08829605
88091,01;0,08829996
88107,59;0,08830101
88124,02;0,08830395
88140,63;0,08830395
88170,04;0,08831278
88186,78;0,08831573
88203,18;0,08831959
88220,21;0,08832157
88236,3;0,08832653
88252,98;0,08832952
88270,48;0,08833347
88287,2;0,08833545
88303,61;0,08833738
88326,96;0,08834128
88343,53;0,08834128
88360,1;0,08834721
88376,66;0,08834818
88393,23;0,08835314
88409,8;0,08835801
88426,37;0,08836487
88442,93;0,08836588
88459,49;0,08836689
88483,88;0,08837672
88500,55;0,08838068
88517,04;0,08838358
88536,34;0,08838748
88552,93;0,08838946
88569,5;0,08839732
88586,05;0,08840123
88603,22;0,08840514
88619,19;0,08840514
88642,35;0,08841502
88658,92;0,088417
88675,48;0,08841898
88692,05;0,08841801
88708,62;0,08841994
88725,18;0,08842091
88741,74;0,08843672
88758,37;0,08844361
88775,27;0,08844656
88796,49;0,08845244
88813,06;0,08845533
88829,63;0,0884534
88846,49;0,08845639
88862,77;0,08845639
88879,34;0,0884603
88896,2;0,08847401
88912,46;0,08847795
88929,03;0,08848187
88952,23;0,08848876
88968,85;0,08849271
88988,61;0,08849763
89005,17;0,08850158
89021,74;0,08849961
89038,3;0,08850848
89054,88;0,08851142
89071,45;0,08851942
89088,02;0,08852135
89109,3;0,08852828
89125,88;0,08853421
89142,44;0,08853808
89159,02;0,08854111
89175,58;0,08854603
89192,29;0,08855095
89208,71;0,0885549
89225,28;0,08856373
89241,84;0,0885657
89262,61;0,08857348
89279,46;0,08858138
89295,75;0,08859117
89312,43;0,08859311
89329,3;0,08859117
89345,45;0,08859899
89362,02;0,08860295
89378,63;0,08861862
89395,15;0,08862644
89417,73;0,08862938
89434,63;0,08863839
89450,86;0,08864331
89467,43;0,08864625
89484,02;0,08865406
89500,63;0,08865604
89517,13;0,088661
89533,89;0,088661
89550,59;0,08867471
89571,58;0,08867861
89588,15;0,08868744
89605,02;0,08868937
89621,8;0,08869526
89637,85;0,08870018
89654,52;0,08870018
89670,98;0,08871296
89687,66;0,08871296
89706,84;0,08872275
89730,23;0,08872767
89746,8;0,08873843
89763,37;0,08873843
89779,95;0,08873843
89796,5;0,08875617
89813,24;0,08876408
89830,2;0,08876996
89846,26;0,08876996
89862,77;0,08877883
89879,34;0,08878077
89904,49;0,08879557
89921,06;0,08879948
89937,63;0,08880044
89954,2;0,08880343
89970,77;0,08880448
89987,33;0,08880448
90003,9;0,08881032
90020,46;0,08882416
90037,03;0,08884093
90059,79;0,08885077
90076,97;0,08885863
90092,93;0,08886742
90109,68;0,08887234
90126,45;0,08887624
90142,63;0,08887822
90159,2;0,08889113
90175,76;0,08889113
90192,33;0,08890299
90215,16;0,08891573
90232,25;0,08892464
90248,35;0,0889296
90264,86;0,0889296
90281,42;0,08893852
90297,99;0,08893948
90314,56;0,08894344
90331,13;0,08895037
90347,7;0,08896219
90369,95;0,08897009
90386,69;0,08897304
90403,69;0,08897897
90419,65;0,08898393
90440,36;0,08898591
90453,01;0,08899469
90469,34;0,08899666
90485,91;0,0890036
90502,48;0,08900457
90524,12;0,08901941
90541,08;0,08902736
90557,25;0,08903329
90574,44;0,08904124
90590,38;0,0890452
90606,95;0,08904717
90623,52;0,08905007
90640,09;0,08905108
90656,65;0,08906592
90679,48;0,08908371
90696,05;0,08908863
90712,62;0,08909152
90729,19;0,08909152
90745,75;0,08909746
90762,32;0,08910931
90778,88;0,08911625
90795,5;0,08912416
90812,02;0,08912811
90835,58;0,08914089
90852,26;0,0891488
90868,71;0,08915275
90885,54;0,08915275
90901,87;0,08916561
90918,41;0,08916856
90935,27;0,08917844
90951,55;0,08918037
90992,87;0,08919131
91014,18;0,08919131
91030,8;0,08920602
91047,33;0,08920804
91064,09;0,08920896
91080,46;0,08921085
91097,02;0,08921085
91116,81;0,08921871
91133,39;0,08923259
91150,39;0,08923654
91172,93;0,08923461
91189,66;0,08923659
91206,63;0,08924054
91222,63;0,08924054
91239,2;0,08923856
91255,77;0,08924058
91272,33;0,08924058
91288,9;0,08923961
91305,47;0,08924256
91328,4;0,0892546
91344,98;0,08925657
91361,53;0,08925863
91378,52;0,08925968
91394,67;0,08925968
91411,24;0,08926377
91427,8;0,08926874
91444,7;0,08926772
91461,27;0,08927062
91484,21;0,08927255
91500,95;0,08927558
91517,35;0,08927756
91534,5;0,08928055
91550,47;0,08928358
91567,04;0,08928951
91583,62;0,08929051
91600,18;0,08929051
91616,76;0,08929952
91645,63;0,0893025
91662,2;0,08930646
91678,77;0,08930746
91695,66;0,08930746
91711,89;0,08930746
91728,45;0,08930848
91745,02;0,08931147
91761,59;0,08931247
91778,16;0,08931247
91810,68;0,08931247
91827,25;0,08931247
91843,81;0,08931041
91860,38;0,08931252
91876,95;0,08931252
91893,69;0,08931252
91910,08;0,08931252
91926,64;0,08931344
91943,21;0,08931836
91966,68;0,08932034
91983,26;0,08932135
91999,89;0,0893253
92016,59;0,08932723
92033,45;0,08933119
92049,52;0,08933219
92066,09;0,08933224
92082,65;0,08933623
92099,22;0,08934028
92121,86;0,08934032
92138,43;0,0893433
92155;0,08934322
92171,56;0,08934427
92188,13;0,08934528
92205,22;0,08934932
92221,26;0,08934726
92237,83;0,08934624
92254,52;0,08934624
92277,72;0,08935209
92295,06;0,08935503
92310,98;0,08935999
92327,47;0,08935999
92344,01;0,0893639
92362,24;0,08936197
92379,02;0,08936096
92395,38;0,08936395
92411,95;0,08936395
92436,64;0,08936992
92453,74;0,08936992
92469,78;0,08937093
92486,34;0,08937093
92502,91;0,0893729
92519,48;0,0893729
92536,35;0,08937295
92869,69;0,08951941
92886,26;0,08952346
92902,83;0,08952442
92920,09;0,08952644
92936,15;0,08952644
92952,52;0,08952846
92969,09;0,08953144
92985,66;0,08953246
93002,23;0,08953246
93018,79;0,08953839
93035,36;0,08953839
93051,92;0,08954238
93068,49;0,08954537
93085,06;0,08954836
93102,15;0,08954836
93118,2;0,08955336
93135,04;0,08955635
93151,32;0,08955635
93168,11;0,08955933
93184,86;0,08955933
93201,02;0,08955933
93217,59;0,08956236
93234,16;0,08956535
93250,73;0,08956535
93267,29;0,0895693
93283,86;0,08957431
93300,42;0,08957523
93316,99;0,08957721
93333,76;0,08957721
93350,32;0,08957822
93366,7;0,08957822
93383,32;0,08957923
93399,83;0,08958419
93416,39;0,0895881
93433,06;0,0895881
93449,52;0,08959113
93466,1;0,08959315
93482,67;0,08959315
93499,23;0,08959917
93516,2;0,08959917
93532,88;0,08960119
93549,72;0,08960119
93565,95;0,08960321
93582,07;0,08960523
93598,63;0,08960927
93615,2;0,0896083
93632,23;0,08961134
93648,33;0,08961331
93665,35;0,0896173
93681,79;0,0896173
93698,03;0,08962236
93714,77;0,08962635
93731,56;0,08962635
93747,73;0,08962635
93764,29;0,08963237
93780,86;0,08963338
93797,45;0,08963439
93813,99;0,08963839
93830,56;0,08963839
93847,2;0,08963839
93863,73;0,08964041
93880,27;0,08964546
93896,84;0,08964748
93913,77;0,08965047
93929,96;0,08965451
93946,52;0,08965749
93963,09;0,08965749
93979,66;0,08966144
93996,23;0,08966742
94013,02;0,08966742
94029,52;0,08967146
94046,78;0,08967545
94062,49;0,0896805
94079,05;0,08968151
94096,01;0,08968753
94113,12;0,08969051
94128,96;0,08969355
94145,41;0,08969451
94161,91;0,08969451
94178,46;0,08969952
94195,59;0,08970356
94211,59;0,08970356
94228,17;0,08970558
94245;0,08970558
94261,59;0,08970962
94277,86;0,08970962
94294,44;0,08971559
94310,99;0,08971862
94327,56;0,08971963
94344,13;0,08971862
94360,7;0,08971862
94377,26;0,08971963
94393,82;0,08972368
94410,39;0,08972368
94427,41;0,08972964
94443,52;0,08973166
94460,09;0,08973268
94476,92;0,08973365
94493,23;0,08973465
94509,79;0,08973365
94526,36;0,08973461
94542,95;0,08973861
94560,01;0,08973759
94576,05;0,08973659
94592,91;0,08973659
94609,2;0,08973861
94625,98;0,08973961
94642,33;0,08973961
94658,89;0,08974164
94675,46;0,08974765
94692,02;0,08975468
94708,69;0,08975767
94725,66;0,08975969
94741,72;0,08975767
94758,35;0,08975767
94775,6;0,08976065
94791,49;0,08976065
94808,95;0,08976166
94824,56;0,08975964
94841,78;0,08976166
94857,69;0,08976166
94874,75;0,08976369
94890,82;0,08976571
94907,39;0,08976671
94923,96;0,08976671
94940,53;0,08977176
94957,54;0,08977176
94973,7;0,0897758
94990,23;0,0897758
95006,79;0,08977883
95023,59;0,08977681
95039,92;0,08977783
95057,04;0,08977681
95073,06;0,08977783
95089,63;0,08977883
95106,31;0,08977883
95122,76;0,08977883
95139,33;0,08977783
95155,89;0,08978085
95172,46;0,08977985
95189,06;0,08978187
95205,59;0,08978085
95222,16;0,0897849
95238,73;0,0897859
95255,41;0,08978792
95271,89;0,08978792
95288,44;0,08978792
95305,17;0,08978692
95321,56;0,08979297
95338,13;0,08979197
95354,69;0,08979499
95371,26;0,08979499
95387,94;0,08979601
95404,4;0,08979499
95420,97;0,08979803
95437,52;0,08979904
95454,09;0,08979803
95470,66;0,08979904
95487,23;0,08979803
95503,88;0,08979601
95520,35;0,08979499
95537,31;0,08979499
95554,2;0,08979499
95570,06;0,08979601
95586,91;0,08979499
95603,2;0,08979499
95619,76;0,08979596
95636,32;0,08979293
95652,89;0,08979091
95669,45;0,08978788
95686,04;0,08978586
95702,59;0,08978388
95719,27;0,08978388
95735,75;0,0897849
95752,63;0,08978388
95768,86;0,08978187
95785,42;0,08978085
95801,99;0,08978085
95818,57;0,08977989
95835,13;0,08977488
95851,7;0,08977088
95868,26;0,08976685
95885,32;0,08976285
95901,39;0,08976285
95918,09;0,08976087
95934,52;0,08975986
95951,12;0,08975284
95967,67;0,08974081
95984,22;0,08973882
96000,8;0,08973584
96017,36;0,08972987
96033,94;0,08972785
96050,51;0,08972491
96067,13;0,08971599
96083,66;0,08971001
96100,2;0,08970602
96117,12;0,08969706
96133,33;0,08969412
96150,05;0,08969113
96167,05;0,08968121
96183,28;0,0896693
96199,61;0,08965841
96216,2;0,0896574
96232,74;0,08964945
96249,3;0,08963856
96265,87;0,08962758
96282,44;0,08962064
96299,13;0,0896177
96315,64;0,08960576
96332,32;0,08959486
96349,6;0,08958793
96365,88;0,089582
96382,16;0,08956908
96398,39;0,08956118
96414,97;0,08955134
96431,63;0,08954541
96448,19;0,08953053
96464,66;0,08951563
96481,31;0,08951072
96497,8;0,08951072
96514,45;0,08949987
96531,31;0,08948894
96547,49;0,08948305
96564,05;0,08948305
96581,42;0,0894672
96597,42;0,08943948
96613,77;0,08942758
96636,47;0,08941572
96646,89;0,08940084
96663,46;0,08939684
96680,02;0,0893859
96696,59;0,08937304
96713,16;0,08936214
96729,73;0,08936214
96746,41;0,08934831
96762,95;0,08934335
96779,91;0,08933254
96795,99;0,08931568
96812,56;0,08930782
96829,13;0,08929697
96845,7;0,089291
96862,26;0,08927707
96878,87;0,08926715
96895,39;0,08924831
96912,24;0,08924032
96928,84;0,08922547
96945,17;0,08921256
96961,73;0,08920562
96978,27;0,08918876
96994,8;0,08917984
97012,12;0,08916891
97028,08;0,08916496
97044,49;0,08916496
97061,05;0,08915205
97077,64;0,08915205
97094,7;0,08912429
97110,76;0,0891134
97127,33;0,08910351
97143,89;0,08909754
97160,46;0,08908661
97177,23;0,08908661
97193,59;0,08908072
97210,16;0,08908077
97227,2;0,0890787
97243,3;0,08913306
97259,86;0,08922752
97276,43;0,08930855
97293,09;0,08930855
97309,56;0,08975448
97326,13;0,08990099
97343,16;0,09022817
97359,48;0,09044596
97375,98;0,09063873
97392,41;0,09097845
97408,96;0,09155162
97425,86;0,092044
97442,63;0,0922832
97458,81;0,09283227
97475,23;0,09316073
97491,79;0,0936434
97508,36;0,09392569
97524,92;0,09392569
97541,49;0,09481585
97558,51;0,09531923
97574,64;0,09587608
97591,54;0,09620295
97607,76;0,09675387
97624,33;0,09701511
97640,89;0,09701511
97657,45;0,09804332
97674,14;0,09843601
97690,59;0,09843601
97707,16;0,09925772
97723,73;0,09967775
97740,9;0,1001268
97756,86;0,100677
97773,42;0,1009727
97789,99;0,101501
97806,55;0,1017866
97823,23;0,1017866
97839,92;0,1021009
97856,72;0,102337
97872,83;0,1032581
97889,56;0,1040213
97905,96;0,1043022
97922,52;0,1043022
97939,09;0,1052201
97955,66;0,105811
97972,23;0,1060024
97989,5;0,1065998
98005,36;0,1069013
98022,02;0,1075626
98039,03;0,1082579
98055,06;0,1083667
98071,63;0,1089683
98088,36;0,1095495
98104,76;0,1098213
98121,72;0,1104005
98138,66;0,1110058
98154,46;0,1113106
98171,71;0,1113106
98187,59;0,1119187
98204,78;0,1127772
98220,74;0,1130753
98237,29;0,1133802
98253,86;0,1134098
98271,24;0,1144888
98286,99;0,1147783
98303,55;0,1153515
98320,13;0,115642
98336,95;0,116187
98353,26;0,1166718
98370,35;0,1170045
98386,39;0,1175324
98403,05;0,1177716
98419,72;0,1183059
98436,09;0,1186687
98452,66;0,1188112
98469,23;0,1190756
98485,81;0,1190756
98502,36;0,1193102
98519,18;0,1198387
98535,49;0,1210032
98552,35;0,121312
98568,63;0,1218147
98585,19;0,1220513
98601,76;0,1224782
98618,63;0,1229192
98635,61;0,1232347
98651,47;0,1232347
98668,59;0,1238912
98684,6;0,1242465
98701,16;0,1246131
98718,07;0,1250609
98734,3;0,1253395
98751,41;0,1255055
98767,57;0,1257982
98784,01;0,1263854
98801,17;0,1268395
98817,17;0,1270676
98834,67;0,1274381
98850,77;0,1277331
98866,84;0,1281671
98883,4;0,1284012
98899,96;0,12882
98916,53;0,12882
98933,27;0,1291527
98949,7;0,1298744
98966,25;0,1301037
98982,8;0,1303475
98999,94;0,1308549
99015,92;0,1309371
99032,49;0,1313534
99049,16;0,131564
99065,69;0,131953
99082,22;0,1323522
99099,14;0,1323522
99115,33;0,1325648
99131,89;0,1325648
99148,46;0,1328725
99165,12;0,1337402
99181,59;0,1341227
99198,16;0,1343443
99214,73;0,1344021
99231,29;0,1350284
99247,88;0,1352318
99264,43;0,1354421
99280,99;0,135535
99297,68;0,1356719
99314,13;0,135764
99330,75;0,1357934
99347,26;0,1357912
99364,04;0,135756
99380,39;0,1356886
99396,96;0,1355791
99413,53;0,1354905
99430,09;0,1354236
99446,66;0,1354063
99463,91;0,1350419
99479,98;0,1349373
99496,36;0,1347188
99512,92;0,1347188
99529,49;0,1345662
99546,06;0,134261
99562,63;0,1340163
99579,2;0,1338752
99595,76;0,1338752
99612,33;0,1333942
99628,89;0,1332359
99646,18;0,1330195
99662,05;0,1328874
99678,59;0,1326437
99695,16;0,1324629
99711,77;0,132395
99728,3;0,1322728
99744,86;0,1322728
99761,43;0,1321414
99778,41;0,1320059
99794,55;0,1318107
99811,43;0,1312226
99827,69;0,1308355
99844,34;0,1306608
99860,83;0,1304437
99877,57;0,1303215
99894,05;0,1303215
99911,07;0,1297846
99927,17;0,129644
99943,77;0,1293685
99960,23;0,1293685
99976,79;0,1292202
99993,35;0,1287541
100009,9;0,1284503
100026,8;0,1282174
100043,2;0,1279883
100060,5;0,1276873
100076,2;0,1275297
100092,8;0,1272676
100109,3;0,1270768
100125,9;0,1270768
100142,5;0,1267589
100159;0,1262835
100175,6;0,1259871
100192,2;0,1259775
100208,7;0,125664
100225,5;0,1253351
100242,4;0,1250193
100258,4;0,1248606
100275,9;0,1245579
100291,8;0,1244062
100308,2;0,1241063
100324,7;0,1239024
100342;0,1236638
100365,6;0,1233768
100374,4;0,1233768
100391,5;0,1232195
100408,1;0,1232195
100424,5;0,1229012
100440,7;0,1224761
100457,2;0,1221493
100474,1;0,1219912
100490,4;0,1218366
100507;0,1215134
100523,5;0,1215134
100540,1;0,1212507
100556,6;0,120981
100573,2;0,120981
100589,8;0,1205628
100606,3;0,1203389
100623,3;0,1202213
100639,5;0,1202213
100656,1;0,1198356
100672,8;0,1196014
100689,2;0,1193352
100705,7;0,119225
100723;0,119225
100738,9;0,1189779
100755,4;0,1186233
100772;0,1185014
100789;0,1183813
100805,1;0,1183178
100821,9;0,1179265
100838,3;0,1176783
100854,8;0,1175455
100871,6;0,1175455
100888;0,1172149
100904,7;0,116976
100921,3;0,1168578
100938,5;0,116732
100954,2;0,1167146
100970,8;0,1162824
100987,6;0,1160822
101004,6;0,1159603
101020,5;0,1159603
101037,3;0,1158595
101053,6;0,1158282
101070,6;0,115556
101087;0,1151125
101103,5;0,1150108
101119,9;0,1148108
101136,5;0,1146143
101153;0,1146143
101169,6;0,114422
101187;0,1142218
101202,7;0,1140278
101219,3;0,1139096
101235,9;0,1137697
101252,4;0,1136454
101269;0,113462
101285,6;0,1133242
101303,3;0,1132294
101318,9;0,1130151
101335,3;0,1129146
101351,9;0,1128362
101368,7;0,1128052
101385;0,1124987
101401,5;0,1124136
101418,1;0,1122451
101435;0,1122451
101451,2;0,1120644
101468,1;0,1119259
101484,4;0,1119259
101502;0,1117579
101517,5;0,1115286
101534,1;0,1113847
101550,7;0,111316
101567,2;0,111316
101583,8;0,1110821
101600,8;0,1109456
101617,3;0,1108068
101633,8;0,1108068
101650;0,1107386
101666,9;0,1107386
101683,2;0,1106606
101700,2;0,1105918
101716,3;0,1103772
101733;0,1100896
101749,4;0,1099499
101766,1;0,1098123
101782,6;0,1097497
101799,1;0,1096168
101815,7;0,1095364
101832,3;0,1095364
101849,5;0,1093176
101865,4;0,109207
101882;0,1090726
101898,9;0,1090681
101915,1;0,108907
101931,7;0,1088127
101948,5;0,1086963
101964,8;0,1086285
101981,5;0,1085078
101997,9;0,1084445
102014,8;0,1084445
102031,1;0,1082143
102048;0,1081482
102064,5;0,1080871
102080,8;0,1080871
102097,9;0,1059872
102097,9;0,105821
102117,9;0,1057289
102134,5;0,1056538
102151,1;0,1056172
102167,6;0,1055539
102184,2;0,1055214
102200,8;0,1054752
102217,3;0,1054304
102234;0,1053898
102250,5;0,1053615
102267;0,1053083
102283,6;0,1052605
102300,2;0,1052316
102317,3;0,105198
102333,4;0,105198
102349,9;0,1051156
102366,4;0,1050795
102383,8;0,1050294
102399,6;0,1050034
102416,1;0,1050034
102432,7;0,1049105
102449,9;0,1048731
102465,8;0,1048662
102482,9;0,1048426
102499;0,1048426
102515,5;0,1048219
102532,1;0,1047305
102548,8;0,1046783
102565,2;0,1046492
102582,4;0,1046245
102598,4;0,1045875
102614,9;0,1045431
102631,6;0,1045186
102648,4;0,1044787
102664,8;0,1044593
102681,2;0,104418
102697,8;0,1043724
102714,3;0,1043464
102730,9;0,1043311
102747,5;0,1042926
102764;0,1042557
102781;0,1042325
102797,2;0,1042051
102813,8;0,1042011
102830,3;0,1041246
102846,9;0,1041066
102863,4;0,1040711
102880,2;0,1040453
102896,7;0,1040056
102913,1;0,1039674
102929,7;0,1039496
102946,3;0,103928
102962,8;0,103928
102980,5;0,1038979
102997,1;0,1038338
103013,6;0,1037942
103030,2;0,1037776
103046,9;0,1037694
103063,3;0,1037041
103079,9;0,1036769
103096,5;0,1036509
103113,1;0,1036509
103129,6;0,103632
103146,6;0,1036278
103162,9;0,1035758
103179,5;0,1035135
103195,9;0,1034974
103212,5;0,1034743
103229;0,1034675
103245,6;0,1034446
103262,4;0,1034134
103278,7;0,1033837
103295,7;0,1033728
103311,8;0,1033728
103328,4;0,10332
103345;0,1033092
103361,5;0,1032919
103378,3;0,1032771
103395,7;0,1032434
103411,2;0,1032313
103427,8;0,1032313
103444,4;0,1031938
103460,9;0,1031818
103477,5;0,1031792
103494,1;0,1031377
103510,7;0,1031121
103527,7;0,1031012
103543,8;0,1031012
103560,3;0,1030638
103577,3;0,1030465
103593,7;0,1030385
103610;0,1030145
103626,6;0,102996
103643,2;0,1029866
103660;0,1029655
103676,3;0,1029536
103692,9;0,1029363
103709,6;0,1029164
103726,1;0,1029032
103742,8;0,102894
103759,1;0,102894
103776,3;0,102894
103792,5;0,1028742
103809;0,1028267
103825,7;0,1028146
103842;0,1028146
103858,5;0,1027856
103875,1;0,1027592
103891,7;0,1027488
103913,9;0,102729
103924,8;0,102729
103941,4;0,1026987
103958;0,1026869
103974,8;0,1026763
103991,1;0,1026659
104007,6;0,1026329
104024,2;0,1026157
104040,9;0,1026053
104057,3;0,1026053
104073,9;0,1025594
104090,5;0,1025541
104107,3;0,102528
104124;0,1025188
104140,3;0,1024965
104156,7;0,1024862
104173,4;0,1024705
104189,9;0,1024495
104206,4;0,1024286
104223;0,1024169
104239,7;0,1024027
104256,3;0,1023882
104272,7;0,1023595
104289,3;0,1023385
104305,9;0,1023254
104322,4;0,1023151
104339;0,1022928
104355,6;0,102268
104372,1;0,1022575
104388,7;0,1022459
104405,4;0,1022459
104421,8;0,1022459
104438,4;0,1022289
104455,3;0,1021779
104471,8;0,1021454
104488,5;0,1021284
104504,6;0,1021284
104521,2;0,1020879
104537,8;0,1020736
104554,5;0,1020541
104570,9;0,102036
104587,7;0,1020217
104604;0,1020126
104620,6;0,1019775
104637,2;0,1019619
104653,9;0,1019412
104670,3;0,1019231
104687,4;0,1019034
104704;0,1019034
104720;0,1018853
104736,6;0,1018349
104753,8;0,1018234
104769,7;0,1018116
104786,5;0,1018077
104802,8;0,1017726
104819,4;0,1017532
104836;0,1017326
104853;0,1017326
104869,1;0,1017054
104885,7;0,1016781
104902,7;0,1016731
104918,8;0,1016691
104935,4;0,1016279
104951,9;0,1016007
104968,7;0,1015826
104985,4;0,1015644
105001,6;0,1015529
105018,5;0,1015529
105034,8;0,1015399
105051,3;0,1015296
105067,9;0,1015296
105085;0,1015143
105101,3;0,1014667
105117,6;0,1014202
105134,3;0,1013956
105150,9;0,1013789
105167,4;0,1013622
105183,9;0,1013506
105200,4;0,1013234
105217;0,1013107
105233,6;0,1013107
105250,1;0,1012671
105266,7;0,1012502
105283,3;0,1012374
105299,9;0,1012154
105316,5;0,1011974
105333;0,1011858
105349,5;0,1011808
105366,3;0,101137
105382,7;0,1011253
105399,2;0,1011021
105415,8;0,1010907
105432,4;0,1010676
105448,9;0,1010484
105465,5;0,1010355
105482,1;0,1010099
105498,6;0,1009971
105515,2;0,1009971
105531,8;0,10096
105548,3;0,1009509
105564,9;0,1009293
105581,5;0,1009076
105598;0,1008924
105614,8;0,1008732
105631,2;0,1008732
105647,9;0,1008487
105664,3;0,1008283
105680,9;0,1008283
105697,4;0,1008283
105714,3;0,1008079
105730,6;0,1007669
105747,1;0,1007362
105763,8;0,1007196
105780,5;0,1007031
105796,8;0,1006865
105813,4;0,100675
105830;0,1006725
105846,8;0,1006332
105863,1;0,1006332
105879,8;0,100613
105896,3;0,1005977
105912,8;0,1005762
105929,4;0,1005659
105945,9;0,1005659
105962,8;0,1005317
105979,1;0,1005267
105995,6;0,1005141
106012,3;0,1004939
106028,8;0,1004939
106045,4;0,1004699
106061,9;0,1004599
106078,5;0,1004548
106095;0,1004272
106111,6;0,1004121
106129;0,100402
106145,4;0,1003932
106161,5;0,1003794
106178;0,1003619
106194,5;0,1003556
106211;0,1003418
106227,6;0,1003318
106244,3;0,1003268
106261;0,1003105
106277,3;0,100293
106293,8;0,1002778
106311,2;0,1002778
106327,1;0,1002703
106343,5;0,1002665
106360,1;0,1002578
106377,3;0,1002265
106393,2;0,100219
106410;0,1002102
106426,4;0,1002102
106442,9;0,1001827
106459,8;0,1001789
106476,1;0,1001651
106493,3;0,1001564
106509,2;0,1001426
106525,8;0,1001376
106542,3;0,1001263
106559;0,1001164
106575,5;0,1001064
106592,4;0,1000952
106608,6;0,1000877
106625,2;0,1000789
106642,4;0,1000687
106658,3;0,1000613
106675;0,1000527
106691,4;0,1000402
106708,3;0,1000352
106724,6;0,1000215
106741,1;0,1000115
106757,7;0,1000064
106774,3;0,09999906
106790,8;0,09999522
106807,4;0,09998277
106824;0,09997033
106840,5;0,09995782
106857,1;0,0999516
106873,7;0,09994653
106897,1;0,09993787
106906,8;0,0999278
106923,4;0,09991029
106940;0,09990407
106957,2;0,09990407
106973,1;0,09990034
106989,6;0,0998954
107006,2;0,0998868
107023,1;0,09986436
107039,9;0,09986313
107055,9;0,09986313
107072,8;0,09984691
107089;0,09984068
107105,7;0,09983452
107122,7;0,09983324
107138,7;0,09982824
107155,3;0,09981316
107172,2;0,09980572
107188,5;0,09980206
107205,2;0,09979084
107221,6;0,09978346
107238,4;0,09978095
107254,7;0,09977345
107271,3;0,09976717
107288;0,09976094
107304,6;0,09976094
107321;0,09974863
107337,6;0,09973489
107354,1;0,09972745
107370,8;0,09971995
107387,2;0,09971122
107403,8;0,09970757
107420,4;0,09970506
107437;0,09968646
107453,9;0,09968408
107470,3;0,09967914
107486,6;0,09967292
107503,2;0,09966548
107520,1;0,0996581
107536,3;0,09965573
107553;0,09965066
107569,6;0,09964187
107586;0,09964059
107602,6;0,09963443
107619,2;0,09963443
107635,7;0,09962948
107652,3;0,09961332
107668,9;0,09960581
107685,4;0,09959343
107702;0,09959215
107718,6;0,09958342
107735,3;0,0995772
107751,7;0,09957092
107768,3;0,09956855
107784,8;0,09956354
107801,4;0,09955866
107818;0,09955866
107834,6;0,09955353
107851,1;0,09954243
107869,8;0,09954243
107884,3;0,09953987
107900,9;0,09953608
107917,4;0,09953237
107934,4;0,09952364
107950,5;0,09951998
107967,1;0,09951247
107983,6;0,09950747
108000,2;0,09949881
108016,8;0,09949759
108033,3;0,09949137
108050;0,09948887
108066,5;0,09948265
108083;0,09947642
108099,6;0,09947642
108116,4;0,09946648
108132,8;0,09945782
108149,9;0,09945031
108166;0,09945031
108182,4;0,09944409
108199;0,0994378
108215,6;0,0994378
108232,1;0,09943414
108248,8;0,09942921
108265,3;0,09942921
108281,8;0,09942421
108299;0,09940791
108315;0,09939675
108331,7;0,09938924
108348,2;0,09938668
108365,1;0,09938546
108381,2;0,09938424
108397,8;0,09937179
108414,4;0,09937179
108431;0,0993605
108447,7;0,0993605
108464,1;0,09934678
108480,7;0,09934312
108497,5;0,09933811
108514,4;0,09932567
108530,3;0,09932195
108546,9;0,09931573
108563,5;0,09931573
108580;0,09931444
108596,6;0,09929706
108613,2;0,09929584
108629,8;0,09928718
108646,3;0,09928718
108662,9;0,09927601
108679,4;0,09926857
108696;0,09925874
108712,8;0,09925503
108729,1;0,09924642
108745,7;0,0992427
108762,3;0,09923398
108778,8;0,09923398
108795,4;0,09922275
108812;0,09921531
108828,5;0,09921037
108845,1;0,09920909
108868,1;0,09920658
108878,2;0,09920537
108894,8;0,09920292
108911,4;0,09920171
108927,9;0,09918316
108944,5;0,09916473
108961,1;0,09915607
108978,4;0,0991524
108994,2;0,09914136
109010,8;0,09913514
109027,5;0,09913514
109043,9;0,09911915
109060,5;0,09911048
109077,3;0,09910926
109093,6;0,09910426
109110,4;0,09909822
109126,7;0,09908089
109143,5;0,09907351
109159,9;0,09906985
109176,4;0,09906985
109193;0,09905253
109209,6;0,09904154
109226,1;0,0990377
109243,1;0,09902409
109259,3;0,09902037
109276,3;0,09901555
109292,4;0,09900567
109309;0,09900329
109326,4;0,09898846
109342,1;0,09898596
109359;0,09898096
109375,2;0,09897736
109392;0,09896881
109408,4;0,09896138
109424,9;0,09895387
109441,5;0,09894154
109458,5;0,09893922
109474,6;0,0989294
109491,8;0,09892567
109507,8;0,09892324
109524,3;0,09892324
109541,1;0,09892324
109557,5;0,09890841
109574,1;0,09889121
109590,7;0,09888621
109607,2;0,09888621
109623,9;0,098869
109640,3;0,09886412
109656,9;0,09886052
109673,6;0,09885442
109690;0,09885442
109706,6;0,09884227
109723,1;0,09883983
109739,7;0,09882879
109756,3;0,09882275
109772,8;0,0988142
109789,9;0,09880938
109806;0,09880694
109823;0,09879602
109839,1;0,09879358
109855,7;0,09878126
109872,3;0,0987776
109888,8;0,09876522
109905,4;0,09876034
109922,2;0,09874929
109938,9;0,09874563
109955,1;0,09873836
109971,6;0,09873343
109988,9;0,09872855
110004,8;0,09872855
110021,7;0,09872488
110037,9;0,09871505
110055,4;0,09870761
110071;0,09870883
110087,6;0,09870273
110104,2;0,09870034
110120,7;0,09869064
110137,3;0,09869064
110153,9;0,09868582
110170,6;0,09868217
110187,3;0,09868217
110203,6;0,09867979
110220,3;0,09866642
110236,8;0,09865317
110253,3;0,09864946
110270,2;0,09864713
110286,4;0,09863865
110303;0,09863261
110319,7;0,09862535
110336,3;0,09862176
110352,9;0,098612
110369,2;0,09860223
110386,6;0,09859857
110402,4;0,09859247
110418,9;0,09859247
110435,5;0,09858416
110452,1;0,09858172
110468,6;0,09858172
110485,4;0,09856836
110501,8;0,09856226
110518,4;0,09855506
110534,9;0,09855262
110552,3;0,09854902
110568;0,09853798
110584,6;0,09853438
110601,4;0,09853206
110617,7;0,09853206
110634,3;0,09851766
110651,4;0,09851405
110667,4;0,09851284
110684,3;0,09850802
110700,8;0,09850802
110717,1;0,09850679
110733,8;0,09850325
110750,3;0,09849599
110766,8;0,09849721
110783,8;0,09849605
110800,4;0,09849605
110816,5;0,09849245
110833,1;0,09849245
110849,7;0,09848519
110866,2;0,09847561
110882,8;0,09847323
110899,5;0,09846841
110916;0,09846602
110932,5;0,09846359
110949,1;0,09846359
110965,6;0,09845877
110982,3;0,09845395
110998,8;0,09845389
111015,3;0,09845151
111032,2;0,09844913
111048,5;0,09844913
111065;0,09844791
111081,6;0,09844314
111098,2;0,09843705
111115,1;0,09842979
111131,3;0,09842508
111147,9;0,09842381
111166,2;0,09842026
111181;0,09841905
111197,6;0,09841666
111214,3;0,09841312
111230,7;0,0984083
111247,5;0,09840581
111264,4;0,09839866
111280,7;0,09839744
111297;0,09839744
111313,6;0,09839744
111330,1;0,09838914
111346,7;0,09838316
111363,2;0,09838316
111379,8;0,09837712
111396,6;0,09837474
111412,9;0,09837236
111429,5;0,09837236
111446,1;0,09837236
111462,6;0,09837236
111479,2;0,09836753
111495,8;0,09835546
111512,6;0,09835307
111529;0,09835307
111545,5;0,09835441
111562;0,09834965
111578,6;0,09834965
111595,2;0,09834135
111611,7;0,09833891
111628,3;0,09833653
111644,9;0,09833293
111661,4;0,09833293
111678,6;0,09832329
111694,6;0,09832329
111711,3;0,09832212
111727,7;0,09831493
111744,3;0,09831132
111760,8;0,09830888
111777,4;0,09830766
111794;0,09830766
111811,1;0,09830157
111827,1;0,09830157
111843,7;0,09829436
111860,2;0,09829199
111876,9;0,09829088
111893,8;0,09829088
111909,9;0,09829088
111926,5;0,098286
111943,1;0,09828722
111959,6;0,0982824
111976,2;0,09827881
111992,8;0,09827881
112009,3;0,09827881
112026,3;0,09827758
112042,5;0,09827746
112059,5;0,09827985
112075,8;0,09827869
112092,2;0,09827625
112108,7;0,09827625
112125,3;0,09827503
112142,1;0,09828223
112158,9;0,09828229
112175,5;0,09828351
112191,8;0,09828588
112208,8;0,09828583
112224,8;0,09828583
112241,4;0,09828699
112257,8;0,09828937
112274,4;0,09828815
112291,2;0,09828931
112307,5;0,09829059
112324,5;0,09829425
112340,7;0,09829779
112357,2;0,09829663
112373,8;0,09830017
112390,6;0,09830023
112407,1;0,09830023
112423,9;0,09830023
112440,6;0,09830023
112457,1;0,09830366
112473,2;0,09830371
112489,9;0,09830261
112506,3;0,09830389
112522,9;0,09830871
112539,6;0,09830871
112556,1;0,09831237
112572,6;0,09831109
112589,7;0,09831231
112605,7;0,09831353
112622,4;0,09831713
112638,9;0,09832073
112655,4;0,09832201
112672;0,09832555
112689,4;0,09832793
112705,1;0,09832439
112721,7;0,09832439
112738,3;0,09832439
112755;0,09832195
112777,4;0,09832433
112788;0,09832671
112804,5;0,09833037
112821,1;0,09833153
112838;0,09832909
112854,4;0,09832671
112871;0,09832671
112887,4;0,09832799
112904,1;0,09832915
112920,5;0,09833159
112937,2;0,09833635
112953,8;0,09833391
112970,4;0,09833397
112986,8;0,09833391
113003,3;0,09833752
113019,9;0,09833752
113036,5;0,09833752
113053;0,09834471
113069,6;0,09834605
113086,2;0,09834361
113102,7;0,09834361
113119,3;0,09834361
113135,9;0,09834843
113152,4;0,09834959
113169,3;0,09834959
113185,9;0,09835319
113202,2;0,09835441
113219;0,09835441
113235,3;0,09835319
113251,9;0,09835447
113268,4;0,09835569
113285;0,09835813
113301,5;0,09835813
113318,1;0,09835929
113334,7;0,09836051
113351,5;0,09836051
113367,8;0,09836167
113384,4;0,09836045
113400,9;0,09837021
113417,5;0,09837148
113434,1;0,09837027
113450,6;0,09837265
113467,2;0,09837503
113483,8;0,0983763
113500,3;0,09837747
113516,9;0,09837869
113533,5;0,09837979
113550;0,09837735
113566,6;0,09838101
113583,2;0,09838223
113599,7;0,09838339
113616,3;0,09838455
113633;0,09838699
113649,4;0,09838827
113666;0,09838943
113682,6;0,09838943
113699,1;0,09839181
113715,7;0,09839657
113732,3;0,09839657
113748,9;0,09839779
113765,4;0,09839907
113782,1;0,09840267
113798,7;0,09840267
113815,2;0,09840389
113831,7;0,09840511
113848,2;0,09840627
113865,5;0,09840749
113881,4;0,09840627
113897,9;0,09840627
113915,4;0,09841109
113931,1;0,09840987
113947,7;0,09840615
113964,3;0,09840615
113980,8;0,098405
113997,3;0,09840621
114013,9;0,098405
114030,5;0,098405
114047;0,09839901
114063,6;0,0983943
114080,2;0,09839193
114096,7;0,09839315
114113,3;0,09839309
114129,9;0,09838472
114146,4;0,09838467
114163;0,09838467
114179,6;0,09837869
114196,1;0,09837985
114212,7;0,09837497
114229,3;0,09837497
114245,8;0,09837497
114262,4;0,09836649
114279,3;0,09836289
114295,5;0,09836289
114312,1;0,09836289
114328,7;0,09836051
114345,2;0,09834855
114361,8;0,09834855
114378,4;0,09834617
114395,3;0,09834384
114411,5;0,09834384
114428,1;0,09834257
114444,6;0,09834135
114461,2;0,09833902
114477,8;0,09833902
114495,1;0,09833048
114510,9;0,09832805
114527,5;0,09832805
114544,2;0,09832451
114560,7;0,09832451
114577,2;0,09832218
114593,7;0,09832102
114610,3;0,09832102
114626,9;0,09831614
114643,4;0,0983126
114660;0,09831138
114676,6;0,09831138
114693,1;0,09829947
114709,8;0,09829582
114726,3;0,09829344
114743,1;0,09828862
114759,4;0,09828746
114776;0,09828507
114792,5;0,09828147
114809,2;0,09827793
114826,4;0,09827549
114842,3;0,09827549
114858,8;0,09827799
114875,4;0,09827323
114891,9;0,09827555
114908,6;0,09827311
114925,1;0,09827305
114941,6;0,09826946
114958,2;0,09827189
114974,8;0,09827067
114991,3;0,09827067
115008;0,09826585
115024,7;0,09826231
115041;0,09825749
115057,6;0,09825029
115074,5;0,09824669
115090,7;0,09824315
115107,3;0,09824425
115123,9;0,09824425
115140,5;0,09823943
115157;0,09823949
115173,6;0,09823357
115190,6;0,09822875
115206,7;0,09822875
115224;0,09822636
115239,8;0,09822636
115256,4;0,09822276
115273;0,09822276
115289,5;0,09822276
115306,1;0,09822276
115322,7;0,09821788
115339,2;0,09821301
115355,8;0,09821185
115372,4;0,09820703
115388,9;0,09820703
115405,6;0,09820464
115422,1;0,09820221
115438,9;0,09820476
115455,2;0,0982011
115471,8;0,09820343
115488,3;0,09820227
115504,9;0,09820227
115521,5;0,09819988
115538;0,0982
115554,7;0,09819518
115571,3;0,09819518
115587,7;0,09819274
115604,8;0,09819152
115620,9;0,0981892
115637,4;0,09818681
115654;0,09818321
115670,6;0,09817718
115687,1;0,09817962
115704;0,09817839
115720,4;0,09817607
115736,8;0,09817241
115753,4;0,09817003
115770;0,09816881
115786,5;0,09816765
115803,1;0,09816173
115819,8;0,09815813
115836,4;0,09815459
115852,9;0,09815104
115869,8;0,09815104
115885,9;0,09814867
115902,5;0,09814988
115919,1;0,09814744
115935,6;0,09814385
115952,2;0,09814385
115969;0,09813554
115985,3;0,09812828
116002,4;0,0981223
116018,5;0,0981223
116035,4;0,09812352
116051,6;0,09811991
116068,2;0,0981223
116084,7;0,09812108
116101,3;0,09811394
116118,6;0,09811278
116134,4;0,09810802
116151;0,09810802
116167,6;0,09809832
116184,3;0,09809843
116200,8;0,09809599
116217,3;0,09809355
116233,8;0,09809605
116250,4;0,09809245
116267;0,09809245
116284;0,09809611
116300,3;0,09809611
116316,7;0,0980925
116333,9;0,09808769
116349,9;0,09808525
116366,4;0,09808763
116382,9;0,09808408
116399,6;0,09808408
116416,6;0,09807926
116432,6;0,09807567
116449,8;0,09807444
116465,8;0,09807207
116482,5;0,09807573
116499,3;0,09807213
116515,7;0,09806852
116532;0,09806852
116548,8;0,09806974
116565,2;0,09806742
116581,7;0,09806974
116598,4;0,09806974
116614,9;0,09806608
116631,6;0,098059
116660;0,09806022
116676,5;0,09805894
116693,6;0,09805656
116709,7;0,09805656
116726,4;0,09805308
116742,8;0,09805185
116759,6;0,09804704
116776;0,09804825
116792,8;0,09804582
116809,2;0,09804106
116826,1;0,09803984
116842,2;0,09803861
116859,3;0,09803861
116875,7;0,09803264
116892;0,09803025
116908,5;0,09803031
116925,1;0,09802549
116941,7;0,09802549
116958,2;0,09801963
116974,9;0,09801963
116992,2;0,09802084
117007,9;0,09801963
117024,6;0,09802201
117041,1;0,09801597
117057,9;0,09801597
117074,1;0,09801847
117090,7;0,09801602
117107,9;0,09801481
117123,8;0,09801481
117140,7;0,09801597
117157;0,09801109
117173,6;0,09800866
117190,1;0,09800987
117206,7;0,09800987
117223,2;0,09800987
117239,8;0,09800871
117256,4;0,09800272
117272,9;0,09800035
117289,5;0,09799791
117306,1;0,09799919
117322,6;0,0979968
117339,2;0,0979968
117356;0,0979968
117372,4;0,09799309
117388,9;0,09799071
117405,5;0,09798833
117422;0,09798466
117438,6;0,09798339
117455,2;0,09798339
117471,7;0,09797985
117488,3;0,0979763
117504,9;0,09797508
117521,6;0,09797387
117538,1;0,09797148
117554,6;0,09797021
117571,1;0,09797142
117588,4;0,09797142
117607,8;0,09796789
117620,8;0,09797021
117637,4;0,09797021
117654;0,09797131
117670,7;0,09797259
117687,1;0,09797137
117703,7;0,09797026
117721;0,09797021
117736,8;0,09797021
117753,4;0,09796899
117769,9;0,09797015
117786,5;0,09796887
117803,5;0,09797009
117819,6;0,09797009
117836,3;0,09796887
117852,9;0,09797003
117869,3;0,09797003
117886,1;0,09797119
117902,7;0,09797119
117919;0,09797358
117935,6;0,09797718
117952,2;0,0979784
117968,8;0,0979784
117985,5;0,0979784
118001,9;0,09797718
118019,2;0,09797607
118035;0,09797607
118051,6;0,09797485
118068,1;0,09797364
118085,7;0,09796882
118101,3;0,09796754
118117,8;0,0979687
118134,4;0,09797119
118151;0,09797236
118167,5;0,09797236
118184,1;0,09797113
118200,7;0,09796882
118217,2;0,09796527
118234,2;0,09796527
118250,4;0,09796765
118266,9;0,09795929
118283,9;0,09795331
118300,1;0,09795215
118316,6;0,09795342
118333,2;0,09795581
118349,8;0,09795209
118366,3;0,09794971
118382,9;0,09795209
118399,5;0,09795441
118416;0,09795209
118432,8;0,09794977
118449,2;0,09795087
118465,7;0,09795087
118482,8;0,09794843
118499,5;0,09794727
118515,4;0,09794843
118532,9;0,09793873
118549,2;0,09793873
118565,2;0,09793629
118581,8;0,09793629
118598,4;0,09793751
118615;0,09793624
118631,5;0,09793624
118648,1;0,09793624
118664,7;0,09793385
118681,3;0,0979327
118697,8;0,09793385
118714,4;0,09793385
118730,9;0,09793618
118747,5;0,09793507
118764;0,09793624
118780,6;0,09793624
118797,4;0,09793629
118813,7;0,09793385
118830,3;0,0979327
118846,9;0,0979327
118863,6;0,09793391
118880;0,09793746
118896,6;0,09793153
118913,1;0,09793153
118929,7;0,09793153
118946,3;0,09792909
118963;0,09793031
118979,4;0,09792909
118996,1;0,09792788
119012,5;0,09792788
119029,6;0,09792543
119045,7;0,09792665
119062,2;0,09792909
119078,8;0,09792909
119095,6;0,09793031
119111,9;0,09793031
119128,9;0,09793031
119145,1;0,09792909
119161,6;0,09792683
119178,2;0,09792932
119194,8;0,09792932
119211,4;0,09792932
119227,9;0,09793281
119244,5;0,09793048
119261,2;0,09793641
119277,6;0,09793403
119294,2;0,09793403
119311;0,09793153
119327,8;0,09793275
119343,9;0,09793397
119360,4;0,09793275
119377,3;0,09793031
119393,6;0,09793147
119410,1;0,09793147
119426,7;0,0979327
119443,3;0,09793031
119460;0,09792909
119476,4;0,09792788
119493;0,09792671
119510;0,09792311
119526,1;0,09791945
119542,7;0,09792306
119560;0,09792189
119576,1;0,09791835
119592,4;0,09791713
119609,2;0,09791713
119625,6;0,09791591
119642,1;0,09791109
119658,6;0,09790993
119675,2;0,09790627
119692,5;0,09790511
119708,5;0,09790731
119724,9;0,0979061
119741,8;0,09790255
119758;0,09790255
119774,6;0,09790134
119791,2;0,09790139
119807,8;0,09789901
119824,4;0,09789669
119841,1;0,09789785
119857,4;0,09789425
119874;0,09789065
119890,6;0,09789065
119907,1;0,09788827
119924,5;0,09788467
119940,3;0,09788112
119957,5;0,09788112
119973,4;0,09787758
119990;0,09787752
120006,5;0,09787752
120023,1;0,09787747
120039,7;0,09787747
120056,2;0,09787869
120072,8;0,09787282
120089,4;0,0978716
120105,9;0,09787044
120122,8;0,0978669
120139,1;0,09786928
120155,6;0,09786562
120172,2;0,09786329
120189;0,09785853
120205,4;0,09785853
120222,1;0,0978597
120238,5;0,09785732
120255,3;0,09785737
120271,7;0,09785261
120288,2;0,09785621
120304,9;0,09785627
120321,3;0,09785389
120337,9;0,09785273
120354,4;0,09785279
120371,8;0,09785279
120387,6;0,097854
120404,4;0,09785284
120420,7;0,09785046
120437,3;0,09784808
120453,8;0,09784913
120470,4;0,09784448
120488,3;0,09784448
120504,8;0,09784687
120521,5;0,09784692
120538,3;0,09784576
120554,5;0,09783989
120571,2;0,09783862
120587,8;0,09783623
120604,2;0,09783502
120620,8;0,09783502
120637,4;0,0978338
120654,7;0,0978349
120670,5;0,09783612
120687,7;0,0978349
120703,6;0,09783734
120720,3;0,09783374
120736,8;0,09782904
120754;0,09782665
120769,9;0,09782555
120786,5;0,09782317
120803;0,09782555
120819,6;0,09782439
120836,2;0,09782206
120853,1;0,09782206
120869,3;0,09782085
120886,2;0,09782322
120902,6;0,09782322
120919,2;0,09782311
120936;0,09781481
120952,1;0,09781237
120968,7;0,09781237
120985,4;0,09781121
121001,8;0,09781243
121018,4;0,09780882
121035;0,09780882
121051,5;0,09781004
121068,1;0,09780999
121084,8;0,09780522
121101,2;0,09779803
121117,8;0,09779681
121134,4;0,09779437
121150,9;0,09779558
121167,5;0,09779198
121184,1;0,09779181
121201;0,09779181
121217,2;0,09778833
121233,8;0,09778473
121250,3;0,09778467
121266,9;0,09778467
121283,5;0,09778234
121300,1;0,09777758
121316,6;0,09777532
121333,2;0,09777532
121349,7;0,09777654
121366,3;0,09777654
121383;0,09777654
121399,4;0,09777305
121416;0,09777433
121432,6;0,09777079
121449,1;0,09777079
121465,7;0,09777207
121482,8;0,09777328
121499;0,09777328
121515,8;0,0977781
121532;0,09778049
121548,5;0,09777694
121565,1;0,09777457
121581,7;0,09777578
121598,3;0,09777578
121614,8;0,09777578
121631,4;0,09777939
121648,6;0,09777933
121665;0,09777688
121681,1;0,09777567
121697,6;0,09777921
121714,2;0,09777451
121731,1;0,09777108
121747,8;0,09777346
121764;0,09777462
121780,6;0,09777578
121797,5;0,09777096
121813,6;0,09777096
121830,2;0,09776974
121846,7;0,09777096
121864,3;0,09777334
121880,5;0,09777457
121896,4;0,09777334
121913,4;0,09776974
121929,9;0,09776852
121946,2;0,09776852
121963;0,09776858
121979,5;0,09777096
121995,8;0,09777218
122012,7;0,09777334
122029;0,09777334
122045,5;0,09777108
122062,1;0,09777457
122078,7;0,09777694
122095,2;0,09777921
122111,8;0,09778281
122128,4;0,09777921
122145,3;0,09777561
122161,5;0,09777561
122178,1;0,09778513
122195,1;0,09779105
122211,7;0,09778751
122227,8;0,09778629
122245,1;0,09778984
122261,1;0,09778984
122277,5;0,09779105
122294;0,09778751
122311,3;0,09778751
122327,2;0,09778874
122344;0,09778874
122360,3;0,09778281
122377,4;0,09778165
122393,4;0,09777921
122410;0,09777933
122426,6;0,09777927
122443,3;0,09777927
122460,2;0,09778055
122476,7;0,09777816
122492,9;0,097777
122509,4;0,09777474
122526;0,09777822
122542,5;0,09777939
122559,2;0,09777939
122575,7;0,09778055
122592,4;0,09777944
122608,8;0,09777944
122625,4;0,09777468
122641,9;0,09777468
122658,5;0,09777351
122675,6;0,0977712
122691,7;0,09776765
122708,2;0,09776765
122724,8;0,09776765
122741,3;0,09777236
122757,9;0,0977723
122774,5;0,0977723
122791;0,0977723
122807,9;0,0977723
122824,2;0,09777102
122840,7;0,09776852
122857,3;0,09776736
122873,9;0,0977626
122890,8;0,0977626
122907;0,0977626
122923,6;0,09776028
122940,4;0,0977651
122956,7;0,09776498
122973,6;0,09776498
122989,8;0,09776498
123006,4;0,0977626
123023,1;0,09775911
123039,5;0,09775662
123056,1;0,09775545
123072,8;0,09775662
123089,2;0,0977579
123105,9;0,09775545
123122,4;0,09774832
123138,9;0,09774953
123155,9;0,09774832
123172,1;0,09774709
123188,6;0,09774832
123205,2;0,09774599
123222,1;0,09774593
123238,3;0,0977435
123254,9;0,09773757
123271,5;0,09773513
123288,7;0,09773391
123305,2;0,09773635
123321,2;0,09773403
123344,5;0,09773049
123354,3;0,0977281
123370,9;0,0977281
123387,4;0,09772567
123404;0,09772201
123420,6;0,09772317
123437,1;0,09772665
123454,1;0,09772781
123470,3;0,09772294
123487,5;0,09771817
123504,3;0,09771945
123520,4;0,09771945
123536,5;0,09771817
123553,1;0,0977158
123569,7;0,09771933
123586,2;0,09772044
123602,8;0,09772166
123619,4;0,09772166
123636,2;0,09772166
123652,5;0,09772294
123669,1;0,09773972
123685,8;0,09773972
123702,3;0,09775046
123718,8;0,09774924
123735,3;0,09776371
123751,9;0,09778811
123768,5;0,09778811
123785;0,09781606
123801,6;0,09785663
123818,2;0,09789495
123835,3;0,09791582
123851,3;0,09791582
123868,2;0,09795087
123884,5;0,09804679
123901,2;0,09808495
123917,8;0,09808495
123934,4;0,09815411
123950,7;0,09827451
123967,3;0,09833408
123984,2;0,09840899
124000,4;0,09849748
124017;0,09854639
124033,5;0,09854639
124050,1;0,09869707
124066,7;0,09872182
124083,2;0,09879786
124099,8;0,0988685
124116,4;0,09892544
124132,9;0,09893321
124149,5;0,09896062
124166,3;0,09903352
124182,6;0,09906061
124199,2;0,09908795
124215,9;0,09908795
124232,5;0,09910784
124248,9;0,09912505
124265,5;0,09912505
124282;0,09918319
124298,6;0,09924465
124315,7;0,09929121
124331,7;0,09932911
124348,3;0,09934283
124364,9;0,09937945
124381,8;0,09937945
124398;0,09939904
124414,6;0,09945432
124431,2;0,09948037
124447,7;0,09949745
124464,3;0,09949745
124480,8;0,09955628
124497,4;0,09959442
124514,1;0,09963164
124530,5;0,09963164
124547,7;0,09968954
124563,7;0,09975392
124580,2;0,09982146
124596,8;0,0999082
124613,7;0,0999082
124629,9;0,09996367
124646,7;0,1001491
124663,1;0,1002464
124679,8;0,1003482
124696,2;0,1003482
124712,8;0,1005586
124729,6;0,1006261
124745,9;0,1006684
124762,5;0,1008886
124779,6;0,1009999
124795,6;0,1011057
124812,2;0,1011676
124828,7;0,1012289
124845,3;0,1014354
124861,9;0,1014354
124878,4;0,1015077
124895;0,1015077
124911,7;0,101567
124928,1;0,1017057
124944,7;0,1019966
124961,3;0,102129
124977,8;0,1021967
124994,8;0,1023059
125011;0,1023188
125027,6;0,1024355
125044,1;0,1025781
125060,7;0,1026894
125077,2;0,1027877
125094;0,1028062
125110,5;0,1028688
125126,9;0,1030523
125144;0,1031689
125160,1;0,1032307
125176,6;0,1032307
125193,4;0,1034551
125209,8;0,1034755
125226,3;0,103596
125242,9;0,1036725
125259,5;0,1037781
125279,9;0,10382
125292,6;0,1038819
125309,2;0,1039257
125325,7;0,1040856
125342,3;0,1041346
125358,9;0,1042352
125375,8;0,1043034
125392;0,1043828
125408,9;0,1044933
125425,9;0,1045331
125441,7;0,1045331
125458,3;0,1046466
125474,8;0,1047777
125491,4;0,1048213
125508;0,1048757
125524,5;0,1049203
125541,2;0,1049203
125557,7;0,1049601
125574,6;0,1050715
125591,6;0,105132
125607,4;0,1052118
125624,3;0,1052558
125641,1;0,1052919
125657,4;0,1053143
125673,6;0,1053255
125690,2;0,1053342
125706,8;0,1053085
125723,3;0,1052391
125739,9;0,1050993
125756,6;0,1050534
125773,7;0,104954
125789,6;0,1048759
125806,4;0,1047778
125822,9;0,1047184
125839,6;0,1045969
125855,9;0,1045117
125872,4;0,1044042
125889;0,1042729
125905,6;0,1041907
125922,5;0,1040866
125938,7;0,1039644
125955,7;0,1039644
125972,2;0,1037245
125988,4;0,1035592
126005;0,103454
126021,6;0,1034028
126038,1;0,1034028
126054,7;0,1030883
126071,3;0,1030218
126088,3;0,1028603
126104,4;0,1027375
126120,9;0,1026157
126137,6;0,1025914
126154,2;0,1025385
126170,6;0,1024772
126187,2;0,1024548
126203,8;0,1023289
126226,7;0,1021121
126236,9;0,102051
126253,5;0,1019778
126270,6;0,1019026
126286,7;0,1019026
126303,2;0,1016969
126319,7;0,1016793
126336,3;0,1015565
126352,9;0,1015014
126369,4;0,1013977
126386;0,1013525
126402,6;0,1012971
126419,8;0,1012399
126436,1;0,1011022
126452,6;0,1009979
126469;0,1009483
126485,5;0,1009483
126502;0,100776
126518,8;0,10075
126535,1;0,1006229
126551,7;0,1004984
126568,2;0,1004801
126584,8;0,1004884
126601,4;0,1004939
126617,9;0,1004939
126634,5;0,1006016
126651,8;0,1007145
126667,8;0,100924
126684,2;0,1011043
126700,8;0,1014855
126717,7;0,1017123
126734,5;0,102204
126750,5;0,1025395
126767,1;0,1030677
126783,6;0,1033592
126800,4;0,1033906
126816,8;0,1033906
126833,3;0,1039191
126849,9;0,105612
126866,4;0,106452
126883;0,106452
126899,6;0,107348
126916,1;0,1084948
126932,7;0,1093428
126949,3;0,1097593
126965,9;0,1097593
126982,5;0,111062
126999;0,1117922
127015,5;0,1121428
127032,1;0,1129654
127048,7;0,1136328
127065,2;0,1140963
127081,8;0,1144901
127098,4;0,1144901
127115;0,1157674
127131,6;0,1160216
127148,1;0,1166299
127164,6;0,1175
127181,6;0,1178595
127198,1;0,1188525
127214,7;0,1194032
127231,3;0,1201099
127247,9;0,1205168
127264,4;0,1205168
127281,3;0,12123
127298,1;0,1223874
127314,6;0,1227351
127330,7;0,1227351
127347,3;0,1236239
127364,5;0,1246247
127380,4;0,1251551
127397;0,1257473
127413,9;0,1261293
127430,1;0,1265142
127447;0,1268962
127463,6;0,1268962
127479,8;0,1276316
127496,4;0,129005
127512,9;0,1296749
127529,8;0,1306029
127546,1;0,130997
127562,6;0,1317684
127579,2;0,1321778
127595,8;0,1321778
127612,3;0,1333541
127628,9;0,1340685
127645,5;0,1345562
127662,1;0,1353749
127678,6;0,1359521
127695,1;0,1365539
127711,7;0,1370753
127728,3;0,1370753
127745,3;0,1389591
127762;0,1392999
127778,2;0,1403032
127794,9;0,1407351
127811,3;0,1417283
127827,7;0,1421137
127844,3;0,1421137
127860,9;0,1437118
127877,4;0,1444401
127894;0,1449923
127910,6;0,14585
127927,1;0,14585
127943,8;0,1475174
127960,4;0,1476025
127976,8;0,1486321
127993,6;0,1494904
128010,2;0,1502987
128026,5;0,1508054
128043,2;0,1513171
128059,6;0,1521609
128076,2;0,1521609
128092,7;0,1526715
128109,6;0,1530952
128133,5;0,1543803
128142,5;0,1558099
128159;0,1565328
128175,6;0,1566978
128192,2;0,1575975
128208,7;0,1584874
128226,1;0,1594217
128241,9;0,1599768
128258,9;0,1607877
128275;0,1612085
128291,8;0,1616766
128308,5;0,1619679
128324,7;0,1635303
128341,3;0,1643787
128357,8;0,1648472
128375,1;0,1648472
128390,9;0,1659919
128407,5;0,1670486
128424,4;0,1675632
128440,6;0,1684478
128457,6;0,1684478
128473,8;0,169249
128490,8;0,17047
128507,6;0,1711445
128523,5;0,1716101
128540,1;0,1716837
128556,6;0,173402
128573,9;0,1737636
128589,8;0,1744871
128606,7;0,1749731
128622,9;0,1755857
128639,5;0,1761612
128656;0,1761612
128672,6;0,1766385
128689,8;0,177009
128706,1;0,177009
128722,4;0,1771861
128738,8;0,1772856
128755,4;0,1773057
128772;0,177622
128788,5;0,177783
128805,6;0,1777892
128821,8;0,1776956
128838,3;0,1776304
128855,1;0,1775563
128871,4;0,1774533
128888;0,1774533
128904,7;0,1772366
128921,1;0,1772366
128937,7;0,17709
128954,7;0,1770004
128971,7;0,1769064
128987,4;0,1768571
129003,9;0,1768042
129020,5;0,1767761
129037;0,1766267
129058;0,1765939
129070,2;0,1765251
129086,8;0,1764805
129103,3;0,1764355
129119,9;0,1763952
129136,8;0,1763952
129153,2;0,1763757
129169,6;0,1763354
129186,2;0,1763152
129203;0,1762839
129219,7;0,1762764
129235,9;0,1762684
129252,4;0,1762342
129269;0,1762342
129285,6;0,1762108
129302,1;0,1761798
129318,7;0,1761607
129335,3;0,1761456
129351,9;0,1761456
129368,4;0,1761377
129384,9;0,1761337
129402,4;0,1761337
129418,1;0,1761031
129434,6;0,1760721
129451,2;0,1760415
129468,1;0,1760336
129484,3;0,176026
129501,3;0,1760221
129517,5;0,1760026
129534,3;0,1759947
129550,7;0,1759987
129567,2;0,1759908
129583,8;0,1759598
129600,3;0,1759414
129616,9;0,1759338
129633,5;0,1759338
129650;0,1759338
129666,6;0,1759074
129683,6;0,175888
129699,8;0,1758804
129716,6;0,1758689
129732,9;0,1758534
129749,4;0,1758455
129766,3;0,1758455
129782,5;0,175834
129799,6;0,1758149
129815,8;0,1758152
129832,4;0,1758152
129848,8;0,1758152
129865,4;0,1757849
129881,9;0,1757889
129898,6;0,1757773
129915,1;0,1757816
129931,7;0,1757628
129948,6;0,1757589
129964,8;0,1757474
129981,4;0,1757474
129997,9;0,1757474
130014,5;0,1757474
130031,1;0,1757474
130047,6;0,1757355
130064,2;0,1757204
130081,1;0,1756973
130097,3;0,1756858
130114,1;0,175667
130130,4;0,175667
130147;0,175667
130163,8;0,1756453
130180,4;0,1756373
130196,7;0,1756298
130213,6;0,1756113
130229,8;0,1756038
130246,8;0,175585
130263,2;0,1755544
130280;0,1755507
130296,1;0,1755507
130312,7;0,175532
130329,3;0,1755059
130345,8;0,1754947
130362,4;0,1754648
130379;0,1754648
130395,5;0,1754506
130412,3;0,1754045
130428,7;0,1754009
130445,5;0,175389
130462,2;0,1753775
130478,4;0,1753475
130495;0,1753287
130511,5;0,1753211
130528,1;0,175306
130544,6;0,1752918
130561,3;0,1752612
130578,9;0,1752612
130594,3;0,1752428
130610,9;0,17522
130627,5;0,17522
130644,1;0,1752092
130660,8;0,1751937
130677,2;0,1751937
130693,7;0,1751752
130710,3;0,1751489
130726,9;0,1751117
130743,7;0,1751038
130760,1;0,1750735
130776,5;0,1750698
130793,7;0,1750702
130810,4;0,1750438
130826,3;0,1750287
130843,3;0,1750211
130859,6;0,1750211
130876,2;0,174999
130892,7;0,1749733
130909,4;0,1749654
130925,6;0,1749582
130942,2;0,1749658
130959;0,1749275
130975,8;0,1749012
130992,4;0,1748669
131008,7;0,1748518
131025,2;0,1748327
131041,8;0,1747994
131058,4;0,1747958
131074,9;0,1747694
131091,5;0,174754
131108,1;0,174754
131125,1;0,1747016
131141,6;0,1746822
131157,8;0,174667
131174,3;0,1746515
131190,9;0,1746252
131207,5;0,1745758
131224,4;0,1745458
131240,6;0,1745231
131257,2;0,1745231
131273,8;0,1745191
131290,3;0,1744924
131306,9;0,1744924
131323,4;0,1744812
131340;0,1744252
131356,6;0,174331
131373,8;0,1743274
131389,7;0,1743053
131406,3;0,1742747
131422,9;0,1742563
131439,4;0,1742302
131456;0,1742151
131472,5;0,1741887
131489,2;0,1741696
131506;0,1741357
131522,3;0,1741021
131538,8;0,1741021
131555,4;0,1740609
131572,3;0,174031
131588,5;0,1740198
131605,1;0,1740036
131621,6;0,173996
131638,4;0,1739849
131654,8;0,1739539
131671,4;0,1739279
131687,9;0,1739055
131704,6;0,1738827
131721;0,1738679
131737,6;0,1738528
131754,2;0,1738304
131770,7;0,1737777
131787,3;0,1737668
131803,9;0,1737401
131820,7;0,1737401
131837,7;0,1736716
131854;0,1736568
131870,1;0,173638
131886,7;0,1736347
131903,9;0,1736192
131919,8;0,1736192
131936,4;0,1736047
131953,9;0,1735781
131969,5;0,1735063
131986,1;0,1734568
132003,5;0,1734196
132019,5;0,1734045
132035,9;0,1733738
132052,4;0,1733436
132068,9;0,1733396
132085,5;0,1733024
132102,3;0,1732836
132118,6;0,1732648
132135,2;0,1732648
132151,8;0,1732194
132169,1;0,1732036
132184,9;0,1731739
132201,5;0,1731545
132218,4;0,1731509
132234,6;0,1731439
132251,9;0,1730866
132267,8;0,1730711
132284,3;0,17303
132301;0,17303
132317,6;0,1729852
132334,4;0,1729621
132350,6;0,1729427
132367,3;0,1729503
132383,7;0,1729308
132400,3;0,1729081
132416,8;0,1728745
132433,4;0,1728633
132450;0,1728524
132466,5;0,1728412
132483,1;0,1728149
132500;0,1728149
132516,3;0,1727846
132533,2;0,1727694
132549,4;0,1727694
132566,4;0,1727546
132582,5;0,1727546
132599,1;0,1727391
132615,6;0,1726792
132632,4;0,1726374
132648,8;0,1726222
132665,3;0,1725768
132681,9;0,1725468
132698,8;0,1725319
132715,2;0,1725168
132731,6;0,1725132
132748,2;0,1724453
132764,7;0,1724302
132781,5;0,1724074
132797,9;0,1723887
132817,3;0,1723627
132831;0,1723366
132847,6;0,1722991
132864,1;0,1722503
132880,7;0,1722352
132897,4;0,1722352
132914,2;0,1721868
132930,4;0,1721156
132947;0,1721008
132963,5;0,1720784
132980,1;0,1720708
132996,8;0,1720115
133013,3;0,1719783
133029,8;0,1719522
133046,4;0,1719522
133063,7;0,1719111
133079,8;0,1718745
133096,4;0,1718524
133113,1;0,1718337
133129,2;0,1718337
133145,9;0,1717599
133162,9;0,1717306
133178,9;0,1717052
133195,5;0,1717052
133212,8;0,1716868
133228,9;0,1716683
133245,2;0,1716383
133262,1;0,1715573
133278,5;0,1715464
133295,4;0,1715237
133311,8;0,171498
133328;0,171498
133344,7;0,1714351
133361,1;0,1714279
133378;0,1713979
133394,3;0,1713722
133410,9;0,1713577
133427,9;0,1713096
133444,5;0,1712876
133460,5;0,1712694
133477,1;0,1712322
133493,7;0,1711924
133510,5;0,1711739
133526,8;0,1711298
133543,4;0,171112
133559,9;0,171112
133576,5;0,1710642
133593,2;0,1710349
133609,7;0,1710273
133626,7;0,1709423
133643,7;0,1708834
133659,8;0,1708692
133676,1;0,1708468
133692,6;0,1708174
133709;0,1707703
133725,6;0,1707443
133742,2;0,1706971
133759,8;0,1706859
133775,6;0,1706457
133792,7;0,1706457
133808,4;0,1705795
133825,8;0,170565
133842,3;0,1705538
133858,3;0,170539
133874,7;0,1705061
133891,3;0,1704174
133907,8;0,1703702
133924,4;0,1703409
133941;0,1703007
133957,5;0,1702971
133974,1;0,1702539
133990,7;0,1702103
134007,4;0,1701662
134023,8;0,1701411
134040,5;0,1701009
134057;0,1700749
134073,8;0,1700498
134090,1;0,1700426
134106,7;0,1699622
134123,4;0,1699437
134139,8;0,1699005
134156,3;0,169882
134172,9;0,1698642
134189,5;0,1697907
134206,3;0,1697686
134222,6;0,1697248
134239,2;0,1697
134255,7;0,169668
134272,3;0,1696317
134288,9;0,1696317
134305,5;0,1696209
134322;0,1695701
134338,6;0,1695701
134355,1;0,1694933
134371,8;0,1694574
134388,3;0,1694396
134404,8;0,1693963
134421,4;0,1693963
134438,4;0,1693341
134454,5;0,1693268
134471,1;0,1693268
134487,7;0,1692974
134504,2;0,1692718
134520,8;0,1692536
134537,4;0,1691913
134553,9;0,1691735
134570,5;0,1691445
134587,1;0,1691228
134603,7;0,1691156
134620,4;0,1691156
134636,8;0,1690512
134653,5;0,1690331
134669,9;0,1690044
134686,8;0,1689896
134705,3;0,1689681
134719,6;0,1689609
134736,2;0,1689252
134752,8;0,1689143
134769,3;0,168889
134785,9;0,1688817
134802,6;0,1688745
134819,6;0,1688352
134835,8;0,1688243
134852,1;0,1688101
134869,2;0,1688029
134885,3;0,1687923
134901,9;0,1687851
134918,4;0,1687706
134935;0,1687633
134951,5;0,1687564
134968,1;0,1687386
134984,9;0,1687316
135001,3;0,1687316
135017,8;0,1687135
135034,4;0,1687135
135051;0,1687026
135067,7;0,1686957
135084,1;0,1686884
135100,6;0,1686775
135117,2;0,1686775
135134,1;0,1686775
135150,3;0,1686812
135167,4;0,1686706
135183,5;0,1686561
135200,1;0,1686522
135217;0,1686525
135233,2;0,1686488
135249,7;0,1686455
135266,6;0,1686383
135282,9;0,168631
135299,7;0,1686274
135316;0,1686274
135332,7;0,1686383
135349,8;0,168631
135365,8;0,168631
135382,3;0,1686346
135398,8;0,1686274
135415,4;0,1686274
135432,2;0,168631
135448,5;0,1686238
135465,1;0,168631
135481,7;0,168631
135498,3;0,168631
135515,3;0,168631
135531,4;0,1686416
135548,9;0,1686416
135564,7;0,1686452
135581,1;0,1686452
135597,8;0,1686452
135614,2;0,1686416
135630,8;0,1686416
135652,3;0,1686455
135663,9;0,1686561
135680,5;0,1686597
135697;0,1686594
135713,6;0,1686631
135730,2;0,1686631
135746,8;0,1686667
135763,6;0,1686667
135780,1;0,1686733
135796,5;0,168677
135813;0,1686806
135829,6;0,1686915
135846,8;0,1687204
135862,7;0,1687274
135879,4;0,168731
135895,9;0,1687522
135912,8;0,1687558
135929;0,1687558
135945,7;0,1687558
135962,1;0,16877
135978,7;0,1687773
135995,2;0,1687842
136011,8;0,1687878
136028,4;0,1688023
136044,9;0,1688059
136061,5;0,1688165
136078,1;0,1688344
136094,7;0,1688344
136111,2;0,1688486
136127,8;0,1688594
136144,3;0,1688697
136160,9;0,1688839
136177,5;0,1688909
136194;0,1689017
136210,6;0,1689017
136227,2;0,1689159
136243,8;0,1689262
136260,3;0,1689474
136276,9;0,1689546
136293,4;0,1689616
136310,5;0,1689652
136326,9;0,1689761
136343,5;0,1689903
136359,7;0,1689903
136376,3;0,1690048
136392,8;0,1690048
136409,4;0,1690187
136426;0,1690187
136442,8;0,1690471
136459,1;0,1690755
136475,7;0,1690936
136492,3;0,1690936
136509,5;0,1690972
136525,4;0,1691078
136542;0,1691078
136558,8;0,169122
136575,1;0,1691293
136591,6;0,1691438
136608,2;0,1691546
136625;0,1691722
136641,4;0,1691722
136657,9;0,1692078
136674,6;0,1692151
136691;0,1692296
136707,6;0,1692438
136724,4;0,1692546
136740,7;0,1692758
136757,3;0,1692758
136774,2;0,1692867
136790,5;0,1693048
136807;0,1693154
136823,6;0,1693154
136840,7;0,1693401
136856,7;0,1693401
136873,3;0,1693655
136889,8;0,169387
136906,4;0,1693906
136923,1;0,1694051
136939,5;0,1694157
136956,1;0,1694335
136972,7;0,1694404
136989,3;0,1694477
137005,8;0,1694513
137022,4;0,1694513
137038,9;0,1694586
137055,5;0,1694586
137072,1;0,1694586
137088,9;0,1694803
137105,2;0,1695199
137121,8;0,1695199
137138,4;0,1695341
137154,9;0,1695449
137171,5;0,1695449
137188,5;0,1695631
137204,7;0,1695739
137221,2;0,1695848
137237,8;0,1696026
137254,4;0,1696062
137270,9;0,1696135
137287,8;0,1696316
137304,3;0,1696316
137320,6;0,1696316
137337,3;0,1696316
137353,7;0,1696461
137370,4;0,1696533
137386,8;0,1696606
137403,4;0,1696642
137420,1;0,1696678
137436,5;0,1696787
137453,1;0,1696751
137469,7;0,1696787
137486,2;0,1696754
137503,1;0,1696754
137519,4;0,1696829
137536;0,169672
137552,5;0,1696581
137569,1;0,1696445
137585,6;0,1696445
137602,3;0,1695891
137618,9;0,1695752
137635,6;0,1695196
137652,1;0,1694712
137668,5;0,169447
137685;0,1694158
137702,4;0,1694158
137718,2;0,1693919
137734,7;0,1692511
137751,3;0,1691651
137767,9;0,169107
137784,4;0,1690483
137801;0,1690069
137817,7;0,168986
137834,2;0,1689445
137851,2;0,1689128
137867,9;0,1689164
137883,8;0,1689201
137900,4;0,1689201
137917;0,1689237
137933,5;0,1689379
137950,1;0,1689379
137967,6;0,1689487
137983,3;0,1689451
137999,8;0,1689666
138016,4;0,1689808
138032,9;0,168988
138049,5;0,1689953
138066,1;0,1690061
138082,6;0,1690025
138099,3;0,169017
138115,9;0,1690134
138132,3;0,1690134
138148,9;0,1690351
138165,5;0,1690351
138182;0,1690315
138198,6;0,1690351
138215,2;0,1690424
138231,8;0,169046
138248,3;0,169046
138265,1;0,169046
138281,5;0,1690605
138298,1;0,1690605
138314,6;0,1690569
138331,8;0,1690605
138347,7;0,1690605
138364,3;0,1690641
138380,9;0,1690571
138397,4;0,1690396
138414;0,1690254
138430,6;0,1690082
138447,2;0,1690082
138463,7;0,1690009
138480,3;0,1689658
138496,9;0,1689622
138513,7;0,1689341
138530;0,1689271
138546,5;0,1688957
138563,1;0,1688573
138579,7;0,1688401
138596,2;0,1687772
138612,8;0,1687772
138629,3;0,1686661
138645,9;0,1686244
138662,9;0,1685484
138679;0,1684691
138695,9;0,1684279
138712,2;0,1683728
138728,8;0,1683016
138745,3;0,1683016
138761,9;0,1681402
138778,6;0,168116
138795;0,1679938
138811,6;0,1679457
138828,3;0,1678304
138844,7;0,1677636
138861,4;0,1676389
138878;0,1675522
138894,4;0,1674322
138911;0,1673556
138927,5;0,1671942
138944,2;0,1671942
138960,7;0,1671346
138977,3;0,1671346
138994,2;0,1671153
139010,4;0,166794
139027;0,1665106
139043,5;0,166365
139060,1;0,1662962
139076,8;0,166117
139093,3;0,166117
139109,8;0,1658174
139126,3;0,1657562
139143,8;0,1655769
139159,9;0,1653743
139176,2;0,165232
139193;0,1650749
139209,6;0,1649699
139226;0,1649699
139242,3;0,1645991
139258,9;0,1645383
139275,7;0,1644158
139292;0,1640762
139308,6;0,1638645
139325,2;0,1637429
139341,8;0,1637429
139358,6;0,1634371
139374,9;0,163148
139391,9;0,1630092
139408;0,162907
139424,7;0,1627461
139441,3;0,1624057
139459,9;0,1622452
139474,8;0,1620091
139491,3;0,1619234
139507,4;0,1617929
139523,9;0,1614266
139540,7;0,1613152
139557,3;0,1610733
139574;0,1608447
139590,2;0,1608447
139606,8;0,1607402
139623,3;0,1607402
139639,9;0,1605169
139656,5;0,1601586
139673;0,1599472
139690;0,1598528
139707,1;0,1598195
139722,8;0,1594854
139739,3;0,1593915
139755,9;0,1591958
139773,3;0,1591073
139789;0,1589298
139805,6;0,1588142
139822,1;0,1586273
139838,7;0,1584218
139855,3;0,1582663
139871,8;0,1581377
139888,4;0,1578745
139905;0,1578745
139921,5;0,1574836
139938,6;0,1572188
139955;0,1570562
139971,2;0,1569518
139987,8;0,1568149
140004,6;0,1564169
140021,1;0,1562919
140037,7;0,1560195
140054,3;0,1560195
140070,6;0,1556204
140087,5;0,1554831
140104,2;0,1554649
140120,3;0,1549157
140137,2;0,1546939
140153,5;0,1544897
140170;0,1543452
140186,6;0,1543204
140203,2;0,1537767
140219,7;0,1537767
140236,6;0,1536222
140253;0,1536222
140269,6;0,1534907
140286;0,1531738
140302,7;0,1526355
140319,1;0,1522023
140335,7;0,1520602
140352,3;0,1518952
140368,8;0,1516531
140385,4;0,1516531
140406,2;0,151394
140418,6;0,1509769
140435,1;0,1508038
140452,1;0,1507179
140468,3;0,1505821
140485,3;0,1502008
140501,4;0,1500666
140517,9;0,1498208
140534,5;0,1498208
140551,1;0,1493283
140567,9;0,1493283
140584,3;0,1490902
140600,8;0,1489463
140617,3;0,1487227
140634,7;0,148586
140650,5;0,1484893
140667;0,1484714
140683,6;0,1481073
140700,6;0,1479146
140717,5;0,1478193
140733,6;0,1477315
140749,9;0,1475479
140766,5;0,1474222
140783;0,1472622
140799,9;0,1470899
140816,2;0,1469995
140832,7;0,1468908
140849,5;0,146762
140866;0,146762
140882,9;0,1466873
140899,3;0,1466873
140915,5;0,1466873
140932,1;0,1464407
140948,7;0,1461259
140965,4;0,1460246
140982,2;0,1460246
140998,4;0,1458914
141015;0,145721
141032;0,1456459
141048,1;0,1455321
141064,9;0,1455321
141081,2;0,1453934
141097,8;0,1452939
141114,3;0,1452939
141130,9;0,1451408
141147,5;0,1450446
141164,1;0,1449633
141180,6;0,144915
141197,2;0,1448342
141214;0,1447941
141230,8;0,1447248
141246,9;0,1446746
141263,4;0,1446245
141280;0,1445687
141296,6;0,1445416
141313,1;0,1444994
141329,8;0,1444602
141346,4;0,1444048
141363;0,1443815
141379,6;0,1443579
141396,4;0,1443427
141412,8;0,1442879
141429,3;0,1442491
141446,2;0,1442312
141462,4;0,1442077
141479,6;0,1441716
141495,5;0,1441461
141512,1;0,1441461
141528,7;0,1441307
141545,2;0,1441307
141561,8;0,1440997
141578,4;0,1440099
141594,9;0,1439917
141611,5;0,1439766
141628,1;0,1439459
141644,9;0,1439177
141661,2;0,1439026
141678,1;0,1438693
141694,5;0,1438617
141710,9;0,1438335
142044,2;0,1427636
142060,9;0,1427509
142077,4;0,1427407
142094,2;0,1427255
142110,6;0,1426952
142127,4;0,1426545
142144,6;0,1426193
142160,2;0,1426193
142176,8;0,1425991
142193,4;0,1425635
142209,9;0,14252
142226,5;0,1425075
142243,1;0,1424641
142259,6;0,1424236
142276,2;0,1424059
142292,8;0,1424059
142309,6;0,1423421
142325,9;0,1423421
142342,4;0,142294
142359;0,1422611
142375,8;0,1422458
142392,4;0,1422179
142408,7;0,1422179
142426;0,142195
142441,8;0,142195
142458,5;0,1421771
142475;0,1421491
142491,7;0,1420983
142508,1;0,1420321
142524,7;0,1419884
142541,2;0,1419557
142557,8;0,1419303
142574,4;0,1419023
142590,9;0,1418896
142607,7;0,1418565
142624,2;0,1418565
142640,7;0,1417954
142657,2;0,1417675
142673,8;0,1417675
142690,3;0,1417093
142707;0,1416941
142724,3;0,1416689
142740;0,1416538
142756,6;0,141626
142773,4;0,1415983
142789,8;0,1415809
142806,3;0,1415504
142822,9;0,1415353
142839,4;0,1415126
142856;0,1414874
142872,7;0,1414669
142889,1;0,1414567
142905,8;0,1414567
142926,9;0,1414418
142938,9;0,1414039
142955,6;0,1413836
142972;0,1413405
142988,6;0,1413102
143005,2;0,1413051
143021,7;0,1412822
143038,2;0,1412669
143054,8;0,1412669
143071,4;0,1412494
143087,9;0,1412316
143104,6;0,1412316
143121,1;0,1412214
143137,6;0,1411836
143154,2;0,1411277
143170,8;0,1410974
143187,3;0,141077
143204,4;0,1410645
143220,8;0,1410419
143237,4;0,1410342
143253,6;0,1410317
143270,2;0,140981
143286,8;0,1409505
143303,4;0,1409352
143320,2;0,1409352
143336,4;0,1408994
143353,6;0,1408722
143369,9;0,1408746
143386,2;0,1408466
143403;0,1408288
143419,5;0,1408211
143435,8;0,1408107
143452,8;0,1407904
143469;0,1407851
143486,3;0,1407751
143502,6;0,14077
143518,7;0,14077
143535,2;0,140762
143552,6;0,1407465
143568,5;0,140749
143584,9;0,1407312
143601,5;0,1407263
143618,1;0,1407136
143634,8;0,1407111
143651,4;0,1407111
143667,8;0,1407032
143684,5;0,140703
143700,9;0,140703
143718;0,1407028
143734,2;0,1407028
143750,6;0,1407004
143767,5;0,1406879
143783,7;0,1406727
143800,3;0,1406625
143816,9;0,1406546
143839,8;0,1406569
143850;0,1406493
143866,6;0,1406417
143883,1;0,1406146
143899,7;0,140607
143916,6;0,1406019
143932,8;0,1405839
143949,4;0,1405792
143966;0,1405718
143982,5;0,140564
143999,1;0,1405589
144015,7;0,1405438
144032,2;0,1405438
144048,8;0,1405311
144065,4;0,140508
144081,9;0,1405031
144098,8;0,1405082
144115,4;0,1405006
144131,7;0,1405029
144148,2;0,1405154
144164,8;0,1405129
144181,8;0,1405105
144197,9;0,1405207
144214,5;0,1405334
144231,4;0,1405334
144247,6;0,1405334
144264,6;0,1405383
144280,7;0,1405457
144297,3;0,140551
144313,9;0,1405584
144330,4;0,1405534
144347;0,1405659
144363,6;0,1405659
144380,1;0,1405659
144396,7;0,1405661
144413,3;0,1405686
144429,8;0,1405686
144446,4;0,1405684
144463;0,1405659
144479,5;0,1405608
144496,1;0,140561
144512,7;0,1405562
144529,3;0,1405513
144545,9;0,1405462
144562,9;0,1405462
144578,9;0,1405311
144595,5;0,1405237
144612,2;0,1405159
144628,8;0,1405135
144645,2;0,1405108
144661,8;0,1405057
144678,3;0,1404981
144694,9;0,1404981
144711,9;0,1404805
144728,1;0,1404804
144744,6;0,1404728
144761,2;0,1404728
144778,4;0,1404701
144794,3;0,1404382
144810,9;0,1404307
144827,4;0,1404234
144844;0,1404234
144860,6;0,140404
144877,1;0,1404065
144893,9;0,1403765
144910,3;0,1403621
144926,8;0,1403471
144943,9;0,1403397
144960,2;0,1403371
144976,5;0,1403371
144993,5;0,1403274
145009,7;0,1403175
145026,2;0,1403175
145042,9;0,140305
145059,4;0,1402853
145075,9;0,1402611
145092,5;0,1402363
145109,4;0,1402317
145125,6;0,1402269
145142,2;0,1402144
145158,8;0,1402169
145175,7;0,1401993
145192;0,1401846
145208,5;0,1401698
145225,3;0,1401697
145241,6;0,1401697
145258,2;0,1401646
145274,7;0,1401521
145291,3;0,1401427
145307,9;0,1401429
145325;0,1401429
145341,1;0,1401355
145357,6;0,1401353
145374,2;0,1401136
145390,9;0,140111
145407,3;0,1401088
145424,3;0,1401014
145441,3;0,1400965
145457,5;0,1400965
145473,5;0,1400842
145490,1;0,1400842
145506,7;0,1400766
145523,2;0,1400597
145539,8;0,1400546
145556,4;0,1400497
145572,9;0,1400546
145589,6;0,1400396
145606,1;0,1400347
145623,2;0,1400347
145639,2;0,1400296
145655,9;0,1400273
145672,3;0,1400248
145688,9;0,1399975
145713,2;0,1399852
145729,7;0,1399602
145746,3;0,1399602
145762,9;0,1399503
145779,4;0,1399355
145796;0,1399332
145812,6;0,1399332
145829,1;0,1399332
145845,7;0,1399212
145862,3;0,1399138
145878,8;0,1399091
145895,4;0,1399115
145912,2;0,139902
145928,6;0,1398925
145945,1;0,1398828
145961,7;0,1398729
145978,2;0,1398729
145994,8;0,1398705
146011,4;0,1398514
146028,1;0,1398516
146044,5;0,1398494
146061;0,1398494
146077,6;0,1398253
146094,2;0,1398253
146111,2;0,1398029
146127,3;0,1397883
146143,9;0,1397686
146160,8;0,1397538
146177;0,1397411
146193,6;0,139714
146210,1;0,1396838
146227,1;0,1396766
146243,3;0,139652
146260,2;0,139652
146276,4;0,139637
146293,2;0,1396345
146309,9;0,1396345
146326,1;0,1395972
146342,8;0,1395255
146359,3;0,1394913
146375,8;0,1394913
146392,6;0,1394666
146409;0,1394396
146425,6;0,1394224
146442,5;0,1394002
146458,7;0,1394002
146475,2;0,1393907
146491,8;0,1393635
146508,7;0,1393514
146525;0,1393371
146541,6;0,1393371
146558;0,1393034
146574,6;0,1393058
146593,9;0,1392892
146610,9;0,1392698
146627;0,139258
146643,6;0,139246
146660,1;0,139246
146676,7;0,1392292
146693,4;0,1392245
146710,1;0,1392079
146726,4;0,1391885
146743;0,1391885
146759,7;0,1391647
146776,3;0,1391621
146792,7;0,1391573
146809,2;0,1391549
146825,8;0,1391476
146842,5;0,1391282
146859,5;0,1391281
146875,5;0,1391186
146892,2;0,1391186
146908,6;0,1391113
146925,2;0,1390992
146941,8;0,1391039
146958,4;0,1390969
146974,9;0,1390731
146991,9;0,1390443
147008,2;0,1390346
147025,1;0,139025
147041,4;0,139025
147057,7;0,1390158
147074,3;0,1389966
147090,9;0,1389966
147107,4;0,1389626
147124;0,1389509
147140,7;0,1389315
147157,6;0,1389315
147173,7;0,1389194
147190,3;0,1389023
147206,8;0,1389025
147223,4;0,138888
147240,4;0,1388856
147256,7;0,1388736
147273,1;0,1388691
147289,7;0,1388621
147306,3;0,1388521
147323;0,138845
147339,4;0,1388332
147355,9;0,1388282
147372,6;0,138821
147389,1;0,138821
147406,2;0,1388159
147422,4;0,1388041
147438,8;0,1387851
147455,4;0,1387851
147472;0,1387706
147488,5;0,1387565
147508,3;0,1387493
147521,6;0,1387351
147538,2;0,1387278
147554,8;0,1387207
147571,5;0,1387207
147588,3;0,1387207
147604,7;0,1386992
147621,6;0,1386655
147637,7;0,1386443
147654,1;0,1386443
147670,7;0,1386324
147687,3;0,1386133
147703,8;0,138599
147720,4;0,1385869
147737,3;0,1385823
147753,7;0,1385704
147770,1;0,1385514
147786,8;0,1385371
147803,4;0,1385276
147819,8;0,1385227
147836,8;0,1385105
147852,9;0,1384938
147869,5;0,1384816
147886,1;0,1384744
147902,6;0,1384649
147919,2;0,1384624
147935,8;0,1384603
147952,3;0,1384409
147968,9;0,1384312
147985,5;0,1384194
148002,8;0,1384072
148018,6;0,1384049
148035,2;0,1383906
148051,8;0,1383931
148068,5;0,1383668
148085;0,1383596
148101,5;0,1383525
148118;0,1383525
148134,6;0,1383406
148151,1;0,1383238
148168,3;0,1383164
148184,3;0,1383095
148200,8;0,1383071
148217,7;0,1383071
148234;0,1383046
148250,5;0,1382833
148267,1;0,1382621
148283,7;0,1382552
148300,3;0,1382478
148316,8;0,1382478
148333,4;0,1382478
148350;0,1382218
148366,5;0,1382218
148383,1;0,1382076
148399,6;0,1381952
148416,6;0,1381785
148432,8;0,1381713
148449,3;0,1381573
148465,9;0,1381524
148482,5;0,1381098
148499;0,1380887
148515,6;0,1380675
148532,2;0,1380509
148549,2;0,1380271
148565,3;0,1379992
148581,9;0,1379804
148598,4;0,1379456
148615;0,1379127
148631,6;0,1378983
148648,5;0,1378796
148665,2;0,1378796
148681,3;0,1378117
148697,8;0,1377926
148714,6;0,1377641
148731;0,1377385
148747,6;0,1377171
148764,1;0,1377077
148780,7;0,1376723
148798;0,1376486
148814;0,1376296
148830,5;0,1376296
148846,9;0,1376132
148863,6;0,1376132
148880,3;0,137599
148896,6;0,1375445
148914;0,137514
148929,8;0,1375048
148946,3;0,1374905
148963,1;0,1374718
148979,5;0,1374598
148996,1;0,1374502
149012,6;0,1374411
149029,2;0,1374386
149045,7;0,1374333
149062,3;0,137431
149078,9;0,1374335
149095,6;0,1374337
149112,2;0,1374406
149128,6;0,1374381
149145,1;0,1374381
149161,7;0,1374407
149178,3;0,1374407
149194,8;0,137436
149211,8;0,137436
149228,4;0,1374215
149244,6;0,1374074
149261,3;0,1374074
149277,9;0,1373854
149294,2;0,137369
149310,8;0,1373571
149327,6;0,1373429
149343,9;0,1373429
149365,2;0,1373284
149377,1;0,1373046
149393,7;0,1372811
149410,2;0,1372693
149426,8;0,137255
149443,5;0,1372363
149460,1;0,1372363
149476,5;0,1372266
149493;0,1372266
149509,8;0,1372218
149526,3;0,1371839
149542,7;0,1371486
149559,5;0,1371296
149575,9;0,1371128
149592,7;0,1370913
149609;0,1370913
149625,6;0,13707
149642,1;0,1370532
149658,7;0,1370271
149675,3;0,137013
149692,1;0,137013
149708,4;0,136968
149725;0,1369563
149741,5;0,1369372
149758,5;0,1369251
149774,7;0,1369251
149791,3;0,1368753
149808,1;0,1368638
149824,4;0,1368453
149841,5;0,1368407
149857,5;0,1368146
149874,4;0,1367982
149890,8;0,1367888
149907,5;0,1367721
149923,8;0,1367369
149940,4;0,1367114
149956,9;0,1366971
149973,5;0,1366692
149990;0,1366459
150006,6;0,1366276
150023,2;0,1366067
150039,8;0,1365743
150056,4;0,1365505
150072,9;0,1365297
150089,5;0,1365228
150106;0,1365066
150122,7;0,1365066
150139,2;0,1364856
150155,9;0,1364649
150173,1;0,1363836
150189;0,1363469
150205,7;0,1363145
150222;0,1362777
150238,6;0,1362521
150255,1;0,1362521
150275,1;0,1361991
150288,3;0,1361759
150304,8;0,136132
150322,1;0,1361069
150338;0,1360814
150354,5;0,1360581
150371,9;0,1360559
150387,7;0,1360347
150404,4;0,1360004
150421,3;0,1360004
150437,6;0,1359889
150453,9;0,1359516
150470,5;0,1359514
150487;0,1359469
150503,6;0,1359446
150520,3;0,1359195
150536,8;0,1359198
150553,5;0,1359061
150569,9;0,1359061
150586,4;0,1359084
150603;0,1359016
150619,6;0,1358992
150636,2;0,1358879
150652,7;0,1358858
150669,3;0,1358812
150685,9;0,1358812
150702,4;0,1358721
150719;0,1358611
150735,5;0,1358543
150752,7;0,1358543
150768,7;0,1358454
150785,3;0,1358431
150801,8;0,1358184
150818,7;0,1357962
150835,5;0,1357801
150851,5;0,1357709
150868,1;0,1357552
150884,6;0,1357552
150901,2;0,1357192
150917,8;0,1357011
150934,6;0,1356741
150951;0,1356563
150967,5;0,1356268
150984,2;0,135609
151000,8;0,135609
151017,5;0,1355613
151033,7;0,1355016
151050,6;0,1354608
151067,2;0,1354383
151083,5;0,1354037
151100,2;0,1353462
151116,7;0,1353232
151133,1;0,1352997
151149,9;0,1352536
151166,6;0,1352286
151182,9;0,1351898
151200,2;0,1351438
151216;0,1351252
151232,5;0,1351252
151249,1;0,1350708
151265,8;0,1350273
151282,2;0,1350068
151298,8;0,1350068
151315,4;0,1349549
151332,2;0,1349001
151348,6;0,134871
151365,1;0,1348352
151381,7;0,1348352
151399;0,1348124
151414,8;0,1348124
151431,3;0,1348124
151447,9;0,1347179
151464,5;0,1346497
151481;0,134618
151497,7;0,134597
151514,2;0,1345994
151530,8;0,1345994
151547,3;0,1345854
151563,9;0,1345854
151580,5;0,1345788
151597;0,1345719
151613,8;0,1345696
151630,1;0,1345696
151646,7;0,1345698
151663,3;0,1345649
151679,8;0,1345649
151696,4;0,1345674
151713;0,1345672
151729,5;0,1345716
151746,7;0,1345672
151763,4;0,1345672
151779,2;0,1345767
151795,8;0,1345861
151812,4;0,1345858
151829,2;0,1345809
151845,5;0,1345831
151862,1;0,1345741
151878,6;0,1345785
151895,5;0,1345785
151912,7;0,1345741
151928,3;0,1345741
151944,9;0,1345719
151961,5;0,1345609
151978,1;0,1345563
151994,6;0,1345492
152011,3;0,1345492
152028;0,1345402
152044,4;0,1345402
152060,9;0,1345379
152077,5;0,1345379
152094,2;0,1345313
152110,6;0,1345312
152127,3;0,134529
152144;0,134529
152160,3;0,1345425
152176,8;0,1345423
152193,4;0,1345336
152210;0,1345291
152226,5;0,1345268
152243,4;0,1345268
152259,7;0,1345267
152276,4;0,134529
152292,8;0,134529
152309,4;0,1345312
152326,1;0,1345288
152342,5;0,1345267
152359,5;0,1345288
152375,9;0,1345244
152392,2;0,1345219
152409;0,1345175
152425,3;0,1345129
152441,9;0,1345129
152458,9;0,1345085
152475;0,1344994
152492;0,1344927
152508,2;0,134495
152525,1;0,1344882
152541,3;0,1344882
152558;0,1344882
152574,5;0,1344813
152591,6;0,1344861
152608;0,1344816
152624,1;0,1344904
152640,7;0,1344927
152657,3;0,1344904
152674,2;0,1344904
152690,7;0,1345016
152707,1;0,134506
152724,2;0,1345151
152740,1;0,1345487
152756,7;0,1345694
152773,2;0,1345763
152789,8;0,1346018
152806,4;0,13462
152823,3;0,1346358
152839,5;0,1346567
152856,5;0,1346792
152872,7;0,1346886
152889,2;0,1347205
152905,8;0,1347475
152922,3;0,134761
152938,9;0,1347793
152955,5;0,1348086
152972,1;0,1348086
152988,6;0,1348466
153005,2;0,1348871
153022;0,1349118
153038,3;0,1349095
153056,7;0,1349365
153073,3;0,1349631
153090,4;0,1349766
153106,4;0,1349921
153123;0,1350057
153139,5;0,1350214
153156,1;0,1350214
153172,8;0,1350482
153189,4;0,1350594
153205,8;0,1350704
153223,2;0,1350793
153238,9;0,135095
153255,5;0,1350973
153272,1;0,1351175
153288,7;0,135131
153305,2;0,1351376
153321,8;0,1351487
153338,3;0,1351487
153355;0,1351576
153371,5;0,1351909
153388;0,1352084
153405,1;0,1352285
153421,9;0,135224
153437,8;0,1352397
153454,3;0,1352395
153470,9;0,1352374
153487,6;0,1352173
153504;0,1352173
153520,6;0,1351996
153537,7;0,1351415
153553,7;0,1351235
153570,3;0,1351014
153586,8;0,135097
153603,4;0,1350212
153620;0,1349789
153636,5;0,1349324
153653,1;0,1349035
153669,9;0,1348942
153686,3;0,1348032
153702,8;0,1347546
153719,4;0,1346813
153735,9;0,1346813
153752,5;0,1346124
153769,1;0,1345528
153785,6;0,1344839
153802,2;0,1344173
153818,8;0,1343822
153835,4;0,134342
153851,9;0,1342847
153868,5;0,1342272
153885;0,1341923
153901,6;0,1341309
153918,2;0,1340804
153934,7;0,1340362
153951,3;0,1340362
153967,9;0,1340123
153984,4;0,1340123
154002,6;0,1339318
154019,2;0,1338546
154035,8;0,1338279
154052,3;0,1338104
154068,9;0,133786
154085,4;0,1337286
154102;0,1336866
154118,6;0,1336666
154135,1;0,133649
154151,8;0,1336269
154168,3;0,1335578
154185,5;0,1335423
154201,4;0,1335091
154218;0,1335091
154234,5;0,1334604
154251,1;0,1334404
154267,7;0,1334404
154284,2;0,1333737
154300,8;0,1333432
154318,2;0,1333033
154333,9;0,1333033
154350,5;0,1332855
154367,1;0,133215
154383,8;0,1331666
154400,8;0,1331402
154416,8;0,1331402
154433,6;0,1330287
154450,7;0,1330068
154466,5;0,1329499
154483,2;0,1329175
154499,6;0,1328651
154516,2;0,1328126
154532,7;0,1327905
154549,3;0,1327557
154566,5;0,1327557
154582,4;0,132699
154599;0,132699
154615,7;0,1326659
154632,1;0,1326291
154648,7;0,1325156
154665,3;0,1323731
154681,8;0,1323752
154698,4;0,1322879
154715;0,1322288
154731,7;0,1321562
154749;0,132108
154764,9;0,132108
154781,3;0,1320012
154797,8;0,1319007
154814,9;0,1318627
154831;0,1318149
154847,5;0,1318128
154864,1;0,1316627
154880,7;0,1315873
154901,8;0,1315671
154914,3;0,1314766
154930,4;0,1314479
154946,9;0,131377
154963,5;0,1313354
154980;0,1312672
154996,8;0,1311942
155013,8;0,1311654
155029,7;0,1311654
155046,3;0,1310619
155063,4;0,1309962
155079,4;0,1309592
155096;0,1309236
155112,7;0,130864
155129,2;0,1308049
155145,8;0,1307785
155162,3;0,1307235
155178,8;0,130675
155195,7;0,1306618
155212,2;0,1306002
155229,4;0,1306002
155245,1;0,1305717
155261,7;0,1305717
155278,2;0,1304736
155294,8;0,1303661
155311,4;0,1303315
155328;0,130325
155344,7;0,130227
155361,5;0,1301705
155377,6;0,1301423
155394,5;0,1300927
155410,8;0,1300625
155427,3;0,1300212
155443,9;0,1299933
155460,5;0,1299524
155477;0,1299262
155493,6;0,1298876
155510,2;0,1298876
155527,5;0,1298255
155543,3;0,1298102
155559,9;0,129804
155576,7;0,1297354
155593;0,1297246
155609,6;0,1297101
155626,1;0,1297101
155642,8;0,1296656
155659,7;0,1296467
155676,4;0,1296382
155692,4;0,129632
155709;0,129632
155725,5;0,129605
155742,1;0,1295967
155758,8;0,1295862
155775,2;0,1295862
155791,8;0,1295777
155808,8;0,1295606
155824,9;0,1295565
155841,5;0,12955
155858,1;0,12955
155875,2;0,1295437
155891,2;0,1295395
155907,8;0,1295395
155924,8;0,1295312
155940,9;0,1295144
155957,5;0,1294895
155974,1;0,1294917
155990,6;0,1294747
156007,2;0,1294625
156023,8;0,1294394
156040,4;0,1294312
156057;0,1294269
156074,1;0,1294144
156090,1;0,1293765
156107;0,129366
156123,1;0,1293471
156140,1;0,1293471
156156,3;0,1293089
156173;0,1292964
156189,4;0,1292942
156206;0,1292566
156222,6;0,1292247
156239,7;0,1292121
156255,7;0,1292121
156272,3;0,1291952
156289;0,1291554
156305,4;0,1291386
156321,9;0,1291344
156338,5;0,1291302
156355,1;0,1290945
156371,9;0,1290841
156388,3;0,1290695
156404,8;0,1290573
156421,3;0,1290507
156437,9;0,1290403
156454,5;0,129036
156471,8;0,1290298
156487,6;0,1290298
156504,2;0,1290192
156521,1;0,1290171
156537,3;0,1290151
156553,9;0,1290109
156570,4;0,1289921
156587,2;0,1289817
156603,6;0,1289797
156620,1;0,1289758
156636,7;0,1289716
156653,3;0,1289653
156669,9;0,128959
156686,4;0,128959
156703;0,1289547
156719,5;0,1289569
156736,1;0,1289487
156752,7;0,128953
156769,3;0,1289466
156786,8;0,1289468
156803,4;0,1289429
156820,2;0,1289469
156837,2;0,1289469
156853,1;0,1289469
156869,7;0,128945
156886,2;0,1289367
156902,8;0,1289345
156919,3;0,128918
156935,9;0,1289077
156952,5;0,1289012
156969;0,128897
156985,6;0,1288909
157002,2;0,1288825
157018,7;0,1288825
157035,5;0,1288785
157051,9;0,1288597
157068,4;0,1288554
157085;0,1288492
157102;0,1288366
157118,2;0,1288323
157134,7;0,1288281
157151,3;0,1288239
157167,8;0,1288239
157184,4;0,1288239
157201,6;0,1288116
157217,5;0,1287907
157234,1;0,1287804
157250,8;0,1287762
157267,2;0,1287702
157283,8;0,1287616
157300,4;0,1287575
157316,9;0,1287534
157333,8;0,1287552
157350,1;0,1287552
157367;0,1287511
157383,2;0,1287511
157400,7;0,1287487
157416,3;0,1287487
157433,4;0,1287487
157449,5;0,1287466
157466,5;0,1287445
157482,7;0,128738
157499,2;0,1287423
157515,8;0,1287466
157532,4;0,1287446
157549,6;0,1287446
157565,4;0,1287446
157582;0,1287466
157598,6;0,1287488
157615,4;0,1287405
157631,7;0,1287407
157648,3;0,1287489
157665,3;0,128747
157681,4;0,128747
157698;0,128747
157714,5;0,1287513
157731,9;0,1287513
157747,7;0,1287492
157764,3;0,1287515
157781,3;0,1287556
157797,4;0,1287556
157813,9;0,1287536
157831,2;0,1287536
157847,2;0,1287558
157863,6;0,1287538
157880,3;0,1287579
157896,8;0,1287644
157913,3;0,1287685
157930;0,128775
157946,5;0,1287749
157963;0,1287769
157979,6;0,1287769
157996,7;0,1287767
158012,7;0,1287809
158029,7;0,1287868
158045,9;0,1287848
158062,4;0,1287848
158079,4;0,1287868
158095,7;0,128789
158112,1;0,1287809
158128,8;0,1287829
158145,4;0,1287829
158161,8;0,1287849
158178,4;0,1287849
158195,4;0,1287849
158212,2;0,1287891
158228,6;0,1287892
158244,7;0,1287871
158261,2;0,1287871
158277,8;0,1287954
158294,5;0,1287954
158310,9;0,1288016
158327,5;0,1287954
158344,1;0,1287954
158360,6;0,1287976
158377,6;0,1287976
158394;0,1287996
158410,3;0,1288058
158427,4;0,1288081
158443,6;0,128804
158460,1;0,128804
158476,8;0,1288082
158493,2;0,1288145
158509,8;0,1288253
158526,3;0,1288294
158542,9;0,1288293
158559,4;0,1288293
158576,6;0,1288292
158592,6;0,1288312
158609,8;0,1288312
158626,4;0,1288313
158642,3;0,1288313
158658,8;0,1288314
158676,4;0,1288417
158698,1;0,1288376
158708,5;0,1288419
158725,1;0,1288376
158742,1;0,1288375
158758,3;0,1288415
158774,8;0,1288477
158791,4;0,1288496
158808,1;0,1288513
158824,6;0,1288493
158841,3;0,1288472
158857,6;0,1288472
158874,2;0,1288452
158891,4;0,1288575
158907,3;0,1288575
158924;0,1288512
158941,1;0,1288594
158957,1;0,1288657
158973,7;0,1288679
158990,2;0,1288679
159006,8;0,1288616
159023,3;0,1288616
159039,9;0,1288551
159056,4;0,1288551
159073,4;0,1288551
159089,6;0,1288551
159106,1;0,1288571
159123,2;0,1288551
159139,3;0,1288551
159155,9;0,1288551
159173;0,1288532
159189;0,1288529
159205,5;0,1288508
159222,1;0,1288466
159238,7;0,1288466
159255,2;0,1288527
159272,3;0,1288507
159288,5;0,1288444
159304,9;0,1288421
159321,7;0,128836
159338,1;0,128836
159354,6;0,128834
159371,2;0,1288341
159387,8;0,12883
159404,3;0,1288238
159421,4;0,1288238
159438;0,1288196
159454;0,1288216
159470,6;0,1288152
159487,2;0,1288109
159503,7;0,1288109
159520,3;0,1288066
159536,9;0,1288066
159553,4;0,1288046
159570;0,1288066
159586,6;0,1287941
159603,1;0,128794
159620;0,1287899
159636,3;0,1287896
159652,8;0,1287771
159669,7;0,1287792
159686;0,1287708
159702,5;0,1287667
159719,5;0,1287667
159736;0,1287665
159752,3;0,1287645
159768,8;0,1287435
159785,4;0,1287268
159801,9;0,1287246
159818,5;0,1287246
159835,1;0,1287103
159851,6;0,1286999
159868,2;0,1286957
159884,8;0,1286812
159901,3;0,1286812
159917,9;0,128677
159934,5;0,1286539
159951;0,12865
159967,6;0,1286438
159984,2;0,1286395
160000,7;0,128629
160017,7;0,1286188
160034,2;0,128623
160050,4;0,128621
160067;0,1286146
160083,6;0,1286125
160100,2;0,1286083
160116,7;0,1286042
160133,3;0,128594
160150;0,1285919
160166,5;0,1285816
160183,4;0,1285794
160199,5;0,1285753
160216,1;0,1285669
160232,9;0,1285625
160249,2;0,1285605
160265,8;0,1285522
160282,4;0,1285478
160299,1;0,1285478
160315,5;0,1285355
160332,1;0,1285232
160348,6;0,1285232
160365,9;0,1285191
160381,8;0,1285191
160398,3;0,1285086
160415,5;0,1284858
160431,6;0,1284773
160448,1;0,1284688
160464,6;0,1284688
160481,2;0,1284585
160497,9;0,128452
160514,3;0,1284355
160530,9;0,1284333
160547,4;0,128419
160564;0,1284108
160580,8;0,1284025
160597,3;0,1283902
160613,7;0,1283796
160630,8;0,1283858
160646,8;0,1283794
160663,5;0,1283753
160680,1;0,1283606
160696,5;0,1283482
160713,4;0,1283461
160729,7;0,1283461
160746,2;0,1283339
160762,8;0,1283234
160779,7;0,128309
160795,9;0,128303
160812,5;0,128303
160829,1;0,1282887
160845,7;0,1282802
160862,3;0,1282782
160878,8;0,1282617
160895,8;0,1282535
160911,9;0,1282495
160928,5;0,1282414
160945;0,1282392
160961,6;0,1282122
160978,2;0,1282122
160994,7;0,1282102
161011,3;0,1282102
161027,9;0,1282062
161044,4;0,128196
161061,8;0,1281876
161077,6;0,1281776
161094,1;0,1281671
161110,7;0,1281671
161128,1;0,1281651
161143,8;0,1281609
161160,4;0,1281546
161177,3;0,1281505
161193,5;0,1281464
161210,1;0,1281341
161226,8;0,1281195
161243,2;0,1281113
161259,8;0,1281091
161276,9;0,128105
161292,9;0,1280968
161309,5;0,1280906
161326,1;0,1280781
161342,8;0,1280781
161359,3;0,128078
161375,8;0,1280573
161392,8;0,1280531
161408,9;0,1280509
161425,6;0,1280489
161442;0,1280265
161458,6;0,1280243
161475,4;0,1280181
161491,9;0,1280017
161508,3;0,1279935
161525,4;0,1279874
161541,9;0,1279874
161558;0,1279649
161574,6;0,1279508
161591,3;0,1279407
161607,8;0,1279265
161624,3;0,1279223
161640,8;0,1279223
161657,5;0,1279141
161674;0,1279039
161690,5;0,1278834
161707,1;0,1278775
161723,7;0,1278754
161740,2;0,1278774
161756,8;0,1278796
161774,3;0,1278796
161790,9;0,1278817
161806,5;0,1278837
161823,1;0,1278836
161839,7;0,1278898
161856,2;0,1278982
161872,8;0,1279064
161889,3;0,1279086
161905,9;0,1279106
161922,5;0,1279187
161939;0,127929
161955,6;0,127929
161972,2;0,1279332
161988,7;0,1279376
162005,5;0,1279376
162021,9;0,1279376
162038,4;0,1279355
162055,3;0,1279356
162072;0,1279356
162088,1;0,1279296
162104,9;0,1279254
162121,8;0,1279254
162137,8;0,1279297
162154,5;0,1279317
162171;0,1279339
162187,5;0,1279236
162204,1;0,1279196
162220,8;0,1279216
162237,7;0,1279156
162253,8;0,1279032
162270,4;0,1279032
162286,9;0,1279052
162303,5;0,1279052
162320,3;0,1279032
162336,6;0,1278927
162353,2;0,1278926
162370,4;0,1278904
162386,3;0,1278904
162403,2;0,1278884
162419,5;0,1278844
162436,3;0,1278804
162452,9;0,1278762
162469,2;0,1278782
162485,9;0,1278722
162506,8;0,1278601
162518,9;0,1278601
162535,5;0,127848
162552,5;0,12784
162569,4;0,127838
162585,1;0,1278278
162601,7;0,1278197
162618,3;0,1278157
162634,9;0,1277917
162651,4;0,1277837
162668,1;0,1277716
162684,5;0,1277637
162701,3;0,1277597
162717,7;0,1277477
162734,2;0,1277235
162751,6;0,1277156
162767,4;0,1276977
162783,9;0,1276977
162800,5;0,1276877
162817,1;0,1276596
162834,3;0,1276495
162850,2;0,1276377
162866,8;0,1276296
162883,3;0,1275934
162899,9;0,1275934
162916,5;0,1275832
162933;0,1275832
162949,6;0,1275712
162966,6;0,1275316
162982,7;0,1274837
162999,9;0,127462
163015,9;0,1274439
163032,5;0,127414
163049;0,1273941
163065,6;0,1273761
163082,1;0,1273522
163098,9;0,1273285
163115,6;0,1272944
163131,8;0,1272782
163148,4;0,1272542
163165,7;0,1272385
163181,5;0,1272324
163198,1;0,1272206
163214,7;0,1271926
163231,6;0,1271807
163247,8;0,1271608
163265,3;0,1271608
163281,5;0,1271232
163297,5;0,1270974
163314,1;0,1270913
163330,8;0,1270815
163347,4;0,1270655
163363,8;0,127032
163380,3;0,1270122
163397,1;0,1269983
163413,5;0,1269783
163430;0,1269625
163446,6;0,1269427
163468,1;0,1269249
163479,7;0,126905
163496,3;0,1268969
163512,9;0,1268654
163529,5;0,1268654
163546;0,1268537
163562,6;0,1268537
163579,1;0,1268478
163595,7;0,1268339
163612,3;0,1268142
163629,2;0,1267706
163645,4;0,126733
163662;0,126733
163678,5;0,1266856
163695,1;0,1266715
163712,7;0,1266455
163728,2;0,12662
163744,8;0,12662
163761,4;0,1265845
163778,3;0,126527
163794,5;0,1265087
163811,3;0,1264891
163827,6;0,1264749
163844,5;0,126407
163860,8;0,1263625
163877,3;0,1263426
163894,2;0,1263084
163910,5;0,1262844
163927;0,1262443
163943,6;0,1262443
163960,6;0,1262103
163976,7;0,1261702
163993,6;0,1261245
164009,9;0,1261109
164026,6;0,1260751
164043,2;0,1260433
164059,6;0,1260133
164076,1;0,1259873
164092,7;0,1259734
164109,3;0,1259396
164125,9;0,1259179
164142,4;0,125888
164159,3;0,1258522
164175,5;0,1258363
164192,5;0,1258363
164208,7;0,1258226
164225,2;0,1258204
164241,8;0,1257908
164258,4;0,1257255
164274,9;0,1257075
164291,5;0,1256776
164308,2;0,1256541
164324,9;0,1256285
164341,2;0,1256128
164357,8;0,1255794
164374,7;0,1255478
164390,9;0,1255301
164408,1;0,1254966
164429,8;0,125477
164440,6;0,1254473
164457,2;0,1254316
164473,7;0,1254001
164490,3;0,1254001
164506,9;0,1253883
164523,4;0,1253428
164540,6;0,1253233
164556,9;0,1253017
164573,7;0,1253017
164589,7;0,1252782
164606,3;0,1252509
164622,9;0,1252295
164639,4;0,1252097
164656;0,125192
164672,5;0,1251763
164689,6;0,1251587
164705,7;0,1251587
164722,2;0,1251373
164738,8;0,1251062
164755,4;0,1251062
164772;0,1250745
164788,5;0,125059
164805,3;0,1250473
164821,6;0,1250473
164838,2;0,1250356
164854,8;0,1250356
164871,3;0,1250356
164888,1;0,1250005
164904,5;0,1249692
164921;0,1249497
164937,6;0,1249418
164954,4;0,1249359
164971;0,1249359
164987,3;0,1249184
165003,9;0,1249145
165020,6;0,1249088
165037;0,124903
165053,6;0,1248991
165070,4;0,1248894
165086,7;0,1248873
165104;0,1248718
165119,8;0,1248641
165136,4;0,1248564
165153;0,1248507
165169,5;0,1248353
165186,1;0,1248353
165202,7;0,1248102
165219,7;0,1247927
165235,8;0,124783
165252,4;0,1247792
165268,9;0,1247655
165285,5;0,1247517
165302,1;0,1247362
165318,6;0,1247265
165335,2;0,1247129
165351,8;0,1247049
165368,5;0,1246914
165384,9;0,1246817
165406,5;0,1246682
165423,4;0,1246585
165439,6;0,1246469
165456,2;0,1246469
165473,7;0,1246372
165489,3;0,1246314
165505,9;0,1246314
165522,8;0,1245984
165539,3;0,124581
165555,6;0,1245616
165572,2;0,1245558
165588,7;0,1245461
165605,3;0,124531
165621,9;0,1245195
165638,4;0,124516
165655;0,1245063
165671,9;0,1244987
165688,1;0,124491
165704,7;0,124491
165721,3;0,1244813
165738,1;0,1244752
165754,4;0,1244596
165771;0,1244424
165787,9;0,1244326
165804,1;0,1244192
165820,6;0,1244153
165837,2;0,1244037
165853,8;0,1243977
165870,3;0,1243804
165886,9;0,1243652
165903,6;0,1243514
165920,2;0,1243398
165936,8;0,1243398
165953,9;0,1242976
165969,9;0,1242879
165986,5;0,124286
166003;0,1242508
166019,6;0,1242316
166036,6;0,124216
166052,7;0,1241929
166069,5;0,1241697
166086,3;0,1241697
166102,8;0,1241563
166119,1;0,1241563
166135,6;0,1241466
166152,1;0,1241349
166168,7;0,1241136
166185,3;0,1240867
166201,9;0,12405
166218,4;0,1240365
166235;0,1240306
166251,8;0,1240267
166268,1;0,1240209
166284,8;0,1240209
166301,2;0,124019
166324,9;0,1240288
166337,3;0,1240363
166353,9;0,1240402
166370,5;0,1240518
166387,3;0,1240693
166403,9;0,1240829
166420,2;0,1240848
166436,7;0,1240945
166453,3;0,1241041
166469,8;0,1241101
166486,9;0,1241199
166503;0,1241257
166519,5;0,1241417
166536,1;0,1241456
166552,7;0,1241456
166569,3;0,1241711
166586,3;0,124177
166602,4;0,1241964
166619;0,1241964
166635,5;0,1242041
166652,1;0,1242295
166669,3;0,1242392
166685,2;0,1242589
166701,9;0,1242589
166718,3;0,124282
166735,1;0,124282
166751,9;0,1242918
166768;0,1242918
166784,6;0,1243016
166801,4;0,124317
166817,7;0,1243444
166834,3;0,1243638
166850,9;0,1243756
166867,6;0,1243756
166884;0,1243833
166900,6;0,124391
166917,1;0,124391
166933,7;0,1243833
166950,5;0,1243833
166966,8;0,1243718
166983,4;0,1243661
167000,4;0,1243563
167016,5;0,1243447
167033,1;0,1243332
167049,7;0,1243332
167066,5;0,1243255
167082,9;0,1243237
167099,4;0,1243197
167116,5;0,1243159
167132,7;0,1243216
167149,1;0,12431
167166,4;0,12431
167182,4;0,1243079
167198,8;0,1243135
167215,3;0,1243116
167233,8;0,1243096
167248,5;0,1243096
167265;0,1243153
167281,7;0,1243192
167298,2;0,1243174
167314,8;0,1243231
167331,5;0,124327
167347,9;0,1243405
167364,8;0,1243521
167381,2;0,1243599
167397,6;0,1243599
167414,1;0,1243599
167431,5;0,1243678
167447,3;0,1244027
167464,8;0,1244456
167481,1;0,124467
167497;0,1244808
167513,6;0,1244808
167530,6;0,1245276
167546,9;0,1245569
167563,9;0,124592
167580,1;0,124592
167596,4;0,1246077
167613;0,1246525
167629,5;0,1246819
167646,1;0,1247012
167662,8;0,1247012
167679,2;0,124754
167695,8;0,1247598
167712,3;0,1247931
167728,9;0,1248108
167745,6;0,1248342
167762;0,1248495
167778,9;0,1248708
167795,2;0,1248924
167811,7;0,1249116
167828,4;0,1249192
167845,1;0,1249349
167861,7;0,1249349
167878,1;0,1249543
167894,6;0,1249812
167911,5;0,1250104
167927,7;0,125024
167944,3;0,1250319
167960,8;0,1250817
167978;0,1251109
167994,7;0,1251304
168010,6;0,1251536
168027,5;0,1251632
168043,7;0,1251766
168060,2;0,1251766
168077,3;0,1251939
168093,5;0,1252676
168110;0,1253143
168126,7;0,1253513
168143,1;0,1253726
168159,9;0,1253999
168176,2;0,125431
168192,8;0,1254604
168209,5;0,1254758
168225,9;0,1255094
168242,9;0,1255289
168259,2;0,1255367
168276;0,1255602
168292,2;0,12558
168308,8;0,1255956
168325,9;0,1255956
168341,9;0,1256014
168358,4;0,1256152
168375,5;0,1256172
168391,6;0,1256331
168408,2;0,1256348
168424,9;0,1256348
168441,3;0,1256604
168458,3;0,1256604
168474,4;0,1256763
168491;0,1256862
168507,5;0,1257038
168524,1;0,1257135
168540,8;0,1257135
168557,5;0,1257193
168573,8;0,1257529
168590,5;0,1257588
168606,9;0,1257646
168623,6;0,1257646
168640,1;0,1257984
168656,6;0,1257984
168673,2;0,1258024
168689,8;0,1258024
168706,6;0,1258143
168722,9;0,1258261
168739,5;0,1258442
168756;0,1258559
168772,6;0,1258579
168789,2;0,1258636
168806;0,1258715
168822,4;0,1258715
168838,9;0,1258897
168855,8;0,1259093
168872;0,1259093
168888,6;0,125933
168905,3;0,1259564
168921,7;0,1259859
168938,6;0,1259859
168954,8;0,1260309
168971,5;0,126078
168988;0,1261014
169004,7;0,1261367
169021,1;0,1261367
169038,7;0,1261562
169054,3;0,1262206
169070,8;0,1262422
169095;0,1262794
169103,9;0,1263009
169120,7;0,1263264
169137,2;0,1263402
169153,6;0,1263561
169170,2;0,126423
169186,8;0,1264566
169203,3;0,1264803
169219,9;0,1264803
169236,5;0,1265557
169253;0,1265858
169269,7;0,1266036
169286,2;0,1266214
169302,7;0,1266331
169319,5;0,1266331
169336;0,1266529
169352,8;0,1266549
169369;0,1267202
169385,6;0,1267782
169402,1;0,126794
169418,7;0,126794
169435,4;0,1268181
169451,8;0,1268501
169468,4;0,1268601
169485;0,1268805
169501,5;0,1268886
169518,1;0,1269148
169534,8;0,126925
169551,2;0,126925
169567,8;0,1269371
169584,4;0,1269431
169600,9;0,1269431
169617,8;0,126949
169634,1;0,126949
169650,6;0,1269549
169667,2;0,1269568
169683,8;0,1269607
169700,3;0,1269607
169716,9;0,1269586
169733,5;0,1269626
169750,1;0,1269684
169767,2;0,1269723
169783,2;0,1269725
169799,8;0,1269901
169816,3;0,1270119
169833,2;0,1270159
169849,6;0,1270159
169866;0,1270475
169882,6;0,1270594
169899,1;0,1270615
169916;0,1270752
169932,3;0,1270752
169948,9;0,1270791
169965,6;0,1270872
169982;0,1270872
169998,6;0,127099
170015,1;0,127109
170035,7;0,1271366
170049,2;0,1271386
170065,7;0,1271583
170083,4;0,1271742
170099,1;0,1271821
170115,5;0,1271902
170132,1;0,1271902
170148,6;0,1272199
170165,1;0,1272339
170181,7;0,1272378
170198,3;0,1272378
170214,8;0,1272378
170231,5;0,1272378
170248;0,1272358
170264,6;0,1272378
170281,1;0,1272339
170297,7;0,1272262
170314,4;0,1272242
170330,8;0,1272242
170347,4;0,1272204
170363,9;0,1272187
170380,8;0,1272168
170397,3;0,1272208
170414;0,1272208
170430,2;0,1272248
170446,8;0,1272228
170463,3;0,1272129
170480,1;0,127203
170496,7;0,127197
170513;0,127191
170529,6;0,1271811
170546,2;0,1271831
170562,7;0,1271594
170579,3;0,1271594
170596,3;0,1271574
170612,5;0,1271574
170629;0,1271477
170645,8;0,1271358
170662,1;0,1271141
170678,8;0,127102
170695,3;0,1271061
170711,9;0,1271061
170728,4;0,1271059
170745;0,1271159
170761,8;0,1271159
170778,5;0,127118
170794,7;0,1271199
170811,6;0,1271082
170828,6;0,1271081
170844,8;0,1271042
170861,1;0,1271042
170877,5;0,1270943
170894,6;0,1270844
170910,7;0,1270786
170927,2;0,1270645
170943,8;0,1270645
170960,3;0,1270565
170977;0,1270546
170993,5;0,1270546
171010,2;0,1270507
171026,6;0,1270447
171043,3;0,1270389
171059,7;0,1270409
171076,8;0,1270409
171092,9;0,127037
171109,5;0,1270329
171126,4;0,1270208
171142,6;0,1270208
171159,4;0,1270048
171175,7;0,1269789
171192,3;0,1269609
171208,8;0,1269429
171225,8;0,1269331
171242;0,1269311
171258,5;0,1269192
171275,1;0,126905
171291,9;0,126863
171308,2;0,1268112
171324,8;0,1267993
171341,4;0,1267892
171357,9;0,1267716
171374,5;0,1267255
171391,8;0,1267137
171408,2;0,1266919
171424,7;0,1266919
171440,8;0,1266579
171457,4;0,1266161
171473,9;0,1266018
171490,5;0,1265801
171507,3;0,1265597
171523,6;0,1265139
171540,6;0,126492
171556,7;0,126478
171573,3;0,1264662
171589,9;0,1264445
171606,4;0,1264306
171623;0,1264306
171639,6;0,1264128
171656,1;0,126395
171672,7;0,1263755
171689,3;0,1263597
171705,8;0,1263499
171722,8;0,1263344
171739;0,1263283
171755,5;0,1263147
171772,7;0,1263049
171789,1;0,1262933
171805,3;0,1262755
171822;0,1262517
171838,4;0,1262398
171855;0,1262298
171871,8;0,1262298
171888,1;0,1262201
171904,6;0,1262181
171921,4;0,1261886
171938,1;0,1261549
171954,8;0,1261431
171971,2;0,1261353
171987,5;0,1261215
172004;0,1261079
172020,8;0,126092
172037,2;0,1260841
172053,7;0,1260683
172070,4;0,1260625
172086,9;0,1260426
172103,5;0,1260171
172120;0,1259952
172137,4;0,1259754
172153,2;0,1259516
172169,7;0,1259378
172186,3;0,125914
172203,6;0,1259062
172219,4;0,1258903
172236;0,1258903
172252,5;0,1258706
172269,1;0,1258608
172285,7;0,1258588
172302,2;0,1258332
172318,8;0,1258311
172335,6;0,1258134
172351,9;0,1258074
172368,5;0,1257976
172385,1;0,1257976
172401,6;0,1257721
172418,2;0,1257642
172434,8;0,1257407
172451,3;0,1257291
172467,9;0,1257213
172484,8;0,1257093
172501,7;0,1257093
172517,6;0,1257055
172534,2;0,1257036
172550,7;0,1256997
172567,5;0,12568
172583,9;0,1256643
172600,4;0,1256544
172617;0,1256504
172633,7;0,1256504
172650,1;0,1256266
172667,1;0,1256149
172683,3;0,1256109
172700,1;0,1256031
172716,4;0,1255894
172733;0,1255558
172749,6;0,125536
172766,2;0,1255243
172783,3;0,1255243
172799,2;0,125495
172820,6;0,1254911
172832,4;0,1254813
172849;0,1254696
172865,7;0,1254696
172882,1;0,1254501
172898,6;0,1254303
172915,2;0,1254264
172932;0,1254208
172948,3;0,1254069
172965,2;0,1253837
172981,6;0,1253561
172998;0,125348
173014,6;0,1253264
173031,2;0,1253107
173047,7;0,125291
173064,6;0,125291
173080,9;0,1252557
173097,9;0,1252363
173114;0,1252108
173131,2;0,1251934
173147,3;0,1251835
173163,7;0,12517
173180,3;0,12517
173196,8;0,1251584
173213,4;0,1251097
173230,6;0,1250821
173246,5;0,1250786
173263,1;0,1250591
173279,7;0,1250398
173296,5;0,1250302
173312,8;0,1250302
173329,5;0,1249993
173345,9;0,1249897
173362,5;0,1249781
173379,1;0,1249702
173396,2;0,1249588
173412,2;0,1249298
173428,8;0,1249144
173445,3;0,1248987
173461,9;0,1248873
173478,5;0,1248696
173495;0,1248483
173511,6;0,1248291
173528,2;0,1248096
173545,3;0,1248096
173561,8;0,1247921
173577,9;0,1247554
173594,5;0,1247554
173611,2;0,1247224
173627,6;0,1247031
173644,2;0,1246798
173660,8;0,1246683
173677,3;0,1246469
173694,1;0,1246469
173710,4;0,1246238
173727,3;0,1246139
173743,8;0,1245965
173760,1;0,1245828
173776,7;0,1245633
173793,2;0,1245614
173809,8;0,1245575
173826,7;0,1245478
173842,9;0,1245208
173859,5;0,1244899
173876,7;0,1244744
173892,6;0,1244607
173909,5;0,1244375
173925,8;0,1244298
173942,5;0,1244298
173958,9;0,124424
173975,5;0,1244221
173992,4;0,1243797
174008,7;0,1243681
174025,2;0,1243623
174042,3;0,1243215
174058,4;0,1242963
174074,9;0,1242963
174091,4;0,1242963
174108;0,1242516
174125;0,1242418
174141,1;0,1242205
174157,7;0,1242051
174174,3;0,1242051
174191;0,1241647
174207,4;0,1241435
174224;0,1241183
174240,5;0,1241067
174257,1;0,1241067
174273,7;0,1240602
174290,4;0,1240641
174307,2;0,1240372
174323,4;0,1240159
174340;0,1240003
174356,5;0,1239887
174373,1;0,1239868
174390,3;0,1239807
174406,2;0,1239807
174422,8;0,1239807
174439,3;0,1239826
174455,9;0,1239826
174472,5;0,1239845
174489,5;0,1239923
174506,2;0,1239964
174522,7;0,1240024
174538,7;0,1240082
174555,3;0,1240143
174572;0,1240242
174589,1;0,1240341
174605,2;0,1240341
174621,7;0,1240614
174638,1;0,1240575
174654,9;0,1240734
174671,9;0,1240812
174688;0,1240893
174704,6;0,1241207
174724,3;0,1241247
174737,5;0,1241463
174754,1;0,124162
174771;0,1241777
174787,3;0,1241777
174803,8;0,124211
174820,4;0,1242247
174837,6;0,1242502
174853,5;0,1242502
174870,1;0,1242699
174886,6;0,1242933
174903,2;0,1243111
174919,8;0,1243289
174936,4;0,1243505
174952,9;0,1243603
174969,9;0,1243858
174986;0,1243858
175002,7;0,124427
175019,2;0,1244329
175035,7;0,1244645
175052,3;0,12448
175069,1;0,124486
175085,4;0,1244898
175102;0,1245055
175118,6;0,1245232
175135,2;0,1245722
175151,7;0,1246327
175168,3;0,1246699
175185,2;0,1246699
175201,9;0,1246972
175218,2;0,1247484
175234,6;0,1247778
175251,4;0,1247953
175267,7;0,1247953
175284,7;0,1248736
175300,8;0,1248833
175317,4;0,1249381
175334,4;0,1249499
175350,5;0,1249851
175367,1;0,1250063
175383,8;0,1250063
175400,2;0,1250494
175416,8;0,1250962
175433,5;0,1251195
175449,9;0,125137
175466,5;0,1251508
175483;0,1252114
175500,6;0,1252562
175516,2;0,1252778
175532,7;0,1252894
175549,3;0,1252953
175565,9;0,1253694
175582,8;0,1253694
175599,9;0,1253965
175615,6;0,1254592
175632,2;0,1254827
175648,7;0,1255001
175665,3;0,1255001
175685,5;0,1255722
175702,6;0,1256015
175718,7;0,1256015
175735,5;0,1256191
175752,3;0,1256465
175768,8;0,1257115
175786;0,1257859
175801,8;0,1258112
175818,1;0,125835
175834,7;0,1258722
175851,2;0,1259094
175867,8;0,1259326
175884,6;0,1259738
175900,9;0,1260031
175917,5;0,1260462
175934,4;0,1260639
175950,6;0,1260639
175967,5;0,1261401
175983,8;0,126146
176000,7;0,1262086
176017;0,1262086
176033,8;0,1262657
176050;0,1263091
176066,9;0,1263561
176083,1;0,1263777
176099,7;0,1264187
176116,8;0,1264423
176133,2;0,1264832
176149,4;0,1264832
176166;0,1265435
176182,6;0,1265942
176199,6;0,1266156
176216,3;0,126637
176232,3;0,1266584
176249;0,1267093
176265,4;0,1267462
176282;0,1267616
176298,5;0,1267832
176315,1;0,1268062
176331,7;0,1268159
176348,2;0,1268159
176364,8;0,1268334
176381,3;0,1268334
176397,9;0,126847
176414,6;0,1268491
176431;0,1268395
176447,6;0,1268373
176464,3;0,1268333
176480,8;0,1268372
176497,5;0,1268372
176514,3;0,1268217
176530,5;0,1268118
176547;0,1268
176563,6;0,1267883
176580,4;0,1267883
176598,2;0,126759
176614,8;0,1267257
176631,3;0,126712
176647,9;0,1266962
176664,5;0,1266787
176681;0,1266628
176697,6;0,1266609
176714,2;0,126651
176730,8;0,126608
176747,3;0,1265905
176764,5;0,126565
176780,4;0,126565
176797;0,1264964
176813,6;0,1264944
176830,1;0,1264513
176846,7;0,126422
176863,3;0,126391
176879,9;0,1263541
176896,8;0,1263325
176913,3;0,1263188
176929,6;0,1262547
176946,1;0,1262139
176962,8;0,1261903
176979,3;0,1261864
176996;0,1261652
177012,8;0,1261437
177029,3;0,1261437
177045,5;0,1261011
177062,1;0,1259864
177079,4;0,1259179
177095,2;0,12591
177111,8;0,1258824
177128,7;0,1258669
177144,9;0,125853
177161,5;0,1258372
177178,1;0,1258332
177194,6;0,1258254
177211,2;0,1258056
177227,7;0,1257956
177244,3;0,1257781
177260,9;0,1257623
177277,4;0,1257523
177294;0,1257385
177310,8;0,1257404
177327,3;0,1257087
177343,7;0,1256891
177360,7;0,1256853
177376,8;0,1256853
177393,4;0,1256656
177410;0,1256497
177426,5;0,125636
177443,3;0,1256299
177459,8;0,1256299
177476,7;0,1255944
177492,8;0,1255726
177509,6;0,1255608
177526,2;0,1255608
177542,8;0,1255296
177559,3;0,1254807
177576,3;0,125463
177592,5;0,1254239
177609,1;0,1254239
177625,6;0,1254006
177642,2;0,1254006
177658,8;0,1253831
177675,6;0,1253637
177692,1;0,125315
177708,5;0,1252486
177725,5;0,1251452
177741,6;0,1251202
177758,3;0,1251202
177774,7;0,1250517
177791,3;0,1250069
177807,8;0,1249563
177824,7;0,124931
177841;0,124931
177858;0,1248356
177874,1;0,1248103
177890,7;0,1247597
177907,2;0,1247307
177923,8;0,1246742
177940,4;0,1246332
177957;0,1245983
177973,8;0,124546
177990,2;0,1245132
178006,7;0,1244562
178023,2;0,1244251
178040;0,1243648
178056,3;0,1243352
178072,9;0,1243352
178089,5;0,12425
178106;0,1242093
178122,7;0,1241569
178139,2;0,1241569
178155,8;0,1241336
178172,5;0,1240523
178188,9;0,124002
178205,4;0,1239732
178222,2;0,1239732
178238,9;0,1238802
178255,1;0,1238802
178271,7;0,1238608
178288,3;0,1238589
178304,9;0,1238339
178322;0,1237874
178338,5;0,1236976
178354,5;0,123673
178371,1;0,1236403
178388,2;0,1236254
178404,4;0,1236059
178421,2;0,1235967
178439,6;0,1235532
178456,6;0,1235093
178472,7;0,1234904
178489,3;0,1234904
178505,8;0,1234223
178522,5;0,1233938
178539,5;0,1233804
178555,8;0,1233482
178572,1;0,1233482
178588,7;0,1233032
178605,2;0,1232934
178621,8;0,123286
178638,4;0,1232275
178654,9;0,1232026
178671,8;0,1231782
178688,6;0,1231576
178704,6;0,1231518
178721,2;0,1230893
178737,8;0,1230835
178754,5;0,1230683
178770,9;0,1230217
178787,7;0,1229882
178804;0,1229657
178820,7;0,1229436
178837,2;0,1229121
178853,7;0,1228974
178870,3;0,1228829
178886,9;0,1228755
178903,4;0,1228645
178920,1;0,1228645
178936,6;0,1228497
178953,2;0,1228442
178969,7;0,1228092
178986,3;0,1227486
179002,8;0,1227249
179019,5;0,1226938
179036;0,1226772
179052,5;0,1226553
179069,1;0,1226369
179085,7;0,1225922
179102,2;0,1225922
179119,4;0,1225457
179135,4;0,1224721
179152;0,1224197
179168,5;0,1223935
179185,1;0,1223783
179202,3;0,1222612
179218,4;0,1222329
179234,8;0,1221686
179251,6;0,122137
179267,9;0,1220729
179285;0,1220147
179301,2;0,1219734
179317,6;0,1219098
179337,2;0,1218815
179350,7;0,1218757
179367,3;0,1217945
179383,9;0,1217123
179400,4;0,1216802
179417;0,1216464
179433,6;0,1216199
179450,1;0,1215131
179466,7;0,1214566
179483,3;0,1214306
179500,1;0,1213875
179516,4;0,1213424
179533;0,1212975
179549,9;0,1212975
179566,1;0,1212771
179583;0,1212771
179599,2;0,1212125
179615,8;0,1211264
179632,4;0,121108
179649,4;0,1210713
179665,5;0,121053
179682,1;0,121009
179698,6;0,1209943
179715,5;0,1209504
179731,8;0,1209067
179748,4;0,120892
179764,9;0,1208534
179781,5;0,1208534
179798,2;0,1208187
179814,6;0,1207841
179831,2;0,1207455
179847,7;0,1207238
179864,5;0,1206874
179881,1;0,1206673
179897,7;0,1206218
179914;0,1205999
179930,6;0,1205655
179947,8;0,1205274
179963,8;0,1204982
179980,3;0,1204763
179997,1;0,1204708
180013,4;0,1203949
180030;0,1203717
180046,5;0,1203249
180063,7;0,1203249
180079,7;0,1202834
180096,3;0,1202273
180112,8;0,1201698
180129,4;0,1201501
180146,1;0,1201339
180162,5;0,120053
180179,1;0,1200312
180195,6;0,1200239
180212,2;0,1200011
180229,2;0,1199634
180253,2;0,1198617
180261,9;0,1198048
180278,5;0,1197442
180295,2;0,1197155
180312,4;0,1197155
180328,2;0,1196411
180344,8;0,1195771
180361,8;0,1195415
180377,9;0,1194827
180394,4;0,1194225
180411,2;0,1194225
180427,6;0,1193606
180444,1;0,1192984
180460,7;0,1192436
180477,3;0,1191994
180493,9;0,1191652
180510,9;0,1191426
180527,4;0,1190856
180543,5;0,1190856
180560,7;0,1190144
180576,7;0,1189681
180593,2;0,1189379
180609,8;0,1189201
180627;0,1189021
180642,9;0,1188638
180659,5;0,1188494
180676,2;0,1188421
180692,6;0,1188383
180709,2;0,1188312
180725,8;0,1188311
180742,3;0,1188311
180758,9;0,1188349
180775,5;0,1188383
180792;0,1188475
180808,6;0,1188584
180825,5;0,1188622
180841,8;0,1188658
180858,6;0,1188713
180874,9;0,1188841
180891,4;0,1189023
180908,1;0,1189445
180925;0,1189664
180941,1;0,1189758
180958,2;0,1189886
180974,3;0,1190165
180990,8;0,1190311
181007,4;0,1190493
181024;0,1190731
181040,5;0,1190859
181057,1;0,1190913
181073,8;0,1190913
181090,2;0,1191279
181106,8;0,1191425
181123,4;0,1191644
181140;0,1191736
181157,4;0,1191972
181174,3;0,1192246
181190,6;0,1192319
181207,6;0,119252
181223,7;0,119252
181240,3;0,1192832
181256,9;0,1193033
181273,4;0,1193289
181290,5;0,1193599
181306,5;0,1193635
181323,1;0,1193837
181339,7;0,1193875
181356,3;0,1194146
181373;0,11944
181389,4;0,1194695
181405,9;0,1194932
181422,5;0,1194988
181439,2;0,1195115
181456;0,11955
181472,5;0,11955
181488,8;0,1195664
181505,6;0,1195738
181521,9;0,1196196
181538,5;0,1196584
181555;0,1196769
181572,3;0,1197081
181588,2;0,1197389
181604,7;0,1197461
181621,3;0,1197644
181637,9;0,1197809
181654,5;0,1197863
181671;0,1198027
181687,8;0,1198136
181704,1;0,1198136
181720,7;0,1198336
181737,3;0,1198353
181753,8;0,1198371
181770,7;0,1198371
181787;0,1198406
181803,5;0,1198406
181820,6;0,1198461
181836,7;0,1198495
181853,5;0,1198531
181870;0,1198583
181886,4;0,1198618
181902,9;0,1198618
181919,7;0,119878
181936,1;0,1198744
181952,8;0,1198831
181969,3;0,1198901
181985,8;0,1199042
182002,4;0,1199059
182018,9;0,1199163
182036;0,1199179
182053,3;0,1199268
182069,9;0,1199443
182086,7;0,11996
182103,8;0,11996
182119,6;0,1199636
182136,2;0,1199651
182152,9;0,119974
182169,3;0,1199914
182185,9;0,1200174
182202,6;0,1200432
182219;0,1200468
182235,6;0,120071
182252,1;0,1200813
182269,1;0,1201108
182285,3;0,120121
182301,8;0,1201313
182318,4;0,120152
182335;0,1201605
182351,7;0,1201779
182368,1;0,1201987
182385,3;0,1202142
182401,5;0,12024
182418;0,1202521
182434,7;0,1202797
182450,9;0,12029
182467,5;0,1203089
182484,1;0,1203228
182501,4;0,1203332
182517,2;0,1203418
182533,8;0,1203418
182550,3;0,1203763
182566,9;0,1203763
182583,7;0,1203814
182600;0,1203915
182616,6;0,120388
182633,2;0,1203776
182649,7;0,1203724
182666,8;0,1203619
182683;0,1203243
182699,5;0,1202976
182716;0,120276
182733,1;0,120276
182749,1;0,1202585
182766,1;0,1202457
182782,9;0,1202329
182798,8;0,1202138
182815,4;0,1201366
182832,4;0,1200306
182848,9;0,1200127
182865,1;0,1199661
182881,7;0,1199086
182898,7;0,1198851
182915,3;0,1198425
182931,5;0,1197939
182948;0,1197401
182964,5;0,1196899
182981,4;0,1196612
182997,8;0,1196252
183014,3;0,1195824
183030,8;0,1195361
183047,3;0,1194952
183063,9;0,1194611
183081,3;0,1194488
183097;0,1194218
183113,6;0,1193184
183130,2;0,1193062
183147,2;0,1192546
183163,3;0,1192436
183179,9;0,1191922
183196,4;0,1191348
183213,2;0,1190816
183229,8;0,1190423
183246,1;0,1189925
183262,7;0,1189672
183279,3;0,1189427
183296,4;0,1189265
183312,4;0,1188303
183329;0,1188109
183345,5;0,1187577
183362,1;0,1187024
183379;0,1186718
183395,2;0,1186718
183411,9;0,1186453
183428,4;0,1186453
183445,4;0,1185489
183461,5;0,1184403
183478,2;0,1183995
183494,6;0,118341
183511,2;0,1182787
183528;0,1182431
183544,3;0,1181897
183560,9;0,1181431
183577,5;0,1181218
183594;0,1180578
183611,6;0,1180011
183627,2;0,1180011
183643,9;0,1179106
183660,5;0,1179053
183676,9;0,1178577
183694;0,1178155
183710;0,1177929
183726,6;0,1177613
183743,3;0,1177198
183760,3;0,117697
183776,3;0,1176677
183792,9;0,1176608
183809,4;0,117628
183829,1;0,117576
183845,7;0,1175501
183862,5;0,1175311
183878,8;0,1175311
183895,4;0,1174671
183912;0,1174323
183929,2;0,1174011
183945,6;0,1174011
183961,7;0,1173649
183978,2;0,1173232
183994,8;0,1172956
184012,1;0,1172595
184028;0,1172595
184044,6;0,117239
184061,6;0,117239
184077,6;0,1172182
184094,2;0,1171523
184110,8;0,1171005
184127,3;0,1170765
184143,9;0,1170454
184160,5;0,1170197
184177;0,1170007
184193,6;0,1169681
184210,2;0,1169561
184226,8;0,1169217
184243,3;0,1168958
184259,9;0,1168665
184276,4;0,1168493
184293;0,1168218
184309,6;0,1168218
184326,1;0,1167841
184342,8;0,1167531
184359,7;0,1167306
184376;0,1167169
184392,4;0,1167013
184409;0,1166671
184425,9;0,1166481
184442,3;0,1166174
184458,7;0,1166174
184475,2;0,1165608
184492,1;0,1165591
184508,5;0,1165249
184525,1;0,1164974
184541,5;0,1164736
184558,2;0,1164563
184574,6;0,1164428
184591,2;0,1164428
184607,8;0,1163864
184624,7;0,1163744
184640,9;0,1163573
184657,5;0,1163437
184674;0,1163437
184690,9;0,1163317
184707,2;0,1163145
184723,7;0,1162753
184740,6;0,1162377
184757;0,1162377
184773,5;0,1162089
184790,5;0,1161901
184806,8;0,1161678
184823,5;0,1161506
184839,7;0,1161472
184856,3;0,1161066
184872,8;0,116074
184889,4;0,1160638
184906;0,1160638
184922,5;0,1160366
184939,1;0,1160043
184955,9;0,1159924
184973,2;0,1159685
184988,8;0,1159551
185005,4;0,115928
185021,9;0,1159027
185038,5;0,1158907
185055,1;0,1158757
185072;0,1158757
185088,2;0,1158251
185105,5;0,1158016
185121,3;0,1157813
185137,9;0,1157593
185154,5;0,1157306
185171,6;0,115719
185187,6;0,1156886
185204,2;0,1156601
185221,5;0,1156466
185237,3;0,1156265
185253,9;0,1156015
185270,8;0,1156015
185287;0,1155597
185303,6;0,1155396
185320,1;0,115538
185337,2;0,115523
185353,7;0,1154811
185369,9;0,1154293
185386,4;0,1154293
185403;0,115391
185419,5;0,1153528
185436,1;0,1153361
185453,1;0,1153047
185469,3;0,1152866
185486,3;0,1152602
185502,4;0,1152436
185518,9;0,1152436
185535,5;0,1151885
185552,1;0,1151852
185568,7;0,1151487
185585,2;0,1151271
185601,8;0,1151024
185618,3;0,1150856
185634,9;0,1150556
185651,5;0,1150309
185668,2;0,1150094
185684,6;0,1149812
185701,2;0,1149663
185717,9;0,1149466
185734,8;0,1149235
185750,9;0,1149235
185767,4;0,1148822
185784,4;0,1148559
185800,6;0,1148328
185817,1;0,1148262
185833,7;0,1147983
185850,3;0,1147753
185867,3;0,1147587
185883,4;0,1147373
185900;0,1147373
185916,6;0,1147095
185933,5;0,1146668
185949,7;0,1146668
185966,3;0,1146538
185982,8;0,1146522
185999,5;0,1146522
186016;0,1145866
186032,6;0,1145392
186049,1;0,1145032
186065,6;0,1144899
186082,2;0,1144589
186098,8;0,1144441
186115,4;0,1144179
186131,9;0,114395
186148,5;0,1143707
186165,5;0,1143445
186181,8;0,114328
186198,3;0,1143116
186215,2;0,1142872
186231,3;0,1142872
186247,9;0,1142431
186264,6;0,1142155
186281,2;0,1141957
186297,7;0,1141845
186314,2;0,1141697
186330,9;0,1141177
186347,5;0,1140967
186364,2;0,1140721
186380,7;0,1140721
186397,2;0,1140169
186413,5;0,1140154
186430,1;0,1140088
186446,7;0,1139503
186463,2;0,1139195
186479,8;0,1139065
186496,7;0,1139065
186519,1;0,1138807
186531,4;0,1138367
186548;0,1138223
186564,6;0,1138027
186581,5;0,1137979
186598,3;0,1137899
186614,3;0,1137785
186631,1;0,1137737
186647,5;0,113743
186664;0,1136844
186680,5;0,1136611
186697,3;0,1136514
186713,9;0,1136482
186730,2;0,1136398
186747,1;0,1136383
186763,4;0,1136315
186780;0,1136315
186796,5;0,1136315
186813,1;0,1136283
186829,6;0,1136282
186846,2;0,1136282
186862,8;0,1136282
186879,4;0,1136331
186895,9;0,1136314
186912,6;0,1136314
186929;0,1136298
186945,6;0,1136332
186962,7;0,1136366
186978,9;0,1136382
186995,3;0,1136414
187011,9;0,1136481
187028,5;0,1136481
187045;0,1136563
187061,6;0,1136645
187078,1;0,1136679
187095;0,1136778
187111,5;0,1136827
187128;0,1136893
187144,4;0,113701
187161;0,1137044
187177,5;0,1137044
187194,5;0,1137028
187210,7;0,1136995
187227,3;0,1136995
187244;0,1137012
187260,4;0,1137012
187277;0,113698
187293,5;0,1136723
187310,1;0,1136677
187326,6;0,1136565
187343,2;0,1136454
187359,8;0,1136391
187376,5;0,1136328
187393,2;0,1136249
187409,5;0,1136061
187426,7;0,1135902
187442,6;0,1135809
187459,2;0,1135762
187476;0,1135574
187492,4;0,1135417
187508,9;0,1135417
187525,5;0,1135276
187542,4;0,1134883
187558,6;0,1134758
187575,1;0,1134649
187592;0,1134634
187608,3;0,1134273
187624,8;0,1134054
187641,6;0,113385
187658;0,113385
187674,7;0,1133585
187691,2;0,1133383
187707,7;0,1133211
187724,3;0,1133054
187740,8;0,1133054
187757,6;0,1132928
187773,9;0,1132616
187790,9;0,1132427
187807,7;0,1132255
187823,6;0,113216
187840,2;0,1132002
187856,9;0,1131973
187873,6;0,1131864
187890;0,1131864
187906,5;0,1131769
187923;0,1131598
187939,6;0,1131378
187956,3;0,1131332
187972,8;0,1131332
187989,3;0,1131316
188005,9;0,113138
188022,5;0,1131524
188040;0,1131606
188056,2;0,1131702
188072,2;0,1131702
188088,9;0,1131897
188105,3;0,1131946
188121,8;0,1132336
188138,4;0,1132661
188155;0,113279
188172,2;0,1133018
188188,1;0,1133214
188204,7;0,1133376
188221,7;0,1133489
188238;0,1133618
188255,1;0,1133734
188270,9;0,1134107
188287,6;0,1134254
188304,1;0,1134545
188321,7;0,1134545
188337,2;0,1134787
188353,8;0,1135077
188370,3;0,1135077
188386,9;0,1135611
188403,5;0,1135805
188420;0,1136002
188436,6;0,1136098
188453,2;0,1136098
188469,7;0,1136696
188486,3;0,113686
188503,1;0,1136957
188520;0,1137102
188536;0,1137102
188552,6;0,1137232
188569,2;0,1137553
188585,8;0,1137969
188602,3;0,1138048
188618,8;0,1138048
188636;0,1138111
188652;0,1138065
188668,7;0,1137919
188685,1;0,1137919
188701,7;0,1137774
188718,3;0,1137774
188734,8;0,1137564
188751,6;0,1137323
188767,9;0,1137049
188784,5;0,113692
188801,1;0,113692
188817,6;0,1136565
188834,2;0,1136335
188850,8;0,1136239
188867,4;0,1136239
188884;0,1135961
188900,6;0,1135699
188917,2;0,1135553
188933,8;0,113544
188951,2;0,113544
188966,9;0,1135226
188983,5;0,1134948
189000,3;0,1134865
189016,7;0,1134685
189033,2;0,1134571
189049,7;0,1134488
189066,3;0,1134375
189082,9;0,1134081
189099,4;0,1134015
189116;0,1133803
189133;0,1133622
189149,2;0,1133622
189165,7;0,1133556
189182,3;0,1133556
189199;0,1133427
189215,4;0,1133264
189236,7;0,1133248
189253,6;0,1133264
189269,8;0,113328
189286,5;0,1133311
189303;0,1133311
189319,9;0,1133343
189336,1;0,1133327
189352,6;0,1133437
189369,4;0,1133547
189385,8;0,1133547
189402,3;0,1133704
189418,9;0,1133799
189435,5;0,1133799
189452,6;0,1134002
189468,6;0,1134158
189485,2;0,1134284
189501,9;0,1134284
189518,7;0,1134362
189534,9;0,1134707
189551,4;0,1134847
189568;0,1134926
189584,7;0,1134926
189601,2;0,1135208
189617,7;0,1135442
189634,3;0,1135661
189650,8;0,11358
189667,4;0,11358
189684,2;0,1136052
189701,1;0,1136222
189717,1;0,1136457
189733,7;0,1136489
189750,3;0,113663
189767;0,1136848
189783,8;0,1136848
189800,6;0,1136957
189816,7;0,1136957
189833,1;0,1137066
189849,6;0,1137349
189866,4;0,1137677
189882,8;0,1137865
189899,4;0,1137927
189916,1;0,1137957
189932,5;0,1138005
189949;0,1138209
189966,2;0,1138288
189982,2;0,1138288
189999,3;0,1138336
190015,3;0,1138191
190032,2;0,1138126
190048,5;0,1138044
190065,6;0,1138028
190081,6;0,113767
190098,1;0,1137572
190115,2;0,1137376
190140,3;0,1137278
190152,3;0,1137084
190169,2;0,1136904
190185,5;0,1136904
190202,3;0,1136691
190218,6;0,1136478
190235,2;0,1136298
190251,9;0,1136136
190268,3;0,1136136
190284,8;0,1135989
190301,7;0,1135677
190318,2;0,1135481
190334,6;0,1135417
190351,1;0,1135417
190367,7;0,1134975
190384,9;0,1134861
190400,8;0,1134713
190417,4;0,1134598
190434;0,1134598
190451;0,11345
190467,1;0,1134468
190484;0,1134289
190500,4;0,1133895
190516,8;0,1133682
190533,7;0,1133487
190549,9;0,1133487
190567,4;0,113334
190583,1;0,1133275
190599,6;0,1133194
190616,2;0,1133194
190633;0,1133179
190649,3;0,1133162
190666,6;0,1133194
190683;0,1133226
190699,2;0,1133226
190715,6;0,1133257
190732,3;0,1133289
190748,7;0,1133352
190765,3;0,1133414
190782,5;0,1133462
190798,4;0,1133494
190815;0,1133494
190832,5;0,1133509
190848,1;0,1133526
190864,7;0,1133541
190881,3;0,1133557
190897,9;0,1133557
190914,4;0,113351
190931;0,1133557
190947,5;0,113351
190964,1;0,1133526
190980,7;0,1133541
190997,8;0,113351
191014,4;0,1133478
191030,3;0,1133478
191047,1;0,1133462
191063,5;0,1133478
191080,1;0,1133478
191096,6;0,1133478
191113,2;0,1133478
191130,4;0,1133478
191146,3;0,1133446
191162,9;0,1133462
191179,5;0,1133462
191196;0,1133462
191212,7;0,1133478
191229,2;0,1133478
191245,7;0,1133446
191262,3;0,113343
191279,4;0,113343
191295,5;0,1133446
191312,4;0,113343
191328,5;0,1133446
191345,1;0,1133446
191361,8;0,1133414
191378,3;0,1133383
191394,8;0,1133335
191411,5;0,1133367
191428;0,1133383
191444,6;0,1133351
191461,6;0,1133367
191477,9;0,1133351
191494,2;0,1133335
191510,8;0,1133335
191527,6;0,1133335
191543,9;0,1133319
191560,5;0,1133319
191577,4;0,1133335
191593,6;0,1133351
191610,2;0,1133335
191626,9;0,1133303
191643,3;0,1133287
191660,8;0,1133272
191676,6;0,1133256
191693;0,1133224
191709,6;0,1133224
191726,2;0,1133208
191742,9;0,1133192
191759,5;0,113316
191776,2;0,1133225
191792,4;0,1133193
191809;0,1133241
191825,6;0,1133241
191842,1;0,1133257
191859,4;0,1133288
191875,3;0,113332
191892,4;0,1133304
191908,4;0,113332
191925;0,113332
191941,6;0,1133353
191958,1;0,11334
191975,1;0,1133432
191991,7;0,1133416
192007,8;0,1133448
192024,4;0,1133511
192040,9;0,1133511
192057,5;0,1133607
192074;0,1133623
192090,6;0,1133623
192107,2;0,1133623
192124,3;0,1133638
192140,3;0,1133623
192157;0,1133623
192173,5;0,1133623
192190,4;0,1133623
192206,7;0,1133623
192223,2;0,1133654
192239,7;0,1133654
192256,8;0,1133686
192272,9;0,1133654
192289,5;0,113367
192306;0,1133686
192322,6;0,1133702
192339,6;0,1133702
192355,8;0,1133702
192372,6;0,1133718
192389,3;0,1133718
192405,6;0,1133702
192422,6;0,1133718
192438,5;0,1133718
192455,1;0,1133765
192472,1;0,1133765
192488,4;0,1133781
192505,2;0,1133797
192521,4;0,1133813
192537,9;0,1133861
192554,5;0,1133861
192571,1;0,1133829
192588;0,1133845
192604,2;0,1133861
192620,9;0,1133877
192637,3;0,1133923
192653,9;0,1133955
192670,5;0,1133955
192687;0,1133987
192703,6;0,1134034
192720,2;0,1134082
192736,7;0,1134098
192753,5;0,1134098
192770,5;0,113413
192786,4;0,113413
192803;0,1134226
192819,5;0,1134258
192836,1;0,1134273
192852,7;0,1134288
192869,3;0,1134288
192893;0,1134368
192904,9;0,1134431
192921,5;0,113448
192938,1;0,113448
192954,7;0,1134576
192971,2;0,1134722
192987,8;0,1134706
193004,6;0,1134787
193020,9;0,1134787
193037,5;0,1134884
193054;0,1135112
193070,6;0,1135175
193087,2;0,1135226
193103,7;0,1135226
193120,3;0,1135403
193137;0,1135452
193153,5;0,1135533
193170,1;0,1135566
193186,5;0,1135646
193203,5;0,1135727
193219,7;0,1135775
193236,4;0,1135872
193253,3;0,1135953
193269,9;0,113605
193286;0,1136099
193302,7;0,1136245
193319,1;0,1136309
193335,7;0,1136406
193352,2;0,1136422
193368,9;0,1136567
193385,4;0,1136664
193401,9;0,1136712
193418,5;0,1136744
193435,1;0,113676
193451,8;0,1136922
193468,4;0,1136987
193484,8;0,1137068
193501,5;0,1137068
193518,2;0,1137149
193534,7;0,1137295
193551,6;0,113736
193568,3;0,1137409
193584,2;0,1137555
193600,7;0,1137637
193617,3;0,1137716
193633,9;0,1137716
193650,7;0,1137796
193667;0,1137844
193683,6;0,1138055
193700,1;0,1138235
193716,8;0,1138364
193733,3;0,1138476
193750,9;0,1138606
193766,5;0,113859
193783,4;0,1138639
193801;0,1138802
193816,5;0,1138932
193832,7;0,1139013
193849,3;0,1139046
193865,8;0,1139111
193882,4;0,1139275
193899,4;0,1139357
193916,1;0,1139357
193932,4;0,1139487
193948,6;0,113957
193965,2;0,113957
193981,8;0,1139669
193998,4;0,1139669
194015,7;0,1139848
194031,5;0,1139898
194048;0,1139948
194064,6;0,1140046
194081,2;0,1140128
194097,7;0,1140209
194114,3;0,1140209
194131,5;0,1140388
194147,4;0,1140517
194164,8;0,1140583
194180,6;0,1140583
194197,1;0,1140729
194214,2;0,1140794
194230,3;0,1140876
194246,8;0,1140924
194263,5;0,114094
194280;0,114094
194296,8;0,1140989
194313,1;0,114107
194329,7;0,11412
194346,2;0,1141347
194362,8;0,114143
194379,4;0,1141494
194396,1;0,1141528
194412,5;0,1141655
194429,1;0,1141705
194445,8;0,1141769
194462,2;0,1141769
194478,8;0,1141851
194495,3;0,1141884
194511,9;0,114195
194528,6;0,1141984
194545;0,1142016
194561,6;0,1142226
194578,7;0,1142275
194594,8;0,1142357
194611,3;0,1142358
194627,9;0,1142504
194644,4;0,1142651
194661;0,1142651
194677,9;0,1142797
194694,1;0,114288
194710,7;0,1142897
194727,3;0,1143093
194744,4;0,1143176
194760,4;0,1143225
194777;0,1143339
194793,5;0,1143454
194810,4;0,1143486
194827,1;0,11436
194843,2;0,1143651
194859,8;0,1143766
194876,4;0,1143814
194893,2;0,1143913
194909,5;0,1143913
194926,3;0,1144012
194943,2;0,1144012
194959,2;0,1144078
194975,8;0,114416
194992,3;0,1144193
195008,9;0,114426
195025,5;0,1144276
195042,1;0,1144342
195058,6;0,1144374
195075,4;0,1144374
195091,8;0,1144408
195108,7;0,1144489
195124,9;0,1144555
195141,4;0,1144555
195158;0,114462
195174,6;0,1144703
195191,3;0,1144703
195207,7;0,1144769
195224,7;0,1144852
195241,1;0,1144885
195257,4;0,1144886
195274;0,1144918
195290,5;0,1145
195307,1;0,1145001
195323,7;0,1145051
195340,2;0,1145051
195357,1;0,1145149
195373,4;0,1145214
195389,9;0,1145215
195406,5;0,1145281
195423,1;0,1145264
195439,6;0,1145363
195456,2;0,1145429
195472,8;0,1145445
195489,3;0,1145495
195505,9;0,1145511
195522,5;0,114551
195539;0,114551
195555,9;0,1145494
195572,2;0,1145494
195588,9;0,1145511
195605,3;0,1145559
195625,5;0,1145626
195642,3;0,1145676
195658,6;0,1145659
195675,3;0,1145659
195691,9;0,1145676
195708,3;0,1145626
195724,9;0,1145611
195741,5;0,1145611
195758;0,1145595
195775;0,1145595
195791,2;0,1145595
195808;0,1145627
195824,3;0,1145676
195840,9;0,114566
195857,4;0,1145644
195874,3;0,1145644
195890,6;0,1145644
195907,1;0,1145694
195923,7;0,1145694
195940,3;0,1145743
195957;0,1145694
195974,1;0,1145694
195990;0,1145711
196006,8;0,1145711
196023,1;0,1145725
196039,8;0,1145725
196056,7;0,1145774
196072,8;0,1145774
196089,7;0,1145758
196106,1;0,1145774
196122,9;0,1145774
196139,1;0,1145774
196155,6;0,1145774
196172,4;0,1145839
196188,8;0,1145839
196205,5;0,1145854
196222;0,1145854
196238,7;0,1145871
196255;0,1145986
196271,7;0,114615
196288,2;0,1146232
196304,8;0,1146232
196321,4;0,1146265
196338,3;0,1146363
196354,9;0,1146363
196371,6;0,1146346
196387,6;0,1146396
196404,1;0,1146512
196420,7;0,1146544
196437,3;0,1146627
196453,8;0,1146627
196470,4;0,1146692
196487;0,114674
196503,5;0,1146789
196520,3;0,1146805
196536,8;0,1146838
196553,2;0,1146854
196570;0,1146871
196586,5;0,1146871
196602,9;0,1146872
196619,5;0,1146888
196636,1;0,1146872
196652,8;0,1146806
196669,2;0,1146824
196686,5;0,114679
196702,5;0,1146807
196719,2;0,1146791
196735,5;0,1146806
196752,5;0,1146822
196768,6;0,1146822
196785,5;0,1146822
196801,8;0,1146805
196818,3;0,1146821
196835;0,1146821
196851,9;0,1146787
196868;0,1146787
196885;0,1146804
196901,8;0,1146738
196917,7;0,1146687
196934,3;0,1146671
196951,4;0,1146623
196967,5;0,1146623
196984,2;0,1146623
197000,5;0,114659
197017,1;0,1146573
197033,9;0,1146458
197050,7;0,1146474
197067,1;0,1146474
197083,8;0,1146392
197100,5;0,1146409
197117,4;0,1146409
197133,1;0,1146311
197149,6;0,1146229
197166,3;0,1146178
197182,8;0,114613
197199,4;0,1145997
197216,2;0,11459
197232,5;0,114582
197249;0,1145689
197265,6;0,1145689
197282,2;0,1145606
197299,1;0,114546
197315,3;0,1145312
197331,9;0,1145262
197348,6;0,1145262
197365;0,1145018
197381,9;0,1144952
197398,1;0,1144837
197414,7;0,1144804
197431,3;0,1144706
197447,9;0,1144575
197464,5;0,1144558
197481,6;0,1144476
197497,6;0,1144476
197514,1;0,114446
197530,8;0,1144233
197547,9;0,1144069
197563,9;0,1143986
197580,8;0,1143906
197597;0,1143906
197613,6;0,1143726
197630,1;0,1143595
197646,8;0,1143498
197663,3;0,1143498
197680;0,1143448
197696,4;0,1143334
197713;0,1143253
197729,5;0,1143171
197746,8;0,1143138
197762,8;0,1142993
197779,5;0,1142911
197795,8;0,1142814
197812,3;0,1142732
197829,3;0,1142633
197845,5;0,1142567
197862;0,1142485
197878,7;0,1142337
197895,2;0,114229
197911,9;0,1142207
197928,3;0,1142207
197944,9;0,1141979
197962;0,1141881
197978;0,1141881
197994,6;0,1141881
198011,2;0,11417
198028;0,1141601
198044,3;0,1141552
198060,9;0,1141472
198077,7;0,1141455
198094,5;0,1141455
198110,5;0,1141405
198127,4;0,1141388
198143,7;0,1141404
198160,3;0,1141324
198176,8;0,1141291
198193,4;0,1141276
198210;0,114121
198227;0,114121
198243,5;0,1141194
198259,6;0,1141145
198276,3;0,1141114
198292,8;0,1141097
198309,4;0,1141097
198325,9;0,1141016
198342,5;0,1140999
198359,3;0,1141064
198375,6;0,1141064
198392,2;0,1141063
198408,8;0,1141047
198425,3;0,1141079
198441,9;0,1141096
198458,5;0,1141096
198475,3;0,1141113
198492;0,1141113
198508,1;0,1141113
198525;0,1141098
198541,3;0,1141115
198557,8;0,1141148
198574,4;0,1141148
198591;0,1141163
198607,7;0,1141213
198624,1;0,114123
198640,7;0,1141261
198657,5;0,1141294
198673,8;0,1141276
198690,4;0,1141309
198707,1;0,1141309
198723,5;0,1141343
198740,1;0,1141293
198756,7;0,1141293
198773,2;0,1141327
198789,8;0,1141376
198806,5;0,1141392
198822,9;0,1141491
198839,5;0,1141475
198856;0,1141458
198872,8;0,1141459
198889,2;0,1141459
198906,2;0,1141459
198922,3;0,1141494
198938,9;0,1141527
198955,6;0,1141558
198972;0,1141624
198988,7;0,1141624
199005,8;0,114169
199021,7;0,114169
199038,3;0,1141739
199054,9;0,1141756
199072,2;0,1141805
199088,1;0,1141838
199104,5;0,1141838
199121,9;0,1141871
199137,7;0,1141905
199154,3;0,1141969
199170,8;0,1141986
199187,4;0,1142004
199204;0,1142103
199220,6;0,1142151
199238,2;0,114228
199254,7;0,1142345
199271,3;0,1142477
199287,9;0,1142655
199304,4;0,1142803
199321;0,1142886
199337,6;0,1142999
199354,7;0,114305
199370,7;0,1143198
199387,3;0,1143263
199404;0,114336
199420,4;0,114336
199437,4;0,1143558
199453,5;0,1143871
199470,8;0,1144248
199486,7;0,1144364
199503,3;0,1144562
199519,8;0,1144742
199536,5;0,1144857
199552,9;0,1145071
199569,9;0,114517
199586,1;0,1145335
199603;0,1145548
199619,2;0,1145696
199636,1;0,1145825
199652,3;0,1145925
199668,9;0,1145957
199685,5;0,1146303
199702,3;0,1146451
199718,6;0,1146581
199735,5;0,1146844
199751,7;0,1146959
199768,9;0,1147121
199784,9;0,1147254
199801,6;0,1147485
199818;0,1147485
199834,8;0,1147763
199851,2;0,114788
199867,7;0,1148077
199884,3;0,1148274
199904,3;0,1148469
199922,4;0,1148551
199939;0,1148682
199957,8;0,1148912
199974,3;0,1149141
199991;0,1149323
200008,4;0,1149407
200027,6;0,1149505
200049,3;0,1149605
200073,3;0,114967
200095,6;0,1150065
200113,9;0,1150099
200137,7;0,1150232
200157,7;0,1150395
200176,2;0,1150444
200195,9;0,1150444
200215,2;0,1150509
200236,9;0,1150609
200253,5;0,1150609
200274,1;0,1150625
200292,2;0,1150689
200311,6;0,1150771
200330,5;0,1150771
200349,3;0,1150754
200367,5;0,1150789
200387,5;0,1150806
200404,2;0,1150855
200425,3;0,1150855
200443,7;0,1150838
200461,7;0,1150888
200481,3;0,1150905
200500,1;0,1150988
200517,2;0,1151053
200536,3;0,1151085
200555,7;0,1151102
200576,9;0,1151151
200593,5;0,1151184
200613,3;0,1151201
200630,7;0,1151232
200648,8;0,1151283
200665,3;0,1151266
200684,3;0,1151283
200701;0,11513
200721,8;0,1151399
200740,8;0,1151498
200763,3;0,1151582
200785,4;0,1151732
200806,7;0,1151765
200827,8;0,1151782
200848,2;0,1151898
200870,4;0,1152163
200889,6;0,1152296
200909,4;0,1152296
200930,5;0,1152528
200951,3;0,1152629
200972,1;0,1152712
200992,1;0,1152912
201012;0,1153029
201033,6;0,1153162
201054,3;0,1153262
201083,2;0,1153464
201099,7;0,1153547
201116,3;0,1153564
201137,2;0,1153864
201160,6;0,1154065
201177,2;0,1154147
201198,7;0,1154295
201215,9;0,1154411
201236,9;0,1154445
201253,5;0,1154662
201273,8;0,1154763
201293,7;0,115483
201310,9;0,115483
201330,5;0,1154897
201347;0,1154914
201367;0,1155082
201383,6;0,115515
201404,5;0,115525
201421,3;0,115525
201437,6;0,1155267
201456,6;0,1155368
201473,1;0,1155368
201491,5;0,1155418
201508,1;0,1155418
201528,3;0,1155452
201544,9;0,1155452
201561,9;0,1155486
201578,5;0,1155486
201599,1;0,1155536
201616,1;0,1155637
201635,1;0,1155671
201655,2;0,1155755
201672;0,1155788
201690,9;0,1155872
201708;0,1155872
201726;0,1155906
201744,5;0,1155906
201761,6;0,1155973
201778,7;0,1155956
201798,7;0,115599
201815,3;0,115599
201844,2;0,1156057
201864;0,1156158
201887,9;0,1156225
201905,2;0,1156276
201923,3;0,115636
201942,3;0,115636
201964,7;0,1156376
201986,7;0,1156427
202005,7;0,1156444
202024;0,1156528
202042,7;0,1156545
202071,4;0,1156494
202100,8;0,1156528
202123;0,1156511
202144,4;0,1156511
202171,1;0,1156529
202194;0,1156446
202214;0,1156479
202234,8;0,1156462
202257,5;0,1156396
202288,6;0,1156332
202317,5;0,1156315
202340,1;0,1156133
202360,3;0,1156051
202380,8;0,1156002
202403,5;0,1155952
202427,8;0,115574
202446,9;0,1155625
202466,1;0,1155625
202497,2;0,1155362
202521,2;0,1155279
202540,8;0,1155197
202559,9;0,1155098
202582,1;0,1154983
202605,8;0,115495
202622,3;0,115495
202641;0,1154836
202660,3;0,1154556
202685;0,1154291
202714,9;0,1154112
202732;0,1154046
202748,7;0,1153979
202765,2;0,1153963
202788,1;0,1153929
202804,8;0,1153862
202825;0,1153845
202845,8;0,1153795
202866,9;0,1153728
202897,3;0,1153711
202933,4;0,1153593
202954,1;0,1153526
202978,2;0,1153543
202995,4;0,1153492
203015,6;0,1153475
203037,4;0,1153408
203054;0,1153341
203073;0,1153341
203092,1;0,1153306
203120,3;0,1153289
203139,1;0,1153289
203156,6;0,1153238
203175,9;0,1153221
203193,2;0,1153221
203211,5;0,1153205
203228,1;0,1153221
203246,7;0,1153221
203263,3;0,1153221
203284,1;0,1153188
203300,6;0,1153188
203320,6;0,1153188
203343,8;0,1153221
203360,6;0,1153188
203382,6;0,1153188
203399,1;0,1153171
203418,4;0,1153171
203435;0,1153188
203457,2;0,1153189
203478;0,1153205
203494,5;0,1153222
203512,6;0,1153239
203529,2;0,1153272
203552,8;0,1153239
203570,3;0,1153239
203586,7;0,1153205
203602,6;0,1153172
203620;0,1153037
203636,5;0,1153004
203653;0,1153004
203669,6;0,1152887
203686,4;0,115282
203705,8;0,1152635
203728,1;0,1152553
203744,6;0,115242
203761,2;0,1152304
203777,8;0,1152187
203811,6;0,115189
203828,2;0,1151608
203844,8;0,1151444
203861,3;0,115141
203879;0,115136
203896,4;0,1151244
203913,3;0,115121
203929,5;0,1150944
203946,2;0,1150548
203962,6;0,1150266
203979,2;0,115
203996,4;0,1149752
204012,4;0,1149586
204028,9;0,1149438
204045,5;0,1149339
204062,1;0,114924
204078,8;0,1149142
204095,2;0,1149044
204111,8;0,1148947
204128,3;0,1148849
204144,9;0,1148815
204161,5;0,1148815
204178,1;0,1148667
204194,6;0,1148633
204211,3;0,1148584
204227,7;0,1148567
204244,3;0,114855
204261,4;0,1148486
204277,4;0,1148419
204294,1;0,1148403
204310,6;0,114837
204327,5;0,1148372
204343,7;0,1148372
204360,3;0,1148372
204376,8;0,1148403
204393,4;0,1148371
204410;0,1148403
204426,5;0,114842
204443,2;0,1148486
204459,8;0,1148486
204476,3;0,1148501
204492,8;0,1148518
204509,5;0,1148502
204525,9;0,1148487
204542,7;0,1148487
204559,2;0,1148519
204575,6;0,114855
204592,2;0,1148599
204608,9;0,1148631
204625,6;0,114863
204641,9;0,1148681
204658,8;0,114873
204675;0,114873
204694,3;0,1148714
204708,2;0,1148813
204724,9;0,1148764
204741,3;0,1148764
204758;0,1148698
204774,4;0,11486
204791,7;0,1148469
204807,6;0,1148418
204824,1;0,1148303
204840,7;0,1148205
204857,3;0,1148074
204873,9;0,1147957
204890,4;0,1147858
204907;0,1147809
204923,5;0,1147644
204940,1;0,1147513
204956,7;0,1147415
204973,2;0,1147233
204989,8;0,1147068
205006,3;0,1146952
205022,9;0,114682
205039,5;0,1146738
205056;0,1146557
205072,7;0,1146408
205089,4;0,1146143
205105,8;0,1146042
205122,9;0,114581
205138,9;0,1145728
205155,5;0,1145728
205172,2;0,1145628
205188,6;0,1145546
205205,2;0,1145049
205222,6;0,1144817
205238,3;0,1144618
205254,9;0,114452
205271,8;0,114452
205288;0,1144355
205304,6;0,1143973
205321,1;0,1143841
205338,2;0,1143642
205354,3;0,114346
205370,8;0,1143295
205388;0,1143128
205404,1;0,1142946
205420,7;0,1142729
205437,2;0,1142598
205453,7;0,1142598
205470,2;0,1142215
205486,9;0,1142164
205503,4;0,1141816
205520,1;0,114175
205536,5;0,1141502
205553,1;0,114137
205569,6;0,114137
205590,5;0,1141173
205602,8;0,1141024
205619,5;0,1141024
205636;0,1140761
205652,8;0,1140662
205669;0,1140546
205685,6;0,1140464
205702,2;0,1140464
205718,7;0,114035
205735,3;0,1140333
205752,1;0,1140334
205768,4;0,1140334
205785;0,1140351
205801,6;0,1140351
205818,2;0,1140367
205834,7;0,1140386
205851,3;0,1140548
205868,3;0,1140533
205884,5;0,1140533
205901;0,1140533
205917,6;0,11405
205934,1;0,1140469
205950,7;0,1140388
205967,6;0,114034
205983,8;0,1140292
206000,3;0,1140276
206017;0,1140213
206033,5;0,1140116
206050,2;0,1140067
206066,6;0,113997
206083,2;0,1139856
206099,8;0,1139809
206116,3;0,1139809
206132,9;0,1139598
206149,4;0,1139548
206166,1;0,1139452
206182,6;0,113926
206199,2;0,1139081
206215,8;0,1139002
206232,5;0,1138937
206248,9;0,1138858
206265,4;0,1138633
206282,4;0,1138633
206298,5;0,1138458
206315,1;0,1138297
206332;0,11382
206348,3;0,1138121
206365,3;0,1138088
206381,4;0,11378
206398;0,1137705
206414,5;0,1137546
206431,1;0,1137546
206447,6;0,1137416
206464,2;0,1137416
206481,2;0,1137098
206499;0,1136794
206515,9;0,1136587
206532,4;0,1136381
206548,7;0,1136158
206565,3;0,1135999
206581,8;0,1135857
206598,4;0,1135809
206615;0,1135334
206631,8;0,1135239
206648,1;0,1134954
206665;0,1134954
206681,3;0,1134603
206697,8;0,1134414
206714,4;0,113416
206731,7;0,1133907
206747,5;0,1133732
206764,1;0,1133478
206780,7;0,1133305
206797,4;0,1133102
206813,8;0,1132896
206830,4;0,1132675
206847,1;0,1132547
206863,5;0,1132547
206880;0,1132076
206896,6;0,1131825
206913,6;0,1131541
206930,3;0,1131382
206946,4;0,1131382
206962,9;0,1130784
206979,5;0,1130723
206996;0,1130423
207012,9;0,1130141
207029,2;0,1129904
207045,7;0,1129747
207062,6;0,1129562
207078,9;0,1129419
207095,4;0,1129419
207112,1;0,1129263
207128,6;0,1128638
207145,1;0,1128309
207161,8;0,1128013
207178,3;0,1127889
207194,8;0,1127889
207211,4;0,1127593
207228;0,1127124
207244,5;0,1126842
207261,3;0,1126842
207278,1;0,1126687
207294,5;0,1126186
207311,2;0,1125876
207327,8;0,1125702
207344,5;0,1125327
207360,5;0,1125173
207377;0,1125157
207393,8;0,1124766
207410,7;0,1124377
207426,8;0,112405
207443,9;0,1123739
207459,9;0,1123677
207476,5;0,1123365
207493;0,1122976
207509,6;0,1122632
207526,2;0,1122444
207543,1;0,1122273
207559,3;0,1122227
207575,8;0,1121586
207592,4;0,1121431
207609;0,1121042
207625,6;0,1121042
207642,1;0,1120341
207658,7;0,1120217
207675,3;0,111983
207692,2;0,1119412
207708,4;0,1119412
207724,9;0,1119176
207741,7;0,1119176
207758,1;0,111899
207774,8;0,1118132
207791,3;0,1117074
207807,9;0,1116762
207824,4;0,1116762
207841;0,1115909
207857,5;0,1115353
207874;0,1114798
207890,8;0,1114473
207907,2;0,1114473
207923,8;0,111346
207940,4;0,111346
207956,9;0,1112695
207973,5;0,1112421
207990;0,111187
208006,6;0,1111622
208023,1;0,1111349
208039,7;0,1111132
208056,3;0,1110523
208073,1;0,1109988
208089,4;0,110947
208106,5;0,110947
208123;0,1108423
208139,1;0,1108317
208155,7;0,1107769
208172,3;0,110721
208188,8;0,1106787
208205,4;0,1106257
208222,1;0,1105939
208238,7;0,1105321
208255,1;0,1104839
208271,7;0,1104389
208291,9;0,1103964
208308,5;0,1103755
208325;0,1102658
208341,6;0,1102315
208358,8;0,1102315
208374,9;0,1102028
208391,3;0,1101983
208408;0,1100401
208424,4;0,1099522
208441,1;0,1098748
208457,9;0,109832
208474,1;0,109774
208490,7;0,1097012
208507,3;0,1096697
208524,5;0,109633
208540,4;0,1096241
208557;0,1094895
208573,5;0,1094217
208590,1;0,1093851
208607,1;0,1093391
208623,5;0,1092817
208639,8;0,1092393
208656,4;0,1092393
208673;0,1091317
208689,5;0,1090556
208706,1;0,1089866
208723,3;0,1089397
208739,3;0,1088769
208755,9;0,1088407
208772,5;0,1087734
208788,9;0,1087191
208805,5;0,1086635
208822;0,1085893
208838,6;0,1085485
208855,2;0,1084934
208872,2;0,1084253
208888,5;0,1083595
208904,9;0,1083233
208921,5;0,1083233
208938;0,1081954
208955,6;0,1081676
208971,1;0,1081115
208988,2;0,1080881
209004,6;0,1080594
209021,8;0,1080508
209037,9;0,1079887
209054,2;0,1078286
209070,9;0,1076894
209087,3;0,1076047
209103,7;0,1075598
209120,6;0,1075598
209136,8;0,1074483
209153,5;0,1074047
209169,9;0,1073947
209189,8;0,1072646
209203,1;0,1071826
209219,6;0,107138
209236,2;0,1070992
209252,8;0,1070268
209269,7;0,106952
209285,9;0,1069082
209302,6;0,1068794
209319,2;0,1068048
209336;0,1067254
209352,5;0,1066841
209368,7;0,1066118
209385,4;0,1065358
209401,9;0,1064922
209418,4;0,1064523
209435,8;0,1064203
209451,8;0,1063453
209468,2;0,1062764
209485;0,1062019
209501,3;0,1061632
209518,1;0,1061632
209534,4;0,1060186
209551;0,1059814
209567,5;0,1059294
209584,3;0,1058675
209600,7;0,1057946
209617,3;0,1057623
209633,8;0,1057623
209650,4;0,1057248
209667;0,1057178
209683,5;0,1056128
209700,1;0,1054664
209716,6;0,1054298
209733,6;0,1053565
209750;0,1052906
209766,3;0,105255
209783;0,1051907
209799,5;0,1051576
209816;0,1051086
209832,6;0,1050333
209849,2;0,1049916
209865,7;0,1049608
209882,9;0,1049261
209898,9;0,1049038
209915,4;0,1047904
209932,4;0,1047173
209948,6;0,1046729
209965,5;0,1046458
209981,7;0,104625
209998,3;0,1044867
210014,8;0,1044074
210031,5;0,1043669
210048,5;0,1043053
210064,5;0,1042481
210085,6;0,1041533
210097,7;0,1041215
210114,3;0,1040806
210130,8;0,1040595
210147,4;0,1039149
210164,3;0,1039149
210181;0,1038304
210197,1;0,1037479
210213,7;0,1036769
210230,5;0,1035998
210246,8;0,1035998
210263,5;0,1035596
210279,9;0,1035596
210296,5;0,1035227
210313,1;0,1034841
210330;0,1033664
210346,2;0,1032082
210362,9;0,1031266
210379,3;0,1030532
210396,5;0,1030153
210413,1;0,1029395
210429;0,1028987
210446;0,1028648
210462,2;0,1028189
210478,7;0,1027107
210495,8;0,1026334
210512,1;0,1025946
210528,4;0,1025321
210545,1;0,1024826
210561,5;0,1024055
210578,1;0,1023735
210594,7;0,1023021
210611,2;0,1022514
210627,8;0,1021867
210644,4;0,1021867
210660,9;0,1021182
210677,6;0,1020361
210694,2;0,1019716
210710,6;0,1019028
210727,6;0,1018638
210744,1;0,1018335
210760,5;0,1018243
210776,9;0,1017286
210793,8;0,1016287
210810,5;0,1015838
210827,4;0,1015838
210844,1;0,1014899
210859,7;0,1014079
210876,8;0,101375
210892,9;0,1013071
210909,6;0,1013071
210926,2;0,1012787
210943,5;0,1012762
210959,3;0,1011386
210975,7;0,1010419
210992,3;0,1010103
211009;0,1009557
211026,3;0,1009482
211042,9;0,1009201
211059,6;0,1008292
211076,1;0,1007813
211092,6;0,1007495
211109,4;0,1007495
211125,7;0,1006918
211142,3;0,1006918
211158,9;0,1005857
211175,4;0,1005
211192;0,100438
211209,2;0,1004019
211225,2;0,100335
211241,7;0,100306
211258,3;0,100306
211275,5;0,1001728
211291,4;0,1001385
211308,1;0,1001017
211324,5;0,100041
211341,1;0,100041
211357,7;0,09991814
211374,2;0,09991936
211390,8;0,09984747
211407,5;0,09979678
211424,8;0,09973215
211440,6;0,09970068
211457,1;0,09970068
211474;0,09960435
211490,7;0,09953886
211506,8;0,09953886
211523,3;0,09951468
211539,9;0,09941462
211556,8;0,09941211
211573;0,09939171
211589,6;0,09935916
211606,4;0,09929422
211623;0,09917291
211639,3;0,09913529
211655,9;0,09909505
211672,5;0,09903934
211689;0,09903934
211705,9;0,09897979
211722,3;0,09892698
211738,7;0,09888412
211755,3;0,09883606
211772;0,0987998
211788,4;0,09877555
211805;0,09873397
211821,5;0,09873397
211838,1;0,09863932
211854,7;0,09863553
211871,3;0,09858804
211887,8;0,09855256
211905,4;0,0985149
211927;0,09849482
211937,5;0,09848231
211954,5;0,09846968
211970,7;0,09842245
211987,5;0,0983953
212003,8;0,09838396
212020,3;0,09836797
212036,9;0,09834454
212053,5;0,09833081
212070;0,09831971
212086,6;0,09829134
212103,6;0,09828395
212119,7;0,09826078
212136,3;0,09826078
212152,9;0,0982435
212169,4;0,0982288
212186;0,09822149
212202,8;0,09821405
212219,1;0,09821405
212236,7;0,09819922
212252,4;0,09818324
212269;0,09817103
212285,4;0,09815633
212302;0,09815267
212318,5;0,09814669
212335,1;0,09814071
212351,7;0,09813107
212368,2;0,09812863
212384,8;0,09812497
212401,6;0,09812137
212417,9;0,09812137
212434,5;0,09811289
212451,1;0,09810923
212467,6;0,09811045
212484,8;0,09810441
212500,8;0,09810441
212517,3;0,09809599
212533,9;0,09809599
212550,7;0,09808519
212567,4;0,09808165
212583,7;0,09807323
212600,4;0,09806719
212616,7;0,09806719
212633,3;0,09804919
212650;0,09804326
212666,4;0,09803966
212683,5;0,0980324
212699,6;0,09802294
212716,1;0,09801585
212732,8;0,09800865
212749,6;0,09800511
212765,8;0,09800151
212782,4;0,0979896
212799,4;0,09798606
212815,5;0,09797898
212832,1;0,09797898
212848,7;0,09797782
212865,9;0,09797782
212885,3;0,09797067
212898,4;0,09795174
212914,9;0,09794465
212931,5;0,09793995
212948,1;0,09793995
212965,2;0,09793629
212981,4;0,09793397
212998;0,09792451
213014,3;0,0979173
213031,3;0,09791254
213047,5;0,09791011
213064;0,0979054
213080,6;0,09790412
213097,2;0,09789826
213114;0,09789814
213130,3;0,09788989
213146,9;0,09788989
213163,5;0,09788752
213180;0,09788752
213196,7;0,09788629
213213,8;0,09788629
213229,7;0,09788513
213246,3;0,09788275
213262,8;0,09788275
213280;0,09788048
213296;0,0978817
213312,5;0,09787572
213329,2;0,09787456
213346;0,09787102
213363;0,09786864
213378,9;0,0978651
213395,5;0,09786277
213411,9;0,09785325
213428,7;0,09785325
213445,1;0,09784971
213462,1;0,09784373
213478,2;0,09784251
213494,9;0,09784134
213511,3;0,09784012
213527,9;0,09783658
213544,5;0,0978259
213561;0,09782596
213577,7;0,09782596
213594,2;0,0978223
213610,7;0,09781405
213627,3;0,09781045
213643,9;0,09780807
213660,8;0,09780807
213677;0,09779263
213693,6;0,0977856
213710,1;0,09777968
213726,7;0,09777602
213743,4;0,09777602
213764,2;0,09775697
213776,4;0,09774866
213793,1;0,09773798
213809,5;0,09773315
213826,6;0,09772363
213842,7;0,09771771
213859,2;0,09771062
213876,1;0,09769988
213892,4;0,09768566
213909;0,09768566
213925,5;0,09766777
213942,1;0,09765232
213958,6;0,09764396
213975,7;0,09763084
213991,8;0,09762247
214008,3;0,09761051
214024,9;0,09759983
214041,6;0,09758554
214058;0,09758554
214074,6;0,09756766
214091,2;0,09754872
214107,7;0,09754634
214124,3;0,09754036
214140,9;0,09754036
214157,5;0,09753682
214174;0,09750447
214190,6;0,097482
214207,1;0,09746417
214223,7;0,09745459
214240,7;0,09744268
214256,8;0,0974284
214273,4;0,097413
214290;0,09740458
214306,6;0,09738687
214323,1;0,09737851
214339,7;0,09736422
214356,2;0,09735824
214373,3;0,09735824
214389,4;0,09732741
214405,9;0,09732381
214422,5;0,09730116
214439,1;0,09728705
214455,6;0,09727276
214472,2;0,09725848
214488,8;0,09725011
214505,5;0,09724187
214521,9;0,09721956
214538,5;0,09721126
214555;0,09719587
214571,6;0,09719587
214588,4;0,09716985
214604,7;0,09716869
214621,3;0,09715208
214637,9;0,09714732
214654,5;0,09713908
214671,6;0,09712485
214693,3;0,09712137
214704,1;0,09710481
214721;0,09709419
214737,3;0,09708599
214754,1;0,09708599
214770,4;0,09707769
214787;0,09707769
214803,5;0,09706236
214820,1;0,09704226
214836,7;0,09703036
214853,2;0,09702566
214869,8;0,09702566
214886,4;0,09701741
214902,9;0,09699842
214919,5;0,09699725
214936,1;0,09698889
214952,6;0,09698773
214969,5;0,09697129
214985,8;0,09695956
215002,3;0,09694545
215018,9;0,09694545
215035,5;0,09692774
215052;0,09690898
215068,8;0,09689835
215085,2;0,09689718
215101,7;0,09689718
215118,3;0,09686884
215135,4;0,09685717
215151,4;0,09684776
215168,3;0,09683254
215184,6;0,09682418
215201,1;0,0968172
215217,7;0,09680768
215234,3;0,0967924
215251;0,09677602
215267,4;0,0967619
215284,1;0,09674767
215300,5;0,09674652
215317,3;0,09673235
215333,7;0,09671829
215351;0,09670418
215366,8;0,09669709
215383,4;0,09669133
215400,5;0,09667832
215417,2;0,09667832
215433,1;0,09667717
215450,3;0,09664086
215466,2;0,09663493
215482,8;0,09662437
215499,5;0,09661856
215516;0,09661379
215532,5;0,09659044
215549;0,09657859
215565,6;0,09655989
215582,2;0,09655989
215598,7;0,09654229
215615,5;0,09653398
215631,9;0,0965175
215648,4;0,09650455
215665;0,0964974
215681,7;0,09649037
215698,5;0,0964798
215715;0,0964798
215731,3;0,09645744
215748;0,09644815
215764,4;0,09643182
215781;0,09643182
215797,5;0,09641781
215814,2;0,09640033
215830,7;0,09638511
215847,2;0,09637803
215863,8;0,09636164
215880,8;0,09635462
215897,1;0,096343
215913,7;0,096329
215930,1;0,09631836
215946,6;0,09630663
215963,2;0,09629839
215979,9;0,09629839
215996,3;0,09628201
216012,9;0,09627492
216030,1;0,09627492
216046;0,09627016
216062,6;0,09627016
216079,2;0,09625709
216096,5;0,09625123
216112,4;0,09625123
216128,9;0,09625006
216145,6;0,09624884
216162;0,09625123
216178,6;0,09625233
216195,2;0,09625233
216211,7;0,09625349
216228,3;0,09625819
216244,8;0,09626064
216261,4;0,09626064
216278;0,09626174
216294,5;0,09626644
216311,1;0,09626993
216327,7;0,09627591
216344,2;0,09628305
216360,8;0,09628537
216377,4;0,09629013
216393,9;0,09629368
216410,6;0,09629489
216427,1;0,09630314
216443,7;0,09630674
216460,3;0,09630674
216476,8;0,09631859
216494,3;0,09632794
216511,6;0,09633398
216527,6;0,09634333
216544;0,09635152
216561;0,09635513
216577,2;0,09636819
216593,8;0,09637057
216610,3;0,09637887
216627,2;0,09637887
216643,5;0,09639543
216660,6;0,09639543
216677;0,09639543
216693,1;0,09639543
216709,7;0,09640019
216726,5;0,09641552
216742,8;0,09642836
216759,4;0,09643068
216776;0,09643777
216792,5;0,09644369
216809,8;0,09645072
216825,9;0,09645431
216842,2;0,09645902
216858,9;0,0964614
216875,7;0,09646616
216891,9;0,09646971
216908,5;0,09647784
216925,1;0,09648132
216941,6;0,09648132
216958,2;0,09648946
216974,9;0,09649649
216991,3;0,09649881
217008;0,09650229
217024,5;0,096507
217041,5;0,09651751
217057,8;0,09652802
217074,2;0,09653035
217090,8;0,09653278
217107,3;0,09653278
217124,7;0,09656776
217124,7;0,09657589
217144,6;0,09659205
217161,6;0,09659205
217177,7;0,09660146
217194,3;0,09660727
217210,8;0,09660727
217227,4;0,09660727
217243,9;0,09660727
217260,5;0,09661418
217277,1;0,09661882
217293,8;0,09662458
217310,3;0,09662341
217326,8;0,0966211
217343,8;0,09662447
217359,9;0,09662558
217376,5;0,09662442
217393,1;0,09662442
217409,6;0,09662552
217426,7;0,09663012
217442,8;0,09663709
217459,8;0,09664284
217475,9;0,09664284
217493;0,09664976
217509;0,0966533
217525,6;0,09666265
217542,5;0,09667206
217558,8;0,09667798
217575,3;0,09668257
217591,8;0,0966849
217608,7;0,0966849
217625,3;0,09669878
217641,5;0,09669524
217658,1;0,09670454
217675,1;0,09670796
217691,3;0,09671726
217708,3;0,0967219
217724,4;0,0967276
217741;0,09673104
217757,6;0,09674143
217774,1;0,09674835
217790,7;0,09675062
217807,2;0,09676212
217823,8;0,09676212
217840,6;0,09676556
217856,9;0,09676556
217873,5;0,09676556
217890;0,09676672
217906,8;0,09677827
217923,2;0,09677822
217939,9;0,09677827
217956,3;0,09677944
217973,1;0,09678409
217989,5;0,0967853
218006;0,0967853
218022,9;0,0967842
218039,2;0,09678188
218055,7;0,09677822
218072,3;0,09677711
218088,9;0,09677711
218105,4;0,09677479
218122;0,09677711
218139;0,09677473
218155,1;0,09677467
218171,7;0,09677357
218188,3;0,09677009
218204,8;0,09677003
218221,4;0,09677485
218238,7;0,09676422
218254,5;0,09676422
218271,4;0,09676068
218287,9;0,09674999
218304,2;0,09674523
218320,9;0,09674407
218337,9;0,09674523
218353,9;0,09673814
218371,1;0,09673455
218387,1;0,09673107
218403,6;0,09673107
218420,6;0,09672636
218436,8;0,09671933
218453,7;0,09671817
218469,9;0,09671463
218486,5;0,09671463
218503;0,09670749
218519,6;0,09670749
218536,2;0,09670272
218553,2;0,09669437
218569,3;0,09669431
218586;0,09669198
218602,4;0,09669198
218619;0,09668356
218635,6;0,09668838
218652,1;0,09668722
218668,7;0,09668838
218685,2;0,09668838
218701,9;0,09668362
218718,8;0,09668362
218735,2;0,09668246
218751,7;0,09668013
218768,1;0,09668013
218784,8;0,0966766
218801,2;0,09667543
218818;0,09667549
218834,9;0,09667787
218850,9;0,09668025
218867,5;0,09668263
218885,4;0,09668623
218900,6;0,09668623
218917,2;0,09668978
218933,8;0,09668978
218950,8;0,09669094
218966,9;0,09669337
218984,2;0,09669576
219000,1;0,09669697
219016,6;0,09669697
219033,5;0,09670173
219049,9;0,09670534
219066,3;0,09670766
219082,9;0,09670418
219099,4;0,09670778
219116;0,09671376
219133,1;0,09671376
219149,1;0,09671968
219166,1;0,09671846
219182,7;0,09672084
219199;0,09673402
219215,6;0,09673879
219232,3;0,09674007
219248,5;0,09674715
219265,2;0,09675551
219282,4;0,09676614
219298,2;0,09677433
219314,8;0,09677433
219331,5;0,09679663
219348,3;0,09680732
219364,5;0,09681673
219381;0,09683676
219397,6;0,09685221
219414,3;0,09685685
219430,7;0,09686875
219447,3;0,09686875
219463,9;0,09689239
219480,4;0,09690545
219497,8;0,09691022
219513,6;0,09691846
219530,2;0,09691846
219546,7;0,09693879
219563,3;0,0969471
219580,1;0,09695888
219596,4;0,09696243
219613,2;0,09698025
219629,5;0,09698612
219646,1;0,0969896
219662,7;0,09701812
219679,5;0,09702404
219695,8;0,09703241
219712,4;0,09705139
219728,9;0,09706219
219745,5;0,09707875
219762,1;0,09708937
219779,2;0,09709419
219795,2;0,09710018
219811,8;0,09710488
219828,8;0,09714407
219844,9;0,09716423
219861,5;0,09718803
219878;0,09720465
219895;0,09721649
219911,2;0,09723554
219928,1;0,09726051
219944,3;0,09726051
219960,9;0,09728315
219977,5;0,09730464
219994;0,09730464
220010,6;0,09732717
220027,1;0,0973594
220043,7;0,09737015
220060,3;0,09738328
220076,9;0,09738328
220093,6;0,09742747
220110;0,09744541
220126,8;0,09746122
220143,8;0,09747074
220159,7;0,09747074
220176,2;0,09751999
220192,9;0,09753068
220210,2;0,09754734
220226;0,09755576
220242,5;0,09756761
220259,1;0,09758538
220275,7;0,09758538
220292,5;0,09762475
220308,8;0,09763549
220325,3;0,09764148
220342,4;0,09765704
220358,5;0,09765704
220375,7;0,09767951
220391,6;0,09767951
220408,3;0,09767951
220424,8;0,09768909
220441,3;0,09769258
220458,2;0,09770326
220474,7;0,09771854
220491,2;0,09774345
220507,6;0,09776006
220524,2;0,0977672
220540,8;0,09777429
220557,3;0,09777429
220574,2;0,0978042
220590,6;0,09782208
220607,2;0,09782922
220624;0,09784229
220640,1;0,09784583
220656,7;0,0978542
220673,3;0,0978542
220689,8;0,0978816
220706,4;0,09789716
220723;0,09791262
220739,8;0,09792452
220756,3;0,09793997
220772,7;0,09794955
220789,7;0,09794955
220806,4;0,09797092
220823,1;0,09798515
220838,9;0,09800187
220855,5;0,09800895
220872,2;0,09802208
220888,6;0,09802208
220905,5;0,09803515
220921,8;0,09805059
220938,7;0,09806488
220955,5;0,09807324
220971,5;0,0980744
220988;0,09809455
221004,6;0,09810286
221021,2;0,09810872
221038,2;0,09811697
221054,3;0,09811697
221070,8;0,09812057
221087,4;0,09812649
221104;0,09814438
221121;0,09815843
221137,1;0,09815843
221153,9;0,09817155
221170,8;0,09818584
221187;0,09818822
221203,4;0,09819653
221219,9;0,09820013
221236,5;0,09822034
221253,1;0,09823334
221270;0,09823938
221286,2;0,09823938
221302,8;0,09825117
221319,3;0,09826325
221335,9;0,0982668
221352,5;0,09827998
221369,1;0,09827998
221385,8;0,09829194
221402,2;0,09830762
221418,9;0,09831598
221435,3;0,09832074
221451,9;0,09832312
221469,1;0,09835327
221485;0,09835327
221501,6;0,09836522
221518,2;0,09837603
221534,7;0,09838927
221551,3;0,09839891
221568,3;0,09839891
221585,4;0,09841093
221601;0,09842783
221617,5;0,09843747
221634,1;0,09844589
221650,7;0,09845437
221667,8;0,09845919
221684;0,09846755
221700,8;0,09846999
221717;0,09846999
221733,6;0,09847121
221750,1;0,09848318
221767,5;0,09848933
221783,5;0,09850495
221800;0,098511
221816,3;0,098511
221832,9;0,09851343
221849,5;0,09851582
221866;0,09852545
221882,6;0,09852911
221899,2;0,09852911
221915,8;0,09853277
221932,3;0,09853521
221949,5;0,09854113
221965,5;0,09853869
221982;0,09853753
221998,8;0,09853875
222015,3;0,09853388
222031,7;0,09852783
222048,5;0,09852783
222065;0,09852667
222081,4;0,09852185
222098,5;0,09852185
222114,5;0,09851337
222131,1;0,09850599
222147,7;0,09849983
222164,3;0,09849745
222180,8;0,09849135
222197,5;0,09848043
222214;0,09847318
222230,5;0,09847195
222247,1;0,09847195
222263,7;0,09846231
222280,4;0,09846342
222296,8;0,09845743
222313,3;0,098455
222329,9;0,098455
222346,5;0,09845622
222363;0,09845622
222379,6;0,09845494
222396,2;0,09845256
222412,8;0,09845256
222429,5;0,09845256
222445,9;0,09845256
222462,5;0,09844901
222479;0,09844664
222496,1;0,09844303
222512,4;0,09843937
222528,7;0,09843937
222545,3;0,09843218
222562;0,09843095
222578,6;0,0984237
222595;0,0984237
222611,8;0,0984201
222628,2;0,09841771
222644,7;0,09841412
222661,4;0,0984093
222678,2;0,0984093
222700,3;0,09839483
222711;0,09839123
222727,5;0,09838653
222744,1;0,09838288
222761,3;0,09838288
222777,2;0,09836853
222794,4;0,09836609
222810,3;0,09835674
222827,2;0,09835552
222843,5;0,09834826
222860;0,09834228
222876,6;0,0983399
222893,2;0,09833752
222909,9;0,09832451
222926,5;0,09831388
222942,9;0,098309
222959,4;0,0983043
222976;0,0983043
222992,8;0,09830308
223009,3;0,09829832
223026,1;0,09829001
223042,3;0,09827573
223058,9;0,09827207
223075,4;0,09826858
223092;0,09826621
223108,8;0,09826498
223125,1;0,09826388
223141,7;0,09826388
223158,3;0,09825895
223174,8;0,098259
223191,4;0,09825657
223208;0,09826016
223224,6;0,09826133
223241,3;0,09826133
223258,1;0,09826493
223274,2;0,09826615
223291;0,09826615
223307,7;0,09827103
223324,8;0,09827457
223341,2;0,09827945
223357,5;0,09828304
223373,7;0,09828188
223390,2;0,0982831
223406,8;0,09828804
223423,3;0,0982881
223439,9;0,09829555
223456,5;0,09829805
223473;0,09830427
223489,6;0,09830427
223506,2;0,098318
223522,7;0,09832673
223539,3;0,09833795
223556;0,09835546
223572,4;0,09836291
223589;0,09837541
223605,5;0,09838298
223622,1;0,09839305
223639,1;0,09839305
223655,3;0,09842185
223675;0,0984493
223689;0,09849202
223704,9;0,09851087
223721,7;0,0985296
223738,1;0,09854455
223754,7;0,09855719
223771,2;0,0985822
223787,8;0,09861755
223804,4;0,09864634
223821,6;0,09864885
223837,7;0,098679
223854;0,09870555
223870,7;0,09875207
223887,2;0,09877124
223904,3;0,09880787
223920,8;0,09884719
223936,9;0,09886599
223953,5;0,09890274
223970,3;0,09890274
223986,8;0,09895592
224003,1;0,0989862
224020,5;0,09903182
224036,3;0,0990698
224053,1;0,0990886
224069,6;0,09912767
224086,2;0,09913018
224102,5;0,09915821
224119,1;0,09921614
224135,8;0,09925778
224152,9;0,09928069
224168,8;0,09928069
224185,4;0,09934986
224202;0,09939148
224218,7;0,0994178
224235,1;0,09945565
224252,3;0,09945565
224268,2;0,09947984
224285;0,09947984
224301,3;0,09955272
224318;0,09963916
224334,7;0,09967934
224351,3;0,09970583
224367,6;0,09970583
224384,2;0,09974106
224400,7;0,1006551
224400,7;0,1008107
224420,8;0,1008582
224437,3;0,1008822
224453,9;0,1008822
224470,6;0,1009107
224487;0,1009363
224503,6;0,1009363
224520,1;0,1010246
224537,1;0,1011496
224553,3;0,1011834
224569,8;0,1011834
224586,4;0,1012584
224603;0,1013195
224619,5;0,1013512
224636,1;0,101377
224652,7;0,1013847
224669,3;0,1014849
224685,8;0,1015364
224702,4;0,1015603
224719,1;0,1015868
224735,5;0,1015957
224752,1;0,1016851
224768,6;0,1017383
224785,2;0,1017586
224801,8;0,1017943
224818,3;0,1018388
224834,9;0,1018921
224851,8;0,1018921
224868,7;0,1019432
224884,8;0,1019928
224902;0,1020402
224918,3;0,1020647
224934,3;0,1021172
224950,9;0,1021452
224968,1;0,1021685
224984,5;0,1021914
225000,6;0,1022532
225017,2;0,1022865
225033,7;0,1023123
225050,3;0,1023365
225066,8;0,1023688
225083,9;0,1023958
225100;0,1023958
225117,3;0,1024075
225133,1;0,1024102
225149,7;0,1024425
225166,7;0,1024982
225183,1;0,1025073
225199,4;0,1025229
225215,9;0,1025308
225232,7;0,1025438
225249,2;0,1025464
225265,8;0,1025582
225282,4;0,1025661
225298,9;0,1025714
225315,5;0,1025701
225332,1;0,1025701
225348,7;0,1025727
225365,2;0,10257
225381,8;0,1025701
225398,3;0,1025701
225415,2;0,1025636
225431,6;0,1025584
225448;0,1025455
225464,7;0,10253
225481,2;0,10253
225497,7;0,1025169
225514,3;0,1024989
225531,1;0,1024834
225547,4;0,1024731
225564;0,1024564
225580,6;0,1024446
225597,3;0,1024332
225613,7;0,1024188
225630,3;0,102387
225647;0,1023625
225663,4;0,1023496
225680;0,1023355
225696,5;0,1023277
225713,1;0,1022855
225729,7;0,1022855
225746,4;0,102269
225763,1;0,102269
225779,8;0,102256
225796,1;0,1022076
225812,5;0,1021465
225829,1;0,1021058
225845,7;0,1020894
225862,2;0,1020894
225878,8;0,1020426
225895,6;0,1019884
225911,9;0,1019595
225928,5;0,1019442
225945;0,1019243
225962;0,1019015
225978,3;0,1018779
225994,8;0,1017826
226011,3;0,1017374
226027,9;0,1017038
226045,2;0,1016675
226061,2;0,1016675
226077,6;0,101631
226094,1;0,1015445
226110,7;0,1015221
226130,9;0,1015055
226147,5;0,1014795
226164,1;0,1013958
226180,6;0,1013521
226197,2;0,1013208
226214,5;0,1013036
226230,3;0,1012795
226247,6;0,1012035
226263,5;0,1011783
226280,7;0,1011258
226296,6;0,1011258
226313,6;0,1010599
226329,8;0,1010249
226346,5;0,1009716
226362,9;0,1009264
226379,5;0,1009264
226396,1;0,1009023
226412,6;0,1009023
226429,2;0,1008485
226445,8;0,10074
226462,6;0,1006947
226479,4;0,1006424
226495,6;0,1006173
226512,7;0,100566
226528,5;0,1005362
226545,7;0,1005362
226561,7;0,1004672
226578,3;0,1004298
226594,8;0,1003934
226611,4;0,100317
226628,3;0,1002606
226644,5;0,1002344
226661,3;0,1001781
226677,6;0,1001454
226694,4;0,1000942
226711,2;0,1000453
226728,1;0,1000131
226744;0,1000131
226760,5;0,09994674
226777,2;0,09986411
226793,6;0,09983137
226810,9;0,09977096
226827,3;0,09972981
226844,1;0,09966978
226859,9;0,09960436
226876,4;0,09957021
226893,7;0,09957021
226909,8;0,09947114
226926,1;0,09941342
226943,1;0,09940463
226959,5;0,0993643
226975,8;0,09926267
226998,2;0,09920128
227014,8;0,09916519
227031,4;0,09912866
227047,9;0,09912738
227064,6;0,09906131
227081,3;0,09892621
227097,6;0,09885562
227114,3;0,098823
227130,7;0,09876078
227147,3;0,09870362
227163,9;0,09866143
227180,4;0,09866143
227197;0,09861026
227213,7;0,09853406
227230,1;0,09848815
227246,7;0,0984581
227263,3;0,09844834
227279,9;0,09834559
227296,5;0,09830577
227313,1;0,09826872
227329,5;0,09824181
227346,2;0,09819261
227362,7;0,09814226
227379,8;0,09814226
227396;0,0980932
227412,4;0,09804913
227429,4;0,098
227445,5;0,09797187
227462,1;0,09793159
227479,6;0,09791072
227495,2;0,09787416
227511,8;0,09781314
227528,4;0,09779013
227544,9;0,09776688
227561,5;0,09771702
227578;0,0976735
227594,6;0,09764786
227611,2;0,097614
227627,8;0,09759599
227644,3;0,0975595
227660,9;0,0975595
227677,7;0,09753777
227694;0,09753777
227710,6;0,09746038
227727,1;0,09741229
227743,7;0,09738812
227760,9;0,09735443
227777,1;0,09735443
227793,4;0,09733996
227810;0,09729198
227826,5;0,09726933
227843,1;0,09724785
227865,3;0,09723595
227876,2;0,09721214
227892,8;0,09720383
227909,4;0,09718008
227926;0,09718008
227942,5;0,09716353
227959,1;0,097141
227976;0,09713379
227992,2;0,09712666
228008,8;0,09711121
228025,3;0,0971029
228041,9;0,0971029
228058,5;0,09707323
228075;0,09707084
228091,9;0,09705668
228108,2;0,09704477
228124,7;0,09702938
228141,5;0,09701632
228157,9;0,09701632
228174,6;0,09700221
228191,4;0,09698554
228207,6;0,09697137
228224,1;0,09696539
228240,9;0,0969536
228257,8;0,09694889
228273,9;0,09694065
228290,4;0,09693833
228307,1;0,09693478
228323,9;0,09693002
228340,1;0,09693002
228356,7;0,09690516
228373,3;0,09688623
228389,8;0,09687793
228407;0,09687793
228422,9;0,09686968
228439,5;0,09685308
228456,1;0,09684477
228472,6;0,09683995
228489,2;0,09683763
228505,8;0,09683171
228522,4;0,09683286
228539;0,09681504
228555,5;0,09680906
228572;0,0968043
228589,6;0,0968043
228605,2;0,09679489
228621,7;0,09678902
228638,3;0,09678426
228655,1;0,09678188
228671,6;0,09678072
228688;0,09677358
228704,6;0,09677236
228721,2;0,0967676
228739,7;0,09676521
228756,4;0,09676399
228772,9;0,09676272
228789,4;0,09676272
228806;0,09676266
228822,6;0,09676266
228839,3;0,0967662
228855,7;0,09676742
228872,5;0,09676742
228888,8;0,09676986
228905,4;0,0967781
228922,7;0,09677938
228938,5;0,09677938
228955,3;0,09678287
228971,7;0,09678287
228988,2;0,09678769
229005,1;0,0968018
229022;0,09680778
229037,9;0,09681968
229054,5;0,09682328
229071,6;0,09683513
229087,7;0,09683513
229104,2;0,09685052
229121,5;0,09686359
229137,7;0,09687544
229153,9;0,0968885
229170,5;0,0968885
229187;0,09690029
229204;0,09690383
229220,2;0,09690383
229237;0,09691219
229253,3;0,09692642
229269,9;0,09692991
229286,4;0,09693467
229303;0,09693821
229319,6;0,09695836
229336,3;0,0969763
229352,9;0,09699059
229369,3;0,09699059
229386;0,09702422
229402,5;0,09705425
229419;0,09707487
229435,5;0,09708684
229452,3;0,09709416
229468,7;0,09715958
229485,8;0,09720077
229501,8;0,09722146
229518,6;0,09724331
229535;0,09724825
229551,5;0,09732588
229568,1;0,09732588
229584,6;0,09734877
229601,6;0,09734877
229617,8;0,09737685
229634,7;0,09742207
229651,3;0,09748261
229667,9;0,09758258
229684,4;0,09760559
229701,3;0,09760559
229718,4;0,09765191
229734,6;0,09772508
229750,7;0,09775304
229767,3;0,09777512
229784,1;0,09779929
229801,1;0,09787015
229817;0,09791379
229833,5;0,09793709
229850,1;0,09793709
229867;0,09801265
229883,3;0,09805898
229900,5;0,09808344
229916,4;0,09810773
229932,9;0,09811757
229949,5;0,09820771
229966,1;0,09825781
229982,7;0,0982824
229999,2;0,0983092
230015,8;0,0983253
230032,3;0,09840953
230048,9;0,09840953
230065,7;0,09845579
230082;0,09851554
230098,8;0,0985596
230115,5;0,09861087
230131,9;0,09861087
230148,3;0,09866329
230164,9;0,09871963
230181,5;0,09877083
230198;0,09881154
230214,6;0,09882724
230231,6;0,0988359
230247,7;0,09885556
230264,3;0,09888113
230280,8;0,09896346
230297,9;0,09908091
230314;0,09911288
230330,5;0,0991337
230347,3;0,09914968
230363,7;0,09923684
230380,7;0,09928854
230397;0,0993171
230413,5;0,09935507
230430;0,09939431
230446,5;0,09944716
230463,7;0,09948036
230479,6;0,09952589
230496,3;0,09954927
230512,8;0,09954927
230536,4;0,09959364
230548,3;0,0996808
230565,2;0,09973788
230581,6;0,09976767
230598;0,09982585
230614,6;0,09985931
230631,2;0,09990882
230648;0,09994715
230664,3;0,0999853
230681,1;0,1000381
230697,6;0,1000653
230714;0,1000922
230730,6;0,1001243
230747,4;0,1001243
230763,8;0,1002041
230780,4;0,1002141
230797,1;0,1002571
230813,9;0,1002841
230830,4;0,1003221
230846,5;0,100339
230863,1;0,100339
230879,7;0,100339
230896,3;0,100355
230912,8;0,100355
230929,4;0,1004297
230945,9;0,100492
230962,5;0,1005226
230979,1;0,1005473
230995,6;0,1005743
231012,7;0,100605
231028,8;0,1006245
231045,3;0,1006477
231062,2;0,1006589
231078,5;0,1006922
231095;0,1006922
231111,6;0,1007362
231128,3;0,1007498
231144,7;0,1007731
231161,5;0,1008026
231178,5;0,1008063
231195;0,1008471
231211;0,1008729
231227,5;0,1008925
231244,3;0,1009232
231260,7;0,1009269
231277,7;0,1009687
231293,8;0,1009687
231310,4;0,1009947
231327;0,1010194
231343,6;0,1010394
231360,1;0,1010507
231376,6;0,1010632
231393,6;0,101072
231409,8;0,1010795
231426,3;0,1010795
231448,6;0,1010872
231459,5;0,1010997
231476;0,1010997
231492,6;0,1011047
231509,2;0,101106
231526,1;0,101106
231542,3;0,1011072
231559;0,1011135
231575,7;0,1011135
231592,4;0,1011096
231608,6;0,1011084
231625,2;0,1011084
231642;0,1011071
231658,3;0,1011059
231675,3;0,1010996
231692,1;0,1010996
231708;0,1010908
231724,5;0,1010807
231741,5;0,1010782
231757,7;0,1010682
231774,3;0,1010682
231791;0,1010581
231807,4;0,1010444
231824,1;0,1010369
231840,5;0,1010293
231857,6;0,1010217
231873,6;0,1010117
231890,2;0,1010003
231907,3;0,1010003
231923,3;0,1009865
231939,9;0,1009652
231956,5;0,1009601
231973,1;0,1009526
231989,9;0,1009463
232006,3;0,1009213
232023,2;0,1009136
232039,4;0,1008947
232056,8;0,1008947
232072,6;0,1008659
232089;0,100857
232105,6;0,1008358
232122,1;0,1008321
232138,7;0,1008232
232155,6;0,1008132
232171,9;0,1008132
232188,5;0,1007969
232205;0,1007368
232221,5;0,1006755
232238,2;0,1006419
232254,7;0,1006244
232271,3;0,1005807
232288;0,1005571
232305,2;0,1005236
232321;0,1004901
232337,6;0,1004651
232356,7;0,1004278
232373,3;0,1004057
232389,8;0,1004057
232406,4;0,1003349
232423,1;0,1002951
232439,5;0,1002592
232456,1;0,1002282
232472,6;0,1001874
232489,4;0,1001641
232505,8;0,1001641
232522,7;0,1000824
232538,9;0,1000464
232555,5;0,1000216
232572,2;0,09996838
232588,6;0,09996838
232605,2;0,09989024
232621,7;0,09985769
232638,8;0,09985769
232654,9;0,09977602
232671,4;0,09973891
232688;0,09969333
232704,6;0,09966879
232721,1;0,09964298
232737,7;0,09959745
232755;0,09955688
232770,8;0,09954473
232787,4;0,09951996
232804;0,09951996
232820,5;0,09949811
232837,2;0,09943172
232853,7;0,09938157
232870,3;0,09935344
232887,4;0,09932915
232903,7;0,09932287
232920,2;0,09930444
232936,5;0,09925777
232953,3;0,09922708
232969,7;0,09921377
232986,2;0,09921377
233002,8;0,09915587
233019,4;0,09913104
233035,9;0,09911518
233052,5;0,09909071
233069;0,09909071
233085,8;0,09904409
233102,2;0,09902921
233119;0,09902921
233135,3;0,09898265
233152,1;0,09897765
233168,4;0,09896544
233185,2;0,09890272
233201,8;0,09890022
233218,6;0,09886197
233234,7;0,09885959
233251,3;0,09883488
233270,1;0,09879815
233286,7;0,09877099
233303,2;0,09874763
233319,8;0,09873134
233336,5;0,09871676
233352,9;0,09871041
233369,5;0,09866367
233386,1;0,0986328
233402,6;0,09861565
233419,2;0,09861565
233436;0,09860083
233452,4;0,09860083
233469,1;0,09854506
233485,8;0,09852035
233502;0,09849931
233518,6;0,09847947
233535,2;0,09846471
233551,7;0,0984422
233569;0,0984422
233584,9;0,09842731
233601,4;0,09839748
233618,3;0,09838497
233634,6;0,09837875
233651,5;0,09837996
233667,9;0,09836239
233684,3;0,09836221
233700,8;0,09835854
233717,4;0,09835232
233734;0,09834738
233751;0,09834488
233767,1;0,09834488
233783,7;0,09833981
233800,7;0,09833609
233816,8;0,09833732
233833,4;0,09833615
233849,9;0,09833615
233866,5;0,09833622
233883,1;0,09833243
233899,7;0,09833
233916,2;0,0983275
233932,8;0,09833121
233949,3;0,09833121
233965,9;0,09832993
233982,5;0,09833238
233999;0,09833231
234015,6;0,09833231
234032,2;0,09833481
234048,7;0,09834109
234065,3;0,09834109
234082,1;0,09834488
234098,4;0,0983486
234115,5;0,09835739
234131,6;0,09837105
234148,1;0,09837105
234164,7;0,09838466
234182,6;0,09840564
234199,5;0,09841431
234215,7;0,09842541
234232,3;0,09844383
234249,3;0,09844383
234265,4;0,09844383
234282;0,09848183
234298,5;0,09849648
234315,3;0,09851612
234331,7;0,09853308
234348,3;0,09855261
234364,8;0,09856475
234381,4;0,09858549
234398;0,09859892
234414,5;0,09862094
234431,5;0,0986329
234447,8;0,0986329
234464,2;0,09866103
234480,8;0,09868892
234497,4;0,0986974
234513,9;0,09872522
234531,3;0,09872522
234547,1;0,09876397
234563,6;0,09878094
234580,2;0,09879784
234597;0,09882818
234613,3;0,09884149
234629,9;0,09886577
234646,5;0,09886577
234663;0,09889488
234679,6;0,09892044
234697,1;0,09893241
234712,7;0,09894571
234729,3;0,09894694
234746,2;0,09894822
234762,4;0,09901363
234779;0,09907099
234795,7;0,09909534
234812,1;0,09911969
234829,4;0,09911969
234845,7;0,09914648
234861,8;0,09920157
234878,5;0,09921768
234895,4;0,09923715
234911,7;0,09924093
234928,1;0,09931226
234944,7;0,09934179
234961,7;0,099364
234977,8;0,09939603
234994,4;0,09941336
235010,9;0,09944795
235027,5;0,09944917
235044;0,09946748
235060,6;0,09951946
235077,2;0,09955894
235093,8;0,0995861
235117,5;0,09960825
235126,9;0,09964418
235143,5;0,09965889
235160;0,0996839
235176,6;0,09971228
235193,7;0,09975066
235209,7;0,09977031
235226,3;0,09980503
235243;0,09983347
235259,8;0,09984097
235276;0,09985842
235292,5;0,09991522
235309,5;0,09994256
235325,7;0,09996861
235342,7;0,09996861
235358,8;0,099986
235376,1;0,099986
235392;0,1000443
235408,5;0,1001123
235425,1;0,1001346
235441,7;0,1001608
235459;0,1001608
235474,9;0,1001806
235491,3;0,1001955
235507,9;0,1002329
235524,5;0,1002826
235541;0,1002977
235557,6;0,1003278
235574,2;0,1003388
235590,8;0,1003388
235607,7;0,1003789
235624,1;0,1004015
235640,5;0,1004103
235657;0,1004178
235673,6;0,1004228
235690,4;0,100438
235706,7;0,1004467
235723,3;0,1004505
235740,3;0,1004505
235756,4;0,1004605
235773;0,100463
235789,5;0,1004618
235806,1;0,1004606
235822,7;0,1004631
235839,3;0,1004568
235856,2;0,1004507
235872,4;0,1004482
235889;0,1004432
235905,9;0,1004393
235922,1;0,1004368
235938,6;0,1004269
235955,2;0,1004219
235971,9;0,1004206
235988,4;0,1004206
236004,9;0,1004169
236021,5;0,1004131
236038;0,1003982
236054,6;0,1003882
236071,2;0,1003882
236087,8;0,1003732
236104,3;0,1003657
236120,9;0,1003533
236137,5;0,1003533
236154;0,1003483
236171,1;0,1003308
236187,2;0,100326
236203,8;0,1003209
236220,3;0,1003209
236237,1;0,1003034
236253,4;0,1002997
236270,3;0,1002935
236286,6;0,1002873
236303,4;0,100281
236320,3;0,1002687
236336,3;0,1002637
236352,8;0,1002624
236369,4;0,1002624
236385,9;0,1002426
236402,5;0,1002426
236419,3;0,1002277
236435,7;0,1002215
236452,8;0,1002215
236468,8;0,1002005
236485,3;0,1002005
236502,4;0,1001905
236518,5;0,1001844
236535;0,1001746
236551,6;0,1001624
236568,2;0,1001501
236584,8;0,1001465
236601,5;0,1001218
236617,9;0,1001218
236634,5;0,1001144
236651;0,1001144
236667,6;0,1001059
236684,1;0,1000641
236700,7;0,1000481
236717,7;0,1000285
236733,8;0,1000285
236750,4;0,1000076
236767,3;0,09999165
236783,5;0,09999165
236800,9;0,09995572
236816,7;0,09993729
236833,3;0,0999174
236849,8;0,09990019
236866,4;0,09988171
236883;0,09985694
236899,5;0,09985694
236916,1;0,09982241
236932,7;0,09978519
236949,2;0,09976677
236969,2;0,09973712
236982,3;0,09973467
236999,1;0,09969868
237015,6;0,0996739
237032,1;0,09964292
237048,8;0,09960826
237065,5;0,09958721
237082,1;0,09955987
237098,3;0,09953993
237115,3;0,09950527
237131,5;0,0994905
237148,1;0,09945725
237165,5;0,09942247
237181,2;0,09942247
237197,7;0,0994038
237214,3;0,09935407
237230,9;0,09932669
237248,2;0,09930191
237264;0,09930191
237280,5;0,09928568
237297,2;0,09928568
237313,9;0,09922533
237330,3;0,09915974
237346,8;0,09911495
237364,3;0,09909512
237380;0,09909512
237397,2;0,09903569
237413,1;0,09900469
237429,6;0,0989876
237446,2;0,09895295
237463,4;0,09895295
237479,4;0,09889223
237495,9;0,09887991
237512,5;0,09884025
237529,3;0,09880438
237545,6;0,09878089
237562,2;0,09874751
237578,8;0,09872878
237595,3;0,09869174
237612,4;0,09866581
237628,5;0,09864116
237645;0,09862371
237661,6;0,09859034
237678,1;0,09856307
237694,8;0,09855562
237711,3;0,09853207
237727,9;0,09851847
237744,4;0,09849621
237761;0,09847663
237777,7;0,09846295
237794,1;0,09846052
237810,7;0,09846052
237827,3;0,09843697
237843,8;0,09842715
237860,6;0,09842221
237877,1;0,09841739
237893,5;0,09841123
237910,5;0,09841123
237926,9;0,09840507
237943,2;0,09840263
237960;0,09838306
237976,3;0,09837824
237993,4;0,09836482
238010;0,09835506
238026,2;0,09835146
238042,6;0,09835146
238059,2;0,09833439
238075,8;0,09833439
238092,8;0,09832579
238108,9;0,09832213
238125,5;0,09831731
238142,4;0,09830639
238158,6;0,09829913
238175,2;0,09829547
238191,9;0,09829547
238208,3;0,09828456
238224,9;0,09827498
238241,4;0,09826887
238258,2;0,09826162
238274,5;0,09826162
238291,1;0,09825192
238307,7;0,09825192
238324,3;0,09823612
238340,8;0,0982324
238358,1;0,09822625
238374,2;0,09821655
238390,5;0,09821655
238407,1;0,09820319
238423,7;0,09819466
238440,2;0,098191
238456,8;0,09818496
238473,3;0,09818252
238489,9;0,09817178
238506,5;0,09816702
238523,7;0,09816214
238539,6;0,09816214
238556,3;0,09815969
238573;0,09815969
238589,3;0,09816092
238605,9;0,09815603
238622,5;0,0981536
238639;0,09815121
238656;0,09815121
238672,2;0,09815121
238689,3;0,09814524
238705,3;0,09814402
238721,8;0,09814285
238738,7;0,09814645
238755,1;0,09814524
238771,5;0,09814163
238788,1;0,09813797
238806,9;0,09813803
238821,3;0,09813315
238837,8;0,09813205
238854,4;0,09812137
238871;0,09812137
238887,5;0,09811544
238904,6;0,09811179
238920,7;0,09810337
238937,2;0,09809855
238953,8;0,09809262
238970,4;0,09808908
238987,3;0,09808072
239003,8;0,09808072
239020,4;0,09806643
239036,6;0,09806405
239053,2;0,09806167
239069,8;0,09805104
239086,6;0,09804506
239102,9;0,09803919
239119,5;0,0980356
239136;0,09802596
239152,6;0,09802363
239169,1;0,09801655
239186;0,09801771
239202,3;0,09801184
239218,9;0,09800714
239235,4;0,09798821
239252,3;0,09798118
239268,6;0,09797759
239285,2;0,0979752
239301,7;0,09797288
239318,3;0,09797166
239334,8;0,09797166
239351,4;0,09795494
239368;0,09795018
239384,8;0,09794773
239401,3;0,09794541
239417,6;0,09794297
239434,2;0,09794059
239451,1;0,09794059
239467,3;0,09793827
239483,9;0,09793948
239500,9;0,09794193
239517;0,09793838
239534,2;0,09794088
239550,4;0,09793966
239566,7;0,09793594
239583,3;0,09793838
239599,9;0,09793606
239616,7;0,09793722
239633;0,09793722
239650;0,09793722
239666,2;0,09792892
239682,7;0,09792177
239699,3;0,09792171
239715,9;0,09791574
239732,4;0,09790743
239749;0,09790267
239765,7;0,09790023
239782,2;0,09790023
239798,7;0,09789187
239815,3;0,09788954
239831,8;0,09788838
239848,5;0,09788838
239865;0,09788362
239881,5;0,09787282
239898,6;0,09785964
239914,7;0,09785488
239931,6;0,09785011
239948,3;0,09784779
239965;0,09784779
239981,4;0,09783926
239997,5;0,09783926
240014;0,09783926
240030,9;0,09783926
240047,2;0,09784041
240064,3;0,09783926
240080,8;0,0978381
240097,2;0,0978381
240113,5;0,0978381
240130;0,09784286
240146,6;0,09784529
240163,1;0,09784523
240179,7;0,09784529
240196,3;0,09784523
240212,8;0,0978464
240229,4;0,09784634
240246;0,0978475
240262,8;0,09784628
240279,1;0,09784628
240295,9;0,09784506
240312,5;0,09784506
240328,8;0,09784872
240345,4;0,0978536
240362;0,0978536
240378,5;0,0978536
240395,1;0,09785488
240411,7;0,09785732
240428,2;0,09785737
240444,8;0,09786464
240461,6;0,09786464
240478,3;0,09786707
240494,5;0,09786707
240511;0,09787433
240527,6;0,09789471
240544,2;0,09790801
240560,8;0,09791411
240577,3;0,09792375
240593,9;0,09794211
240610,4;0,09794211
240627,6;0,09795791
240645,4;0,09797858
240661,9;0,09798597
240678,5;0,09800781
240695,1;0,09800781
240711,6;0,0980297
240728,5;0,09803209
240745,1;0,09803934
240761,3;0,09804776
240777,9;0,09805264
240794,5;0,09805863
240811,1;0,09806582
240827,6;0,09806582
240844,2;0,09808499
240860,7;0,09808969
240877,5;0,09810049
240894,2;0,0981041
240910,4;0,09811368
240927;0,09812204
240943,6;0,0981376
240960,1;0,09814481
240976,7;0,09815549
240993,5;0,09816391
241009,8;0,09817343
241026,4;0,09818894
241043,3;0,09819486
241059,5;0,09819724
241076,2;0,09819724
241092,7;0,09820799
241109,2;0,09820799
241125,8;0,09821402
241142,8;0,09822239
241158,9;0,09824272
241175,8;0,09828696
241192,1;0,09831217
241208,6;0,09833273
241225,2;0,09833273
241242,5;0,09835916
241258,4;0,09838705
241274,9;0,09838705
241291,5;0,0984369
241308;0,09845014
241324,6;0,09847216
241341,3;0,09850017
241358,3;0,09853428
241374,9;0,0985527
241390,9;0,09858072
241407,4;0,0985953
241424;0,09862093
241440,5;0,09863917
241457,5;0,09864777
241474;0,09867858
241490,3;0,09870793
241506,8;0,09870793
241523,4;0,09874851
241540;0,09876559
241556,5;0,09879499
241573,1;0,09882202
241589,7;0,09884648
241606,4;0,09886723
241622,8;0,09887455
241639,5;0,09888181
241656;0,09888785
241672,5;0,09890951
241689,1;0,09892153
241705,7;0,09892984
241722,3;0,09893466
241738,8;0,09893466
241755,4;0,09894186
241772;0,09894668
241788,5;0,09894545
241805,1;0,0989634
241821,6;0,09897658
241838,2;0,09898018
241854,8;0,09898018
241871,3;0,09900434
241887,9;0,09901392
241904,5;0,09902357
241921,5;0,09902357
241937,6;0,09903193
241954,2;0,09903663
241971;0,09904639
241987,3;0,09905121
242003,9;0,09905242
242021,1;0,09905608
242037;0,0990573
242054;0,0990609
242070,6;0,09906085
242086,7;0,09906688
242103,6;0,09907176
242119,8;0,09907299
242136,8;0,09907299
242153;0,09907299
242169,6;0,0990742
242186,1;0,09908024
242202,7;0,09908024
242219,2;0,09908628
242236,2;0,09909116
242252,4;0,09909116
242269,5;0,0990936
242285,5;0,09910329
242302,1;0,09910574
242318,7;0,09910934
242335,2;0,09911177
242351,8;0,09911177
242368,7;0,09911422
242384,9;0,09911299
242401,8;0,09911659
242418;0,09911659
242434,6;0,09912507
242451,5;0,09912989
242467,9;0,09912989
242484,4;0,09912989
242502,5;0,09913111
242519,1;0,09912746
242535,7;0,0991238
242552,2;0,09912135
242568,8;0,09912135
242585,5;0,09911398
242602,1;0,09910659
242618,5;0,09909922
242635,1;0,09909922
242651,7;0,0990894
242668,2;0,09907714
242684,8;0,09906854
242701,3;0,09906854
242718,2;0,09906116
242734,5;0,09905628
242751;0,09905507
242767,6;0,09905384
242784,2;0,09905384
242800,7;0,09905262
242817,4;0,09905019
242834,1;0,09904775
242850,4;0,09904896
242867;0,09904896
242883,6;0,09905262
242900,1;0,09904896
242916,7;0,09904775
242933,3;0,09904896
242949,8;0,09904896
242966,4;0,09905141
242983;0,09905262
242999,6;0,09905384
243016,5;0,09905384
243032,7;0,09905507
243049,2;0,09905507
243065,8;0,09905384
243082,4;0,0990575
243098,9;0,09905384
243115,5;0,09905141
243132;0,09905262
243148,6;0,09905019
243165,2;0,09904653
243182,2;0,09904287
243198,3;0,09903915
243214,9;0,09902689
243231,8;0,09902195
243248,3;0,09902195
243265;0,09899609
243281,4;0,09899487
243297,7;0,09897755
243314,3;0,09896645
243331,8;0,09894906
243347,6;0,09894168
243364;0,09894168
243380,6;0,0989107
243398,1;0,09889453
243413,9;0,09888831
243436,5;0,0988747
243447;0,09885366
243463,5;0,09884243
243480,1;0,09882139
243496,7;0,09881023
243513,2;0,09880035
243529,8;0,09879412
243546,4;0,09875819
243563,1;0,09874831
243579,5;0,09872849
243596,7;0,09872849
243612,8;0,09870866
243629,2;0,09869756
243646;0,0986939
243662,3;0,0986939
243678,9;0,09869269
243695,5;0,09869269
243712;0,09868781
243729,4;0,09868415
243745,3;0,09868415
243761,7;0,09868658
243778,5;0,09868658
243795,1;0,09868415
243811,7;0,0986817
243828;0,09868415
243844,6;0,09868536
243861,1;0,09868293
243877,7;0,0986817
243894,3;0,09868293
243911,1;0,0986817
243927,5;0,09868536
243944,2;0,09868536
243960,5;0,09868293
243977,1;0,09868293
243993,8;0,09868536
244010,2;0,09868781
244026,8;0,09868658
244043,6;0,09868902
244060,7;0,09868902
244076,5;0,09868781
244093,4;0,09868658
244109,6;0,09868415
244126,2;0,09868415
244142,8;0,09868536
244159,4;0,0986817
244175,9;0,09867683
244192,5;0,09867561
244209,1;0,09867804
244225,6;0,09867683
244242,3;0,09867561
244258,8;0,09867195
244275,3;0,09867317
244291,9;0,09867195
244308,4;0,09867317
244325;0,09867073
244341,6;0,09867073
244358,6;0,09866707
244377,4;0,09866463
244394;0,09866707
244410,5;0,09866341
244427,5;0,09866341
244443,7;0,09866341
244460,3;0,09866951
244477,5;0,09866829
244493,4;0,09866951
244510;0,09867073
244526,5;0,09867195
244543,1;0,09867439
244560;0,09867195
244576,5;0,09867317
244592,8;0,09867439
244609,3;0,09867439
244626,4;0,09867317
244642,7;0,09867561
244659;0,09867561
244676,3;0,09867561
244692,2;0,09867683
244708,7;0,09867683
244725,3;0,09867683
244742,1;0,09867804
244758,5;0,09867927
244775,1;0,09867927
244791,6;0,09868049
244808,8;0,09868415
244824,7;0,09868536
244841,3;0,09868781
244857,9;0,09868781
244874,4;0,09869146
244891,1;0,0986939
244907,5;0,09869634
244924,1;0,09869634
244940,7;0,09869878
244957,3;0,09869878
244973,9;0,09870366
244990,4;0,0987061
245007;0,09872574
245023,5;0,09874909
245040,1;0,09876519
245056,6;0,09876519
245073,8;0,09877758
245090,2;0,09879612
245106,6;0,09880845
245122,9;0,09882332
245139,6;0,09882332
245156;0,09883936
245172,7;0,09885785
245189,2;0,09887395
245205,8;0,098895
245222,3;0,09890482
245238,9;0,09891611
245255,5;0,09893464
245272;0,09895575
245288,6;0,09896442
245305,2;0,0989818
245324,6;0,0989843
245338,3;0,09899919
245354,8;0,09901035
245371,8;0,09903511
245388;0,09904005
245404,8;0,09905494
245421,1;0,09905494
245438,3;0,09908959
245454,7;0,09909203
245470,8;0,09910935
245487,5;0,09912911
245504,3;0,09914522
245521,2;0,09915888
245537,1;0,09916998
245553,7;0,09917383
245570,2;0,09918987
245586,8;0,09919237
245603,3;0,09920103
245620,5;0,09921098
245637,2;0,0992333
245653;0,09926307
245669,6;0,09928039
245686,8;0,09929521
245703;0,09930381
245719,3;0,09931619
245735,9;0,09933358
245752,4;0,09935334
245769;0,09936194
245785,6;0,09938183
245802,2;0,09939659
245818,7;0,09940159
245835,3;0,09940775
245852,2;0,09943514
245868,9;0,09944381
245885,2;0,0994501
245901,5;0,09947358
245918,1;0,09948467
245934,8;0,09949084
245951,4;0,09950932
245967,8;0,09951926
245984,9;0,09953409
246001;0,09954647
246017,9;0,09955513
246034,4;0,09956745
246050,7;0,09957989
246067,2;0,09958971
246083,8;0,0996021
246100,4;0,09961704
246117,5;0,09962936
246133,5;0,09963681
246150,1;0,09963681
246166,9;0,09966145
246183,6;0,09968371
246200;0,09969366
246216,3;0,09969731
246232,9;0,09970475
246249,5;0,09970475
246266,2;0,09970475
246282,6;0,09972574
246305,7;0,09973305
246322,3;0,09974403
246338,8;0,09974891
246356;0,09975257
246372;0,099755
246388,8;0,09975866
246405,2;0,0997611
246421,7;0,09976476
246438,2;0,09976598
246454,8;0,09976476
246471,4;0,09976598
246488;0,09976476
246504,5;0,09976476
246521,1;0,09976598
246537,9;0,0997672
246554,2;0,09977207
246570,8;0,09977207
246587,3;0,09977452
246603,9;0,09977695
246620,5;0,09977695
246637;0,0997794
246653,6;0,09978549
246670,4;0,099788
246686,7;0,09979043
246703,7;0,09979043
246720;0,09979537
246736,4;0,09980147
246753,1;0,09980391
246769,8;0,09980513
246786,1;0,09980513
246802,7;0,09981245
246819,3;0,09981366
246835,8;0,09981617
246852,4;0,09981617
246869;0,0998186
246885,5;0,0998186
246902,1;0,09981611
246918,7;0,09982714
246935,2;0,0998247
246951,8;0,09982227
246968,4;0,09981611
246985,2;0,09981366
247001,5;0,09981238
247018,5;0,09981238
247034,6;0,0997925
247051,5;0,09978627
247067,8;0,09977877
247084,3;0,09976882
247101;0,09976882
247118,2;0,09975394
247134;0,09975394
247150,7;0,09974278
247167,2;0,0997293
247184,1;0,09971686
247200,7;0,09970191
247216,9;0,09969074
247233,5;0,09968209
247250;0,09966714
247266,8;0,09966714
247283,1;0,09964841
247299,7;0,09962846
247316,3;0,09961973
247332,8;0,09961973
247350,2;0,09959612
247366;0,09958246
247382,5;0,09957867
247399,1;0,09956623
247415,7;0,09955507
247432,2;0,09954519
247449,3;0,09953524
247465,4;0,09953402
247481,9;0,09951048
247498,5;0,09951048
247515,1;0,09950297
247531,6;0,09950297
247548,2;0,0994843
247565,1;0,09944947
247581,3;0,09944075
247598,1;0,09943452
247614,5;0,09941207
247631,1;0,099402
247647,6;0,09940078
247665;0,09940078
247680,9;0,09938834
247697,3;0,09937102
247713,9;0,09936607
247730,4;0,09935741
247747;0,09934741
247763,6;0,09932392
247780,2;0,09930903
247796,7;0,09930031
247813,3;0,09929049
247829,8;0,09927298
247846,5;0,09927298
247863;0,09924077
247879,6;0,09923949
247896,1;0,09921845
247912,7;0,09920613
247929,6;0,09919747
247945,8;0,09919003
247962,4;0,09917148
247979,1;0,0991616
247995,5;0,0991616
248012,1;0,09913318
248028,6;0,09912696
248045,3;0,09911707
248061,8;0,09911335
248078,3;0,09910225
248094,9;0,09908608
248111,5;0,09906992
248128,3;0,09906504
248144,6;0,09906504
248161,4;0,0990551
248177,7;0,0990551
248194,3;0,09903039
248210,9;0,09900441
248227,6;0,09897622
248244,1;0,09896652
248260,8;0,09894596
248277,2;0,09893748
248293,7;0,09891593
248310,6;0,09890281
248326,8;0,09888121
248343,4;0,09887047
248360,3;0,098843
248376,6;0,09881902
248393,1;0,09880944
248409,7;0,09878795
248426,4;0,09877012
248442,8;0,09874741
248459,6;0,09872587
248476,1;0,09871385
248492,5;0,09870194
248509,1;0,0986768
248525,6;0,0986768
248542,3;0,09863127
248559,3;0,09861454
248575,3;0,0986038
248592,4;0,09857859
248609,2;0,09856309
248625,1;0,09854869
248641,6;0,09854869
248658,2;0,09854016
248674,7;0,09853277
248691,3;0,09853155
248707,9;0,09853027
248724,4;0,09852906
248741,6;0,09853034
248757,6;0,09853155
248774,2;0,09853155
248791,1;0,09853283
248807,3;0,09853283
248823,9;0,09853283
248840,5;0,09854387
248857;0,09855492
248873,5;0,09855498
248890,1;0,09855375
248907,2;0,09855375
248923,2;0,09856486
248939,8;0,09856858
248956,5;0,09857108
248972,9;0,09857108
248989,9;0,09857358
249006,3;0,09857236
249022,6;0,0985748
249039,3;0,09857737
249055,8;0,09857737
249072,3;0,09857987
249088,9;0,09858231
249110,5;0,09858847
249127,1;0,09858968
249143,6;0,09859212
249160,2;0,09859206
249176,8;0,09859206
249193,4;0,09859938
249209,9;0,0986031
249226,9;0,0986056
249243,6;0,0986056
249260,2;0,0986056
249276,9;0,09860804
249293,8;0,0986117
249309,9;0,09861413
249326,5;0,0986117
249343,8;0,09861048
249359,6;0,09861413
249376,2;0,09861413
249392,8;0,09861413
249409,3;0,0986117
249425,9;0,0986117
249442,4;0,09861292
249459;0,09861292
249475,6;0,09861658
249492,1;0,09861536
249508,7;0,0986178
249525,3;0,09861658
249542;0,0986178
249558,7;0,09862024
249575;0,09861901
249591,5;0,09861901
249608,1;0,09862146
249624,8;0,09861413
249641,2;0,0986117
249657,8;0,0986117
249675,1;0,09860682
249691;0,09860438
249707,5;0,09859701
249724,5;0,09859822
249740,8;0,09859096
249757,2;0,09858974
249773,9;0,09858376
249790,3;0,09857412
249807,3;0,09856442
249823,5;0,09855478
249840,2;0,09854398
249856,6;0,0985416
249873,2;0,0985416
249889,7;0,09852371
249906,3;0,09851535
249922,9;0,09850815
249940;0,09849741
249956;0,09847232
249972,6;0,09846274
249989,2;0,09846274
250014;0,09844009
250023,8;0,09840931
250040,4;0,09837952
250057;0,09837238
250073,9;0,09836047
250090,1;0,09836047
250106,7;0,09832836
250123,3;0,09826203
250139,8;0,09824426
250156,4;0,09821476
250173;0,09819362
250189,5;0,09815399
250206,1;0,09813777
250222,8;0,09809598
250239,2;0,09809598
250256,1;0,09805547
250272,3;0,09802791
250289;0,09799571
250305,5;0,09797169
250322;0,09795099
250338,7;0,09793604
250355,2;0,09792913
250371,7;0,09787689
250388,3;0,09786328
250405,1;0,09783472
250421,5;0,09783472
250438;0,09779499
250454,6;0,09777916
250471,2;0,0977495
250487,7;0,097721
250504,3;0,09770744
250520,8;0,09767888
250537,4;0,09766312
250554;0,0976313
250570,5;0,09760069
250587,1;0,09759499
250604,5;0,09756655
250620,2;0,09756655
250636,8;0,09750351
250653,4;0,09747002
250669,9;0,09740648
250686,6;0,09740648
250703,1;0,09737752
250719,6;0,09737752
250736,2;0,09737752
250754,1;0,09729409
250770,6;0,09718446
250787,2;0,09710224
250803,8;0,09708424
250820,3;0,09706257
250836,9;0,09704683
250860;0,09703585
250876,6;0,09701999
250893,7;0,09701139
250909,7;0,09700767
250926,2;0,09700767
250943;0,09699657
250959,5;0,09699529
250976;0,09699506
250992,5;0,09699506
251009,1;0,09698791
251025,8;0,09698669
251042,2;0,09698541
251058,8;0,09698541
251075,3;0,09698541
251091,9;0,09697931
251108,5;0,09697559
251125,2;0,09697559
251141,6;0,09697565
251158,2;0,09697565
251174,8;0,09697565
251191,3;0,09697449
251207,9;0,09697565
251224,5;0,09697687
251241;0,09697443
251257,6;0,09697443
251274,2;0,09698053
251290,7;0,09698297
251307,3;0,09698682
251323,9;0,09698682
251340,4;0,09698682
251357;0,09699047
251373,5;0,09698925
251390,7;0,09699275
251406,7;0,09699541
251423,7;0,09699541
251439,8;0,09699786
251456,4;0,09700384
251473;0,09700163
251489,5;0,09700408
251506,1;0,09700408
251522,7;0,09700408
251539,2;0,09701139
251555,8;0,09701017
251572,3;0,09701017
251588,9;0,09701877
251605,7;0,09702359
251622,1;0,09703202
251639;0,09703824
251655,2;0,09703719
251671,9;0,09703841
251688,8;0,09703957
251705,2;0,09704451
251721,7;0,09704573
251738;0,09704933
251754,6;0,09704573
251771,2;0,09704695
251788,2;0,09705287
251804,5;0,09705531
251821,1;0,09705891
251837,5;0,09705891
251854;0,09706838
251871;0,09707424
251887,2;0,0970836
251904;0,09708022
251920,5;0,09709097
251936,9;0,09709689
251953,9;0,09710635
251970;0,09711234
251987;0,09711234
252003,1;0,09711826
252020;0,09712175
252037,1;0,0971502
252052,9;0,0971916
252070,2;0,09720583
252086,2;0,09722726
252102,6;0,09725949
252119,1;0,0972714
252135,7;0,09731166
252152,3;0,09733942
252169,6;0,09734541
252185,4;0,09744925
252202;0,09748162
252218,5;0,09754939
252235,2;0,09757787
252251,6;0,097647
252268,2;0,097647
252284,8;0,09775261
252301,4;0,09779075
252317,9;0,09779075
252334,9;0,09792881
252351;0,09798103
252367,6;0,0980427
252384,2;0,09811386
252401;0,09815054
252417,3;0,09819548
252433,9;0,09825949
252450,4;0,09832105
252467;0,0983721
252483,6;0,09843958
252500,1;0,09847388
252517,1;0,09854573
252533,4;0,09854573
252549,8;0,09861032
252566,4;0,09870391
252583;0,09871321
252599,5;0,09879221
252616,3;0,09879221
252632,7;0,09882011
252649,4;0,09882011
252665,8;0,09886318
252684,6;0,0989558
252699,1;0,09904154
252715,5;0,09906579
252732,1;0,09909352
252748,6;0,09911665
252765,2;0,09919676
252782,1;0,0992375
252798,3;0,09925178
252815,1;0,09926369
252831,5;0,09927572
252848;0,09928402
252865;0,09928408
252881,2;0,09928164
252897,7;0,09928042
252914,5;0,09927554
252930,9;0,09927066
252947,4;0,09926706
252964;0,09925858
252981,1;0,09924998
252997,6;0,09924278
253013,7;0,09924278
253030,3;0,09923662
253046,8;0,09923175
253063,4;0,09922327
253080;0,09922077
253096,5;0,09920979
253113,1;0,09920979
253129,7;0,09920131
253146,9;0,09919272
253162,9;0,09919272
253179,4;0,09918296
253195,9;0,09916832
253212,7;0,0991671
253229,1;0,0991549
253245,6;0,0991549
253262,2;0,09915124
253278,8;0,09915124
253295,3;0,09914514
253312;0,09913661
253328,5;0,09910489
253345;0,09908079
253361,8;0,09907835
253378,2;0,09906865
253394,7;0,09905408
253411,9;0,09903235
253428,1;0,09902399
253444,8;0,09902399
253461,4;0,09898426
253477,6;0,09896144
253494,2;0,09894942
253510,9;0,09891835
253527,3;0,0988968
253543,8;0,09888844
253560,7;0,09887293
253577,5;0,09882148
253593,9;0,09878924
253610,1;0,09877136
253626,7;0,09873919
253643,4;0,09870567
253660,3;0,09868197
253676,4;0,09866426
253693,1;0,09863336
253709,5;0,09863336
253726,7;0,09858504
253742,6;0,09855565
253759,2;0,09854142
253775,8;0,09852742
253793;0,09850726
253809;0,0984755
253825,5;0,09846133
253842,2;0,09843554
253858,6;0,09841771
253875,5;0,09839889
253892,3;0,09838594
253908,3;0,09838594
253925;0,09837294
253941,4;0,09837294
253958;0,09831858
253974,6;0,09829035
253991,8;0,09826672
254007,7;0,09825017
254024,3;0,09822909
254040,8;0,09822194
254057,4;0,09821016
254074;0,09816863
254090,5;0,09814604
254107,1;0,09812462
254123,7;0,09809127
254140,2;0,09806351
254156,8;0,09804311
254173,6;0,09800326
254189,9;0,09795724
254206,5;0,09795724
254223,8;0,09792813
254239,8;0,09786264
254256,2;0,09786264
254272,8;0,09778391
254289,3;0,09773996
254306,2;0,09771329
254322,5;0,09768778
254339;0,09766465
254355,6;0,09759172
254372,2;0,09754302
254388,7;0,09751891
254405,3;0,09751891
254422;0,09744104
254438,5;0,0973985
254455,2;0,09737781
254477,2;0,09733149
254488,1;0,09728669
254504,7;0,09727223
254521,3;0,09722512
254538,4;0,09722512
254554,4;0,09720577
254571,2;0,09720694
254587,8;0,09714785
254604,2;0,09709536
254620,7;0,0970798
254637,2;0,0970798
254653,8;0,09704983
254670,4;0,09702602
254687;0,09700929
254703,5;0,09700929
254720,1;0,09698433
254736,8;0,09695216
254753,2;0,09694025
254769,8;0,09692004
254786,5;0,09692004
254802,9;0,09690575
254819,5;0,09687236
254836,1;0,09686162
254852,6;0,09685209
254869,3;0,0968485
254885,8;0,09683073
254902,6;0,09680459
254918,9;0,09679147
254935,4;0,09679147
254952;0,09677834
254968,6;0,09676522
254985,3;0,09675802
255002;0,09675209
255018,4;0,09675082
255034,8;0,09673885
255051,8;0,09673043
255068,2;0,09672329
255084,9;0,09671847
255101,3;0,09671847
255117,7;0,09669942
255134,3;0,09669594
255150,8;0,09669118
255167,4;0,09668642
255183,9;0,09668642
255200,5;0,09668282
255217,1;0,09668519
255233,6;0,09667683
255250,3;0,09666133
255266,8;0,09666139
255283,3;0,09665541
255299,9;0,09665541
255316,5;0,0966471
255333,5;0,09664704
255349,6;0,0966471
255366,2;0,09665413
255382,7;0,09665547
255399,3;0,09665674
255415,9;0,09665674
255432,4;0,09667224
255449;0,09668049
255465,7;0,09669362
255482,1;0,09670547
255499,4;0,09671737
255515,3;0,09672091
255532;0,09673043
255548,4;0,09673166
255565,1;0,09673049
255581,6;0,09672706
255598,3;0,09672706
255615;0,09673647
255631,3;0,09675308
255647,8;0,09676847
255664,4;0,09678619
255681,4;0,09680634
255697,8;0,09686007
255714,4;0,09691043
255730,6;0,09693553
255747,2;0,09696686
255763,8;0,09701229
255781,1;0,09705789
255797;0,09708329
255814,2;0,09710862
255830;0,09713407
255846,6;0,09713407
255863,2;0,09715092
255879,7;0,09725934
255896,3;0,0973379
255913;0,09736568
255929,4;0,09740321
255946;0,09745754
255963,2;0,09749252
255979,2;0,09751791
255995,7;0,09756509
256012,9;0,09761227
256029;0,09761227
256046,1;0,09767527
256062;0,09772496
256078,5;0,09776738
256095,1;0,09779777
256111,7;0,09784623
256128,3;0,09787639
256145,2;0,09792113
256161,4;0,09792113
256177,9;0,09799389
256194,5;0,09801323
256211,4;0,09806401
256227,6;0,09809801
256244,2;0,09813926
256261,2;0,09815636
256277,3;0,09820597
256294;0,09825333
256311,2;0,09830546
256328,4;0,09832487
256345,2;0,0983696
256361,6;0,09839505
256378,1;0,09839505
256395,1;0,09847274
256411,3;0,09850673
256427,9;0,09852968
256444,4;0,09854799
256461,7;0,09857472
256477,6;0,09857472
256494,5;0,09859534
256511,6;0,09864649
256527,3;0,09874725
256543,8;0,09879827
256560,4;0,09883128
256576,9;0,09883128
256593,7;0,09887486
256610,1;0,09892966
256626,7;0,0989636
256643,2;0,0990049
256659,8;0,0990049
256676,4;0,09902804
256692,9;0,09902804
256709,5;0,09912196
256726,1;0,09917279
256742,9;0,09920087
256759,4;0,09922156
256775,8;0,09926152
256792,3;0,09926152
256808,9;0,09932115
256825,4;0,09935368
256842,6;0,09938285
256858,6;0,09941196
256875,2;0,0994399
256891,8;0,09946901
256909;0,09949067
256924,8;0,09952357
256941,6;0,09955652
256958,3;0,09957116
256974,9;0,09959551
256991,3;0,09961137
257007,7;0,09963705
257024,6;0,0996506
257040,8;0,0996506
257057,4;0,09970044
257073,9;0,09971271
257090,5;0,09972845
257107,1;0,09973949
257123,8;0,09973949
257140,2;0,09975157
257156,8;0,09978543
257173,6;0,09982204
257189,9;0,09984278
257206,8;0,09985974
257223;0,09986939
257239,6;0,09987786
257259,9;0,09989738
257276,4;0,09991935
257293,3;0,09993502
257309,5;0,09994833
257326,5;0,09996169
257343,1;0,09996169
257359,3;0,09996901
257376,3;0,09999091
257392,7;0,1000018
257409,2;0,1000066
257425,7;0,1000066
257442,1;0,1000334
257458,7;0,1000382
257475,2;0,1000431
257491,8;0,100036
257508,4;0,1000136
257524,9;0,09999828
257541,5;0,09999608
257558;0,09999148
257574,7;0,09998003
257591,2;0,09997433
257608,3;0,09995734
257624,5;0,09995734
257641,3;0,09989645
257657,4;0,09989529
257674,4;0,09984806
257690,6;0,09981815
257707,2;0,0997726
257723,7;0,09974617
257740,3;0,09974617
257757;0,09972321
257773,4;0,09972321
257790;0,09964252
257806,7;0,099581
257823,1;0,09953375
257839,7;0,09949146
257856,3;0,09946839
257873;0,09946839
257889,6;0,09939442
257906,3;0,09934939
257922,5;0,09934939
257939,1;0,0992839
257955,7;0,09925101
257972,3;0,0992147
257988,8;0,09917454
258005,3;0,09915141
258022;0,09915141
258038,5;0,099083
258055,3;0,09904279
258071,6;0,09901594
258088,2;0,09897572
258104,8;0,09897572
258121,3;0,09893178
258137,9;0,09886844
258156,7;0,0988588
258171,2;0,09882719
258187,8;0,09879185
258204,4;0,09873375
258220,7;0,09868773
258237,4;0,0986646
258254,3;0,09861632
258270,4;0,09858494
258287,6;0,09858494
258303,7;0,09851113
258320,1;0,09841392
258336,7;0,09836328
258353,2;0,09829456
258369,8;0,0982469
258386,4;0,09823304
258403;0,098205
258419,5;0,09816089
258436,1;0,09812425
258452,6;0,09803011
258469,2;0,09794828
258485,8;0,09792113
258502,3;0,09790746
258518,9;0,0978938
258535,7;0,0978727
258552,1;0,09785525
258568,6;0,09784158
258585,2;0,09782291
258601,8;0,09782291
258618,5;0,09780296
258635,3;0,09779167
258651,5;0,09777923
258668;0,09776659
258684,6;0,09775903
258701,5;0,09775634
258717,7;0,09774517
258734,3;0,09773254
258750,9;0,09772754
258767,4;0,09772504
258784,6;0,09771992
258801;0,09771497
258817,1;0,09770984
258834,3;0,09770984
258850,3;0,0977099
258866,9;0,09770612
258883,4;0,09769868
258900;0,09769746
258916,5;0,09769124
258933,4;0,0976861
258949,6;0,09768105
258966,6;0,09768733
258982,8;0,09768733
258999,4;0,09768476
259015,9;0,09768476
259032,6;0,09768599
259049;0,09768599
259065,6;0,0976847
259082,2;0,09769599
259099,1;0,09769715
259115,5;0,09769984
259132,8;0,09770478
259148,4;0,09770478
259165,6;0,09770722
259182;0,09771241
259198,3;0,09771606
259214,7;0,09771991
259231,3;0,09772363
259247,9;0,09772735
259264,4;0,09773108
259281,1;0,09773602
259298;0,09773973
259314,8;0,09774981
259330,7;0,09775846
259347,3;0,0977634
259363,8;0,09778348
259380,4;0,0977872
259396,9;0,09780209
259413,5;0,09781069
259430,1;0,09781575
259446,8;0,09782942
259463,2;0,09783814
259479,8;0,09786285
259496,3;0,09788476
259513,3;0,09788476
259529,5;0,09797385
259546;0,09802039
259562,6;0,09804927
259579,2;0,09810191
259595,8;0,09816631
259613;0,09819363
259628,9;0,09824871
259645,7;0,09827748
259662;0,09827748
259678,6;0,09830515
259695,3;0,09830515
259711,7;0,09835994
259728,6;0,09843627
259744,9;0,09846106
259761,4;0,09847866
259778,1;0,09848795
259795;0,09848911
259811,8;0,09849846
259827,7;0,09850078
259844,2;0,09850078
259860,8;0,09850775
259877,4;0,09850897
259894;0,09850659
259911;0,09851019
259927,1;0,09851252
259943,6;0,09851252
259960,2;0,09851252
259976,8;0,09851246
259993,3;0,09850775
260009,9;0,09850659
260026,5;0,09850659
260043,1;0,09849957
260059,6;0,09849596
260077,1;0,09849016
260092,8;0,09849016
260110;0,09848545
260125,9;0,09848429
260142,5;0,09847964
260159;0,0984761
260176,1;0,098475
260192,1;0,098475
260209;0,09847616
260225,3;0,09847732
260241,9;0,09847848
260258,4;0,09847843
260275,5;0,09848313
260292,1;0,09848313
260308,4;0,09849226
260324,9;0,09849226
260341,8;0,09849226
260358,6;0,09854434
260374,4;0,09856006
260391;0,09858885
260407,5;0,09868892
260424,1;0,09869938
260440,7;0,09870054
260457,3;0,09870175
260473,8;0,09869223
260490,4;0,09867916
260507,4;0,09866615
260523,5;0,09866615
260540,3;0,0986506
260556,6;0,09863277
260573,2;0,09863277
260589,8;0,09860518
260606,3;0,09860274
260622,9;0,09859902
260639,6;0,09859537
260656;0,09859164
260672,6;0,09858548
260689,4;0,09858548
260705,8;0,0985903
260722,3;0,09859177
260738,9;0,09859914
260755,4;0,09859793
260772;0,09860403
260788,5;0,09861044
260805,1;0,09861672
260822,1;0,0986205
260838,3;0,0986205
260854,8;0,09863667
260871,4;0,0986443
260888,4;0,09865296
260905,1;0,09865296
260921,2;0,09865925
260937,7;0,09866303
260954,2;0,09866816
260971,1;0,09866816
260987,5;0,09866938
261003,9;0,09868427
261021,1;0,09869421
261037;0,09869805
261054;0,09870312
261070,6;0,0987094
261086,8;0,09872057
261103,3;0,09872454
261119,9;0,09873326
261136,4;0,09873967
261153,7;0,09875096
261170;0,09875609
261186,2;0,09876109
261202,7;0,09876487
261219,3;0,09877244
261235,8;0,09877501
261252,5;0,09877501
261269;0,09879246
261285,5;0,09879771
261302,1;0,09880387
261318,7;0,09880771
261335,2;0,09880771
261351,8;0,09881657
261368,9;0,09881528
261385;0,09882163
261401,5;0,09882804
261418,1;0,09883182
261434,7;0,09883945
261451,2;0,09884074
261468,2;0,09884074
261484,5;0,09885203
261500,9;0,09885087
261517,5;0,09885087
261534,1;0,09885336
261551,2;0,09884849
261567,2;0,09884099
261584,3;0,09884099
261600,6;0,09883348
261616,9;0,09883348
261633,5;0,09881482
261650;0,09877773
261667,2;0,09873448
261683,1;0,09872337
261699,8;0,09871227
261716,3;0,09870984
261733,8;0,09870624
261749,5;0,098711
261766;0,09872052
261782,6;0,09872418
261799,1;0,09872534
261815,7;0,09874787
261832,4;0,09876221
261848,8;0,09877767
261865,4;0,09877767
261882;0,0987848
261898,8;0,09880629
261915,1;0,09883353
261932;0,09884068
261948,3;0,09884068
261964,8;0,09887743
261981,5;0,09888934
261998,3;0,09890955
262014,5;0,09892145
262031,1;0,09895014
262047,6;0,0989657
262064,5;0,09900171
262080,8;0,09903552
262097,3;0,0990694
262114;0,09910461
262130,5;0,09911554
262147;0,09914959
262163,6;0,09921654
262180,7;0,09926757
262197,1;0,09928948
262213,5;0,09928948
262229,8;0,09931749
262246,4;0,09933818
262263,1;0,09933818
262279,5;0,09941862
262296,1;0,09953794
262312,7;0,09956821
262329,3;0,09959256
262346,1;0,09959494
262362,6;0,09969234
262379;0,09972286
262395,6;0,09976082
262412,2;0,09978529
262428,7;0,09978651
262445,2;0,0998855
262462,1;0,09991614
262478,4;0,09996008
262495,1;0,09998216
262511,5;0,100031
262528,4;0,1000703
262545,2;0,1000752
262561,2;0,1001158
262577,8;0,1001574
262594,3;0,1001883
262611,3;0,100202
262627,4;0,1002258
262644;0,100232
262660,6;0,1002421
262677,2;0,1002458
262694,2;0,1002584
262710,3;0,1002546
262726,9;0,1002496
262743,4;0,1002496
262760;0,1002372
262776,6;0,1002185
262793,1;0,1002123
262809,7;0,1001936
262826,2;0,1001936
262842,8;0,1001812
262859,4;0,1001762
262875,9;0,100165
262892,5;0,100165
262909,2;0,1001388
262925,7;0,1000979
262942,7;0,1000768
262958,8;0,1000557
262975,3;0,1000557
262991,9;0,1000321
263008,5;0,1000111
263025,1;0,09999005
263041,8;0,09996272
263058,2;0,099954
263074,8;0,09993411
263091,5;0,0999241
263107,9;0,09990537
263124,7;0,09987304
263141;0,09984937
263157,6;0,09983442
263174,7;0,09980947
263190,7;0,09978836
263207,3;0,09977592
263224,2;0,09976219
263240,4;0,09973852
263257,2;0,09973852
263273,6;0,09971844
263290,1;0,0997121
263306,7;0,09970831
263323,3;0,09970324
263339,8;0,09970075
263356,4;0,09969947
263373,1;0,09970331
263389,8;0,09970459
263406,1;0,0997071
263422,8;0,09970587
263439,4;0,0997071
263455,8;0,09971473
263472,7;0,09971228
263489,3;0,09971228
263506;0,09971228
263522,1;0,09971228
263539,2;0,09971222
263555,2;0,09972364
263572,7;0,09975121
263588,3;0,09977617
263604,9;0,09979374
263621,6;0,09982376
263638;0,09983743
263654,6;0,09983743
263671,2;0,09989844
263687,7;0,09991576
263704,6;0,09994309
263721,2;0,09995932
263738;0,09995932
263762,4;0,1000191
263770,5;0,1000191
263787,1;0,100055
263804;0,1000837
263820,3;0,1001184
263837,2;0,1001358
263853,4;0,1001518
263870,3;0,100158
263886,5;0,1002189
263903,1;0,1002325
263919,7;0,1002586
263936,3;0,1002586
263953;0,1002981
263969,4;0,1003192
263985,9;0,100344
264002,5;0,1003588
264019;0,1003625
264035,6;0,100365
264052,8;0,1003675
264068,8;0,1003712
264085,4;0,1003624
264101,9;0,1003549
264118,6;0,1003473
264135;0,1003473
264151,8;0,1003411
264168,2;0,1003335
264184,7;0,1003297
264201,6;0,1002983
264217,8;0,100267
264234,4;0,1002558
264251;0,1002495
264267,6;0,1002495
264284,2;0,1002243
264300,7;0,1002054
264317,3;0,1001904
264333,8;0,1001792
264350,4;0,1001742
264366,9;0,1001704
264383,7;0,1001415
264400,1;0,1001151
264416,7;0,1001063
264433,2;0,1000887
264449,8;0,1000673
264466,7;0,1000547
264482,9;0,1000408
264499,8;0,1000308
264516,1;0,1000156
264533,1;0,1000018
264549,2;0,09998171
264566,2;0,09998171
264582,3;0,09995901
264598,9;0,09994772
264615,5;0,09993637
264632,4;0,0999338
264648,8;0,09993252
264665,2;0,09993496
264681,7;0,0999374
264703,5;0,09994753
264714,8;0,09996016
264731,4;0,0999778
264748;0,09999794
264764,6;0,1000143
264781,1;0,1000143
264797,7;0,1000244
264814,3;0,1000295
264830,8;0,100057
264847,4;0,1000996
264863,9;0,1001372
264880,6;0,100151
264897,1;0,1001673
264913,8;0,100181
264930,4;0,1001985
264947,1;0,1002361
264963,3;0,1002361
264980,4;0,100275
264996,5;0,1003124
265013,1;0,1003236
265030,3;0,1003535
265046,2;0,1003711
265062,8;0,1003973
265079,3;0,1004272
265096,3;0,1004397
265112,8;0,1004672
265129;0,1004859
265145,6;0,1004935
265162,1;0,1005097
265178,7;0,1005533
265195,3;0,1005646
265211,9;0,100587
265228,4;0,100587
265245;0,1006256
265261,5;0,1006281
265278,4;0,1006356
265295,1;0,1006406
265311,8;0,1006331
265328,4;0,1006293
265344,4;0,1006243
265361;0,1006117
265378,3;0,100599
265394,1;0,100589
265411,1;0,100579
265427,2;0,100579
265443,8;0,1005714
265460,3;0,1005663
265476,9;0,1005386
265493,5;0,1005021
265510,4;0,1004946
265526,6;0,1004831
265543,4;0,1004781
265559,8;0,1004667
265576,3;0,1004378
265593,3;0,100429
265609,8;0,1004176
265626;0,1003861
265642,6;0,100366
265659,2;0,1003498
265676,2;0,1003397
265692,7;0,100331
265708,8;0,1003222
265726,1;0,1002895
265742;0,1002731
265759,1;0,1002631
265775,1;0,1002455
265791,7;0,1002378
265808,3;0,1002251
265825;0,10022
265841,8;0,1002112
265858,5;0,1002099
265874,8;0,1001985
265891,1;0,1001896
265907,7;0,1001896
265924,2;0,100182
265940,8;0,1001795
265957,4;0,1001782
265974,3;0,1001769
265990,5;0,1001769
266007,1;0,1001819
266023,6;0,1001907
266040,5;0,1001994
266056,8;0,1001994
266073,3;0,1002044
266089,9;0,1002044
266106,4;0,100217
266123,4;0,1002422
266140,3;0,1002534
266156,3;0,1002584
266172,7;0,1002722
266189,9;0,1002872
266205,9;0,1002935
266222,5;0,1003022
266239;0,1003058
266255,6;0,1003108
266272,5;0,1003134
266288,7;0,1003134
266305,3;0,1003334
266322,3;0,1003409
266338,4;0,1003508
266354,9;0,1003645
266371,5;0,1003746
266388,1;0,1003833
266404,8;0,1003909
266421,6;0,1003935
266437,8;0,1003996
266454,3;0,1003997
266470,9;0,100396
266487,5;0,1003898
266504,1;0,1003873
266520,8;0,1003849
266537,2;0,1003849
266553,8;0,1003738
266570,3;0,1003677
266586,9;0,1003629
266603,5;0,1003554
266620,1;0,1003554
266636,9;0,1003257
266653,2;0,1003182
266669,8;0,1002995
266686,3;0,1002684
266702,9;0,1002684
266719,5;0,100256
266736;0,100256
266752,6;0,1002236
266769,2;0,1001598
266785,8;0,1001435
266802,3;0,1001186
266819;0,1000886
266835,9;0,100076
266852;0,1000485
266868,6;0,1000336
266885,2;0,1000198
266901,7;0,1000011
266918,3;0,09995867
266935,1;0,09992608
266951,4;0,09991229
266968;0,09988856
266984,5;0,0998561
267001,1;0,09985232
267018;0,09983224
267034,3;0,09982217
267050,8;0,09981845
267067,4;0,09978683
267083,9;0,09978683
267100,7;0,09977036
267117,1;0,0997576
267133,8;0,09974746
267150,2;0,09974234
267166,8;0,09974234
267183,7;0,09972336
267199,9;0,09971945
267216,5;0,09971701
267233,1;0,09971573
267249,6;0,09971573
267266,2;0,09970944
267282,8;0,09970822
267299,5;0,0997095
267315,8;0,09970701
267332,4;0,09971207
267349;0,09971329
267365,6;0,09971201
267382,4;0,09971701
267398,9;0,09972317
267415,3;0,09972073
267431,8;0,09971958
267448,4;0,09971707
267465,2;0,09971219
267481,6;0,09970976
267498,1;0,09970732
267515;0,09969994
267531,3;0,09969506
267547,8;0,09968402
267564,4;0,09968036
267580,9;0,09967298
267597,6;0,09966932
267614,5;0,09966445
267630,7;0,09966445
267647,6;0,09965707
267663,8;0,09965341
267680,7;0,09964468
267697,6;0,09964725
267713,5;0,09964359
267730,3;0,09963627
267746,6;0,09962767
267763,2;0,09962396
267779,7;0,09961169
267796,4;0,09960181
267812,9;0,09958956
267830,1;0,09958956
267846;0,09956601
267862,6;0,09955472
267879,2;0,0995349
267895,7;0,09952623
267912,3;0,09951995
267928,9;0,09949262
267945,4;0,09947895
267962,1;0,09947017
267979,2;0,09947017
267995,5;0,09946761
268012,1;0,09946638
268028,2;0,09945516
268044,8;0,09944887
268061,4;0,09944387
268078;0,09944387
268095,1;0,09943752
268111,2;0,09943502
268127,6;0,09943252
268144,2;0,09943124
268160,8;0,09942996
268177,3;0,09942367
268193,9;0,09941739
268210,5;0,09941366
268227,1;0,0994111
268244;0,09940872
268260,6;0,09941366
268277,4;0,09941366
268293,4;0,09941123
268309,9;0,09940988
268326,4;0,09940488
268343,1;0,09940115
268359,6;0,09940115
268376,1;0,0993873
268392,7;0,09938102
268409,3;0,09937967
268425,8;0,09937967
268442,7;0,0993834
268459;0,09939206
268475,6;0,09939449
268492,1;0,09939571
268508,7;0,09939571
268525,4;0,09939816
268541,8;0,09939694
268559,3;0,09939571
268574,9;0,09939449
268591,5;0,09939449
268608,3;0,09939694
268625;0,09939571
268641,3;0,09939571
268657,9;0,09939449
268674,3;0,09938961
268691,1;0,09938724
268707,5;0,09938724
268724,1;0,0993823
268741,6;0,09938358
268757,3;0,09938114
268773,9;0,09938114
268790,3;0,09938114
268807,1;0,09937992
268823,6;0,09937992
268840,5;0,0993787
268856,6;0,0993787
268873,2;0,09937272
268889,7;0,09937759
268906,3;0,099374
268922,8;0,09937277
268939,4;0,09937156
268956,5;0,09936912
268972,6;0,09937034
268989,1;0,09937034
269005,7;0,0993679
269022,7;0,09936424
269038,8;0,0993471
269055,3;0,09933607
269071,9;0,09932496
269088,5;0,09931399
269105,1;0,09930044
269121,7;0,0992844
269138,7;0,09927087
269154,8;0,09924994
269171,8;0,09923884
269188,2;0,09923884
269204,5;0,09921651
269221,7;0,09918071
269237,8;0,09916722
269254,6;0,09915734
269270,8;0,09915252
269287,8;0,09914508
269303,9;0,09911927
269320,4;0,0990826
269337;0,09904454
269353,9;0,09903221
269370,2;0,09901507
269386,7;0,09900525
269403,3;0,09899665
269419,9;0,09899543
269437,8;0,09897713
269453,3;0,09896621
269470;0,09896012
269486,1;0,09895524
269502,8;0,0989492
269519,2;0,09894316
269535,8;0,09894316
269552,6;0,0989395
269568,9;0,09893468
269585,8;0,09893102
269602,7;0,09892614
269618,8;0,09892614
269635,3;0,09892371
269651,8;0,09892127
269668,3;0,09892127
269684,9;0,0989212
269701,7;0,09892493
269718,1;0,09892736
269734,6;0,09892614
269751,2;0,09892493
269767,7;0,0989298
269784,3;0,09893468
269800,9;0,0989359
269817,4;0,0989359
269834;0,09893706
269850,6;0,09894078
269867,1;0,09894322
269883,7;0,09894565
269901;0,0989481
269917;0,0989481
269933,6;0,09894931
269950;0,09895304
269966,5;0,0989531
269983,1;0,0989481
269999,7;0,09894322
270016,6;0,09894322
270033,2;0,09893193
270049,4;0,09892077
270065,9;0,09891082
270082,7;0,09889825
270099,1;0,09889825
270115,6;0,09888959
270132,8;0,09887715
270149,1;0,09886458
270165,6;0,09885835
270181,9;0,09885213
270198,9;0,09884841
270215,1;0,09884597
270231,8;0,09883596
270248,2;0,09883102
270264,8;0,09882852
270281,5;0,09881852
270297,9;0,09881852
270314,4;0,09880857
270331,2;0,09880241
270347,6;0,09879625
270364,6;0,09879381
270383;0,09878752
270399,6;0,09877521
270416,1;0,09876776
270432,7;0,09876276
270449,3;0,09875904
270465,8;0,0987566
270482,4;0,09875666
270499,3;0,09875789
270515,5;0,09876038
270532,1;0,09876405
270548,7;0,09876405
270565,3;0,09876899
270581,8;0,09877142
270598,4;0,09878246
270614,9;0,09880082
270631,7;0,0988057
270648,2;0,09881307
270664,7;0,09881552
270681,2;0,09883259
270697,8;0,09883869
270714,3;0,098846
270730,9;0,09884723
270747,5;0,09885454
270764;0,09885698
270780,7;0,09885698
270797,2;0,09886186
270813,8;0,09886674
270831,1;0,09886796
270846,9;0,09886917
270863,5;0,09886917
270880;0,09887638
270896,7;0,09887516
270913,1;0,0988812
270929,7;0,09888241
270946,3;0,09888486
270962,8;0,09888852
270979,4;0,09888852
270996;0,09888852
271012,5;0,09889339
271029,1;0,09889339
271046,2;0,09890315
271062,4;0,09890315
271078,8;0,09892523
271095,8;0,09893383
271111,9;0,09894987
271128,7;0,09896463
271145,1;0,0989695
271161,6;0,09898665
271179;0,09898665
271194,8;0,09899281
271211,3;0,09899281
271228;0,09900757
271244,5;0,09906308
271261;0,09908645
271277,6;0,09910981
271294,2;0,09912324
271310,7;0,09912324
271327,3;0,09913306
271344,3;0,09918834
271361,1;0,09920181
271377;0,09921048
271393,6;0,09922787
271410,7;0,09926862
271426,7;0,09929448
271443,3;0,09930686
271460;0,09931925
271476,4;0,09932913
271493,1;0,09936994
271510,1;0,09938476
271526,1;0,09941191
271543,4;0,09941191
271559,3;0,09944912
271576,1;0,09946138
271592,4;0,09948493
271609;0,09950969
271625,5;0,09952458
271642,1;0,0995358
271658,6;0,09955191
271675,2;0,09955191
271691,8;0,09959047
271708,3;0,09959546
271724,9;0,09961285
271741,5;0,09961901
271758,1;0,09964384
271774,6;0,09965378
271791,3;0,09965378
271807,8;0,09966751
271824,6;0,09966751
271840,9;0,0996713
271857,4;0,09967379
271874;0,09971864
271890,6;0,0997561
271907,1;0,09977483
271923,7;0,09978477
271940,3;0,09979978
271956,9;0,09981229
271973,4;0,0998273
271990,4;0,0998273
272006,5;0,09984603
272023,1;0,09986348
272039,7;0,09987611
272056,3;0,09989106
272072,8;0,09990107
272089,6;0,09991735
272106,2;0,09992614
272122,8;0,09994115
272139,7;0,09994872
272155,8;0,09995
272172,4;0,09998246
272188,8;0,0999838
272205,8;0,09999387
272231,7;0,1000277
272248,3;0,1000414
272264,8;0,100044
272281,4;0,100049
272298,2;0,1000689
272314,5;0,1000826
272331,1;0,1000926
272348;0,1000926
272364,7;0,1001251
272380,8;0,1001338
272397,5;0,1001476
272414,2;0,1001587
272430,5;0,1001587
272447,1;0,100165
272463,7;0,100165
272480,7;0,1001738
272496,8;0,1001764
272513,4;0,1001851
272530,4;0,10021
272546,5;0,1002186
272563,4;0,1002174
272579,6;0,1002249
272596,2;0,1002286
272612,9;0,1002361
272629,3;0,1002361
272645,9;0,1002499
272662,5;0,1002512
272679;0,100275
272695,6;0,1002925
272712,2;0,1003012
272729,7;0,1003187
272745,3;0,1003274
272761,9;0,1003474
272778,4;0,1003549
272795;0,100376
272811,6;0,100396
272828,2;0,100396
272845,1;0,1004047
272861,3;0,1004346
272878,3;0,1004469
272894,4;0,1004644
272911,1;0,1004644
272927,6;0,1004905
272944,1;0,1005104
272960,6;0,1005165
272977,2;0,1005153
272994,1;0,1005538
273010,3;0,100565
273027,7;0,100565
273043,5;0,1005811
273060,1;0,1005999
273076,6;0,1006036
273093,2;0,1006086
273109,9;0,1006061
273126,3;0,1006112
273142,9;0,1006187
273163,1;0,1006325
273179,7;0,1006464
273196,2;0,1006502
273212,8;0,1006553
273229,4;0,1006553
273245,9;0,1006564
273262,5;0,1006589
273279,1;0,1006589
273296,1;0,1006641
273312,3;0,1006678
273328,8;0,1006691
273345,3;0,100673
273362,3;0,1006717
273379;0,1006717
273395;0,1006579
273411,6;0,1006478
273428,4;0,1006403
273444,7;0,1006266
273461,3;0,1006266
273477,8;0,1006066
273494,4;0,1005928
273511,2;0,1005829
273527,6;0,1005691
273544,1;0,1005629
273560,7;0,1005555
273577,3;0,1005467
273593,8;0,1005378
273610,9;0,1005341
273627,2;0,1005253
273643,5;0,1005214
273660,4;0,1005214
273677;0,1005139
273693,2;0,10051
273709,8;0,1005101
273726,6;0,1005088
273743,4;0,1005088
273759,5;0,1005088
273776,1;0,1005088
273792,9;0,1005062
273809,2;0,1005099
273826,1;0,1005087
273842,3;0,1005087
273858,9;0,1005087
273875,5;0,1005137
273892,1;0,1005124
273909;0,1005124
273925,2;0,1005112
273941,7;0,1005124
273958,3;0,1005112
273975;0,1005099
273991,4;0,1005112
274008,1;0,1005112
274024,7;0,100515
274041,7;0,1005124
274057,7;0,1005124
274074,7;0,1005061
274093,7;0,1004998
274110,3;0,1004874
274127;0,1004723
274144,2;0,1004611
274160;0,1004484
274176,5;0,100432
274193,9;0,100422
274209,7;0,100422
274226,4;0,1004082
274242,8;0,1003719
274259,7;0,1003669
274276;0,1003457
274292,5;0,1003457
274309,1;0,1003257
274325,6;0,100312
274342,4;0,100292
274358,8;0,1002795
274375,3;0,1002745
274391,9;0,100272
274408,8;0,100267
274425,1;0,100257
274441,6;0,1002221
274458,2;0,1002046
274474,8;0,1001933
274491,8;0,1001808
274507,9;0,1001685
274524,5;0,1001623
274541,2;0,1001512
274557,6;0,100145
274574,1;0,1001389
274590,9;0,1001389
274607,6;0,1001315
274623,8;0,1001078
274640,4;0,1000942
274658;0,1000842
274673,5;0,1000842
274690,2;0,100053
274707;0,1000343
274723,3;0,1000231
274739,9;0,1000169
274757,1;0,1000006
274773,4;0,09998062
274789,5;0,09996073
274806,1;0,099942
274822,6;0,09993077
274839,4;0,09991576
274856,1;0,09991076
274872,3;0,09991076
274888,9;0,09988208
274905,5;0,09986836
274922,3;0,09986091
274938,6;0,09984462
274955,2;0,09983352
274971,8;0,09982223
274988,3;0,09980607
275005;0,09979735
275021,4;0,09979735
275038;0,09978862
275054,7;0,09978496
275071,1;0,09976623
275087,7;0,09973018
275104,3;0,09972139
275120,8;0,09970388
275137,4;0,09968893
275154;0,09968399
275170,9;0,09966526
275187,1;0,09965403
275204;0,09963293
275220,7;0,09962164
275236,8;0,09962164
275253,3;0,09959681
275269,9;0,09958058
275286,5;0,09955685
275303,1;0,09955685
275319,7;0,09954812
275336,3;0,09951823
275352,8;0,09949841
275369,3;0,09948968
275385,9;0,09948968
275402,7;0,09947114
275419;0,09947236
275435,6;0,09946369
275452,3;0,09946126
275469,4;0,09945875
275485,3;0,09945632
275501,9;0,0994551
275518,4;0,09945144
275535;0,09944156
275551,5;0,09943289
275568,2;0,09942923
275584,9;0,09941936
275601,4;0,09940825
275618;0,09940216
275634,4;0,09940216
275651,7;0,09939472
275667,6;0,09939343
275684,1;0,09938978
275701,2;0,09938239
275718,1;0,09935404
275734;0,09933165
275750,4;0,09929834
275766,9;0,0992909
275784;0,0992909
275800,1;0,09925619
275816,6;0,09923502
275833,2;0,0992102
275849,8;0,09920025
275866,8;0,09920025
275883,3;0,09915291
275899,4;0,09915291
275916;0,09912673
275933,1;0,09911429
275949,2;0,09909678
275969;0,09908433
275982,3;0,09907921
275998,9;0,09907048
276015,5;0,09904919
276032,1;0,09904919
276048,6;0,09904034
276065,1;0,09902276
276082,2;0,09901904
276098,3;0,0990202
276114,8;0,0990227
276131,7;0,09902264
276147,9;0,09903137
276164,5;0,09903014
276181,4;0,09903014
276197,8;0,0990302
276214,7;0,09903765
276230,8;0,09904265
276247,3;0,0990515
276264,4;0,0990515
276280,5;0,09905516
276297,1;0,0990601
276313,7;0,09906138
276330,2;0,09906138
276346,8;0,09906267
276363,6;0,09907889
276379,9;0,09909378
276396,5;0,09910628
276413,2;0,09911001
276429,6;0,09911129
276446,3;0,09911501
276462,8;0,09911751
276479,3;0,09912252
276496;0,09912867
276512,4;0,09912867
276529;0,09913233
276545,6;0,09915087
276562,3;0,09916338
276578,7;0,0991671
276595,3;0,09917467
276611,8;0,09918583
276628,6;0,09919821
276645;0,09919821
276661,5;0,09921054
276678,1;0,0992142
276694,7;0,09923036
276711,6;0,0992353
276727,8;0,09924891
276744,7;0,09924891
276761,5;0,09925391
276777,5;0,09927373
276794,1;0,0992874
276810,6;0,09929362
276827,3;0,09929362
276843,8;0,09931473
276860,4;0,09932217
276876,9;0,09933846
276893,5;0,09934469
276916;0,0993595
276926,6;0,09936573
276943,2;0,09936573
276959,8;0,09937195
276976,6;0,09937195
276992,9;0,09939184
277009,4;0,09941917
277026,7;0,09943161
277042,6;0,09944156
277059,2;0,09944644
277075,7;0,09945022
277092,3;0,09946626
277108,8;0,0994773
277125,5;0,09948859
277142;0,09948859
277158,5;0,09950347
277175,1;0,09951714
277191,7;0,09953074
277208,3;0,09954306
277224,8;0,09954306
277241,4;0,09955306
277257,9;0,09957295
277274,6;0,09958418
277291;0,09959034
277307,6;0,09959034
277325,1;0,09962004
277340,8;0,09962504
277357,3;0,099645
277374;0,0996511
277390,9;0,0996661
277407;0,09967104
277423,9;0,09967855
277440,2;0,09968471
277456,8;0,09970459
277473,3;0,09971827
277489,9;0,09972442
277506,4;0,09973674
277523;0,09974296
277539,7;0,09975407
277556,1;0,09976151
277572,8;0,09977017
277589,3;0,09977382
277606,3;0,09977755
277622,5;0,09979365
277639;0,09981598
277655,7;0,09983959
277672,1;0,09985203
277688,7;0,09986319
277705,2;0,09987179
277721,8;0,09987918
277738,4;0,09988777
277754,9;0,09988777
277771,5;0,09990882
277788,4;0,09991992
277804,6;0,0999298
277821,3;0,0999409
277837,8;0,099957
277856,2;0,09996688
277872,8;0,09997555
277889,3;0,09998915
277905,9;0,09998915
277922,5;0,1000004
277939,3;0,100009
277955,6;0,100019
277972,3;0,1000253
277988,8;0,1000341
278005,5;0,1000378
278022,4;0,1000391
278038,4;0,1000453
278055,1;0,1000478
278071,9;0,1000528
278088,1;0,1000528
278104,7;0,1000504
278121,6;0,1000504
278137,8;0,1000516
278154,8;0,1000542
278171,1;0,1000579
278187,5;0,1000579
278204,1;0,1000641
278220,7;0,1000641
278237,6;0,1000654
278253,8;0,1000666
278270,3;0,1000666
278287;0,1000689
278304,1;0,1000726
278320,1;0,1000713
278336,8;0,1000726
278353,2;0,1000751
278369,8;0,1000738
278386,3;0,1000738
278402,9;0,1000675
278419,5;0,100065
278436;0,1000736
278452,6;0,1000736
278469,3;0,1000797
278486,3;0,1000836
278502,3;0,1000924
278519;0,1000937
278535,6;0,1000974
278552;0,1000999
278568,6;0,1000973
278585,2;0,100101
278601,7;0,100106
278618,3;0,1001098
278634,8;0,100111
278651,4;0,1001149
278668;0,1001149
278684,9;0,1001187
278701,1;0,1001076
278717,8;0,1001038
278734,2;0,1000978
278750,8;0,1000902
278767,5;0,1000668
278784,8;0,1000519
278800,5;0,1000444
278817,1;0,100037
278833,6;0,1000258
278850,2;0,1000184
278866,8;0,1000184
278883,3;0,1000109
278899,9;0,1000023
278916,5;0,09996641
278933,1;0,09995141
278949,6;0,09994037
278966,4;0,09993043
278982,7;0,0999167
279000,2;0,09990303
279015,9;0,09989431
279032,4;0,09988064
279049;0,09987205
279065,6;0,0998646
279082,9;0,0998621
279098,7;0,0998424
279115,8;0,09983374
279132;0,09982502
279148,4;0,09982502
279165;0,09982758
279181,5;0,09983137
279198,1;0,09983259
279215;0,09983765
279231,8;0,09984143
279247,8;0,09985144
279264,7;0,09985516
279280,9;0,09986023
279297,7;0,09987164
279314,4;0,09987921
279330,6;0,09988427
279347,2;0,09988427
279363,8;0,09989434
279380,4;0,09990063
279396,9;0,0999082
279413,4;0,09991698
279430;0,09992205
279447,2;0,09992583
279463,2;0,09993339
279480,1;0,09994102
279496,3;0,09994102
279512,8;0,09994481
279529,4;0,09994481
279546;0,09995982
279562,6;0,09996745
279579,1;0,09996745
279595,7;0,09996745
279612,3;0,09996738
279628,9;0,09996361
279645,9;0,09996232
279662,6;0,09995982
279678,5;0,09995982
279695,9;0,09995854
279711,7;0,09995481
279729,3;0,0999586
279745,9;0,09995982
279763,1;0,09995969
279779,6;0,0999622
279795,6;0,09995585
279812,2;0,09994969
279828,8;0,09994969
279845,3;0,09994469
279862,1;0,09994212
279878,4;0,09994456
279895;0,09994328
279911,6;0,09994193
279928,2;0,09994309
279944,8;0,09994694
279961,3;0,09994809
279978,1;0,09995181
279994,4;0,09994681
280011,1;0,09995053
280027,6;0,09995053
280044,1;0,09995175
280061,1;0,09995181
280077,3;0,09995188
280094,4;0,09995682
280110,5;0,09995682
280127;0,09996188
280143,9;0,09996188
280160,5;0,0999656
280176,7;0,0999656
280193,5;0,09996426
280209,8;0,09997299
280227;0,09997548
280243,1;0,09997799
280259,5;0,09997927
280276,1;0,09998427
280292,6;0,09998421
280309,2;0,09998786
280326,1;0,09998915
280342,5;0,09999274
280358,9;0,09999519
280375,5;0,1000027
280392,9;0,1000114
280408,9;0,1000151
280425,1;0,1000165
280441,8;0,1000177
280458,3;0,1000189
280474,8;0,1000291
280491,5;0,1000289
280508,4;0,1000314
280524,5;0,1000339
280541,1;0,1000351
280557,9;0,1000326
280574,3;0,1000301
280591,2;0,1000276
280607,4;0,1000301
280624,4;0,1000263
280640,5;0,1000262
280657,1;0,100025
280673,7;0,1000262
280690,2;0,1000262
280706,8;0,1000474
280723,4;0,1000548
280739,9;0,1000685
280756,8;0,100076
280773;0,1000884
280789,7;0,1000871
280806,2;0,1000971
280822,8;0,1001083
280839,3;0,1001382
280855,9;0,1001605
280872,7;0,1001704
280889,1;0,1001827
280905,6;0,1001914
280922,2;0,1002114
280938,8;0,1002177
280955,3;0,1002275
280971,9;0,1002462
280988,4;0,1002548
281005;0,1002673
281021,5;0,1002772
281038,1;0,1002909
281054,7;0,100302
281071,3;0,100312
281087,8;0,1003194
281104,4;0,1003367
281121,2;0,1003492
281138;0,1003492
281154,1;0,1003541
281170,7;0,1003529
281187,3;0,1003504
281203,8;0,100353
281220,8;0,1003505
281237,5;0,100353
281253,5;0,1003518
281270,2;0,1003492
281286,6;0,1003454
281303,2;0,1003454
281320;0,1003454
281336,4;0,1003366
281352,9;0,100334
281369,4;0,1003314
281386;0,1003314
281402,6;0,1003289
281419,2;0,1003289
281435,7;0,1003263
281452,3;0,1003238
281468,8;0,1003212
281485,4;0,1003187
281502;0,1003149
281518,6;0,1003149
281535,1;0,1003162
281551,7;0,10032
281568,3;0,1003263
281585,2;0,1003289
281602;0,1003414
281617,9;0,1003414
281634,5;0,1003502
281651,1;0,1003616
281667,8;0,1003716
281684,3;0,1003766
281701,4;0,100388
281717,4;0,1003968
281733,9;0,1004082
281751,2;0,1004082
281767,9;0,1004272
281783,6;0,1004284
281800,2;0,1004423
281816,9;0,1004586
281833,4;0,1004699
281849,9;0,10048
281866,5;0,1004864
281883,2;0,1004965
281899,6;0,1005041
281916,8;0,1005154
281932,7;0,1005255
281949,3;0,1005255
281966,1;0,1005254
281982,4;0,1005368
281999;0,1005469
282015,6;0,1005507
282032,2;0,1005507
282048,7;0,1005633
282065,3;0,1005633
282081,8;0,1005697
282098,5;0,1005735
282115;0,1005861
282131,5;0,1006064
282148,1;0,1006151
282164,8;0,1006214
282181,3;0,1006214
282197,8;0,1006214
282214,3;0,1006392
282230,9;0,1006468
282247,5;0,1006557
282264,3;0,1006582
282280,6;0,1006582
282297,2;0,1006735
282313,8;0,1006812
282330,3;0,1006914
282347;0,1006914
282363,6;0,100694
282380;0,1007105
282397;0,100713
282413,2;0,1007206
282429,7;0,1007206
282446,4;0,1007384
282463,3;0,1007409
282479,4;0,1007498
282496,3;0,1007498
282512,5;0,1007575
282529,1;0,1007727
282546,2;0,1007752
282562,3;0,1007828
282579,2;0,1007942
282595,7;0,1008018
282612,4;0,1008044
282628,8;0,1008044
282645,4;0,1008208
282662,8;0,1008247
282678,6;0,100831
282695,1;0,1008336
282711,7;0,1008335
282728,6;0,1008335
282744,8;0,1008348
282761,4;0,1008512
282778;0,1008549
282794,6;0,1008574
282811,1;0,1008599
282827,7;0,100865
282844,3;0,1008688
282860,8;0,1008789
282877,5;0,1008814
282894,5;0,1008891
282910,5;0,1008991
282927,1;0,1009016
282944;0,1009041
282960,6;0,1009041
282977,1;0,1009141
282993,3;0,100923
283010,4;0,1009293
283026,5;0,1009318
283043;0,1009444
283059,6;0,100947
283076,2;0,1009572
283092,7;0,1009635
283109,3;0,1009711
283125,8;0,1009775
283142,4;0,1009788
283159,4;0,1009813
283175,6;0,1009864
283192,1;0,1009864
283208,7;0,1009953
283226;0,100994
283241,8;0,1009978
283258,5;0,1009965
283275;0,1009978
283291,5;0,1010016
283308,3;0,1010079
283324,7;0,1010118
283341,7;0,1010118
283357,8;0,1010181
283374,3;0,1010207
283390,9;0,1010271
283407,5;0,101031
283424,1;0,1010399
283440,6;0,1010399
283457,2;0,1010451
283473,8;0,1010501
283490,3;0,1010565
283506,9;0,1010565
283527,7;0,1010603
283540;0,1010603
283556,6;0,1010667
283573,2;0,101068
283589,7;0,101068
283606,3;0,1010705
283623,3;0,1010744
283639,4;0,1010744
283656,8;0,1010756
283672,7;0,1010756
283689,2;0,1010782
283705,7;0,1010782
283722,3;0,1010782
283739;0,1010833
283755,5;0,1010846
283772;0,1010872
283788,5;0,1010897
283805,1;0,1010923
283822;0,1010962
283838,2;0,1010974
283854,8;0,1010987
283871,4;0,1011
283888;0,1011026
283904,5;0,1011051
283921,1;0,1011051
283937,6;0,1011103
283954,2;0,1011192
283970,9;0,1011205
283987,3;0,1011231
284003,9;0,1011231
284020,6;0,1011256
284037,1;0,1011321
284054,1;0,1011333
284070,2;0,1011346
284086,8;0,1011397
284103,3;0,1011397
284120,1;0,1011449
284136,4;0,1011423
284153;0,1011449
284170;0,1011474
284186,1;0,1011487
284202,7;0,1011487
284219,3;0,10115
284235,8;0,1011462
284252,4;0,1011437
284269,2;0,1011437
284285,7;0,1011322
284302,1;0,101117
284318,8;0,1011094
284335,4;0,1010931
284351,8;0,1010767
284368,3;0,101073
284384,9;0,1010641
284401,5;0,1010403
284420,4;0,1010339
284434,6;0,1010187
284451,2;0,1009999
284467,8;0,1009897
284484,4;0,1009834
284500,9;0,1009834
284517,5;0,1009518
284534;0,1009367
284550,6;0,1009317
284567,2;0,1009228
284584,3;0,1009228
284600,3;0,1008951
284617,1;0,1008951
284633,4;0,1008875
284650,3;0,1008875
284666,6;0,1008724
284683,1;0,1008447
284700,3;0,1008334
284716,3;0,1008271
284732,9;0,1008271
284749,4;0,1007982
284766;0,1007931
284782,5;0,1007744
284799,3;0,1007744
284816,3;0,1007618
284832,2;0,100748
284848,8;0,1007341
284865,3;0,1007266
284881,9;0,1007266
284898,5;0,100704
284915,1;0,1006851
284932,1;0,1006763
284948,2;0,1006625
284964,8;0,1006536
284981,3;0,1006486
284998,1;0,1006423
285014,5;0,100636
285031,7;0,100636
285047,6;0,1006271
285064,2;0,100622
285080,7;0,100622
285097,3;0,1006069
285113,9;0,1005993
285130,4;0,1005942
285147;0,1005866
285163,6;0,100579
285180,3;0,1005751
285196,8;0,1005651
285213,6;0,1005574
285230,1;0,1005562
285246,4;0,1005537
285263;0,1005511
285279,5;0,1005436
285296,3;0,1005436
285312,7;0,1005336
285329,3;0,1005059
285345,8;0,1004669
285363,8;0,1004456
285380,4;0,1004318
285396,9;0,1004179
285414;0,1003978
285430,1;0,1003866
285446,6;0,100384
285463,2;0,1003475
285480,7;0,1003438
285496,3;0,1003237
285512,9;0,1003048
285529,6;0,1002872
285546,6;0,1002747
285562,6;0,1002747
285579,2;0,1002321
285596,1;0,1002207
285612,8;0,1002018
285628,9;0,1001906
285645,6;0,1001742
285662;0,1001642
285678,6;0,1001454
285695,3;0,1001315
285712,1;0,1001127
285728,9;0,1000925
285744,8;0,1000775
285762,1;0,1000661
285778;0,100046
285794,5;0,100046
285811,1;0,1000196
285827,7;0,09999562
285844,3;0,09998299
285860,9;0,09997921
285877,7;0,09996907
285893,9;0,09996029
285910,5;0,099949
285927,1;0,099949
285943,6;0,09994265
285960,2;0,09990982
285976,9;0,09986923
285993,3;0,0998591
286009,9;0,0998439
286027,3;0,09982614
286043;0,09981608
286059,6;0,09981094
286076,6;0,09979587
286092,8;0,09979587
286109,6;0,09977561
286125,9;0,09976926
286142,4;0,09975785
286159;0,09974259
286175,6;0,09974259
286192,5;0,09972227
286208,7;0,09971592
286225,3;0,09971592
286241,8;0,09969206
286258,4;0,09968956
286275,1;0,09968206
286299,2;0,09968212
286308,2;0,09968327
286324,8;0,09968583
286341,9;0,09968828
286357,9;0,09969206
286374,6;0,09969956
286391,3;0,0997045
286407,6;0,0997045
286424,2;0,0997045
286440,8;0,0997045
286457,5;0,09970822
286473,9;0,09970829
286490,4;0,09970957
286507,9;0,09971078
286523,7;0,0997095
286540,4;0,0997095
286556,8;0,09971078
286573,3;0,09971078
286589,8;0,09971707
286606,4;0,09974087
286623,2;0,09974587
286639,6;0,09975851
286656,1;0,09976345
286672,7;0,09977352
286689,3;0,09978487
286706,4;0,09979115
286722,3;0,0997975
286738,9;0,09980744
286755,8;0,09980744
286772,1;0,09982386
286789,1;0,09985022
286805,9;0,0998565
286821,8;0,0998565
286838,3;0,09987915
286854,9;0,09988915
286871,6;0,09990044
286888;0,09991551
286904,6;0,09991551
286921,2;0,09994065
286938;0,09994065
286954,3;0,09995951
286971,2;0,09996586
286987,4;0,09997592
287004;0,09997848
287020,6;0,09998227
287037,6;0,09998728
287053,7;0,1000001
287070,3;0,1000077
287086,8;0,1000102
287103,4;0,1000164
287120;0,100024
287136,5;0,1000329
287153,1;0,100038
287169,7;0,1000406
287186,2;0,1000406
287202,8;0,1000443
287219,5;0,1000494
287241,3;0,1000646
287253,7;0,100086
287270,3;0,1000897
287286,9;0,1000972
287303,6;0,1001212
287320,4;0,1001375
287336,6;0,1001438
287353,1;0,1001438
287370;0,1001775
287386,3;0,1001913
287402,8;0,1002089
287419,4;0,1002152
287436;0,1002152
287452,5;0,100235
287469,1;0,1002514
287485,8;0,1002588
287502,4;0,1002639
287518,8;0,1002701
287535,4;0,1002789
287552;0,1002925
287568,5;0,1002974
287585,1;0,1003049
287601,8;0,1003074
287618,5;0,1003161
287634,8;0,1003199
287651,4;0,1003298
287667,9;0,1003348
287685,1;0,1003436
287701,3;0,1003473
287717,6;0,1003473
287734,2;0,1003623
287750,8;0,1003772
287767,3;0,1003922
287783,9;0,1003922
287800,4;0,1003972
287817;0,1004009
287833,6;0,1004084
287850,1;0,1004084
287866,7;0,1004134
287883,3;0,1004335
287899,8;0,1004584
287916,5;0,1004672
287933;0,1004747
287949,5;0,1004848
287966,1;0,1004886
287982,7;0,1005
287999,3;0,1005064
288015,8;0,1005139
288032,5;0,1005214
288048,9;0,1005366
288065,5;0,1005441
288082,1;0,1005466
288098,6;0,1005541
288115,2;0,1005616
288131,8;0,1005655
288150,2;0,1005756
288164,9;0,1005857
288181,5;0,1005883
288198;0,1005959
288215;0,1005959
288231,2;0,1006172
288247,8;0,1006247
288264,8;0,1006335
288280,8;0,1006322
288297,8;0,1006323
288314;0,1006348
288330,6;0,1006374
288347,3;0,1006387
288363,7;0,1006361
288380,3;0,1006425
288396,9;0,1006463
288413,6;0,1006501
288430;0,1006538
288446,9;0,1006576
288463,1;0,1006576
288480;0,1006602
288496,3;0,1006627
288513;0,1006739
288529,4;0,1006939
288546;0,100699
288562,6;0,1007066
288579,4;0,1007104
288596,1;0,1007129
288612,2;0,1007129
288629,4;0,1007142
288645,3;0,1007142
288662,5;0,1007282
288678,5;0,1007334
288695;0,1007359
288711,6;0,1007385
288728,4;0,1007423
288744,8;0,1007436
288761,3;0,1007423
288777,9;0,1007436
288794,5;0,1007449
288811,4;0,1007462
288827,6;0,1007475
288844,2;0,1007475
288860,7;0,1007475
288877,3;0,1007526
288893,9;0,100759
288910,8;0,1007616
288927;0,1007654
288943,5;0,1007654
288960,2;0,100768
288977,3;0,1007705
288993,9;0,1007705
289009,8;0,1007705
289026,5;0,1007705
289042,9;0,1007757
289059,9;0,100777
289076,2;0,1007782
289097,3;0,100777
289113,9;0,1007795
289130,4;0,1007795
289147;0,1007821
289163,6;0,1007808
289180,7;0,1007808
289196,7;0,1007782
289213,3;0,1007808
289229,8;0,1007808
289246,4;0,1007821
289263;0,1007834
289279,6;0,1007834
289296,2;0,1007846
289312,7;0,1007872
289329,3;0,1007885
289345,8;0,1007911
289362,5;0,1007898
289379;0,1007898
289395,5;0,1007923
289412,4;0,1007962
289428,7;0,1008
289445,2;0,1008089
289461,8;0,1008115
289478,6;0,100814
289495,3;0,100814
289511,8;0,1008177
289528;0,1008202
289544,7;0,1008139
289561,8;0,1008089
289577,7;0,1008089
289594,4;0,1007892
289610,9;0,1007867
289627,4;0,100778
289644;0,1007656
289660,6;0,1007581
289677,1;0,1007432
289693,7;0,1007395
289710,3;0,100727
289727,1;0,1007208
289743,4;0,1007208
289760,1;0,1007146
289776,6;0,1007071
289793,6;0,1006909
289809,7;0,1006722
289826,2;0,1006609
289842,8;0,1006523
289859,4;0,1006486
289875,9;0,1006474
289892,5;0,1006348
289909,2;0,1006323
289925,6;0,1006298
289942,2;0,100626
289958,8;0,100626
289975,3;0,1006196
289991,9;0,1006209
290011,2;0,1006172
290027,8;0,1006159
290044,3;0,1006146
290060,9;0,1006108
290077,7;0,1006108
290094,4;0,1006121
290110,7;0,1006121
290127,2;0,1006146
290143,8;0,1006171
290160,3;0,1006235
290176,9;0,1006222
290193,4;0,1006261
290210,6;0,1006286
290226,9;0,1006299
290243,3;0,1006325
290259,7;0,1006325
290276,3;0,1006414
290293,2;0,1006514
290309,4;0,1006514
290326,6;0,1006704
290342,8;0,1006741
290359,1;0,1006805
290376;0,100683
290392,3;0,1006854
290409,3;0,1006854
290425,4;0,1006954
290442,7;0,1007068
290458,5;0,1007119
290475,1;0,1007183
290491,6;0,1007195
290508,2;0,1007234
290525,2;0,1007247
290541,3;0,1007247
290557,9;0,100726
290574,5;0,100726
290591;0,1007285
290607,6;0,1007247
290624,2;0,1007234
290641,3;0,1007195
290657,3;0,1007183
290673,9;0,1007157
290690,4;0,1007144
290707;0,1007144
290723,6;0,1007106
290740,2;0,1007106
290756,7;0,1007106
290773,3;0,1007106
290789,9;0,1007067
290806,4;0,1007054
290823;0,1007029
290839,5;0,1007029
290856,1;0,1007029
290872,7;0,1006977
290889,6;0,1006965
290905,9;0,1006888
290922,4;0,1006887
290939,8;0,1006875
290955,5;0,1006836
290972,1;0,1006811
290989,2;0,1006824
291005,5;0,1006811
291021,8;0,1006811
291038,4;0,1006798
291055,1;0,1006785
291071,5;0,1006747
291088,2;0,1006683
291105;0,1006593
291121,2;0,1006593
291138,4;0,100658
291154,7;0,100658
291171,3;0,1006554
291187,4;0,1006554
291204;0,1006542
291220,6;0,1006516
291237,2;0,100649
291253,7;0,1006477
291270,5;0,1006477
291287;0,1006465
291303,7;0,1006465
291320;0,1006426
291337,1;0,1006439
291353,1;0,1006439
291369,9;0,1006375
291386,3;0,1006375
291402,9;0,1006349
291419,4;0,1006336
291435,9;0,1006324
291452,5;0,1006311
291469,1;0,1006311
291486;0,100631
291503,2;0,100631
291518,9;0,1006361
291535,3;0,1006487
291552,1;0,1006487
291568,8;0,100665
291585,1;0,1006876
291601,7;0,1007051
291619;0,1007276
291634,8;0,1007363
291651,3;0,1007463
291668,1;0,1007563
291684,4;0,1007563
291701,4;0,1007664
291717,6;0,1007863
291734,1;0,1008225
291750,9;0,1008413
291767,3;0,1008551
291783,8;0,1008639
291800,4;0,1008764
291817;0,1008801
291833,6;0,1008939
291850,1;0,1009127
291866,7;0,1009227
291883,3;0,100929
291899,8;0,100929
291916,8;0,1009352
291933,4;0,1009517
291950,2;0,1009568
291966,5;0,1009568
291983,1;0,1009618
291999,7;0,1009644
292017;0,1009706
292032,8;0,1009758
292049,7;0,1009745
292065,9;0,1009745
292082,5;0,100977
292099,1;0,100977
292115,6;0,1009783
292132,2;0,1009796
292148,8;0,100977
292165,3;0,1009809
292181,9;0,1009822
292198,5;0,1009835
292215;0,1009835
292231,6;0,1009873
292248,2;0,1009899
292264,7;0,1009912
292281,3;0,1009912
292298,4;0,100995
292314,4;0,1009976
292331;0,1009976
292347,6;0,1010001
292364,4;0,1010027
292380,7;0,1010194
292397,3;0,101027
292413,8;0,1010283
292430,6;0,1010399
292447;0,1010399
292463,9;0,1010424
292480,3;0,1010463
292496,7;0,1010501
292513,3;0,1010553
292529,8;0,1010553
292547;0,1010629
292563;0,1010668
292579,5;0,1010668
292596,5;0,1010783
292612,8;0,1010848
292629,2;0,1010861
292646,2;0,1010912
292662,3;0,1010912
292678,9;0,1011041
292695,5;0,101108
292712;0,1011144
292729,5;0,1011195
292745,5;0,1011221
292761,7;0,1011285
292778,3;0,101131
292795,1;0,101131
292818,6;0,1011451
292828;0,1011464
292844,5;0,1011554
292861,3;0,1011606
292877,7;0,1011683
292894,3;0,1011721
292910,8;0,1011785
292927,4;0,1011863
292944,2;0,1011863
292960,5;0,1011876
292977,2;0,1011901
292994,1;0,101203
293010,2;0,1012107
293026,8;0,1012145
293043,4;0,1012145
293060,9;0,1012209
293076,5;0,1012222
293093,1;0,1012312
293109,6;0,1012312
293126,2;0,101235
293142,8;0,1012376
293159,4;0,1012401
293176;0,101244
293192,4;0,101244
293209;0,1012478
293225,6;0,1012542
293242,2;0,1012594
293258,7;0,1012619
293275,3;0,1012619
293291,9;0,1012671
293308,5;0,1012683
293325;0,1012696
293341,8;0,101276
293358,1;0,1012773
293374,7;0,1012799
293391,4;0,1012799
293408,3;0,101285
293424,4;0,1012889
293441,1;0,1012914
293457,5;0,1012927
293474,1;0,1012953
293490,7;0,101303
293507,4;0,1013068
293523,8;0,1013081
293540,6;0,1013094
293557,1;0,1013119
293573,5;0,1013145
293590,1;0,1013183
293606,8;0,1013183
293623,2;0,1013183
293639,8;0,1013235
293656,3;0,1013337
293672,9;0,1013362
293689,4;0,1013414
293706;0,1013452
293722,6;0,1013452
293739,5;0,1013503
293755,8;0,1013516
293772,3;0,1013542
293788,8;0,1013592
293805,6;0,1013644
293822,4;0,1013657
293838,8;0,1013657
293855,1;0,1013682
293871,7;0,1013708
293888,3;0,1013708
293905,2;0,1013733
293921,9;0,1013721
293938;0,1013721
293955,1;0,1013759
293971,3;0,1013759
293988,3;0,1013772
294004,2;0,1013798
294020,8;0,1013836
294037,3;0,1013836
294054,1;0,1013887
294070,6;0,1013887
294087,1;0,10139
294104,1;0,10139
294120,2;0,10139
294137,4;0,1013913
294153,3;0,1013913
294169,9;0,1013887
294186,5;0,1013874
294203;0,1013862
294220,1;0,1013862
294236,2;0,1013874
294252,8;0,1013874
294269,4;0,1013823
294285,9;0,1013746
294302,4;0,1013708
294319;0,1013721
294335,5;0,1013669
294352,1;0,1013618
294368,9;0,1013541
294385,8;0,1013516
294402,2;0,1013464
294418,4;0,1013426
294435,1;0,1013426
294452;0,1013387
294468,1;0,1013374
294484,7;0,1013323
294501,3;0,101331
294517,8;0,1013259
294534,9;0,1013182
294550,9;0,1013169
294567,6;0,1013118
294584;0,1013118
294600,8;0,101299
294617,2;0,101299
294633,8;0,10129
294650,3;0,1012823
294666,9;0,1012771
294683,7;0,1012732
294700;0,1012681
294716,6;0,1012681
294733,2;0,1012566
294750,1;0,1012502
294766,3;0,1012438
294783,1;0,1012412
294799,4;0,1012348
294816;0,1012284
294832,6;0,1012284
294849,1;0,1012246
294865,7;0,1012246
294882,3;0,101222
294898,8;0,1012169
294915,4;0,1011989
294932;0,1011847
294948,6;0,1011808
294965,3;0,1011731
294981,7;0,101168
294998,2;0,1011655
295014,8;0,1011565
295031,3;0,1011539
295047,9;0,1011501
295064,5;0,1011475
295081,2;0,1011411
295097,7;0,1011372
295114,2;0,1011372
295130,8;0,1011296
295147,4;0,1011232
295163,9;0,1011181
295180,5;0,1011143
295197;0,101113
295213,7;0,101104
295230,5;0,1010989
295246,8;0,1010938
295263,3;0,1010861
295280,2;0,1010836
295296,5;0,1010798
295313,2;0,1010772
295329,6;0,101076
295346,1;0,101076
295363,3;0,101076
295379,3;0,1010785
295395,8;0,1010785
295412,4;0,101076
295429;0,1010824
295445,5;0,1010862
295462,1;0,1010862
295478,7;0,1010888
295495,2;0,1010901
295511,8;0,1010927
295528,8;0,1010927
295544,9;0,1010979
295561,8;0,1011082
295578,1;0,1011121
295594,6;0,1011172
295611,2;0,1011197
295627,8;0,1011223
295644,5;0,1011262
295666,2;0,1011287
295677,5;0,1011339
295694;0,101143
295710,6;0,1011455
295727,2;0,1011507
295744;0,101152
295760,3;0,1011702
295777;0,1011753
295793,4;0,1011831
295810;0,1011831
295826,6;0,1011946
295843,1;0,1012024
295859,7;0,1012102
295876,3;0,101214
295892,8;0,1012166
295910;0,1012243
295926,2;0,1012308
295943;0,1012399
295959,3;0,1012399
295975,7;0,1012516
295992,2;0,1012619
296008,8;0,1012658
296025,4;0,1012736
296041,9;0,1012736
296058,5;0,1012839
296075,3;0,1013007
296091,6;0,1013098
296108,2;0,1013175
296124,8;0,1013252
296141,5;0,1013252
296157,9;0,101333
296174,5;0,1013343
296191;0,1013421
296207,6;0,1013616
296224,2;0,1013707
296240,7;0,1013798
296257,3;0,101394
296273,9;0,1013992
296291;0,1014108
296307;0,1014147
296324,1;0,1014147
296340,1;0,1014301
296356,7;0,1014392
296373,3;0,1014457
296389,8;0,1014625
296406,4;0,1014729
296422,9;0,1014845
296439,5;0,1014922
296456,1;0,1014961
296472,7;0,1015051
296489,2;0,1015141
296505,8;0,1015141
296522,8;0,1015361
296539,1;0,1015361
296555,7;0,1015503
296572,1;0,1015516
296588,7;0,1015554
296605,2;0,1015645
296621,9;0,1015761
296638,4;0,1015838
296655,1;0,1015928
296671,4;0,1015928
296688;0,1015967
296704,6;0,1016199
296721,2;0,1016276
296737,7;0,1016341
296754,3;0,1016341
296771,9;0,1016393
296787,4;0,1016418
296804,1;0,1016444
296820,6;0,1016521
296837,1;0,101674
296853,7;0,1016947
296870,8;0,1017141
296886,8;0,1017231
296903,4;0,1017231
296919,9;0,1017426
296936,5;0,1017554
296953,1;0,1017632
296969,8;0,1017722
296986,3;0,1017851
297002,8;0,1017941
297019,3;0,1018045
297035,9;0,1018161
297052,5;0,1018174
297069,1;0,1018341
297085,6;0,1018393
297102,2;0,1018534
297118,8;0,1018638
297135,3;0,1018728
297151,9;0,1018843
297168,8;0,1019035
297185;0,1019035
297201,6;0,1019333
297218,3;0,1019384
297234,8;0,1019526
297251,4;0,101972
297268,6;0,1019837
297284,5;0,1020069
297301,3;0,1020069
297317,6;0,1020238
297334,1;0,1020473
297351;0,1020668
297367,4;0,1020707
297384,3;0,1020929
297400,4;0,1021074
297417;0,1021074
297433,6;0,1021165
297450,1;0,1021231
297466,8;0,1021231
297483,3;0,1021414
297507;0,102165
297516,3;0,1021676
297532,9;0,1021755
297549,5;0,102186
297566,1;0,1021952
297582,6;0,1022017
297599,5;0,1022083
297616;0,1022294
297632,5;0,1022385
297648,9;0,1022464
297665,5;0,1022557
297682;0,1022662
297699;0,1022715
297715,2;0,1022715
297732,2;0,1022859
297748,3;0,1022965
297765;0,102303
297781,6;0,1023043
297798,5;0,1023161
297814,6;0,10232
297831,2;0,1023254
297847,7;0,102328
297864,3;0,102328
297880,8;0,1023344
297897,4;0,1023279
297914,2;0,1023304
297930,5;0,1023317
297947,1;0,1023317
297963,8;0,1023239
297980,4;0,1023186
297996,8;0,1023147
298013,4;0,1023147
298029,9;0,1023095
298046,5;0,1023082
298063,2;0,1023082
298079,6;0,102307
298096,2;0,102307
298112,8;0,1023004
298129,9;0,1022927
298145,9;0,10229
298162,4;0,1022899
298179;0,1022899
298195,6;0,102286
298212,2;0,1022808
298228,7;0,1022742
298245,6;0,1022625
298261,8;0,1022522
298278,4;0,1022457
298295;0,1022392
298311,6;0,1022276
298328,1;0,102225
298344,7;0,1022109
298361,7;0,1022109
298377,8;0,1021992
298394,4;0,1021849
298410,9;0,1021849
298435,8;0,1021719
298444,1;0,1021591
298460,8;0,1021539
298477,3;0,1021436
298493,9;0,1021384
298510,7;0,1021268
298526,9;0,1021203
298544,2;0,1021126
298560,1;0,1021074
298576,7;0,1021074
298593,2;0,1021023
298610;0,1020984
298626,8;0,1020933
298642,9;0,1020804
298659,5;0,1020726
298676;0,1020687
298693,2;0,1020687
298709,8;0,1020635
298726;0,1020609
298742,3;0,1020596
298758,8;0,1020441
298775,4;0,1020312
298792,3;0,102026
298808,6;0,1020221
298825,1;0,1020221
298841,7;0,1020065
298858,3;0,1019987
298875;0,101991
298891,4;0,101987
298908;0,101987
298924,6;0,1019702
298941,1;0,1019676
298957,7;0,1019599
298974,2;0,1019547
298990,8;0,1019469
299007,3;0,1019404
299023,9;0,1019391
299040,5;0,1019339
299057,1;0,1019261
299073,6;0,1019235
299090,8;0,1019159
299106,8;0,1019067
299123,6;0,1019016
299140,1;0,1018951
299156,5;0,1018899
299173,1;0,1018822
299189,6;0,1018719
299206,2;0,1018589
299223,3;0,1018537
299239,3;0,1018434
299255,9;0,1018303
299272,5;0,1018147
299289;0,1018147
299305,6;0,1017965
299322,3;0,1017756
299339,3;0,1017756
299355,3;0,1017678
299371,8;0,1017678
299388,7;0,1017457
299405,3;0,1017182
299421,8;0,101692
299438,5;0,1016764
299455;0,1016699
299471,6;0,1016594
299488,1;0,101653
299505,2;0,1016321
299521,5;0,1016203
299537,8;0,1016099
299554,4;0,1016099
299571;0,1015981
299587,5;0,1015667
299604,1;0,1015576
299620,7;0,1015484
299637,3;0,1015471
299653,8;0,1015158
299670,3;0,1014962
299687;0,101487
299703,6;0,1014779
299720,1;0,1014636
299737,5;0,1014636
299753,2;0,1014309
299770,2;0,1014283
299786,3;0,1013996
299802,9;0,101397
299819,5;0,1013801
299836;0,1013696
299852,6;0,1013594
299869,1;0,1013555
299885,8;0,1013555
299902,3;0,1013414
299919,4;0,1013388
299936,1;0,101335
299952;0,1013285
299968,5;0,101326
299985,4;0,101326
300001,9;0,1013221
300018,3;0,1013221
300034,8;0,1013157
300051,4;0,1013015
300068;0,1012899
300085;0,1012847
300101,6;0,1012796
300117,7;0,101277
300134,2;0,1012565
300150,8;0,1012437
300167,5;0,101236
300184,3;0,101236
300200,5;0,1012181
300217,1;0,1012092
300233,6;0,1012041
300250,2;0,1012003
300266,8;0,1011849
300283,3;0,1011824
300300,3;0,101176
300316,5;0,1011734
300333;0,1011734
300349,6;0,1011696
300366,2;0,1011696
300382,8;0,1011645
300399,3;0,101162
300416,3;0,1011543
300432,6;0,1011518
300449;0,1011518
300465,6;0,1011454
300482,1;0,1011442
300498,7;0,1011417
300515,3;0,1011417
300532,8;0,101134
300548,6;0,1011302
300565;0,101125
300581,9;0,1011149
300598,6;0,1011149
300614,7;0,1011123
300631,2;0,1011123
300647,8;0,1011084
300664,3;0,1011033
300681,4;0,1010982
300697,9;0,1010856
300714,1;0,1010792
300730,9;0,1010741
300747,2;0,1010664
300763,8;0,1010588
300780,6;0,1010524
300796,9;0,1010537
300814;0,1010498
300830;0,1010486
300846,6;0,1010486
300863,2;0,1010473
300879,7;0,1010473
300896,3;0,101046
300912,8;0,1010486
300929,8;0,1010511
300946,4;0,1010537
300962,6;0,1010601
300979,5;0,1010627
300995,7;0,1010679
301012,7;0,1010719
301029,6;0,1010745
301045,4;0,101077
301061,9;0,1010835
301078,8;0,1010899
301095,1;0,1010938
301111,8;0,1010963
301128,2;0,1011028
301144,8;0,1011028
301161,5;0,1011094
301177,9;0,1011145
301194,8;0,1011196
301211,1;0,1011235
301227,6;0,1011261
301244,3;0,1011352
301260,9;0,1011352
301277,3;0,1011339
301294,2;0,1011339
301310,5;0,1011391
301328,7;0,1011508
301345,3;0,1011675
301361,8;0,1011727
301378,4;0,1011805
301395,4;0,1011818
301411,7;0,1011883
301428,1;0,1011883
301444,7;0,1011986
301461,3;0,1012065
301478;0,1012142
301494,4;0,101222
301511,4;0,1012258
301527,5;0,1012337
301544,1;0,1012401
301560,6;0,1012479
301577,2;0,1012518
301594,1;0,1012622
301610,3;0,1012674
301627,3;0,1012674
301643,5;0,1012855
301660,1;0,1012894
301676,6;0,1012972
301693,2;0,1012985
301710,1;0,1013063
301726,3;0,1013153
301743;0,1013206
301759,4;0,1013245
301776;0,1013245
301792,6;0,1013453
301809,2;0,1013531
301825,7;0,1013609
301842,4;0,1013635
301858,8;0,1013802
301875,4;0,1013828
301892;0,1013893
301908,8;0,1013905
301925,1;0,1013957
301941,9;0,1014022
301958,3;0,1014216
301974,8;0,1014397
301991,4;0,1014436
302007,9;0,1014526
302024,5;0,1014539
302041,1;0,1014617
302057,7;0,1014786
302074,5;0,1014942
302090,8;0,1014942
302108;0,101511
302124;0,1015396
302141,3;0,1015499
302157;0,101572
302173,6;0,1015783
302192,9;0,1016015
302209,6;0,1016119
302226,4;0,1016286
302242,6;0,1016286
302259,8;0,1016583
302275,7;0,1016816
302292,3;0,1016945
302308,8;0,1017009
302325,4;0,1017113
302342,5;0,1017383
302358,6;0,1017435
302375,1;0,1017601
302391,7;0,1017601
302408,2;0,1017976
302424,8;0,1017976
302441,4;0,1018182
302457,9;0,1018323
302474,5;0,1018439
302491,1;0,1018542
302507,8;0,1018659
302524,2;0,1018828
302540,8;0,1018828
302557,8;0,101893
302573,9;0,1019034
302590,5;0,1019253
302607,1;0,1019627
302623,7;0,1019679
302640,2;0,1019679
302657,2;0,1019923
302673,3;0,1020116
302690,5;0,1020322
302706,4;0,1020335
302723;0,1020439
302739,6;0,1020697
302756,1;0,1020827
302772,7;0,102102
302789,3;0,1021072
302805,9;0,1021111
302822,4;0,1021332
302839;0,1021345
302855,9;0,1021474
302872,1;0,1021474
302888,9;0,1021722
302905,3;0,1021722
302921,8;0,1021813
302938,4;0,1021866
302955;0,1021957
302971,5;0,1021984
302988,2;0,1022023
303004,6;0,1022049
303021,5;0,1022089
303038,2;0,1022155
303054,3;0,1022207
303071,3;0,1022194
303091,5;0,1022312
303108;0,1022364
303124,6;0,102239
303141,5;0,1022417
303157,8;0,1022443
303174,3;0,1022495
303191,4;0,1022495
303207,4;0,1022522
303224;0,1022548
303241,4;0,1022703
303257,2;0,1022742
303273,7;0,1022767
303290,3;0,102269
303306,8;0,102265
303323,5;0,102265
303340;0,1022547
303356,6;0,1022509
303373,1;0,1022444
303389,7;0,1022431
303406,3;0,1022417
303422,9;0,1022379
303439,4;0,10223
303456,2;0,1022287
303472,5;0,1022248
303489,2;0,1022222
303505,7;0,1022157
303522,3;0,1022053
303539,1;0,1022053
303555,3;0,1022001
303571,9;0,1021911
303588,5;0,102182
303605;0,1021767
303621,6;0,1021676
303638,6;0,1021611
303654,8;0,1021611
303671,3;0,1021598
303688;0,1021559
303704,4;0,1021495
303721;0,1021391
303737,6;0,1021378
303754,2;0,1021365
303770,7;0,1021221
303787,3;0,1021143
303803,8;0,1021064
303820,4;0,1021064
303837;0,1021038
303853,5;0,1020973
303870,5;0,1020921
303886,8;0,1020767
303903,3;0,1020714
303919,8;0,1020675
303936,4;0,1020596
303952,9;0,1020545
303969,5;0,102048
303986,1;0,1020416
304002,7;0,1020416
304019,2;0,1020312
304036,4;0,1020144
304052,3;0,1020079
304068,9;0,1019962
304085,6;0,1019883
304102,2;0,1019689
304119;0,1019676
304135,2;0,101952
304151,7;0,1019415
304168,3;0,1019402
304184,9;0,1019324
304201,8;0,1019142
304218,3;0,1019051
304234,6;0,101896
304251,7;0,1018921
304267,7;0,1018831
304284,6;0,1018661
304301,1;0,1018505
304317,4;0,1018453
304334;0,1018376
304350,7;0,1018285
304367,6;0,1018143
304383,7;0,1018143
304400,3;0,1018001
304417,3;0,101791
304433,4;0,101778
304450,3;0,1017702
304466,5;0,1017676
304483,3;0,1017651
304499,7;0,101756
304516,3;0,101725
304533;0,1017146
304549,3;0,1016978
304565,9;0,1016861
304582,5;0,1016731
304599,1;0,1016692
304615,9;0,1016588
304632,2;0,101651
304648,8;0,1016433
304665,4;0,1016303
304681,9;0,1016238
304698,5;0,1016095
304715;0,1016095
304731,6;0,1015978
304748,6;0,1015771
304764,8;0,1015693
304781,7;0,1015602
304797,8;0,101555
304814,5;0,1015329
304831;0,1015173
304847,5;0,1015109
304864,1;0,1015005
304880,7;0,101485
304897,3;0,1014746
304913,8;0,1014669
304930,4;0,1014513
304948,8;0,1014422
304965,4;0,1014267
304982,1;0,1014137
304998,5;0,1014059
305015,1;0,1013981
305031,7;0,1013811
305048,8;0,1013759
305064,8;0,1013604
305081,4;0,1013553
305097,9;0,1013501
305114,8;0,1013449
305131,5;0,1013397
305147,6;0,1013294
305164,2;0,1013073
305180,8;0,1012787
305197,3;0,1012619
305213,9;0,1012541
305230,4;0,1012412
305247;0,1012283
305263,6;0,1012231
305280,2;0,1012219
305296,7;0,1012219
305313,6;0,101218
305329,8;0,1012116
305347,4;0,1012065
305363;0,1012039
305379,7;0,1011975
305396,1;0,1011949
305412,7;0,1011949
305429,5;0,1011846
305446;0,1011756
305462,4;0,1011667
305478,9;0,1011641
305495,5;0,1011577
305512,1;0,1011539
305528,7;0,10115
305545,2;0,1011449
305562,3;0,101141
305578,3;0,101141
305594,9;0,101141
305611,5;0,1011308
305628,1;0,1011269
305644,8;0,1011269
305661,3;0,1011205
305677,8;0,1011205
305694,3;0,1011192
305711,6;0,1011128
305727,4;0,101109
305744;0,101109
305760,6;0,101109
305777,2;0,1011038
305793,7;0,1010974
305810,3;0,1010872
305826,8;0,1010846
305843,4;0,1010795
305860;0,1010744
305876,6;0,1010718
305893,1;0,101068
305909,7;0,1010641
305926,3;0,101059
305942,8;0,101059
305959,4;0,1010526
305975,9;0,1010487
305992,5;0,1010462
306009,8;0,1010423
306025,6;0,1010423
306042,2;0,1010436
306058,8;0,1010385
306075,3;0,1010347
306091,9;0,1010321
306108,5;0,1010308
306125,1;0,101027
306141,6;0,1010206
306158,8;0,1010193
306174,8;0,1010154
306191,3;0,1010103
306207,9;0,1010078
306224,5;0,1010078
306241;0,1010013
306257,9;0,1009988
306274,3;0,1009988
306290,7;0,1009949
306307,4;0,1009937
306323,8;0,1009911
306340,4;0,1009847
306357;0,100986
306373,5;0,100986
306390,1;0,1009847
306406,7;0,1009847
306423,9;0,1009834
306439,8;0,1009796
306456,4;0,1009719
306473,3;0,100968
306489,5;0,1009667
306506,4;0,1009642
306522,7;0,1009654
306539,2;0,1009654
306556,6;0,1009654
306572,3;0,1009654
306588,9;0,1009629
306605,6;0,1009616
306622;0,1009616
306638,6;0,1009616
306655,2;0,1009591
306671,8;0,1009565
306689,3;0,1009515
306705,1;0,1009515
306721,7;0,1009489
306738;0,1009489
306754,6;0,1009502
306771,2;0,1009502
306787,7;0,1009489
306805;0,1009463
306820,9;0,1009412
306837,4;0,1009412
306854;0,1009361
306870,6;0,1009335
306887,7;0,1009335
306903,7;0,100931
306920,3;0,1009284
306937,6;0,1009258
306953,4;0,1009258
306970,4;0,1009233
306987,2;0,1009169
307003,1;0,1009156
307019,7;0,1009156
307036,2;0,1009131
307053,2;0,1009106
307069,3;0,1009093
307085,9;0,1008941
307102,6;0,1008877
307119,2;0,1008838
307135,6;0,10088
307152,4;0,1008763
307168,7;0,1008737
307185,7;0,1008737
307201,9;0,100861
307218,4;0,1008572
307235;0,1008572
307252,2;0,1008572
307268,3;0,1008534
307285,3;0,1008457
307301,3;0,1008419
307318;0,1008368
307334,4;0,1008368
307351;0,1008369
307367,6;0,1008382
307384,4;0,1008537
307401;0,1008627
307417,3;0,1008849
307433,8;0,100898
307451;0,1009293
307467;0,1009476
307483,9;0,1009684
307500,1;0,1009932
307516,8;0,1009932
307533,2;0,1010153
307549,8;0,1010492
307566,3;0,1010753
307582,9;0,1010858
307599,5;0,1010858
307616,1;0,101121
307632,6;0,1011432
307649,2;0,1011524
307665,8;0,1011524
307682,3;0,1011641
307698,9;0,1011628
307715,5;0,1011797
307732,4;0,10122
307748,6;0,1012538
307765,7;0,1012681
307781,9;0,101272
307798,5;0,1012759
307815,3;0,1013017
307831,6;0,1013158
307848,2;0,1013158
307865;0,1013185
307881,3;0,1013403
307898,5;0,1013468
307914,4;0,1013571
307931,2;0,1013597
307947,5;0,1013636
307964,1;0,1013674
307980,7;0,10137
307997,3;0,1013777
308013,8;0,1013777
308030,4;0,1013841
308046,9;0,1013866
308063,5;0,1013892
308080,1;0,1013904
308097;0,101393
308113,4;0,1013968
308129,8;0,1013968
308146,8;0,1013968
308162,9;0,101402
308179,5;0,1014032
308196;0,1014058
308212,6;0,1014058
308229,2;0,1014122
308245,8;0,1014135
308262,3;0,1014161
308278,9;0,1014161
308295,4;0,1014161
308312,2;0,1014173
308328,6;0,1014186
308345,2;0,1014198
308361,7;0,1014263
308378,3;0,1014314
308395;0,1014327
308411,4;0,1014314
308428,1;0,101434
308444,9;0,1014379
308461,1;0,1014417
308477,7;0,1014417
308494,2;0,1014455
308510,8;0,1014481
308527,4;0,1014558
308543,9;0,1014571
308560,5;0,1014571
308577,1;0,1014635
308593,7;0,1014661
308610,2;0,1014661
308626,8;0,1014661
308643,4;0,1014673
308659,9;0,1014724
308676,6;0,1014737
308693,1;0,10148
308711,1;0,1014839
308727,7;0,1014852
308744,2;0,1014864
308760,8;0,1014877
308777,4;0,1014903
308794,1;0,1014954
308810,5;0,101498
308827,1;0,1015031
308843,7;0,1015018
308860,4;0,1015057
308876,8;0,1015121
308893,3;0,1015186
308909,9;0,1015275
308926,5;0,1015443
308943,1;0,1015443
308959,6;0,1015533
308976,2;0,1015546
308992,8;0,1016
309009,8;0,1016389
309026,2;0,1016531
309042,4;0,1016792
309059;0,1017076
309075,8;0,1017348
309092,1;0,1017556
309108,7;0,1017739
309125,3;0,1017855
309141,8;0,1018102
309158,4;0,1018492
309175,1;0,1018843
309192;0,1018973
309208,1;0,1019233
309224,7;0,1019453
309241,3;0,1019728
309257,8;0,1019897
309274,4;0,1020196
309291,5;0,1020521
309307,7;0,1020665
309324,1;0,1020951
309340,6;0,102108
309357,4;0,102125
309373,8;0,1021408
309390,6;0,1021488
309406,9;0,1021488
309423,9;0,1021435
309440;0,1021435
309456,6;0,1021289
309473,2;0,1021039
309489,8;0,1020947
309506,3;0,1020856
309522,9;0,1020804
309539,5;0,1020567
309556,2;0,1020318
309572,6;0,1020318
309589,2;0,1020213
309605,7;0,1020213
309622,6;0,1020109
309638,8;0,1020003
309655,4;0,1019492
309672,2;0,1019414
309688,5;0,1019231
309705,1;0,1019152
309721,7;0,1019049
309738,3;0,101897
309755;0,1018864
309771,4;0,1018799
309787,9;0,1018708
309804,5;0,1018617
309821,1;0,1018591
309837,9;0,1018514
309855,1;0,1018501
309870,8;0,1018449
309887,4;0,1018385
309903,9;0,1018358
309920,5;0,1018293
309937,1;0,1018293
309953,6;0,1018268
309970,3;0,1018255
309986,8;0,1018255
310003,3;0,1018268
310019,9;0,1018306
310036,4;0,1018306
310053;0,1018293
310069,7;0,1018293
310086,2;0,1018306
310103,1;0,1018345
310119,3;0,1018358
310136,1;0,1018396
310152,4;0,1018435
310169,1;0,1018486
310185,6;0,1018499
310202,8;0,1018512
310218,7;0,1018512
310235,8;0,1018512
310251,8;0,1018512
310268,4;0,1018524
310285,4;0,1018588
310301,7;0,1018614
310318,6;0,1018614
310334,7;0,1018601
310351,2;0,1018627
310367,8;0,1018627
310385;0,101864
310401,1;0,101864
310417,5;0,1018665
310434,1;0,1018653
310450,6;0,1018691
310467,3;0,1018678
310483,8;0,1018678
310501,2;0,1018729
310521,7;0,1018742
310538,4;0,1018729
310555;0,1018729
310571,4;0,1018755
310588,1;0,1018755
310604,7;0,1018819
310621,1;0,1018806
310637,9;0,1018845
310654,3;0,101887
310670,8;0,1018883
310687,4;0,1018896
310703,9;0,1018909
310720,8;0,1018883
310737,1;0,1018922
310753,7;0,1018909
310770,2;0,101896
310786,8;0,1018909
310803,3;0,1018935
310819,9;0,1018973
310836,6;0,1019012
310853,1;0,1019012
310869,6;0,1019012
310886,6;0,1019024
310902,9;0,1019024
310919,6;0,101896
310935,9;0,10187
310952,5;0,1018545
310969;0,1018466
310985,6;0,1018335
311002,2;0,1018192
311018,9;0,1018088
311035,6;0,1018088
311051,9;0,10178
311068,4;0,1017761
311085,1;0,1017434
311101,6;0,1017277
311118,1;0,1017055
311134,9;0,1016872
311151,5;0,1016702
311167,8;0,1016505
311184,5;0,1016321
311201,1;0,101619
311217,5;0,1016086
311234,4;0,1015968
311251;0,101581
311267,4;0,1015771
311284;0,1015758
311300,9;0,1015744
311316,9;0,1015731
311333,5;0,1015731
311350,1;0,1015717
311366,7;0,1015704
311383,8;0,101577
311399,8;0,1015797
311416,3;0,1015837
311432,9;0,1015837
311453,4;0,1015982
311466;0,1016166
311482,6;0,1016298
311499,2;0,1016298
311515,7;0,1016402
311532,3;0,1016402
311548,9;0,1016573
311565,4;0,1017059
311582;0,1017164
311598,6;0,1017361
311615,1;0,1017532
311632,1;0,101769
311648,7;0,1017913
311664,8;0,1018018
311681,6;0,1018018
311698;0,1018359
311714,5;0,1018597
311731,1;0,1018702
311747,7;0,1018926
311764,6;0,1019097
311780,8;0,1019163
311797,9;0,1019412
311814,4;0,1019609
311830,5;0,1019819
311847,1;0,1019951
311863,6;0,1020148
311880,2;0,1020266
311896,8;0,1020503
311913,3;0,1020503
311930,3;0,1020805
311946,4;0,1020988
311963,1;0,102125
311980;0,1021368
311996,2;0,1021368
312012,7;0,1021814
312029,3;0,1021947
312045,9;0,1022182
312062,6;0,1022327
312079,1;0,1022576
312095,6;0,102272
312112,1;0,1022956
312128,7;0,1023061
312145,6;0,1023061
312161,8;0,1023179
312178,4;0,1023245
312195,7;0,1023729
312211,6;0,1024084
312228,1;0,1024084
312244,7;0,1024385
312261,3;0,1024582
312277,8;0,1024687
312294,4;0,1024963
312311,6;0,1025146
312329,6;0,1025357
312344,1;0,1025357
312361,1;0,1025697
312377,2;0,1025815
312393,8;0,1025854
312410,3;0,102634
312427;0,1026563
312443,4;0,1026668
312460;0,1026799
312476,6;0,1026826
312493,2;0,1027258
312510;0,1027416
312526,3;0,1027547
312542,8;0,1027665
312559,4;0,1027914
312576,2;0,1028097
312592,6;0,1028227
312609,1;0,1028424
312625,7;0,1028529
312642,3;0,102866
312658,8;0,1028713
312675,4;0,1028856
312692;0,1028986
312708,5;0,1029102
312725,1;0,1029128
312741,7;0,1029128
312758,3;0,1029322
312774,8;0,1029322
312791,4;0,1029322
312807,9;0,1029387
312824,5;0,1029451
312841,1;0,1029619
312857,6;0,1029644
312874,2;0,1029657
312891,2;0,1029747
312907,3;0,1029903
312924,3;0,102998
312940,7;0,1030006
312957;0,1030046
312973,6;0,1030175
312990,3;0,1030227
313006,7;0,1030331
313024;0,1030395
313039,8;0,1030499
313056,4;0,1030537
313073,1;0,1030681
313089,6;0,1030721
313106,4;0,103085
313122,7;0,1030993
313139,8;0,1030993
313156;0,103111
313172,4;0,1031254
313189;0,1031396
313205,5;0,103154
313222,1;0,1031578
313244,9;0,1031605
313255,3;0,1031578
313272,3;0,1031539
313288,4;0,1031472
313304,9;0,1031472
313321,5;0,10313
313338,7;0,10313
313354,6;0,1031221
313372;0,1031076
313387,8;0,1030904
313404,3;0,1030799
313420,9;0,1030799
313437,5;0,1030681
313454;0,1030681
313470,6;0,1030549
313487,8;0,1030155
313503,7;0,1029958
313520,4;0,1029787
313536,9;0,1029551
313553,6;0,1029551
313570,7;0,1029302
313586,6;0,1029092
313603,1;0,1028908
313619,7;0,1028803
313636,3;0,1028605
313653;0,10285
313669,6;0,1028421
313686,4;0,1028342
313702,5;0,1027999
313719,1;0,1027789
313735,7;0,1027683
313752,2;0,1027683
313768,8;0,1027379
313785,9;0,1027169
313802,5;0,1027063
313818,5;0,1026879
313835,7;0,1026748
313851,7;0,1026578
313868,2;0,1026393
313884,8;0,1026221
313901,5;0,1026182
313918,1;0,1026129
313934,8;0,1025748
313951,6;0,1025682
313968;0,1025458
313984,2;0,1025352
314000,7;0,1025168
314018;0,102497
314034,3;0,102497
314050,4;0,1024877
314067;0,1024877
314083,8;0,1024812
314100,1;0,1024707
314116,7;0,1024391
314133,3;0,1024088
314150,3;0,1023812
314176,1;0,1023641
314182,9;0,1023549
314199,7;0,1023456
314216,1;0,1023456
314232,9;0,1023113
314249,3;0,1023072
314265,8;0,1022862
314282,4;0,1022744
314299,1;0,1022506
314315,6;0,1022506
314332,1;0,1022086
314348,6;0,1022059
314365,2;0,1021823
314382,2;0,102156
314398,4;0,1021429
314415;0,1021206
314431,9;0,1021101
314448;0,1020852
314464,6;0,1020721
314481,7;0,1020472
314498,1;0,1020249
314514,9;0,1020249
314530,8;0,102004
314547,4;0,1019804
314564;0,1019594
314580,6;0,101945
314597,6;0,101945
314613,7;0,1019058
314630,3;0,1018979
314646,8;0,1018758
314663,7;0,1018666
314680;0,1018549
314696,5;0,1018549
314713,1;0,1018523
314729,7;0,1018497
314746,3;0,101842
314763;0,1018225
314779,3;0,1018134
314795,9;0,1018096
314812,6;0,1018083
314829,1;0,1018045
314846,1;0,1018045
314862,2;0,1018005
314879,1;0,101798
314895,3;0,1017941
314911,9;0,1017889
314928,5;0,1017811
314945;0,1017771
314962,6;0,1017694
314978,2;0,1017603
314995,2;0,1017577
315011,3;0,1017499
315027,9;0,1017434
315044,4;0,1017434
315061,4;0,1017331
315077,9;0,1017199
315094,3;0,101716
315110,7;0,1017134
315134,1;0,1017108
315143,9;0,1016899
315160,5;0,1016808
315177;0,1016743
315194,1;0,1016743
315210,2;0,1016534
315226,7;0,1016468
315243,3;0,1016416
315259,8;0,1016325
315276,4;0,1016325
315293;0,1016182
315309,6;0,1016039
315326,2;0,1015974
315342,7;0,1015974
315359,6;0,1015896
315375,8;0,1015896
315392,4;0,101574
315409;0,1015649
315425,5;0,1015636
315442,1;0,1015611
315458,7;0,1015598
315475,3;0,1015598
315491,8;0,1015585
315508,4;0,1015585
315525,9;0,1015572
315541,5;0,1015572
315558,5;0,1015585
315574,6;0,1015572
315591,9;0,1015559
315607,8;0,1015534
315624,4;0,1015534
315640,9;0,1015456
315657,9;0,1015431
315674,3;0,1015354
315690,6;0,1015328
315707,2;0,1015328
315723,8;0,1015264
315740,6;0,1015238
315757,4;0,1015174
315773,4;0,1015136
315790;0,1015084
315807,4;0,1015032
315823,2;0,1014968
315839,9;0,1014955
315856,3;0,1014916
315872,8;0,1014916
315889,4;0,1014865
315906;0,1014763
315922,5;0,1014711
315939,1;0,1014685
315955,7;0,1014685
315972,2;0,1014595
315988,8;0,1014556
316005,4;0,1014556
316022,1;0,101453
316038,5;0,1014338
316055,3;0,1014184
316072,6;0,1014093
316089,2;0,1014016
316105,8;0,1014016
316122,4;0,1013938
316138,9;0,1013835
316155,5;0,1013835
316172,1;0,1013656
316188,8;0,1013605
316205,2;0,1013476
316221,8;0,1013424
316238,3;0,1013424
316254,9;0,1013244
316271,5;0,1013193
316288;0,1013129
316304,6;0,1013116
316321,3;0,1013065
316337,7;0,1013026
316354,3;0,1013026
316371;0,1012988
316387,6;0,1012911
316404;0,1012872
316420,6;0,1012847
316437,1;0,1012834
316453,8;0,101277
316471,1;0,1012757
316486,9;0,1012744
316503,4;0,1012744
316520;0,101268
316536,5;0,1012616
316553,7;0,1012616
316569,7;0,1012565
316586,3;0,1012552
316602,8;0,1012526
316619,3;0,1012526
316635,9;0,1012513
316652,5;0,1012513
316669,3;0,1012488
316685,9;0,1012385
316702,5;0,1012308
316718,8;0,1012257
316735,3;0,1012231
316751,9;0,1012193
316768,5;0,101218
316785;0,1012167
316801,7;0,101209
316818,2;0,1011987
316834,9;0,1011936
316851,3;0,1011897
316868;0,1011821
316884,4;0,1011795
316901;0,1011731
316917,5;0,1011692
316934,3;0,1011718
316950,7;0,1011731
316967,4;0,1011731
316983,8;0,1011887
317000,4;0,1011978
317017,4;0,1012162
317033,5;0,1012162
317050,1;0,101228
317066,8;0,1012476
317083,7;0,101258
317100,2;0,1012658
317116,5;0,1012658
317133,1;0,1012998
317149,5;0,101309
317166;0,1013234
317183,1;0,1013377
317199,2;0,1013469
317215,8;0,1013573
317232,3;0,1013652
317249,1;0,101373
317265,4;0,101373
317282;0,1013808
317298,6;0,1013808
317315,2;0,1013887
317331,7;0,1014291
317348,3;0,101446
317364,8;0,101446
317381,4;0,1014603
317398,4;0,1014735
317414,8;0,1014761
317431,1;0,1014813
317447,9;0,1014826
317464,3;0,1014943
317480,8;0,1014982
317498,4;0,1015087
317513,9;0,1015126
317530,5;0,1015177
317547,1;0,1015229
317563,7;0,101528
317580,8;0,1015358
317596,8;0,1015358
317613,5;0,1015396
317629,9;0,1015487
317646,8;0,1015603
317663,4;0,1015655
317679,7;0,1015655
317696,2;0,1015797
317712,8;0,1015862
317729,4;0,10159
317745,9;0,1015951
317762,4;0,101599
317779,2;0,1016016
317795,6;0,1016016
317812,2;0,1016144
317828,8;0,1016221
317845,3;0,1016221
317861,8;0,1016247
317878,4;0,1016285
317895;0,1016298
317911,8;0,101635
317928,1;0,101635
317944,7;0,1016387
317961,3;0,1016503
317977,8;0,1016709
317994,5;0,1016785
318011;0,1016773
318028;0,101685
318044,1;0,1016953
318060,6;0,1017043
318077,2;0,1017081
318093,8;0,1017158
318110,3;0,1017222
318127,1;0,101726
318144,1;0,101735
318160,1;0,1017402
318177;0,1017402
318193,4;0,1017491
318210,2;0,101753
318226,4;0,1017594
318242,9;0,1017696
318259,5;0,1017722
318276;0,1017773
318292,6;0,1017799
318309,2;0,1017837
318325,7;0,101785
318343;0,1017889
318359,1;0,101794
318375,5;0,101794
318392;0,1017966
318408,8;0,1018068
318425,2;0,1018055
318441,7;0,1018055
318458,3;0,1018107
318474,8;0,1018132
318491,4;0,1018158
318508,1;0,1018171
318524,7;0,1018248
318541,3;0,1018248
318557,7;0,1018273
318575;0,1018273
318590,8;0,1018286
318607,4;0,1018337
318623,9;0,1018363
318640,5;0,1018414
318657,2;0,1018427
318673,6;0,1018466
318690,2;0,1018466
318706,8;0,1018466
318723,8;0,1018466
318739,9;0,1018478
318756,4;0,1018478
318773;0,1018517
318789,8;0,1018517
318806,2;0,101853
318822,7;0,1018555
318839,3;0,1018555
318855,9;0,1018568
318872,5;0,1018555
318889;0,1018568
318906,2;0,1018568
318922,3;0,1018517
318938,8;0,1018491
318955,3;0,1018426
318971,9;0,1018374
318988,4;0,101831
319005,2;0,1018076
319021,6;0,1017854
319038,4;0,1017724
319055,3;0,1017724
319072;0,1017412
319087,8;0,1017321
319105,1;0,1017321
319121;0,1017112
319137,7;0,1016891
319154,2;0,1016696
319170,7;0,1016592
319187,3;0,1016592
319203,8;0,1016488
319220,8;0,101637
319236,9;0,1016058
319254,3;0,1015746
319270,1;0,1015615
319286,7;0,1015499
319303,3;0,1015316
319320;0,1015316
319336,5;0,1015057
319352,9;0,1015057
319369,5;0,1014967
319386,4;0,1014784
319402,6;0,1014628
319419,2;0,101459
319435,7;0,101459
319452,3;0,1014499
319468,9;0,1014253
319486,2;0,10142
319502;0,1014149
319518,6;0,1014149
319535,1;0,101393
319551,7;0,1013839
319568,4;0,1013775
319584,9;0,1013737
319601,4;0,1013711
319618;0,1013492
319634,6;0,1013427
319651,3;0,1013311
319667,8;0,1013285
319684,3;0,1013259
319700,8;0,1013272
319717,8;0,1013285
319733,9;0,1013443
319750,5;0,1013522
319767,1;0,1013653
319783,6;0,1013783
319801,4;0,1013903
319818;0,1013903
319834,9;0,1013995
319851,2;0,1014087
319868,3;0,1014192
319884,3;0,1014521
319900,8;0,1014626
319917,4;0,1014745
319934;0,1014876
319950,9;0,1015007
319967,1;0,1015138
319983,9;0,1015138
320000,3;0,1015203
320017,4;0,1015491
320033,8;0,1015636
320050;0,1015702
320066,6;0,1015821
320083,3;0,1015912
320099,6;0,1016216
320116,2;0,1016308
320133,3;0,1016558
320149,6;0,1016558
320165,9;0,1016889
320182,7;0,1017047
320199,1;0,1017258
320215,6;0,1017576
320232,2;0,1017736
320248,8;0,1017987
320265,4;0,1018173
320281,9;0,1018384
320298,5;0,1018543
320315;0,1018689
320331,6;0,1018968
320348,3;0,1019338
320364,9;0,1019656
320381,3;0,1019814
320398,2;0,102016
320414,5;0,102044
320431;0,1020718
320447,5;0,1020877
320464,1;0,1020943
320480,7;0,1021049
320497,7;0,1021155
320513,8;0,1021603
320531,2;0,1021944
320547;0,1022128
320563,7;0,1022312
320580,1;0,1022521
320596,8;0,1022521
320613,2;0,1022743
320629,8;0,10229
320646,4;0,1023082
320662,9;0,1023252
320679,5;0,1023356
320696,1;0,1023472
320712,7;0,1023628
320729,9;0,1023746
320745,9;0,1023823
320762,3;0,1023979
320778,9;0,102407
320795,4;0,102416
320812;0,1024225
320828,6;0,1024472
320845,2;0,1024666
320861,7;0,1024757
320878,3;0,1024757
320894,9;0,102499
320911,8;0,1025197
320928,1;0,1025275
320944,9;0,102534
320961,2;0,1025416
320977,9;0,1025638
320994,3;0,1025807
321011,3;0,1025898
321027,4;0,1025964
321043,9;0,1026041
321060,5;0,1026221
321077,4;0,1026247
321093,8;0,1026325
321110,6;0,1026338
321126,8;0,1026377
321143,3;0,1026494
321159,9;0,1026923
321176,5;0,1027144
321193,1;0,1027196
321209,8;0,1027498
321226,6;0,1027498
321242,8;0,1027707
321259,6;0,1027995
321275,9;0,1028231
321292,4;0,1028492
321309;0,1028492
321325,6;0,1028754
321342,2;0,1028989
321358,7;0,1029264
321375,4;0,1029433
321391,9;0,1029603
321408,7;0,1029773
321425,2;0,1030009
321441,6;0,1030009
321458,1;0,1030348
321474,8;0,1030622
321491,5;0,1030727
321507,9;0,1030989
321524,4;0,1031132
321541;0,1031367
321557,8;0,1031497
321574,1;0,1031745
321590,7;0,1031745
321607,3;0,103185
321623,8;0,1032267
321640,3;0,1032489
321657,5;0,1032751
321673,5;0,1032869
321690,1;0,1033013
321706,6;0,1033079
321723,8;0,1033066
321739,8;0,1033132
321756,6;0,1033145
321772,9;0,1033145
321789,5;0,1033238
321806;0,1033264
321822,6;0,1033223
321839,3;0,1033196
321855,7;0,1033184
321872,3;0,1033184
321888,8;0,1033039
321905,4;0,1032999
321922;0,1032907
321938,6;0,1032854
321955,1;0,1032751
321971,7;0,1032671
321988,5;0,1032606
322004,8;0,1032593
322022;0,1032318
322038;0,1032226
322054,7;0,1032016
322071,8;0,1032016
322087,7;0,1031713
322104,3;0,1031634
322121,2;0,1031502
322137,4;0,1031211
322154,3;0,103104
322171,3;0,1030881
322187,2;0,1030801
322203,8;0,1030762
322220,2;0,1030496
322236,8;0,1030177
322253,6;0,103007
322270;0,103007
322286,5;0,102958
322303;0,1029406
322319,9;0,1029141
322336,3;0,1028834
322352,7;0,1028861
322369,3;0,1028582
322385,9;0,1028582
322402,4;0,102845
322419,8;0,1028315
322435,6;0,1028008
322452,1;0,102746
322468,7;0,1027248
322485,3;0,1027076
322504,4;0,1026892
322518,4;0,1026747
322534,9;0,1026524
322551,5;0,1026524
322568,1;0,1026142
322584,7;0,1026142
322601,9;0,1025984
322617,8;0,1025997
322635;0,1026036
322651;0,1026036
322667,5;0,1026116
322684,1;0,1026169
322700,6;0,102625
322717,2;0,1026262
322733,8;0,1026341
322750,3;0,1026502
322766,9;0,1026609
322783,4;0,1026675
322800,6;0,1026675
322816,6;0,1026888
322833,2;0,1026981
322849,7;0,1027048
322866,3;0,1027207
322882,8;0,1027302
322899,4;0,1027381
322916,1;0,1027528
322932,6;0,1027634
322949,1;0,1027661
322965,7;0,1027715
322982,3;0,1027913
322998,8;0,1027992
323016;0,1028046
323032,1;0,1028086
323048,5;0,1028099
323065,1;0,1028165
323081,7;0,1028445
323098,3;0,1028736
323114,8;0,1028842
323131,3;0,1028869
323148,2;0,1028869
323164,5;0,1028935
323181,1;0,1029002
323197,8;0,1029001
323214,4;0,1029015
323231,1;0,1029028
323247,8;0,1029001
323263,9;0,1029028
323280,5;0,1028987
323297;0,1028987
323313,6;0,1028974
323330,2;0,102896
323346,7;0,1028907
323363,3;0,102892
323379,9;0,1028907
323399,3;0,1028908
323413;0,1028867
323429,6;0,1028867
323446,6;0,1028814
323462,7;0,1028801
323479,3;0,1028787
323495,8;0,1028734
323512,4;0,1028734
323529;0,1028628
323545,5;0,1028628
323562,1;0,1028574
323578,7;0,1028561
323595,4;0,1028522
323611,8;0,1028522
323628,3;0,1028495
323644,9;0,1028482
323661,6;0,1028495
323678;0,1028495
323694,6;0,1028495
323711,2;0,1028443
323727,8;0,1028455
323744,3;0,1028429
323761,3;0,1028362
323777,8;0,1028362
323794,4;0,1028375
323810,6;0,1028335
323827,2;0,1028375
323843,7;0,1028414
323860,7;0,1028427
323876,9;0,1028466
323893,6;0,1028506
323910;0,1028545
323926,6;0,1028637
323943,8;0,1028676
323959,7;0,1028676
323976,3;0,1028887
323993,3;0,102903
324009,4;0,1029109
324026,3;0,1029267
324042,5;0,1029412
324059,1;0,1029503
324075,7;0,1029648
324092,4;0,1029766
324108,8;0,1029883
324125,4;0,1029963
324142,6;0,1030107
324158,5;0,1030107
324175,1;0,1030186
324191,6;0,1030384
324208,8;0,1030528
324224,8;0,1030528
324241,5;0,1030646
324257,9;0,1030725
324274,4;0,1030699
324293,2;0,1030908
324309,7;0,1030908
324326,3;0,1030973
324342,8;0,1030999
324359,4;0,1031327
324376;0,103159
324392,6;0,1031669
324409,1;0,103176
324425,8;0,1031865
324442,4;0,1031931
324458,8;0,1031997
324475,4;0,1032062
324492,3;0,1032193
324508,5;0,1032324
324525,4;0,103248
324541,6;0,1032532
324558,2;0,1032624
324575;0,1032663
324591,3;0,1032663
324607,9;0,1032807
324624,7;0,1032781
324641,2;0,1032754
324657,6;0,1032728
324674,2;0,1032689
324690,8;0,1032582
324707,3;0,103249
324723,9;0,1032397
324740,4;0,1032397
324757,4;0,1032198
324773,7;0,1032131
324790,1;0,1032104
324807,2;0,1032023
324823,3;0,1032023
324840;0,1031956
324856,8;0,1031903
324873;0,1031903
324889,5;0,1031754
324906,1;0,1031727
324922,7;0,1031646
324939,3;0,1031646
324955,8;0,1031619
324972,4;0,1031619
324989,3;0,103154
325006,3;0,1031353
325022,8;0,1031232
325038,6;0,1031179
325055,2;0,1031139
325072;0,1031099
325088,4;0,1030993
325105,1;0,1030886
325121,5;0,103082
325138,3;0,103078
325154,8;0,10307
325171,7;0,10307
325187,8;0,1030634
325204,7;0,1030608
325220,9;0,1030555
325237,6;0,1030487
325254;0,1030461
325270,6;0,1030395
325287,1;0,1030383
325303,7;0,1030265
325320,3;0,1030252
325336,8;0,1030199
325353,4;0,1030199
325370;0,1030121
325386,5;0,1030082
325403,6;0,1030028
325419,7;0,1030003
325436,3;0,1029989
325453;0,102983
325469,4;0,1029777
325485,9;0,1029764
325502,6;0,1029712
325519,4;0,102966
325535,7;0,1029555
325552,6;0,1029555
325569,3;0,1029476
325585,3;0,1029476
325601,9;0,1029437
325618,9;0,1029371
325635;0,1029175
325651,8;0,1028768
325668,2;0,102861
325684,7;0,1028453
325701,3;0,1028283
325717,9;0,1028113
325735;0,1028021
325751,2;0,1028021
325767,6;0,1027851
325784,2;0,1027615
325801,2;0,1027537
325818;0,1027366
325833,8;0,1027366
325850,5;0,1027275
325867,3;0,1027117
325883,5;0,1027013
325900,1;0,1026947
325916,7;0,1026921
325933,2;0,1026723
325949,8;0,1026605
325966,4;0,102654
325982,9;0,102646
325999,8;0,1026355
326016,1;0,1026198
326033,2;0,1026198
326049,2;0,1026079
326065,8;0,1025987
326082,3;0,1025893
326099,4;0,1025802
326116;0,1025736
326132,6;0,1025644
326149,1;0,1025578
326166,2;0,1025473
326182,3;0,1025421
326198,8;0,1025355
326216;0,1025355
326232;0,1025316
326248,5;0,1025237
326265,1;0,1025185
326281,7;0,1024883
326298,3;0,1024624
326314,8;0,1024505
326331,6;0,1024505
326348;0,1024126
326364,5;0,1023995
326381,8;0,1023773
326397,9;0,1023696
326414,2;0,1023526
326431;0,102341
326447,3;0,1023278
326463,9;0,1023136
326480,5;0,102307
326497,4;0,102298
326513,6;0,102268
326530,2;0,102268
326546,7;0,1022498
326563,6;0,1022264
326579,9;0,102216
326597;0,1022068
326613,1;0,1021899
326629,7;0,1021899
326646,5;0,1021769
326662,7;0,1021522
326679,3;0,1021339
326696;0,1021248
326712,4;0,102117
326729;0,1021105
326745,5;0,1020884
326762,4;0,1020819
326778,7;0,1020611
326795,2;0,1020611
326812,3;0,1020221
326828,4;0,1020168
326845;0,1020168
326861,8;0,1020051
326878,4;0,1019947
326895,7;0,1019947
326911,2;0,1019725
326927,8;0,1019348
326944,9;0,1018814
326960,9;0,1018762
326977,5;0,1018632
326994;0,1018411
327011,3;0,1018216
327027,4;0,1018022
327043,7;0,1017997
327060,4;0,1017568
327077,4;0,1017464
327093,4;0,101736
327110;0,1017177
327126,6;0,1016943
327143,1;0,1016826
327159,7;0,1016644
327176,3;0,1016462
327192,8;0,1016306
327209,4;0,1016149
327226;0,101598
327242,8;0,1015748
327259,5;0,1015657
327276,2;0,1015514
327292,3;0,1015423
327308,8;0,1015201
327325,4;0,1015097
327341,9;0,1014902
327358,5;0,1014811
327375,1;0,1014629
327391,6;0,1014629
327408,5;0,1014512
327424,8;0,1014175
327441,3;0,1014084
327457,9;0,1013943
327474,5;0,1013878
327491,3;0,1013826
327507,6;0,1013812
327524,2;0,1013799
327540,8;0,1013812
327557,3;0,1014168
327573,9;0,1014275
327590,5;0,101438
327607;0,1014459
327623,6;0,1014842
327640,1;0,1014989
327656,7;0,1015306
327673,5;0,1015546
327689,8;0,1015851
327706,5;0,1016049
327723,1;0,1016369
327739,8;0,1016448
327756,1;0,1016834
327773,2;0,1017061
327789,3;0,1017234
327805,8;0,1017393
327822,4;0,1017393
327839,2;0,1017806
327855,5;0,1018111
327872,1;0,1018286
327888,7;0,1018406
327905,2;0,1018501
327925,3;0,1018874
327938,9;0,1019154
327954,9;0,1019354
327971,5;0,1019395
327988;0,1019516
328005,4;0,1019878
328021,3;0,1020199
328037,7;0,1020344
328054,5;0,1020558
328071,3;0,1020705
328087,4;0,1020811
328104;0,1020811
328121,3;0,1021253
328137,2;0,1021253
328153,7;0,102136
328170,5;0,102136
328186,8;0,102144
328203,8;0,1021862
328220;0,1022098
328236,5;0,1022269
328253,6;0,1022348
328269,7;0,1022465
328286,3;0,1022556
328302,8;0,1022635
328319,8;0,1022712
328335,9;0,1022803
328352,5;0,102288
328369,1;0,1023011
328385,8;0,1023179
328402,2;0,1023205
328418,9;0,1023374
328435,5;0,1023374
328451,9;0,1023531
328468,5;0,1023635
328485;0,1023751
328502,2;0,1023881
328518,2;0,1023945
328535;0,1024024
328552;0,1024141
328567,9;0,1024257
328584,4;0,1024348
328601,7;0,1024439
328617,6;0,1024542
328634,6;0,1024594
328650,7;0,1024658
328667,3;0,1024879
328683,8;0,1024918
328700,6;0,1025034
328717;0,1025034
328733,5;0,1025254
328750,1;0,1025384
328766,8;0,1025449
328783,4;0,1025449
328800,1;0,1025527
328816,4;0,1025592
328832,9;0,1025773
328850,7;0,1025902
328867,4;0,1026056
328884,3;0,1026173
328900,4;0,1026341
328917,1;0,1026341
328933,8;0,1026586
328950,1;0,1026652
328966,7;0,1026767
328983,6;0,1026934
328999,8;0,1026986
329016,4;0,1027141
329033;0,1027245
329049,5;0,1027349
329066,1;0,1027413
329082,7;0,1027517
329099,3;0,1027619
329115,8;0,1027619
329132,3;0,1027683
329149,3;0,102789
329165,5;0,1028019
329182,1;0,1028122
329198,6;0,1028186
329216,1;0,1028276
329231,8;0,102838
329248,3;0,102847
329264,9;0,1028483
329281,6;0,102856
329298,7;0,1028638
329314,6;0,1028702
329331,2;0,1028727
329347,7;0,1028766
329364,3;0,1028907
329381;0,1028907
329397,4;0,1028894
329414,1;0,1028997
329430,5;0,1029048
329447,1;0,1029048
329463,7;0,1029061
329480,3;0,1029177
329496,9;0,1029177
329513,4;0,1029177
329530,2;0,1029124
329547;0,1028719
329563,1;0,1028548
329579,7;0,102839
329596,2;0,102839
329612,8;0,1027826
329629,4;0,1027654
329645,9;0,1027284
329662,5;0,1027152
329679,1;0,1026756
329696,3;0,1026584
329712,3;0,1026253
329728,9;0,1025871
329746;0,1025871
329762,6;0,1025449
329779,2;0,1025093
329795,8;0,1024724
329812,3;0,1024395
329828,8;0,1024064
329845,4;0,1023841
329862;0,1023419
329878,7;0,1023419
329895,2;0,1022711
329911,8;0,102259
329928,3;0,1022146
329944,8;0,1021687
329962,2;0,1021374
329978;0,1020994
329994,5;0,1020757
330011,1;0,1020325
330027,7;0,1019943
330044,2;0,1019591
330060,8;0,1019591
330077,4;0,1019355
330094;0,1019145
330110,5;0,1018781
330127,2;0,1017761
330143,7;0,1017502
330160,2;0,10171
330176,8;0,1016855
330193,4;0,1016699
330209,9;0,101644
330226,5;0,1015887
330243;0,10155
330259,7;0,1015296
330276,2;0,1014989
330292,7;0,1014733
330309,3;0,1014466
330325,9;0,1014466
330342,4;0,1014148
330359;0,1013942
330375,6;0,1013623
330392,1;0,1013279
330408,7;0,1013075
330425,7;0,1012757
330441,9;0,1012528
330458,4;0,1012248
330475,1;0,1012081
330491,6;0,1011751
330508,1;0,1011471
330524,7;0,1011355
330541,2;0,1011111
330557,8;0,1011111
330574,4;0,1011034
330591,2;0,101075
330607,5;0,101062
330624,1;0,1010556
330640,8;0,1010556
330657,3;0,1010271
330673,8;0,1010193
330691,9;0,1010103
330708,7;0,1010026
330725,1;0,1010026
330741,6;0,1009974
330758,2;0,1009728
330774,8;0,1009391
330791,7;0,1009274
330807,9;0,1009171
330824,5;0,1009055
330841,4;0,1009055
330857,6;0,1008734
330874,2;0,1008734
330890,8;0,1008566
330907,3;0,1008399
330924,3;0,1008256
330940,4;0,1008192
330957;0,1008114
330973,8;0,1007998
330990,2;0,1007895
331006,7;0,1007817
331023,4;0,1007674
331039,9;0,1007648
331056,6;0,1007545
331073;0,1007493
331089,9;0,1007492
331106,6;0,1007325
331122,7;0,1007248
331139,3;0,1007157
331155,8;0,1007157
331172,8;0,1007028
331189,3;0,1006925
331205,5;0,1006848
331222,5;0,1006757
331238,7;0,1006757
331255,5;0,1006718
331271,8;0,1006653
331288,3;0,1006653
331304,9;0,100655
331321,7;0,1006537
331338;0,1006537
331354,6;0,1006499
331371,3;0,1006448
331388,1;0,1006345
331404,3;0,1006165
331420,9;0,1006063
331437,4;0,1005986
331454;0,1005897
331470,6;0,1005794
331487,2;0,1005744
331503,7;0,1005667
331520,3;0,1005667
331537,3;0,100564
331553,4;0,1005538
331570,2;0,1005526
331586,5;0,1005526
331603,4;0,1005487
331621;0,1005474
331637,6;0,1005462
331654,3;0,1005423
331671,2;0,1005423
331687,3;0,100536
331703,8;0,100536
331720,4;0,1005322
331737;0,100531
331754,4;0,1005335
331770,1;0,100531
331786,7;0,100531
331803,3;0,1005323
331819,8;0,1005374
331836,7;0,1005387
331852,9;0,1005463
331869,5;0,1005451
331886,1;0,1005501
331902,6;0,1005501
331919,2;0,1005565
331935,8;0,1005602
331952,3;0,1005665
331968,9;0,1005716
331985,5;0,1005753
332002,1;0,1005754
332019;0,100578
332035,2;0,100583
332051,7;0,1005942
332068,3;0,1005968
332085,6;0,1006032
332101,4;0,1006069
332118,1;0,1006069
332134,6;0,1006183
332151,1;0,1006321
332167,7;0,1006334
332184,3;0,1006459
332200,9;0,1006459
332217,8;0,1006584
332233,9;0,1006685
332250,6;0,1006685
332267,6;0,1006886
332283,7;0,1006936
332300,4;0,100701
332316,8;0,100701
332333,4;0,1007085
332349,9;0,1007223
332366,5;0,1007336
332383,3;0,1007448
332399,6;0,1007573
332417,1;0,1007698
332432,8;0,1007785
332449,3;0,1007835
332465,9;0,100796
332482,6;0,100796
332499;0,1008121
332515,6;0,1008221
332532,2;0,1008234
332549;0,1008234
332571,1;0,1008208
332582;0,1008121
332598,4;0,1008095
332615;0,1008032
332631,6;0,1008007
332648,1;0,1008007
332664,7;0,1007944
332681,6;0,1007755
332697,8;0,1007565
332715,3;0,100739
332731,4;0,1007326
332747,5;0,1007277
332764,1;0,1007251
332780,8;0,1007026
332797,3;0,1006963
332813,8;0,1006762
332830,3;0,10067
332846,9;0,1006573
332863,5;0,1006462
332880,9;0,1006311
332896,7;0,1006188
332913,3;0,1006088
332929,8;0,1005913
332946,3;0,100575
332963,4;0,100575
332979,5;0,1005412
332996;0,1005211
333012,6;0,1005061
333029,2;0,1004998
333045,7;0,1004898
333062,5;0,1004561
333079;0,1004424
333095,6;0,1004248
333112,5;0,1004248
333128,6;0,1003796
333145,2;0,1003796
333161,7;0,1003496
333178,3;0,100327
333194,8;0,1003106
333211,4;0,1002956
333228,3;0,1002856
333244,5;0,1002806
333261,1;0,100273
333277,8;0,1002593
333294,2;0,1002593
333310,8;0,1002467
333327,4;0,1001967
333343,9;0,1001593
333361,1;0,1001418
333377,1;0,1001269
333393,6;0,1001145
333410,7;0,1001145
333426,8;0,1000908
333443,4;0,1000783
333459,9;0,1000783
333476,5;0,1000472
333493;0,1000472
333509,8;0,1000248
333526,8;0,09999619
333543,5;0,09997502
333560;0,09995134
333577,4;0,09993152
333593,6;0,09991529
333609,8;0,09990285
333626,3;0,09988168
333643;0,09988168
333659,4;0,09985057
333676;0,09983806
333692,6;0,09983806
333709,1;0,09980065
333725,7;0,09979071
333742,5;0,09976833
333758,8;0,09975716
333775,3;0,09973734
333792,3;0,09971982
333808,5;0,09970494
333825,1;0,09968115
333841,7;0,09966632
333858,3;0,09964515
333874,8;0,0996277
333892;0,09962148
333907,9;0,09961154
333924,9;0,09961154
333941,5;0,09960032
333957,6;0,0995742
333974,4;0,09952686
333990,7;0,09950338
334007,3;0,09949838
334024,9;0,09948221
334040,4;0,09946244
334057,9;0,09944878
334073,6;0,0994339
334090,1;0,0994339
334107,3;0,09941016
334123,2;0,09938411
334139,8;0,09936923
334156,6;0,09936923
334172,9;0,09934318
334189,5;0,09931213
334206,1;0,09929853
334223;0,0992762
334239,2;0,0992762
334255,8;0,09926382
334272,3;0,09922173
334289;0,09920935
334305,5;0,0991983
334322,3;0,0991983
334338,7;0,09918842
334355,2;0,09914262
334371,8;0,09912029
334388,4;0,09912029
334404,9;0,09909675
334421,4;0,09907564
334438,2;0,09905215
334454,8;0,09904465
334471,3;0,09902366
334488,2;0,09901629
334504,6;0,09901378
334521,1;0,09897292
334537,6;0,09897292
334554,2;0,09896304
334570,8;0,09896304
334587,3;0,09895443
334603,9;0,09891735
334620,8;0,09889521
334637;0,09888039
334653,6;0,0988705
334670,1;0,0988569
334686,7;0,09885074
334703,3;0,09885074
334719,8;0,09882616
334737,2;0,09882494
334753;0,0988114
334769,9;0,09880524
334786,2;0,09879542
334802,7;0,09879299
334819,2;0,09879299
334835,8;0,09877951
334852,3;0,09877097
334869;0,09876725
334885,9;0,09875621
334902,1;0,09875255
334918,6;0,09875134
334935,7;0,09874646
334951,8;0,09874402
334968,3;0,09874402
334984,9;0,09873548
335002;0,09872939
335018,8;0,09872694
335034,9;0,09872206
335051,2;0,09872206
335067,9;0,09871963
335084,3;0,09871719
335100,9;0,09871353
335117,7;0,09870865
335134,5;0,09870743
335150,6;0,09870011
335167,1;0,09870011
335184;0,09870011
335200,3;0,09869768
335217,2;0,09869646
335233,4;0,09868792
335250;0,09868426
335266,8;0,09868182
335283,1;0,0986806
335300,1;0,09868182
335316,2;0,0986806
335333,1;0,0986806
335350,8;0,09867939
335367,4;0,09867939
335384,3;0,09867939
335400,5;0,09867939
335417,1;0,09867694
335433,8;0,09867939
335450,2;0,09867451
335466,8;0,09867573
335483,4;0,09867573
335500,3;0,09867816
335516,5;0,0986806
335533,2;0,09868182
335549,6;0,09868182
335566,2;0,09868182
335582,8;0,09868548
335599,3;0,0986867
335616;0,09868792
335632,6;0,09869158
335649,1;0,09869036
335665,6;0,0986928
335682,7;0,0986928
335698,7;0,09869402
335715,3;0,09869402
335732,5;0,09869402
335748,4;0,09869646
335765;0,09870134
335782,3;0,09870134
335798,1;0,09870134
335815,1;0,09870134
335831,3;0,09870377
335847,8;0,09870011
335864,4;0,09870377
335880,9;0,09870256
335897,5;0,09870256
335914,1;0,09870256
335931,3;0,09870134
335947,3;0,09869889
335964,2;0,09869889
335980,3;0,09870499
335996,9;0,09870622
336013,7;0,09870499
336030,1;0,09870743
336046,7;0,09870743
336063,5;0,09870499
336079,9;0,09870499
336096,7;0,09870622
336112,9;0,09870377
336129,5;0,09870377
336146;0,09870499
336162,6;0,09870499
336179,2;0,09870377
336195,9;0,09870499
336212,8;0,09870622
336228,8;0,09870743
336245,4;0,09870987
336262,8;0,09870987
336279,7;0,09870987
336296,1;0,09871231
336312,5;0,09871591
336329,1;0,09871591
336345,6;0,09871713
336362,3;0,09872079
336378,8;0,09871957
336395,3;0,09871957
336412;0,09872445
336428,4;0,09872567
336445,2;0,09872688
336461,6;0,09872688
336478,9;0,09872811
336494,8;0,09872933
336511,3;0,09872811
336528,3;0,09873542
336544,4;0,09873664
336561,3;0,09874274
336577,5;0,09874152
336594,1;0,09874152
336610,7;0,09874634
336627,2;0,09875122
336643,8;0,09875244
336660,4;0,09875488
336676,9;0,09875853
336693,5;0,09875976
336710,5;0,09876219
336726,7;0,09876341
336743,2;0,09876464
336759,8;0,09876951
336776,5;0,09877195
336792,9;0,09877073
336809,5;0,09877195
336826,1;0,09877439
336842,6;0,09877682
336859,2;0,09877927
336875,8;0,09878293
336892,3;0,09878781
336908,9;0,09878659
336925,7;0,09878902
336942,5;0,09879024
336958,6;0,09879024
336975,2;0,09879268
336992;0,09879268
337008,8;0,09879756
337024,9;0,09879878
337042,2;0,09880244
337058;0,09880488
337074,6;0,09880488
337091,7;0,09880488
337107,7;0,09880488
337124,3;0,0988061
337141;0,09880853
337157,4;0,09881098
337174,2;0,09881585
337193;0,09882195
337207,1;0,09882195
337223,6;0,09882683
337240,2;0,09882805
337256,8;0,09882805
337273,3;0,09883171
337289,9;0,09883048
337306,5;0,09883048
337323,6;0,09883048
337339,6;0,09882561
337356,2;0,09882561
337372,8;0,09882439
337389,5;0,09882317
337405,9;0,09882073
337422,5;0,09881951
337439;0,09881707
337455,6;0,09881707
337472,1;0,09881585
337488,7;0,09881464
337505,3;0,09881219
337522;0,09880976
337538,4;0,09881219
337555;0,09881219
337571,8;0,09881585
337588,6;0,09881341
337604,7;0,09881098
337621,3;0,09881098
337637,8;0,09881098
337654,8;0,09880976
337671,4;0,09880731
337687,7;0,09880731
337704,1;0,09880731
337720,7;0,09880488
337737,2;0,09880488
337753,8;0,09880488
337770,3;0,09880365
337787,3;0,09880365
337803,7;0,09880365
337820;0,09880488
337836,7;0,09880976
337853,2;0,09881098
337869,8;0,09881341
337886,3;0,09881341
337902,9;0,09881951
337919,4;0,09881951
337936;0,09881951
337952,6;0,09882317
337969,4;0,09882805
337985,8;0,09883171
338002,3;0,09883171
338018,8;0,09884281
338035,4;0,09884403
338052;0,09885135
338069;0,098855
338085,1;0,098855
338101,7;0,09886354
338122,8;0,09887214
338139,4;0,09887701
338155,9;0,09888189
338172,5;0,09888434
338189,1;0,09888921
338205,6;0,09889165
338222,3;0,09889653
338238,8;0,09889653
338255,3;0,09890512
338271,9;0,09891123
338288,4;0,09891611
338305,8;0,09891488
338321,6;0,09891732
338338,2;0,09892342
338354,8;0,09892708
338371,4;0,0989283
338387,8;0,0989283
338404,4;0,0989283
338421,2;0,09893074
338437,6;0,09893318
338454,1;0,0989344
338470,7;0,0989344
338487,3;0,09893806
338503,8;0,0989344
338520,4;0,0989344
338537,4;0,0989344
338553,5;0,09893318
338570,1;0,0989283
338586,7;0,09892952
338603,2;0,09892952
338619,8;0,09892586
338636,3;0,09892708
338653,1;0,09892708
338669,5;0,09892464
338686,1;0,09891976
338702,6;0,09891976
338719,2;0,09891732
338735,8;0,09891854
338752,3;0,09891488
338768,9;0,09891245
338785,8;0,09891123
338802,2;0,09890879
338818,6;0,09890879
338835,2;0,09890757
338851,8;0,09890757
338868,3;0,09890635
338885,2;0,09890512
338901,4;0,09890269
338918;0,09890025
338934,6;0,09889781
338951,8;0,09889659
338967,7;0,09889293
338984,3;0,09889293
339000,8;0,09888805
339017,4;0,09888805
339034;0,09888805
339050,5;0,09888805
339067,9;0,09888317
339083,7;0,09886738
339100,2;0,09886616
339116,8;0,0988625
339133,4;0,09885763
339149,9;0,09884915
339166,5;0,09884793
339183,1;0,09884183
339199,6;0,09884183
339216,2;0,09883329
339232,8;0,09882604
339249,4;0,09882238
339266;0,09881756
339282,5;0,09881634
339299,8;0,09880176
339315,6;0,09879694
339332,3;0,09879328
339348,7;0,09879328
339365,7;0,09878614
339382,2;0,09878254
339398,7;0,09877168
339415;0,09875966
339431,6;0,09875721
339448,2;0,09875239
339464,7;0,09874763
339481,3;0,09874763
339498,4;0,09872714
339514,7;0,09872354
339530,9;0,09871035
339547,9;0,09870432
339564,1;0,09868985
339580,8;0,09868626
339597,2;0,09868015
339613,8;0,09866697
339630,4;0,09865623
339646,9;0,09864903
339664,1;0,09864537
339680,1;0,09864537
339697;0,09863939
339713,2;0,09862487
339730;0,09859978
339746,3;0,09858295
339762,9;0,09857226
339779,4;0,09856024
339796;0,09854822
339812,6;0,09854101
339829,2;0,098529
339846,1;0,09852179
339862,8;0,09850728
339878,8;0,09849049
339895,4;0,098469
339912,3;0,098469
339929,3;0,09846413
339947,9;0,09846047
339962,4;0,09845315
339978,4;0,09844949
339994,8;0,09844943
340011,4;0,09844571
340028,6;0,09845444
340045,1;0,09845944
340061,4;0,09846187
340077,7;0,09846187
340094,3;0,0984742
340111,3;0,09848548
340127,3;0,09849042
340143,9;0,09849653
340160,5;0,09850024
340177,1;0,09851892
340193,9;0,09853008
340211;0,09853636
340227,4;0,09855131
340243,4;0,09855875
340260,2;0,09856869
340276,7;0,09857742
340293;0,09858242
340310,2;0,09858736
340326,2;0,09859108
340342,8;0,09859596
340359,3;0,09861591
340375,9;0,09864074
340392,6;0,09865318
340409;0,09866697
340425,6;0,09867185
340442,3;0,09867185
340458,7;0,09869912
340475,3;0,09870656
340491,8;0,09871522
340508,4;0,09874377
340525,3;0,09876238
340542,1;0,09877598
340558,1;0,09878092
340574,7;0,09880075
340591,2;0,09880075
340608,1;0,09883545
340624,3;0,09883911
340641,3;0,09886523
340657,7;0,09887388
340674,1;0,09888877
340690,6;0,09889743
340707,2;0,09889743
340723,8;0,09892952
340740,9;0,0989444
340757;0,09895434
340773,7;0,0989691
340790,5;0,0989827
340806,6;0,09899387
340823,3;0,09900746
340839,8;0,09901357
340861,4;0,09903198
340873,1;0,09903692
340889,7;0,09904925
340906,3;0,09905662
340922,9;0,09905662
340939,9;0,09906529
340956;0,09907389
340972,5;0,09907389
340989,1;0,09908499
341006,3;0,09911713
341022,3;0,09914793
341038,8;0,09916263
341055,9;0,09917983
341071,9;0,09918849
341088,5;0,09918849
341105,9;0,09920429
341121,7;0,09921526
341138,3;0,09921776
341154,8;0,09922386
341171,4;0,0992263
341188,1;0,0992324
341205,2;0,09924582
341221,2;0,09925313
341237,6;0,09925313
341254,2;0,09926534
341271,3;0,09927875
341287,3;0,09928601
341303,9;0,09929948
341320,4;0,09929948
341337,1;0,09931284
341353,6;0,09932492
341370,1;0,09932492
341386,8;0,0993467
341403,3;0,0993564
341419,8;0,0993636
341436,4;0,09937695
341453;0,09939397
341469,5;0,09940001
341486,1;0,09941819
341502,7;0,09942783
341519,6;0,09944236
341536;0,09946059
341552,4;0,09947035
341569,2;0,09948
341585,7;0,09948481
341602,1;0,09948847
341618,6;0,09949573
341635,2;0,09951647
341651,8;0,09955875
341668,3;0,09957327
341685,1;0,09958297
341701,5;0,09959742
341718;0,09959742
341734,8;0,09962757
341751,5;0,09965662
341767,7;0,0996687
341784,5;0,09969427
341800,9;0,09969427
341817,7;0,09970763
341836,3;0,09973441
341852,8;0,09976717
341869,3;0,09977803
341886;0,09978889
341902,5;0,0998338
341919,1;0,09984606
341935,6;0,09985337
341952,2;0,09985704
341968,9;0,09986936
341986,2;0,09986813
342001,9;0,09987058
342018,8;0,09986436
342035,2;0,09985819
342051,6;0,09985075
342068,5;0,09984331
342084,7;0,09984331
342101,9;0,09982367
342117,8;0,09980885
342134,4;0,09979653
342151,7;0,09978787
342167,7;0,09977183
342184,2;0,0997631
342200,7;0,0997631
342217,3;0,09975566
342234,2;0,09975072
342250,4;0,09975072
342267,5;0,09974084
342283,5;0,09971229
342300,3;0,09966898
342316,7;0,09966404
342333,3;0,0996616
342349,8;0,09963915
342366,4;0,09963293
342382,9;0,0996278
342399,5;0,0996278
342416,1;0,09962023
342432,7;0,09961773
342449,5;0,09961145
342465,8;0,09960523
342482,6;0,09960523
342498,9;0,09960285
342515,5;0,09959771
342532,2;0,09959771
342549;0,09959278
342565,2;0,09958155
342581,9;0,09957161
342598,3;0,09956905
342614,9;0,09956282
342632;0,09954781
342648,6;0,09953646
342664,6;0,09953268
342681,1;0,09953268
342697,8;0,09953012
342714,3;0,09952524
342730,8;0,09950041
342747,6;0,099494
342763,9;0,099494
342781,2;0,09948783
342797,1;0,09946673
342813,7;0,09946045
342830,2;0,099458
342847,1;0,09945178
342863,7;0,09945178
342879,9;0,09944691
342896,5;0,09944562
342913,1;0,09942964
342929,6;0,0994025
342946,2;0,09937896
342962,8;0,09937035
342979,3;0,09936041
342995,9;0,09935547
343012,4;0,09935547
343029,1;0,09933321
343045,9;0,0993282
343062,2;0,09932826
343078,8;0,09933199
343095,5;0,09933186
343111,9;0,09935444
343128,8;0,09937073
343145,1;0,09937946
343161,6;0,09937946
343178,1;0,09942205
343195,3;0,09943718
343211,8;0,09944718
343227,8;0,09946983
343244,4;0,09946983
343261,1;0,09950741
343277,5;0,09951882
343294,1;0,09952267
343310,7;0,09955807
343327,4;0,09958199
343343,9;0,09960854
343360,4;0,09960854
343376,9;0,09963003
343393,5;0,09968448
343410,1;0,09969974
343426,7;0,09971744
343443,2;0,09972526
343460,1;0,09976201
343476,3;0,09978605
343492,9;0,09979362
343509,5;0,09981145
343526,1;0,09981145
343542,6;0,09982928
343559,3;0,0998904
343576,1;0,09993247
343592,3;0,09993247
343608,8;0,09997075
343625,5;0,0999925
343642,2;0,0999925
343658,6;0,1000666
343680;0,1000947
343691,7;0,1001102
343708,3;0,1001344
343724,8;0,1001344
343741,4;0,1001702
343758;0,1002212
343774,5;0,1002419
343791,6;0,1002508
343807,7;0,1002815
343824,2;0,1003161
343840,8;0,1003379
343857,9;0,1003661
343873,9;0,1003969
343890,5;0,1004072
343907,2;0,100434
343923,6;0,1004379
343940,2;0,1004776
343957,2;0,1004993
343973,3;0,1005236
343989,9;0,1005631
344007;0,1005798
344023,8;0,1006166
344039,6;0,1006431
344056,2;0,1006594
344072,9;0,1006771
344089,4;0,1006935
344105,9;0,1007163
344122,4;0,1007679
344139,1;0,1007679
344155,6;0,1007868
344172,1;0,1007868
344188,7;0,1008246
344205,6;0,1008848
344221,8;0,1009046
344238,4;0,1009244
344255;0,100938
344271,5;0,1009405
344288,1;0,1009501
344305;0,1009739
344321,5;0,1009888
344337,8;0,1010001
344354,9;0,1010113
344371,6;0,1010213
344387,5;0,1010364
344404,1;0,1010452
344421,2;0,1010527
344437,2;0,101054
344453,8;0,1010654
344470,3;0,1010654
344486,9;0,1010805
344504,1;0,1010906
344520;0,101102
344536,6;0,101102
344553,2;0,1011284
344569,7;0,1011297
344586,9;0,101146
344604;0,1011611
344620,5;0,1011801
344636,6;0,1011877
344653,3;0,1011877
344669,8;0,1012065
344686,3;0,1012203
344703,3;0,101219
344719,8;0,1012581
344736;0,1012732
344752,6;0,1012845
344769,5;0,1012958
344785,8;0,1012958
344802,3;0,1013021
344818,8;0,1013121
344835,4;0,1013408
344852,2;0,1013706
344868,6;0,1013718
344885,1;0,1013941
344901,8;0,1013954
344918,3;0,101409
344934,8;0,1014313
344951,4;0,1014473
344968;0,101451
344984,8;0,1014659
345001,1;0,1014795
345017,7;0,1014795
345034,3;0,1014969
345050,8;0,1015031
345067,4;0,1015081
345084,3;0,1015094
345100,5;0,1015068
345117,1;0,1015069
345133,6;0,1015069
345150,4;0,101503
345166,8;0,1014941
345183,3;0,1014915
345199,9;0,1014864
345216,5;0,1014801
345233;0,1014737
345249,6;0,1014622
345266,2;0,1014584
345282,7;0,1014508
345299,3;0,1014405
345315,8;0,1014354
345332,4;0,1014238
345349;0,1014147
345365,7;0,1014006
345382,3;0,1013929
345398,7;0,1013788
345415,3;0,1013788
345432,3;0,1013763
345448,5;0,1013685
345465,3;0,1013517
345481,9;0,1013246
345498,1;0,1013182
345520,8;0,1013041
345532,7;0,1012874
345549,3;0,1012757
345565,8;0,1012757
345582,4;0,1012524
345599;0,1012357
345615,5;0,1012357
345632,2;0,1011957
345648,7;0,1011828
345665,3;0,1011725
345681,9;0,1011725
345699,1;0,1011234
345715,1;0,101113
345731,9;0,1010847
345748,5;0,1010705
345764,7;0,1010705
345781,2;0,1010331
345798,4;0,101011
345814,4;0,1010007
345831,6;0,1009722
345847,9;0,1009541
345864;0,1009425
345880,6;0,1009204
345897,2;0,1009089
345914;0,1009089
345930,7;0,1008792
345946,9;0,1008559
345963,4;0,100838
345980;0,1008265
345996,7;0,1008019
346013,4;0,1007889
346029,9;0,10078
346046,3;0,1007774
346063,7;0,1007672
346079,4;0,1007583
346096;0,1007583
346112,6;0,1007368
346129,3;0,1006707
346146;0,100604
346162,3;0,100579
346178,8;0,1005426
346195,5;0,1005301
346212,3;0,1005017
346229,3;0,1004843
346245,1;0,1004684
346261,7;0,1004512
346278,2;0,1004364
346295;0,1004229
346311,4;0,1003995
346327,9;0,1003736
346344,6;0,1003601
346361,3;0,1003329
346377,6;0,1003144
346395;0,1002895
346410,8;0,1002635
346427,3;0,1002487
346445,3;0,1002376
346460,7;0,1002191
346477;0,1001967
346493,6;0,1001583
346510,3;0,1001298
346526,7;0,1001074
346543,3;0,1000938
346559,8;0,1000655
346576,8;0,1000223
346593;0,1
346609,6;0,09996913
346626,1;0,09993936
346642,9;0,09992209
346659,3;0,09989354
346675,8;0,09989354
346692,8;0,09987999
346709;0,09987999
346725,5;0,09986279
346742,1;0,09986279
346758,6;0,09980337
346775,3;0,09972673
346792,3;0,09968464
346808,3;0,0996625
346824,9;0,09964285
346841,5;0,09963303
346858,2;0,09962083
346874,6;0,09957544
346891,6;0,09954737
346907,8;0,09953517
346924,3;0,09953517
346940,9;0,09950576
346957,5;0,09946562
346974;0,09945702
346990,6;0,0994289
347007,3;0,09940694
347023,9;0,09938502
347040,3;0,09935934
347056,9;0,09935318
347073,4;0,0993275
347090,3;0,09931523
347106,6;0,09926637
347123,1;0,09925038
347139,7;0,09921981
347156,3;0,09921981
347172,8;0,09918675
347189,6;0,0991499
347206;0,0991499
347222,5;0,09910189
347239,1;0,09907132
347255,7;0,09903965
347272,4;0,09903843
347289,1;0,09902117
347306,1;0,09895898
347321,9;0,09892725
347338,5;0,09892725
347355,4;0,09892725
347371,6;0,09892725
347389,8;0,0988979
347405,2;0,09881578
347421,3;0,09877545
347438,4;0,09876312
347454,8;0,09872877
347471;0,09870674
347487,7;0,09869082
347504,2;0,0986381
347520,7;0,09860625
347537,3;0,09858789
347553,9;0,09857312
347571;0,0985572
347587;0,09850344
347603,9;0,09847159
347620,1;0,09845335
347637,2;0,09845335
347653,3;0,09839447
347669,8;0,0983775
347686,5;0,09834578
347703;0,09831405
347720,1;0,09829819
347737,2;0,09826658
347753,2;0,09825194
347769,8;0,09821911
347786,3;0,09819959
347802,9;0,09817152
347819,5;0,09815071
347836,6;0,09815071
347852,6;0,09808701
347869,4;0,09807359
347885,9;0,09804291
347902,3;0,09802955
347919;0,09799764
347935,5;0,09799764
347952,2;0,09795962
347968,6;0,09794266
347985,5;0,09794266
348001,8;0,09792783
348018,3;0,09792783
348035,2;0,09788739
348051,5;0,09782869
348068;0,09780819
348084,6;0,09780819
348101,1;0,09778757
348118,2;0,09777439
348134,5;0,09776835
348150,8;0,09776237
348167,4;0,09775877
348184;0,09775157
348200,5;0,09774437
348217,1;0,09773734
348234,1;0,09773374
348250,2;0,09773374
348266,8;0,09772903
348283,3;0,09772549
348299,9;0,09772311
348316,5;0,09772427
348333;0,09772305
348349,6;0,09771945
348366,4;0,09771945
348382,9;0,09771835
348399,3;0,09770871
348416;0,09770749
348432,8;0,09770261
348449,3;0,09770505
348465,6;0,09770389
348482,2;0,09770267
348499;0,09770029
348515,3;0,09769669
348531,9;0,09769779
348548,4;0,09770267
348565,2;0,09770859
348581,5;0,09770981
348598,3;0,09770981
348615,1;0,09771097
348631,3;0,0977122
348647,8;0,0977122
348665,5;0,09771341
348681,7;0,09771702
348697,5;0,09772299
348714,2;0,09773026
348730,8;0,09773269
348747,2;0,09773629
348764,2;0,09773868
348780,5;0,09774221
348796,9;0,09774338
348813,5;0,09774698
348830,1;0,09774936
348846,8;0,09774936
348864;0,09774936
348879,8;0,09775174
348896,7;0,09775767
348913;0,09775761
348929,8;0,09775998
348946;0,09776829
348963,5;0,09776939
348979,2;0,09777062
348995,7;0,09777299
349012,3;0,09777659
349029,3;0,0977838
349045,4;0,09778612
349062;0,0977921
349078,6;0,0977921
349095,3;0,09780157
349111,7;0,09780395
349128,3;0,09781231
349145,5;0,09781591
349161,4;0,09782909
349178;0,09783391
349194,5;0,09783752
349211,4;0,09784099
349228;0,09784687
349244,3;0,0978529
349261,5;0,0978529
349277,3;0,09785772
349294,2;0,09785888
349310,8;0,09787317
349327,7;0,09789576
349343,6;0,09790041
349360,2;0,09789802
349377;0,09791121
349393,3;0,09791237
349410,2;0,09791945
349426,7;0,09792061
349443,2;0,09792171
349459,6;0,09792996
349476,1;0,09792996
349492,7;0,09793467
349509,3;0,09794669
349534,8;0,09795377
349551,9;0,09795377
349567,9;0,09795976
349584,5;0,09796573
349601;0,097973
349617,9;0,0979777
349634,4;0,09798002
349650,7;0,09798356
349667,5;0,09798954
349684,2;0,09799071
349700,4;0,09799791
349717;0,09800151
349733,6;0,09800737
349750,1;0,09800737
349766,7;0,09801806
349783,2;0,09802637
349799,8;0,09803229
349816,4;0,09803472
349833,3;0,09803472
349849,5;0,09803478
349866,1;0,09803107
349883,1;0,09802631
349899,2;0,09802631
349916,4;0,09802392
349932,3;0,09802392
349948,9;0,0980191
349965,5;0,09800819
349982,3;0,0980047
349998,6;0,0980047
350015,2;0,09800354
350032,6;0,0980072
350048,5;0,0980119
350064,9;0,0980166
350081,4;0,0980166
350098;0,09802735
350114,8;0,09803937
350131,1;0,09804054
350148,2;0,09804651
350164,4;0,09805255
350181,3;0,09805848
350197,4;0,0980669
350214;0,0980752
350231,5;0,0980752
350247,9;0,09808711
350263,7;0,09809308
350280,3;0,09810023
350297,3;0,09810023
350314;0,09810627
350330;0,09810743
350346,5;0,09811347
350363,5;0,09811109
350380;0,09812061
350396,3;0,09812421
350412,8;0,09812421
350430,1;0,09812915
350449,3;0,09812677
350465,8;0,09812793
350482,8;0,09812671
350499,2;0,09813385
350515,5;0,09813868
350532,1;0,09813757
350548,7;0,09813757
350565,7;0,09813757
350581,8;0,09813868
350598,4;0,09814111
350614,9;0,09813757
350631,5;0,09813043
350648,3;0,09813519
350664,8;0,09813635
350681,2;0,09813757
350697,8;0,09814123
350714,3;0,09815337
350731;0,09816428
350747,4;0,09817283
350764;0,09817283
350780,6;0,09818758
350797,2;0,09822326
350813,7;0,09823436
350830,3;0,09824535
350846,8;0,09825279
350863,4;0,09829952
350880;0,09832051
350897;0,09833655
350913,1;0,09836491
350929,7;0,09837608
350946,3;0,09839956
350962,8;0,09840457
350979,6;0,09843043
350996;0,09847485
351013;0,09848357
351029,1;0,09851304
351045,7;0,09853024
351062,5;0,09855623
351078,8;0,09857111
351095,4;0,09857111
351111,9;0,09861693
351128,5;0,09863925
351145,2;0,09865151
351162,1;0,098675
351178,2;0,098675
351194,7;0,09869117
351211,7;0,09869855
351227,9;0,09871574
351244,4;0,0987665
351261,1;0,09879133
351277,6;0,09881244
351294,1;0,0988236
351310,7;0,09884953
351327,3;0,09886679
351344;0,09889266
351360,4;0,09890754
351377;0,09890754
351394;0,09895805
351410,3;0,09897287
351426,7;0,0989999
351443,3;0,0989999
351459,8;0,09902815
351476,4;0,09905785
351493,1;0,09908628
351509,5;0,09911349
351526,1;0,09911349
351542,6;0,09915669
351559,2;0,09916907
351575,8;0,09919616
351592,3;0,09921446
351609,7;0,09923905
351625,9;0,09926125
351642,1;0,0992895
351658,7;0,09930555
351675,2;0,09930555
351692,4;0,0993707
351708,3;0,09938174
351724,9;0,09941024
351741,4;0,09942622
351758,1;0,09946082
351774,6;0,09947454
351791,2;0,09950169
351807,7;0,09950169
351824,3;0,09952018
351840,8;0,0995214
351857,4;0,0995214
351874;0,0995743
351890,5;0,09964813
351907,1;0,09969474
351923,8;0,09973032
351940,3;0,09977077
351956,8;0,09977077
351973,3;0,09982483
351990;0,09984314
352006,9;0,09984314
352023,2;0,09988963
352039,7;0,09991556
352056,2;0,09993904
352073,3;0,09994143
352089,3;0,09995259
352106,1;0,09999217
352122,6;0,1000108
352139;0,1000108
352155,6;0,100033
352172,2;0,1000729
352189,2;0,1000891
352205,3;0,1001089
352222,5;0,1001201
352238,6;0,1001412
352255,3;0,1001511
352272,1;0,1001734
352288,2;0,1001734
352305,5;0,1002006
352321,3;0,1002242
352337,9;0,1002242
352354,7;0,1002788
352371;0,1002925
352387,5;0,1003085
352404,1;0,1003085
352420,7;0,1003653
352437,2;0,1003825
352453,8;0,1003936
352470,4;0,100406
352487,3;0,100406
352503,8;0,1004208
352520,4;0,1004606
352536,7;0,1005175
352553,4;0,1005299
352570,2;0,1005558
352586,9;0,1005768
352602,9;0,1005927
352620;0,10061
352636,1;0,1006381
352652,7;0,100663
352669,2;0,1006742
352685,7;0,1006954
352702,3;0,1007054
352719;0,1007242
352735,4;0,1007392
352752;0,100743
352768,6;0,1007544
352785,1;0,1007582
352802,1;0,1007607
352818,3;0,1007607
352834,8;0,1007709
352851,4;0,1007759
352868;0,1007798
352884,6;0,1007798
352901,4;0,1007848
352917,7;0,1007912
352934,5;0,1007963
352950,8;0,1007975
352967,4;0,1007987
352984;0,1008
353000,5;0,1008039
353017,6;0,1008077
353033,8;0,1008116
353050,2;0,1008129
353066,8;0,1008154
353083,6;0,1008128
353099,9;0,1008141
353116,5;0,1008141
353133,2;0,1008141
353149,6;0,1008154
353167;0,1008154
353182,8;0,1008229
353199,3;0,1008267
353215,9;0,1008266
353233,4;0,1008279
353250,1;0,1008279
353266,6;0,1008278
353283,1;0,1008252
353299,7;0,1008277
353316,4;0,1008277
353332,8;0,1008265
353349,4;0,100829
353366;0,1008315
353382,5;0,100829
353399,5;0,100829
353416,2;0,1008215
353432,2;0,1008202
353448,8;0,1008139
353465,7;0,1008039
353481,9;0,1007925
353498,5;0,1007826
353515,1;0,1007726
353531,6;0,1007575
353548,2;0,1007387
353564,8;0,1007288
353581,6;0,1007288
353597,9;0,1007102
353614,5;0,1006816
353631,1;0,1006629
353647,6;0,1006492
353664,2;0,1006368
353680,7;0,1006145
353697,3;0,1006145
353713,9;0,1005871
353731,2;0,1005697
353747;0,1005697
353763,6;0,1005598
353780,5;0,1005585
353797,3;0,1005086
353813,3;0,1004688
353829,8;0,1004513
353846,4;0,1004364
353863,4;0,1004115
353879,6;0,1004115
353896,1;0,100358
353912,7;0,1003592
353929,2;0,1003244
353945,8;0,1003034
353962,5;0,1002798
353979,4;0,1002674
353995,5;0,1002513
354012,1;0,1002241
354028,6;0,1002008
354045,2;0,1001873
354061,8;0,1001554
354078,4;0,1001346
354095,2;0,1001029
354111,5;0,1000725
354128,3;0,1000432
354144,6;0,1000432
354165,4;0,1000141
354178,2;0,09993117
354194,3;0,09991031
354210,8;0,09988834
354227,4;0,09988834
354244;0,09980327
354260,6;0,0997633
354277,6;0,09973767
354293,7;0,09969398
354310,3;0,09967549
354326,8;0,0996462
354343,4;0,09961435
354361;0,09957761
354376,5;0,09957761
354393,4;0,09955906
354409,7;0,09955906
354426,2;0,09951611
354442,8;0,09944864
354459,5;0,09942172
354476,8;0,09939348
354492,5;0,09938128
354509,1;0,09934948
354525,8;0,09929572
354542,2;0,09925184
354559;0,09922506
354575,4;0,09919101
354592;0,09916904
354609,1;0,09916904
354625;0,099106
354641,6;0,09906591
354658,2;0,09903033
354674,7;0,09902911
354691,3;0,09899464
354707,8;0,09896145
354724,4;0,09893534
354741;0,09890942
354758;0,09890942
354774,1;0,09889453
354790,7;0,09884871
354807,3;0,09882516
354824;0,09880912
354840,4;0,09880912
354857;0,09875079
354873,6;0,09875073
354890,1;0,09871607
354906,8;0,09869856
354923,2;0,09866629
354939,8;0,09865262
354956,4;0,09862291
354972,9;0,09861168
354989,9;0,09857953
355006;0,09856226
355022,6;0,09856226
355039,4;0,09854494
355056,3;0,09852895
355073,9;0,09850919
355089;0,0984281
355105,5;0,09840491
355122;0,09839625
355138,6;0,09833505
355155,2;0,09830064
355171,7;0,09827721
355188,4;0,09825885
355204,9;0,09822449
355221,4;0,0981891
355238,3;0,0981891
355254,6;0,09817202
355271,6;0,09810983
355287,7;0,0980698
355304,5;0,09804307
355320,8;0,09804307
355337,6;0,0979519
355353,9;0,09794702
355370,5;0,09788769
355387,7;0,09785992
355403,7;0,0978164
355420,5;0,09779461
355436,8;0,09777167
355453,4;0,09773915
355470,3;0,09770557
355486,5;0,09769001
355503,1;0,09767323
355519,7;0,09766847
355536,2;0,09761342
355552,8;0,09760389
355569,3;0,09758124
355585,9;0,09756452
355602,4;0,09755499
355619;0,09753589
355636,3;0,09751318
355652,6;0,0975072
355668,7;0,09750726
355685,3;0,09749762
355701,8;0,09749041
355718,4;0,09745575
355735;0,097445
355752,2;0,09744018
355768,1;0,09744018
355784,8;0,09741382
355801,3;0,09740662
355818;0,09740668
355835,2;0,0973935
355851,3;0,09738269
355867,5;0,09738031
355884,2;0,09736835
355900,7;0,09736481
355917,3;0,09735761
355935,7;0,09734448
355950,3;0,09734094
355966,9;0,09733263
355983,8;0,09732305
356000,1;0,09732305
356016,8;0,09731243
356033,2;0,09730052
356049,8;0,09729692
356066,5;0,097291
356082,9;0,097291
356099,5;0,09728508
356116;0,09728508
356132,6;0,09728043
356149,2;0,09728037
356165,9;0,09728153
356182,3;0,09727677
356198,9;0,09727677
356215,4;0,09727328
356232,1;0,09727091
356248,6;0,09726626
356265,2;0,09726509
356281,8;0,09726509
356298,3;0,09726388
356314,8;0,09726504
356331,4;0,09726504
356348;0,09725807
356365,3;0,09723217
356381,8;0,09720638
356397,7;0,09720516
356414,5;0,09719581
356430,8;0,09717229
356447,3;0,09715359
356463,9;0,09714545
356480,5;0,097135
356497,1;0,09712686
356513,7;0,09711995
356530,9;0,09711757
356546,8;0,09709799
356563,3;0,09708764
356579,9;0,09707724
356596,8;0,09707724
356613,1;0,09706806
356629,8;0,09705173
356646,2;0,09704017
356662,7;0,09702135
356679,3;0,09702135
356696,3;0,09700508
356712,4;0,09697326
356729;0,09695078
356745,6;0,096939
356762,1;0,09693784
356778,7;0,09689759
356795,3;0,09689166
356812,5;0,09687158
356828,4;0,09686089
356845;0,09683952
356861,5;0,09681699
356878,1;0,09679213
356894,7;0,09678145
356911,7;0,09675537
356927,9;0,09674481
356944,4;0,09673882
356960,9;0,09673057
356978,1;0,09671873
356994,2;0,09669155
357010,6;0,09663188
357027,2;0,09660045
357043,8;0,0965772
357060,3;0,09655397
357076,9;0,09654339
357093,4;0,09651783
357110;0,09651783
357126,6;0,09648878
357143,2;0,09648878
357159,7;0,09645946
357176,3;0,09643738
357193,4;0,09641884
357209,4;0,09640373
357226;0,09638641
357242,6;0,09637711
357259,1;0,09636776
357275,8;0,09636195
357292,3;0,09635847
357309;0,09633772
357325,4;0,09632964
357341,9;0,09632383
357358,5;0,09632383
357375,1;0,09631012
357391,7;0,09629977
357408,2;0,09629301
357424,8;0,09629301
357441,4;0,09628494
357458,5;0,09627813
357474,5;0,09625855
357491,1;0,09624704
357507,6;0,09623338
357524,2;0,09621965
357540,8;0,09621395
357557,4;0,09620704
357573,9;0,09620588
357590,5;0,09620244
357607;0,09620244
357623,7;0,09620244
357640,2;0,09617379
357656,7;0,0961252
357673,3;0,09610074
357702,9;0,0960682
357719,5;0,09604844
357736,1;0,09603666
357752,7;0,09602737
357769,8;0,09601796
357785,8;0,09599664
357802,3;0,09598248
357818,9;0,09597063
357835,4;0,09596586
357852;0,09594943
357868,6;0,0959341
357885,1;0,0959294
357901,7;0,09591993
357918,3;0,09591993
357935,1;0,09589403
357951,7;0,09587073
357968,1;0,09585795
357984,5;0,09585795
358001,2;0,09582231
358017,7;0,09578108
358034,8;0,09575932
358051,3;0,09571937
358067,4;0,09570238
358084;0,0956638
358100,5;0,09564576
358117,1;0,09564576
358134,1;0,09557057
358150,2;0,09555358
358166,8;0,09552546
358183,3;0,09549945
358199,9;0,09549945
358216,5;0,09548478
358233,3;0,0954679
358249,6;0,0954679
358266,2;0,09544981
358282,8;0,0953923
358299,3;0,09533236
358315,9;0,0953064
358332,8;0,09529412
358349;0,09526589
358365,6;0,09526589
358382,2;0,09525581
358398,8;0,0952085
358415,4;0,09519161
358431,8;0,09518027
358448,4;0,09518027
358465;0,09515774
358481,7;0,09512509
358498,1;0,09510594
358514,7;0,09510367
358531,4;0,09508231
358548,4;0,09506215
358564,4;0,09504411
358581,2;0,09503509
358597,5;0,09502833
358614,6;0,09501705
358631,2;0,09499009
358647,3;0,09497996
358663,8;0,09496646
358680,5;0,09496646
358696,9;0,09492937
358713,5;0,09492373
358730;0,09489777
358747;0,09488316
358763,2;0,0948572
358780;0,09484364
358796,3;0,09482897
358812,9;0,09480412
358829,6;0,09477822
358846,1;0,09476139
358862,6;0,09476139
358879,2;0,09474894
358896;0,09474556
358912,9;0,09470404
358928,8;0,09464347
358945,4;0,09461224
358962;0,09459224
358978,8;0,09456238
358995,1;0,0945436
359011,8;0,09451938
359028,2;0,09451938
359044,8;0,09448222
359061,4;0,09446017
359077,9;0,09443701
359094,5;0,09440941
359111,1;0,09439717
359127,7;0,09436948
359144,2;0,0943517
359160,8;0,0943517
359177,3;0,09429282
359194;0,09428607
359210,5;0,09425816
359227,3;0,09424576
359243,6;0,09421907
359260,2;0,09420567
359277;0,09419232
359293,4;0,09416109
359309,9;0,09414537
359326,4;0,09412633
359343,2;0,09411958
359359,6;0,09411958
359376,3;0,09410153
359392,7;0,09409811
359409,4;0,09409922
359426,3;0,09410027
359442,4;0,09410027
359466,1;0,09410375
359476,3;0,09410375
359492,9;0,09410375
359509,5;0,09410602
359526,1;0,09410602
359542,6;0,09410602
359559,2;0,09411958
359576;0,09412622
359592,5;0,09413309
359608,9;0,09413309
359625,5;0,09414321
359642;0,09415229
359658,6;0,09415915
359675,4;0,09416369
359691,7;0,0941706
359708,4;0,09417514
359725,1;0,09417751
359741,4;0,09417635
359758;0,09417862
359774,7;0,09417635
359791,1;0,0941752
359807,7;0,09417287
359824,3;0,09417403
359840,8;0,09417398
359857,4;0,09417403
359874;0,09417171
359891,2;0,09417055
359907,3;0,09417055
359923,7;0,09416822
359940,2;0,09417166
359956,8;0,09418421
359973,3;0,09419107
359989,9;0,09419107
360006,8;0,09422494
360023;0,09422948
360039,7;0,09425549
360056,2;0,09428372
360072,8;0,09430171
360089,4;0,09432635
360105,9;0,09435784
360122,4;0,09437441
360139;0,09437441
360156;0,09439462
360172,2;0,0944058
360188,7;0,09444056
360205,3;0,09448446
360222,3;0,09451368
360238,4;0,09454297
360255;0,09456892
360271,5;0,0945847
360288,1;0,09460047
360304,7;0,09461408
360321,3;0,09462753
360341,2;0,09466478
360357,8;0,09469184
360374,3;0,0947188
360391,2;0,0947188
360407,5;0,0947447
360424;0,09476839
360440,6;0,09479551
360457,2;0,09481925
360473,7;0,09483513
360490,3;0,09484869
360506,8;0,09487575
360523,7;0,09487575
360540,5;0,09491987
360556,6;0,09494244
360573,2;0,094956
360589,7;0,09496735
360606,2;0,09498429
360622,8;0,09501932
360639,4;0,09504201
360656;0,09505446
360672,8;0,09507709
360689,1;0,09509181
360705,9;0,09511671
360722,2;0,09513254
360738,8;0,09515972
360755,3;0,09516984
360772,2;0,09518678
360788,5;0,09518678
360805,1;0,09519812
360821,6;0,09521163
360838,2;0,09526244
360854,8;0,09530749
360871,3;0,09530749
360887,9;0,09533783
360904,4;0,09536816
360921,2;0,09540293
360937,6;0,09543327
360954,1;0,09545781
360971,6;0,09548239
360987,5;0,09551237
361003,8;0,09551237
361021,2;0,09557468
361037,2;0,09561342
361054,2;0,09564334
361070,5;0,09565563
361086,7;0,09568138
361103,5;0,09573393
361119,8;0,09577077
361136,6;0,09578981
361153;0,09582342
361170,3;0,09584469
361186,9;0,09587824
361203,5;0,09589955
361220;0,09592989
361236,6;0,09594904
361253,2;0,09598265
361269,7;0,09598265
361286,5;0,09600286
361302,9;0,09606131
361319,4;0,09608389
361336;0,09610204
361352,6;0,09611339
361369,1;0,0961384
361385,7;0,09614753
361402,5;0,09614753
361418,9;0,09615561
361435,4;0,09616357
361452,5;0,09616357
361468,5;0,09617398
361485,1;0,09619472
361501,7;0,09621801
361518,2;0,09622266
361534,9;0,09622725
361551,6;0,09624235
361567,9;0,09625159
361584,5;0,09625618
361601,1;0,09626083
361617,6;0,09626663
361634,2;0,09627482
361650,8;0,09627832
361667,3;0,09628174
361683,9;0,09628866
361700,6;0,09628982
361717;0,09629674
361733,6;0,09630132
361750,3;0,09630132
361766,9;0,09630481
361783,3;0,0963094
361800,1;0,09631405
361816,7;0,09631405
361833,4;0,09631173
361849,6;0,09631637
361866,1;0,09631869
361882,8;0,09631985
361899,3;0,09631985
361916;0,09632218
361932,4;0,09632567
361949,1;0,0963245
361965,5;0,09632804
361982,5;0,0963292
361998,7;0,09633269
362015,2;0,09633269
362031,8;0,09633385
362054;0,09633269
362069;0,09633385
362085,5;0,09633502
362102,1;0,09633502
362118,7;0,09633617
362135,3;0,09634431
362151,8;0,09634431
362168,4;0,09634546
362184,9;0,09634431
362202;0,0963489
362218,1;0,0963489
362234,6;0,09635238
362251,2;0,09635238
362267,8;0,0963547
362284,5;0,0963547
362301;0,09635238
362317,5;0,09635586
362334;0,09635354
362350,8;0,0963547
362367,2;0,0963547
362383,7;0,09635703
362400,3;0,09635935
362416,9;0,09635819
362433,4;0,09636051
362450,3;0,09636167
362466,6;0,09635354
362483,1;0,09635354
362499,8;0,09635238
362517,1;0,09635238
362533,1;0,09634773
362549,4;0,09634541
362566;0,09634657
362582,6;0,09634541
362599,1;0,09634657
362615,7;0,09634309
362632,2;0,09634193
362649,2;0,09634193
362665,7;0,09634077
362682,3;0,09634077
362698,5;0,09633961
362715,1;0,09633961
362731,8;0,09633844
362748,2;0,09633844
362765;0,09633031
362781,4;0,09633148
362797,9;0,09632799
362814,4;0,09632683
362831,8;0,09632456
362847,7;0,09632224
362864,2;0,09631991
362880,8;0,09632108
362897,3;0,09632108
362916,7;0,0963234
362933,3;0,09632804
362949,9;0,0963292
362966,4;0,0963292
362983;0,09633972
362999,6;0,09634913
363016,2;0,09635853
363032,7;0,09636445
363049,3;0,09636678
363065,8;0,0963892
363082,4;0,09640336
363099;0,09641045
363116,2;0,09641045
363132,2;0,09642822
363148,7;0,09644361
363165,3;0,09645307
363181,8;0,09647079
363198,4;0,09647079
363215,1;0,09648954
363231,5;0,09649309
363248,1;0,09650958
363264,7;0,09652613
363281,2;0,09653547
363297,8;0,09654848
363314,4;0,09655923
363330,9;0,09655923
363347,5;0,09656747
363364;0,09656747
363381,5;0,09657218
363397,2;0,09660069
363414,1;0,09662317
363430,3;0,09663501
363446,9;0,09664924
363463,4;0,09665871
363480,5;0,09665871
363496,8;0,09669076
363513,4;0,09669314
363530;0,09670853
363546,6;0,0967216
363563,2;0,0967335
363580,2;0,09673704
363596,3;0,09674065
363612,8;0,09674779
363629,4;0,09676904
363646;0,09678914
363662,5;0,09680098
363679,1;0,09681393
363695,7;0,096827
363712,2;0,09683768
363729,1;0,09683768
363745,9;0,09687439
363761,9;0,09689349
363778,8;0,09691486
363795,1;0,09691486
363811,7;0,09693269
363829,9;0,09696712
363846,4;0,09698013
363863;0,09700266
363879,6;0,09700266
363896,1;0,0970288
363912,7;0,09704663
363929,3;0,0970691
363946;0,09708095
363962,4;0,09708095
363979,5;0,09708791
363996;0,09709622
364012,4;0,09709622
364028,8;0,09711277
364045,2;0,09714483
364062,1;0,09717798
364078,3;0,09718153
364094,9;0,09719697
364111,5;0,09721829
364128,1;0,09723606
364145,2;0,0972443
364161,2;0,09726318
364177,8;0,09727148
364194,3;0,09728681
364211,1;0,0972939
364228,1;0,09730336
364244;0,09731283
364261,2;0,09733995
364277,2;0,09735893
364293,7;0,09736963
364310,3;0,09739082
364326,9;0,09740029
364343,4;0,09741916
364360;0,09741916
364376,6;0,09743455
364393,1;0,09745696
364409,9;0,09747467
364426,3;0,09748176
364442,8;0,09748176
364459,4;0,09751474
364476,6;0,09752659
364492,6;0,09753478
364509,1;0,09753948
364526,1;0,09755237
364542,2;0,09756289
364559,7;0,09756527
364575,7;0,09757467
364592,1;0,09758286
364608,5;0,09758635
364625,1;0,09758635
364641,6;0,09758873
364658,2;0,09758873
364674,8;0,0975957
364691,3;0,09760499
364707,9;0,09760731
364724,5;0,09760615
364741,6;0,09761079
364757,6;0,09761196
364774,1;0,09761428
364791,5;0,09761073
364807,3;0,09761544
364823,8;0,09762003
364840,4;0,09762003
364857;0,09761997
364873,6;0,0976223
364890,6;0,09762352
364906,9;0,09762352
364923,3;0,0976212
364939,8;0,09761539
364956,8;0,09761307
364973,6;0,09760836
364989,5;0,09760836
365006,1;0,09759663
365022,7;0,09758484
365039,2;0,097573
365055,8;0,09756231
365072,4;0,09755883
365088,9;0,09755174
365105,5;0,09754698
365122;0,09753641
365138,6;0,0975209
365155,3;0,09750668
365171,8;0,09750313
365188,8;0,09750313
365204,9;0,0974748
365222,2;0,09747131
365238,1;0,09746661
365254,6;0,09745714
365272,1;0,09745244
365287,7;0,09745244
365304,3;0,09744658
365320,9;0,09743699
365337,4;0,09744059
365354;0,09744541
365370,5;0,09744541
365387,1;0,09745017
365404,2;0,09745616
365420,5;0,09745616
365436,8;0,09745494
365453,4;0,09746092
365469,9;0,09746335
365486,5;0,09746452
365503,2;0,09746817
365519,7;0,0974694
365536,2;0,09747061
365552,8;0,09747061
365569,4;0,09748385
365586,3;0,09749222
365602,5;0,0974982
365619,1;0,0974982
365637,8;0,09750894
365654,4;0,097509
365671;0,09751377
365688,2;0,0975162
365704,1;0,09751736
365721,4;0,09751382
365737,2;0,09751138
365753,8;0,09750534
365770,3;0,09750064
365787,5;0,097491
365803,5;0,097491
365820;0,09746829
365836,6;0,09745163
365853,2;0,09744332
365869,8;0,09743496
365886,3;0,09742654
365903,1;0,09742654
365919,9;0,09741946
365936;0,09741353
365952,6;0,0973921
365969,2;0,0973471
365985,7;0,09732939
366002,3;0,09732218
366019,2;0,09730674
366035,4;0,09729843
366052;0,09729843
366068,5;0,09727596
366085,1;0,09725813
366101,7;0,09724861
366118,2;0,09724152
366134,8;0,0972309
366151,4;0,09720714
366167,9;0,09719175
366184,5;0,0971835
366201,3;0,0971835
366217,8;0,0971576
366234,7;0,09714338
366250,8;0,09713635
366267,3;0,0971162
366283,9;0,0971162
366300,8;0,09709605
366317,3;0,09706179
366333,9;0,09704994
366350,2;0,09704407
366367,2;0,09703461
366383,7;0,09700749
366400;0,09698862
366416,4;0,09697915
366433;0,09696614
366449,6;0,09695558
366466,4;0,09693908
366482,7;0,09693908
366501,8;0,09692845
366515,8;0,09691551
366532,4;0,09691551
366549;0,09691086
366565,6;0,09691202
366582,1;0,09691202
366598,7;0,0968885
366615,3;0,09687323
366631,8;0,09687212
366648,4;0,09686864
366664,9;0,09686748
366681,5;0,09686283
366698,2;0,09686051
366714,7;0,09685586
366731,2;0,09685464
366747,9;0,0968547
366764,3;0,0968547
366781,4;0,09685121
366797,5;0,09685121
366814;0,09684774
366830,6;0,0968489
366847,2;0,09684774
366863,8;0,09684774
366880,3;0,09684774
366896,9;0,09684657
366913,4;0,09684309
366930;0,09684309
366946,6;0,09684425
366963,3;0,09684425
366979,7;0,09684309
366996,3;0,09684192
367013,3;0,09683961
367030,3;0,09683612
367046;0,09683496
367062,7;0,09682915
367079,4;0,09682915
367095,9;0,0968245
367112,3;0,09681533
367129,5;0,0968084
367145,6;0,09679911
367162,3;0,09679563
367178,5;0,09679563
367195,1;0,09679104
367211,6;0,09679104
367228,2;0,09678412
367245,5;0,09676581
367261,3;0,09675995
367277,9;0,096746
367294,5;0,09673205
367311,1;0,0967134
367327,6;0,09668994
367344,2;0,09667809
367361,1;0,09666741
367378,6;0,09664726
367395,2;0,09664726
367411,8;0,09661868
367428,8;0,09661874
367445,2;0,09660097
367461,6;0,09659261
367478;0,09657948
367494,5;0,09657113
367511,4;0,09657113
367528,2;0,09654964
367544,3;0,0965353
367560,8;0,09652333
367577,4;0,09651265
367593,9;0,09651381
367610,5;0,09647345
367627,1;0,0964508
367643,8;0,09644133
367660,8;0,09642827
367677,4;0,09641996
367693,3;0,09638791
367709,9;0,0963677
367726,5;0,09635718
367743;0,09634656
367759,6;0,09633239
367776,4;0,09631827
367792,7;0,09631827
367809,5;0,09631125
367826,2;0,09631125
367842,4;0,09630771
367859;0,09630185
367875,7;0,09629366
367892,2;0,09627971
367908,7;0,09626118
367925,4;0,0962531
367941,9;0,09625194
367958,4;0,09624735
367975;0,09624735
367991,5;0,09623346
368008,1;0,09622882
368024,7;0,09622417
368041,3;0,09622417
368057,8;0,09622185
368074,5;0,09621145
368090,9;0,0962057
368107,5;0,09620337
368124,1;0,09619646
368141,6;0,09619298
368157,3;0,09619187
368173,9;0,09617572
368190,4;0,09617229
368206,9;0,09616654
368223,5;0,09616426
368240,1;0,09615624
368262,9;0,09615281
368273,2;0,09615165
368289,7;0,0961459
368306,3;0,09613904
368322,9;0,09613904
368339,4;0,09613096
368356;0,09612177
368372,6;0,09611956
368389,3;0,0961173
368405,7;0,0961127
368422,3;0,09610479
368438,8;0,09609909
368455,6;0,09609909
368472;0,09609804
368488,5;0,09609455
368505,1;0,09609117
368521,7;0,09607518
368538,3;0,09605908
368554,8;0,09605571
368571,6;0,09604658
368587,9;0,09602721
368604,9;0,09602036
368621,1;0,09601466
368637,8;0,09600896
368654,2;0,09599186
368671,2;0,0959793
368687,8;0,09597476
368704;0,09596901
368720,5;0,0959622
368737;0,09594616
368753,6;0,09594616
368770,2;0,09593482
368787,2;0,09592347
368803,3;0,09590974
368819,8;0,09590404
368836,4;0,09589149
368853,3;0,09588119
368869,6;0,09587893
368886,1;0,09587096
368902,7;0,09585164
368919,3;0,09583461
368935,8;0,09582321
368953,2;0,09581867
368969,1;0,09580616
368985,6;0,09578463
369002,1;0,09576986
369018,7;0,09576411
369035,3;0,09574717
369051,8;0,0957381
369068,4;0,09572343
369085,5;0,09572343
369101,5;0,09571557
369118,1;0,09571557
369134,7;0,09571557
369151,2;0,09570085
369167,8;0,09567373
369185,9;0,09565569
369202,5;0,09562735
369219;0,09561833
369235,8;0,09560931
369252,1;0,09559348
369268,7;0,09557655
369285,3;0,09556974
369301,8;0,09555845
369318,5;0,09555391
369335;0,0955336
369351,5;0,09551772
369368,5;0,09549847
369384,7;0,09548374
369401,3;0,09547234
369417,9;0,09547007
369434,4;0,0954253
369451;0,09538192
369467,9;0,09536487
369484,3;0,09536487
369500,7;0,09533743
369517,3;0,09528225
369533,8;0,09526853
369550,3;0,09523765
369566,9;0,0952139
369583,6;0,09519216
369600,1;0,09516598
369617,2;0,09515347
369633,5;0,09513992
369649,8;0,09513079
369666,3;0,09508763
369682,9;0,09507854
369699,5;0,09505359
369716,5;0,09505359
369733,4;0,0950423
369749,2;0,0950423
369765,7;0,09502758
369782,3;0,09501623
369799,4;0,09499255
369815,4;0,09494052
369832,1;0,09491219
369848,5;0,09489531
369865,1;0,09488175
369881,7;0,09487384
369898,3;0,09486482
369914,8;0,09482989
369931,5;0,09480958
369948,6;0,09479945
369964,5;0,09479945
369981,2;0,09477914
369997,7;0,09474637
370014,2;0,09473735
370030,8;0,09472495
370047,3;0,09472163
370064,5;0,09470591
370080,5;0,09466534
370097;0,09465633
370113,6;0,09464736
370130,2;0,09464166
370146,8;0,09460568
370163,8;0,09459782
370180;0,09457751
370196,4;0,09457751
370213,1;0,09454829
370229,6;0,09454037
370246,2;0,09452011
370262,8;0,09450323
370279,3;0,09448978
370295,8;0,094474
370312,4;0,09446393
370329;0,09446393
370345,6;0,09443913
370362,8;0,09441771
370378,7;0,09441771
370395,2;0,09440864
370411,9;0,09439967
370428,4;0,09439629
370444,9;0,09435467
370461,5;0,09432207
370478,1;0,09431195
370494,7;0,09430414
370511,2;0,09429517
370527,8;0,09428847
370544,3;0,09425598
370561,4;0,09423815
370577,5;0,0942315
370594,1;0,09422047
370610,6;0,09420935
370627,2;0,09420935
370644;0,09417586
370660,3;0,09416689
370676,9;0,09415908
370693,4;0,09414452
370710,2;0,09413002
370726,7;0,09412332
370743,1;0,09412332
370759,8;0,09410776
370776,3;0,0940864
370793,3;0,09408087
370809,4;0,09406631
370826;0,09406631
370842,8;0,09404742
370859,1;0,09403846
370875,8;0,09402501
370892,3;0,0940172
370908,8;0,09400939
370927,4;0,09400269
370944,5;0,09399711
370960,6;0,09399711
370977,1;0,09398814
370993,9;0,09397922
371010,8;0,093977
371026,8;0,09397147
371043,7;0,09397147
371059,9;0,09396815
371077,1;0,09396145
371093,1;0,09395591
371109,6;0,09395259
371126,2;0,093947
371142,8;0,0939481
371159,4;0,0939481
371175,9;0,09393808
371192,5;0,09393808
371209;0,09393698
371225,6;0,09393366
371242,2;0,09393033
371258,9;0,0939248
371275,3;0,0939248
371291,8;0,09391483
371308,4;0,09390929
371325;0,09390929
371341,7;0,09390597
371358,7;0,09390043
371374,7;0,09389822
371391,3;0,09389711
371407,8;0,09389711
371424,4;0,09388714
371441,3;0,0938805
371458;0,09387723
371474,2;0,09387945
371491,3;0,09387058
371507,2;0,09386726
371523,8;0,09386283
371540,3;0,0938584
371556,9;0,09385619
371573,5;0,09385508
371590,1;0,09385065
371606,6;0,09384622
371623,2;0,09384511
371639,8;0,09384511
371656,3;0,09384068
371673;0,09383958
371689,4;0,09383958
371706;0,09383736
371722,8;0,09382075
371739,2;0,0938141
371755,7;0,09381189
371772,3;0,09381189
371789;0,09380414
371805,4;0,09380081
371824,4;0,09379749
371841;0,09379639
371857,5;0,09379417
371874,3;0,09378863
371890,8;0,09378531
371907,3;0,09378315
371924;0,09377761
371940,7;0,0937754
371956,9;0,09377097
371973,5;0,09377097
371990,3;0,09376764
372006,7;0,09376432
372023,2;0,09376211
372039,8;0,09375989
372056,3;0,09375551
372072,9;0,09375108
372089,5;0,09374776
372106,1;0,09373789
372122,7;0,09373347
372139,4;0,09373347
372155,7;0,09372023
372172,3;0,09371479
372189,1;0,09371479
372205,4;0,09368761
372222;0,09366924
372238,6;0,09365086
372255,2;0,09364009
372271,7;0,09364009
372288,8;0,09360767
372305,3;0,09360661
372321,4;0,09358718
372338;0,09357641
372355,1;0,0935527
372371,2;0,09351062
372387,8;0,09350096
372404,3;0,09348807
372420,8;0,09346119
372437,4;0,0934408
372454,4;0,09343008
372470,7;0,09341614
372487,6;0,09339998
372503,6;0,09337743
372520,2;0,09337743
372536,8;0,09336349
372553,3;0,09332925
372569,9;0,09331219
372586,5;0,09329296
372603;0,09328229
372619,7;0,09326839
372636,2;0,093262
372652,8;0,09325128
372669,4;0,09321594
372685,9;0,09320089
372702,5;0,09318055
372719;0,09315377
372735,6;0,09314314
372752,1;0,09314314
372768,7;0,09310137
372785,9;0,09309065
372801,8;0,0930767
372818,8;0,09304257
372835;0,09301574
372851,6;0,09300396
372868,1;0,09300396
372885;0,0929579
372901,9;0,09293645
372917,8;0,09292049
372934,4;0,0929076
372951;0,09289265
372967,5;0,09289159
372984,1;0,09287765
373001,5;0,09281798
373017,6;0,09275402
373033,8;0,09272633
373050,3;0,09270085
373066,9;0,09270085
373083,5;0,09265824
373100;0,09261684
373116,7;0,09258914
373133,2;0,09256803
373149,8;0,09256481
373166,3;0,09248503
373182,9;0,09246383
373199,4;0,09242796
373216;0,09240464
373232,6;0,09240464
373249,2;0,09232555
373265,7;0,09230872
373282,3;0,0922706
373298,9;0,09225367
373315,4;0,09221651
373332;0,09219756
373348,5;0,09219756
373365,1;0,0921278
373381,7;0,09210034
373398,3;0,09208145
373414,8;0,09203813
373431,4;0,09200548
373447,9;0,09198856
373464,5;0,09197164
373481,5;0,09196534
373497,8;0,09189144
373514,2;0,09189144
373530,9;0,09187341
373547,8;0,09179749
373563,9;0,0917785
373580,9;0,0917785
373597;0,09175951
373619,7;0,09175216
373633,4;0,09168037
373650;0,09162874
373666,5;0,09159394
373683,1;0,09159394
373699,7;0,09155191
373716,2;0,09152028
373732,8;0,09147912
373749,3;0,09144427
373765,9;0,09142528
373782,5;0,09139465
373799;0,09136724
373815,6;0,09132826
373832,9;0,09130734
373848,8;0,09128195
373865,7;0,09124522
373881,9;0,09124522
373898,5;0,0911694
373915;0,09115474
373931,6;0,09111791
373948,2;0,09111369
373964,7;0,09106518
373981,4;0,09106518
373997,9;0,09103017
374014,4;0,09099628
374031;0,09096859
374047,5;0,09095152
374064,1;0,09093657
374081,2;0,0909259
374097,3;0,0909184
374113,8;0,09090974
374130,4;0,09089801
374147,4;0,090896
374163,5;0,09089922
374180,1;0,09090249
374196,7;0,09091321
374213,2;0,09091442
374229,8;0,0909123
374246,4;0,0909123
374262,9;0,09090399
374279,5;0,09085971
374296,1;0,09079167
374312,6;0,09077045
374329,3;0,09073111
374345,8;0,09073111
374362,3;0,09067368
374378,9;0,09063215
374395,5;0,09061395
374412;0,09057558
374429;0,0905534
374445,2;0,09051305
374464,6;0,09049486
374478,3;0,09045143
374494,9;0,09043144
374511,4;0,09043144
374528,1;0,0903509
374544,6;0,09033179
374561,1;0,09031074
374577,7;0,09029365
374594,3;0,09025955
374611,5;0,0902153
374627,4;0,09017809
374644;0,09014087
374660,5;0,09012378
374677,4;0,09008247
374693,7;0,09006428
374710,3;0,09004609
374727,3;0,09001388
374743,6;0,08998172
374760,2;0,08996467
374776,9;0,08993044
374793,1;0,08991124
374809,6;0,08988216
374826,2;0,08984687
374842,8;0,08984687
374859,3;0,08983172
374876;0,08983172
374892,5;0,08983172
374909,5;0,08980342
374925,6;0,08973888
374942,3;0,08969156
374958,7;0,08968756
374975,3;0,08967751
374992,7;0,08964539
375008,5;0,08962321
375025;0,08961619
375041,6;0,08960102
375058,1;0,08958895
375075,3;0,08957393
375091,3;0,08956786
375108,2;0,08954968
375124,4;0,08954968
375141;0,08953056
375157,8;0,08951546
375174,1;0,08950742
375190,7;0,08950035
375207,2;0,08949934
375223,8;0,0894863
375240,3;0,08948428
375256,9;0,08948125
375273,5;0,08948125
375290,1;0,08946715
375306,6;0,08945503
375327,6;0,08944892
375339,8;0,08944594
375356,6;0,08944093
375372,9;0,08943487
375389,5;0,08943285
375406,1;0,0894278
375422,6;0,08942477
375439,2;0,08941972
375455,7;0,0894127
375472,4;0,08941168
375488,9;0,08940865
375505,4;0,08940765
375522;0,08940461
375538,5;0,08940158
375555,1;0,08939148
375571,7;0,08938234
375588,3;0,0893834
375604,8;0,08937936
375622;0,08937633
375638;0,0893733
375654,5;0,08936724
375671,1;0,08936219
375687,7;0,0893632
375704,2;0,08936118
375720,8;0,08935916
375737,4;0,08935612
375753,9;0,08935612
375771,3;0,08933803
375787,1;0,08932209
375803,7;0,08930913
375820,6;0,08929824
375836,8;0,08929824
375853,3;0,08925414
375869,9;0,08925027
375886,5;0,08922009
375903;0,08916868
375919,8;0,08912706
375936,2;0,08909229
375953,2;0,08905743
375969,7;0,08900799
375985,9;0,08898272
376002,4;0,08895077
376019;0,08893424
376036,1;0,08889323
376052,2;0,0888197
376068,7;0,0887655
376085,3;0,08871825
376101,8;0,08870537
376118,8;0,0886688
376135,3;0,08860606
376151,6;0,08857308
376168,4;0,08857308
376185,1;0,08853674
376201,2;0,08839065
376222,3;0,08830764
376238,9;0,08827157
376255,5;0,08825513
376272,1;0,08823694
376288,6;0,08822253
376305,2;0,08821774
376321,8;0,08821008
376338,3;0,08820244
376354,9;0,08819862
376371,5;0,0881929
376388;0,08818433
376404,7;0,08817576
376421,2;0,08817189
376437,7;0,08817097
376454,3;0,08817
376470,8;0,08816811
376487,5;0,08816231
376504;0,08816231
376520,5;0,08816038
376537,5;0,08816038
376553,8;0,08815844
376570,4;0,08815656
376586,8;0,08815656
376603,4;0,08815752
376620;0,08815752
376637,4;0,08815849
376653,6;0,08815656
376669,7;0,08815656
376686,7;0,08815656
376702,8;0,08815362
376719,4;0,08815072
376735,9;0,08815265
376752,5;0,08815072
376769,1;0,08814878
376786;0,08814878
376802,3;0,08814777
376818,8;0,08814676
376835,5;0,08814579
376851,9;0,08814593
376868,4;0,08815278
376885,1;0,08816367
376901,6;0,08816767
376918,2;0,08817557
376934,7;0,08818251
376951,7;0,08819143
376967,8;0,08819143
376984,4;0,08820833
377001;0,08822322
377017,6;0,08822924
377034,1;0,08823121
377050,7;0,08823517
377071,2;0,08823807
377087,8;0,08824009
377104,3;0,08824413
377120,9;0,08825106
377137,5;0,08825603
377154,1;0,08825603
377170,6;0,08825603
377187,2;0,0882581
377204,1;0,0882581
377220,3;0,0882581
377237,3;0,08825708
377253,4;0,08825708
377270;0,08825006
377286,7;0,08824904
377303,2;0,08825106
377320,2;0,08825208
377336,3;0,08824913
377352,8;0,08824808
377369,6;0,08824808
377386;0,08824509
377402,6;0,08824509
377419,1;0,08824509
377435,7;0,08824408
377452,3;0,08824404
377468,8;0,08824312
377485,5;0,08823903
377501,9;0,08823701
377518,5;0,08823402
377535,1;0,08823504
377551,6;0,08823302
377568,2;0,08823293
377584,8;0,08822801
377601,3;0,08822502
377617,9;0,08822401
377634,5;0,088223
377651,6;0,08822199
377667,8;0,08822098
377684,2;0,08821496
377700,8;0,08820991
377717,3;0,08820789
377733,9;0,08820587
377750,9;0,08820693
377767;0,08820991
377784;0,08821883
377800,1;0,08822678
377816,7;0,08824452
377833,3;0,08826117
377850,5;0,08827773
377866,4;0,08829232
377883;0,08829232
377899,5;0,08836575
377916,3;0,08839173
377939,3;0,08843502
377956;0,08847059
377972,5;0,08848791
377989;0,08852738
378006;0,08852738
378022,1;0,08860262
378038,7;0,08860843
378055,3;0,08863163
378071,8;0,08865088
378088,4;0,08865088
378105;0,0886846
378121,9;0,08876375
378138,1;0,08880642
378154,7;0,08882963
378171,2;0,08886048
378188,6;0,08889449
378204,4;0,08889449
378221,5;0,08891193
378237,6;0,08895464
378254,1;0,0889839
378270,6;0,08901004
378287,2;0,08903144
378304,1;0,08904809
378320,3;0,08905683
378337,1;0,08906856
378353,5;0,08910858
378370,1;0,08913305
378386,8;0,08915251
378403,5;0,08916033
378419,8;0,08917882
378436,3;0,08920833
378452,9;0,08920833
378469,4;0,08923092
378486;0,08925164
378502,6;0,08925164
378519,2;0,08929587
378535,7;0,08931454
378552,3;0,08933325
378568,8;0,08934998
378585,4;0,08936478
378602;0,08937462
378618,5;0,08939434
378635,3;0,08940417
378651,7;0,08941902
378668,3;0,08943966
378684,8;0,08943966
378701,3;0,08944954
378717,9;0,08944954
378734,5;0,08944954
378751,5;0,08947624
378768;0,08951366
378792,3;0,08953623
378808,8;0,08954602
378826,5;0,08954994
378843,1;0,0895509
378859,9;0,0895922
378876,3;0,08961586
378892,8;0,08964177
378910;0,08966158
378926;0,08970558
378942,5;0,08974452
378959,1;0,0897741
378975,6;0,08981209
378992,2;0,08983844
379008,8;0,08987118
379025,4;0,08988705
379041,9;0,08992283
379058,5;0,08998699
379075;0,09003541
379091,6;0,09006162
379108,2;0,09006162
379124,7;0,09015127
379141,4;0,09018719
379158,3;0,09021879
379174,4;0,09026814
379191,5;0,09032185
379208;0,09037452
379224,1;0,09040079
379240,7;0,09045648
379257,3;0,09046932
379273,8;0,09052517
379290,4;0,09056744
379306,9;0,09062665
379323,8;0,09065436
379340,1;0,09065436
379356,7;0,09068072
379373,2;0,09068072
379389,8;0,0907675
379406,4;0,09088081
379422,9;0,09092944
379439,8;0,09096124
379456,1;0,09101303
379472,7;0,09103505
379489,2;0,09107396
379505,8;0,0911181
379522,3;0,09116129
379539,2;0,09118654
379556,2;0,09123375
379572;0,0912705
379588,6;0,09130604
379605,2;0,09134791
379621,8;0,09137316
379638,9;0,09141397
379655,5;0,09143061
379671,4;0,09147687
379688;0,09147687
379704,6;0,09152712
379721,1;0,09157948
379737,8;0,0916066
379754,3;0,09162617
379771,3;0,09164564
379787,6;0,09165478
379804,1;0,09165579
379820,6;0,09165267
379837,4;0,09164969
379853,7;0,09164573
379870,8;0,09163871
379886,8;0,09163678
379903,4;0,09163177
379919,9;0,0916189
379936,5;0,09160994
379953,4;0,09160291
379969,6;0,09160098
379986,3;0,09160098
380002,8;0,09159602
380019,6;0,09159303
380036,2;0,09158596
380052,5;0,09158394
380069,3;0,09158495
380085,6;0,09158394
380102,2;0,09158087
380118,7;0,09158091
380135,3;0,09158193
380151,9;0,09157889
380168,6;0,0915799
380185;0,0915799
380202,1;0,09158293
380218,1;0,09158293
380235,2;0,09158293
380251,6;0,09158293
380267,8;0,09158293
380284,4;0,09158193
380301,2;0,09158394
380317,6;0,09158596
380334,1;0,09158495
380350,7;0,09158491
380367,2;0,09158698
380383,8;0,09158798
380400,7;0,091589
380417,2;0,09159
380433,7;0,09158784
380450,1;0,091589
380466,7;0,09159202
380483,2;0,09159405
380499,8;0,09159405
380516,3;0,09159707
380533,2;0,09159804
380556,3;0,09160511
380573,8;0,09160314
380589,4;0,09160718
380606;0,09160718
380622,6;0,09160819
380639,2;0,09160819
380655,7;0,09160819
380672,3;0,09161526
380688,9;0,09161713
380705,4;0,09162233
380722,2;0,09162334
380738,6;0,0916294
380755,5;0,0916294
380772,4;0,09163546
380788,3;0,09163844
380805,1;0,09164556
380821,4;0,09165452
380837,9;0,09165856
380854,5;0,09165346
380871,1;0,09163899
380887,7;0,09163899
380904,5;0,09159934
380921,1;0,0915815
380938;0,09157198
380954,2;0,09149899
380971,1;0,09145778
380987,1;0,09143768
381003,6;0,09143768
381020,5;0,09140489
381036,8;0,09132867
381053,3;0,09130751
381069,9;0,09128621
381086,5;0,09127664
381103;0,09126505
381120;0,09121095
381136,4;0,09113444
381152,7;0,09111112
381169,3;0,09110472
381186,2;0,09101778
381202,8;0,09099753
381219;0,0909519
381235,9;0,0909242
381252,2;0,09090525
381268,9;0,09088071
381285,3;0,09088071
381302,3;0,09083166
381318,4;0,09075721
381335;0,09069853
381352,3;0,09065908
381368,2;0,09065908
381384,7;0,09056414
381401,2;0,09055966
381423,1;0,09049262
381439,7;0,09046049
381456,2;0,09042654
381473,2;0,0903798
381489,6;0,09035869
381506,2;0,09031522
381522,6;0,09028449
381539;0,09025376
381555,6;0,09023473
381572,2;0,09023473
381588,8;0,09016399
381605,8;0,09013043
381621,8;0,09008836
381638,6;0,09008836
381655;0,09006846
381671,7;0,09000966
381688,3;0,08997168
381704,7;0,08994951
381721,9;0,08994951
381738;0,0898896
381754,4;0,08987609
381771,1;0,08986888
381788,1;0,08985143
381804,1;0,08985143
381821,4;0,08985547
381837,5;0,08985749
381854,1;0,08986052
381870,5;0,08987651
381887,2;0,08988349
381903,5;0,08988349
381920,1;0,08988946
381936,7;0,08989442
381953,2;0,08990536
381970,5;0,08992631
381986,6;0,08993535
382003,2;0,08993839
382019,7;0,08994243
382037;0,08994444
382052,6;0,08994444
382069,2;0,0899495
382085,7;0,08995152
382102,6;0,08995657
382119;0,08995657
382135,6;0,08995758
382152,7;0,08996162
382168,6;0,08996263
382185,1;0,08996465
382202,2;0,08996566
382218,3;0,0899697
382235,3;0,0899697
382252,2;0,08997071
382267,9;0,08997172
382289,6;0,08997071
382301,1;0,08997172
382317,7;0,08997273
382334,6;0,08997475
382350,8;0,0899798
382367,4;0,08998384
382383,9;0,08998384
382401;0,08998586
382417,3;0,08998687
382433,6;0,08999091
382450,2;0,08999192
382467,2;0,08999293
382483,3;0,08999192
382499,9;0,08999091
382516,8;0,0899899
382533,6;0,0899899
382549,8;0,08998889
382566,2;0,08998889
382583,3;0,08998889
382599,3;0,08998485
382616,6;0,08998283
382632,4;0,08998384
382649,1;0,08998384
382665,7;0,08998586
382682,1;0,08998687
382698,7;0,08998485
382715,3;0,08998485
382731,8;0,08998485
382748,4;0,08998586
382765,3;0,08998586
382781,5;0,08998586
382798,2;0,08998889
382814,8;0,08998889
382831,3;0,08998788
382847,8;0,08998889
382864,3;0,08998687
382881,1;0,08998485
382897,5;0,08998182
382914,1;0,08997879
382931,1;0,08997677
382947,2;0,08997374
382963,8;0,08997374
382980,8;0,08997273
382996,9;0,08997172
383013,5;0,08997273
383030,3;0,08996768
383046,6;0,08996566
383063,2;0,0899606
383079,8;0,0899606
383096,5;0,08995758
383112,8;0,0899495
383129,4;0,08994444
383146;0,08994344
383162,6;0,08994344
383179,1;0,08994142
383195,7;0,08993839
383212,5;0,08993839
383229,8;0,08993637
383245,4;0,08992828
383262;0,08992223
383278,8;0,08991516
383295,5;0,08991212
383311,9;0,08991111
383328,3;0,08990707
383345,3;0,08990607
383361,3;0,08990607
383378;0,08990102
383394,5;0,08989899
383411,1;0,08989697
383428;0,08989697
383444,2;0,0898899
383460,8;0,08988788
383477,3;0,08988586
383493,9;0,08988384
383510,5;0,08988485
383527,2;0,08988283
383543,6;0,08988081
383560,7;0,08987879
383576,7;0,08987879
383593,3;0,08987778
383609,9;0,0898798
383626,4;0,08987778
383643,1;0,0898798
383659,7;0,0898798
383676,7;0,08987879
383692,7;0,08987879
383709,3;0,08987879
383725,8;0,08987879
383742,4;0,08987677
383759;0,08987576
383775,5;0,08987778
383792,1;0,08987778
383809,1;0,08987778
383825,5;0,08987879
383842;0,0898798
383858,4;0,0898798
383874,9;0,08988081
383891,5;0,08987778
383908,2;0,08987778
383924,6;0,08987677
383941,4;0,08988081
383957,8;0,0898798
383974,4;0,08987778
383991,2;0,08988081
384007,4;0,0898798
384024;0,08987879
384040,6;0,08987879
384057,2;0,08987778
384079,8;0,08987576
384091,5;0,08987778
384108,1;0,08987677
384125,4;0,08987778
384141,3;0,08987475
384157,8;0,08987576
384174,5;0,08987475
384190,9;0,08987172
384207,5;0,0898697
384224,1;0,08986566
384240,6;0,08986566
384257,5;0,08986667
384274,5;0,08986768
384290,3;0,08986768
384306,9;0,08986869
384323,6;0,08986263
384340,5;0,08986364
384356,6;0,08986263
384373,2;0,08986061
384389,8;0,08985859
384406,3;0,08985758
384422,8;0,08985455
384439,4;0,08985455
384456,4;0,08985354
384472,6;0,08985253
384489,1;0,08985253
384505,7;0,08985051
384524,8;0,08985051
384541,3;0,08984344
384557,9;0,08984344
384574,5;0,08984242
384591;0,0898394
384607,6;0,08983333
384624,4;0,0898293
384640,8;0,08982728
384657,3;0,08982424
384673,8;0,08981819
384690,6;0,08981515
384707;0,08981212
384723,6;0,08980909
384740,2;0,08980405
384756,7;0,0898
384773,3;0,08979798
384789,8;0,08979495
384806,4;0,08979293
384823;0,0897899
384839,5;0,08978788
384856,6;0,08978384
384872,7;0,08978287
384889,2;0,08977783
384905,8;0,08977079
384922,4;0,08976877
384938,9;0,08976877
384960,2;0,08975375
384972,1;0,08975077
384993,6;0,08974673
385014,2;0,08974172
385031,4;0,08973873
385048,7;0,08973571
385065,5;0,08973571
385081,8;0,08973571
385098,3;0,08973671
385114,9;0,08973773
385131,5;0,08973773
385148,2;0,08973873
385166,2;0,0897458
385182,7;0,08975187
385200,4;0,0897549
385220,3;0,08975995
385240,4;0,08975995
385258;0,08976707
385274,6;0,08978231
385291,5;0,08979554
385307,7;0,08980059
385324,3;0,08980059
385341,1;0,08981381
385359,5;0,08983223
385377;0,08984036
385393,8;0,08984036
385413,8;0,08984642
385432,3;0,08985864
385452,8;0,08986474
385473,7;0,08986777
385494,3;0,08986984
385512;0,08987898
385529;0,089881
385545,6;0,08988201
385562,3;0,08988201
385578,8;0,08989216
385595,8;0,08989316
385612,2;0,08989821
385628,4;0,08990226
385645,1;0,08990327
385661,7;0,08990528
385678,5;0,0899063
385695;0,0899063
385711,6;0,08990832
385728;0,08991135
385745,1;0,08990928
385761,1;0,08991235
385778,2;0,08991235
385794,8;0,08991235
385810,8;0,0899063
385827,4;0,08990428
385845,8;0,08990327
385860,5;0,08990327
385877;0,08989923
385893,6;0,08989721
385910,2;0,08989721
385927,1;0,08989721
385944,2;0,08989619
385960;0,08988912
385976,4;0,08988609
385993;0,08988307
386010,1;0,08988307
386026,2;0,089876
386042,7;0,08987296
386059,6;0,08986893
386075,8;0,08986589
386092,4;0,08986589
386109,3;0,0898568
386125,6;0,08984978
386142,1;0,08984573
386158,7;0,08984473
386175,4;0,08984573
386194,1;0,08984073
386211,2;0,08983269
386228;0,08983168
386244,3;0,08983067
386261,3;0,08982663
386277,6;0,08982461
386294,5;0,08982259
386311;0,08982158
386327,5;0,08981956
386344,3;0,08981552
386360,7;0,08981451
386377,2;0,08981451
386393,8;0,08981451
386410,4;0,08981451
386427,2;0,08980946
386443,5;0,08980643
386460,1;0,0898034
386476,7;0,08980037
386493,2;0,08979835
386510,1;0,08979835
386526,3;0,08979835
386543;0,08979835
386559,5;0,08979835
386576,1;0,08979633
386592,6;0,08979835
386609,2;0,08979936
386625,7;0,08980542
386642,5;0,08980542
386659;0,08980946
386675,4;0,08980643
386692;0,08980643
386711;0,08981451
386735,2;0,08981754
386751,8;0,08981653
386768,9;0,08981653
386786,1;0,08981754
386802,9;0,08981754
386819,5;0,08981653
386836,1;0,08981653
386852,8;0,08981552
386869,2;0,08981455
386885,8;0,08981355
386902,4;0,08981552
386919,5;0,08981552
386935,8;0,08981451
386952,1;0,08981851
386969;0,08981745
386985,3;0,08981749
387001,8;0,08981749
387018,3;0,08981749
387034,9;0,08981951
387052,2;0,08981951
387068,2;0,08981846
387084,6;0,08981543
387101,2;0,08980942
387117,8;0,08980335
387135;0,08980032
387151,2;0,08979431
387167,8;0,08978926
387184,1;0,08978824
387200,6;0,08978425
387217,3;0,08977819
387233,7;0,08977107
387250,3;0,08976708
387267;0,08975495
387283,4;0,08974683
387300,1;0,08974683
387316,9;0,08971835
387333,2;0,0897093
387349,7;0,08969907
387366,3;0,08969296
387382,8;0,08968382
387399,3;0,08966458
387415,9;0,08965135
387433,1;0,08964832
387449,1;0,08964832
387465,9;0,08962711
387482,2;0,089621
387499;0,08961393
387515,3;0,08960286
387531,9;0,08960286
387548,8;0,08959882
387565,8;0,08958977
387582,2;0,08957356
387600,1;0,08957154
387616,7;0,08956549
387633,3;0,08955543
387650;0,08955543
387666,8;0,0895524
387683,4;0,0895524
387699,6;0,0895524
387716,2;0,08954032
387732,6;0,08953224
387749,3;0,08952517
387766;0,08952016
387782,3;0,08951713
387799,1;0,08951713
387815,5;0,08951516
387832;0,08951414
387848,6;0,08951212
387865,2;0,08951111
387882,1;0,08950809
387898,3;0,08950707
387914,8;0,08950606
387931,4;0,08950505
387948,1;0,08950505
387964,6;0,08950606
387981,1;0,0895061
387997,7;0,08950615
388014,3;0,08950615
388031,5;0,08950514
388047,4;0,08950716
388064,4;0,08951019
388081,2;0,08951019
388097,1;0,08951221
388113,7;0,08951322
388130,2;0,08951823
388146,8;0,08951823
388163,5;0,08951524
388179,9;0,08951326
388196,6;0,08951423
388213,1;0,08951727
388229,6;0,08951625
388246,3;0,08951524
388263,1;0,08951226
388279,3;0,08951226
388296,3;0,08951226
388312,5;0,08951226
388329;0,08951023
388345,6;0,08951023
388362,2;0,08950923
388378,7;0,08950128
388395,3;0,0894993
388411,9;0,0894993
388428,4;0,08949324
388445;0,08949021
388461,6;0,08949021
388478,3;0,08949021
388498,3;0,08948718
388511,8;0,08948318
388527,8;0,08948217
388544,4;0,08947712
388561;0,08947712
388578,3;0,08947317
388594,1;0,08947115
388610,7;0,08946609
388627,2;0,08946311
388643,8;0,08946311
388660,7;0,0894621
388676,9;0,08945907
388693,7;0,08945204
388710,5;0,08944901
388726,6;0,08944599
388743,4;0,08944397
388759,9;0,08944397
388776,3;0,08944194
388793;0,08943693
388809,4;0,08943693
388826;0,08943092
388842,6;0,08943092
388859,7;0,08942991
388875,7;0,0894329
388892,3;0,08943391
388908,9;0,08943693
388925,4;0,08943896
388942;0,08943896
388958,6;0,08943896
388975,1;0,08943795
388991,7;0,08943799
389008,3;0,08943997
389024,8;0,08943693
389041,4;0,08943491
389058;0,08943496
389074,5;0,08943496
389091,9;0,08943193
389107,7;0,08943189
389124,3;0,08942991
389140,8;0,08942793
389157,4;0,08942798
389173,9;0,08942596
389190,5;0,08942596
389207,7;0,08941906
389223,6;0,08941704
389240,2;0,08941405
389256,8;0,08941203
389273,3;0,08941203
389290,6;0,08941001
389306,5;0,08940901
389323,2;0,08940698
389339,8;0,08940698
389356,2;0,08940602
389372,8;0,089408
389391,8;0,08940703
389408,4;0,089404
389425;0,08940602
389441,6;0,08940404
389458,1;0,08940206
389474,9;0,08939908
389491,6;0,0893961
389507,9;0,0893971
389524,3;0,0893971
389540,9;0,08940013
389557,6;0,08939917
389574,1;0,08939917
389590,6;0,08939618
389607,7;0,08939618
389623,8;0,08939416
389640,3;0,0893863
389656,9;0,08938428
389673,5;0,08938428
389690,1;0,08938327
389706,6;0,08938129
389723,2;0,08937528
389740,1;0,08937436
389756,3;0,08937137
389772,8;0,08937137
389789,9;0,08937137
389806;0,08936729
389822,6;0,0893643
389839,1;0,08936131
389856;0,0893603
389872,3;0,08935828
389888,8;0,08936131
389905,5;0,08935837
389922;0,08935635
389938,5;0,08935732
389955,1;0,08935034
389972,2;0,08935025
389988,2;0,08934923
390004,8;0,08934923
390021,4;0,08934423
390037,9;0,08934322
390054,5;0,08934124
390071;0,08933426
390087,6;0,08933127
390104,2;0,08932824
390120,8;0,08932429
390137,3;0,08932025
390153,9;0,08931819
390170,4;0,08931915
390187,6;0,08931617
390203,6;0,08931617
390220,2;0,08931717
390236,7;0,08931717
390253,3;0,08931717
390269,9;0,08931617
390286,4;0,0893152
390308,2;0,08931524
390325,3;0,08931423
390341,5;0,08931823
390357,9;0,08932526
390374,5;0,08932723
390391,1;0,08933224
390407,6;0,08933224
390424,3;0,08933527
390440,8;0,08934638
390457,3;0,08934941
390473,8;0,08935244
390490,4;0,08935244
390507,4;0,08936654
390523,6;0,0893726
390540,1;0,08938169
390557,1;0,0893827
390573,3;0,08939073
390589,9;0,08939574
390606,5;0,08939877
390623,3;0,08940988
390640;0,08941287
390656,2;0,08941792
390672,7;0,08942095
390689,3;0,08942802
390705,9;0,08944111
390722,5;0,08944919
390739,3;0,08945121
390755,5;0,08945525
390772,1;0,08945828
390788,6;0,08946732
390805,2;0,08946935
390822,2;0,08947436
390839,2;0,0894794
390854,9;0,08948037
390871,5;0,0894834
390888;0,0894834
390904,7;0,08948744
390921,2;0,08949351
390937,7;0,08949649
390954,3;0,08949649
390971;0,0894975
390987,6;0,08949351
391004,3;0,08949552
391021,1;0,08949653
391037,1;0,08949653
391053,7;0,0894946
391070,3;0,08949368
391086,8;0,0894917
391103,4;0,0894917
391120;0,0894917
391136,6;0,0894867
391153,1;0,08948766
391170,3;0,08948766
391186,4;0,08948661
391203,2;0,08948556
391219,4;0,08948556
391235,9;0,0894816
391252,5;0,08947958
391269,5;0,08947958
391285,7;0,08946869
391302,2;0,0894657
391319;0,08945582
391335,3;0,08945095
391351,9;0,08944014
391368,5;0,08944014
391385,3;0,08942538
391401,6;0,08940479
391418,2;0,08939495
391434,8;0,08938806
391451,5;0,08938613
391467,9;0,08936351
391484,4;0,08935661
391501;0,08935661
391517,7;0,08935266
391534,1;0,08935266
391551,4;0,08933395
391567,3;0,08930448
391583,8;0,08928977
391600,4;0,08928191
391616,9;0,08928191
391633,5;0,08926816
391650,1;0,08924563
391667,6;0,08923676
391683,2;0,08923087
391700;0,08922499
391716,4;0,08919851
391733,2;0,08918573
391749,5;0,08918573
391766,1;0,08918472
391782,6;0,08914945
391799,6;0,08913974
391816;0,0891329
391832,6;0,08912407
391849;0,08912113
391865,4;0,08909179
391882,5;0,08907326
391898,6;0,08906544
391915,8;0,08905951
391932;0,08905366
391948,3;0,08902626
391965,1;0,08902626
391981,5;0,08901844
391998,4;0,08899108
392015;0,08897641
392031,6;0,08896666
392048,1;0,08896666
392070,2;0,08894408
392081,2;0,08893236
392097,9;0,08891958
392114,3;0,08891769
392130,9;0,08891378
392147,5;0,08891378
392164,3;0,08890689
392180,6;0,08890105
392197,2;0,08888642
392213,8;0,08885599
392230,3;0,08883737
392246,9;0,08883737
392264,2;0,08880786
392280;0,088801
392296,6;0,08879218
392313,2;0,08877733
392329,7;0,08877733
392346,3;0,08875863
392362,8;0,08872907
392379,4;0,08872015
392396,1;0,08871032
392412,5;0,08869942
392429,2;0,08866486
392445,7;0,08864307
392462,3;0,08863319
392478,8;0,08861835
392495,4;0,0886035
392512;0,08857777
392528,5;0,08856785
392545,1;0,08854409
392561,8;0,08853319
392578,2;0,08850645
392594,8;0,08850645
392611,4;0,08848365
392628,5;0,08845402
392644,5;0,08843126
392661,4;0,08842134
392677,6;0,08839455
392694,2;0,08838265
392710,8;0,08835981
392727,7;0,08833802
392744,1;0,08831923
392760,4;0,08830439
392777;0,08830439
392793,6;0,08829451
392810,5;0,08829446
392826,7;0,08826771
392843,3;0,08821826
392859,9;0,08820834
392876,8;0,08818857
392893,1;0,08817966
392909,5;0,08816187
392926,3;0,08815392
392943,1;0,08813917
392959,7;0,08813333
392976,3;0,08812046
392992,9;0,08810772
393009,5;0,08809789
393026,2;0,08808124
393042,5;0,08807535
393059,3;0,08806262
393075,7;0,08805384
393092,2;0,08804211
393108,8;0,08802938
393125,4;0,08801765
393142,2;0,08801374
393158,5;0,08800004
393175,1;0,08798541
393191,6;0,08798054
393208,8;0,08796587
393225,1;0,08795608
393241,5;0,0879483
393257,9;0,0879483
393274,4;0,0879317
393291,3;0,0879249
393307,6;0,08791616
393324,1;0,08791616
393340,7;0,08790645
393357,3;0,08790448
393373,8;0,08790254
393390,4;0,08790351
393407;0,08790351
393423,6;0,08790351
393440,7;0,08790351
393456,7;0,08790351
393473,3;0,08790061
393489,8;0,08790061
393506,5;0,08789771
393523,4;0,08790158
393539,6;0,08789964
393556,6;0,08789964
393572,6;0,08790254
393589,2;0,08790448
393605,8;0,08790641
393622,3;0,0879093
393638,9;0,08791123
393655,8;0,08791317
393672,6;0,08791317
393688,9;0,0879151
393705,2;0,08791317
393721,8;0,08791901
393739;0,08791901
393754,9;0,08792191
393771,5;0,08792287
393788;0,08792771
393804,6;0,08793157
393821,1;0,08793543
393837,7;0,0879393
393854,8;0,0879422
393871,2;0,0879422
393887,4;0,08795375
393904;0,08795471
393920,5;0,08796148
393937,8;0,08796245
393953,7;0,08796632
393970,3;0,08797018
393986,9;0,08797018
394003,4;0,08797883
394019,9;0,08798753
394037,5;0,08799043
394053,1;0,08799531
394069,7;0,08799724
394086,4;0,08799627
394102,9;0,08799917
394119,5;0,0880079
394135,9;0,08801375
394152,5;0,08801761
394169,5;0,08802148
394185,6;0,08802732
394202,8;0,08803219
394218,9;0,08803219
394235,3;0,08803803
394251,9;0,08804677
394268,4;0,08804967
394285,1;0,08805266
394302,1;0,08805459
394318,2;0,08806232
394335,1;0,0880672
394351,3;0,08807501
394367,8;0,08807993
394384,4;0,08808674
394401;0,08809745
394417,8;0,08809745
394434,7;0,08810716
394450,7;0,08811498
394467,3;0,08812569
394484;0,0881325
394500,4;0,08813936
394517,5;0,08814423
394533,5;0,08815402
394550,1;0,0881618
394566,8;0,0881618
394583,2;0,08816966
394600;0,08818428
394616,4;0,08819108
394632,9;0,08819592
394650;0,08820075
394666,1;0,08820756
394683;0,0882105
394699,2;0,0882105
394715,7;0,08821146
394732,3;0,0882144
394749,1;0,08822314
394769,2;0,08822995
394782,4;0,08823387
394798,6;0,0882358
394816,1;0,08824164
394831,7;0,08824454
394848,3;0,08824646
394865;0,08824651
394881,6;0,08825138
394898,3;0,08825235
394914,6;0,08825722
394931,1;0,08826109
394947,7;0,08826403
394964,2;0,08826698
394980,8;0,08827282
394997,5;0,0882816
395014,5;0,08828547
395030,8;0,08828547
395047,1;0,08830106
395063,9;0,08830298
395080,2;0,08831177
395096,9;0,0883166
395113,3;0,08832148
395130,1;0,08833601
395146,5;0,08833794
395163,1;0,08835055
395179,6;0,08835639
395196,2;0,08836228
395212,8;0,08836228
395229,3;0,08836715
395245,9;0,08837299
395262,4;0,08839139
395279;0,08839236
395295,6;0,08839719
395312,1;0,0884069
395328,7;0,08841274
395345,3;0,08841274
395361,8;0,08841371
395378,5;0,08841564
395395;0,08841858
395411,5;0,08843026
395428,1;0,08843412
395444,8;0,08843702
395461,3;0,08843702
395477,8;0,08843993
395494,5;0,08844282
395510,9;0,08844673
395527,9;0,08844673
395544,1;0,08844673
395560,6;0,0884487
395577,8;0,08844967
395593,8;0,0884516
395610,3;0,0884516
395626,9;0,08845358
395644;0,08845653
395662,6;0,0884556
395679,2;0,08845753
395695,8;0,08846043
395712,3;0,0884614
395728,9;0,08846328
395745,4;0,08846522
395762;0,08846522
395779,2;0,08847009
395795,2;0,08847396
395811,8;0,08847589
395828,3;0,08847396
395844,9;0,08847594
395862,2;0,08847786
395878;0,08848178
395895,2;0,08848274
395911,2;0,08848371
395927,8;0,0884866
395944,3;0,08849052
395960,8;0,08849052
395977,4;0,08849153
395994,8;0,08849443
396011;0,08849443
396027,1;0,08849539
396043,7;0,08849745
396060,3;0,08849451
396077,3;0,08849451
396093,9;0,08849355
396109,9;0,08849737
396126,5;0,0884993
396143,1;0,08849737
396159,6;0,08849737
396176,2;0,08849741
396192,8;0,08849741
396209,3;0,0884964
396226,3;0,08849741
396242,5;0,0884964
396259;0,08849645
396275,6;0,08849737
396292,2;0,08849539
396308,7;0,0884935
396325,3;0,08849451
396341,8;0,08849543
396358,4;0,08849341
396375,1;0,08849341
396391,6;0,08849346
396408,5;0,0884895
396425,1;0,08849047
396441,9;0,08848366
396457,8;0,08848555
396474,4;0,08848261
396491,2;0,08847874
396507,5;0,08847677
396525,8;0,0884748
396540,8;0,08847282
396557,3;0,08847278
396573,8;0,08847278
396590,4;0,0884748
396606,9;0,08847484
396623,5;0,08847484
396640,1;0,08847585
396656,9;0,08847976
396673,2;0,08848959
396689,8;0,08849754
396706,4;0,08850246
396722,9;0,08850545
396739,5;0,08850738
396756,6;0,08851032
396772,6;0,08851032
396789,2;0,08851516
396806,6;0,08852297
396822,3;0,08852398
396839,1;0,08852793
396855,7;0,08853193
396872;0,08853193
396888,6;0,08854559
396905,1;0,08854954
396921,7;0,08855253
396938,3;0,08855648
396955,1;0,08856145
396971,4;0,08856539
396988;0,08856935
397004,7;0,0885733
397021,4;0,0885733
397037,7;0,08857726
397054,2;0,08858213
397070,8;0,08858507
397087,4;0,08858709
397103,9;0,08858709
397120,5;0,08859403
397137,1;0,08859605
397153,6;0,08860105
397170,2;0,08860105
397186,8;0,08860014
397203,3;0,088604
397220,2;0,08860496
397236,5;0,08860404
397253,3;0,08860501
397269,8;0,08860501
397286,2;0,08860501
397302,8;0,08860501
397319,6;0,08860308
397335,9;0,08860703
397352,4;0,08860703
397369;0,08860993
397385,6;0,08860795
397402,2;0,08860795
397418,7;0,08861085
397435,8;0,08861186
397452,6;0,08861581
397469;0,08861774
397485,8;0,08861876
397502,2;0,0886246
397518,7;0,08863343
397535,6;0,0886383
397551,8;0,0886383
397568,5;0,08865108
397585;0,08866978
397601,6;0,08867572
397618,1;0,08868454
397635,3;0,0886953
397651,3;0,08870022
397667,8;0,08870022
397684,6;0,08871797
397700,9;0,08872481
397717,5;0,08872877
397734,3;0,08874862
397750,7;0,08876149
397767,2;0,08876944
397784,1;0,08876944
397800,3;0,08878428
397816,9;0,08879025
397833,5;0,08879127
397850;0,08881292
397866,8;0,08882582
397883,2;0,08882982
397899,7;0,08882982
397916,3;0,08883773
397932,9;0,08883975
397949,4;0,08884871
397966;0,08886355
397982,6;0,08888634
397999,2;0,08888634
398015,7;0,08888933
398032,3;0,08890913
398048,8;0,08892394
398065,4;0,08892987
398082,2;0,08893676
398098,5;0,08894374
398115,1;0,08895762
398131,7;0,08896856
398148,2;0,08897444
398165;0,08897444
398181,4;0,08898419
398198,6;0,08898815
398214,6;0,08899701
398231,1;0,08900294
398248,3;0,08901089
398264,2;0,08901884
398280,8;0,08902086
398297,8;0,08902477
398313,9;0,0890336
398330,5;0,08903658
398347;0,0890376
398363,8;0,08904054
398380,2;0,08904054
398397,3;0,08904054
398413,3;0,08904251
398429,9;0,0890455
398447,2;0,08904845
398463;0,08904845
398479,8;0,08905139
398496,1;0,08905433
398512,7;0,08905731
398529,3;0,08905635
398545,8;0,08905538
398562,4;0,08905736
398579;0,08905736
398595,5;0,08905433
398612,3;0,0890523
398628,7;0,08904734
398645,3;0,08904243
398661,8;0,0890405
398678,4;0,08903649
398695,1;0,08903355
398712,1;0,08902666
398728,1;0,0890188
398745,1;0,08901194
398761,3;0,08901002
398777,8;0,08901002
398794,5;0,08899543
398810,9;0,08899346
398827,5;0,08899056
398844,1;0,0889719
398860,8;0,08896022
398877,3;0,08895538
398893,8;0,08895538
398910,5;0,08894075
398926,9;0,08891634
398943,4;0,08890667
398960,1;0,08890276
398976,6;0,08889112
398993,1;0,08886212
399009,7;0,08883699
399026,3;0,08882064
399043,1;0,08881295
399059,4;0,08879849
399076,2;0,08875911
399092,6;0,08874369
399109,1;0,08871687
399125,7;0,08871687
399142,3;0,08866219
399158,8;0,0886545
399175,4;0,08863912
399192;0,08862571
399208,7;0,08862571
399225,1;0,08861041
399241,6;0,08858549
399258,2;0,08856074
399274,9;0,08848757
399291,3;0,08847139
399308,2;0,08844382
399324,6;0,08844382
399341,3;0,08842293
399357,8;0,0883859
399374,2;0,08836023
399390,8;0,08834594
399407,3;0,08831459
399423,8;0,08829559
399440,4;0,08827277
399457,3;0,08823759
399473,6;0,08823759
399490,3;0,08821002
399506,7;0,08817951
399523,3;0,08817951
399539,8;0,08811843
399556,4;0,08808494
399573,5;0,08806283
399589,5;0,0880284
399606,1;0,0880284
399622,7;0,08795476
399639,2;0,08795296
399656,2;0,08791198
399672,4;0,08787368
399688,9;0,08783913
399705,6;0,0878113
399722,1;0,08779217
399738,8;0,08775187
399755,2;0,08771256
399771,9;0,0876857
399788,3;0,08764459
399805,2;0,08764459
399821,5;0,08762269
399838;0,08762079
399854,6;0,08762079
399871,5;0,08755765
399887,7;0,08747047
399904,3;0,08740148
399921,2;0,08737382
399937,4;0,0873576
399954;0,08731648
399970,7;0,08729433
399987,1;0,08728575
400003,7;0,08720807
400021,1;0,08716872
400036,8;0,08714771
400053,4;0,08714771
400070,1;0,08709688
400094,7;0,08704892
400103,3;0,08702589
400119,9;0,08699041
400136,4;0,08696549
400153;0,08693392
400169,6;0,08689953
400186,2;0,08687655
400203;0,0868565
400219,3;0,08682207
400236,6;0,08678383
400252,4;0,08676175
400269;0,08674069
400285,6;0,08673687
400302,1;0,08666814
400318,7;0,08664919
400335,3;0,08661493
400351,8;0,08659303
400368,8;0,08655326
400385,1;0,08652304
400401,5;0,08648995
400418,3;0,08645876
400434,7;0,08645876
400451,2;0,08643892
400467,8;0,08643892
400484,3;0,08641621
400501,4;0,08639835
400517,5;0,08633491
400534,1;0,08623972
400550,6;0,08620679
400567,2;0,08616723
400583,8;0,08614267
400600,3;0,08612392
400616,9;0,08611825
400633,6;0,08604387
400650,2;0,08600906
400666,6;0,08598644
400683,1;0,08596776
400699,8;0,08592743
400716,3;0,08592743
400732,8;0,08586736
400749,4;0,0858598
400766;0,08582423
400782,6;0,08579795
400799,1;0,08577546
400815,9;0,08575574
400832,4;0,08575574
400848,8;0,08572106
400865,4;0,08569121
400882;0,08566038
400898,5;0,08563886
400915,1;0,08563886
400931,8;0,08560619
400948,2;0,08558651
400964,8;0,08556326
400981,8;0,08555018
400997,9;0,08552881
401014,5;0,08551586
401031;0,08550653
401047,8;0,08550653
401064,2;0,08548054
401080,8;0,08547873
401097,3;0,08547499
401113,9;0,08547407
401130,4;0,08547407
401147;0,08545556
401163,7;0,08543701
401180,2;0,08543239
401196,7;0,08542499
401213,3;0,08542314
401230,6;0,08542036
401247;0,08541851
401263;0,08541019
401279,5;0,08540653
401296,1;0,08540009
401312,7;0,08540009
401329,3;0,08539454
401346,2;0,08539454
401362,7;0,08539362
401378,9;0,08539084
401395,8;0,08539269
401412,1;0,08539362
401429,1;0,08539269
401445,5;0,08539269
401462,5;0,08539362
401478,3;0,08539269
401494,9;0,08539177
401511,8;0,08538899
401528;0,08538899
401544,6;0,08539177
401561,2;0,08539084
401577,8;0,08539084
401594,3;0,08539084
401610,9;0,08539362
401627,5;0,08539362
401644,1;0,08539546
401660,8;0,08539732
401677,2;0,08539639
401693,7;0,08539824
401710,3;0,08539917
401726,8;0,08540101
401743,9;0,08540009
401760;0,08540287
401776,6;0,08540287
401793,3;0,08540379
401809,7;0,08540842
401826,3;0,0854167
401842,8;0,0854167
401859,6;0,08542407
401879;0,08542684
401895,6;0,08542869
401912,1;0,08543509
401929,5;0,08543509
401945,3;0,08543786
401962,4;0,08544064
401978,4;0,08544434
401995;0,08544619
402011,5;0,08544619
402028,1;0,08544989
402044,7;0,08544989
402061,3;0,08545174
402077,8;0,0854554
402094,4;0,08545633
402111,7;0,08545633
402127,5;0,08545633
402144,1;0,08545817
402162,1;0,08546003
402178,7;0,08546188
402195,3;0,08546188
402211,8;0,08550164
402228,5;0,08553918
402245,3;0,08558547
402261,5;0,08561052
402278,6;0,08566912
402295,6;0,08572992
402311,3;0,085777
402328;0,0858259
402344,4;0,08588261
402361,1;0,08593349
402377,5;0,08593349
402394,1;0,08596674
402410,8;0,08597646
402427,2;0,0860772
402443,8;0,08618169
402460,3;0,08625311
402476,9;0,08632639
402493,5;0,08636342
402510;0,08636342
402526,8;0,08650471
402543,6;0,0865516
402559,8;0,08660896
402576,3;0,08666957
402593;0,08674568
402610;0,08678195
402626;0,08679946
402642,6;0,08689829
402659,2;0,08697241
402675,7;0,08700848
402692,3;0,08708653
402708,9;0,08714222
402726;0,08720102
402745,4;0,08723603
402762;0,08733503
402778,8;0,08738393
402795,5;0,08745249
402811,7;0,08745249
402828,3;0,08749667
402844,8;0,08759553
402861,4;0,08766757
402878;0,0877017
402894,5;0,0877017
402911,1;0,08773495
402927,8;0,08781678
402944,3;0,08794973
402961,3;0,08795369
402977,5;0,08802621
402993,9;0,0881004
403010,5;0,08813558
403027,1;0,08815919
403043,6;0,08816878
403060,5;0,08820717
403076,8;0,08829068
403093,3;0,08844569
403109,9;0,08849292
403126,5;0,08852946
403143;0,08853645
403159,6;0,0886598
403176,2;0,0887379
403193,5;0,08879714
403209,8;0,08879714
403225,9;0,08884877
403242,8;0,08898054
403259;0,08902407
403275,6;0,08906378
403292,2;0,08906879
403308,7;0,0892197
403325,3;0,08927035
403341,8;0,08933082
403358,4;0,08936552
403375,2;0,08937237
403391,5;0,08945031
403408,4;0,08955397
403425,6;0,08963482
403441,4;0,08963482
403457,8;0,08970967
403474,4;0,08978711
403490,9;0,08986368
403507,5;0,08992442
403524,6;0,08997922
403540,7;0,09002307
403557,2;0,09009816
403574,4;0,09017924
403590,3;0,09022148
403613,5;0,09030251
403625,3;0,09037071
403642,1;0,09038673
403658,4;0,09042464
403675;0,09042464
403691,6;0,09042878
403708,1;0,09045179
403724,7;0,09063337
403741,7;0,09079905
403757,8;0,09080314
403774,6;0,09088123
403791;0,09094362
403807,5;0,09099215
403824,1;0,0910436
403840,6;0,0910436
403857,2;0,09113948
403874;0,09121058
403890,5;0,09121058
403907,1;0,09127679
403923,6;0,09137558
403940;0,09139418
403956,6;0,09145459
403973,2;0,09150879
403990;0,09157487
404006,3;0,09160943
404022,9;0,09160943
404039,4;0,09172022
404056,2;0,09176941
404073;0,09180885
404089,2;0,09183351
404105,7;0,09186424
404122,3;0,0919679
404139;0,09199744
404155,4;0,09203491
404172;0,09212511
404188,5;0,09215447
404205,1;0,09218199
404222,3;0,09219122
404238,3;0,09221502
404254,8;0,09221502
404271,4;0,0922327
404288,4;0,09223689
404304,5;0,09223689
404321,1;0,092239
404337,9;0,09224217
404354,3;0,09224746
404370,8;0,0922464
404387,4;0,09224746
404404,3;0,09225063
404420,7;0,09225063
404437;0,09225063
404453,6;0,09225063
404470,2;0,09224957
404491,5;0,09225063
404506,3;0,09224746
404523,2;0,09224851
404539,7;0,0922464
404556,1;0,0922464
404572,5;0,09224535
404589,1;0,09224535
404605,7;0,09224323
404622,2;0,09224217
404639,2;0,09224106
404655,3;0,09224217
404671,9;0,09224006
404688,5;0,09223689
404705,1;0,09223689
404721,6;0,09223266
404738,2;0,09223478
404755,4;0,09223583
404771,5;0,09223583
404788,3;0,09223689
404804,9;0,09223689
404821,1;0,09223794
404837,6;0,092239
404854,2;0,09224006
404870,7;0,09224323
404888,1;0,09224323
404903,9;0,09224535
404920,8;0,09224429
404937;0,09224535
404953,8;0,09224535
404970,3;0,09224535
404986,7;0,0922464
405004;0,09224429
405019,8;0,0922464
405036,7;0,0922464
405053,1;0,0922464
405069,5;0,09224535
405086,3;0,09224535
405103,3;0,09224535
405119,5;0,09224323
405136,1;0,09223583
405153;0,09223372
405169,2;0,09223266
405185,7;0,09221997
405202,3;0,09221569
405218,9;0,09220824
405235,7;0,09220824
405252;0,09219657
405268,8;0,09219128
405285,1;0,092186
405301,7;0,09217538
405318,3;0,09217221
405335;0,09216587
405354;0,09215947
405368;0,09215947
405385,3;0,09214351
405401,5;0,092135
405417,7;0,09213073
405434,5;0,09210002
405450,9;0,09207699
405467,4;0,09205835
405483,9;0,09205835
405500,5;0,09200417
405517,1;0,0919156
405533,9;0,09187143
405550,2;0,09187143
405566,8;0,09178974
405583,3;0,09178974
405599,9;0,09174132
405616,5;0,09169687
405633;0,09159009
405650,2;0,09138885
405667,1;0,09123188
405683;0,09112749
405699,3;0,09112749
405715,9;0,09102853
405732,4;0,09099633
405749;0,09093231
405765,6;0,0908154
405782,1;0,09072992
405798,7;0,09067649
405815,3;0,09060571
405831,8;0,09054825
405848,4;0,09048409
405865,4;0,09043235
405881,5;0,09036407
405898,1;0,09031239
405914,7;0,0902543
405931,5;0,09020432
405947,8;0,09018489
405964,3;0,09016725
405981,1;0,09014773
405997,5;0,09014047
406014,1;0,0901373
406031;0,09013412
406047,2;0,09013412
406063,9;0,09013624
406080,3;0,09014047
406096,9;0,09014152
406113,9;0,09014152
406130,2;0,09014575
406146,6;0,09014681
406163,3;0,09014787
406179,8;0,09014998
406196,4;0,09014998
406212,9;0,09015103
406229,4;0,09015799
406246,3;0,09015421
406262,6;0,09015421
406285,4;0,09015843
406295,7;0,09015949
406312,3;0,09016266
406329,2;0,09016161
406345,6;0,09016266
406362;0,09016584
406378,5;0,09016795
406395,1;0,09016901
406411,8;0,09016901
406428,2;0,09017112
406444,8;0,09017386
406461,4;0,09017324
406478,6;0,09017324
406494,9;0,09017958
406511,1;0,09018064
406528;0,09018486
406544,2;0,09018803
406560,9;0,09019121
406577,8;0,09019332
406593,9;0,09019332
406610,5;0,0902015
406627;0,09020389
406643,6;0,090206
406660,3;0,09021552
406676,8;0,09021552
406693,3;0,09022609
406709,9;0,09023248
406726,4;0,09023882
406743,1;0,09024516
406759,6;0,09024945
406776,1;0,09025262
406792,7;0,09025262
406809,5;0,09025367
406825,8;0,09026314
406842,4;0,0902653
406859,1;0,0902653
406875,6;0,09026847
406892,2;0,09027059
406908,7;0,09028178
406925,2;0,09029265
406941,8;0,09029173
406958,4;0,09029384
406974,9;0,09029596
406991,5;0,09030019
407008,1;0,09030626
407024,7;0,09030335
407041,2;0,09030335
407057,8;0,0903023
407074,3;0,09030397
407091,5;0,09029283
407107,5;0,09027629
407124;0,09027629
407147,3;0,09024179
407164,1;0,09014139
407181,1;0,09008072
407197,6;0,09004465
407213,8;0,09004465
407230,3;0,08990787
407246,9;0,08984034
407263,6;0,08975459
407280,8;0,08975459
407296,6;0,08966877
407313,2;0,08958233
407329,7;0,08949601
407346,5;0,08944152
407362,8;0,08936559
407379,4;0,08931956
407396,1;0,08923692
407412,6;0,08919173
407429,1;0,089114
407445,9;0,0890398
407462,3;0,08900499
407478,9;0,08900499
407495,4;0,08898071
407512;0,08896408
407528,9;0,0889568
407545,1;0,08893652
407561,8;0,08888783
407578,4;0,08886991
407594,8;0,08887386
407611,4;0,08887386
407628,3;0,08888443
407644,8;0,08888794
407661,3;0,08889206
407677,7;0,08890021
407694,5;0,08890021
407710,8;0,08890688
407727,3;0,08891527
407743,9;0,08892059
407760,5;0,08892059
407777,3;0,08892414
407793,6;0,08892946
407810,2;0,08892946
407826,7;0,08892816
407843,3;0,08893301
407860,5;0,08892922
407876,4;0,08893212
407893;0,08893123
407909,5;0,08891963
407926,1;0,08889303
407942,7;0,08889303
407959,3;0,0888844
407975,9;0,08877756
407992,7;0,08874395
408014,7;0,0886509
408031,2;0,08857873
408047,8;0,08854035
408064,4;0,08854035
408081,1;0,08841107
408097,5;0,08838671
408114,1;0,08831221
408131;0,08827293
408147,6;0,08823652
408163,8;0,08823652
408180,3;0,08820103
408197,1;0,08805741
408213,5;0,08794726
408230,2;0,08790845
408246,6;0,08784346
408263,2;0,08780692
408279,7;0,08774295
408296,3;0,08769375
408312,9;0,08764336
408329,4;0,0875724
408346;0,08753666
408362,6;0,08750817
408379,1;0,08749828
408396,3;0,08737271
408412,3;0,08734699
408428,8;0,08727591
408445,6;0,08727591
408462;0,08723041
408478,6;0,08713662
408495,1;0,08707542
408512;0,08704272
408528,2;0,0870319
408545,2;0,08690831
408561,7;0,08687771
408578,7;0,08680146
408594,5;0,0867677
408611,1;0,08670439
408627,7;0,08665282
408644,2;0,08663791
408660,8;0,08660111
408677,4;0,08649585
408694;0,08644705
408710,5;0,08639014
408727,1;0,08639014
408743,6;0,08624794
408760,3;0,086237
408776,7;0,08618023
408793,3;0,0861524
408809,9;0,08614554
408826,4;0,08611467
408843;0,08597073
408859,6;0,08590732
408876,1;0,08584454
408892,9;0,08580263
408913,7;0,085757
408930,3;0,08573805
408946,8;0,0856666
408963,3;0,08561271
408979,9;0,08559781
408996,5;0,08548258
409013,1;0,08542394
409029,6;0,08539511
409046,2;0,08539511
409062,8;0,08530983
409079,3;0,0852515
409096;0,08522197
409112,5;0,08519191
409129;0,08519191
409145,9;0,08518431
409163,2;0,08519094
409178,8;0,08520788
409195,4;0,0852237
409211,9;0,08523114
409228,4;0,08529018
409245,4;0,08531212
409261,6;0,08533961
409278,1;0,08535708
409294,9;0,08539642
409311,7;0,08542754
409328,5;0,08545499
409344,4;0,08549522
409361;0,08551528
409377,5;0,08554643
409394,1;0,08555742
409410,7;0,08557582
409427,6;0,08557582
409443,8;0,08559491
409460,3;0,08560678
409476,9;0,08563805
409493,5;0,08572413
409510,9;0,08577634
409526,9;0,08577634
409543,5;0,0858287
409559,9;0,08585611
409576,3;0,08586799
409592,9;0,08589258
409609,9;0,08589258
409626;0,08591533
409642,6;0,08594081
409659,2;0,08595438
409675,8;0,08596254
409692,3;0,08596701
409709;0,08599897
409725,5;0,08601455
409742;0,08602276
409758,9;0,08603092
409775,1;0,08604642
409795,6;0,08605286
409808,4;0,08606284
409824,9;0,08608486
409841,4;0,08610313
409858;0,0861233
409874,8;0,0861369
409891,1;0,08615151
409907,7;0,08616145
409924,3;0,08616962
409941;0,08618423
409957,4;0,08621342
409974,2;0,0862308
409990,5;0,08624275
410007,1;0,08624275
410023,6;0,08627129
410040,2;0,08628508
410056,8;0,08628508
410074,2;0,08629345
410089,9;0,08629345
410106,5;0,08631928
410123,1;0,08634616
410139,6;0,0863536
410156,2;0,08637227
410172,7;0,08638354
410189,5;0,08639657
410206;0,08640405
410222,4;0,08641612
410239;0,08642074
410255,6;0,08643386
410272,5;0,08644702
410288,7;0,08645357
410305,3;0,08646488
410321,9;0,0864695
410338,6;0,0864695
410354,9;0,08648632
410371,5;0,08649287
410388,1;0,08650036
410404,7;0,08650503
410421,2;0,08651818
410437,8;0,08652008
410454,6;0,08652945
410471,6;0,08653971
410487,5;0,08654063
410504,1;0,08654534
410520,6;0,0865556
410537,2;0,0865556
410553,9;0,08655652
410570,3;0,08655652
410586,9;0,08656026
410603,5;0,08657052
410620;0,08657145
410636,6;0,086578
410653,2;0,08658368
410678,7;0,08659969
410695,4;0,08660625
410711,8;0,08660814
410728,4;0,08661289
410745;0,0866213
410761,8;0,08664576
410778,1;0,08665518
410795,2;0,08666459
410811,3;0,08666648
410828;0,08667115
410844,4;0,08668616
410861,7;0,08669372
410877,5;0,0866994
410894,2;0,0866994
410910,7;0,08671159
410927,2;0,08671819
410943,8;0,086721
410960,5;0,086721
410976,9;0,08672293
410993,5;0,08673331
411010,8;0,08673613
411027,5;0,08673609
411043,2;0,08673798
411059,7;0,08674075
411076,3;0,08674643
411093;0,08674739
411109,4;0,0867521
411126;0,0867521
411142,6;0,08674828
411159,2;0,08674357
411175,7;0,08673126
411192,3;0,08671714
411208,8;0,08671714
411225,5;0,08670398
411242,1;0,08669267
411258,7;0,08669267
411275,4;0,08667754
411291,8;0,08667091
411308,4;0,08666237
411324,9;0,08666237
411341,6;0,08665767
411358,1;0,08665767
411374,6;0,08665014
411392;0,08663883
411409,3;0,08661892
411425,8;0,08660576
411442,3;0,08660004
411458,9;0,08660004
411475,5;0,08658689
411492,1;0,08657465
411509;0,08657091
411525,2;0,08656431
411547,7;0,08655578
411564,8;0,08655301
411581,3;0,08655296
411597,7;0,08655204
411614,5;0,08655675
411631,5;0,08655961
411647,4;0,08656146
411663,9;0,08656427
411680,5;0,08656801
411697,3;0,08656709
411713,7;0,08656994
411730,2;0,08657369
411746,8;0,08657369
411763,4;0,08658028
411780,4;0,08658499
411796,7;0,08658684
411813,1;0,08658773
411830;0,08658773
411846,5;0,08659051
411863;0,08658957
411879,6;0,08659051
411896,2;0,08659336
411912,7;0,08659428
411929,3;0,08660181
411945,9;0,08660278
411962,4;0,08660559
411979;0,08660559
411995,6;0,08660655
412012,2;0,08660655
412029,5;0,08661126
412045,3;0,08661597
412062,3;0,08661968
412078,6;0,08662535
412095;0,08662728
412111,5;0,08662728
412128,1;0,08662816
412144,7;0,08663106
412161,3;0,08662531
412177,8;0,08662245
412194,5;0,08662342
412210,9;0,08662631
412227,5;0,08662635
412244,1;0,08662732
412260,6;0,0866216
412277,2;0,08661871
412293,8;0,0866177
412310,3;0,08661862
412327;0,08661669
412343,4;0,08661762
412360;0,08661762
412384,7;0,08661951
412401,2;0,08661955
412417,8;0,08662325
412434,3;0,08662325
412450,9;0,08662228
412467,5;0,08662128
412484;0,08662128
412500,6;0,08661943
412517,2;0,08661749
412533,7;0,08662128
412550,3;0,08662594
412566,9;0,08662594
412583,4;0,0866325
412600;0,08663628
412617,3;0,08663628
412633,1;0,08664007
412650,3;0,08664007
412666,3;0,08663725
412683,5;0,08663347
412700,3;0,08662115
412716,7;0,0866193
412733,2;0,0866193
412750,1;0,08661552
412766,4;0,08661178
412783;0,08660804
412799,5;0,08660518
412816;0,08659568
412816;0,08659282
412836;0,08659463
412852,8;0,08659463
412869,2;0,08659371
412885,8;0,08659085
412902,4;0,08659085
412918,8;0,08659089
412935,4;0,08659089
412952,1;0,08658896
412968,6;0,08658896
412985,2;0,08658421
413001,7;0,08658421
413018,3;0,08657955
413034,8;0,08657576
413051,4;0,08657572
413068,7;0,08657669
413084,5;0,08657955
413101,2;0,08657955
413118,1;0,08657858
413134,2;0,08657858
413151,1;0,08657858
413167,9;0,08657765
413183,9;0,08657862
413200,8;0,08657581
413217,2;0,0865777
413233,7;0,08657862
413250,2;0,08657862
413266,8;0,08657673
413283,8;0,08657673
413300,2;0,08657391
413317;0,08656832
413333,2;0,08656832
413349,6;0,08656925
413366,2;0,08656736
413382,8;0,0865655
413399,3;0,08656832
413416,3;0,08656832
413432,4;0,08656739
413449;0,08656739
413465,7;0,08656555
413482,2;0,08656555
413498,8;0,08656278
413515,3;0,08656181
413531,8;0,08655996
413548,4;0,08656088
413565;0,08655807
413581,5;0,08655525
413598,7;0,08655613
413614,7;0,08655613
413631,2;0,08655609
413647,8;0,08655235
413664,4;0,08655046
413680,9;0,08654394
413697,5;0,08654112
413714,1;0,08653734
413730,6;0,08653641
413747,2;0,08653641
413764,1;0,08653457
413780,8;0,08653364
413796,9;0,0865299
413813,5;0,0865299
413830;0,08652616
413846,6;0,08651856
413863,2;0,08651385
413879,7;0,08651199
413896,3;0,08651011
413913,3;0,08650447
413929,4;0,08650166
413946;0,08649413
413963,2;0,08649035
413979,4;0,08648661
413996,1;0,08648661
414012,8;0,08647808
414029,2;0,08647248
414045,8;0,08647156
414062;0,08647063
414079;0,08646592
414095,1;0,08645929
414112,8;0,08645739
414128,5;0,08645647
414144,9;0,08645647
414161,4;0,08645181
414177,9;0,08644995
414194,5;0,08644617
414211,1;0,08644432
414227,6;0,08644432
414244,2;0,08644054
414260,8;0,08643772
414277,3;0,08643491
414293,9;0,08643491
414310,6;0,0864302
414327;0,08641709
414343,6;0,08641519
414360,9;0,08641145
414377,1;0,08640956
414393,3;0,08641052
414409,8;0,0864096
414426,8;0,08640956
414443;0,08640956
414459,6;0,08640956
414476,4;0,08641052
414492,7;0,0864067
414509,3;0,08640385
414526,2;0,08640473
414542,4;0,08640569
414559;0,08640569
414576,6;0,08640477
414592,1;0,08640006
414608,7;0,08639918
414625,3;0,08640107
414641,8;0,08640107
414658,5;0,08639729
414675,4;0,08639632
414691,5;0,08639447
414708,1;0,08639254
414724,6;0,08639254
414741,2;0,08639346
414757,8;0,08639346
414774,3;0,08639157
414790,9;0,08638964
414807,7;0,0863859
414824;0,08638687
414840,9;0,08638779
414857,2;0,08638493
414873,8;0,08638783
414890,3;0,08638783
414906,9;0,08638972
414923,8;0,08639157
414940;0,08638787
414956,6;0,08638509
414973,3;0,08638509
414989,7;0,08638413
415006,4;0,08638417
415023;0,08638606
415039,4;0,08638791
415056,3;0,08639073
415073,2;0,08639073
415089,1;0,08639169
415105,7;0,08639169
415122,3;0,08639258
415138,8;0,08639351
415155,8;0,08639354
415171,9;0,08639354
415188,8;0,08639262
415205,1;0,08639262
415221,6;0,08638888
415238,5;0,08638888
415255,2;0,08638611
415271,3;0,08638518
415288,1;0,08638333
415304,5;0,08638051
415321;0,08638144
415337,7;0,08637954
415354,2;0,08637766
415370,9;0,08637484
415388;0,08637203
415404,3;0,08636921
415420,4;0,0863645
415437;0,08636168
415453,6;0,08635887
415470,1;0,08635794
415486,9;0,08635794
415503,3;0,08634848
415519,9;0,08634663
415536,8;0,08634474
415553;0,08634382
415570,1;0,08633823
415586,1;0,08633637
415602,7;0,08633453
415619,2;0,08633079
415635,8;0,08632608
415652,8;0,08632515
415668,9;0,08632608
415685,5;0,08632608
415702,1;0,08632419
415718,6;0,08632511
415735,2;0,08632511
415751,8;0,0863186
415768,4;0,08631771
415785;0,08631863
415801,8;0,08631586
415818,3;0,08631586
415834,6;0,08631308
415851,2;0,08631119
415867,9;0,08631027
415884,8;0,08630463
415900,9;0,08630182
415917,5;0,08629711
415934;0,08629619
415951,1;0,08629434
415967,3;0,08629152
415983,7;0,08628593
416000,3;0,08628403
416016,8;0,08628403
416033,4;0,08627567
416050;0,08627845
416066,6;0,08626726
416083,1;0,08626352
416099,7;0,0862589
416116,5;0,08625516
416132,8;0,08625049
416149,3;0,08624864
416165,9;0,08622917
416182,5;0,08622454
416199,1;0,08621159
416215,9;0,086206
416232,4;0,08619304
416249,6;0,0861782
416265,7;0,08617362
416281,9;0,08616436
416298,9;0,08616436
416315;0,08613764
416331,6;0,08613491
416348,2;0,08612943
416364,8;0,08612943
416381,4;0,08612026
416397,8;0,08610187
416414,4;0,08606441
416431;0,08603056
416447,6;0,08602057
416464,2;0,08602057
416481,5;0,08599219
416497,3;0,08596302
416513,8;0,08595029
416530,4;0,08592196
416547,2;0,08590195
416563,5;0,0858937
416580,1;0,08586999
416596,9;0,08583999
416613,2;0,0858091
416630,9;0,0857918
416646,4;0,08577822
416663,4;0,0857458
416679,5;0,08571426
416696,6;0,08571426
416712,7;0,08569431
416729,2;0,08562417
416745,8;0,08560273
416762,3;0,08558295
416778,9;0,08557758
416796;0,0854945
416812,2;0,08545431
416828,8;0,08543187
416845,2;0,0854078
416861,7;0,08536391
416878,3;0,08531819
416894,9;0,08531819
416911,4;0,08529308
416928,1;0,08522705
416944,9;0,0851872
416961,5;0,08515159
416977,7;0,08513739
416994,3;0,08511332
417011,3;0,08511332
417027,5;0,08509024
417044;0,08500633
417060,6;0,08491262
417077,1;0,084886
417093,7;0,084886
417110,5;0,08480423
417126,8;0,08474983
417143,4;0,08472434
417160,1;0,08467186
417176,9;0,08467186
417193,1;0,08461753
417209,6;0,08454266
417226,3;0,08450253
417247,5;0,08445197
417259,3;0,08441708
417275,9;0,08435794
417292,5;0,0843067
417309,2;0,0842746
417325,6;0,08423646
417342,2;0,08416965
417358,7;0,08409272
417375,3;0,08409272
417391,9;0,08404669
417408,7;0,08391537
417425;0,08382598
417441,9;0,08374614
417458,1;0,0836672
417474,7;0,08361856
417492,1;0,08351144
417508,5;0,08340419
417524,4;0,08335594
417541,3;0,08325371
417557,9;0,08320045
417574,1;0,08314904
417590,7;0,08309822
417607,3;0,08293387
417624,2;0,08293387
417640,3;0,08288305
417656,9;0,08288305
417673,5;0,08276878
417690,1;0,08252626
417707,3;0,08245452
417723,5;0,0823444
417739,8;0,08228948
417756,3;0,08218246
417772,9;0,082074
417789,5;0,08202576
417806;0,08196603
417822,6;0,08185689
417839,2;0,08174776
417855,8;0,08169327
417872,3;0,08158466
417888,8;0,08153466
417905,7;0,08153466
417922,2;0,08136505
417938,6;0,08125706
417955,3;0,08120759
417971,9;0,08115122
417989;0,08109529
418004,8;0,08092672
418021,6;0,08082187
418038,2;0,08076666
418055,2;0,08076666
418071,1;0,08058584
418088,2;0,08049268
418104,2;0,08044319
418120,8;0,08033445
418137,4;0,08033445
418154;0,08027944
418170,5;0,08027944
418194,2;0,08012535
418203,8;0,07995142
418220,2;0,07986578
418236,8;0,07976536
418253,5;0,07976536
418269,9;0,07971722
418286,9;0,07971722
418303;0,07971722
418319,8;0,07958905
418336,5;0,07936553
418352,7;0,0792154
418369,3;0,0791694
418386;0,07906629
418402,4;0,07898526
418419;0,07892609
418435,9;0,07887443
418452,1;0,07878109
418468,7;0,07873791
418485,9;0,07873791
418501,9;0,07854737
418518,4;0,07849351
418535,6;0,07842066
418551,5;0,07835343
418568,3;0,07835343
418584,8;0,07817676
418601,2;0,07812625
418617,8;0,07805195
418634,4;0,07799291
418651,6;0,07790822
418667,5;0,07786088
418684,1;0,07781775
418700,7;0,07777642
418717,3;0,0776403
418733,8;0,07755831
418750,3;0,0775217
418766,9;0,07747044
418783,8;0,0773981
418800,2;0,07732214
418816,9;0,07732214
418833,2;0,07724012
418850,3;0,07716867
418866,3;0,0770851
418882,9;0,07701473
418899,6;0,07700702
418916,7;0,07696806
418932,7;0,07696806
418949,6;0,0769333
418966,2;0,07678089
418982,6;0,07667127
418998,8;0,076626
419015,7;0,07659686
419032,1;0,07656521
419048,5;0,07646056
419065,8;0,07642271
419081,7;0,0763927
419098,7;0,07638034
419115,3;0,07625534
419131,4;0,07619341
419148,5;0,07615916
419164,5;0,07610177
419181,2;0,07605898
419197,6;0,07600652
419214,2;0,07597755
419230,8;0,07591765
419247,3;0,0758797
419263,9;0,07582489
419280,5;0,07576568
419297;0,07576568
419313,6;0,07570645
419330,6;0,0756558
419346,8;0,07560435
419363,3;0,07557271
419380,4;0,07556103
419396,7;0,07556103
419413,1;0,07552463
419429,6;0,07551094
419446,1;0,07549933
419462,7;0,07548635
419479,3;0,07547987
419496,3;0,07547987
419512,4;0,07546119
419529,4;0,07545544
419546,2;0,07545544
419562,1;0,07545401
419578,7;0,07545329
419595,3;0,07544108
419611,9;0,07543098
419628,4;0,07542813
419645,2;0,07542453
419661,5;0,07542162
419678,1;0,07541806
419694,7;0,07541735
419711,2;0,07541593
419728,2;0,07541378
419744,3;0,07541233
419761;0,07541163
419777,5;0,07541163
419794,1;0,07540878
419810,6;0,07540803
419827,4;0,07540945
419843,7;0,0754116
419860,9;0,07541015
419876,9;0,0754116
419893,4;0,07541303
419910,1;0,07541595
419926,7;0,07541595
419943,3;0,07541738
419959,7;0,07541738
419976,3;0,07541953
419993,1;0,07542168
420009,4;0,07542744
420026;0,07542961
420042,5;0,07542888
420059,1;0,075431
420076;0,07543458
420092,2;0,07543603
420108,8;0,07543963
420125,4;0,07544469
420142,2;0,07544538
420158,5;0,07544538
420175,3;0,07545044
420191,6;0,07545044
420208,2;0,07545404
420224,8;0,07545692
420241,3;0,07546412
420257,9;0,07547205
420274,5;0,07547422
420291;0,07547713
420307,9;0,07548869
420324,6;0,07548869
420340,7;0,07549589
420357,3;0,07550452
420373,9;0,07551021
420390,4;0,07551384
420407;0,07551384
420423,6;0,07553107
420440,4;0,07553897
420456,9;0,0755426
420474;0,07554475
420489,8;0,07554475
420506,4;0,07556418
420523;0,07556921
420539,9;0,07558002
420556,1;0,07558577
420572,7;0,07559655
420589,2;0,07560517
420605,8;0,0756059
420622,4;0,07561528
420638,9;0,07563108
420655,5;0,07564616
420672,1;0,07565404
420688,6;0,07566761
420705,2;0,07567409
420721,8;0,07568914
420738,3;0,07568914
420755,2;0,07570857
420771,5;0,07571502
420788,2;0,0757301
420804,7;0,07574448
420821,8;0,07574448
420837,8;0,07575095
420854,7;0,07575095
420870,8;0,07576533
420887,7;0,07579485
420909;0,07581934
420921,1;0,07583304
420937,3;0,07583737
420953,7;0,07585829
420970,9;0,07586546
420987;0,07586546
421003,4;0,07589283
421020,8;0,07590798
421036,5;0,07591669
421053,1;0,0759239
421069,9;0,07593264
421086,6;0,07596224
421103,1;0,07597603
421119,4;0,07598907
421135,9;0,07598907
421152,5;0,07600358
421169,1;0,07603253
421185,6;0,0760456
421202,3;0,07605501
421219,1;0,07605501
421235,8;0,07607888
421252,1;0,07610714
421268,5;0,07612747
421285;0,07613688
421302,1;0,07614344
421318,2;0,07617764
421334,8;0,07617979
421351,3;0,07619138
421367,9;0,07622904
421384,4;0,07624644
421401,5;0,07661538
421401,5;0,0766617
421421,5;0,07667054
421437,8;0,07669771
421454,8;0,07670732
421471,2;0,07672423
421487,6;0,07673228
421504,1;0,07675216
421520,9;0,07677055
421537,3;0,0767801
421553,9;0,07679784
421570,4;0,07680891
421586,9;0,07682148
421603,9;0,07683692
421620,2;0,07685903
421636,6;0,07686864
421653,3;0,07686864
421669,8;0,07689363
421686,4;0,07689363
421703,4;0,07690175
421719,6;0,07690175
421736;0,07691132
421753,2;0,07695488
421769,2;0,07698076
421785,8;0,07698889
421802,3;0,07700592
421818,9;0,07701851
421835,4;0,07703331
421852;0,07704144
421868,8;0,07705995
421885,1;0,07707698
421901,7;0,07708514
421918,3;0,07710217
421934,8;0,0771118
421951,4;0,07711917
421968;0,07712884
421984,6;0,07715553
422001,1;0,07716595
422017,7;0,07718153
422034,3;0,07718153
422051,4;0,07720303
422067,4;0,07722235
422084,3;0,07723346
422100,5;0,07724164
422117,1;0,07724608
422133,6;0,07727206
422150,2;0,07727725
422166,8;0,07729431
422183,8;0,07730176
422201,3;0,07731517
422217,9;0,07732704
422234,5;0,07732704
422251;0,07733742
422267,6;0,07735228
422284,2;0,07735228
422300,7;0,07737526
422317,3;0,07738046
422333,9;0,07738196
422350,4;0,07738715
422367;0,0773931
422383,6;0,07742444
422400,2;0,07744907
422416,7;0,07745954
422433,3;0,07746325
422449,8;0,07747152
422466,4;0,07749322
422483;0,0775008
422499,5;0,07751652
422516,1;0,07751652
422532,7;0,07754133
422549,2;0,07755786
422565,8;0,07756837
422582,6;0,07757591
422599,7;0,07758644
422615,5;0,07760675
422632,2;0,07762332
422648,6;0,07763086
422665,2;0,07764295
422681,8;0,07765276
422698,3;0,07766184
422714,9;0,07766109
422731,5;0,07768749
422748;0,07769495
422764,8;0,0777085
422781,3;0,0777085
422797,8;0,07772283
422814,5;0,07774171
422831;0,07774853
422847,6;0,07775462
422864;0,07775462
422880,8;0,07777812
422897,2;0,07778573
422913,7;0,07779785
422930,3;0,07780313
422946,8;0,07780313
422963,4;0,0778092
422980;0,0778107
422996,7;0,07781372
423014;0,07781827
423029,9;0,07784782
423046,2;0,0778714
423063,1;0,07788359
423080,1;0,07789044
423095,9;0,07790028
423112,8;0,07790935
423129,1;0,07791626
423145,8;0,07792006
423162,4;0,07793681
423178,8;0,07794821
423195,9;0,07795502
423211,9;0,07795883
423228,5;0,07796724
423245;0,07798091
423261,6;0,07798854
423278,2;0,07799686
423294,9;0,07800368
423311,3;0,07801665
423327,8;0,07802501
423344,4;0,07802501
423361;0,07803569
423377,6;0,0780448
423394,1;0,07805162
423410,7;0,07805768
423428;0,07805768
423443,8;0,07806299
423460,4;0,07806525
423477;0,07806751
423493,5;0,07806978
423510,2;0,07806902
423526,7;0,07806902
423543,5;0,07806902
423559,8;0,07806224
423576,6;0,07806
423593,1;0,07805623
423609,5;0,07805623
423626,3;0,07805472
423642,6;0,07804947
423659,5;0,07804422
423676;0,07803003
423692,3;0,07802484
423709,5;0,07801817
423725,8;0,07799591
423742;0,07799591
423759;0,07797885
423775,2;0,07795735
423791,9;0,07794926
423808,3;0,07794183
423824,9;0,07794183
423841,4;0,07790486
423858,5;0,07788571
423874,6;0,07787242
423891,2;0,07785176
423907,7;0,07784148
423924,3;0,07782671
423940,8;0,07780465
423961;0,07778268
423977,5;0,07775475
423994,1;0,07773411
424010,7;0,07771228
424027,3;0,07769846
424044,1;0,07768229
424060,4;0,07766769
424076,9;0,07762454
424093,5;0,07760779
424110,1;0,07757713
424126,7;0,0775568
424143,6;0,07753063
424159,8;0,07753063
424176,3;0,07746471
424192,9;0,07746254
424209,5;0,07742206
424226;0,07739539
424242,6;0,07739539
424259,2;0,07737949
424275,8;0,07737949
424292,3;0,07734994
424308,9;0,07727588
424325,4;0,07722294
424342;0,0771745
424358,6;0,0771745
424375,2;0,07713442
424391,9;0,0770589
424408,7;0,0770169
424424,8;0,07699124
424441,4;0,07698126
424458;0,07690047
424474,8;0,07684254
424491,1;0,07677618
424507,8;0,07677618
424524,2;0,07669733
424540,8;0,07664444
424557,4;0,07657681
424574,3;0,0765072
424590,6;0,07647084
424607,3;0,07641892
424623,6;0,07636756
424640,2;0,07636756
424656,9;0,07625876
424673,3;0,07622455
424689,9;0,07619713
424706,7;0,07606952
424723,1;0,07599495
424739,6;0,07595803
424756,2;0,07595803
424772,9;0,07586568
424789,4;0,07576133
424805,9;0,07572456
424822,7;0,07568285
424839,3;0,07566281
424855,8;0,07552516
424872,4;0,07548899
424889;0,07548899
424905,6;0,075447
424922,1;0,07540808
424938,7;0,07523602
424955,2;0,0751709
424972,1;0,07508997
424988,8;0,07503463
425005,5;0,07496373
425021,7;0,07488447
425038,1;0,07488447
425054,7;0,07480123
425071,2;0,07471272
425087,8;0,07463236
425104,7;0,07459264
425120,9;0,07450793
425138;0,07445734
425154;0,07437819
425170,6;0,07429771
425187,2;0,07425891
425203,8;0,07417276
425220,6;0,07413364
425237,3;0,07406297
425253,4;0,07399462
425270,1;0,07392793
425287;0,07389192
425303,1;0,07380562
425319,7;0,07380562
425336,3;0,07370707
425352,8;0,07360276
425369,4;0,07356108
425386;0,07352228
425402,7;0,07348844
425419,3;0,07348198
425435,7;0,07344183
425452,3;0,07329123
425468,8;0,07320457
425485,7;0,07313984
425501,9;0,07306683
425518,5;0,07306683
425535,1;0,07302958
425552,3;0,07302958
425568,2;0,07298771
425584,8;0,07285422
425601,3;0,07275464
425618,1;0,0727151
425634,5;0,072649
425651,1;0,0725831
425667,6;0,07255405
425685,5;0,07251994
425702,1;0,07250253
425718,7;0,07242932
425735,8;0,07240099
425751,8;0,07231123
425768,6;0,07227896
425784,9;0,07222511
425801,6;0,07216851
425818,1;0,07216851
425835;0,07211138
425851,6;0,07205295
425867,8;0,0719967
425884,3;0,07196137
425900,9;0,07191456
425917,4;0,07188725
425934;0,07183067
425950,6;0,07183067
425967,3;0,07178003
425983,7;0,07172229
426000,3;0,07166872
426016,8;0,07161595
426033,5;0,07156206
426050;0,07153261
426066,6;0,07150643
426083,2;0,07150067
426099,8;0,0713954
426116,3;0,07136475
426132,8;0,0713057
426149,4;0,07127929
426166;0,07127225
426182,5;0,07124891
426199,2;0,07121833
426215,7;0,07115553
426232,2;0,07102563
426248,8;0,07098511
426266,3;0,07095843
426281,9;0,0709143
426298,5;0,07082791
426315,2;0,07076832
426331,6;0,07072149
426348,2;0,0706935
426364,8;0,07063809
426381,3;0,07059885
426397,9;0,0705741
426414,5;0,07051765
426431;0,07051765
426447,6;0,0704227
426464,2;0,07041465
426480,8;0,07035907
426497,6;0,07031339
426514,1;0,07028119
426530,4;0,07023989
426547,1;0,07021687
426563,6;0,07020783
426580,2;0,07011908
426605;0,07006516
426628,8;0,07001393
426651,6;0,06995524
426670,3;0,06989726
426692,8;0,06983965
426718,8;0,06975585
426738,3;0,06969822
426760,3;0,06969822
426784,5;0,06958352
426817,3;0,06955161
426843,9;0,06952043
426868;0,06935935
426891,7;0,06924646
426915,2;0,06921309
426932,1;0,0691191
426949,9;0,06904902
426970,5;0,06898523
426988,7;0,06891272
427013,7;0,06890143
427039,5;0,06876262
427067,3;0,06863267
427084,6;0,06855673
427100,5;0,06848042
427117,1;0,06843917
427133,6;0,06838988
427150,8;0,06831791
427167;0,06823204
427183,3;0,06819238
427199,9;0,06811111
427216,5;0,0680483
427233,4;0,06802487
427249,8;0,06798585
427266,2;0,06785821
427282,7;0,06777421
427299,4;0,06772563
427315,9;0,06772563
427333,1;0,06766616
427349;0,06751922
427365,6;0,06747126
427382,7;0,06743088
427398,7;0,0673921
427415,8;0,06725977
427431,8;0,06720816
427448,4;0,06720816
427465;0,06716654
427481,5;0,06712694
427507,4;0,06710212
427518,7;0,06703216
427535,3;0,06686283
427554,3;0,06672142
427570,9;0,06661992
427587,4;0,06655785
427604,1;0,06647201
427620,5;0,06642852
427637,1;0,06636053
427653,7;0,06628063
427670,2;0,06625783
427686,8;0,06617187
427703,4;0,06608652
427720,1;0,06608652
427736,5;0,06598656
427753,1;0,06588073
427770,3;0,06583503
427787,8;0,06574546
427805,3;0,06567756
427822;0,06562628
427838,4;0,06562628
427855;0,06555764
427872,7;0,06546188
427889,8;0,06546139
427906,6;0,06534069
427923,1;0,065245
427939,7;0,06518765
427956,3;0,06511035
427974,3;0,065052
427991,5;0,06499601
428009,6;0,06491809
428026,2;0,064887
428042,8;0,06481574
428059,3;0,06481015
428075,9;0,06477863
428092,7;0,06477863
428109,1;0,06474555
428126;0,06470961
428142,2;0,06464183
428158,7;0,06454025
428176,7;0,06443118
428193,3;0,06442288
428211,6;0,06435705
428228,7;0,06428988
428245,2;0,06424113
428261,8;0,06421672
428278,4;0,06416918
428295;0,06412269
428311,8;0,06409784
428328,5;0,06407676
428345,4;0,06407676
428369,6;0,06404044
428386,2;0,06395072
428402,8;0,06390689
428419,9;0,06386915
428435,9;0,06382534
428452,4;0,06380267
428469;0,06377731
428485,6;0,06374072
428502,1;0,06371117
428518,8;0,06368104
428535,3;0,06366332
428551,8;0,06365521
428568,7;0,0635893
428585,3;0,06355343
428603,6;0,06353635
428620,2;0,06353635
428636,8;0,06351505
428653,3;0,06346164
428669,9;0,0634333
428686,8;0,06342078
428703;0,06342078
428719,6;0,0634056
428736,2;0,06339465
428752,9;0,06339465
428769,3;0,06338007
428786,2;0,06335198
428802,6;0,0633142
428819,4;0,06327554
428835,8;0,06324629
428852,2;0,06324629
428868,8;0,06323451
428885,3;0,06321061
428902;0,06321061
428919;0,06319748
428935;0,06319092
428951,5;0,06318387
428968,3;0,06318084
428985;0,06318133
429001,4;0,06317281
429017,9;0,06316981
429034,4;0,0631668
429051,3;0,06316631
429067,5;0,06316581
429084,1;0,0631668
429100,7;0,0631668
429117,4;0,06316879
429133,8;0,06317028
429150,3;0,06317127
429166,9;0,06317227
429183,5;0,06317227
429200;0,06317375
429218,3;0,06317772
429244,1;0,06318069
429260,7;0,06318466
429277,2;0,06318516
429293,8;0,06318615
429310,6;0,06318762
429327,1;0,06319308
429343,8;0,06319705
429360,3;0,06319753
429376,9;0,06319902
429393,9;0,06319902
429410;0,06320248
429427;0,0632168
429443,2;0,06322469
429460,8;0,06322469
429476,3;0,06323605
429492,8;0,06323703
429509,5;0,06324244
429526;0,06324788
429542,6;0,06325183
429559,1;0,06325629
429575,8;0,06326173
429592,3;0,06326566
429609,3;0,06327111
429625,4;0,06327309
429642,3;0,06327754
429658,5;0,06327754
429675,1;0,06328296
429691,7;0,06328888
429708,2;0,06329432
429724,8;0,06329631
429741,4;0,06329977
429757,9;0,06330026
429774,6;0,06330324
429791;0,06330423
429807,6;0,06330522
429824,2;0,06330621
429840,8;0,0633067
429857,3;0,06330968
429873,9;0,06331068
429890,4;0,06331068
429907;0,06331068
429923,7;0,06331018
429940,2;0,06331068
429957,5;0,06331167
429973,3;0,06331167
429990,2;0,06331217
430006,4;0,06331217
430023;0,06331217
430039,6;0,06331217
430056,4;0,06331018
430072,7;0,06330919
430089,4;0,06330919
430106;0,06330919
430122,5;0,06330918
430139,1;0,06330769
430155,8;0,06330618
430172,3;0,06330518
430188,8;0,06330218
430205,5;0,0632997
430222;0,0632997
430238,5;0,0633002
430255,5;0,06329267
430271,6;0,06328965
430288,2;0,06328813
430305,3;0,06328362
430321,3;0,06328111
430338;0,06327859
430354,5;0,06327456
430371;0,06327207
430387,6;0,06327207
430404,2;0,06326652
430421,4;0,06325943
430437,3;0,06325391
430453,9;0,06325188
430470,4;0,06325188
430487;0,06324632
430504,3;0,06324229
430520,3;0,06323723
430536,7;0,06323117
430553,3;0,06322965
430569,8;0,06322562
430586,9;0,06322055
430603;0,06322055
430619,6;0,0632115
430636,1;0,06320949
430652,7;0,06320698
430669,3;0,06320646
430686;0,06320344
430703,3;0,06320141
430718,9;0,0632019
430735,8;0,0632019
430752,4;0,0632029
430768,9;0,0632044
430785,2;0,06320589
430801,8;0,06320638
430818,3;0,06321084
430834,9;0,06321333
430852,1;0,06321432
430868;0,06321532
430885,5;0,0632173
430901,3;0,06322029
430917,9;0,06322227
430934,6;0,06322277
430951,2;0,06322525
430967,5;0,06322725
430984;0,06322824
431000,6;0,06323024
431017,2;0,06323123
431033,7;0,06323474
431051,2;0,06323572
431066,8;0,06323672
431083,5;0,06323672
431100,2;0,06323972
431116,6;0,06324071
431133,5;0,0632427
431150;0,0632427
431166,2;0,06324419
431182,9;0,06324821
431199,4;0,06325021
431215,9;0,06325072
431232,6;0,06325072
431249,1;0,06325423
431266,1;0,06325472
431282,2;0,06325423
431298,8;0,06325524
431316,2;0,06325624
431331,9;0,06325773
431348,5;0,06326123
431365,1;0,06326222
431381,6;0,06326373
431398,4;0,06326373
431414,8;0,06326373
431431,4;0,06326423
431448,1;0,06326472
431464,4;0,06326522
431481;0,06326572
431497,6;0,0632677
431514,1;0,0632682
431530,7;0,06326919
431547,3;0,06326919
431564,1;0,06327218
431580,4;0,06327218
431597;0,06327218
431614,1;0,06327169
431630,1;0,06327268
431647,1;0,06327268
431663,3;0,06327367
431679,8;0,06327317
431696,7;0,06327268
431712,9;0,06327317
431729,5;0,06327317
431746,2;0,06327268
431762,6;0,06327367
431779,2;0,06327516
431796,4;0,06327615
431812,5;0,06327615
431828,9;0,06328215
431845,5;0,06328618
431862;0,06329071
431878,8;0,06329472
431895,2;0,06329472
431911,8;0,06330228
431928,3;0,0633043
431944,9;0,06330781
431962;0,06330781
431978,1;0,06331689
431994,6;0,06332748
432011,2;0,06333555
432028;0,0633386
432044,4;0,06334514
432060,9;0,06334867
432077,9;0,0633542
432094;0,06335926
432110,5;0,06336226
432127,4;0,06336782
432144,1;0,06337238
432160,3;0,06337694
432176,8;0,06338097
432193,4;0,06338348
432209,9;0,06338348
432227;0,0633885
432243,3;0,06339052
432259,7;0,06339203
432276,2;0,06339203
432292,8;0,06339402
432309,3;0,06339603
432325,9;0,06339652
432342,5;0,06339603
432359;0,06339603
432375,7;0,06339603
432392,2;0,06339652
432408,8;0,06339652
432425,3;0,06339702
432441,9;0,06339702
432458,4;0,06339752
432475,2;0,06339651
432491,6;0,06339702
432508,7;0,06339702
432524,7;0,06339452
432541,5;0,06339353
432557,8;0,06339353
432574,4;0,06339254
432591;0,06339254
432607,5;0,06339254
432624,1;0,06338907
432640,7;0,06338758
432657,3;0,06338611
432674,5;0,06338611
432690,6;0,06338214
432708,5;0,06338114
432727,2;0,06337817
432747,9;0,0633742
432764,5;0,0633722
432785,4;0,06336774
432802,3;0,06336575
432828,8;0,06336328
432845,4;0,06336328
432862;0,06335931
432878,5;0,06335533
432895,1;0,06335285
432914;0,06335086
432930,5;0,06334639
432951,7;0,06334639
432971,1;0,06333946
432988,2;0,06333498
433008,2;0,063333
433024,8;0,06333052
433044,3;0,06332605
433060,9;0,06332407
433081,4;0,06331858
433106,2;0,06331413
433128,3;0,06330967
433155,3;0,06330618
433171,8;0,06330618
433189,7;0,06329968
433207,4;0,06329968
433224;0,06329818
433244;0,06329768
433260,6;0,06329069
433277,1;0,06328519
433293,7;0,06328421
433310,3;0,06328171
433326,8;0,06327922
433343,4;0,06327773
433360;0,06327773
433376,7;0,06327374
433393,1;0,06327325
433410,5;0,06327126
433426,5;0,06327077
433442,8;0,06326978
433459,4;0,0632668
433475,9;0,0632668
433492,5;0,06326482
433509,8;0,06326085
433526,4;0,06325836
433542,8;0,06325737
433559,4;0,06325737
433576,9;0,06325339
433593,6;0,06325191
433610;0,06324992
433626,6;0,06324992
433643,2;0,06324696
433660,4;0,06324499
433677,7;0,063244
433694,3;0,06324201
433711,7;0,06324102
433741;0,06323904
433757,5;0,06323904
433774,9;0,06323705
433791,8;0,06323707
433808,2;0,06323656
433824,7;0,06323557
433841,2;0,06323557
433858;0,06323505
433874,3;0,06323505
433890,9;0,06323557
433907,7;0,063233
433924,2;0,0632335
433941,3;0,063233
433957,4;0,06323249
433974,3;0,06323249
433990,5;0,06323403
434007,1;0,06323454
434024;0,06323403
434040,3;0,06323657
434056,7;0,06323809
434073,3;0,06323912
434089,9;0,06324014
434106,9;0,06324065
434123;0,06324168
434139,6;0,06324168
434156,2;0,06324321
434172,7;0,0632427
434189,3;0,06324371
434206,1;0,06324776
434222,4;0,0632503
434239,4;0,06325385
434255,8;0,06325385
434272,1;0,06325942
434288,7;0,063264
434305,3;0,06326956
434321,8;0,06327312
434338,8;0,06327614
434357,1;0,06328219
434373,7;0,06328674
434390,4;0,06328674
434406,8;0,06329683
434423,6;0,06329785
434440,4;0,06330547
434456,5;0,06330949
434473,1;0,06331252
434489,6;0,06331252
434506,8;0,06331453
434522,8;0,06331807
434539,6;0,0633352
434555,9;0,06334277
434572,5;0,06334728
434589;0,06335232
434606,1;0,06335837
434622,9;0,06336188
434639,3;0,06336188
434656;0,06337696
434672,7;0,06338198
434688,9;0,06338698
434705,5;0,0633905
434722,4;0,0633905
434738,7;0,06340402
434755,2;0,06340601
434771,8;0,06341404
434788,9;0,06341656
434804,9;0,06342204
434821,5;0,06342354
434838;0,06342702
434854,7;0,06342702
434871,2;0,06342801
434887,7;0,0634295
434904,5;0,06343049
434921;0,06343049
434937,9;0,06343297
434954;0,06343345
434970,6;0,06343195
434987,2;0,06343244
435003,7;0,06343195
435020,3;0,06342849
435036,9;0,06342702
435053,7;0,06342454
435070;0,06342454
435086,6;0,06342108
435104;0,06342009
435119,7;0,06342009
435136,3;0,06341762
435152,8;0,06341618
435169,9;0,06341274
435185,9;0,06340043
435202,5;0,06339161
435219,1;0,06338424
435235,8;0,06338229
435252,6;0,0633779
435269;0,06335977
435285,8;0,06334905
435301,9;0,06334316
435318,5;0,06334316
435335,5;0,06332608
435351,7;0,0633129
435368,2;0,0633046
435384,8;0,06329928
435401,3;0,06329245
435417,9;0,06326918
435435,1;0,06325024
435451,2;0,06324158
435467,9;0,06322949
435485,1;0,06320396
435501,8;0,06319478
435518,3;0,06318324
435534,8;0,06317218
435551,4;0,06314047
435568,8;0,06313714
435584,5;0,06311361
435601,1;0,0630897
435617,7;0,06306481
435634,3;0,06306481
435650,8;0,06304625
435668;0,06300097
435684,1;0,0629866
435700,5;0,06296093
435717,1;0,0629571
435733,8;0,06294194
435750,6;0,06289807
435767,2;0,06289807
435783,3;0,06288476
435799,9;0,06287615
435816,7;0,06283756
435833,7;0,06278081
435850,6;0,06275165
435866,2;0,0627172
435882,7;0,06267934
435899,3;0,06265535
435915,9;0,06262228
435933;0,06260306
435949;0,0625627
435966,3;0,06252377
435982,1;0,06250594
435998,7;0,06248386
436015,7;0,06244696
436031,8;0,06244696
436048,4;0,06236529
436065,1;0,06236098
436081,6;0,06232011
436098,5;0,06228555
436115;0,06224702
436131,2;0,0622278
436147,8;0,062209
436164,4;0,06219745
436181,1;0,06213068
436197,5;0,06209997
436214,1;0,06207305
436231;0,06205091
436247,2;0,06201587
436263,8;0,06198078
436280,7;0,06195671
436296,9;0,06191637
436313,4;0,06189763
436330,6;0,06185453
436346,9;0,0618363
436363,2;0,0618363
436384,2;0,06178145
436401,6;0,06175559
436417,9;0,0617336
436433,9;0,0617336
436450,4;0,06168154
436467,4;0,06159977
436483,6;0,06156681
436500,1;0,06152425
436516,7;0,06149891
436533,3;0,06146691
436549,8;0,06143582
436566,4;0,0614022
436582,9;0,06137541
436599,8;0,06135964
436616,9;0,06133085
436633;0,0612821
436649,2;0,0612399
436666,1;0,06121834
436682,3;0,06118818
436698,9;0,06115997
436715,5;0,06112593
436732,1;0,0611054
436748,6;0,06107046
436765,2;0,06103695
436781,8;0,06101531
436798,3;0,06098086
436815,5;0,06095849
436831,8;0,06094557
436848,2;0,06092843
436864,6;0,06089748
436881,3;0,06086703
436897,7;0,06084989
436914,3;0,06084182
436931,7;0,06079044
436947,4;0,06076337
436964;0,06074813
436981,4;0,06073252
436997,1;0,06072676
437013,7;0,06067898
437030,3;0,06066521
437047,6;0,06066521
437063,4;0,0606515
437080;0,0606515
437096,7;0,06062168
437113,1;0,06056675
437129,6;0,06055528
437146,3;0,06053291
437162,8;0,06051259
437179,8;0,06049606
437195,9;0,06048572
437212,7;0,06047814
437229,2;0,06046446
437245,9;0,06046021
437262,2;0,0604451
437278,8;0,06043286
437295,3;0,06042534
437311,9;0,06042013
437329,1;0,0604145
437345;0,06039893
437361,6;0,06039375
437378,2;0,0603848
437395,2;0,0603848
437411,6;0,06037582
437427,8;0,06037065
437444,7;0,06036687
437461,2;0,06036685
437478,1;0,06036451
437494,1;0,06036451
437510,7;0,06036594
437527,3;0,06036779
437543,8;0,06036967
437560,4;0,06036967
437576,9;0,06037665
437593,5;0,06037991
437610,1;0,06038783
437626,7;0,06038738
437643,2;0,06039201
437659,9;0,06040597
437676,4;0,06040782
437692,9;0,06041384
437709,5;0,06041384
437726,4;0,06041801
437742,6;0,06044264
437759,2;0,06046268
437775,8;0,06047245
437792,3;0,06047664
437809,2;0,06048499
437825,4;0,06050965
437842;0,060518
437858,7;0,06053383
437875,6;0,06053383
437891,7;0,06055389
437909,1;0,06057625
437924,8;0,06058556
437941,7;0,06060423
437958;0,06061257
437974,6;0,06063121
437991,1;0,06063915
438007,7;0,06065774
438024,3;0,06067218
438040,8;0,06068709
438057,6;0,06070523
438073,9;0,0607145
438090,5;0,06072435
438107,2;0,06073088
438124,1;0,06076171
438140,2;0,06076171
438156,8;0,06078034
438173,3;0,06079995
438189,9;0,06081812
438206,6;0,06083775
438223,1;0,06084709
438239,7;0,06085549
438256,2;0,06085971
438272,8;0,06089655
438289,3;0,06091151
438305,9;0,06092599
438322,6;0,06092599
438339,4;0,06093577
438355,6;0,06093717
438372,6;0,0609704
438388,7;0,06102707
438405,7;0,06104264
438421,8;0,06107707
438438,9;0,06110017
438455,6;0,0611106
438471,6;0,0611106
438489;0,0611781
438504,9;0,06120602
438521,3;0,06122679
438537,9;0,06124231
438554,4;0,06124231
438571;0,06131103
438587,5;0,06133476
438604,1;0,06136224
438621;0,06136224
438637,2;0,06139495
438653,8;0,06144579
438670,4;0,0614605
438687;0,0614776
438703,5;0,0615104
438720,1;0,06154365
438736,6;0,06156215
438753,2;0,06159449
438769,8;0,06162024
438786,3;0,06164217
438803,1;0,06167607
438819,7;0,06168558
438836;0,0617286
438852,8;0,06174426
438869,3;0,06176206
438885,8;0,06180128
438902,7;0,06181508
438918,8;0,0618352
438935,4;0,06188256
438952;0,06190127
438968,5;0,06190127
438985,1;0,06191707
439001,7;0,0619243
439018,3;0,06198559
439034,8;0,06203664
439051,4;0,06206061
439068;0,06208882
439086;0,0621224
439101,2;0,06215176
439117,7;0,06217198
439134,5;0,06219362
439150,8;0,06222115
439167,3;0,06225535
439184,2;0,06227038
439200,5;0,06230223
439217,1;0,06231962
439233,9;0,06231962
439250,3;0,0623758
439266,8;0,06239432
439283,3;0,0624248
439299,9;0,06243251
439316,4;0,06247336
439333;0,06250251
439349,6;0,06251747
439366,2;0,06253697
439382,7;0,06256373
439399,3;0,06258369
439416,3;0,06261292
439432,4;0,06262404
439449;0,0626508
439465,9;0,0626508
439482,4;0,06270447
439499,4;0,06270979
439515,3;0,06274007
439531,8;0,06276944
439548,4;0,06279006
439564,9;0,06281106
439581,5;0,06281106
439598,3;0,06281444
439614,9;0,06282471
439631,4;0,06283695
439647,8;0,06285164
439664,6;0,06289425
439680,9;0,06294825
439697,5;0,0629876
439714,1;0,06300024
439731,5;0,06302328
439747,3;0,0630346
439763,7;0,06305765
439780,7;0,06306992
439797,5;0,06308998
439813,4;0,06309827
439830;0,06310706
439846,6;0,06311148
439863,2;0,06314319
439879,7;0,0631505
439896,6;0,06316471
439912,9;0,06317156
439929,4;0,06317592
439946,2;0,0632033
439963,2;0,06321062
439979,1;0,06322534
439995,7;0,06322534
440012,3;0,0632454
440029;0,06325969
440045,5;0,06327945
440061,9;0,06330119
440078,6;0,0633111
440095,4;0,06333598
440112;0,063352
440128,2;0,06338595
440144,8;0,0634118
440161,3;0,06348759
440177,9;0,06355304
440194,8;0,06355304
440211,1;0,06390665
440227,6;0,06402169
440244,2;0,06402169
440260,8;0,06415077
440278;0,06416444
440293,9;0,06479711
440313,2;0,06538469
440332,5;0,06582957
440352,1;0,0662102
440369,8;0,06651486
440390,4;0,06705756
440408,5;0,06765483
440427,7;0,06765483
440447;0,06906384
440465,6;0,06942137
440483,3;0,07020743
440503,7;0,07100543
440521,3;0,07152141
440538,7;0,07180164
440559,1;0,07249664
440579,5;0,07371423
440596,1;0,07421265
440616;0,07446054
440632,6;0,07520633
440655;0,07639022
440673,3;0,07707277
440689,8;0,07707277
440709,4;0,07788324
440726;0,07882793
440744,8;0,07923175
440761,3;0,07994127
440781,9;0,08064648
440798,5;0,08097947
440820,2;0,08154515
440838,3;0,08244216
440854,9;0,08244216
440873,4;0,08346028
440890,1;0,0834886
440911,4;0,08378646
440928;0,08404609
440945,8;0,08529044
440962,3;0,08611206
440979,5;0,08710873
440996;0,08758667
441016;0,08828843
441035,6;0,08895943
441052,2;0,08930527
441070,8;0,08996972
441087,3;0,09063317
441105,6;0,09107579
441122,2;0,09164344
441140,3;0,09233662
441157,2;0,09268096
441177,8;0,09333783
441194,5;0,09399775
441212,4;0,09431031
441229;0,0951164
441248,1;0,0954307
441268,4;0,09630148
441285,3;0,09663986
441303,5;0,09663986
441320,4;0,09758533
441339,6;0,09843916
441356,1;0,09891831
441373,8;0,09921864
441390,3;0,0992607
441410,4;0,1005003
441427,5;0,1011222
441445,2;0,1014735
441461,7;0,1020974
441481,1;0,1025049
441498,8;0,1027477
441515,4;0,1030418
441534,8;0,1030739
441551,4;0,1033373
441570,9;0,1036608
441587,5;0,1044746
441605,1;0,1059171
441621,7;0,106502
441639,4;0,106649
441656;0,1077218
441673,6;0,1083329
441690,2;0,1086233
441709,9;0,108789
441727,9;0,1098617
441744,5;0,1101777
441761,4;0,1101777
441778,1;0,1110091
441797,3;0,1118055
441816,2;0,1123293
441832,8;0,1126023
441849,6;0,1127477
441869,7;0,1138688
441886,3;0,1142353
441903,9;0,1147487
441920,7;0,1147487
441939,2;0,1159707
441955,8;0,1163355
441973,9;0,1168768
441990,5;0,1172152
442008;0,1174688
442027,7;0,1183596
442044,2;0,1187796
442061,3;0,1192523
442077,8;0,1195277
442095;0,1195457
442112,2;0,1205065
442130,7;0,1211812
442153,7;0,1215473
442173,8;0,1217428
442194,7;0,1218197
442216,9;0,12255
442237,4;0,1232946
442258,6;0,1237477
442281,5;0,1239935
442300,1;0,1241116
442320,8;0,1241116
442337,9;0,1245018
442358,9;0,1246235
442375,8;0,1246731
442395,9;0,1246705
442415;0,1246385
442435,1;0,1245956
442455,7;0,1245158
442473,6;0,1242182
442490,3;0,1241106
442508,7;0,1240011
442526,6;0,1239323
442545,4;0,1235808
442563,3;0,1234239
442581,2;0,123315
442600,3;0,1232713
442618,3;0,1230486
442637,9;0,1229307
442661,4;0,1226143
442678,3;0,1226143
442695,2;0,1224094
442711,1;0,1223123
442727,7;0,1222687
442753,3;0,1221355
442772,3;0,121794
442791,8;0,1217082
442813,2;0,1216369
442836,7;0,1216273
442858,9;0,1213138
442879,6;0,1210425
442903,7;0,1208701
442928,7;0,1206835
442953,3;0,1205079
442971;0,1203923
442987,6;0,1202131
443006,6;0,1200414
443024,4;0,1199445
443044,6;0,1197662
443065,5;0,1196643
443090,1;0,1194628
443109,7;0,1191932
443132,5;0,1190041
443157;0,1186976
443178,9;0,1185002
443200,9;0,1183583
443225,1;0,1180862
443246,6;0,1178803
443270,1;0,1176736
443291,3;0,117471
443311;0,1174242
443330,5;0,1170531
443350;0,1168786
443370,9;0,1166744
443390,6;0,1164496
443407,9;0,1163339
443426;0,1161635
443449,9;0,1160327
443466,5;0,1159386
443487,9;0,1157262
443504,5;0,1154649
443524,1;0,1152008
443540,7;0,1150296
443560;0,1148398
443576,5;0,1146686
443593,1;0,1145585
443613,2;0,1144411
443629,9;0,114145
443661,9;0,1137924
443678,5;0,1137701
443695,6;0,1134637
443711,6;0,1131954
443728,3;0,1130935
443744,8;0,1128713
443761,3;0,1128713
443777,9;0,1126746
443794,5;0,1123384
443811,8;0,112197
443828,3;0,1120802
443846,1;0,1119352
443862,7;0,1116019
443882,6;0,111389
443899,5;0,1112067
443916,8;0,1110201
443933,5;0,1108707
443953,7;0,1106632
443970,2;0,1104264
443989,2;0,1101926
444007,4;0,1100568
444024,1;0,1099304
444042,6;0,1097946
444059,2;0,1094469
444075,8;0,1093335
444092,3;0,1092527
444111,9;0,109219
444128,4;0,1089368
444147,3;0,1085166
444164;0,1082225
444181,9;0,1080828
444198,5;0,1079268
444217,8;0,1075837
444237,9;0,1073351
444254,5;0,1070675
444272,4;0,1068872
444289;0,1066896
444307,9;0,1066896
444324,9;0,1064046
444344,7;0,1060235
444361,5;0,1058626
444378,7;0,1057714
444395,2;0,1056305
444416,8;0,1051149
444433,3;0,1049861
444450,3;0,1048612
444466,9;0,1048282
444488,9;0,1042696
444505,8;0,1041042
444522,5;0,1038359
444539,3;0,1038359
444555,9;0,103643
444585,8;0,1033222
444602,3;0,1029971
444618,9;0,1026704
444635,5;0,1025318
444652,3;0,1022497
444668,6;0,1022497
444685,2;0,1019207
444701,7;0,1017298
444718,3;0,1015923
444734,9;0,1014702
444751,8;0,1014702
444768;0,1014702
444784,8;0,1011545
444803,9;0,10083
444820,6;0,1004523
444837;0,1001499
444853,6;0,1000287
444872,7;0,09961373
444889,3;0,09939753
444905,8;0,0992564
444922,5;0,09923192
444941,3;0,09885684
444957,9;0,09858394
444975,6;0,09855501
444992,2;0,09848167
445011,4;0,09813705
445028,1;0,09788774
445047,2;0,09767751
445064,5;0,09756123
445081,1;0,09752218
445101,1;0,09714883
445117,9;0,09706655
445134,3;0,09702444
445150,9;0,0967033
445170,7;0,09665578
445187,2;0,09649561
445207,4;0,0961827
445224;0,09604549
445243;0,09588953
445261,6;0,095708
445278,2;0,0955691
445294,8;0,09553289
445311,3;0,09540345
445330,4;0,09517736
445347;0,09499585
445363,6;0,09499585
445380,1;0,09490493
445396,7;0,0948212
445413,3;0,09463877
445430,7;0,094405
445460,4;0,09413045
445477;0,09413045
445493,5;0,09383364
445510,1;0,0937124
445526,7;0,09356326
445543,6;0,09348227
445559,8;0,09331523
445576,8;0,09315417
445592,9;0,09304867
445609,6;0,09292044
445626,1;0,09284823
445642,6;0,09277216
445659,2;0,09273363
445675,8;0,09253252
445692,3;0,09248054
445708,9;0,09225676
445725,8;0,09216705
445742;0,09204329
445758,6;0,09190434
445775,2;0,09182595
445791,9;0,09169339
445808,3;0,09161703
445824,9;0,09149021
445841,5;0,09135424
445858,8;0,09128856
445875,4;0,0911582
445892;0,09109037
445908,6;0,0909694
445925,1;0,09090517
445941,7;0,0907715
445958,3;0,0907715
445974,8;0,09065194
445991,4;0,0905248
446008;0,09047754
446024,8;0,090464
446041,6;0,09037547
446058;0,09019504
446074,4;0,09010663
446091,6;0,08999649
446107,4;0,08986951
446124,4;0,08978289
446140,5;0,08965589
446157,3;0,08965589
446173,6;0,0895943
446190,5;0,08943696
446206,8;0,08935468
446223,3;0,08927815
446239,9;0,08927815
446256,5;0,08911398
446273;0,08906154
446289,9;0,08894308
446306,2;0,08892714
446331,7;0,08881553
446342,8;0,08871081
446359,3;0,08863733
446375,9;0,0885413
446392,6;0,08849755
446409;0,08844714
446425,6;0,08839387
446442,6;0,08830592
446458,8;0,08820736
446476,3;0,0881131
446491,8;0,08807142
446508,4;0,08796167
446525,7;0,08792467
446541,7;0,08782902
446558,1;0,08773356
446574,7;0,08768031
446591,4;0,0875937
446607,8;0,0875937
446624,4;0,08750366
446641;0,08746158
446657,8;0,08741572
446674,1;0,08741572
446690,7;0,08737171
446707,3;0,0871997
446723,8;0,08705702
446740,3;0,08705702
446756,9;0,08694226
446773,5;0,08688021
446790,1;0,0868755
446808,2;0,08670484
446824,8;0,08661891
446841,3;0,08657432
446857,9;0,08657432
446874,6;0,0864507
446891,1;0,08634961
446907,6;0,08626577
446924,2;0,08625387
446940,8;0,08616447
446957,3;0,0860842
446973,9;0,08599335
446990,4;0,0859534
447007;0,08586437
447023,6;0,08580375
447040,2;0,08577783
447056,7;0,08570173
447073,6;0,08559857
447089,9;0,08559857
447106,4;0,08549453
447123;0,08538667
447139,6;0,08533698
447156,4;0,08529495
447172,7;0,08528703
447189,5;0,08513106
447206,1;0,08507461
447222,4;0,08504646
447245,6;0,08502935
447257,2;0,08493427
447273,8;0,08486312
447290,6;0,08482715
447306,9;0,08482715
447323,6;0,08479293
447340;0,08469342
447356,6;0,08457071
447373,2;0,08450875
447389,7;0,0844771
447406,9;0,08441393
447422,8;0,08441393
447439,4;0,08429875
447456,1;0,08428235
447472,6;0,08421516
447489,2;0,08415498
447505,7;0,08409341
447522,8;0,08409341
447538,8;0,08409341
447555,5;0,08397417
447572;0,08392067
447588,5;0,08387279
447605,1;0,08380711
447621,7;0,08377115
447638,2;0,08373737
447654,8;0,08371484
447671,3;0,0836149
447687,9;0,08355237
447704,5;0,08351115
447721;0,08346938
447737,6;0,08341261
447754,2;0,08335167
447770,8;0,08331385
447787,3;0,08324957
447803,9;0,08319587
447820,5;0,08315115
447837,1;0,08312066
447854,1;0,08308548
447870,2;0,08298633
447886,8;0,08296834
447903,5;0,08289261
447919,9;0,0828908
447936,8;0,08286095
447953,1;0,08286095
447969,6;0,08281277
447986,2;0,08268946
448002,7;0,08261232
448019,3;0,08254999
448035,8;0,08251359
448052,4;0,08247488
448069,3;0,0824371
448085,8;0,0824371
448102,1;0,08233488
448118,7;0,08229078
448135,4;0,0822329
448151,8;0,0822329
448173,7;0,08218106
448189,6;0,08211055
448206,2;0,08211055
448222,8;0,08201968
448239,6;0,08195633
448256,4;0,08189994
448272,5;0,08189994
448289;0,08187113
448306;0,08177147
448322,2;0,08172111
448338,7;0,08172111
448355,3;0,0816742
448371,8;0,08157286
448388,5;0,0815417
448405;0,08148412
448421,6;0,0814501
448438,3;0,08138921
448454,7;0,08138921
448471,3;0,08131702
448487,8;0,08126881
448504,4;0,08121003
448521;0,08115299
448537,5;0,08112339
448554,1;0,08109768
448570,7;0,08107715
448587,2;0,08106901
448603,8;0,08106656
448620,4;0,08094966
448638,2;0,08084194
448654,8;0,08080257
448671,4;0,08077455
448688,3;0,08076794
448704,7;0,08066939
448721,4;0,08060732
448737,6;0,08057331
448754,2;0,08057331
448770,8;0,08056187
448788;0,08046145
448803,9;0,08039241
448820,5;0,08036344
448837;0,08036344
448854,2;0,08025721
448870,2;0,08022184
448886,8;0,08017783
448903,6;0,08017783
448920,8;0,08011167
448936,6;0,08006158
448953;0,08002172
448969,6;0,0799671
448986,1;0,0799671
449002,7;0,07991095
449019,4;0,07987072
449035,8;0,07982034
449052,4;0,07978401
449068,9;0,07976911
449085,5;0,07974
449105,6;0,07968836
449122,2;0,07962564
449139,2;0,0795991
449155,3;0,07955447
449171,9;0,07952629
449188,4;0,07952629
449205,2;0,07950234
449221,6;0,07947882
449238,1;0,07947882
449254,7;0,07942653
449271,3;0,07930194
449288,3;0,07920653
449304,5;0,07914251
449321;0,07908959
449337,8;0,0790491
449354,1;0,07898683
449370,8;0,07895078
449387,5;0,07893377
449404;0,07884686
449420,9;0,07878403
449437,7;0,07875046
449453,5;0,07873756
449470,1;0,07863256
449486,8;0,07861812
449503,5;0,07858776
449520,1;0,07848094
449536,3;0,07842161
449552,9;0,07837837
449569,5;0,07832676
449586,5;0,07826111
449602,6;0,07822923
449619,2;0,07822923
449635,8;0,0781292
449652,3;0,078095
449668,9;0,07802767
449685,4;0,07799544
449702;0,07794572
449718,7;0,07786197
449735,6;0,07783245
449751,7;0,0778289
449768,3;0,07769273
449784,8;0,07766221
449801,4;0,07759264
449818;0,07755668
449834,5;0,07752409
449851,2;0,07751292
449867,7;0,07748888
449884,3;0,07743368
449901,6;0,07727148
449917,3;0,07719692
449934;0,07715405
449950,5;0,07708272
449967,4;0,07704257
449989,8;0,07698838
450006,3;0,07690968
450022,9;0,07683811
450039,5;0,07675659
450056;0,07667268
450072,7;0,07662855
450089,2;0,07654172
450105,8;0,07649996
450122,3;0,07642887
450138,8;0,07636122
450156,1;0,07628758
450172,9;0,07623524
450188,6;0,07616105
450205,1;0,07608643
450221,7;0,0760342
450238,7;0,07595015
450254,8;0,07590142
450271,4;0,07590142
450288;0,07578979
450304,5;0,07577422
450321,1;0,07564564
450337,8;0,0755429
450354,3;0,07548369
450371;0,07540841
450387,4;0,07535867
450404;0,07535867
450420,5;0,07516889
450437,1;0,07511962
450453,7;0,07502534
450470,3;0,07497582
450486,8;0,07496904
450503,3;0,07492908
450519,9;0,07492357
450536,8;0,07485307
450553;0,07467242
450569,9;0,07446712
450586,3;0,07442094
450602,7;0,07442094
450619,4;0,07432484
450635,9;0,07417571
450652,4;0,07412079
450669;0,07402021
450685,6;0,07392922
450702,5;0,07388022
450718,8;0,07378136
450735,3;0,07372969
450751,8;0,07372969
450768,4;0,07362809
450785,5;0,07349858
450802,3;0,07344336
450818,1;0,07340815
450834,7;0,07337628
450851,2;0,07321746
450880,8;0,07308173
450897,3;0,07302571
450913,9;0,07298574
450930,5;0,0729241
450947,4;0,07279785
450963,6;0,07270434
450980,2;0,07265306
450996,8;0,07256164
451013,4;0,07251666
451029,9;0,07251666
451046,7;0,07234856
451063;0,07228342
451079,6;0,07224007
451096,1;0,07218876
451112,8;0,07214558
451129,3;0,07214558
451146,2;0,07210119
451162,4;0,07209663
451179;0,07203601
451195,6;0,07182016
451212,5;0,07169884
451228,8;0,07169884
451245,5;0,0715378
451262,2;0,07146158
451278,8;0,07136714
451295,3;0,07131856
451311,8;0,07128123
451328,4;0,07121898
451344,9;0,07115729
451361,5;0,07107773
451378,1;0,07103301
451395,1;0,07102986
451411,2;0,07087789
451427,8;0,07083242
451444,3;0,07075863
451461,6;0,0707143
451478,6;0,07063758
451495,1;0,07058409
451511,7;0,07052335
451528,3;0,07052335
451545,7;0,07040312
451562,2;0,07033817
451578,8;0,07028754
451595,3;0,07028754
451612;0,07017984
451628,5;0,07014055
451645,1;0,07010166
451661,8;0,07000104
451678,2;0,06993171
451695,6;0,06989425
451711,3;0,06989425
451728,3;0,06978522
451754;0,06973122
451770,7;0,06971732
451787,2;0,069703
451804;0,06966997
451820,3;0,06954608
451836,8;0,06954608
451853,4;0,06944772
451870;0,06938162
451887,2;0,06934855
451904,1;0,06932266
451919,7;0,06931894
451936,2;0,06922002
451952,8;0,06918892
451970,2;0,06914926
451986,3;0,06912591
452002,5;0,06912096
452019;0,0690483
452035,6;0,06901198
452052,2;0,06897202
452068,8;0,06895165
452085,3;0,06891112
452101,9;0,06888609
452118,8;0,06885177
452135;0,06883452
452152,1;0,06881505
452168,6;0,06877401
452185,6;0,06874046
452201,3;0,06874046
452218,1;0,06868751
452234,5;0,06865403
452251,1;0,06863821
452267,6;0,06860851
452284,1;0,06858735
452300,8;0,06856683
452317,5;0,0685541
452333,8;0,06852822
452350,4;0,06850656
452366,9;0,06849512
452383,8;0,06848314
452400,1;0,06848314
452416,7;0,0684735
452433,2;0,06846336
452450;0,06846336
452466,4;0,06843519
452482,9;0,06840735
452500,1;0,06839139
452516,1;0,06839139
452532,6;0,06838665
452549,2;0,06837189
452565,9;0,06835826
452582,6;0,06835476
452598,9;0,06835476
452619,8;0,06834648
452632;0,06832813
452648,6;0,06832225
452665,9;0,06832225
452681,7;0,06830348
452698,3;0,06829645
452714,9;0,06828296
452731,4;0,06827242
452748,5;0,06826135
452764,8;0,06826135
452781,4;0,06821546
452797,7;0,06819459
452814,3;0,06815204
452830,8;0,06810591
452847,7;0,06810591
452864,1;0,06805938
452881;0,06799871
452897,1;0,06795863
452913,7;0,06793371
452930,7;0,06793371
452946,8;0,06783417
452963,7;0,06780962
452980,6;0,06775657
452996,6;0,06773299
453013,3;0,06768396
453029,9;0,06766091
453046,2;0,06766091
453062,8;0,06766091
453079,3;0,06763475
453096,4;0,06761228
453112,5;0,0675099
453129;0,06741194
453146,5;0,0673881
453162,5;0,06733912
453179,2;0,06731523
453195,8;0,06726351
453211,8;0,06722762
453228,4;0,06721133
453245;0,06714206
453261,6;0,06711666
453278,3;0,06706819
453294,7;0,06703668
453311,6;0,0669936
453327,8;0,0669936
453344,4;0,06694289
453361,2;0,06689604
453377,5;0,06687587
453394,1;0,06682619
453410,7;0,06682619
453427,2;0,0667315
453444,1;0,0667071
453460,3;0,06665865
453483,5;0,06663308
453493,5;0,06658754
453510,4;0,06656135
453526,6;0,06651577
453543,2;0,06647773
453559,9;0,06644415
453576,3;0,06642285
453593,1;0,06637572
453609,8;0,06632793
453626;0,06632793
453642,6;0,06627923
453659,2;0,06623258
453676;0,06621078
453692,4;0,0661881
453708,9;0,0661881
453725,4;0,06614038
453742;0,06604852
453758,5;0,06600368
453775,1;0,06598023
453791,7;0,06598023
453808,3;0,0658979
453824,8;0,0658979
453841,5;0,0658496
453858,4;0,06582363
453874,5;0,06580339
453891,3;0,06579543
453907,7;0,0657835
453925;0,06578053
453940,8;0,06577145
453957,4;0,06577145
453974,1;0,06576854
453990,7;0,06576741
454007,1;0,06574631
454023,6;0,06571876
454040,4;0,06569809
454057,3;0,06568518
454073,3;0,06567848
454090,1;0,06562657
454106,4;0,06561534
454123;0,06558415
454139,6;0,06557024
454156,2;0,06553793
454172,7;0,06552558
454189,3;0,06552558
454205,9;0,06548213
454222,4;0,0654515
454239;0,06542245
454255,7;0,06541454
454272,6;0,06537676
454288,7;0,06536221
454305,6;0,06533211
454321,8;0,06533211
454338,4;0,06531491
454355;0,0653087
454371,5;0,06530091
454396,4;0,0652397
454404,7;0,06519247
454421,2;0,0651514
454437,8;0,06513525
454454,4;0,06510095
454470,9;0,06507543
454487,7;0,06504561
454504,4;0,06500924
454520,9;0,06499054
454537,2;0,06499054
454553,8;0,06494747
454570,5;0,06489409
454586,9;0,06487323
454603,5;0,06487159
454620;0,06481285
454637;0,06478805
454653,3;0,0647362
454669,8;0,06471749
454686,5;0,06467828
454702,8;0,06465557
454719,4;0,06463864
454736,1;0,06461865
454752,6;0,06456364
454769,1;0,06455309
454785,7;0,06453525
454802,3;0,06453525
454819,6;0,06452017
454835,4;0,06450987
454852;0,06450519
454868,7;0,06450316
454885,5;0,06450007
454901,7;0,06449498
454918,2;0,06449143
454934,8;0,06449091
454951,4;0,0644889
454968,1;0,0644889
454984,5;0,06448588
455001,1;0,06448486
455017,6;0,0644808
455034,2;0,06447019
455050,8;0,06446715
455067,3;0,06446715
455084,3;0,06446259
455100,5;0,06445653
455117;0,06445251
455133,6;0,06444896
455150,6;0,06444896
455166,7;0,0644379
455183,3;0,0644329
455199,9;0,06442738
455216,4;0,06442688
455233;0,06441784
455249,5;0,06441481
455266,1;0,06440779
455283,1;0,06440179
455299,7;0,06439578
455316,2;0,06438675
455332,8;0,06438219
455349,3;0,06437872
455365,9;0,06436916
455382,5;0,06435917
455399,1;0,06434964
455415,6;0,06434464
455432,5;0,06433463
455448,7;0,0643291
455465,3;0,06431957
455481,9;0,0643141
455499,3;0,06430511
455515,2;0,06430058
455531,7;0,06429559
455548,1;0,06428257
455564,7;0,06427805
455581,3;0,06427106
455598;0,06426854
455614,4;0,06426357
455630,9;0,06426357
455647,5;0,06425258
455664,1;0,06423356
455680,7;0,06422307
455697,3;0,06421854
455714,3;0,06420607
455730,7;0,0641991
455746,9;0,06418706
455763,6;0,06418706
455780,1;0,064166
455796,7;0,06415797
455813,2;0,06414035
455829,8;0,06413332
455846,8;0,06410088
455862,9;0,064086
455880;0,064086
455896,2;0,06406429
455912,6;0,06398039
455929,4;0,06395543
455946,1;0,06393056
455962,3;0,06393056
455978,8;0,06386255
455995,5;0,06382935
456012;0,06382235
456029,1;0,06382235
456045,1;0,06381534
456061,7;0,06381
456078,3;0,06380893
456094,8;0,06380677
456111,9;0,06380732
456128,3;0,06380945
456144,5;0,06381157
456161,4;0,06381268
456177,9;0,06381485
456194,3;0,06381645
456211,1;0,06381807
456227,3;0,06382129
456244,7;0,06382129
456260,6;0,06382399
456277,1;0,06382399
456293,6;0,06382933
456310,4;0,06384058
456326,8;0,06385082
456343,4;0,06385569
456359,9;0,06385946
456376,5;0,0638627
456393;0,06386803
456409,9;0,06388199
456426,8;0,06388578
456443,5;0,06388578
456459,5;0,06389701
456476;0,06390716
456492,4;0,06391725
456509,4;0,06392308
456525,9;0,06393319
456542,2;0,06394534
456558,9;0,06395546
456576;0,06396765
456591,9;0,06397299
456608,4;0,06398354
456625;0,06399246
456641,6;0,06399716
456658,5;0,06400394
456674,9;0,06400811
456691,4;0,06401333
456707,9;0,06401747
456724,4;0,06401747
456740,9;0,06402528
456758,4;0,06402528
456774,1;0,06403772
456790,6;0,06404757
456807,2;0,06405688
456823,8;0,06405947
456840,3;0,06406359
456857,1;0,06407031
456873,5;0,06407031
456890,2;0,06407287
456906,6;0,0640775
456923,2;0,0640775
456939,8;0,06408884
456956,5;0,0641083
456972,9;0,06412012
456989,4;0,06412012
457006;0,06413137
457023;0,06414156
457039,5;0,0641508
457055,7;0,06415648
457072,9;0,0641693
457088,8;0,06418002
457105,5;0,06419172
457125,4;0,06420038
457142;0,06420707
457158,5;0,06421628
457175,1;0,06423354
457191,7;0,06424931
457208,3;0,06425494
457224,9;0,06426971
457241,4;0,06427783
457257,9;0,06429412
457274,5;0,06429412
457291,1;0,06431608
457307,6;0,06433082
457324,2;0,06435177
457340,8;0,06437593
457357,3;0,06439195
457373,9;0,06439195
457390,6;0,06444069
457407;0,06447231
457423,6;0,06449103
457440,2;0,06451044
457456,7;0,06452549
457473,4;0,06458554
457489,9;0,06461705
457506,4;0,06464464
457523;0,06464464
457539,7;0,0646629
457556,2;0,06466657
457573;0,06472384
457589,5;0,06480775
457605,8;0,06483222
457622,4;0,06487147
457639;0,06490965
457655,6;0,06492843
457672,1;0,06492843
457688,7;0,06497762
457705,2;0,06501665
457721,9;0,06505454
457738,9;0,06508298
457755;0,06508298
457771,6;0,06508972
457788,1;0,06515425
457805,2;0,06518954
457821,2;0,06520609
457837,8;0,06520861
457854,4;0,06527608
457871,4;0,06529274
457887,6;0,06532368
457904;0,06534054
457920,6;0,06537302
457937,7;0,06538751
457953,8;0,06538751
457970,3;0,06542322
457986,9;0,06542322
458003,4;0,06544687
458020;0,06545117
458037;0,06545117
458053,1;0,06545442
458069,9;0,06545226
458086,8;0,06545226
458102,8;0,06544851
458119,4;0,06544209
458136;0,06543942
458152,7;0,06543942
458169,1;0,06543622
458185,7;0,06543515
458202,3;0,06543303
458218,8;0,06542712
458235,3;0,06541049
458252,5;0,06540085
458268,8;0,06539656
458285,7;0,06539656
458301,6;0,06539334
458318,2;0,06537199
458335,4;0,06536236
458351,3;0,06536236
458367,9;0,0653538
458384,5;0,06534364
458401;0,06533401
458417,6;0,06532864
458434,3;0,06532864
458450,8;0,06530888
458467,3;0,06530303
458483,9;0,06529451
458500,6;0,0652913
458517;0,06527961
458533,6;0,06526738
458550,1;0,06525513
458566,7;0,06524398
458583,3;0,06524185
458599,9;0,06523868
458616,5;0,06522438
458633,8;0,06521856
458649,5;0,06521545
458666,4;0,06521126
458682,7;0,06520965
458699,2;0,06521073
458715,8;0,06521073
458732,4;0,06520965
458748,9;0,06521018
458765,5;0,06521122
458782,2;0,06521228
458798,7;0,06521228
458815,2;0,06521122
458831,8;0,06521226
458848,3;0,06521122
458865,8;0,06521174
458881,5;0,06521329
458898;0,06521329
458915,5;0,06521121
458931,2;0,06520962
458947,8;0,06520967
458964,3;0,06520967
458980,9;0,06520759
458997,4;0,0652045
459014;0,06520293
459030,6;0,06520397
459047,1;0,06520552
459063,8;0,06521969
459080,3;0,06523344
459097;0,0652398
459113,6;0,06524721
459130;0,06525356
459146,5;0,06527045
459163,1;0,06528257
459179,7;0,06529687
459196,2;0,06529687
459212,8;0,06529894
459229,4;0,06532811
459246,4;0,06533603
459262,5;0,06534294
459279,1;0,06534396
459295,6;0,06536574
459312,3;0,06537428
459328,8;0,06537804
459345,3;0,06537963
459362,9;0,06538017
459378,5;0,06537694
459395;0,06537694
459411,6;0,06536993
459428,2;0,0653607
459444,7;0,0653607
459461,3;0,06535475
459478;0,06535475
459494,9;0,06533843
459511,6;0,06532591
459527,6;0,06532212
459544,3;0,06529103
459560,8;0,06527793
459577,3;0,06527084
459594,3;0,06525557
459610,4;0,06524736
459626,9;0,0652348
459643,5;0,06522281
459660,2;0,06521685
459676,7;0,06520703
459693,3;0,06520322
459709,9;0,06519453
459726,4;0,06518369
459742,9;0,06518041
459759,5;0,06517237
459776,1;0,06517237
459792,7;0,06515517
459809,2;0,06514975
459826,4;0,06514491
459843;0,06514383
459859,5;0,06514008
459876,1;0,06512987
459892,8;0,06512717
459909,2;0,06512289
459926;0,06511753
459942,3;0,06511323
459959,7;0,06511217
459975,5;0,06510789
459992,1;0,06510574
460008,6;0,06510574
460025,2;0,06510095
460041,8;0,06509772
460058,3;0,06509506
460074,9;0,06509612
460091,5;0,06509453
460108,3;0,06509453
460124,7;0,06509453
460141,2;0,06509453
460157,8;0,06509398
460174,3;0,0650924
460190,8;0,06509083
460207,4;0,06509083
460224,4;0,06509241
460240,6;0,06509137
460257,4;0,06509137
460273,8;0,06509137
460290,3;0,06509083
460306,8;0,06509031
460323,4;0,06509084
460340;0,06509137
460356,7;0,06509137
460373,1;0,06508926
460389,7;0,06508978
460407;0,06508873
460422,8;0,06508873
460439,7;0,06508873
460455,9;0,06508878
460472,5;0,06508774
460489,1;0,06508774
460505,6;0,06508878
460522,3;0,06508982
460538,9;0,06509088
460555,3;0,06509139
460572,6;0,06509243
460588,8;0,06509296
460605;0,06509297
460621,6;0,0650935
460638,2;0,06509297
460654,7;0,06509403
460671,3;0,06509405
460687,8;0,06509352
460704,4;0,0650925
460721,5;0,0650925
460737,6;0,06509304
460754,4;0,06509253
460770,7;0,06509043
460787,3;0,06509045
460803,8;0,06508993
460820,6;0,06508992
460837,4;0,06508992
460853,5;0,06509095
460870,1;0,06509043
460886,7;0,06508993
460903,2;0,06509045
460919,8;0,06509251
460936,3;0,06509251
460953,4;0,06509354
460969,5;0,0650956
460986,4;0,0650956
461002,7;0,06509662
461019,2;0,06509715
461035,8;0,06509715
461052,3;0,06509715
461068,9;0,065081
461085,4;0,06506472
461102;0,06504991
461118,6;0,0650325
461135,2;0,06502194
461151,7;0,06501462
461168,3;0,06501146
461185,3;0,06497774
461201,4;0,06495825
461218;0,06494834
461234,6;0,06494834
461251,1;0,06492525
461268;0,0648969
461284,3;0,06488547
461300,8;0,06487339
461317,4;0,06487339
461334;0,06482603
461350,7;0,06481203
461367,1;0,06479952
461383,6;0,06479952
461400,2;0,06478705
461416,8;0,06474365
461433,3;0,06471156
461449,9;0,06469769
461466,5;0,06469769
461483,1;0,06465192
461500,1;0,06462879
461516,3;0,06461233
461533,1;0,06458768
461549,3;0,06457419
461566,1;0,06454901
461582,5;0,06453059
461599,6;0,06451108
461616,2;0,06451108
461632,2;0,06448328
461649,5;0,06445605
461665,5;0,06444522
461681,8;0,06440473
461698,4;0,06438938
461715;0,06437599
461731,5;0,06434983
461749,1;0,06432366
461764,7;0,06431237
461781,3;0,06429226
461797,9;0,06428137
461814,4;0,06426584
461831,4;0,06424463
461847,7;0,06424463
461864,1;0,06422806
461880,7;0,06421205
461897,2;0,06421205
461913,8;0,06418294
461930,3;0,0641778
461946,9;0,06416013
461963,5;0,06414508
461980;0,06413782
461996,8;0,06412954
462013,2;0,06412954
462029,8;0,06412175
462046,5;0,06412023
462063,3;0,06409689
462079,5;0,06406076
462096,7;0,06405036
462112,6;0,06404314
462129,3;0,06403896
462145,8;0,06401575
462162,3;0,06399611
462179;0,06398629
462195,4;0,06398629
462212;0,0639661
462228,6;0,06394486
462245,1;0,06392935
462261,7;0,06392781
462278,3;0,0639118
462294,8;0,06390669
462311,4;0,06388599
462327,9;0,0638736
462344,6;0,06386638
462361,1;0,06386278
462377,7;0,06383491
462394,6;0,06382253
462410,8;0,06381217
462427,3;0,06380446
462443,9;0,06379111
462460,5;0,0637772
462477,1;0,0637772
462493,6;0,06376897
462510,5;0,06374131
462526,8;0,06372558
462543,3;0,06370734
462559,9;0,06370734
462576,4;0,06368097
462593,3;0,06365107
462609,6;0,06362195
462626,2;0,06360292
462642,7;0,06360292
462659,3;0,06358888
462676;0,06358888
462692,4;0,06356087
462709,4;0,06347945
462725,9;0,06346152
462742,1;0,06343009
462758,9;0,06343009
462775,3;0,06340775
462791,8;0,06336088
462808,4;0,06333646
462825;0,06333646
462841,5;0,06329959
462858,1;0,06326633
462874,7;0,06323899
462891,3;0,06323402
462907,8;0,06320984
462924,4;0,06319618
462941;0,06318853
462957,5;0,06318853
462974,5;0,06316915
462990,8;0,0631584
463007,2;0,06314972
463023,8;0,06314617
463040,3;0,06314617
463056,9;0,06313028
463073,5;0,06312924
463090,5;0,06312055
463106,6;0,06311544
463123,4;0,06310984
463140;0,06310625
463156,3;0,06310317
463173,1;0,06310163
463189,4;0,06309501
463206;0,06309501
463222,6;0,06308892
463239,1;0,06308889
463255,7;0,06308539
463272,3;0,06308488
463288,8;0,06308488
463305,4;0,06308438
463322;0,06308387
463338,5;0,06308939
463355,1;0,06309094
463371,8;0,06309549
463388,2;0,06309748
463404,8;0,06310352
463421,3;0,06310853
463438,4;0,06311154
463454,5;0,06311806
463471,3;0,06312109
463487,8;0,06312307
463504,2;0,06312757
463520,8;0,06313058
463537,7;0,06313556
463553,9;0,06313956
463570,5;0,06314551
463587;0,06314898
463603,6;0,06315047
463620,2;0,06315047
463636,7;0,0631634
463653,3;0,06316789
463670,1;0,06317388
463686,4;0,06317388
463703,4;0,06317734
463720,1;0,06319126
463736,1;0,06319775
463752,7;0,06319926
463769,4;0,06320377
463786;0,0632068
463802,5;0,06320629
463818,9;0,06320678
463835,5;0,06320729
463852,2;0,06320729
463868,7;0,06320728
463885,2;0,06320728
463901,8;0,06320778
463918,4;0,06320475
463935;0,06320371
463951,5;0,06320371
463968,1;0,06320371
463984,6;0,06320269
464001,2;0,06319966
464017,8;0,06319915
464034,8;0,06319965
464051,4;0,06319862
464067,4;0,06319862
464084;0,06319862
464100,7;0,06319813
464117,2;0,06319712
464133,7;0,06319712
464150,6;0,06319864
464166,8;0,06319915
464183,4;0,06319966
464200;0,06320064
464216,6;0,06320018
464233,5;0,06320219
464249,7;0,0632027
464266,6;0,06320472
464282,9;0,0632067
464299,4;0,06320574
464316,3;0,06320626
464332,5;0,06320573
464349,3;0,06320573
464365,9;0,06320675
464382,2;0,06320677
464398,8;0,06320624
464419,8;0,0632092
464432,6;0,06320725
464448,5;0,06320824
464465,1;0,06320875
464482,1;0,06320974
464498,2;0,06321172
464515;0,06321224
464531,5;0,06321473
464548,1;0,06322459
464564,4;0,06322459
464581;0,06322756
464598;0,06322805
464614,2;0,06323787
464631;0,06326238
464647,3;0,06326967
464663,8;0,06327751
464680,4;0,06328528
464697,4;0,06330572
464713,6;0,06332126
464730,2;0,06332757
464746,7;0,06332953
464763,3;0,06335231
464779,8;0,06336638
464796,4;0,06337468
464813,1;0,06339025
464829,5;0,06339025
464846,1;0,06341648
464862,6;0,06342186
464879,2;0,06343937
464896,3;0,06344821
464912,4;0,06345115
464928,9;0,0634531
464945,5;0,0634536
464962,1;0,0634541
464978,6;0,06345258
464995,2;0,06345256
465011,9;0,06345155
465028,3;0,06345155
465044,9;0,06345055
465061,5;0,06344903
465078,1;0,06344345
465094,6;0,06344243
465111,2;0,06344243
465127,7;0,06343789
465144,3;0,06343739
465160,8;0,06343336
465177,4;0,06343234
465194,2;0,06342984
465210,5;0,06343033
465227,1;0,06342831
465243,9;0,06342679
465260,3;0,06342174
465276,8;0,06342022
465294,3;0,0634187
465310;0,06341668
465326,5;0,06341571
465344,9;0,06341315
465361,5;0,06341264
465378,1;0,06340859
465394,6;0,06340504
465411,2;0,06340302
465427,8;0,06339999
465444,3;0,0633975
465460,9;0,06339196
465477,5;0,06338894
465494,1;0,06338444
465510,7;0,06337948
465527,2;0,06337204
465544,2;0,06336264
465560,3;0,06335722
465577,1;0,06334493
465593,4;0,06333801
465610,5;0,06333801
465626,6;0,06331123
465643,1;0,06327606
465659,7;0,06327606
465676,3;0,06322292
465692,9;0,06318535
465709,4;0,06316778
465725,9;0,06312785
465742,5;0,06310648
465759,1;0,06306343
465775,7;0,06304345
465792,3;0,06299953
465809,1;0,06297974
465825,4;0,06293634
465841,9;0,06293634
465858,5;0,06291271
465875,3;0,06291271
465892;0,06286243
465908,3;0,06275818
465925,4;0,06271189
465941,3;0,06266982
465958,5;0,06266982
465974,5;0,06264524
465991,1;0,06256
466007,6;0,06251696
466024,2;0,06246551
466041;0,06244028
466057,7;0,0623918
466074,2;0,06235935
466090,4;0,0623153
466107;0,0623153
466123,7;0,06228976
466140,1;0,06219597
466156,7;0,062187
466174;0,06212177
466189,8;0,06212177
466206,4;0,06207022
466223,3;0,06202613
466239,6;0,06197539
466256,2;0,06196159
466272,7;0,06192601
466289,2;0,06190194
466306,3;0,06182798
466322,3;0,06182798
466339;0,06177686
466355,5;0,0617058
466372,4;0,06167908
466388,7;0,06165529
466405,7;0,06162203
466421,8;0,0615543
466438,3;0,06150487
466454,9;0,06148277
466471,8;0,06145585
466488,2;0,06145585
466505,2;0,06143103
466521,2;0,06140821
466537,7;0,06133728
466554,5;0,0612572
466570,9;0,06124427
466587,4;0,06122834
466604;0,06115774
466620,6;0,06112744
466637,1;0,06111304
466654;0,06109061
466670,3;0,06102085
466686,8;0,06097732
466703,4;0,06095365
466720;0,06095365
466736,5;0,06087484
466753,3;0,0608415
466769,8;0,0608166
466786,2;0,06077073
466802,9;0,06077073
466819,4;0,06070663
466836,8;0,06065434
466852,5;0,06062968
466869,1;0,06060424
466885,6;0,06060424
466902,2;0,06053872
466918,8;0,06046011
466935,7;0,06043907
466951,9;0,06043907
466968,5;0,06037559
466985;0,06033841
467001,6;0,06033841
467018,3;0,06024551
467035,1;0,06020877
467051,3;0,06017013
467067,9;0,06017013
467084,4;0,06012461
467101,6;0,06006744
467117,6;0,06005081
467134,2;0,06002842
467150,7;0,06002842
467167,3;0,05997734
467183,9;0,0599209
467200,5;0,05989188
467216,9;0,05979102
467233,5;0,05975835
467250,3;0,05973114
467266,9;0,05971187
467283,2;0,05969157
467300,4;0,05961681
467316,4;0,05956977
467332,9;0,05954468
467349,5;0,05954468
467366,1;0,05946042
467382,6;0,0594241
467399,2;0,05940295
467415,8;0,0593793
467432,3;0,0593615
467448,9;0,05928937
467465,5;0,05924562
467482,3;0,05922241
467498,7;0,05920471
467515,2;0,05918205
467532,1;0,0591267
467548,3;0,0590947
467565,2;0,05907861
467581,4;0,05905919
467598;0,05903561
467614,6;0,05902512
467631,1;0,05902512
467647,7;0,0589951
467664,3;0,05898838
467680,8;0,05898435
467697,4;0,05898299
467714;0,05898299
467730,5;0,05897807
467747,1;0,0589785
467763,7;0,05897675
467780,5;0,0589763
467796,8;0,0589763
467813,3;0,0589763
467829,9;0,05897763
467846,5;0,05898288
467863,1;0,05898549
467880,5;0,05898549
467896,2;0,05898901
467912,8;0,05900077
467929,3;0,0590038
467945,9;0,05900685
467962,5;0,05900685
467979;0,0590164
467996,1;0,05902032
468012,6;0,05902205
468028,8;0,05902205
468045,3;0,05902597
468062,5;0,05902767
468078,4;0,05902853
468095,3;0,05902897
468111,6;0,05902897
468128,1;0,05902984
468145,2;0,05902768
468161,3;0,05902766
468178;0,05902766
468194,4;0,0590259
468211,3;0,05902547
468228;0,05902461
468244,1;0,05902417
468261;0,05902376
468277,2;0,05902376
468293,9;0,05902288
468310,7;0,05902288
468327,1;0,05902418
468343,5;0,05902418
468360,5;0,05902381
468376,7;0,05902468
468393,2;0,05902511
468410,5;0,05902511
468426,9;0,05902511
468442,9;0,05902554
468459,9;0,05902424
468476;0,05902598
468492,7;0,05902125
468509,2;0,05901993
468525,7;0,05901778
468542,3;0,05901648
468558,9;0,05901306
468575,6;0,0590096
468592;0,0590096
468608,6;0,0590027
468625,2;0,05899924
468641,7;0,05899278
468658,5;0,05898803
468675,1;0,05898457
468691,4;0,05898112
468708,1;0,05898027
468724,6;0,05897726
468741,1;0,05897509
468757,7;0,05897424
468774,2;0,05897296
468790,8;0,05896954
468807,4;0,05896911
468823,9;0,0589648
468840,5;0,05896221
468857,1;0,05895919
468873,6;0,05895617
468890,2;0,05895617
468906,8;0,05895059
468923,3;0,05894547
468940,2;0,0589399
468956,8;0,05893605
468973;0,05893605
468991,2;0,05892412
469007,7;0,05891388
469024,3;0,05890535
469041,3;0,05890535
469057,9;0,05889981
469074;0,05889981
469090,6;0,05888073
469107,3;0,05885746
469124;0,05884905
469140,3;0,0588351
469157;0,0588279
469173,4;0,05881356
469190;0,05881356
469206,5;0,05879717
469223,3;0,05877746
469239,7;0,05876603
469256,3;0,05875679
469273,3;0,05875679
469289,4;0,05873151
469306;0,05871458
469322,5;0,05869973
469339,1;0,05869209
469355,8;0,05869209
469372,2;0,05866331
469388,9;0,05866331
469405,4;0,05866032
469422,2;0,05866424
469438,6;0,05867171
469455;0,05867659
469471,7;0,05867659
469488,8;0,05869471
469505;0,05870493
469521,7;0,05871164
469537,9;0,05871698
469554,9;0,0587237
469571,3;0,05873938
469587,6;0,05874694
469604,1;0,05875541
469621,3;0,05876092
469637,4;0,0587659
469654,4;0,05877037
469670,4;0,05877981
469686,9;0,05877981
469703,5;0,05878477
469720,1;0,05878746
469736,9;0,0587933
469753,3;0,05880814
469770;0,05881444
469786,4;0,05881891
469803,8;0,05882473
469819,5;0,05883011
469836,5;0,05883373
469852,6;0,05883729
469869,8;0,05884179
469885,8;0,0588485
469902,3;0,05885118
469919,1;0,05884945
469935,5;0,05884945
469952;0,05883482
469968,8;0,05883482
469985,2;0,05878885
470001,8;0,05877453
470018,3;0,05874408
470034,9;0,05871624
470051,9;0,05869804
470068;0,05866824
470084,6;0,05864923
470101,6;0,05863512
470117,7;0,05861782
470134,3;0,05857266
470150,8;0,05857266
470167,5;0,05853598
470184;0,05850145
470200,8;0,05847584
470217,2;0,05843933
470233,7;0,05842397
470250,5;0,05840294
470266,8;0,05840294
470283,3;0,05838968
470299,9;0,05838709
470317,3;0,05838711
470333,1;0,05838666
470349,6;0,05838623
470366,2;0,05838708
470382,8;0,05839448
470399,5;0,05840626
470416;0,05841193
470432,8;0,05841675
470449;0,05842417
470465,6;0,05843025
470482,2;0,05843505
470498,7;0,05844417
470515,3;0,05845201
470531,9;0,05845548
470548,4;0,05845982
470565;0,05845982
470581,6;0,05846283
470598,2;0,0584836
470614,7;0,05848884
470631,3;0,05848884
470647,8;0,0584923
470664,4;0,05850396
470681;0,05850786
470697,5;0,05850959
470714,1;0,05850959
470730,7;0,0584867
470747,7;0,05846588
470763,8;0,05843832
470780,4;0,05842048
470797,1;0,05842048
470813,5;0,05833518
470830,1;0,0583146
470846,6;0,05827324
470863,2;0,05824873
470879,8;0,05823002
470896,5;0,05819672
470912,9;0,05814501
470929,6;0,05811032
470946,1;0,05808873
470962,6;0,0580828
470979,2;0,05806299
470995,7;0,0580614
471012,8;0,05801967
471028,9;0,05794215
471045,4;0,05789097
471062;0,05786194
471078,6;0,05784097
471095,1;0,05784097
471111,7;0,05775646
471128,5;0,05773581
471144,8;0,05770676
471161,4;0,05770566
471178,4;0,0576869
471195,5;0,0576869
471211,1;0,05767315
471227,8;0,05767067
471244,2;0,05766954
471260,9;0,05766946
471277,4;0,05767367
471293,9;0,05767367
471310,7;0,05767984
471327,1;0,05768424
471343,8;0,05769133
471360,2;0,05769108
471376,8;0,05769343
471393,3;0,0576914
471409,9;0,05767943
471426,5;0,05766483
471443,2;0,05766483
471459,7;0,05764972
471476,2;0,05760959
471492,8;0,05758809
471509,3;0,05755652
471526,3;0,05753447
471542,4;0,05750595
471559;0,05748637
471575,6;0,05745821
471592,3;0,05744276
471609,2;0,05743712
471625,8;0,05742586
471641,8;0,05740998
471658,8;0,05736196
471678,2;0,05730516
471694,8;0,05728046
471711,4;0,05724696
471728;0,05722815
471744,5;0,05721094
471761,1;0,05720244
471777,7;0,05713633
471794,4;0,0570992
471810,8;0,0570992
471827,3;0,05705227
471843,9;0,057026
471860,5;0,05699191
471877,6;0,05699191
471893,7;0,05697608
471910,2;0,05692343
471927;0,0569087
471944;0,05690409
471960;0,0569012
471976,4;0,05690487
471993;0,05690808
472010,1;0,05691539
472026,2;0,05691937
472042,7;0,05692902
472059,3;0,05693224
472075,8;0,05693938
472092,4;0,05694254
472109;0,05694254
472125,6;0,05695009
472142,1;0,05695555
472158,7;0,05696396
472175,9;0,05696505
472191,8;0,05697386
472208,4;0,05697805
472224,9;0,05698683
472241,5;0,05698683
472258,3;0,05698683
472274,6;0,05698683
472291,8;0,05697425
472308;0,05693952
472324,3;0,05691205
472340,9;0,05688353
472357,5;0,05686878
472374;0,05685409
472390,6;0,05683299
472407,2;0,05679093
472423,8;0,05679093
472440,3;0,056742
472456,8;0,0567226
472473,4;0,05669567
472490,4;0,05666573
472506,8;0,05665022
472523,1;0,05663145
472539,7;0,05661797
472556,3;0,05655432
472572,8;0,05645098
472589,4;0,05641827
472606;0,05641827
472622,5;0,05631515
472639,1;0,05623727
472655,8;0,05620293
472672,2;0,05613067
472688,8;0,05613067
472705,4;0,05602472
472721,9;0,05597017
472738,5;0,05594811
472755,2;0,05592387
472771,9;0,05589556
472788,2;0,05586569
472804,8;0,05585045
472821,5;0,05582466
472838,1;0,05581256
472854,5;0,05578849
472871;0,05577587
472887,6;0,05577587
472904,2;0,05576449
472920,7;0,05575913
472937,3;0,05570573
472953,8;0,05568187
472970,4;0,05565855
472987;0,0556473
473004;0,05562211
473020,1;0,05561481
473036,7;0,05561481
473053,9;0,05558451
473069,8;0,0555655
473086,5;0,0555528
473103;0,05554939
473119,5;0,05553893
473137;0,05551926
473152,7;0,05549239
473169,2;0,05546327
473186,4;0,05545376
473202,4;0,05541469
473219;0,05535938
473236,3;0,05530772
473252,5;0,05528309
473269,4;0,05522862
473285,2;0,05519544
473301,8;0,0551387
473318,3;0,0551387
473334,9;0,05510971
473351,5;0,05509649
473368,5;0,05495937
473384,6;0,05490274
473401,2;0,05487044
473417,8;0,05482008
473434,3;0,05481741
473456,2;0,05478137
473468;0,05470067
473484;0,05466586
473500,8;0,05463153
473517,1;0,05463153
473533,8;0,05460527
473550,6;0,05457794
473566,9;0,05457794
473583,4;0,05447799
473599,9;0,0543896
473616,8;0,05435415
473633,4;0,05433042
473649,7;0,05433042
473666,8;0,05423494
473682,8;0,05418621
473699,6;0,05416308
473715,9;0,05414132
473732,5;0,0541246
473749,1;0,05405642
473765,6;0,0540137
473782,2;0,05399351
473798,8;0,05396756
473815,3;0,05393384
473831,9;0,05389446
473848,4;0,05387312
473865,1;0,05383166
473881,6;0,05380442
473898,2;0,05376806
473914,9;0,05374527
473931,3;0,05374527
473947,8;0,05370201
473964,4;0,05370236
473981;0,0536059
473997,6;0,05357127
474014,1;0,05352721
474031,7;0,05350293
474047,7;0,05346923
474063,8;0,05344918
474080,4;0,05344918
474097;0,05337605
474113,5;0,05335941
474130,1;0,05332658
474146,7;0,05332248
474163,3;0,05330524
474180,3;0,05330524
474196,3;0,05328698
474212,9;0,05326899
474229,6;0,05319618
474246,4;0,0531366
474262,8;0,0531366
474279,2;0,05309996
474295,8;0,05307062
474312,3;0,0530373
474329;0,05302442
474346,3;0,05300477
474362;0,05299044
474378,6;0,05294041
474395,2;0,05291677
474411,9;0,05289114
474428,3;0,05286954
474445;0,05283508
474461,4;0,05282708
474478;0,05278384
474494,8;0,05277739
474511,1;0,05274671
474527,7;0,05273446
474544,3;0,0527319
474560,8;0,0527319
474577,5;0,05272898
474594;0,05274
474610,5;0,05275164
474627,2;0,05276219
474643,8;0,05276992
474660,3;0,05277168
474676,8;0,05280174
474693,4;0,05281185
474709,9;0,05283003
474726,5;0,05284223
474743,1;0,05285797
474759,7;0,05286993
474776,2;0,05288494
474792,8;0,05289572
474809,3;0,05289853
474825,9;0,05290378
474842,5;0,05290728
474859,2;0,05294921
474875,6;0,05295345
474892,2;0,05297554
474908,8;0,05300461
474925,3;0,05301063
474941,9;0,0530215
474958,4;0,05305318
474975,1;0,05307351
474991,5;0,0530826
475008,6;0,0530826
475024,7;0,0531178
475041,3;0,05313298
475057,8;0,05314214
475074,7;0,05316222
475091;0,05316222
475107,8;0,05319111
475124,2;0,05320209
475140,7;0,05320452
475157,2;0,05323844
475173,8;0,05324829
475190,4;0,05326738
475206,9;0,05327903
475223,5;0,05329531
475240,1;0,05331405
475256,7;0,05332609
475273,3;0,05334591
475289,8;0,05335505
475306,8;0,05337347
475322,9;0,05338727
475339,4;0,05340039
475356;0,05340815
475372,9;0,05341099
475389,2;0,05344003
475406;0,05345315
475422,3;0,05347089
475438,9;0,05347089
475455,4;0,05347984
475472;0,05347984
475488,6;0,05347984
475505,6;0,05349869
475521,8;0,05353649
475538,4;0,05357103
475554,8;0,05357857
475571,4;0,05359501
475588,3;0,05360318
475604,5;0,05361742
475621,4;0,05362743
475637,7;0,05363132
475654,3;0,05364201
475670,9;0,0536591
475687,3;0,05367301
475703,9;0,05367979
475720,6;0,05369264
475737,3;0,05369908
475753,6;0,05371303
475770,2;0,05372049
475786,8;0,0537334
475803,3;0,05374201
475820,2;0,05375387
475836,6;0,05376065
475853;0,05376065
475869,8;0,05377936
475886,7;0,05379552
475902,8;0,05380238
475919,3;0,05380238
475936;0,05382686
475952,4;0,05383442
475969,4;0,05384341
475985,6;0,05384991
476002,1;0,05384954
476019;0,05387114
476035,3;0,05387659
476051,8;0,05388524
476068,4;0,05389095
476085,2;0,05389095
476101,5;0,05389095
476118,1;0,0538953
476134,9;0,0539018
476151,2;0,05391083
476167,8;0,05392815
476184,5;0,0539357
476201,5;0,05394328
476217,6;0,0539469
476234,1;0,05395485
476250,7;0,05395881
476267,2;0,0539646
476284,2;0,05397184
476300,3;0,05397583
476317;0,05397836
476333,6;0,05397945
476350,5;0,05398995
476366,8;0,05399283
476383,6;0,05399864
476399,8;0,05399864
476416,3;0,05399973
476432,9;0,05401061
476449,4;0,05401642
476466;0,05401969
476482,5;0,05401969
476499,1;0,05402985
476515,7;0,05403385
476532,3;0,05403784
476549,4;0,05403966
476565,4;0,05404439
476582,4;0,05404803
476598,8;0,05405166
476615,6;0,0540553
476632;0,05405639
476648,7;0,05405639
476664,8;0,05406186
476681,9;0,05406731
476697,9;0,0540684
476714,5;0,05406985
476731,1;0,05406985
476747,6;0,05407168
476764,2;0,05408206
476780,8;0,05415156
476797,3;0,05417599
476814,1;0,05421897
476830,8;0,05426696
476847;0,05431803
476864,3;0,05431803
476880,4;0,05440047
476896,7;0,05441044
476913,3;0,05446809
476929,9;0,05451009
476946,5;0,05453902
476963,2;0,05459695
476979,7;0,05459695
476996,8;0,05469421
477018,3;0,05472125
477029,3;0,05473369
477046,3;0,05481855
477062,4;0,05486316
477078,9;0,05489763
477095,7;0,05494443
477112,2;0,05497329
477129;0,05497329
477145,2;0,05501242
477161,8;0,05509653
477178,4;0,05511872
477195;0,05514359
477211,5;0,05515429
477228,1;0,05521263
477244,6;0,05527584
477261,2;0,05531075
477278,1;0,05531075
477294,7;0,05536833
477310,9;0,05542818
477327,6;0,05545069
477344,1;0,055453
477360,6;0,05547564
477377,2;0,05548684
477394,1;0,05550168
477410,3;0,05554906
477427,3;0,0556412
477443,4;0,0557163
477460;0,05575174
477476,6;0,05575999
477493,3;0,05580473
477509,7;0,05585279
477526,3;0,0558924
477543,4;0,05593588
477559,4;0,05593588
477576;0,05597902
477593;0,05602195
477609,1;0,05606884
477625,7;0,05609549
477642,2;0,05611214
477658,8;0,05615744
477675,7;0,05620392
477691,9;0,05622976
477708,5;0,0562461
477725,3;0,05625616
477741,6;0,05625801
477758,3;0,0562591
477775,1;0,05625387
477791,6;0,05625002
477808,1;0,05625002
477824,6;0,05624675
477841;0,05622769
477857,8;0,05622138
477874,2;0,05621601
477890,8;0,05620445
477913,7;0,05618868
477923,8;0,05618782
477940,4;0,05618242
477957;0,05617123
477973,6;0,05616076
477990,7;0,056155
478006,8;0,05615101
478023,9;0,0561492
478039,8;0,0561449
478056,6;0,05613515
478073;0,05611697
478089,9;0,05610557
478106,1;0,05609895
478122,7;0,05610385
478139,4;0,05610385
478155,8;0,0561245
478172,9;0,05614829
478188,9;0,05619025
478205,5;0,05620322
478222,5;0,05624758
478238,6;0,05629331
478255,2;0,05629331
478271,8;0,05636426
478288,3;0,05639006
478305;0,05644096
478321,6;0,05644096
478338;0,05649512
478354,6;0,05656351
478371,4;0,05659922
478387,7;0,05665077
478404,3;0,05668082
478420,9;0,05673316
478437,4;0,05673316
478454,4;0,05678821
478470,9;0,05684952
478487,1;0,0568955
478503,9;0,05694965
478520,3;0,05694965
478536,8;0,05700292
478553,4;0,05705664
478569,9;0,05707477
478586,6;0,05715241
478603,1;0,05719559
478620,3;0,05722646
478636,6;0,05724952
478652,8;0,05727764
478669,5;0,05727764
478685,9;0,05733294
478703,1;0,0574199
478719,7;0,05749712
478736,1;0,05752412
478752,6;0,0575486
478769,2;0,05757175
478785,3;0,05757261
478801,9;0,05758756
478819,2;0,05758884
478835,8;0,0575949
478852,3;0,0575966
478868,9;0,0575966
478885,8;0,05759937
478902,1;0,05759491
478918,6;0,05759232
478935,8;0,05758624
478952;0,05758552
478968,3;0,05758233
478985,2;0,05757711
479001,9;0,05757408
479018;0,05757017
479034,5;0,05756757
479051,1;0,05756757
479067,9;0,05756455
479084,3;0,05756497
479101,1;0,05756712
479117,4;0,05756798
479134,2;0,05757144
479150,5;0,05757144
479167,5;0,05757491
479183,7;0,05757491
479200,2;0,05758407
479216,8;0,05758953
479233,6;0,05759133
479249,9;0,05759739
479266,8;0,05759869
479283,1;0,05759956
479299,7;0,05759956
479316,2;0,05759956
479332,8;0,05760302
479349,3;0,0576175
479365,9;0,05763171
479382,4;0,0576333
479399;0,05763588
479416,1;0,05764281
479432,6;0,05764715
479448,7;0,0576506
479465,3;0,05765708
479481,9;0,05765708
479499;0,05766847
479515,6;0,05767265
479532,2;0,05768045
479548,1;0,05768045
479564,9;0,05769081
479581,3;0,05770219
479597,8;0,05770677
479614,4;0,05771063
479630,9;0,05771063
479647,7;0,05772614
479664,7;0,057733
479680,7;0,05774077
479697,3;0,05775711
479713,8;0,05778259
479730,4;0,05783039
479746,9;0,05785561
479764;0,05790948
479780,1;0,05794014
479796,8;0,05794014
479813,5;0,0580367
479830,1;0,05809069
479846,3;0,05812395
479863,3;0,05812395
479879,5;0,05824519
479896,6;0,05828095
479912,6;0,05831387
479929,3;0,05831387
479945,8;0,05834395
479963,2;0,0583467
479978,9;0,05844935
479995,5;0,0585845
480012;0,05863334
480029,3;0,05863334
480045,1;0,05870599
480061,7;0,05876394
480078,3;0,05884048
480094,8;0,05886112
480111,4;0,05892853
480128;0,05897217
480144,5;0,05899166
480161,1;0,05899166
480177,7;0,05903388
480194,3;0,0590535
480210,8;0,05906813
480227,3;0,05907246
480243,9;0,05908284
480260,9;0,05909194
480277,1;0,05909414
480293,7;0,05909892
480310,4;0,05909892
480326,8;0,05911113
480343,3;0,05911551
480359,9;0,05911769
480377;0,05912337
480393;0,05912337
480409,6;0,05912337
480426,2;0,05913387
480442,7;0,05913954
480459,7;0,05914304
480476,1;0,05914743
480492,4;0,05914917
480509;0,05915005
480525,8;0,05915402
480542,5;0,05916014
480558,7;0,05916014
480575,8;0,05916233
480592,3;0,05916233
480608,4;0,05916366
480634,9;0,05917154
480641,6;0,05917679
480658,4;0,05918204
480674,7;0,05918467
480691,4;0,05918467
480707,8;0,05918642
480724,4;0,05918686
480741,6;0,05919429
480757,9;0,05919647
480774,1;0,05919778
480790,7;0,05920606
480807,3;0,05921173
480823,8;0,05921522
480840,4;0,05921739
480857,3;0,05921914
480874,2;0,05923088
480890,2;0,05923523
480906,7;0,05924349
480923,2;0,05924741
480939,9;0,05925482
480956,4;0,05925784
480972,9;0,05925784
480989,5;0,05926874
481006,5;0,05927527
481022,6;0,05927571
481039,2;0,05928706
481056,1;0,05929272
481072,3;0,05929663
481089,3;0,05930273
481105,6;0,05930885
481122;0,05930885
481138,7;0,05931147
481155,3;0,05932019
481171,7;0,05932411
481188,3;0,05932847
481204,9;0,05932847
481221,4;0,05933154
481238;0,05933154
481254,6;0,0593359
481271,1;0,05935031
481287,8;0,05935732
481304,5;0,05936038
481320,8;0,05936038
481337,4;0,05936562
481354,2;0,05937701
481370,8;0,05937964
481387,1;0,05938758
481403,7;0,05938758
481420,2;0,05939726
481437,2;0,05940031
481453,4;0,05940779
481469,9;0,05941351
481486,7;0,05941792
481503,1;0,05942408
481519,6;0,05942629
481537,6;0,05943336
481554,6;0,05943951
481570,7;0,05944566
481587,3;0,05944699
481604,5;0,05944699
481620,4;0,05946237
481637,6;0,05946237
481653,5;0,05947335
481670,1;0,05948039
481686,7;0,05948039
481703,3;0,05949272
481720,4;0,0594993
481736,6;0,05950681
481753;0,05950681
481769,7;0,05951471
481786,9;0,0595222
481802,7;0,05952883
481819,2;0,05953413
481835,8;0,05953674
481852,3;0,05953674
481869,3;0,05953939
481885,7;0,05954291
481902;0,05955836
481918,9;0,05956231
481935,2;0,05956231
481951,9;0,05956586
481968,3;0,059576
481985,3;0,05958569
482001,5;0,05959101
482018,1;0,05959412
482035,4;0,05960076
482051,2;0,05960296
482067,7;0,05961004
482084,3;0,05961004
482100,9;0,05961356
482117,9;0,05962061
482134;0,05962636
482150,6;0,05962943
482167,2;0,05962943
482183,7;0,05963781
482200,3;0,05964044
482217,7;0,05964397
482233,6;0,05964397
482249,9;0,05964397
482266,5;0,05964747
482283,1;0,05964966
482299,7;0,05964966
482316,2;0,05964966
482332,8;0,05964966
482349,3;0,05964923
482366,1;0,05964879
482382,5;0,05964879
482399,1;0,05964879
482417,2;0,05964923
482432,5;0,05964923
482449;0,05964832
482465,3;0,05964833
482481,9;0,05964833
482499,1;0,05964701
482515,1;0,05964701
482531,6;0,05964657
482548,2;0,05964655
482564,7;0,05964611
482581,3;0,05964522
482597,8;0,05964435
482614,5;0,05964435
482631;0,05964391
482647,6;0,05964478
482664,1;0,05964259
482680,7;0,05964215
482697,6;0,05963698
482713,8;0,05963698
482730,5;0,05957406
482746,9;0,05953541
482763,5;0,05950266
482780,1;0,05947638
482796,7;0,05947638
482813,2;0,05936368
482829,9;0,05934756
482846,3;0,0592822
482863,6;0,0592822
482879,5;0,05919537
482896,1;0,05915596
482913,1;0,05913932
482929,3;0,05909457
482945,8;0,0590258
482962,4;0,058971
482978,9;0,05894193
482995,5;0,05888798
483012;0,05885833
483028,6;0,05880155
483045,5;0,05880155
483062;0,05875169
483078,3;0,05867422
483094,8;0,05862052
483111,4;0,05859289
483128,2;0,0585837
483144,6;0,05856055
483161,2;0,05856055
483177,8;0,05856055
483194,3;0,05843789
483210,8;0,0583395
483227,8;0,05824304
483244,6;0,05824304
483260,5;0,05811139
483277,1;0,05807707
483293,6;0,05804621
483311,9;0,05798104
483329;0,05797113
483345,1;0,05784278
483362,2;0,05781758
483378,3;0,05774124
483394,8;0,05770984
483411,6;0,05764422
483427,9;0,05760353
483444,5;0,05755792
483461,4;0,05749329
483477,6;0,05747817
483494,2;0,0574108
483510,8;0,05734779
483527,3;0,05734779
483543,9;0,05727587
483560,4;0,05719037
483577;0,05715714
483593,6;0,0570945
483610,3;0,05705015
483626,7;0,05700683
483643,3;0,05700683
483659,8;0,05694737
483676,4;0,0568708
483693,6;0,05682636
483709,5;0,05676845
483726,2;0,05676845
483742,7;0,05670613
483759,3;0,05668138
483775,9;0,05668138
483792,8;0,05664888
483809,4;0,05664888
483825,5;0,05656223
483842,1;0,05642748
483858,7;0,0563715
483875,2;0,0563451
483891,8;0,05629025
483908,4;0,05626281
483924,9;0,05623494
483941,5;0,05616565
483958,1;0,05613257
483974,6;0,05610485
483991,2;0,05604992
484008,2;0,05604992
484024,3;0,05597832
484040,9;0,0559177
484057,4;0,05588952
484074;0,05584724
484090,5;0,05583736
484107,1;0,05575994
484123,8;0,05573602
484140,7;0,05567984
484156,8;0,0556504
484173,6;0,05560335
484190,3;0,05555259
484206,7;0,05552668
484223,3;0,05550059
484239,8;0,05547689
484256,4;0,05539892
484272,9;0,05539892
484289,7;0,05535271
484306,1;0,05529018
484322,7;0,05524978
484339,2;0,05522376
484356;0,05522376
484372,4;0,05512618
484389,4;0,05509932
484405,5;0,05509456
484422,1;0,05507345
484438,6;0,05504402
484455,2;0,05492362
484471,9;0,05486248
484488,3;0,05479829
484505,3;0,05476507
484521,5;0,05470459
484538;0,05466489
484554,6;0,05461705
484571,3;0,05457342
484587,8;0,05451155
484604,3;0,05448275
484620,9;0,05447428
484637,4;0,05436497
484654;0,05435688
484670,6;0,05433456
484687,9;0,0542809
484703,9;0,0542809
484720,3;0,05428353
484737,4;0,05430092
484753,4;0,05431446
484770;0,05434949
484786,5;0,05434949
484803,4;0,05442394
484819,7;0,05443379
484836,2;0,05447848
484852,8;0,05452562
484869,3;0,05455606
484885,9;0,05459415
484902,5;0,05461806
484919,1;0,05466302
484935,6;0,05469744
484952,5;0,05473642
484968,8;0,05478261
484985,3;0,05480774
485002,2;0,05485366
485018,8;0,05485366
485038,6;0,05487819
485055,2;0,05490046
485071,8;0,05490046
485088,3;0,05493611
485105,3;0,05502385
485121,5;0,05513136
485138;0,05515959
485154,6;0,0552067
485171,3;0,05526183
485187,8;0,05526183
485204,3;0,05529054
485220,8;0,05536988
485237,4;0,05536988
485254;0,05546311
485271,5;0,05551011
485287,1;0,05553927
485303,7;0,05556767
485320,3;0,05556767
485336,8;0,05566406
485353,5;0,05573829
485370;0,0557685
485386,5;0,05579447
485403,1;0,05583295
485419,7;0,0559096
485436,3;0,0559096
485453,2;0,05597333
485469,7;0,05603553
485485,9;0,05609236
485502,5;0,0560986
485519,1;0,05615271
485535,7;0,05617803
485552,2;0,05620174
485568,8;0,05627742
485585,9;0,05630281
485602;0,0563545
485618,5;0,05637614
485635,2;0,05641075
485651,6;0,05647345
485668,3;0,05649855
485684,7;0,05649855
485701,3;0,05652436
485717,9;0,05654619
485734,4;0,05655846
485751;0,05666086
485767,6;0,05672736
485784,2;0,05674991
485800,7;0,05679394
485817,5;0,05679394
485833,8;0,05683859
485850,4;0,05687388
485869,9;0,05688618
485883,6;0,05689833
485900,4;0,05690225
485916,7;0,05690375
485933,2;0,05690488
485949,8;0,05690432
485966,7;0,05690676
485983,2;0,05690713
485999,6;0,05690713
486016,1;0,05690376
486032,6;0,05689957
486049,3;0,05689704
486065,9;0,05689479
486082,8;0,05689402
486098,9;0,05688135
486115,8;0,05687302
486132,1;0,05686909
486148,7;0,05686574
486165,8;0,05685723
486181,7;0,05684821
486198,3;0,0568487
486214,9;0,05683742
486231,4;0,05682797
486248,4;0,056823
486264,7;0,05681021
486281,1;0,05679769
486297,7;0,05679182
486314,3;0,0567841
486330,8;0,0567808
486347,4;0,05677749
486364;0,05677221
486380,9;0,05674095
486397,1;0,05673081
486414,3;0,05672276
486430,3;0,05671825
486446,8;0,05671681
486463,7;0,05671883
486480,3;0,05671916
486496,5;0,05672463
486513,1;0,05673114
486529,6;0,05673114
486546,2;0,05673114
486562,8;0,05673859
486579,3;0,05676266
486595,9;0,05676704
486612,5;0,05677846
486629;0,0567862
486645,6;0,05678915
486662,2;0,05678789
486678,8;0,05677271
486695,3;0,05674778
486712,4;0,05673303
486728,4;0,05671475
486745;0,0566934
486761,6;0,05665174
486778,1;0,05663319
486794,7;0,05659419
486811,7;0,05656556
486827,8;0,05653594
486844,4;0,05650939
486861,1;0,05649906
486877,5;0,05647929
486894,1;0,05642612
486910,9;0,05640654
486927,5;0,05637128
486943,8;0,05633174
486960,3;0,05633174
486976,9;0,05631289
486993,5;0,05631289
487010,1;0,05629585
487026,7;0,05624272
487043,8;0,05622831
487059,8;0,05622732
487076,3;0,05622486
487093,1;0,05622732
487109,5;0,05622917
487126,2;0,05623348
487142,6;0,05623995
487159,2;0,05623995
487175,8;0,05624687
487192,3;0,05625338
487209,2;0,05625901
487225,4;0,05626653
487242;0,05626855
487259,1;0,05627288
487275,2;0,05627937
487291,7;0,05628645
487308,3;0,05628746
487324,8;0,05629278
487341,6;0,05629581
487358;0,05630041
487374,5;0,0563036
487391,1;0,0563036
487407,7;0,05629304
487424,2;0,05628236
487441,5;0,05627609
487457,4;0,05621149
487473,9;0,05621149
487490,5;0,05614646
487507,1;0,05612004
487523,7;0,0561121
487540,4;0,05602571
487556,8;0,05598176
487573,9;0,0559565
487589,9;0,05592939
487606,8;0,05592939
487623,1;0,05590366
487639,6;0,05589166
487663,9;0,05582964
487673,4;0,05577119
487690,4;0,05569538
487706,6;0,05566297
487723,3;0,05566297
487739,7;0,05556975
487756,3;0,05556084
487772,8;0,05552101
487789,4;0,05548198
487806;0,05542804
487822,5;0,05540284
487839,2;0,05536205
487855,7;0,05534104
487872,3;0,05532826
487889,1;0,05531695
487906,3;0,05531883
487922,7;0,05533047
487938,5;0,05534499
487955,1;0,05536709
487971,7;0,05538653
487988,2;0,05541139
488004,8;0,0554467
488021,3;0,0554467
488037,9;0,05549888
488055;0,05556468
488071;0,0556013
488087,6;0,0556206
488104,2;0,05566667
488120,8;0,05572213
488137,3;0,05578419
488153,9;0,05581218
488170,4;0,05584905
488187;0,05592659
488203,6;0,05596064
488220,2;0,05596064
488237,3;0,05599272
488253,3;0,05600401
488269,8;0,05602494
488286,4;0,05605664
488303;0,05612221
488319,8;0,05623286
488336,1;0,05634649
488352,7;0,05641285
488369,2;0,05647811
488385,9;0,05651597
488402,4;0,05651915
488418,9;0,05661281
488435,5;0,05667754
488452,2;0,05671486
488468,7;0,05671486
488485,7;0,05682124
488501,9;0,05687289
488518,3;0,05690177
488537,3;0,05695894
488554,2;0,05695894
488570,8;0,05707039
488587;0,05709789
488603,6;0,05713103
488620,2;0,05718015
488637,2;0,05723121
488653,3;0,05726297
488669,9;0,05726297
488686,4;0,05732935
488703;0,05734155
488719,6;0,0574162
488736,2;0,0574767
488752,7;0,0574767
488769,3;0,05754563
488785,9;0,05760562
488802,4;0,05764384
488819;0,05770252
488835,9;0,05772952
488852,1;0,05778274
488869,3;0,05781053
488885,2;0,05781053
488901,8;0,05781053
488918,5;0,05781788
488934,9;0,05788121
488951,8;0,05797089
488968,1;0,05800791
488985;0,05801381
489001,2;0,05801708
489022,3;0,05800332
489043,9;0,05798452
489060,5;0,05797351
489077;0,05797351
489093,6;0,0579397
489110,2;0,05790053
489126,7;0,05786858
489143,4;0,05785224
489159,8;0,05785224
489176,4;0,05780182
489193;0,05778767
489209,6;0,05775805
489226,4;0,05772799
489242,7;0,05770875
489259,5;0,05768067
489276,9;0,05768067
489293,3;0,05764962
489309,3;0,05762336
489326;0,05759076
489342,1;0,05756766
489359;0,05756766
489375,2;0,0575371
489392,3;0,05751831
489421,2;0,0575182
489438,3;0,05753244
489454,3;0,05754181
489470,8;0,05756443
489487,6;0,05756443
489504;0,05758189
489520,6;0,05760814
489537,3;0,05762318
489553,7;0,05762318
489570,3;0,05764339
489586,8;0,05771438
489603,4;0,05775491
489620;0,05775491
489636,8;0,05780753
489653,1;0,05784333
489669,7;0,05786245
489686,4;0,05786245
489702,8;0,05790558
489719,4;0,05794961
489736,1;0,0579733
489752,5;0,05798985
489769,1;0,05801981
489785,8;0,05806291
489802,2;0,05809923
489818,8;0,05811637
489835,3;0,05815559
489851,9;0,05818218
489868,5;0,05820978
489885;0,05824817
489901,6;0,0582637
489918,2;0,0582753
489934,7;0,05828427
489951,3;0,05829705
489967,9;0,05829833
489984,6;0,05829917
490001;0,05829359
490017,6;0,05829103
490034,2;0,05828623
490050,9;0,0582798
490067,3;0,0582798
490084,3;0,05826851
490100,4;0,05826682
490117;0,05825904
490133,5;0,05824905
490150,1;0,05824424
490167,1;0,05824424
490183,2;0,05823773
490199,8;0,05823336
490216,4;0,05821675
490232,9;0,05820801
490250;0,05819533
490266,1;0,0581892
490283,1;0,05817825
490303,9;0,05817303
490320,5;0,05815853
490337;0,05815506
490353,6;0,05814494
490370,3;0,05814054
490386,8;0,05814054
490403,3;0,05812912
490419,9;0,05811726
490436,5;0,0581098
490453;0,05809972
490469,6;0,05809972
490486,3;0,05809087
490502,8;0,05808211
490519,3;0,0580742
490535,8;0,0580698
490552,5;0,05806493
490569;0,05805529
490585,7;0,05804693
490602,2;0,05804693
490618,7;0,05803722
490635,7;0,05803066
490651,8;0,05802358
490668,4;0,0580166
490685;0,05800914
490701,8;0,05800384
490718,1;0,05799989
490735,3;0,05799762
490751,2;0,05798756
490767,9;0,05797876
490784,3;0,05796949
490800,9;0,05796949
490817,5;0,05796679
490834;0,05796511
490850,8;0,05796511
490867,2;0,05795179
490883,7;0,05793092
490900,3;0,05791815
490916,9;0,05791769
490933,4;0,0579203
490950;0,05792677
490966,6;0,05794454
490983,2;0,05796386
490999,8;0,05796592
491016,3;0,05799171
491032,9;0,05801857
491049,5;0,05804415
491066,3;0,0580635
491082,8;0,05808365
491099,6;0,05810945
491115,7;0,05810945
491132,3;0,05811594
491148,8;0,05813296
491165,5;0,05812985
491182,5;0,05811816
491203,4;0,05811816
491220;0,05807735
491236,6;0,05806528
491253,3;0,05804012
491269,7;0,05802706
491286,3;0,05799964
491302,8;0,05797148
491319,5;0,05795821
491336,2;0,05794255
491352,5;0,05791181
491369,1;0,05789615
491385,7;0,05789192
491402,4;0,05784227
491418,8;0,05781322
491435,8;0,05780054
491451,9;0,05778453
491468,6;0,05778453
491485;0,05774645
491501,7;0,05767924
491518,7;0,05764621
491534,7;0,05762739
491551,3;0,05759466
491568,5;0,0575764
491585,1;0,0575764
491601,6;0,0575259
491618,2;0,05748655
491634,8;0,05744944
491651,3;0,05742892
491667,9;0,05738991
491684,6;0,05736548
491701;0,0573284
491717,6;0,05730918
491734,1;0,05730918
491750,7;0,05724284
491767,3;0,05722103
491783,8;0,05716882
491800,4;0,05715725
491817;0,05713644
491833,5;0,05706736
491850,1;0,05702188
491866,7;0,05698396
491883,3;0,05697558
491899,8;0,05694424
491916,4;0,05687723
491932,9;0,05687723
491949,5;0,05681536
491966,6;0,05675415
491982,6;0,05672504
491999,2;0,05667648
492015,8;0,05663716
492032,3;0,05660866
492049,3;0,05655555
492074,7;0,05651828
492084,2;0,05651828
492100,8;0,05649489
492117,3;0,05646727
492133,9;0,05639079
492150,4;0,05630906
492167;0,05627383
492183,8;0,05623174
492200,1;0,05618044
492216,8;0,05615252
492233,3;0,05612388
492249,9;0,05606586
492266,7;0,05601292
492283,3;0,0559644
492299,9;0,05592996
492316,1;0,0558977
492332,7;0,05587586
492349,3;0,05584513
492365,8;0,05576297
492382,4;0,05570879
492399,2;0,05568052
492415,7;0,05568052
492432,4;0,05559929
492448,6;0,05554467
492465,2;0,05550352
492481,8;0,05546069
492498,3;0,05540485
492515;0,05537672
492531,5;0,05532213
492548,1;0,05528518
492590,3;0,05518082
492606,9;0,05512577
492623,4;0,05509316
492640,3;0,05509316
492656,6;0,05500125
492673,7;0,05495364
492689,7;0,05492572
492706,3;0,0549174
492723,3;0,05489736
492739,4;0,05488066
492756,1;0,05486431
492772,6;0,05480334
492789,1;0,05467953
492806;0,05459446
492822,3;0,05454738
492838,8;0,05454738
492856,1;0,05447607
492872;0,05441281
492888,5;0,05437021
492905,1;0,05431192
492921,7;0,05431192
492938,2;0,05425232
492954,8;0,05420084
492986,3;0,05413026
493002,8;0,05412513
493019,6;0,05403692
493036;0,05402897
493052,8;0,05397521
493069,1;0,05397521
493085,7;0,05394053
493102,5;0,05389759
493118,8;0,05386388
493135,4;0,05385284
493152,2;0,05384279
493168,5;0,05383973
493185,2;0,05383973
493201,9;0,05384122
493218,3;0,05385098
493234,8;0,05386031
493251,6;0,05386665
493267,9;0,05387259
493284,5;0,05387629
493301;0,0538941
493317,7;0,05390594
493334,2;0,05391033
493350,8;0,05391625
493367,3;0,05391625
493384,5;0,05392026
493400,4;0,05392358
493417,2;0,05393091
493433,6;0,05394005
493450,3;0,05394332
493466,9;0,05394624
493483,6;0,05394624
493500,1;0,05395317
493516,5;0,0539539
493533;0,05395574
493549,5;0,05395793
493566,1;0,05395903
493582,7;0,05395903
493599,4;0,05395938
493615,9;0,05396086
493632,4;0,05396305
493649;0,05396342
493666,1;0,05396415
493682,1;0,05396415
493698,6;0,05396887
493715,2;0,0539696
493731,8;0,05397176
493748,8;0,0539743
493765;0,05397611
493781,5;0,05397936
493798;0,05398261
493815;0,0539844
493831,2;0,05398657
493848,2;0,05398765
493864,3;0,05399124
493886,7;0,0539948
493903,3;0,0540024
493919,8;0,05400491
493936,4;0,05400955
493953,1;0,05401458
493969,8;0,0540171
493986,3;0,0540171
494002,7;0,0540189
494019,2;0,05402178
494035,8;0,05402178
494052,8;0,05402464
494068,9;0,05403148
494085,9;0,05403579
494102,1;0,0540387
494118,6;0,05403978
494135,2;0,05404086
494151,8;0,05404194
494168,3;0,05404266
494184,9;0,05404302
494202,2;0,05404338
494218,1;0,05404338
494234,9;0,05404302
494251,2;0,05404302
494267,7;0,05404374
494284,3;0,05404302
494300,9;0,05404374
494317,4;0,05404518
494334;0,05404555
494350,6;0,05404591
494367,1;0,05405027
494383,7;0,05405027
494400,5;0,05405681
494416,8;0,05406192
494433,4;0,05406811
494450;0,05407506
494466,6;0,05408056
494483,1;0,05408605
494499,7;0,05408863
494516,4;0,054093
494533,1;0,05410256
494550,1;0,05410477
494565,9;0,05411984
494582,5;0,05413347
494599,5;0,05414007
494615,7;0,05414818
494632,2;0,05415371
494649,7;0,05415517
494665,3;0,05415735
494682;0,05416103
494698,5;0,05417086
494715,7;0,05417923
494731,6;0,05418253
494748,2;0,05418396
494771,8;0,05419162
494784,9;0,05419598
494801,5;0,05419706
494818,1;0,05419706
494834,6;0,05420287
494851,4;0,05420287
494868,3;0,05420829
494884,3;0,05421118
494900,9;0,05421553
494917,4;0,05421735
494934;0,0542199
494950,8;0,05422096
494967,2;0,05422799
494983,7;0,05422909
495000,3;0,05423244
495016,9;0,05423244
495033,4;0,05423507
495050;0,05423508
495066,5;0,05423469
495083,1;0,05423432
495099,7;0,05423504
495116,8;0,05423393
495133;0,0542343
495149,4;0,05423317
495166;0,05423128
495182,5;0,05422899
495199,1;0,05422636
495215,7;0,05422523
495233;0,05422409
495249,8;0,05422446
495265,5;0,0542222
495281,9;0,05422182
495298,8;0,05422068
495315;0,05422068
495331,8;0,05421992
495348,8;0,05422067
495365,3;0,05422141
495381,3;0,05422441
495397,9;0,05422441
495414,4;0,05422736
495431;0,0542281
495447,6;0,05423068
495464,2;0,05423031
495481,1;0,05423141
495497,3;0,05423288
495514,2;0,05423288
495530,4;0,05423288
495547,7;0,05423507
495563,5;0,0542358
495580,1;0,0542358
495597,2;0,0542358
495613,3;0,05423654
495630;0,05423617
495646,4;0,05423835
495669,4;0,05423872
495685,9;0,05423945
495702,5;0,05423873
495719,1;0,05423908
495735,6;0,05423799
495752,2;0,05424016
495769,2;0,05424093
495785,3;0,0542413
495801,9;0,0542413
495818,6;0,0542413
495835;0,05424204
495851,6;0,05424313
495868,5;0,05424312
495884,8;0,05424421
495901,4;0,0542442
495917,9;0,0542442
495934,4;0,05424529
495951;0,05424529
495967,6;0,05424529
495984,1;0,05424565
496000,7;0,05424565
496017,3;0,05424529
496034;0,05424711
496050,4;0,05424822
496067;0,05424968
496083,5;0,05425078
496100,1;0,05425186
496116,7;0,05425404
496133,3;0,05425404
496149,8;0,05425658
496166,8;0,05426169
496183;0,05426387
496199,5;0,05426533
496216,5;0,05426531
496232,6;0,0542715
496249,2;0,05427442
496265,8;0,05427769
496283,2;0,05427802
496298,9;0,05428023
496315,5;0,05428023
496332;0,05428207
496348,6;0,05428352
496365,5;0,05428315
496381,9;0,05428134
496398,3;0,05428059
496415,4;0,05427915
496431,7;0,05427694
496448,4;0,05427584
496464,6;0,05427584
496481,1;0,05427399
496497,7;0,05426994
496514,3;0,05426769
496530,8;0,05426583
496547,4;0,05426396
496576,8;0,05426284
496593,4;0,05426247
496610,2;0,05425986
496626,6;0,05426097
496643,3;0,05426544
496659,7;0,05426807
496676,3;0,05427365
496692,8;0,05427999
496710,3;0,05428485
496726,1;0,05428817
496742,5;0,05429154
496759,1;0,05430674
496775,7;0,05431716
496792,3;0,05432347
496808,8;0,05432942
496825,5;0,05433905
496841,9;0,05434905
496858,6;0,05435456
496875,4;0,05436343
496891,6;0,0543664
496908,2;0,05437007
496924,8;0,0543719
496941,3;0,05437118
496957,9;0,05437008
496974,8;0,05436713
496991,7;0,05435569
497007,6;0,05435345
497024,2;0,05436108
497040,7;0,0543742
497057,3;0,05439024
497073,8;0,05441954
497090,4;0,05441954
497107,6;0,0544384
497123,6;0,05449334
497140,2;0,05452838
497157,1;0,05454773
497173,5;0,05454773
497189,8;0,05461206
497206,4;0,05461206
497223;0,05463297
497239,8;0,05465573
497256,2;0,0547189
497273,8;0,05478418
497290,4;0,05478418
497307,8;0,05484337
497323,6;0,05488556
497340,5;0,05490573
497356,6;0,05491845
497373,2;0,05492966
497389,8;0,05495004
497406,5;0,05495868
497422,9;0,05495832
497439,5;0,05496054
497457,4;0,05496238
497472,7;0,05496761
497489,3;0,05496834
497505,7;0,05496834
497522,3;0,0549687
497538,9;0,05496833
497555,4;0,05496943
497572;0,05496906
497588,6;0,05496906
497605,1;0,05496905
497621,7;0,05497015
497638,3;0,05497088
497654,8;0,05496943
497671,5;0,05496943
497688;0,0549649
497704,5;0,05496614
497721,1;0,05496468
497737,6;0,05496177
497754,2;0,05495713
497770,8;0,05495777
497787,3;0,05495777
497803,9;0,05495668
497820,5;0,05495668
497837;0,05495849
497853,7;0,05495749
497870,2;0,05496255
497886,9;0,0549696
497903,3;0,05501833
497920,4;0,05511649
497936,5;0,05519832
497953;0,05523955
497969,6;0,05529315
497986,2;0,05532452
498002,7;0,05537941
498019,3;0,05537941
498035,8;0,05543445
498052,4;0,05549178
498069;0,05553487
498086;0,05558265
498102,1;0,05562482
498118,9;0,05564947
498135,3;0,05570038
498151,8;0,05572797
498168,4;0,05577642
498184,9;0,05582342
498201,7;0,05584732
498218,1;0,05589421
498234,7;0,05592533
498251,5;0,05596116
498267,9;0,05600281
498284,4;0,05602603
498300,9;0,05605654
498317,5;0,05609505
498334;0,05614651
498353,1;0,05617092
498369,6;0,05621135
498386,3;0,05623476
498402,8;0,05623476
498419,3;0,05629975
498435,9;0,05629975
498452,5;0,05637827
498469,4;0,05640713
498485,6;0,05640713
498502,2;0,05642682
498518,9;0,05644864
498535,5;0,05651509
498552,6;0,05657139
498568,4;0,05660901
498585,3;0,05662714
498601,6;0,05662714
498618,1;0,05665518
498634,7;0,05668118
498651,3;0,05668656
498667,9;0,05669417
498684,4;0,05669417
498701;0,05669554
498717,6;0,05669795
498734,1;0,0566972
498750,7;0,05669486
498767,3;0,05669222
498784,3;0,05669005
498800,7;0,05668893
498817,1;0,05668368
498833,8;0,05667797
498850,1;0,05667507
498866,7;0,05667245
498884,2;0,05667245
498899,8;0,05666002
498916,4;0,05666137
498933;0,05665991
498949,5;0,05665808
498966;0,0566557
498982,6;0,05665372
498999,2;0,05665024
499015,7;0,05663264
499032,3;0,05662059
499048,8;0,05662059
499066;0,05655562
499082,3;0,05654373
499098,7;0,05651923
499115,1;0,05646846
499131,7;0,05646773
499148,4;0,05644586
499164,8;0,05641469
499181,4;0,05630453
499198;0,05626157
499214,5;0,05626121
499231,1;0,05616718
499251,6;0,05612705
499268,3;0,05607284
499284,7;0,05607284
499301,3;0,05603712
499317,9;0,05595073
499334,4;0,0559223
499351;0,05590562
499367,6;0,05589616
499384,1;0,05585924
499400,7;0,05584713
499417,6;0,05584496
499434,3;0,05584496
499450,6;0,05583698
499467,7;0,05583788
499483,5;0,05583788
499500,1;0,0558412
499516,7;0,0558412
499533,2;0,05584398
499549,8;0,05584747
499566,4;0,05585227
499583;0,05585558
499599,5;0,05585356
499616,5;0,05585484
499632,6;0,05585228
499649,2;0,0558501
499665,8;0,0558501
499682,3;0,05584864
499699;0,05584938
499715,5;0,05585119
499732;0,05585374
499748,6;0,05585519
499765,2;0,05585519
499781,8;0,05585664
499799;0,05585664
499814,9;0,05585935
499831,7;0,05583866
499848;0,05581174
499864,6;0,05579234
499881,1;0,05577594
499897,8;0,05577594
499914,4;0,05569163
499930,8;0,05565179
499947,4;0,05560926
499964;0,05560926
499980,5;0,05552421
499997,1;0,05547792
500013,7;0,05543981
500030,2;0,05538052
500046,8;0,05538052
500063,5;0,05533706
500080;0,05525801
500096,9;0,05519779
500113,3;0,05516583
500129,6;0,05515803
500147,3;0,05507708
500162,8;0,05501483
500179,3;0,0549584
500196,1;0,05493237
500212,5;0,05487507
500229;0,05483115
500245,6;0,05479154
500262,2;0,05476608
500278,7;0,05473887
500295,3;0,05468085
500311,8;0,05463039
500328,4;0,05463039
500345;0,05455058
500361,6;0,05449773
500378,1;0,05446912
500394,7;0,05444764
500411,3;0,05442311
500427,8;0,05442311
500444,4;0,05439734
500461;0,05430912
500478,1;0,05423371
500494,2;0,0541781
500510,8;0,05416869
500527,3;0,05411489
500543,8;0,05406645
500560,4;0,05403366
500576,9;0,05402071
500593,5;0,05396293
500610;0,05394634
500626,6;0,05392426
500643,2;0,05391821
500659,9;0,05390913
500676,8;0,05389883
500692,9;0,0539015
500709,4;0,05390843
500726,5;0,05392347
500742,6;0,05393156
500759,2;0,05393156
500775,7;0,05397667
500792,3;0,05398527
500809,6;0,05401852
500825,4;0,05403336
500842;0,05406774
500859,1;0,0540826
500875,3;0,0540826
500891,7;0,05410218
500908,4;0,05415669
500924,8;0,05421614
500941,7;0,05423319
500958,1;0,05427833
500974,5;0,05427833
500991,1;0,05432188
501007,7;0,05436861
501030,1;0,05441397
501042,3;0,05441397
501058,9;0,05443646
501075,5;0,05443646
501092;0,0545105
501108,6;0,05459717
501125,8;0,05460184
501141,8;0,05462318
501158,8;0,05470343
501174,9;0,05472815
501191,7;0,05472815
501208,5;0,05475902
501224,6;0,05477018
501241,7;0,05477385
501257,8;0,05477898
501274,3;0,05477825
501291,2;0,05478154
501307,4;0,05478223
501323,9;0,05478519
501340,5;0,05478593
501357,1;0,05478593
501373,7;0,05478537
501390,7;0,05478653
501406,9;0,05478959
501423,4;0,05478997
501439,9;0,05478997
501456,5;0,05479293
501473,1;0,05479366
501489,7;0,05479331
501506,4;0,05479367
501523,5;0,05479332
501539,3;0,05479407
501556;0,0547937
501572,7;0,05479445
501589;0,05479741
501605,7;0,05480331
501622,2;0,05480697
501638,7;0,05481138
501655,3;0,05481943
501671,8;0,05482272
501688,4;0,05482272
501705,1;0,05482638
501721,9;0,05482894
501738,1;0,05483335
501754,9;0,05483372
501771,3;0,05483261
501787,8;0,05483115
501804,5;0,05482896
501821;0,05482642
501837,5;0,05481698
501854,3;0,05480975
501870,7;0,05480575
501887,3;0,05480575
501903,8;0,05478991
501920,3;0,05478633
501938,2;0,05478092
501954,8;0,05477501
501971,3;0,05477445
501988,3;0,05477337
502004,5;0,05477301
502021;0,05477154
502037,6;0,05477372
502054,2;0,05477444
502071,4;0,05477696
502087,3;0,05477696
502103,8;0,05477838
502120,7;0,0547816
502137;0,05478968
502154,1;0,05479272
502170,6;0,05479915
502186,7;0,0548038
502203,3;0,05480692
502219,9;0,05481449
502237,2;0,05481449
502253;0,05482125
502269,5;0,05482754
502286,1;0,05483344
502302,7;0,05483595
502319,4;0,05483595
502336,6;0,05483953
502352,3;0,05484238
502368,9;0,05484238
502386;0,05484976
502402,1;0,05486033
502418,6;0,05486251
502435,2;0,05486321
502452,3;0,05487005
502468,5;0,05487258
502484,9;0,05487654
502501,5;0,05487939
502518;0,05488121
502534,6;0,054883
502551,2;0,05488662
502567,8;0,05488991
502584,3;0,05489092
502600,9;0,05489722
502617,6;0,05490015
502634;0,05490641
502650,8;0,05490567
502667,2;0,05490004
502683,7;0,05489166
502700,3;0,05487967
502716,9;0,05487967
502733,4;0,05487657
502750,3;0,05483314
502766,5;0,05482259
502783,1;0,05480558
502800,6;0,05480558
502816,2;0,05478719
502833,9;0,0547771
502850,6;0,05476573
502867;0,05475756
502883,6;0,05475379
502900,2;0,05475087
502916,7;0,05474731
502933,7;0,05474881
502950,2;0,05474072
502966,4;0,05474072
502983;0,05474031
502999,5;0,05473948
503016,1;0,05473613
503032,7;0,05473446
503049,3;0,05473487
503065,8;0,05473486
503082,6;0,05473485
503098,9;0,05473653
503115,7;0,05473612
503132,6;0,05473652
503148,6;0,05473737
503165,2;0,05474112
503181,9;0,05475092
503198,3;0,05475092
503214,9;0,05479479
503231,6;0,05482357
503248,3;0,0548454
503264,6;0,05488447
503281,2;0,05491482
503297,8;0,05494527
503314,3;0,05498795
503330,9;0,05501125
503347,6;0,05501363
503364;0,05507438
503380,6;0,05511473
503397,1;0,05511473
503414;0,0551571
503430,8;0,05520593
503446,9;0,05523692
503463,7;0,05527946
503480;0,05527946
503496,5;0,05531998
503513,1;0,0553617
503529,7;0,05540147
503546,2;0,05542894
503563,2;0,05546028
503579,4;0,05548057
503595,9;0,05550085
503612,5;0,05550884
503629,1;0,0555195
503646,3;0,0555195
503662,2;0,0555195
503678,8;0,05560888
503695,3;0,05568916
503715,8;0,05573969
503732,3;0,05578283
503749,1;0,05580205
503766,2;0,05584793
503782;0,05586824
503798,6;0,0559115
503815,8;0,0559115
503831,7;0,05598296
503848,3;0,05602773
503865,1;0,05605347
503881,5;0,0560735
503898;0,05609799
503914,9;0,05616749
503931,2;0,0561882
503947,7;0,05623386
503964,3;0,05626224
503980,8;0,05629752
503997,8;0,05629752
504014,9;0,05634079
504030,7;0,05638058
504047,1;0,0564213
504063,7;0,05645266
504080,2;0,05645266
504096,8;0,05648777
504113,4;0,05652474
504130,5;0,05655635
504146,5;0,05657117
504163,1;0,05660238
504179,6;0,05663204
504196,3;0,0566491
504212,8;0,0566777
504229,3;0,0566777
504245,9;0,05669434
504262,5;0,05669434
504279;0,05670837
504295,8;0,05673005
504312,2;0,05678835
504328,9;0,05683187
504345,3;0,05684314
504361,9;0,05684314
504378,8;0,05688271
504395,1;0,05690384
504411,6;0,05691439
504428,3;0,05693693
504444,7;0,05693693
504461,5;0,0569612
504477,8;0,05697932
504494,4;0,0569797
504511;0,0570111
504527,6;0,05703023
504545;0,0570452
504560,7;0,0570452
504577,5;0,0570452
504594,1;0,05707212
504610,5;0,05708009
504627;0,0570876
504643,5;0,0570876
504660,6;0,05708974
504676,6;0,0571007
504693,2;0,0571007
504710,4;0,05710657
504726,8;0,05711411
504742,9;0,05711332
504759,5;0,05711411
504776;0,05710834
504792,6;0,05709784
504809,5;0,05708341
504825,8;0,05706845
504842,3;0,05706315
504858,9;0,05705057
504875,4;0,05702064
504892;0,05702064
504908,6;0,05700573
504925,1;0,05696616
504941,8;0,0568631
504958,3;0,05686269
504974,8;0,05681421
504991,4;0,05676344
505008;0,05672662
505024,5;0,05670565
505041,1;0,05665201
505057,7;0,056649
505074,3;0,05653059
505090,8;0,05649824
505107,4;0,05643719
505123,9;0,05640416
505140,6;0,05634393
505157,1;0,05631132
505174,1;0,05624709
505190,2;0,05624709
505206,8;0,05614962
505223,3;0,05610565
505240,3;0,05605415
505256,5;0,05605415
505273;0,05594939
505289,6;0,05588158
505306,4;0,05583001
505322,7;0,0558126
505339,3;0,05577661
505356,7;0,05567325
505372,6;0,05563533
505389,4;0,05556511
505405,6;0,05556511
505422,2;0,05542025
505438,7;0,05542025
505455,3;0,05533895
505471,8;0,0552718
505488,4;0,05523633
505505;0,05519967
505521,5;0,05519808
505540;0,05515901
505554,7;0,05515819
505571,2;0,05502355
505587,8;0,05485157
505604,4;0,05481393
505620,9;0,05472843
505637,8;0,05465854
505654,4;0,054585
505670,6;0,05448074
505687,3;0,05442697
505703,8;0,05437781
505720,3;0,05426968
505736,9;0,05426968
505753,5;0,05410907
505770;0,05405326
505786,6;0,05401712
505803,2;0,05400264
505819,7;0,0539086
505836,3;0,05367901
505852,9;0,05357395
505869,4;0,05351925
505886,1;0,05341431
505902,6;0,05341431
505919,7;0,05330574
505935,7;0,05318404
505952,3;0,05310046
505968,8;0,05299807
505985,4;0,05294146
506002;0,05288569
506019,1;0,05279717
506035,1;0,05269772
506051,7;0,05264095
506068,3;0,05254299
506084,8;0,05247221
506101,4;0,05244725
506118,1;0,05239398
506134,5;0,05225283
506151,3;0,05215823
506167,6;0,05215823
506184,2;0,05210827
506200,8;0,05209246
506217,9;0,05191874
506233,9;0,05181465
506250,5;0,05176992
506267;0,0517446
506283,6;0,05157601
506300,2;0,05148705
506316,8;0,05143578
506333,3;0,05143578
506349,8;0,05129856
506366,5;0,05119899
506383,3;0,05114661
506400;0,0510593
506416,1;0,0510593
506433,1;0,05104483
506449,3;0,05087781
506465,8;0,05078885
506482,4;0,05078885
506499;0,05068707
506515,5;0,05058238
506532,1;0,05053695
506548,7;0,05045762
506565,3;0,0504053
506582,1;0,05034137
506598,3;0,05027461
506614,9;0,05022288
506631,6;0,05022288
506648,1;0,05014387
506664,9;0,05002946
506681,3;0,04996395
506697,8;0,04995405
506714,3;0,04988201
506731;0,04988201
506747,5;0,04975826
506764;0,04968282
506780,6;0,04966941
506797,4;0,04959734
506814,1;0,04958186
506830,3;0,04956087
506846,9;0,0495045
506863,4;0,04938789
506880;0,04932686
506896,8;0,04929348
506913,4;0,04929348
506929,7;0,04917382
506946,7;0,0491355
506962,8;0,0491077
506979,6;0,04904931
506996;0,04904931
507012,5;0,04893156
507029,1;0,04893156
507045,8;0,04889686
507062,2;0,04882686
507078,8;0,04877039
507095,4;0,04874648
507112,4;0,04874648
507128,5;0,04868645
507145,5;0,04862478
507161,8;0,04860245
507178,3;0,04855097
507194,9;0,04852911
507211,3;0,04848382
507228;0,04846318
507244,8;0,04846318
507261,1;0,04837245
507278;0,04835257
507294,2;0,04832104
507311,2;0,04829139
507327,4;0,04828951
507344,3;0,04826888
507360,4;0,04818797
507377,4;0,04815035
507393,6;0,04814852
507410,4;0,04810752
507426,7;0,04806713
507443,4;0,04806713
507459,9;0,04804737
507476,5;0,0480351
507493,1;0,04799205
507509,5;0,04791803
507526,1;0,04789161
507542,7;0,04786776
507559,6;0,04785079
507576,6;0,04785079
507592,5;0,0478019
507609,4;0,04777115
507625,8;0,04775946
507642,1;0,04775587
507658,6;0,04774548
507675,2;0,04773958
507691,8;0,04773669
507708,4;0,04773609
507724,9;0,0477358
507741,5;0,04773783
507758;0,04773927
507774,6;0,04774245
507791,4;0,04774274
507807,9;0,04774851
507824,6;0,04775399
507840,9;0,04776005
507857,5;0,04776469
507874;0,04776469
507890,6;0,04777798
507907,1;0,04778229
507923,7;0,04778777
507940,6;0,0477924
507956,9;0,0477924
507973,4;0,04780538
507990;0,04780625
508006,6;0,04781348
508023,1;0,0478184
508040;0,04782536
508056,3;0,04782884
508072,8;0,04783316
508089,3;0,04783548
508106,1;0,04783751
508122,6;0,04784098
508139,1;0,0478488
508155,8;0,04786414
508172,5;0,04787602
508189,2;0,04788207
508205,6;0,04788207
508227,9;0,04789509
508239;0,04790458
508255,6;0,04791611
508272,5;0,04792881
508288,7;0,04794436
508305,3;0,0479524
508321,8;0,0479524
508338,4;0,04797487
508355;0,04799358
508372;0,04801028
508388,3;0,04801802
508404,7;0,04801802
508421,3;0,04804376
508437,9;0,04805767
508454,4;0,04806464
508470,9;0,04807162
508487,6;0,048076
508504,1;0,04809469
508520,6;0,04810667
508537,6;0,04811168
508553,8;0,04811168
508570,3;0,04811459
508586,9;0,04813655
508603,6;0,04814506
508620,1;0,0481518
508636,6;0,04815532
508653,2;0,04817412
508669,8;0,04817938
508686,9;0,04819084
508703,4;0,04819557
508719,4;0,0481988
508736;0,04820291
508753;0,04820823
508769,3;0,04820852
508785,8;0,04823498
508802,6;0,04825767
508819,3;0,04826476
508835,8;0,04826476
508852;0,04828916
508868,6;0,04830297
508885,8;0,04831944
508901,7;0,04832739
508918,3;0,04832739
508935,1;0,04836461
508951,4;0,04836519
508968;0,04839274
508984,5;0,04840237
509001,1;0,04842429
509017,7;0,0484343
509034,5;0,0484343
509050,8;0,04847144
509067,3;0,04848842
509083,9;0,04849901
509100,5;0,04852246
509117,1;0,04852246
509135,9;0,04853867
509150,2;0,04856093
509166,8;0,04858242
509183,3;0,04858599
509199,9;0,0486099
509216,5;0,04862821
509233,1;0,04863764
509249,6;0,04863764
509266,2;0,04867044
509282,7;0,0486755
509299,3;0,04868465
509316,1;0,04871163
509332,8;0,0487306
509349;0,04874004
509365,5;0,04874004
509382,1;0,04874897
509398,8;0,04875841
509415,3;0,04878009
509431,8;0,04881123
509448,4;0,04883349
509465,7;0,04884238
509481,5;0,04886318
509498,1;0,04887155
509514,7;0,04887155
509531,3;0,04889414
509548,1;0,04891916
509565,1;0,04892962
509580,9;0,04894753
509597,7;0,04896427
509614;0,04897327
509630,6;0,04898134
509647,5;0,04898373
509663,8;0,0490104
509680,3;0,04902926
509696,9;0,04904253
509713,4;0,04905119
509730;0,0490533
509746,6;0,04908604
509763,2;0,04909896
509779,7;0,04911101
509796,3;0,04911101
509813,5;0,04913791
509829,4;0,04915269
509846;0,04915388
509862,8;0,04917053
509879,1;0,04918714
509895,7;0,04920077
509912,2;0,04921315
509928,8;0,04921315
509945,5;0,04923405
509962;0,04924767
509978,5;0,04926911
509995,3;0,04927424
510011,7;0,04928336
510028,2;0,04928336
510044,9;0,04929212
510061,3;0,04932185
510083,7;0,04933675
510100,6;0,04935282
510117,4;0,04938325
510133,7;0,04939482
510150,2;0,04940574
510167,1;0,04941155
510183,1;0,0494225
510199,7;0,04944413
510216,2;0,04946055
510232,9;0,04946906
510249,3;0,04946906
510265,9;0,04948891
510282,5;0,04950872
510299,5;0,04951702
510315,6;0,04953199
510332,3;0,04954633
510348,8;0,04955333
510365,3;0,04956831
510381,9;0,04957718
510398,4;0,04959066
510415,1;0,04959066
510431,9;0,04961058
510448,2;0,04962438
510464,7;0,04963324
510481,6;0,04963324
510497,8;0,04965447
510514,4;0,0496615
510531;0,04967564
510547,5;0,04969007
510564,1;0,04969928
510581;0,0497119
510597,3;0,04971898
510613,8;0,04971898
510630,5;0,04973287
510646,9;0,04973287
510663,5;0,04974053
510680,1;0,04974733
510696,7;0,04976764
510713,2;0,04979634
510729,8;0,04980498
510746,8;0,04982013
510763,2;0,04982845
510779,5;0,04983589
510796,4;0,04984268
510812,6;0,04984984
510829,2;0,04987483
510846;0,04990216
510862,3;0,04991919
510878,9;0,04993474
510895,4;0,04996303
510912;0,05001342
510928,8;0,0500356
510945,7;0,05007893
510962,6;0,05007893
510978,3;0,05014854
510994,8;0,05016231
511012,1;0,05020377
511028,6;0,05025009
511045,8;0,0502955
511061,8;0,05031836
511078,3;0,05034393
511094,9;0,05034903
511111,4;0,0504377
511128,3;0,05047673
511144,6;0,05053499
511161,1;0,05056151
511177,7;0,05062375
511194,3;0,05065133
511210,8;0,05065133
511227,4;0,05073438
511244;0,0507908
511260,6;0,05081841
511277,1;0,05083205
511294,1;0,05084611
511310,3;0,05084611
511326,8;0,05086886
511343,4;0,05089778
511360,2;0,05090776
511376,5;0,05091308
511393,1;0,05091804
511409,6;0,05092052
511426,2;0,05092333
511442,8;0,05092547
511459,3;0,0509289
511475,9;0,05092191
511492,5;0,05091377
511509;0,05090662
511525,7;0,05089319
511542,2;0,05086687
511558,8;0,05084323
511575,3;0,05083342
511591,9;0,05081093
511608,5;0,05079772
511626;0,05078523
511641,6;0,05078523
511658,2;0,05073595
511674,7;0,05071961
511691,6;0,05070068
511707,8;0,05070068
511724,9;0,05067192
511741;0,05064487
511757,5;0,05063088
511774,1;0,05060912
511791,2;0,05060912
511807,6;0,05058286
511823,8;0,05056345
511840,5;0,05054373
511857;0,0505245
511873,5;0,05051104
511890,1;0,05050059
511906,7;0,05047954
511923,5;0,05047954
511939,8;0,05047046
511956,9;0,05046059
511973;0,05043826
511989,5;0,05040536
512006;0,05038507
512022,6;0,0503769
512039,2;0,05036661
512055,7;0,0503481
512072,3;0,05033021
512089;0,05032208
512105,8;0,05030474
512122;0,05029649
512138,6;0,05027947
512155,5;0,05026454
512171,7;0,0502557
512188,3;0,0502557
512205,1;0,05024618
512221,6;0,05021968
512238;0,05021383
512254,5;0,05020003
512271,1;0,05020003
512287,7;0,05018681
512304,3;0,05017393
512320,9;0,05016288
512337,5;0,05015273
512353,9;0,05014655
512370,7;0,05014038
512387,1;0,05013636
512404,3;0,05012989
512421,2;0,05011783
512437,3;0,05011008
512453,8;0,05010349
512470,1;0,0500986
512486,7;0,05009143
512503,7;0,05008833
512520,6;0,05008833
512536,2;0,05008177
512552,8;0,05007709
512569,3;0,05007709
512585,9;0,05007552
512602,5;0,05007208
512619,1;0,05006322
512635,9;0,05004265
512652,3;0,05003439
512668,7;0,05001546
512685,4;0,05001302
512701,8;0,04998688
512718,4;0,04997613
512735;0,04997613
512751,5;0,04994595
512768,1;0,04992548
512784,7;0,04990604
512801,3;0,0499062
512818;0,04988565
512835,6;0,0498586
512851,3;0,0498239
512867,8;0,04979732
512884,3;0,04976172
512901;0,04974061
512917,4;0,0496929
512934;0,0496929
512950,6;0,04967055
512967,1;0,04958033
512983,8;0,04955466
513000,3;0,04952958
513016,8;0,04951817
513033,4;0,04943086
513049,9;0,04940666
513066,6;0,04935094
513083,1;0,04935094
513099,7;0,04927253
513116,2;0,04923237
513132,8;0,04917062
513149,3;0,04910604
513165,9;0,04906136
513182,5;0,04901316
513199;0,04901038
513216,5;0,04898038
513232,4;0,04898038
513248,7;0,04891525
513265,3;0,04880641
513282,1;0,04877606
513298,5;0,0487538
513315;0,04874561
513331,7;0,0487318
513348,2;0,04872486
513364,7;0,04871711
513381,3;0,04871428
513398;0,04870961
513414,9;0,04870961
513431,4;0,04870649
513447,6;0,04870836
513464,9;0,04871261
513480,8;0,04872482
513497,5;0,04873364
513513,8;0,0487562
513530,4;0,0487562
513546,9;0,04878286
513563,7;0,04881935
513580,1;0,04884207
513596,6;0,04887114
513613,2;0,04888761
513629,8;0,04891997
513646,4;0,0489284
513663,2;0,04896645
513679,4;0,04898429
513696;0,04898429
513713;0,04903536
513739,7;0,04910297
513756,3;0,04915062
513772,8;0,04917825
513789,4;0,04921687
513805,9;0,04925243
513822,5;0,04930878
513839,1;0,04930878
513856,1;0,04933506
513872,4;0,04934306
513888,8;0,0493647
513905,9;0,0494842
513922;0,04957013
513938,5;0,04957013
513955,4;0,04965052
513971,6;0,04972142
513988,2;0,04975354
514005;0,04978101
514021,6;0,04979631
514038,2;0,04989845
514054,8;0,04994873
514071;0,04998772
514087,6;0,05001467
514104,1;0,05005439
514120,7;0,05008259
514137,4;0,05009729
514153,9;0,05010891
514170,4;0,05011118
514187,3;0,05013786
514203,6;0,05014695
514220,1;0,05015303
514236,7;0,05015303
514253,3;0,05016028
514270;0,05016876
514287,1;0,05017332
514302,9;0,05017545
514319,5;0,05017512
514336,1;0,05018824
514352,7;0,05019527
514369,3;0,05019863
514389,2;0,05020293
514405,7;0,05020756
514422,4;0,05021712
514438,8;0,05022454
514455,4;0,05022735
514472;0,050232
514488,5;0,050232
514505,3;0,05023544
514521,7;0,05023977
514538,4;0,05024881
514554,9;0,05026326
514571,8;0,05026701
514588,6;0,05027551
514605;0,05028044
514621,1;0,05029181
514640,6;0,05030516
514657,1;0,05030547
514674,4;0,05035182
514690,3;0,0503649
514707,3;0,05039215
514723,4;0,05040487
514739,9;0,05043306
514756,5;0,05045559
514773,1;0,05047271
514789,8;0,05050409
514806,2;0,05052368
514822,8;0,05054286
514839,3;0,0505708
514856,1;0,0505708
514873,2;0,05061856
514889;0,0506498
514906,2;0,05067471
514922,2;0,05068108
514938,7;0,05069657
514956,1;0,0507451
514971,9;0,05076148
514988,5;0,05079385
515005,8;0,05079385
515021,6;0,0508461
515038,2;0,05086261
515055,3;0,05086797
515071,7;0,05093183
515087,8;0,05096245
515104,4;0,0509879
515121;0,0509879
515137,7;0,05100526
515154,2;0,05101481
515170,7;0,05104296
515187,3;0,05113158
515204,2;0,05115893
515220,4;0,05119631
515237,3;0,05122127
515254,2;0,05125324
515270,1;0,05128739
515286,6;0,05131237
515303,2;0,05133472
515319,8;0,05134665
515336,6;0,05136508
515353,2;0,05142238
515369,8;0,05145758
515386,2;0,05147207
515402,6;0,05150708
515419,6;0,05152695
515435,7;0,05152695
515452,3;0,05158237
515468,9;0,05159605
515485,8;0,05161501
515502;0,0516767
515526,2;0,05171649
515539,9;0,05173923
515557,4;0,05174168
515573,3;0,05182889
515589,7;0,05186295
515606,2;0,05188896
515622,8;0,05191487
515639,3;0,05191629
515655,9;0,05199134
515672,5;0,05200623
515689,2;0,0520267
515706,3;0,05208715
515722,6;0,05212265
515739;0,05213655
515755,3;0,05213655
515772;0,05215221
515788,4;0,05216479
515805;0,05216479
515821,6;0,05220823
515838,3;0,05224743
515854,8;0,05225511
515871,7;0,05226209
515887,8;0,05226499
515904,5;0,05226124
515921;0,05224928
515937,6;0,0522333
515954,5;0,0522209
515971,3;0,05221189
515987,6;0,05216196
516004,3;0,05213591
516020,4;0,05211699
516036,9;0,05210117
516053,5;0,05207053
516070,1;0,05204163
516086,6;0,05203151
516103,2;0,05202376
516119,8;0,05202342
516136,3;0,05202342
516152,9;0,05202867
516169,5;0,05205101
516186;0,05205999
516202,6;0,05207064
516219,2;0,05207518
516235,7;0,05211048
516252,8;0,05214476
516269,3;0,05215854
516285,6;0,05215854
516302;0,0522015
516318,8;0,05222738
516335,9;0,052254
516352,5;0,05225426
516368,3;0,05229644
516385,6;0,0523123
516401,4;0,052322
516420,8;0,05233329
516434,5;0,05233537
516451,1;0,05234724
516467,8;0,05240213
516484,5;0,05242233
516501,5;0,05244709
516517,4;0,05245839
516533,9;0,05248295
516550,5;0,05250524
516567,1;0,05251648
516583,6;0,05253812
516600,2;0,05254819
516616,8;0,05256585
516633,5;0,05257155
516649,9;0,05259026
516667;0,05261166
516683;0,05263044
516699,7;0,05263917
516716,6;0,05263917
516732,7;0,05267617
516749,6;0,05268526
516766,3;0,05269428
516782,4;0,05270832
516799;0,05272388
516815,6;0,05273816
516832,6;0,05274462
516848,7;0,05275694
516865,3;0,05276411
516881,8;0,05276993
516898,4;0,05276993
516915,3;0,05279288
516931,7;0,05279868
516948,3;0,05280935
516965;0,05281485
516981,4;0,05282512
516997,8;0,05283029
517014,3;0,05283855
517030,9;0,05284372
517047,7;0,05284372
517064,1;0,05284752
517080,6;0,05285132
517097,7;0,05286273
517113,8;0,0528776
517130,3;0,05288318
517146,9;0,05288734
517163,4;0,05289429
517180,1;0,05289916
517196,7;0,0529023
517213,3;0,05290716
517229,8;0,05291064
517246,3;0,05291064
517262,9;0,05291764
517279,4;0,05292043
517297,6;0,05292288
517314,4;0,05292392
517330,8;0,05292673
517347,3;0,05292813
517364,1;0,05292813
517380,6;0,05293055
517397,5;0,05292882
517413,6;0,05292952
517430,2;0,05292777
517446,7;0,05292742
517463,3;0,05292495
517479,8;0,05292177
517496,8;0,05291426
517513;0,05290383
517529,5;0,05290383
517546,2;0,05288902
517562,7;0,05287747
517579,2;0,05286117
517595,8;0,05285398
517612,4;0,0528536
517629;0,05282283
517645,9;0,05280981
517662,3;0,05279709
517678,8;0,05279709
517695,6;0,05278831
517711,8;0,05278831
517728,5;0,05277632
517745,3;0,05273668
517761,5;0,05272138
517778,1;0,05271159
517794,6;0,05269661
517811,2;0,05269661
517827,8;0,05267726
517844,4;0,05265652
517860,9;0,05264441
517878,1;0,05264008
517894,4;0,05263424
517910,6;0,05264053
517927,1;0,05265578
517943,7;0,05266471
517960,3;0,05268221
517977,3;0,05269959
517993,4;0,05272414
518010;0,05272414
518026,6;0,05275957
518043,2;0,05277526
518059,8;0,05280188
518076,3;0,05282682
518093,3;0,05283943
518109,8;0,05286039
518126,2;0,05287517
518148,9;0,05289888
518159,1;0,05290756
518176,3;0,05292796
518192,3;0,05294699
518209,7;0,05294699
518225,7;0,05295705
518242,7;0,05298427
518258,5;0,05299613
518275;0,05301075
518291,6;0,05301075
518308,2;0,05303411
518324,8;0,05303411
518341,3;0,05304149
518357,9;0,05304149
518374,4;0,05306245
518391;0,05308073
518407,6;0,05309404
518424,1;0,05310493
518440,8;0,05311756
518457,3;0,05312285
518473,9;0,05313269
518490,8;0,05314146
518507;0,05314991
518523,6;0,05315834
518540,2;0,05316579
518557;0,05317601
518573,3;0,05318269
518589,8;0,05318269
518606,4;0,0531965
518623;0,0532071
518639,5;0,0532071
518656,8;0,05323121
518672,7;0,05324434
518689,3;0,05325209
518706,1;0,05325818
518722,3;0,0532596
518739,6;0,05328484
518755,9;0,05329124
518772;0,05330368
518788,6;0,05331007
518805,3;0,05332184
518821,8;0,05333041
518838,3;0,0533343
518855,1;0,0533457
518871,5;0,05335748
518888,1;0,05336959
518904,6;0,0533771
518921,2;0,05338923
518937,8;0,05339532
518954,3;0,05340029
518971,6;0,05340352
518987,7;0,05340639
519004;0,05341351
519020,8;0,053436
519043,6;0,05345358
519060,2;0,05346572
519076,7;0,05347252
519093,8;0,05348328
519109,9;0,05349513
519127;0,0535005
519143,6;0,05350808
519159,6;0,05351848
519176,6;0,05351848
519192,7;0,05353535
519209,3;0,05354612
519225,8;0,05355548
519242,6;0,05355764
519259;0,05356269
519275,6;0,05358069
519292,1;0,05358605
519308,7;0,05359684
519325,3;0,0536055
519341,8;0,05361417
519358,4;0,05361417
519375,1;0,05362818
519391,5;0,05364255
519408,3;0,05365514
519424,8;0,05366124
519441,2;0,05366124
519457,8;0,05367352
519474,4;0,05369116
519491,3;0,05370015
519507,5;0,05370875
519524,1;0,05370875
519540,9;0,05371993
519557,2;0,05372997
519574;0,05372997
519590,3;0,05374222
519606,9;0,05374222
519623,5;0,05374868
519640,1;0,0537523
519657,2;0,05376992
519673,4;0,05379619
519689,8;0,0538081
519706,7;0,05381858
519723;0,05382259
519739,4;0,05383166
519756;0,05386205
519772,6;0,05387521
519789,1;0,0538932
519806,2;0,0538932
519822,3;0,05394432
519838,8;0,05394618
519855,4;0,0539801
519872;0,05399823
519888,6;0,05400733
519908,6;0,05400771
519925,1;0,05400594
519941,7;0,05398807
519958,3;0,05395969
519974,8;0,0539369
519991,4;0,05390431
520007,9;0,05386264
520025;0,05384106
520041,5;0,05379857
520057,7;0,05377548
520075,2;0,05373222
520090,8;0,05368866
520107,4;0,05366563
520124,1;0,05364271
520140,5;0,05363405
520157;0,0535588
520173,7;0,05353539
520190,2;0,05349391
520206,8;0,05349391
520223,3;0,05346226
520240,1;0,05343084
520257;0,05341176
520273,1;0,0534114
520289,6;0,05338621
520306,2;0,05332025
520322,8;0,05324891
520340;0,05322072
520356,2;0,05320127
520372,9;0,05316561
520389;0,05313994
520405,7;0,05311441
520422,2;0,05309852
520438,8;0,05309852
520455,3;0,05303126
520471,8;0,05302148
520488,4;0,05298429
520504,9;0,05296635
520521,5;0,05293318
520538,1;0,05290565
520554,7;0,05288967
520571,2;0,05286077
520587,8;0,05283565
520604,4;0,05280153
520620,9;0,05280153
520637,8;0,05278438
520654,1;0,05271869
520670,7;0,05270196
520687,3;0,05267047
520703,8;0,05266737
520720,3;0,05262344
520736,9;0,05262344
520753,6;0,05258972
520770;0,05255742
520786,6;0,05255742
520803,2;0,05250509
520825,6;0,05247993
520836,3;0,05246243
520853,2;0,0524311
520869,4;0,05241495
520886,4;0,05241495
520902,6;0,05239942
520919,1;0,05239942
520936;0,05234229
520952,5;0,0522841
520968,8;0,05225689
520985,5;0,05225689
521001,9;0,05222748
521018,7;0,0521963
521035,6;0,05216402
521052,4;0,05215301
521068,3;0,05212219
521085,6;0,05209368
521101,4;0,05208037
521117,9;0,05205182
521134,5;0,05203696
521151,1;0,05200973
521167,6;0,05199298
521184,2;0,05196885
521200,8;0,05195625
521217,5;0,05195625
521234,3;0,05191705
521250,5;0,05189043
521267,1;0,0518662
521283,6;0,05185454
521300,2;0,05185454
521316,7;0,05181846
521333,4;0,05180576
521349,8;0,05179168
521366,5;0,05176032
521383;0,05175506
521399,5;0,05172683
521416,1;0,05170773
521433;0,05169043
521449,3;0,05167025
521465,8;0,05164975
521482,4;0,0516384
521499;0,05162561
521515,5;0,0516193
521532,2;0,05160974
521548,8;0,05160974
521565,3;0,05159948
521581,9;0,05157112
521598,4;0,05153309
521615,4;0,05151564
521631,5;0,05150605
521648,1;0,05148965
521664,6;0,05148282
521681,2;0,05147231
521697,8;0,05145642
521714,6;0,05143696
521730,9;0,05142506
521747,4;0,05142506
521764,2;0,05139117
521780,6;0,05139117
521797,2;0,05136749
521813,8;0,05132601
521830,3;0,05129642
521846,9;0,0512896
521863,4;0,0512505
521880;0,05124202
521896,5;0,05123588
521913,3;0,05123545
521929,8;0,05124477
521946,3;0,051256
521962,8;0,05128521
521979,4;0,05131254
521996;0,05133896
522012,5;0,05137849
522029,1;0,0513998
522045,7;0,05142091
522062,3;0,05143082
522078,8;0,05146273
522095,4;0,05148435
522112;0,05157094
522128,5;0,05159897
522145,1;0,05163366
522162,3;0,05163366
522178,7;0,05165317
522195,5;0,05165317
522211,4;0,05168499
522228,8;0,05178106
522244,4;0,05182404
522261,1;0,05185013
522277,6;0,05187279
522294,2;0,05190854
522310,7;0,05194541
522327,3;0,05194541
522343,9;0,05198134
522360,4;0,05201691
522377,4;0,05205361
522393,8;0,05207819
522410,4;0,05210616
522426,7;0,05212178
522443,7;0,05215694
522459,8;0,05218909
522476,7;0,05220836
522493;0,05224158
522509,9;0,05226119
522526,5;0,05227447
522542,7;0,0522914
522559,8;0,05233938
522575,8;0,05235598
522592,3;0,05238728
522608,9;0,05241077
522625,5;0,052437
522642,1;0,05245238
522659,5;0,05245238
522675,2;0,05251483
522691,8;0,0525357
522708,3;0,05256131
522725;0,05257607
522741,5;0,05257607
522758,1;0,05263298
522774,6;0,05265179
522791,8;0,05266653
522808,3;0,05266653
522824,3;0,05267992
522840,9;0,05269564
522857,4;0,0527344
522874,5;0,05279829
522890,8;0,05281501
522907,2;0,05281501
522924,3;0,05285481
522940,3;0,05287568
522957,1;0,0529045
522974,1;0,05291927
522990,2;0,05291927
523006,5;0,05294748
523023,3;0,05299703
523039,7;0,05301194
523056,2;0,05303783
523072,8;0,05305329
523089,3;0,05307818
523106;0,05309859
523122,5;0,0531162
523139,2;0,05312834
523155,6;0,05315192
523172,2;0,05316334
523188,8;0,05316334
523205,8;0,05320851
523221,9;0,05321972
523238,5;0,05323252
523255;0,05323252
523271,6;0,05327163
523288,2;0,0532856
523304,8;0,05329821
523322,1;0,05331956
523337,9;0,0533395
523354,5;0,05335564
523371,3;0,05336996
523387,6;0,05338088
523404,1;0,05339982
523420,7;0,05342056
523437,3;0,05342056
523453,8;0,05342938
523470,4;0,05342938
523486,9;0,05343921
523503,5;0,05347934
523520,9;0,0534991
523537,5;0,05351743
523554;0,05352586
523570,6;0,05354283
523587,2;0,05355985
523603,9;0,05356834
523620,7;0,05357652
523637;0,05358819
523653,4;0,05359559
523670;0,05359559
523686,5;0,05362437
523703,3;0,05363049
523720,4;0,05363758
523736,3;0,05363758
523752,8;0,05366363
523769,4;0,05367041
523786,8;0,05368222
523802,8;0,05368797
523819,1;0,05368797
523835,9;0,05370548
523852,2;0,0537166
523868,8;0,05372417
523885,4;0,05372703
523902,5;0,05373318
523918,5;0,05374971
523935,3;0,0537598
523951,6;0,05376881
523968,3;0,05377494
523984,8;0,05377965
524001,3;0,05377965
524017,9;0,05379733
524034,4;0,05380093
524051;0,05380924
524067,6;0,05381541
524084,2;0,05381541
524100,7;0,05381937
524117,3;0,05381937
524133,8;0,05383384
524150,6;0,05384686
524167,1;0,05384686
524183,9;0,05385558
524200,1;0,05386389
524217,2;0,05386678
524233,3;0,05387184
524249,8;0,05387184
524266,3;0,05387581
524283,3;0,05388379
524299,7;0,05388379
524316,3;0,05389176
524332,6;0,0538961
524349,5;0,05390008
524365,8;0,0539008
524382,5;0,05390407
524398,9;0,05391277
524416;0,05391751
524432,1;0,05392078
524449;0,05392078
524465,2;0,05393168
524481,8;0,05393423
524498,6;0,05393787
524514,9;0,0539415
524531,6;0,0539415
524548,1;0,05394915
524564,6;0,05395459
524581,8;0,05395861
524597,7;0,05396369
524614,7;0,05396916
524630,9;0,05397135
524647,8;0,05397135
524664,1;0,053979
524680,6;0,05398522
524697,1;0,0539874
524714,1;0,05399032
524730,4;0,05399104
524747;0,05399287
524763,5;0,05399543
524779,9;0,05400749
524796,8;0,0540137
524813,1;0,0540166
524829,6;0,05402208
524846,2;0,05402501
524862,9;0,05402903
524879,3;0,05403122
524896,3;0,05403562
524912,5;0,05403889
524929,4;0,05403889
524945,8;0,05403998
524962,4;0,05404437
524978,9;0,05404618
524995,8;0,05404835
525012,2;0,05404835
525028,4;0,05405417
525045,1;0,0540604
525061,6;0,05406816
525078,7;0,05406998
525094,8;0,05408178
525111,3;0,05409513
525127,9;0,05410478
525144,5;0,05411744
525161;0,05413376
525177,6;0,05414155
525194,8;0,05415718
525210,7;0,05415718
525227,3;0,0541829
525244,4;0,05419188
525260,4;0,05420757
525277,3;0,054224
525293,5;0,05423256
525312,3;0,05424827
525328,9;0,05426548
525346,3;0,05427523
525362;0,05427523
525378,6;0,05428348
525395,2;0,05429244
525411,8;0,05430109
525428,4;0,05433029
525444,9;0,05435285
525461,6;0,05435285
525478;0,05437305
525494,6;0,05439931
525511,2;0,05441432
525527,7;0,05441846
525544,3;0,05443569
525560,9;0,0544556
525577,5;0,05447326
525593,9;0,05448791
525610,6;0,05449058
525627,1;0,05451011
525643,7;0,05453149
525660,2;0,05454352
525676,9;0,05455859
525693,4;0,05457631
525709,9;0,0545872
525726,8;0,05460606
525743,9;0,05461438
525759,6;0,05463092
525776,2;0,05464897
525792,9;0,05465761
525809,3;0,05467528
525825,9;0,05468548
525842,4;0,05470239
525859;0,05470996
525875,8;0,05472654
525892,1;0,05472654
525909;0,05474008
525925,7;0,05476272
525941,8;0,05477707
525958,4;0,05478457
525975,2;0,05478685
525991,6;0,05481133
526008,2;0,05481133
526025;0,05481924
526041,4;0,05482825
526057,9;0,05484446
526074,8;0,05487201
526091;0,05489457
526107,6;0,05491079
526124,1;0,05492099
526140,7;0,05493383
526158,1;0,05494661
526181,4;0,05496395
526197,9;0,05496395
526214,6;0,05499973
526231,6;0,05500723
526247,6;0,05502871
526264,3;0,05503818
526280,9;0,05505701
526297,4;0,05506529
526313,9;0,05507471
526330,5;0,05508714
526347,1;0,0551131
526363,6;0,05513117
526380,3;0,05513838
526396,8;0,05515075
526413,3;0,05516617
526430,1;0,05516729
526446,5;0,05516439
526463;0,05515115
526479,6;0,05513515
526496,5;0,0551157
526512,7;0,05508376
526529,3;0,055066
526545,9;0,05503787
526562,4;0,05499503
526579;0,05495182
526595,6;0,05492419
526612,1;0,05489611
526628,7;0,05487955
526645,3;0,05486931
526662;0,05484069
526678,4;0,05484069
526695,1;0,05477742
526711,5;0,05467914
526728,1;0,0546453
526744,6;0,0546453
526761,4;0,05463766
526778,5;0,05463766
526794,4;0,05464137
526810,9;0,05464694
526827,4;0,05464514
526844,1;0,05463969
526861,2;0,05462186
526877,2;0,05459853
526893,8;0,0545705
526910,4;0,05455704
526926,9;0,05452689
526943,9;0,05452056
526960,8;0,05448049
526976,6;0,05446372
526993,2;0,05442967
527009,8;0,05441351
527026,3;0,0543897
527042,9;0,05436196
527059,4;0,05436196
527076,4;0,05432237
527092,8;0,05427864
527109,1;0,05427272
527125,7;0,05419642
527142,3;0,05415835
527158,8;0,05412911
527175,4;0,05409771
527191,9;0,05405961
527208,6;0,05401628
527225,3;0,05399317
527241,9;0,0539481
527258,6;0,05391835
527275;0,0539017
527291,3;0,05388039
527307,9;0,05388039
527324,9;0,05385767
527341,1;0,05380262
527357,6;0,05372412
527374,4;0,05372198
527390,8;0,05371085
527407,5;0,0536912
527424,1;0,05368774
527440,4;0,05368696
527457;0,05368696
527473,6;0,05368735
527490,8;0,0536885
527506,8;0,05369046
527523,3;0,05369202
527539,9;0,05369202
527556,4;0,05370077
527573;0,05370019
527589,6;0,05370453
527606,1;0,0537072
527623,3;0,05371033
527639,3;0,05371228
527655,8;0,05371501
527673,2;0,05371734
527689;0,05372125
527705,5;0,05372281
527722,1;0,05372594
527738,6;0,05373159
527755,6;0,05373257
527771,8;0,05373647
527788,3;0,05373843
527804,9;0,05373999
527821,5;0,05374189
527838,3;0,05374938
527854,6;0,05375171
527871,1;0,053756
527887,8;0,053756
527904,3;0,05376029
527920,9;0,05376263
527937,4;0,05376459
527954;0,05376459
527970,6;0,05377213
527989,6;0,05377845
528006,4;0,05378295
528022,8;0,05378531
528039,3;0,05378531
528055,9;0,05379719
528072,4;0,05379546
528089,7;0,05380237
528105,6;0,05380483
528122,2;0,05381043
528138,8;0,05381111
528155,3;0,05381111
528171,9;0,05381967
528188,4;0,0538224
528205,8;0,05382479
528221,6;0,05383065
528238,2;0,05383262
528254,7;0,05383684
528271,7;0,05383886
528287,8;0,05384279
528304,4;0,05384988
528321;0,05384985
528337,5;0,05385416
528354,3;0,05385649
528370,7;0,05386158
528387,2;0,05386783
528403,8;0,05387057
528420,4;0,05387836
528436,9;0,05389772
528453,5;0,0539134
528470,2;0,0539134
528486,6;0,05399665
528504,3;0,05402175
528519,8;0,05404942
528536,3;0,05404942
528553,1;0,05410789
528569,5;0,05410789
528586,1;0,05414117
528602,6;0,05417237
528619,1;0,05430833
528636,6;0,05446631
528652,3;0,0545042
528668,9;0,05455209
528685,7;0,05462183
528701,9;0,05466016
528718,6;0,05468097
528735,1;0,05469873
528751,7;0,0547113
528768,3;0,05474762
528784,8;0,05476329
528801,7;0,05476907
528817,9;0,05476907
528834,8;0,05477444
528851,5;0,05477712
528867,8;0,05485148
528884,4;0,0548719
528900,8;0,05487956
528917,4;0,0549661
528934,1;0,05501524
528950,5;0,05504311
528967,1;0,0550674
528983,8;0,05507246
529000,2;0,05517723
529016,8;0,05520218
529033,7;0,05525577
529049,9;0,05525577
529066,5;0,05533191
529083;0,05536309
529099,6;0,05541739
529116,1;0,05546962
529132,7;0,05549709
529149,3;0,05554459
529165,8;0,055582
529183,1;0,05560695
529199,6;0,05560695
529215,6;0,05561785
529232,1;0,05561785
529248,7;0,05562816
529265,3;0,0556483
529281,8;0,05565227
529298,4;0,05565491
529315,1;0,05565557
529331,6;0,05565425
529348,3;0,05564037
529364,8;0,05563079
529381,4;0,05560601
529397,9;0,05558305
529414,4;0,05554625
529430,9;0,05552499
529447,5;0,05550495
529464,1;0,05548643
529480,6;0,05541213
529497,2;0,05539026
529513,8;0,05534243
529530,8;0,05534243
529546,9;0,05527034
529563,5;0,05524756
529580,1;0,05519782
529596,8;0,05515191
529613,2;0,05512739
529629,8;0,05508005
529646,6;0,05504275
529663,2;0,05500798
529679,5;0,05498587
529698,8;0,05494818
529712,5;0,05489333
529729,3;0,05489333
529745,8;0,05486728
529762,4;0,05484472
529778,8;0,05480995
529795,4;0,05471891
529812,4;0,0546811
529828,8;0,05465752
529845,1;0,05465133
529861,6;0,05463568
529878,8;0,0546139
529894,8;0,05456602
529911,4;0,05447239
529927,9;0,0544425
529944,4;0,0544057
529961,3;0,05436916
529977,6;0,05435599
529994,2;0,05434539
530010,8;0,05433624
530027,5;0,0543214
530043,9;0,05431725
530060,4;0,0543149
530077;0,0543149
530093,6;0,05431294
530110,2;0,05431177
530126,8;0,05431468
530143,7;0,05431294
530159,9;0,05431294
530176,9;0,05431871
530193,5;0,0543185
530209,6;0,05432127
530226,1;0,05432365
530242,7;0,05432445
530259,3;0,05432941
530275,9;0,05432841
530292,4;0,05433332
530308,9;0,05433394
530325,6;0,05433394
530342,1;0,05434003
530358,6;0,05434067
530375,6;0,05434424
530391,9;0,05434621
530409,1;0,05434621
530425,6;0,05435194
530441,4;0,0543522
530458,4;0,05435419
530474,6;0,05435577
530491,4;0,05435736
530508;0,05435736
530524,8;0,05435935
530540,9;0,05436411
530557,4;0,0543689
530574,1;0,05437347
530598,7;0,05437744
530607,2;0,05438001
530623,7;0,05438199
530640,3;0,05438398
530656,9;0,05438796
530673,4;0,05439072
530690;0,05439548
530706,6;0,05440103
530723,4;0,05440343
530739,7;0,05440343
530756,4;0,05441056
530772,8;0,0544173
530789,9;0,05442159
530806;0,05442283
530822,5;0,05442857
530839,1;0,05443548
530855,7;0,05444301
530872,3;0,05444538
530889,3;0,05444776
530905,4;0,05445132
530921,9;0,05446162
530938,5;0,05446162
530955,1;0,05446976
530971,6;0,05447349
530988,6;0,05448493
531004,8;0,05448139
531021,5;0,05448732
531037,9;0,05449128
531054,8;0,05449735
531071,5;0,05449718
531087,6;0,05450072
531104,1;0,05450308
531120,8;0,05450308
531137,3;0,05450426
531154,6;0,05450505
531170,4;0,05450505
531187,7;0,05451626
531203,6;0,05455495
531220,1;0,05455495
531236,7;0,05461624
531254;0,05466395
531270,3;0,05469242
531286,4;0,05470676
531303;0,05472443
531319,5;0,05475061
531336,1;0,05476034
531352,7;0,05476105
531369,9;0,05476566
531385,8;0,05476763
531402,4;0,05476962
531419,5;0,0547683
531435,8;0,05476731
531452,3;0,05476731
531468,7;0,05476194
531485,3;0,05476303
531501,8;0,05475886
531518,4;0,0547581
531535;0,0547558
531551,5;0,05475285
531568,1;0,05475053
531585;0,05474954
531601,2;0,05474338
531617,8;0,05474459
531634,8;0,05474028
531651,1;0,05474028
531668;0,05473611
531684,1;0,05473399
531701,1;0,05473069
531717,2;0,05472837
531733,8;0,05472837
531750,8;0,05472274
531766,9;0,05472274
531783,4;0,05472175
531800,1;0,05472075
531816,6;0,05471678
531833,1;0,05470948
531849,8;0,05470463
531866,3;0,05470549
531882,9;0,05470549
531899,9;0,05470084
531916,3;0,0546995
531932,6;0,0546955
531949,1;0,0546867
531965,9;0,0546867
531982,5;0,05466377
531999,2;0,0546513
532015,4;0,05462754
532032;0,05457585
532049,1;0,05455311
532065,6;0,05450916
532081,7;0,05447292
532098,7;0,05444488
532114,8;0,05441421
532131,5;0,05441421
532148;0,05440283
532164,5;0,05438245
532181;0,0543744
532197,6;0,0543744
532214,2;0,05437164
532230,8;0,05436927
532247,3;0,05437292
532263,9;0,05437127
532280,4;0,05437127
532297;0,05437246
532313,8;0,05437488
532330,1;0,05437689
532346,8;0,05438223
532363,3;0,05438051
532379,9;0,05438252
532397;0,05438332
532413,8;0,05438452
532430,1;0,05438452
532446,7;0,05438572
532463,4;0,05438747
532479,9;0,05438453
532497,3;0,05437395
532512,9;0,05436175
532529,6;0,05432978
532546,1;0,05431145
532562,7;0,05426772
532579,3;0,0542434
532595,8;0,05421626
532612,4;0,05421406
532629,3;0,05411518
532645,5;0,05407825
532662,3;0,05403413
532678,7;0,05400871
532695,3;0,05395294
532712,3;0,05390018
532728,3;0,05387503
532745,3;0,05381574
532761,5;0,05379018
532778,1;0,05373668
532794,6;0,05369289
532811,2;0,0536577
532827,8;0,05360094
532844,4;0,05357346
532860,8;0,05352282
532877,4;0,05349268
532894,3;0,0534423
532910,6;0,0534423
532927,9;0,05338313
532943,8;0,05333667
532960,4;0,05328309
532977,3;0,05323718
532993,4;0,05320511
533010,1;0,05317363
533026,9;0,05315466
533043,5;0,0531335
533059,7;0,05313057
533076,8;0,05310468
533092,8;0,05309743
533109,4;0,05301479
533125,9;0,05289752
533142,5;0,05285753
533159,1;0,05283097
533175,8;0,05278708
533192,2;0,05274195
533208,8;0,05272084
533225,3;0,05267138
533241,9;0,05264476
533259,2;0,05262545
533275;0,05260649
533297,5;0,05255125
533314,6;0,05254095
533331;0,05253787
533347,3;0,0525382
533363,8;0,05253785
533380,3;0,05254053
533396,9;0,05254354
533413,4;0,05254785
533430,6;0,05255584
533446,6;0,05255998
533463,2;0,05256818
533479,9;0,05257751
533496,3;0,05258185
533512,9;0,05259117
533529,4;0,05259748
533546;0,05260647
533562,6;0,05261049
533579,3;0,05261049
533595,7;0,05261857
533612,4;0,05263283
533628,9;0,05263786
533645,5;0,05263786
533662,4;0,05265559
533678,5;0,05265559
533695,1;0,05265994
533711,7;0,05265994
533728,2;0,05266429
533744,8;0,052681
533761,6;0,05269308
533777,9;0,05270146
533794,5;0,05270146
533811,1;0,05270448
533828,1;0,05271892
533844,2;0,05271892
533860,9;0,05272814
533877,3;0,05273977
533893,9;0,05274414
533910,4;0,05274886
533927,1;0,05274907
533943,7;0,05276367
533960,3;0,05276929
533976,8;0,05277614
533993,4;0,05278391
534010,3;0,05278897
534027,1;0,05279336
534043,7;0,05279877
534059,6;0,05280519
534076,7;0,0528084
534092,7;0,05281195
534109,3;0,05281362
534126;0,0527968
534142,6;0,0527739
534159;0,05275797
534175,6;0,05275797
534192,5;0,05272481
534208,7;0,0526626
534225,3;0,05263627
534241,8;0,05260004
534258,4;0,05260004
534274,9;0,05254036
534291,5;0,05248803
534308,1;0,05246681
534324,6;0,05246681
534341,4;0,05244374
534357,8;0,05242326
534374,3;0,05235197
534390,9;0,05228288
534407,5;0,05224009
534424,1;0,05222026
534440,8;0,0521776
534457,4;0,05215651
534473,8;0,05211596
534490,3;0,05209407
534506,9;0,05206901
534523,4;0,05206901
534540;0,05206017
534556,7;0,05206223
534573,5;0,05206808
534589,8;0,05207494
534606,6;0,05207494
534622,9;0,05208757
534639,4;0,05209984
534655,9;0,05211416
534672,6;0,0521295
534689,1;0,05213801
534705,8;0,05214759
534722,6;0,05216016
534738,8;0,05216016
534755,4;0,05218402
534771,9;0,05219324
534788,5;0,05220825
534805,1;0,05222327
534821,6;0,05223798
534838,2;0,05225027
534854,9;0,05225027
534871,3;0,05226326
534888,4;0,05229198
534904,5;0,05229954
534921;0,05230913
534938,1;0,05231121
534954,2;0,05232458
534971,4;0,05232458
534987,8;0,05232458
535003,9;0,05232458
535020,4;0,05234657
535037,3;0,05239774
535053,6;0,05241629
535070,6;0,05242525
535086,8;0,05242525
535103,3;0,05244349
535119,8;0,05247729
535136,4;0,05248591
535152,9;0,05249558
535169,6;0,05249558
535186,1;0,05252532
535202,7;0,05252979
535219,8;0,05254505
535235,8;0,05256514
535252,4;0,05258211
535269,4;0,05259739
535286,3;0,05259981
535302,1;0,05261614
535318,7;0,0526349
535335,2;0,05265163
535351,8;0,05266133
535368,9;0,05267768
535384,9;0,05268572
535401,7;0,05270419
535418;0,05271467
535434,6;0,05272932
535451,6;0,05274296
535467,7;0,05275694
535484,3;0,05275694
535500,9;0,05277722
535517,4;0,0527993
535534;0,05281682
535550,7;0,05281682
535567,8;0,05284485
535583,7;0,05284485
535600,3;0,05285291
535616,8;0,05286236
535633,4;0,05286236
535650,3;0,052882
535666,6;0,05291957
535683,4;0,0529315
535699,9;0,05295013
535716,3;0,05296138
535732,8;0,05297197
535749,4;0,05297967
535766,1;0,05300893
535782,6;0,05302798
535799,1;0,05303785
535815,6;0,05305584
535832,2;0,05306676
535849,3;0,05308586
535865,4;0,05309616
535881,9;0,05311524
535898,5;0,05312835
535915,1;0,05314462
535931,6;0,05316053
535948,2;0,05317611
535964,8;0,0531868
535981,3;0,05320594
535998,1;0,05320594
536014,4;0,05323284
536031,6;0,05324454
536047,6;0,05324596
536064,1;0,05328496
536080,7;0,05330551
536097,4;0,05331721
536113,8;0,05333036
536130,5;0,05333428
536147;0,05337197
536163,6;0,05338836
536180,7;0,05340295
536196,8;0,05341538
536213,3;0,05342674
536229,8;0,05343636
536246,8;0,05343636
536263;0,05344635
536279,8;0,05345739
536296,1;0,05349302
536312,6;0,05353297
536329,9;0,05355011
536345,8;0,05356013
536362,4;0,05358292
536378,9;0,0535947
536395,4;0,05361614
536412,1;0,05363617
536429;0,05364762
536445,2;0,05364762
536461,8;0,0536767
536478,3;0,05369791
536494,9;0,05371693
536511,6;0,05371693
536528;0,05373777
536544,6;0,05375725
536561,4;0,05377493
536578,1;0,0537879
536594,5;0,0537879
536611,5;0,05381284
536627,9;0,05383702
536644,1;0,05385009
536661,2;0,05386642
536677,6;0,05386642
536693,7;0,05389252
536710,3;0,05390557
536727;0,05392514
536743,4;0,05394618
536759,9;0,0539549
536776,5;0,05396832
536793,4;0,05397563
536809,9;0,05399308
536826,2;0,0540043
536842,8;0,05401636
536859,3;0,05404733
536876,3;0,05405099
536892,4;0,05406117
536909,1;0,05406117
536925,8;0,05407032
536942,8;0,05410942
536959,4;0,05413763
536975,3;0,05414782
536991,9;0,05415587
537008,4;0,05416026
537025,6;0,05419467
537041,6;0,05421341
537058,4;0,05422259
537074,7;0,05424131
537091,9;0,05425416
537107,9;0,05426962
537124,4;0,05426962
537141;0,0542865
537157,6;0,05430488
537174,1;0,05432217
537190,7;0,05433873
537207,3;0,05433873
537224;0,05435267
537240,4;0,05436849
537256,9;0,05438319
537273,5;0,05439348
537290,1;0,05440635
537306,9;0,05441336
537323,2;0,05442882
537339,8;0,05444245
537356,3;0,05445129
537372,9;0,05446713
537389,8;0,05447524
537406,7;0,05447524
537422,6;0,05449665
537439,1;0,05450365
537455,8;0,05451031
537472,3;0,05453208
537488,9;0,05453208
537505,4;0,05455614
537522;0,05456057
537539;0,05456761
537555,1;0,05456761
537571,7;0,05458727
537588,3;0,05461068
537604,9;0,05462779
537621,4;0,05463634
537637,9;0,05464596
537654,6;0,05465967
537671,4;0,0546738
537687,7;0,0546738
537704,6;0,05468946
537720,8;0,05470141
537737,4;0,0547152
537753,9;0,05472677
537770,5;0,05473647
537787,1;0,05474246
537803,9;0,05475848
537820,2;0,05476893
537837,6;0,05477526
537853,8;0,05478686
537869,9;0,05479398
537886,8;0,05479398
537903;0,05481005
537919,6;0,05482241
537936,2;0,05483362
537952,8;0,05483885
537969,3;0,05484673
537985,9;0,0548542
538002,4;0,05486016
538019;0,05486016
538035,6;0,05488187
538052,1;0,05488936
538068,9;0,05489796
538085,3;0,05490283
538101,8;0,05490283
538118,4;0,05491708
538135,1;0,05492266
538151,6;0,05492527
538168,8;0,05492527
538184,8;0,05492527
538201,3;0,05492565
538217,8;0,05492158
538234,4;0,05490881
538250,9;0,05490373
538267,5;0,05489717
538284,1;0,05488631
538301,3;0,05487401
538317,2;0,05486749
538334,1;0,0548548
538350,3;0,05484827
538366,9;0,05483374
538383,5;0,05482794
538400,1;0,05482794
538416,9;0,05480766
538433,2;0,05480111
538449,7;0,05479532
538466,3;0,05477673
538483,1;0,0547775
538499,4;0,05478163
538516;0,05478962
538532,6;0,05479766
538549,3;0,05482345
538565,8;0,05484554
538582,4;0,05485488
538598,8;0,05487199
538616,1;0,05488945
538631,9;0,05491483
538648,6;0,05491483
538665,1;0,05491842
538683,8;0,05495677
538700,4;0,05499411
538717;0,05500818
538733,6;0,05501524
538750,1;0,05506285
538767,3;0,05508964
538783,3;0,05510228
538799,9;0,05510228
538816,4;0,05511601
538832,9;0,05511601
538849,6;0,05512865
538866,3;0,05518254
538882,9;0,05522398
538899,3;0,05524247
538916,1;0,05525114
538932,4;0,05527563
538949,2;0,05529889
538965,6;0,05532415
538982,1;0,05534934
538998,6;0,05535327
539015,2;0,05537815
539031,9;0,0554026
539048,3;0,05542002
539064,9;0,05544135
539081,5;0,05546423
539098,1;0,05547444
539114,6;0,05549654
539131,2;0,05549654
539147,7;0,05552828
539164,3;0,05553646
539180,9;0,05553646
539197,4;0,05555894
539214;0,05556117
539230,6;0,05555897
539247,1;0,05555897
539263,7;0,05555597
539280,3;0,05554489
539296,8;0,05553754
539313,4;0,05549422
539329,9;0,05548154
539346,8;0,05545453
539363,1;0,05544015
539380,3;0,05540925
539396,9;0,05539354
539412,8;0,05539354
539429,9;0,05532987
539445,9;0,05532987
539462,4;0,05531412
539479,1;0,05529762
539495,7;0,05527705
539512,8;0,05519695
539533,5;0,0551634
539545,4;0,05514416
539561,9;0,05510713
539578,8;0,05508906
539595,1;0,05504923
539611,9;0,05504923
539629;0,0549873
539645;0,05496689
539661,3;0,05492619
539678,3;0,0548861
539694,5;0,05485504
539711,1;0,05482097
539727,6;0,05478803
539744,1;0,05475929
539760,9;0,05472781
539777,8;0,05469448
539793,9;0,05465055
539810,7;0,05463062
539827,2;0,05461111
539843,5;0,05460439
539860,1;0,0545285
539876,6;0,05450763
539893,5;0,05446369
539909,9;0,05444265
539926,8;0,05440048
539943,3;0,0543825
539959,5;0,05434169
539976,1;0,0543207
539992,6;0,05431686
540009,2;0,05424169
540025,9;0,05421606
540042,4;0,05417847
540058,9;0,05417847
540075,6;0,05415972
540092,1;0,05415638
540108,6;0,05414121
540125,2;0,05411963
540142,3;0,05407986
540158,3;0,05399655
540174,9;0,05395448
540191,4;0,05395448
540208;0,05392319
540224,9;0,0538861
540241,1;0,05386757
540257,8;0,05385408
540274,7;0,05383587
540290,8;0,05382795
540307,4;0,05381585
540324;0,05381444
540340,5;0,05381444
540357,1;0,05382334
540373,7;0,05384576
540390,3;0,05385756
540406,8;0,05386975
540423,7;0,05389195
540443,6;0,05392886
540460,8;0,0539575
540476,7;0,05397738
540493,3;0,05397738
540510,4;0,05398724
540526,4;0,05399176
540543;0,05399335
540559,5;0,05399216
540576,1;0,05399216
540592,6;0,05398493
540609,3;0,05398545
540625,8;0,05397607
540642,3;0,05397202
540658,9;0,05396393
540676,1;0,0539616
540692,1;0,05394978
540708,9;0,05394613
540725,3;0,05394613
540741,8;0,05394169
540758,8;0,05393722
540774,9;0,05392969
540791,4;0,0539014
540808,5;0,05389717
540824,6;0,05388704
540841,4;0,0538823
540857,8;0,05387128
540874,3;0,0538591
540890,9;0,0538591
540907,4;0,05384856
540924;0,05383665
540940,6;0,05382752
540957,1;0,05381917
540973,7;0,05380977
540990,5;0,05379767
541006,8;0,05379089
541023,4;0,05377867
541040,3;0,05377183
541056,5;0,05377183
541073,4;0,05374724
541089,7;0,0537438
541106,2;0,05372445
541122,8;0,05371535
541139,3;0,05369574
541155,9;0,05368387
541172,5;0,05366701
541189;0,05365649
541205,9;0,0536487
541222,4;0,05364645
541238,8;0,05364646
541255,5;0,05364606
541271,9;0,05367141
541288,4;0,05367038
541305;0,05369941
541321,6;0,05371386
541338,6;0,05373714
541355,5;0,05378931
541371,6;0,05378931
541387,9;0,05381255
541404,8;0,05383308
541421;0,05389064
541437,6;0,05397758
541454,6;0,05401517
541470,7;0,05402622
541487,3;0,05405178
541503,9;0,05413117
541520,5;0,05418408
541536,9;0,05421249
541553,8;0,05425587
541570,1;0,05429348
541586,7;0,05432482
541603,6;0,05432482
541619,8;0,0544319
541636,4;0,05446935
541652,9;0,05451951
541669,5;0,05456476
541686,2;0,05460188
541702,9;0,0546326
541719,2;0,05465097
541735,8;0,05474903
541752,3;0,05474903
541769,3;0,05480578
541785,4;0,05486254
541802;0,05492353
541818,6;0,05495048
541835,1;0,05499787
541851,8;0,05506659
541868,3;0,05509515
541884,9;0,05515184
541901,4;0,05515184
541918;0,05520753
541935,1;0,05527669
541951,2;0,05532371
541967,7;0,055353
541984,3;0,055353
542000,9;0,05537948
542017,4;0,05540503
542033,9;0,05540503
542050,6;0,05547271
542067,1;0,05559693
542083,7;0,05565656
542100,3;0,05568504
542116,8;0,05570945
542133,4;0,05579581
542149,9;0,05583707
542166,5;0,05587215
542183,1;0,05590472
542199,8;0,05593996
542218,4;0,05596926
542235;0,05598156
542251,5;0,05599967
542268,1;0,05601139
542284,7;0,05601479
542301,4;0,05601988
542317,8;0,05601343
542334,4;0,05601227
542350,9;0,05600356
542367,6;0,05600356
542384,1;0,05595978
542400,6;0,05590326
542417,4;0,05590326
542433,8;0,05584668
542450,3;0,05579142
542466,9;0,05576838
542483,4;0,05574616
542500,1;0,05572189
542516,6;0,05565285
542533,1;0,05560658
542549,8;0,05558225
542566,4;0,05554954
542582,9;0,0555129
542599,4;0,05546354
542616;0,05543824
542632,6;0,05541382
542649,4;0,05539541
542666,4;0,05538563
542682,3;0,05535974
542698,9;0,05524422
542715,4;0,05517043
542732;0,05515381
542748,6;0,055123
542765,1;0,0550294
542782,1;0,0549728
542798,2;0,05494086
542815,1;0,05494086
542831,4;0,05486453
542847,9;0,05478258
542864,8;0,0547438
542881,2;0,05469151
542897,8;0,05469151
542914,2;0,05459948
542930,9;0,05456071
542947,3;0,05450183
542964,4;0,05444119
542981,2;0,05438522
542997;0,05434455
543013,8;0,05434455
543030,5;0,05430452
543047,1;0,05419133
543063,3;0,05416193
543080;0,05412871
543096,4;0,05412871
543113;0,05402667
543129,6;0,05398455
543146,1;0,05396201
543162,8;0,05396201
543179,3;0,05386824
543196,2;0,05383538
543212,4;0,0538032
543229;0,05375779
543245,6;0,05373714
543262,7;0,0536937
543278,7;0,0536937
543295,3;0,05366771
543311,8;0,05364483
543328,4;0,05361501
543345;0,05347776
543361,7;0,05343456
543378,1;0,05337154
543394,6;0,05333491
543411,3;0,05330138
543427,8;0,05329153
543444,6;0,05317691
543460,9;0,05312848
543477,9;0,05307601
543494,1;0,05303972
543511,1;0,05297158
543527,3;0,05291609
543543,8;0,05287438
543560,5;0,0528085
543576,8;0,05277393
543593,4;0,05277076
543610,5;0,05265216
543626,6;0,05260186
543643,1;0,05260186
543659,8;0,05253494
543676,3;0,05244057
543692,9;0,05239895
543709,5;0,05236588
543726,2;0,05236556
543742,6;0,0522256
543759,1;0,05217177
543775,7;0,05214315
543792,3;0,05208099
543809,3;0,05207782
543825,4;0,05194249
543841,9;0,0519158
543858,8;0,05183896
543875,3;0,05179894
543891,7;0,0517287
543908,6;0,0516951
543925,3;0,0516951
543941,4;0,05165793
543958,2;0,05162098
543974,5;0,05151059
543991;0,05140465
544007,6;0,05133028
544024,2;0,05129249
544040,7;0,05122117
544059,2;0,05117188
544073,9;0,05111156
544090,4;0,05106258
544107;0,05099796
544124,2;0,05099796
544140,1;0,05091934
544157,1;0,05083053
544173,4;0,05078967
544189,8;0,05072528
544206,4;0,05072528
544222,9;0,05065443
544239,6;0,05062131
544256,8;0,05059758
544272,6;0,05058168
544289,3;0,05058168
544306,4;0,05055249
544322,4;0,05054985
544339,3;0,05055638
544355,8;0,05057384
544372,1;0,05059848
544388,6;0,05061668
544405,8;0,05062946
544422,1;0,05066337
544438,4;0,05070068
544454,9;0,05073732
544471,6;0,05076465
544488,1;0,05079461
544504,6;0,05081373
544521,5;0,05085132
544538,3;0,05087612
544554,3;0,05088746
544571,4;0,05090729
544587,8;0,05090729
544604,2;0,05092513
544620,6;0,05098958
544637,3;0,05107313
544654,2;0,05107313
544670,3;0,05109635
544686,8;0,05116844
544703,7;0,05119221
544720;0,05120293
544737,2;0,05120293
544753,4;0,05122605
544769,6;0,05122734
544786,3;0,05122671
544802,9;0,05122387
544819,4;0,05122387
544835,9;0,05121195
544852,6;0,0512033
544869,1;0,05118866
544886,1;0,05118828
544902,3;0,05117834
544918,9;0,05116284
544935,8;0,05114922
544951,9;0,05114146
544975,7;0,05112598
544985,1;0,05112227
545002;0,05110924
545018,2;0,0511009
545034,8;0,05108758
545051,5;0,05107459
545067,9;0,05106712
545084,4;0,05106712
545101,3;0,05105072
545117,6;0,05104048
545134,3;0,05103647
545150,7;0,05101511
545167,4;0,05100704
545184,3;0,05099589
545200,4;0,05099589
545217,4;0,05098908
545233,5;0,05098224
545250,1;0,05097865
545266,7;0,05095865
545283,3;0,05093112
545300,3;0,05092515
545316,4;0,05091893
545332,9;0,05090778
545349,6;0,05089645
545366,1;0,05089659
545382,6;0,05088415
545399,3;0,05087238
545416;0,05086058
545432,3;0,05085311
545448,9;0,05084069
545465,5;0,05083448
545482,4;0,05082792
545498,6;0,05082792
545515,2;0,05082761
545532;0,05083077
545548,4;0,05083301
545564,9;0,05083301
545581,4;0,05083693
545598,1;0,05084708
545614,6;0,05085061
545631,3;0,05085445
545648;0,05085371
545664,6;0,0508695
545681,3;0,05087486
545697,4;0,05088164
545714;0,05088678
545730,5;0,05088933
545747,4;0,05090505
545763,8;0,05091142
545781,4;0,05091976
545796,9;0,05092618
545813,4;0,05093672
545830,6;0,05094186
545847,3;0,05094186
545863,1;0,05094794
545879,8;0,05095308
545900,7;0,05097005
545912,8;0,05098972
545929,4;0,05099721
545946,3;0,05101126
545962,4;0,05102536
545979,8;0,05103691
545995,8;0,0510493
546012,4;0,05106202
546028,8;0,05106492
546045,3;0,05106911
546061,9;0,05110142
546078,7;0,05111454
546095,5;0,05112752
546111,6;0,05114143
546128,2;0,05115263
546144,7;0,05115996
546161,3;0,0511718
546177,9;0,05118823
546194,4;0,05119391
546211,7;0,05120332
546227,6;0,05120783
546244,1;0,05121396
546260,8;0,05121396
546277,7;0,05121872
546293,8;0,05121738
546310,5;0,05120592
546327,5;0,05120592
546343,5;0,05120592
546360,1;0,05113493
546376,6;0,05110799
546393,3;0,05106938
546409,8;0,05106938
546426,3;0,05096342
546442,9;0,05095654
546460,1;0,05088345
546476,1;0,05088345
546492,6;0,05085461
546509,1;0,05085461
546525,8;0,05082462
546542,6;0,05073486
546558,9;0,05062613
546575,4;0,05062613
546592;0,05059288
546608,6;0,05049601
546625,5;0,05045052
546642,2;0,0504235
546658,7;0,0504235
546674,9;0,05033264
546691,4;0,05031994
546707,9;0,05031841
546724,6;0,05032246
546741,1;0,05032246
546757,7;0,05037124
546774,3;0,05041372
546799,7;0,05046945
546808,4;0,05046976
546825,2;0,05054045
546841,5;0,05060092
546858,1;0,05067088
546874,6;0,05074233
546891,2;0,0507797
546908,6;0,0508199
546924,3;0,05086936
546940,9;0,05086936
546957,4;0,05093649
546974;0,05095439
546990,7;0,05096214
547007,1;0,05102418
547024,2;0,05105395
547040,3;0,05107083
547057,1;0,05107083
547073,4;0,05109506
547090;0,05114894
547106,5;0,05116468
547123,2;0,05116468
547139,6;0,05118446
547156,5;0,05120512
547172,8;0,05123582
547189,4;0,05138232
547205,9;0,05145051
547222,5;0,05148267
547239,1;0,0515525
547255,8;0,05159375
547272,3;0,05166623
547288,8;0,05166623
547305,4;0,05175428
547321,9;0,05181889
547338,4;0,05189473
547355,1;0,05197005
547371,6;0,0520096
547388,2;0,05207119
547404,8;0,0521276
547421,3;0,0521276
547437,9;0,05224551
547454,4;0,05228249
547471;0,05230286
547487,6;0,05243687
547504,3;0,0524907
547520,9;0,05253527
547537,3;0,05253527
547553,8;0,0525887
547570,9;0,05267869
547587;0,05272528
547603,5;0,05275745
547620,1;0,05276615
547636,8;0,05288061
547653,3;0,0529417
547675,3;0,05298365
547686,3;0,05300198
547702,9;0,05301395
547719,5;0,05311991
547736,5;0,05315615
547752,6;0,05318441
547769,3;0,05318667
547786,4;0,05321593
547802,3;0,05324347
547818,9;0,05335143
547835,7;0,05345206
547852,1;0,05348261
547868,9;0,05353132
547885,2;0,05357618
547902,1;0,05359957
547918,3;0,05361649
547934,9;0,05364254
547952,1;0,05365351
547968;0,05365351
547984,6;0,05368761
548001,2;0,05369619
548017,9;0,05370137
548034,3;0,05370557
548050,8;0,05371011
548067,4;0,05371758
548084,8;0,05371991
548100,5;0,05371993
548117,1;0,05372255
548133,9;0,05372318
548150,2;0,05372287
548166,9;0,05372812
548183,4;0,05373138
548199,9;0,05373986
548216,6;0,05374506
548233,1;0,05374928
548249,6;0,05374919
548266,2;0,05376804
548282,8;0,05377737
548299,3;0,05378189
548316,1;0,05378189
548333;0,05379221
548349,3;0,05379989
548365,6;0,05380925
548382,1;0,05381856
548398,8;0,05381856
548415,8;0,0538237
548431,9;0,05382149
548448,4;0,05382854
548465,5;0,05384427
548481,9;0,05385642
548498,1;0,05386992
548515,4;0,05388054
548531,3;0,05388885
548548,4;0,05389366
548567,2;0,05390491
548583,8;0,05390491
548600,3;0,05392221
548616,9;0,05392866
548634,3;0,05393185
548650,1;0,0539413
548666,6;0,05393738
548683,2;0,05393701
548699,7;0,0539229
548716,3;0,05391121
548732,9;0,0538797
548749,4;0,05386158
548766;0,05383934
548782,6;0,05382887
548799,1;0,05381828
548815,7;0,05381209
548832,3;0,0538113
548848,8;0,05381013
548865,6;0,05380974
548881,9;0,05381092
548898,5;0,05381485
548915,1;0,05382342
548931,8;0,05382382
548948,3;0,05387089
548964,8;0,0538834
548981,6;0,05389589
548997,9;0,05389589
549014,9;0,0539098
549031,2;0,05392205
549047,8;0,05392205
549064,3;0,05392758
549081,1;0,0539316
549097,4;0,05394235
549114,4;0,05393366
549130,6;0,05391933
549147,1;0,0538959
549163,6;0,05387363
549180,8;0,05384289
549196,7;0,05380736
549213,3;0,05376204
549229,9;0,05373485
549246,4;0,0536862
549263,1;0,0536558
549279,6;0,0536558
549296,4;0,05355751
549312,7;0,05351536
549329,4;0,05348772
549346,1;0,05342437
549362,4;0,05337558
549378,9;0,05333922
549395,5;0,05327887
549412,2;0,05324482
549429,1;0,05319136
549449,1;0,05315461
549461,8;0,05312936
549478,3;0,05306589
549495,1;0,05300755
549511,6;0,05300755
549528,7;0,05290167
549545,5;0,05288448
549561,2;0,05282412
549577,8;0,05276311
549594,3;0,05270497
549610,9;0,05270138
549627,4;0,05267001
549644,1;0,05257749
549660,6;0,05253025
549677,1;0,05251648
549693,8;0,05248471
549710,3;0,05248471
549727,1;0,05242403
549743,4;0,05228744
549760,6;0,05223833
549776,8;0,05217479
549793,1;0,0521427
549809,8;0,05211028
549826,3;0,05205293
549842,8;0,05199273
549859,4;0,05194385
549876,3;0,05192683
549892,6;0,05187341
549909,1;0,05184155
549925,9;0,05181656
549942,2;0,05179921
549959,1;0,05179921
549975,3;0,05177177
549991,9;0,05174554
550008,5;0,05173552
550025;0,05172156
550041,8;0,05171726
550058,2;0,05170766
550074,8;0,05170042
550091,9;0,05169647
550107,9;0,05169352
550124,4;0,05169352
550141,5;0,0516814
550157,6;0,05167974
550174,1;0,05167711
550190,8;0,05167678
550207,3;0,05167712
550223,9;0,05167877
550240,8;0,05167975
550256,9;0,05168471
550273,6;0,0516867
550290,4;0,05169001
550306,7;0,05169397
550323,3;0,05169397
550340,1;0,05169761
550362,5;0,05169959
550373,1;0,05170821
550389,7;0,05171978
550406,4;0,05172944
550422,9;0,05173473
550439,4;0,0517394
550456,1;0,05174838
550472,8;0,05174838
550489,4;0,0517646
550506;0,05176526
550522,8;0,0517769
550538,8;0,05178488
550555,4;0,05179421
550571,9;0,05179421
550589,1;0,05179889
550605,1;0,05181352
550622;0,05182184
550638,3;0,05182754
550655,1;0,05182754
550671,3;0,05184821
550687,9;0,05184821
550704,5;0,05186324
550721;0,05186924
550738,2;0,05187895
550754,2;0,05187928
550770,9;0,05186882
550787,4;0,05185744
550803,9;0,05183381
550820,4;0,05181682
550837,5;0,05178001
550853,6;0,05178001
550870,1;0,05171911
550886,8;0,05170036
550903,3;0,05165813
550919,9;0,0516125
550936,4;0,05159181
550953,4;0,05157651
550969,6;0,05156319
550986,1;0,05156319
551002,7;0,05155282
551019,3;0,05153513
551035,9;0,05152462
551052,4;0,05151943
551068,9;0,05151943
551085,5;0,05152115
551102,1;0,05152115
551118,6;0,05152799
551135,3;0,05153948
551151,8;0,05154523
551168,4;0,05155531
551184,9;0,05156809
551201,9;0,05157475
551218,2;0,05158921
551238,7;0,05159494
551251,3;0,05160332
551267,8;0,05161038
551284,4;0,05163584
551301,1;0,05165262
551317,8;0,05166031
551334,3;0,05167608
551350,7;0,05168614
551367,3;0,05169519
551383,8;0,05169519
551400,5;0,05172851
551416,9;0,051743
551433,5;0,05176151
551450,2;0,05178167
551466,6;0,05179143
551483,1;0,05180521
551499,7;0,05182102
551516,4;0,0518412
551532,8;0,0518412
551549,4;0,05185135
551566;0,05188195
551582,6;0,051884
551599,1;0,05189208
551615,7;0,05190248
551632,3;0,05190248
551648,9;0,051922
551665,4;0,0519665
551681,9;0,05200307
551699,1;0,05203351
551715,6;0,0520602
551731,6;0,05206994
551748,3;0,05209245
551764,8;0,05216626
551781,4;0,05221894
551797,9;0,05224453
551814,5;0,05229274
551831,1;0,05232658
551847,6;0,05235502
551865,1;0,05236365
551880,9;0,05238036
551897,3;0,05245029
551913,9;0,05254965
551930,5;0,05254965
551947,3;0,05260788
551963,6;0,05267178
551980,2;0,05271413
551997,4;0,05276759
552013,3;0,05276759
552030,2;0,05280504
552046,4;0,05287755
552063;0,05292816
552079,6;0,0529557
552096,1;0,05295751
552115,4;0,05303407
552129,3;0,05307995
552146,1;0,05314185
552162,6;0,05316722
552179,1;0,05321764
552195,6;0,05325107
552212,1;0,05326474
552228,6;0,05328874
552245,3;0,05328874
552261,8;0,05331034
552278,4;0,05331833
552295,2;0,05336473
552311,7;0,05346234
552328,1;0,05353156
552345,1;0,05355674
552361,2;0,05359071
552377,8;0,0536203
552394,4;0,05365061
552410,9;0,05366793
552428,1;0,05368797
552444,3;0,05369648
552460,6;0,0537222
552477,2;0,05373005
552493,7;0,05373175
552510,6;0,05373074
552526,9;0,05372937
552543,4;0,05372
552560;0,05371233
552576,8;0,05370799
552593,1;0,0537013
552609,7;0,05369531
552626,3;0,05369065
552642,9;0,05369065
552659,4;0,05366965
552675,9;0,05366099
552692,5;0,05365262
552709,1;0,05364699
552725,6;0,05364699
552742,3;0,0536302
552758,8;0,05361288
552775,3;0,0536017
552791,9;0,05359534
552808,5;0,05359534
552825,1;0,05357048
552841,7;0,05356697
552858,2;0,05355728
552874,8;0,053538
552891,3;0,053538
552907,9;0,05352768
552924,6;0,05351935
552941,3;0,05347088
552957,7;0,05345515
552974,2;0,05345515
552990,9;0,05342768
553010,7;0,05339426
553027,6;0,05337516
553043,8;0,05335563
553060,4;0,05333818
553076,9;0,05331679
553093,5;0,05330458
553110,1;0,05327987
553126,7;0,05325718
553143,2;0,05324082
553159,8;0,05321658
553176,3;0,05321658
553193,1;0,05318414
553209,5;0,05316465
553226,1;0,05314026
553242,6;0,05312873
553259,1;0,05310497
553275,8;0,05308757
553292,3;0,05307166
553308,9;0,05305137
553325,6;0,05304208
553342,1;0,05302301
553358,7;0,05300544
553375,3;0,05300327
553392;0,0529932
553408,3;0,05296294
553424,9;0,0529542
553441,6;0,05293602
553458;0,05293602
553474,6;0,05290893
553491,3;0,05289177
553507,7;0,052883
553524,3;0,052883
553540,8;0,05287416
553557,7;0,05286472
553574,4;0,05285625
553590,5;0,05281775
553607,1;0,05279393
553624,1;0,05278359
553640,2;0,05276596
553657,3;0,05276596
553673,3;0,05273922
553689,9;0,05272137
553706,6;0,05269305
553723;0,05266597
553739,6;0,05265539
553756,2;0,05263891
553773,1;0,0526328
553789,3;0,0526204
553805,9;0,05259052
553822,5;0,05257452
553839;0,05256648
553855,6;0,05256648
553872,1;0,05253409
553891,8;0,05252454
553905,3;0,05250102
553921,9;0,05246903
553938,4;0,05246903
553955,1;0,05242905
553971,6;0,05236489
553988,2;0,05233078
554004,7;0,05231779
554021,3;0,05231779
554038,1;0,0522228
554054,4;0,05220075
554070,9;0,05215237
554087,5;0,05215237
554104,6;0,05212072
554120,7;0,0520895
554137,2;0,05206765
554154,3;0,0520601
554170,4;0,05205211
554186,9;0,05205211
554203,8;0,05204412
554220,4;0,05203057
554236,6;0,05200797
554253,2;0,05200246
554269,8;0,05199824
554286,3;0,05197698
554302,9;0,05195105
554319,4;0,05193204
554336,3;0,05193204
554353,1;0,05183433
554369,6;0,05180331
554385,8;0,0517562
554402,3;0,05170251
554418,8;0,05170251
554436,4;0,05159177
554451,9;0,05154152
554468,6;0,05151341
554485,1;0,05146272
554501,7;0,05142712
554518,3;0,05139644
554534,9;0,05139644
554551,4;0,05136392
554568,3;0,05129576
554584,6;0,05127598
554601,4;0,05125488
554617,7;0,05124875
554634,2;0,0511812
554650,8;0,05115837
554667,4;0,05115042
554684,6;0,05115042
554700,6;0,05113878
554717,2;0,05113399
554733,6;0,05113236
554750,2;0,05113203
554766,8;0,05113203
554785,9;0,05113105
554800;0,05113203
554816,9;0,05113367
554833,8;0,05113367
554849,6;0,05113363
554866,4;0,05114314
554882,8;0,05115233
554899,4;0,05116046
554915,8;0,05116639
554932,5;0,0511778
554949,4;0,05118854
554965,8;0,0511905
554982,3;0,05120499
554998,7;0,05121908
555015,3;0,051234
555031,9;0,05124208
555048,4;0,05125769
555064,9;0,05126641
555081,7;0,05128326
555098,3;0,05128326
555114,7;0,05130304
555131,3;0,05131694
555147,8;0,05131694
555164,4;0,0513508
555180,9;0,05138462
555197,5;0,05141523
555214,1;0,05141757
555230,6;0,05144296
555247,4;0,05152139
555263,8;0,05157395
555280,3;0,05160298
555296,9;0,05160298
555313,5;0,05171569
555330;0,05174955
555346,6;0,05178897
555363,3;0,05182242
555379,7;0,05182242
555396,6;0,05189961
555412,8;0,05193836
555429,7;0,05196115
555446,6;0,05198263
555462,8;0,05198263
555479,1;0,05200354
555495,8;0,05204679
555512,3;0,05208779
555528,8;0,05209732
555545,4;0,05210432
555561,9;0,05211397
555578,5;0,05211827
555595,1;0,05212625
555612,3;0,05212989
555628,3;0,05212989
555644,8;0,05213584
555661,4;0,05212555
555679,3;0,05210939
555696,1;0,05209485
555712,4;0,0520878
555729;0,05207611
555745,6;0,05199733
555762,1;0,05198186
555778,9;0,05192363
555795,3;0,05189218
555811,8;0,05186404
555828,4;0,05177021
555845,1;0,05169756
555861,6;0,05166843
555878,1;0,05162283
555894,6;0,05158288
555911,5;0,05153225
555927,8;0,05153225
555944,4;0,05148891
555961,8;0,0514489
555977,5;0,05141194
555994,6;0,05137713
556011,1;0,05135729
556027,3;0,05133529
556043,8;0,05130388
556060,4;0,05130388
556076,9;0,05128636
556093,8;0,05126997
556110,1;0,05126997
556126,6;0,05125048
556143,2;0,05113019
556159,9;0,05101854
556176,3;0,05098063
556193,3;0,0509141
556209,4;0,05084639
556226,1;0,05081441
556242,6;0,05074541
556259,1;0,05074541
556275,7;0,05070034
556292,3;0,05060443
556309,3;0,05056445
556326,2;0,05054437
556342;0,05054062
556358,5;0,05049213
556375,1;0,05047983
556391,9;0,05047152
556408,6;0,05047152
556424,8;0,05046917
556441,4;0,05046918
556457,9;0,05047177
556474,5;0,05047638
556491,1;0,05047781
556507,6;0,05048066
556527,6;0,05048584
556544,3;0,05048327
556560,8;0,05051675
556577,4;0,05052651
556594,4;0,05058878
556610,5;0,05058878
556627,2;0,05066242
556643,6;0,05072502
556660,2;0,05079227
556676,8;0,05085365
556693,4;0,05088819
556709,9;0,05091688
556726,6;0,05094078
556743,1;0,05094443
556760;0,05096888
556776,8;0,05100762
556792,8;0,051054
556809,6;0,05109301
556826,6;0,05110687
556842,4;0,05113933
556859;0,05113933
556875,6;0,05118446
556892,1;0,0512301
556908,9;0,05129602
556925,3;0,05138515
556941,8;0,05146174
556958,4;0,05160813
556975;0,05179122
556991,5;0,05190432
557009,1;0,05216333
557024,7;0,05231903
557041,5;0,05264454
557057,8;0,05272369
557074,3;0,05295885
557090,9;0,05374165
557107,5;0,05429293
557124,1;0,05460681
557140,7;0,05460681
557157,3;0,05551495
557174,2;0,05619668
557190,3;0,05663686
557206,9;0,05681144
557223,8;0,05726556
557240,1;0,05812496
557256,6;0,0587878
557273,2;0,05923497
557289,8;0,05945357
557307,2;0,05980203
557322,9;0,06082093
557339,8;0,06123617
557356,1;0,06148681
557372,6;0,0618231
557389,2;0,0618231
557406,1;0,06246929
557422,3;0,06345488
557439;0,06408678
557455,6;0,06486312
557472,3;0,06516352
557488,7;0,06544117
557505,3;0,0655823
557521,9;0,06661596
557538,7;0,06706275
557555;0,06754398
557571,6;0,06782343
557588,3;0,06842034
557604,7;0,06872963
557621,5;0,06872963
557637,8;0,06932373
557654,4;0,07026666
557670,9;0,07073013
557687,7;0,070878
557704,1;0,07136945
557720,6;0,07213636
557737,3;0,07275382
557753,8;0,07327689
557770,4;0,07337124
557786,9;0,07369219
557803,5;0,07462852
557820,1;0,07503793
557836,9;0,07556372
557853,2;0,07556372
557870,1;0,07682339
557886,4;0,07682339
557903,6;0,07761116
557919,4;0,07805
557936,1;0,07869165
557952,6;0,07900976
557969,2;0,07930221
557986,3;0,07946993
558002,3;0,07962174
558018,9;0,07991391
558035,4;0,07991391
558053;0,0806371
558068,6;0,08194358
558085,1;0,08285459
558102,1;0,08331975
558118,3;0,08396429
558134,8;0,08428298
558151,4;0,0847181
558168;0,08521398
558184,5;0,08521398
558201,1;0,08614296
558217,7;0,08675127
558234,3;0,08735785
558250,8;0,08735785
558268,3;0,0877289
558284,3;0,08860212
558300,8;0,08910715
558317,1;0,08957825
558333,8;0,08957825
558355,4;0,09047567
558366,8;0,09096393
558383,9;0,09123161
558400,2;0,09229635
558416,4;0,09302838
558433,1;0,09345514
558449,6;0,09345514
558466,4;0,09436452
558482,8;0,09518602
558499,9;0,09559169
558515,9;0,09595717
558532,6;0,09605601
558549,3;0,09731138
558565,6;0,09804678
558582,1;0,09836014
558598,7;0,09836014
558615,8;0,09912729
558632;0,09962895
558648,4;0,09962895
558665;0,09995183
558681,6;0,1002418
558698,3;0,1009683
558714,7;0,1022535
558731,2;0,1027417
558748;0,1033576
558764,3;0,1036532
558780,9;0,1042723
558797,5;0,1045986
558814,1;0,1045986
558830,6;0,105857
558847,2;0,1058871
558863,8;0,106592
558881,1;0,1070841
558897,4;0,1076633
558914,1;0,1079559
558930,1;0,1082106
558946,6;0,1083342
558963,4;0,1092017
558979,8;0,1094563
558996,3;0,1098739
559012,9;0,1098739
559029,4;0,1103227
559046;0,1104881
559063,1;0,1106785
559079,1;0,1107842
559096,1;0,1108237
559112,3;0,1108489
559128,9;0,1108625
559145,4;0,1108625
559162;0,1108548
559178,5;0,1108317
559195,1;0,1108068
559211,7;0,1108068
559228,2;0,1107801
559247,8;0,1106691
559261,4;0,1105877
559277,9;0,1105728
559294,6;0,1105217
559311,3;0,1105217
559327,6;0,1104151
559344,3;0,1101792
559360,8;0,1101332
559377,3;0,1100879
559393,9;0,110074
559410,5;0,1100447
559427,3;0,1100356
559443,6;0,1100309
559460,1;0,1100309
559477,1;0,1100278
559493,4;0,1099423
559509,9;0,1098813
559526,4;0,1098597
559543;0,1097789
559559,6;0,1097339
559576,3;0,1096613
559593,3;0,1095573
559609,3;0,1095098
559626,3;0,1095098
559642,4;0,1093626
559658,9;0,1092831
559675,8;0,1092115
559692,2;0,1092115
559708,7;0,1091723
559725,3;0,1090638
559741,8;0,1089987
559758,6;0,1089606
559774,9;0,1089606
559791,5;0,1088336
559808,1;0,1088159
559824,8;0,1087445
559841,6;0,1087064
559858,3;0,1086485
559874,3;0,1086051
559890,9;0,1085838
559907,7;0,108553
559924;0,108553
559940,6;0,1085503
559957,1;0,1085503
559973,8;0,1084622
559990,3;0,1083344
560006,8;0,1082243
560023,4;0,1081933
560040;0,1081345
560056,6;0,108105
560073,1;0,1080445
560089,8;0,1080445
560106,3;0,1079798
560122,8;0,1079039
560139,8;0,1078667
560155,9;0,1078051
560173;0,1078051
560189,8;0,1077616
560207,1;0,1076889
560224,6;0,1076268
560240,3;0,1075962
560256,8;0,1075975
560273,9;0,1074786
560290,4;0,1074163
560306,5;0,1073515
560323,1;0,107287
560339,7;0,1071627
560356,3;0,107044
560373,6;0,1070239
560389,4;0,1068751
560405,9;0,1067132
560422,7;0,1065449
560439,1;0,1064617
560456,1;0,1062956
560472,2;0,1062163
560488,8;0,1061324
560505,5;0,1060959
560521,9;0,1058165
560538,5;0,1056818
560555,1;0,1056818
560571,6;0,105621
560588,1;0,105621
560605,5;0,1055694
560621,8;0,1053741
560638;0,1052404
560654,9;0,1051935
560671,1;0,1051245
560687,6;0,105077
560704,1;0,105077
560720,9;0,1048202
560737,3;0,1047467
560754,1;0,1046162
560770,4;0,1045143
560787,6;0,1043453
560803,7;0,1042459
560820,1;0,1040718
560836,7;0,1039444
560853,4;0,1038999
560869,8;0,1038077
560886,4;0,1035547
560902,9;0,1035547
560919,5;0,103477
560936,1;0,1031099
560952,6;0,1030468
560969,2;0,1029701
560985,8;0,1029701
561002,3;0,1028504
561018,9;0,1026735
561035,4;0,1026069
561052;0,1026069
561068,6;0,1025227
561085,1;0,1024645
561102,1;0,1024378
561122,6;0,1024152
561135;0,1024007
561151,5;0,1023584
561168;0,102239
561184,6;0,1021689
561201,2;0,1021689
561217,7;0,1021168
561234,3;0,1021141
561251,2;0,1019485
561267,5;0,1017557
561284;0,1016897
561301,1;0,1015931
561317,3;0,1015227
561333,9;0,1015184
561350,3;0,1014584
561366,9;0,1014192
561383,4;0,1013812
561399,9;0,1013791
561416,6;0,1013374
561433,1;0,1013268
561449,6;0,1012919
561466,3;0,1012902
561483,2;0,1013084
561499,8;0,101344
561515,9;0,1013778
561532,9;0,1014022
561549,1;0,1014237
561565,6;0,1015202
561582,2;0,1015561
561598,8;0,1016114
561615,3;0,1016464
561631,8;0,1016838
561648,4;0,1016967
561665;0,1016954
561681,6;0,101743
561698,1;0,1017469
561714,9;0,1017533
561731,3;0,1017558
561747,9;0,1017469
561764,5;0,1017365
561781;0,101733
561797,6;0,1017267
561814,8;0,1016894
561830,7;0,1016894
561847,8;0,1016745
561863,9;0,1016745
561880,4;0,1016559
561897,1;0,1016118
561913,5;0,1015427
561930,1;0,1014282
561946,6;0,1013679
561963,2;0,1013369
561979,8;0,1013033
561996,4;0,1013033
562012,9;0,1012007
562030,2;0,1011069
562053,2;0,1010548
562062,6;0,1010503
562079,2;0,1009769
562095,7;0,1008772
562112,3;0,1008177
562128,9;0,100781
562145,4;0,100781
562162;0,1006102
562178,6;0,1005598
562195,1;0,1004714
562211,7;0,1004264
562228,3;0,1003372
562244,8;0,100278
562261,4;0,1001885
562278,7;0,1001348
562294,7;0,1000912
562311,1;0,09999279
562328,5;0,09989736
562344,8;0,09989736
562360,8;0,09976488
562377,4;0,09966552
562393,9;0,09962344
562410,5;0,09958116
562427,1;0,09953264
562443,8;0,09938467
562460,2;0,09922666
562477,1;0,09922666
562493,4;0,09915425
562509,9;0,09913623
562526,5;0,09908529
562543,1;0,09884301
562559,6;0,09843971
562576,2;0,09827032
562593,3;0,09810684
562609,3;0,09788284
562625,9;0,09775939
562642,4;0,09763504
562659;0,09756555
562675,6;0,09713121
562692,1;0,09691624
562708,9;0,09682102
562725,7;0,09671415
562741,8;0,09653526
562758,4;0,09640776
562774,9;0,09629526
562791,5;0,09615655
562808,3;0,09610543
562824,6;0,09610543
562841,3;0,09593636
562857,8;0,09582186
562874,4;0,09576951
562890,9;0,095714
562907,6;0,09565873
562924,1;0,09549721
562944,4;0,09538424
562961,1;0,09530817
562977,6;0,09530817
562994,6;0,09514003
563010,8;0,09489079
563027,6;0,09469314
563043,9;0,09459037
563060,4;0,09459037
563077;0,09436392
563093,6;0,09402325
563110,4;0,09390439
563126,7;0,09390439
563143,8;0,09377594
563159,9;0,09366503
563176,8;0,09331199
563193;0,09300395
563209,6;0,09287112
563226,4;0,09278917
563243,1;0,09269114
563259,2;0,09260955
563276,1;0,09233218
563292,4;0,09215184
563308,9;0,09205656
563325,5;0,09194385
563342,1;0,09181495
563358,8;0,09147047
563375,2;0,09120482
563391,8;0,09106591
563408,3;0,09087228
563425,1;0,09067935
563441,4;0,09039503
563458,1;0,09039503
563474,6;0,09026223
563491,3;0,08985771
563508,1;0,08958
563524,6;0,08945501
563540,9;0,08945501
563557,8;0,08902058
563574,4;0,08876626
563590,8;0,08845968
563607,5;0,08832198
563623,9;0,08802162
563640,3;0,08787365
563656,9;0,08787365
563673,4;0,08750524
563690;0,08720021
563706,6;0,08708653
563723,1;0,08696623
563739,9;0,08685985
563756,8;0,08664439
563773,1;0,08652517
563789,4;0,08652517
563806,2;0,08643721
563822,5;0,08613472
563840,8;0,08583278
563855,6;0,08575276
563872,2;0,08564126
563889,3;0,08531181
563905,3;0,08522114
563921,9;0,08513299
563938,7;0,08513299
563955,8;0,08478235
563971,8;0,08470467
563988,2;0,08452918
564004,8;0,0843548
564021,3;0,08427787
564037,9;0,08417443
564054,4;0,08403243
564071,1;0,08386043
564087,6;0,08386043
564104,4;0,08367803
564120,9;0,08352119
564137,3;0,08335697
564153,9;0,08327567
564170,4;0,08327567
564187;0,08295029
564203,9;0,082911
564220,1;0,08272235
564236,7;0,08263287
564253,8;0,08248124
564269,8;0,08240429
564286,4;0,08240429
564303,3;0,0821428
564319,5;0,08202285
564336,2;0,08193091
564352,7;0,08183445
564369,9;0,08169936
564386;0,08143209
564402,4;0,08143209
564418,9;0,08132368
564435,5;0,08132368
564452;0,08114272
564468,6;0,08078641
564485,3;0,08050198
564501,8;0,08039708
564518,3;0,08039708
564535,4;0,08018269
564551,8;0,08010051
564568;0,0799679
564584,6;0,07989578
564601,1;0,07986064
564617,9;0,07965289
564634,3;0,07959342
564650,9;0,07947532
564667,4;0,07937104
564684,4;0,07937104
564700,6;0,07929885
564719,3;0,07917757
564733,9;0,07905042
564750,3;0,07900339
564766,8;0,07900339
564783,7;0,07879733
564799,9;0,0787026
564816,6;0,07862034
564833,1;0,0785629
564849,7;0,07851721
564866,2;0,07826578
564882,8;0,0781154
564899,4;0,07802683
564915,9;0,07795471
564932,5;0,07786301
564949,8;0,07760562
564965,6;0,07760562
564982,4;0,07739054
564998,8;0,07721155
565016;0,07708436
565031,9;0,07700071
565048,8;0,07700071
565065;0,07691918
565082,3;0,07684543
565098,6;0,07658685
565114,7;0,07632654
565131,3;0,07624755
565147,8;0,07614915
565164,5;0,07604468
565181,3;0,07604468
565197,6;0,07578413
565214,4;0,07578351
565230,6;0,07562457
565247,3;0,07552825
565264,3;0,07542577
565280,6;0,07534353
565296,9;0,0752832
565313,7;0,07516018
565330,1;0,07504777
565346,6;0,07499444
565363,3;0,07488393
565379,8;0,07488393
565396,4;0,0748006
565412,9;0,07464795
565429,5;0,07455797
565446,1;0,07451197
565462,6;0,07450323
565479,2;0,07432081
565495,8;0,07425609
565512,8;0,07414766
565528,9;0,07414766
565545,5;0,07402203
565562;0,07394725
565582,8;0,07386295
565595,1;0,07381599
565611,7;0,07378907
565628,7;0,07374636
565644,8;0,07371958
565661,4;0,07371958
565678,4;0,0736984
565694,7;0,07366924
565711,1;0,07366924
565727,7;0,0736267
565744,3;0,07345586
565760,8;0,07331148
565777,4;0,07326411
565793,9;0,07316975
565810,5;0,07308034
565827,1;0,07303844
565843,7;0,07295188
565860,3;0,07295188
565876,8;0,07287841
565893,9;0,07278031
565910,1;0,07269863
565926,4;0,07265903
565943,1;0,07264761
565959,6;0,07251824
565976,2;0,07246151
565992,8;0,07240002
566009,8;0,07236119
566025,9;0,07229991
566042,5;0,07226317
566059;0,07226317
566075,8;0,07213461
566092,7;0,07210258
566108,7;0,07205573
566126;0,07201313
566141,9;0,07201313
566158,4;0,07189544
566175,5;0,07188435
566191,5;0,0718163
566208,1;0,07177532
566224,7;0,07171576
566241,6;0,07168797
566257,8;0,07165743
566274,4;0,07159768
566291;0,0715447
566308,1;0,0715184
566324,1;0,0715184
566340,8;0,07149175
566357,3;0,07147273
566373,8;0,0714362
566390,8;0,07142586
566407,3;0,07142521
566423,9;0,07142971
566440,1;0,07143667
566458,1;0,07143667
566474,9;0,0714529
566491,3;0,07148984
566507,8;0,07150534
566524,4;0,07152152
566540,9;0,07152152
566557,5;0,07152909
566574,1;0,07152846
566590,6;0,07152846
566607,3;0,07152338
566623,8;0,07151951
566640,4;0,07151241
566657,2;0,07150601
566673,4;0,07149571
566690,1;0,07149316
566707,4;0,07147907
566723,2;0,07147323
566740,1;0,07146103
566756,4;0,07145078
566773,3;0,07144245
566789,4;0,07143538
566806,7;0,07142384
566822,6;0,07142384
566839,2;0,07141367
566856,3;0,07139774
566872,6;0,07139524
566888,9;0,07139524
566905,4;0,0713864
566922;0,07139202
566938,6;0,07139202
566955,7;0,07139932
566971,7;0,07140475
566988,4;0,07141149
567004,8;0,07143856
567021,4;0,07146091
567038,8;0,07142256
567054,5;0,0713909
567071,5;0,07135842
567087,6;0,07133501
567104,3;0,07133501
567121;0,07122719
567137,6;0,07118308
567153,9;0,07113437
567171,4;0,07110538
567187,1;0,07103692
567203,6;0,07100301
567220,2;0,0709363
567236,8;0,07090216
567253,6;0,07086829
567269,9;0,07079234
567286,6;0,07072812
567303,1;0,07072812
567326,3;0,07063737
567336,3;0,07053693
567352,8;0,07048812
567369,4;0,07040818
567385,9;0,07033595
567402,4;0,07028279
567419,3;0,07028279
567436,3;0,07016349
567452,1;0,07006785
567468,8;0,07001676
567485,3;0,0699257
567502,3;0,0699257
567518,4;0,06981312
567535;0,06973576
567551,6;0,06973576
567568,3;0,06959581
567584,6;0,06955582
567601,3;0,06953434
567617,8;0,06950759
567634,3;0,0694598
567650,9;0,0694071
567667,5;0,06929495
567684,1;0,06910181
567700,8;0,0689859
567717,3;0,06890082
567733,8;0,06887244
567750,5;0,0688417
567766,9;0,06872904
567783,4;0,06860218
567800,4;0,06854174
567817,1;0,06850587
567833,5;0,06847727
567849,8;0,06840446
567866,3;0,06837736
567882,9;0,0681516
567899,4;0,06810148
567916,2;0,06799083
567933,1;0,06788052
567949,1;0,06783039
567966,3;0,06772345
567982,3;0,06772345
567998,8;0,06759749
568015,4;0,06749808
568032;0,06749808
568048,6;0,06728659
568065,1;0,06727334
568081,7;0,06715985
568098,2;0,06706265
568114,9;0,06706265
568131,4;0,06690511
568147,9;0,06684956
568165,4;0,06676847
568181,6;0,06662837
568197,7;0,06657305
568216,3;0,06646422
568230,8;0,06636256
568247,3;0,06636256
568263,9;0,0663525
568281,3;0,06630766
568297,1;0,06613491
568313,6;0,06598493
568330,1;0,06587403
568346,8;0,06578092
568363,3;0,06571221
568379,8;0,06571221
568397,1;0,06557569
568413,1;0,06544212
568429,6;0,06539249
568446,3;0,06528863
568462,7;0,06521188
568479,3;0,06512313
568495,8;0,06507079
568512,4;0,06507079
568529,7;0,06486879
568545,9;0,06484341
568562,1;0,06471368
568578,7;0,06465593
568595,2;0,06455617
568612,2;0,06450047
568628,4;0,06440714
568645,4;0,06432369
568662,3;0,06425859
568678,7;0,06416336
568694,9;0,06411499
568711,2;0,0640481
568728,2;0,06397279
568744,9;0,06397279
568761,1;0,06382852
568777,4;0,06373405
568794;0,06366302
568810,6;0,06364134
568827,1;0,06359456
568843,8;0,06345652
568860,3;0,06339899
568876,8;0,06336618
568893,4;0,06331795
568910;0,06331795
568926,6;0,06327537
568943,9;0,06311088
568960,3;0,06295329
568976,6;0,06285951
568993,1;0,06281696
569009,4;0,0627809
569026;0,06276297
569042,8;0,06266314
569059,1;0,06261788
569075,7;0,06259187
569092,9;0,06257347
569110,4;0,0625333
569125,4;0,06250118
569142,1;0,06247427
569158,5;0,06245009
569175,1;0,06244282
569191,6;0,06243863
569208,2;0,06243656
569225,2;0,06243656
569241,3;0,06244352
569258,2;0,06245371
569274,6;0,06246898
569291;0,06246602
569307,6;0,06247503
569324,4;0,06250215
569341;0,06252056
569357,3;0,06253751
569373,8;0,06253751
569390,4;0,06256382
569407;0,06260318
569423,6;0,06262413
569440,1;0,06264663
569456,7;0,06267644
569473,3;0,06269255
569489,8;0,06270718
569506,6;0,06271901
569522,9;0,06272165
569539,6;0,06273787
569556,1;0,06273787
569572,7;0,06276171
569589,6;0,06282615
569606,1;0,06288375
569622,4;0,06290608
569639,1;0,0629346
569655,5;0,06295736
569672,1;0,06297599
569688,7;0,06299374
569705,2;0,06302384
569721,8;0,0630455
569738,4;0,06307241
569755,1;0,06309724
569771,4;0,06313232
569788,3;0,06313654
569804,6;0,06317179
569821,6;0,06320432
569837,8;0,06322128
569854,3;0,06325715
569870,9;0,06327725
569887,4;0,06331503
569904;0,06331503
569920,6;0,06337114
569937,1;0,06339806
569954,1;0,06339806
569970,3;0,06346577
569986,9;0,06350187
570003,4;0,06354303
570019,9;0,06358304
570036,8;0,06358957
570053,6;0,06364264
570069,6;0,06365143
570086,4;0,06368335
570102,8;0,06373768
570119,4;0,0637624
570135,9;0,06380041
570152,6;0,06380041
570169,1;0,06382085
570185,6;0,06382085
570202,4;0,06384292
570219,4;0,06389926
570235,4;0,06400158
570251,9;0,06404006
570268,4;0,06408593
570285,2;0,06411491
570301,6;0,06412843
570318,3;0,06415376
570334,8;0,06421697
570351,5;0,06421697
570367,9;0,06426201
570384,4;0,06430841
570401;0,06434424
570418;0,06434424
570434,1;0,06438879
570450,7;0,06444804
570467,3;0,06447299
570483,8;0,06451187
570500,4;0,0645355
570516,9;0,06457739
570533,5;0,06457739
570550,1;0,06464298
570566,6;0,06465721
570583,3;0,06469928
570599,8;0,0647485
570616,4;0,06479894
570632,9;0,06484255
570650;0,06487212
570666,1;0,06487212
570682,6;0,06495309
570699,7;0,06498732
570716,1;0,06501928
570733,1;0,06503496
570748,9;0,06506415
570765,7;0,06507981
570782,1;0,06510501
570798,6;0,06510501
570815,1;0,06511744
570832,6;0,06511744
570848,4;0,06513358
570877,9;0,0651924
570894,5;0,06526095
570911,1;0,06529478
570927,7;0,06535168
570944,6;0,06538351
570960,8;0,0654415
570977,4;0,06544998
570994,1;0,06548923
571010,5;0,06560164
571027,3;0,06567556
571043,6;0,06571487
571060,2;0,06571487
571076,8;0,06583769
571093,3;0,06591569
571109,9;0,06596281
571126,4;0,06599443
571143;0,0660486
571159,6;0,06614867
571176,2;0,06620403
571192,8;0,06623046
571209,3;0,06626989
571225,8;0,06630039
571242,4;0,06633564
571259;0,0663694
571276,1;0,06637839
571292,1;0,06641658
571309,1;0,0664314
571325,3;0,06645925
571341,9;0,06647407
571358,4;0,066506
571375,4;0,06652132
571391,6;0,06652132
571410,9;0,06657817
571427,6;0,06659596
571444;0,06659596
571460,6;0,06661127
571477,3;0,06662382
571493,8;0,06663115
571510,6;0,06670621
571527,5;0,06672888
571543,5;0,0667588
571560,4;0,06678239
571576,8;0,06679454
571593,2;0,06680008
571609,8;0,06680008
571626,6;0,06679576
571642,9;0,06678934
571659,5;0,06677765
571676,1;0,06676392
571692,6;0,06674807
571709,3;0,06674365
571725,9;0,0667275
571742,4;0,06670906
571759,3;0,06668902
571775,6;0,0666765
571792,6;0,0666765
571808,7;0,06664538
571825,3;0,06663738
571841,9;0,06664559
571858,6;0,06664559
571874,9;0,06666438
571891,6;0,06666888
571908,1;0,06668667
571924,7;0,06671242
571941,4;0,06673925
571957,8;0,0667515
571974,6;0,0667693
571990,9;0,06678669
572007,5;0,06681126
572024,1;0,06682305
572041,1;0,06684764
572057,6;0,06686255
572073,8;0,06686935
572090,3;0,06688099
572107,1;0,06688099
572123,5;0,06689221
572140;0,06693216
572156,6;0,06696319
572173,7;0,06698875
572190,1;0,0669992
572206,5;0,06700754
572222,8;0,06700754
572239,4;0,0670429
572256,3;0,06705451
572272,6;0,06706554
572289,1;0,06707939
572305,8;0,06709536
572322,3;0,06710198
572339,1;0,06710968
572355,5;0,06711353
572372,6;0,06713989
572388,6;0,06715593
572405,2;0,06717041
572421,7;0,06717041
572438,6;0,067183
572454,8;0,06719184
572471,9;0,06718759
572487,9;0,06718177
572504,5;0,06718013
572521,1;0,06715398
572537,6;0,06713408
572554,6;0,06712005
572570,8;0,06712005
572587,3;0,06710585
572607,3;0,06705707
572623,8;0,06702556
572640,3;0,0670149
572656,9;0,0670149
572673,4;0,06700816
572690,1;0,067016
572706,6;0,06703595
572723,7;0,06704364
572739,8;0,06705301
572756,4;0,06706577
572772,9;0,06711634
572789,8;0,06716963
572806;0,06719598
572822,6;0,06722061
572839,2;0,06725344
572855,7;0,0672719
572872,7;0,06728952
572888,9;0,0672998
572905,4;0,06733339
572922,1;0,06733625
572938,6;0,06733511
572955,1;0,06732544
572971,7;0,06730016
572988,6;0,06728058
573004,8;0,06728058
573021,4;0,06719988
573037,9;0,06713744
573054,8;0,06705232
573071,3;0,06697904
573087,6;0,06691269
573104,3;0,06680536
573120,9;0,06675034
573137,8;0,06664204
573153,9;0,06656702
573170,5;0,06648131
573187,1;0,06642164
573203,7;0,06633363
573220,2;0,06624864
573236,8;0,06624864
573253,4;0,06603328
573269,9;0,06597922
573286,4;0,065925
573303,3;0,065925
573319,8;0,06574088
573336,6;0,06566516
573352,8;0,06562527
573369,3;0,06560179
573385,9;0,06556922
573403,1;0,06551676
573419;0,06531439
573435,6;0,06519924
573452,3;0,06510476
573468,7;0,06510476
573489,9;0,06498103
573506,4;0,064893
573523,3;0,06478699
573539,6;0,06468
573556,2;0,06457147
573572,7;0,06452487
573589,3;0,06452487
573606,3;0,06439316
573622,4;0,06431591
573638,9;0,06426232
573655,5;0,06424918
573672,1;0,06418676
573688,8;0,06412651
573705,3;0,06407123
573721,8;0,06404208
573738,3;0,06404208
573755,1;0,06396244
573771,5;0,06390792
573788;0,06387147
573804,6;0,06383251
573821,2;0,06383251
573837,8;0,06369771
573854,6;0,06368405
573871;0,06358282
573887,4;0,06351772
573904,1;0,06344637
573920,9;0,06337404
573937,1;0,0632768
573954,1;0,06322096
573970,3;0,06315209
573986,9;0,06307758
574003,4;0,06307758
574019,9;0,06302595
574036,8;0,06298022
574053,1;0,06285655
574070,2;0,06267542
574086,6;0,06257778
574102,8;0,06252757
574119,7;0,06244263
574135,9;0,06237043
574152,5;0,0622852
574169,1;0,06222157
574185,9;0,06214849
574202,5;0,06208318
574218,8;0,06200849
574235,4;0,06191307
574252,1;0,06185688
574268,5;0,06180447
574285,1;0,0617222
574302,3;0,06164147
574318,2;0,06164147
574334,7;0,06154191
574351,3;0,06145811
574374,2;0,06134867
574390,8;0,06127081
574407,4;0,06117688
574423,9;0,06113287
574440,4;0,06113287
574457;0,06101352
574473,8;0,06094506
574490,2;0,06091608
574506,9;0,06085683
574523,3;0,06085683
574539,9;0,06077424
574556,6;0,06074756
574573;0,06069176
574589,9;0,06063959
574606,2;0,06060223
574622,7;0,06054823
574639,3;0,06054823
574655,8;0,0605059
574672,6;0,0604727
574688,9;0,06045389
574705,5;0,06024871
574722,1;0,06014325
574738,6;0,06004718
574755,2;0,05998093
574771,8;0,05994836
574788,3;0,05988313
574804,9;0,05975408
574821,5;0,05965268
574838,1;0,05960219
574854,6;0,059529
574871,2;0,0594555
574888,2;0,05935929
574904,7;0,05930793
574920,9;0,05925773
574937,4;0,05917845
574954,1;0,05907173
574971,3;0,05903538
574987,2;0,05902579
575003,8;0,05892594
575020,4;0,05887364
575036,9;0,05883486
575053,4;0,05883486
575070;0,05881148
575086,6;0,05878576
575103,1;0,05877527
575120;0,05876963
575136,3;0,05876919
575152,8;0,05875832
575169,4;0,05875832
575186;0,05875531
575202,8;0,05875443
575219,4;0,05875313
575236,1;0,0587514
575257,4;0,05874795
575274,8;0,05874664
575290,6;0,05874276
575307,1;0,05874276
575323,7;0,05874144
575340,3;0,05872976
575356,8;0,05871414
575373,4;0,05870763
575389,9;0,05870028
575406,8;0,05870028
575423,4;0,0586925
575439,6;0,05868946
575456,3;0,05868385
575472,8;0,05868298
575489,4;0,05868342
575506;0,05868386
575522,5;0,05868557
575539,1;0,05868557
575555,6;0,05869161
575572,2;0,05869551
575589,4;0,05869551
575605,4;0,05870155
575621,9;0,05870328
575638,6;0,05870328
575655;0,05870717
575671,6;0,05870847
575688,2;0,05871108
575704,8;0,05871065
575721,6;0,05871065
575737,9;0,05871239
575754,5;0,05871196
575771;0,05871064
575787,6;0,05871064
575804,1;0,05870979
575820,7;0,05870891
575837,3;0,05870805
575853,8;0,0587089
575870,4;0,05870805
575886,9;0,05870891
575903,6;0,05870932
575920,1;0,05870932
575937;0,05871018
575953,3;0,05871106
575969,8;0,05871106
575986,4;0,05871796
576002,9;0,05872273
576019,6;0,05872922
576036,3;0,05873573
576052,9;0,05873876
576069,2;0,0587444
576085,8;0,05874786
576102,6;0,05875175
576119,1;0,05875219
576139,4;0,05875826
576152,1;0,05876739
576168,6;0,05877431
576185,2;0,05877431
576202,1;0,05878038
576218,4;0,05878514
576235,1;0,05879208
576251,6;0,05879815
576268,5;0,05880207
576284,6;0,058809
576301,1;0,05881204
576317,7;0,05881851
576334,3;0,05882457
576350,8;0,05882974
576367,4;0,05883407
576384;0,05883972
576400,5;0,05884491
576417,1;0,05884491
576433,9;0,05884881
576450,3;0,0588579
576466,8;0,0588579
576483,3;0,05886221
576499,9;0,0588674
576516,5;0,05886871
576533,1;0,05887045
576549,6;0,05887174
576566,3;0,05887259
576582,8;0,05887259
576599,3;0,05887388
576616,6;0,05887346
576632,8;0,05886872
576649,1;0,05886484
576665,8;0,05886227
576682,4;0,05885672
576698,8;0,05885672
576715,8;0,05884565
576731,9;0,05884134
576748,8;0,05884134
576765;0,05882399
576781,6;0,05881425
576798,2;0,05880284
576815,1;0,05880284
576831,3;0,05879778
576847,8;0,05877285
576864,4;0,05876362
576881,5;0,05874841
576897,9;0,05874255
576914,1;0,05873572
576930,9;0,05873279
576947,3;0,05871167
576963,8;0,05870032
576980,5;0,0586911
576997,6;0,05868062
577017,1;0,05866928
577033,8;0,05865294
577050,3;0,05864323
577066,9;0,05863185
577083,4;0,05862812
577100,4;0,05861419
577116,4;0,05860316
577133,1;0,0585968
577149,6;0,05859084
577166,2;0,05858656
577182,8;0,05858656
577199,3;0,05858274
577216,7;0,05857846
577232,4;0,05857846
577249,8;0,05857079
577266,1;0,05855884
577282,2;0,05854902
577298,7;0,05854389
577315,3;0,05854047
577331,9;0,05853659
577348,6;0,05853402
577365;0,05852887
577381,5;0,05852887
577398,2;0,05852501
577415,1;0,05851948
577431,9;0,05851732
577447,8;0,0585152
577464,5;0,05851348
577480,9;0,05850618
577497,9;0,05849931
577514,1;0,05849589
577530,6;0,05849589
577547,2;0,05848388
577564;0,05847964
577580,5;0,05847964
577597,4;0,05846334
577614,2;0,05845697
577630,7;0,05845011
577646,6;0,05844541
577663,1;0,05844541
577679,8;0,05842957
577696,5;0,05842271
577712,9;0,05841674
577729,8;0,0583971
577746,1;0,0583839
577762,6;0,05837671
577779,5;0,05837671
577795,7;0,05836052
577812,3;0,05834273
577828,9;0,05833424
577845,8;0,05833042
577862,8;0,05832665
577878,8;0,05831984
577895,9;0,05830117
577916,8;0,05827669
577933,4;0,05824706
577950,1;0,05822806
577966,6;0,05821879
577983,1;0,05821879
577999,6;0,05817575
578016,3;0,05816352
578032,8;0,05814699
578049,4;0,05813096
578065,9;0,05813096
578082,8;0,05810606
578099,1;0,05806861
578115,8;0,05804887
578132,8;0,05804292
578149,1;0,05801727
578165,4;0,05798869
578181,9;0,05797026
578198,9;0,05794628
578215,1;0,05791858
578231,6;0,05790421
578248,6;0,05787696
578264,7;0,0578577
578281,3;0,05783294
578298,4;0,05780492
578314,4;0,0577891
578331,1;0,0577748
578347,7;0,05776979
578364,1;0,05771943
578380,7;0,05769866
578397,3;0,05766783
578414,3;0,057639
578430,9;0,05762435
578447,1;0,05760466
578463,5;0,05758711
578480,5;0,05758711
578496,6;0,05757499
578513,9;0,05757499
578529,8;0,05754903
578547,3;0,05750666
578563,9;0,05748864
578580,4;0,05747149
578597,1;0,05746354
578613,5;0,05744809
578630,1;0,0574307
578646,6;0,05742156
578663,2;0,05742156
578680,1;0,05740703
578696,6;0,05741086
578712,9;0,05741644
578729,4;0,0574224
578746,1;0,057428
578764,6;0,05745243
578779,2;0,05747902
578795,8;0,05749096
578812,3;0,05749096
578828,9;0,05750617
578845,4;0,05750783
578862;0,05750086
578878,8;0,05750086
578895,7;0,05748824
578911,7;0,05748415
578928,8;0,05747119
578945,2;0,05746429
578961,4;0,05745946
578977,9;0,05744855
578994,5;0,05743764
579011,1;0,05743318
579027,6;0,05742233
579044,3;0,0574159
579060,8;0,05740503
579077,6;0,05739373
579093,9;0,05738767
579110,6;0,05737958
579127,1;0,05737877
579143,6;0,05737066
579160,1;0,05736215
579176,8;0,05734916
579193,6;0,057308
579209,9;0,05729005
579226,9;0,05727326
579243,1;0,05727044
579259,6;0,05725284
579276,3;0,0572308
579293;0,05721122
579309,3;0,05719972
579325,9;0,05718213
579342,4;0,05716125
579359;0,05716125
579375,6;0,05712901
579392,1;0,05712041
579408,7;0,05709956
579425,3;0,05708449
579442,1;0,05706201
579458,4;0,05705065
579475;0,05705065
579491,5;0,05701336
579508,1;0,05700062
579524,7;0,05699
579541,2;0,05699
579557,8;0,056959
579574,3;0,05694381
579590,9;0,05692379
579607,5;0,05691478
579624,4;0,05691478
579640,6;0,0568964
579658,5;0,05688666
579673,8;0,05686053
579690,3;0,05685123
579706,9;0,05684309
579723,4;0,05681716
579740;0,05680058
579756,6;0,05680058
579773,2;0,05679209
579789,8;0,05678886
579806,3;0,05678358
579822,9;0,05675048
579839,5;0,05674966
579856;0,05672112
579872,8;0,05670142
579889,1;0,0566938
579905,8;0,0566938
579922,3;0,05666176
579938,8;0,05665417
579955,4;0,05664018
579972;0,05663215
579988,6;0,05663215
580005,1;0,05661498
580021,7;0,05659711
580038,3;0,05658315
580054,8;0,05658315
580071,4;0,05656559
580087,9;0,05655614
580104,6;0,05654426
580121,1;0,05653398
580137,6;0,05652688
580154,2;0,0565221
580170,8;0,05651223
580187,3;0,05651223
580203,9;0,05649763
580220,6;0,05649367
580237;0,05649328
580253,8;0,05647659
580270,2;0,05646878
580287,3;0,05646324
580303,3;0,05646324
580320,8;0,05645929
580336,4;0,05644865
580352,9;0,05644511
580369,6;0,05644315
580386,2;0,05644315
580402,7;0,05644118
580419,3;0,05643882
580435,8;0,05643882
580452,4;0,05643135
580468,9;0,05641513
580485,6;0,05640201
580502,1;0,05639726
580518,8;0,05638772
580538,3;0,05638015
580554,9;0,05637095
580571,4;0,05636495
580588;0,05636495
580604,6;0,05634261
580621,9;0,05633266
580637,7;0,05632633
580654,3;0,05632633
580670,8;0,05632112
580687,4;0,05629172
580704,2;0,05626789
580720,5;0,05624979
580737,1;0,05624979
580753,7;0,05617556
580770,2;0,05615718
580786,8;0,05611766
580803,4;0,0560904
580819,9;0,05606918
580836,5;0,05606918
580853,3;0,05604902
580869,6;0,05603947
580886,2;0,05603118
580902,8;0,05602289
580919,3;0,05602012
580935,9;0,05601735
580952,5;0,0560146
580969,1;0,05600437
580985,6;0,05600123
581002,2;0,05599535
581019,2;0,05599535
581035,6;0,05599259
581051,9;0,05599024
581068,6;0,05598984
581085,1;0,05598632
581101,6;0,05597612
581118,1;0,05596557
581135,1;0,05596047
581151,3;0,05595811
581168;0,05595461
581184,6;0,0559503
581201,3;0,05594835
581217,5;0,05594835
581234,1;0,05593544
581250,7;0,05593152
581267,2;0,05592449
581283,8;0,05592331
581300,4;0,0559253
581316,9;0,05593701
581333,5;0,05594392
581350,1;0,05596262
581366,9;0,05597245
581383,2;0,05598345
581399,8;0,05598427
581419,1;0,05602361
581432,9;0,05604944
581449,4;0,05607
581466;0,05607
581482,6;0,05609716
581499,2;0,0561239
581515,8;0,05614208
581532,3;0,05616517
581548,8;0,05617801
581565,4;0,05619939
581582;0,05621912
581598,6;0,05623516
581615,1;0,05626078
581631,7;0,05627363
581648,3;0,05629059
581665,5;0,05630992
581682,1;0,05630992
581697,9;0,05632518
581714,8;0,05632518
581731,1;0,05633635
581747,7;0,0563992
581764,3;0,05643791
581780,9;0,05646849
581797,8;0,05649903
581813,9;0,05651483
581830,5;0,05654822
581847,1;0,05656473
581864,4;0,05658035
581881,4;0,05659231
581898,4;0,05664118
581914,6;0,05667239
581931,1;0,05668839
581947,4;0,05670553
581963,8;0,05672794
581980,4;0,05675731
581997;0,05677319
582013,6;0,05679882
582030,1;0,0568131
582046,7;0,05683905
582063,4;0,05686628
582079,8;0,05688246
582096,4;0,05690888
582112,9;0,05692237
582129,5;0,05694957
582146,7;0,05696458
582162,7;0,05698007
582179,2;0,05698007
582195,8;0,05703411
582212,9;0,05705293
582228,9;0,05707663
582245,7;0,05709091
582262;0,05712157
582278,8;0,05712157
582300,9;0,05716049
582314,9;0,05718007
582331,5;0,05719039
582348,1;0,05719611
582364,6;0,05719611
582381,2;0,05725758
582398,8;0,05731918
582414,3;0,05734551
582430,9;0,05736699
582447,7;0,05738169
582464,1;0,05741341
582480,6;0,05741341
582497,1;0,05746323
582513,8;0,05747687
582530,3;0,05750823
582546,9;0,05753916
582563,4;0,05755886
582580;0,0575873
582596,6;0,05760393
582613,4;0,05763689
582629,7;0,05765479
582646,6;0,05767011
582662,9;0,05767922
582679,6;0,05768238
582696;0,0576812
582712,5;0,05768081
582729,1;0,05767882
582745,7;0,05767771
582762,2;0,05767461
582778,8;0,05767306
582795,4;0,05767076
582811,9;0,05766795
582829,1;0,05765992
582845,1;0,05765488
582861,6;0,05765218
582878,3;0,05764945
582894,8;0,05764589
582911,3;0,05764714
582927,9;0,05764054
582944,5;0,05763242
582961,9;0,05763242
582977,8;0,05763125
582994,1;0,05762692
583010,8;0,05762498
583027,3;0,05761649
583043,9;0,05761427
583060,4;0,05761157
583076,9;0,05760689
583093,6;0,05760614
583110,1;0,0576022
583127,3;0,05760267
583143,3;0,05759996
583159,9;0,05759379
583182,3;0,05758824
583197;0,05758376
583213,9;0,05757991
583230,3;0,05757758
583246,8;0,05757244
583263,7;0,05757147
583279,9;0,05756763
583296,4;0,05756725
583313;0,05752974
583329,6;0,05751703
583346,4;0,05748572
583362,9;0,05746633
583379,4;0,05743013
583395,9;0,05740572
583412,9;0,05737225
583428,9;0,05733715
583446,1;0,05730691
583462,4;0,05730691
583479,4;0,0572723
583496,1;0,05720283
583512,7;0,05717881
583529,7;0,05715503
583545,8;0,05714338
583562,4;0,05707089
583579,4;0,0570283
583595,8;0,0570283
583612,2;0,05700463
583628,7;0,05700463
583645,2;0,05698391
583661,8;0,05692223
583678,6;0,05684755
583694,9;0,05680542
583711,5;0,05676989
583728;0,05672838
583744,9;0,05670599
583761,4;0,05668298
583777,8;0,05667618
583794,8;0,05659734
583811,2;0,05656054
583827,4;0,05655255
583844,1;0,05652085
583860,7;0,05646591
583877,6;0,05642835
583893,8;0,0564259
583910,3;0,0563932
583927,3;0,0563447
583943,4;0,05631414
583959,9;0,05628046
583976,6;0,05625188
583993,1;0,05623458
584009,7;0,05619616
584026,9;0,05616818
584042,9;0,05614147
584064,5;0,05611538
584079,2;0,05608539
584095,8;0,05608539
584112,3;0,05601313
584128,9;0,05599196
584145,5;0,0559525
584162,1;0,05593222
584178,6;0,05589041
584195,2;0,05585036
584211,8;0,05582912
584228,9;0,05580606
584244,9;0,05580606
584261,8;0,0557837
584278,9;0,0557837
584294,6;0,05571564
584311,1;0,05563212
584327,9;0,05557377
584344,3;0,05557377
584360,8;0,05552924
584377,4;0,05547833
584394,3;0,05542895
584410,5;0,05538153
584427,1;0,0553526
584444,3;0,05532648
584460,2;0,05527579
584477,1;0,05521887
584493,4;0,05521887
584510,8;0,05516326
584526,5;0,05510613
584543;0,05504958
584559,6;0,05499006
584576,3;0,05496171
584592,8;0,05493329
584609,3;0,05492975
584626,1;0,05482098
584642,4;0,05479791
584659,1;0,05475912
584675,8;0,05472975
584692,1;0,0547166
584708,8;0,05470325
584725,3;0,05467708
584741,9;0,05466776
584758,4;0,05466776
584775,1;0,05463818
584791,7;0,05462544
584808,9;0,05461268
584824,7;0,05460107
584841,9;0,05459508
584858,2;0,05458942
584874,4;0,05458565
584891;0,05458073
584907,6;0,0545796
584924,1;0,05457283
584940,8;0,05454778
584963,5;0,05452979
584980,1;0,05451193
584996,6;0,05450969
585013,8;0,05449327
585030,1;0,05447569
585046,6;0,05446341
585062,9;0,05444736
585080;0,05444027
585096;0,05443244
585112,6;0,05442868
585130,5;0,05440933
585147,1;0,05438913
585163,6;0,05438206
585180,3;0,05438206
585196,8;0,05436708
585213,5;0,05435246
585229,9;0,05434686
585246,4;0,05433639
585263,1;0,05433639
585279,6;0,05433039
585296,9;0,05431953
585315,3;0,05430947
585331,8;0,05430799
585348,4;0,05430351
585365,5;0,05428987
585381,5;0,05428987
585399;0,05428252
585415,5;0,05426965
585432,1;0,0542656
585449;0,05426231
585465,2;0,05426009
585481,8;0,05424912
585498,4;0,05424072
585514,9;0,05423889
585531,6;0,05423413
585548,1;0,05423413
585564,6;0,05422977
585581,2;0,05421882
585598,3;0,05419801
585614,3;0,05418671
585630,9;0,05417575
585647,8;0,05416225
585664,3;0,05415536
585681;0,05414732
585697,2;0,05414512
585713,8;0,0541163
585734,9;0,05410567
585752,1;0,05409361
585768,7;0,05409361
585785,4;0,05406908
585802,3;0,05406025
585818,4;0,05404669
585842,4;0,05402507
585859,5;0,0540144
585875,6;0,05400888
585892,1;0,05398903
585908,6;0,05397725
585925,3;0,05396255
585941,8;0,05395299
585958,8;0,05395299
585974,9;0,05394267
585993,4;0,0539129
586009,9;0,05390522
586029,9;0,05389014
586046,5;0,05389014
586063,5;0,05386022
586079,8;0,05385254
586096,2;0,05382322
586112,8;0,0538091
586129,4;0,05379214
586146,4;0,05378071
586162,5;0,05378071
586179,1;0,05376882
586195,6;0,05376421
586212,2;0,05372705
586228,8;0,05369043
586245,5;0,05366485
586261,9;0,05365465
586278,4;0,05363866
586295;0,05361816
586311,6;0,05359069
586328,5;0,05357846
586345,2;0,05355383
586361,8;0,05352789
586378,4;0,05351459
586394,9;0,05349773
586411,5;0,05347491
586428,1;0,05345188
586444,6;0,05343974
586461,2;0,05341854
586477,8;0,05340635
586494,3;0,05340635
586510,9;0,05337906
586530,6;0,05335486
586547,2;0,0533348
586563,8;0,05333516
586580,3;0,05331546
586597,1;0,0532872
586613,4;0,0532817
586630;0,05326897
586646,9;0,05324895
586663,5;0,05323927
586680,1;0,05323381
586696,3;0,05320204
586724,3;0,05317892
586741,3;0,05317091
586758,6;0,05315526
586774,5;0,05312635
586791,1;0,05311386
586807,9;0,05310789
586824,2;0,05309873
586840,8;0,05308686
586857,5;0,05306094
586873,9;0,05301625
586890,5;0,05297538
586907,1;0,05295126
586923,6;0,05293767
586940,8;0,05291249
586956,8;0,0528953
586973,3;0,05287473
586989,9;0,05285835
587006,4;0,05284064
587023,9;0,05281761
587039,9;0,05280473
587056,1;0,05278623
587072,7;0,05277124
587089,3;0,05274819
587105,8;0,05274819
587122,7;0,05271791
587139,1;0,05269864
587155,5;0,05269864
587172,6;0,05264805
587188,8;0,05263239
587206,9;0,0526079
587224,1;0,05260194
587240,1;0,05257704
587256,8;0,05255309
587273,3;0,05252415
587289,8;0,05251399
587306,3;0,05249107
587322,9;0,05246887
587339,4;0,05245792
587356;0,0524435
587372,6;0,05242807
587389,4;0,05240917
587405,7;0,05239937
587422,4;0,05238114
587438,8;0,05238114
587455,4;0,05236914
587472,4;0,05236077
587488,5;0,05236005
587505,2;0,05232439
587522,3;0,05229612
587538,2;0,05228322
587554,8;0,05227588
587571,5;0,05226789
587588,6;0,05226544
587605,5;0,05224591
587622,1;0,05222331
587638,7;0,05221702
587655,3;0,05221044
587671,8;0,05220658
587689,3;0,0521878
587704,9;0,05218398
587722;0,05217526
587738,3;0,05217526
587754,7;0,05216368
587771,3;0,05216019
587787,8;0,05215317
587804,4;0,05214719
587820,9;0,05214331
587837,7;0,05213871
587854,1;0,05213341
587870,6;0,05212886
587887,4;0,05212356
587903,8;0,05212283
587920,4;0,05211824
587936,9;0,05211824
587954,4;0,05211046
587970,1;0,05210868
587986,9;0,05210583
588003,2;0,05210514
588019,7;0,05210298
588036,3;0,05210084
588052,9;0,0520998
588069,5;0,05210015
588086,5;0,05210015
588102,6;0,05210155
588119,3;0,05210258
588135,9;0,05211166
588152,3;0,05212258
588168,8;0,05214072
588185,4;0,05216366
588202,4;0,05217841
588218,5;0,05220512
588235,4;0,05221016
588251,6;0,05224679
588268,3;0,05228453
588284,8;0,05232294
588301,3;0,05236416
588318,4;0,05236451
588334,5;0,05240715
588351,8;0,05244623
588367,6;0,05244623
588384,1;0,05250948
588401,1;0,05254445
588417,6;0,05257003
588434,2;0,05261197
588450,4;0,0526311
588467,1;0,05265677
588488,8;0,05267871
588505,4;0,05269078
588521,9;0,05270727
588538,5;0,05271552
588555,6;0,05273025
588571,6;0,05274251
588588,2;0,05274285
588604,9;0,05275545
588621,3;0,05276773
588637,9;0,05278001
588654,5;0,05278001
588671,1;0,05279334
588687,6;0,05281454
588704,2;0,05282169
588721;0,05282169
588737,3;0,05282755
588754;0,05282824
588770,4;0,05283779
588788,6;0,05285895
588806;0,05287637
588821,8;0,05288555
588838,3;0,0528934
588854,9;0,05289748
588871,9;0,05290426
588888;0,05290734
588904,6;0,05291517
588921,1;0,052926
588938,1;0,05292702
588954,4;0,05293676
588971;0,05293857
588987,4;0,05294704
589004,3;0,05295382
589020,6;0,05295783
589037,1;0,05296434
589053,7;0,05297042
589070,3;0,05297413
589087,4;0,05297719
589103,4;0,05297673
589123,1;0,05298835
589140,7;0,0529951
589157,3;0,05299916
589177,4;0,05300084
589194,4;0,05300755
589211;0,05301495
589227,6;0,05302069
589244,1;0,05302578
589260,7;0,05302781
589277,5;0,05303087
589293,8;0,05303115
589314,1;0,05303214
589330,7;0,0530356
589348,6;0,05303729
589366,8;0,05303728
589383,4;0,05303832
589413,4;0,05304069
589430;0,05304681
589446,9;0,05304851
589463,1;0,05304851
589479,8;0,05305465
589496,3;0,05305736
589512,9;0,05306043
589529,4;0,05306213
589546,3;0,0530652
589562,6;0,05306828
589579,1;0,05306828
589595,7;0,05307034
589612,8;0,0530765
589628,9;0,05307889
589645,6;0,05308231
589662,9;0,05308231
589678,9;0,05308437
589695,1;0,05308506
589711,7;0,0530854
589728,2;0,05308403
589745,8;0,05308127
589763,6;0,05307954
589780,1;0,05307538
589796,9;0,05307091
589813,3;0,05306711
589829,9;0,05306227
589846,4;0,05306054
589863,4;0,05305604
589879,6;0,05305186
589897,4;0,05305046
589914,1;0,05305046
589933,8;0,05305116
589950,8;0,05305151
589967,4;0,05305256
589986,8;0,05305256
590003,5;0,05305221
590019,9;0,05305256
590036,5;0,05305256
590053,1;0,05305186
590069,6;0,0530487
590086,9;0,05303611
590102,8;0,05303229
590119,8;0,05302846
590136,6;0,05302567
590154,5;0,05302112
590171,8;0,05301119
590188,4;0,05298332
590204,9;0,05295725
590222;0,05293797
590238,6;0,05291158
590255,6;0,05289627
590273,3;0,05288084
590290,1;0,0528606
590306,5;0,05281774
590323,1;0,05278616
590340,6;0,05276214
590357,4;0,05273928
590373,9;0,05270915
590390,5;0,0526953
590407,1;0,05266518
590423,6;0,05264615
590441,1;0,05262381
590456,8;0,05261004
590473,5;0,05259892
590492,4;0,0525943
590509;0,05259181
590525,5;0,05259041
590542,1;0,05259144
590559,4;0,05259356
590575,3;0,05259565
590592,4;0,05259706
590608,3;0,05260547
590625,7;0,05261003
590641,5;0,05261003
590658,1;0,05261357
590674,8;0,05261602
590691,2;0,05261921
590707,8;0,05262944
590724,3;0,05263829
590741,3;0,05264325
590757,4;0,05265103
590774,1;0,05265526
590790,6;0,05265526
590807,6;0,05266231
590823,8;0,05267953
590840,3;0,05269044
590856,9;0,05269045
590873,4;0,05270272
590889,9;0,05270694
590906,6;0,05270903
590923,4;0,05272688
590939,7;0,05272688
590956,3;0,05273943
590972,8;0,05274887
590989,4;0,05275304
591006,4;0,05276138
591022,5;0,05276138
591039,4;0,05276764
591055,8;0,05277843
591072,2;0,05278467
591088,8;0,05278987
591105,5;0,05279194
591121,9;0,05280545
591138,5;0,05280614
591155,4;0,05280961
591180,9;0,05281998
591197,4;0,05283036
591214,1;0,05283278
591230,6;0,05283518
591247,2;0,05285155
591263,8;0,05286777
591280,8;0,05286777
591296,9;0,05288068
591313,4;0,05288068
591330,4;0,05290487
591346,8;0,05301534
591363,3;0,05308704
591379,7;0,05311934
591396,3;0,05314419
591413,1;0,05318279
591429,4;0,05321309
591446,1;0,05324078
591462,5;0,05327387
591479,1;0,05329067
591496,2;0,05329067
591512,4;0,05334096
591529,2;0,05336472
591545,4;0,05337878
591561,9;0,05340354
591578,5;0,05340354
591595,2;0,05343957
591611,7;0,05344521
591628,6;0,05346225
591644,8;0,05347529
591661,3;0,05348122
591677,9;0,05348995
591694,4;0,05349302
591711,5;0,05349689
591727,6;0,05349853
591744,2;0,05350415
591761,1;0,05350589
591777,3;0,05350589
591793,9;0,05351661
591810,5;0,05351928
591827;0,05352559
591844,1;0,05352627
591860,6;0,05353252
591876,7;0,05353704
591893,3;0,05354019
591909,9;0,05354124
591926,8;0,05354124
591943,7;0,05354159
591959,6;0,05354229
591976,3;0,05354194
591992,9;0,05354159
592009,3;0,05354264
592025,8;0,05354074
592047,3;0,05354403
592063,8;0,05354369
592080,4;0,05354577
592097,1;0,05354438
592113,6;0,05354474
592130,1;0,05354474
592146,7;0,05354403
592163,3;0,05354403
592179,8;0,05354297
592196,4;0,05353902
592212,9;0,05353919
592229,6;0,05353709
592246,1;0,05353642
592263,1;0,05353574
592279,3;0,05352917
592295,8;0,05352641
592312,6;0,05352433
592329,2;0,05352433
592345,5;0,05351706
592362,2;0,0535143
592378,6;0,05351153
592395,2;0,05350669
592411,8;0,05350669
592428,4;0,05349965
592444,9;0,05349286
592461,5;0,05348834
592478;0,05348211
592494,6;0,05347623
592511,2;0,05346861
592527,7;0,05346513
592544,4;0,05346374
592560,9;0,05346131
592577,4;0,05345887
592594,3;0,05345887
592610,7;0,05345293
592627,3;0,05344068
592644,1;0,05342942
592660,5;0,05342766
592676,8;0,05342551
592693,6;0,05341563
592709,9;0,05340961
592726,9;0,05340749
592743,1;0,05340252
592759,6;0,05339931
592776,3;0,05339719
592792,8;0,05339683
592809,6;0,0533876
592825,9;0,05338193
592842,6;0,05337801
592859,1;0,05337801
592876;0,05337001
592892,2;0,05336586
592908,8;0,0533656
592925,9;0,0533645
592950,4;0,05336063
592967;0,05335817
592983,6;0,05335817
593000,4;0,05335676
593016,8;0,05335465
593033,3;0,05335395
593050,3;0,0533543
593066,4;0,05335325
593083,1;0,05335255
593099,6;0,05335255
593116,1;0,05335255
593132,7;0,0533511
593149,3;0,05335288
593166,2;0,05335142
593182,4;0,05335253
593199,2;0,05335287
593215,8;0,05335287
593232,1;0,05335287
593248,7;0,05335148
593265,3;0,05334588
593281,8;0,05330583
593298,3;0,05327587
593315;0,05323189
593331,5;0,05320773
593348;0,05320773
593364,6;0,05315561
593381,2;0,05307905
593397,7;0,05304141
593414,9;0,05302104
593430,9;0,0530108
593447,4;0,0529404
593464,5;0,05292118
593480,6;0,05288551
593497,4;0,05288551
593514,1;0,0528386
593530,3;0,05281603
593546,9;0,05281603
593563,7;0,05276825
593579,9;0,05274272
593596,6;0,05272512
593613,1;0,05271587
593629,7;0,0527043
593646,3;0,05267445
593663,3;0,05265955
593679,4;0,05265955
593696,1;0,05264059
593712,6;0,05263681
593729,1;0,05263681
593745,7;0,05261795
593762,2;0,05261346
593778,8;0,05260589
593795,4;0,05260215
593816,4;0,05259355
593828,5;0,05259355
593845,7;0,05258871
593861,6;0,05258871
593878,2;0,05258322
593894,9;0,05257184
593911,7;0,05254703
593927,9;0,0525329
593944,4;0,0525229
593961;0,05251285
593977,6;0,05250324
593994,1;0,05249841
594010,8;0,05248979
594027,6;0,0524685
594043,8;0,05245551
594060,8;0,05244521
594077,3;0,05243877
594093,8;0,05242926
594110,1;0,0524221
594126,7;0,05242176
594143,3;0,05239677
594160,1;0,05238567
594176,4;0,05237559
594193,3;0,05236523
594209,7;0,05235718
594226,6;0,05234612
594242,7;0,05233507
594259,2;0,05232638
594275,9;0,05231735
594292,4;0,05230633
594308,9;0,05230633
594325,5;0,05228957
594342,3;0,05226918
594358,6;0,05226278
594375,2;0,05226042
594391,8;0,0522594
594410,3;0,0522618
594426,8;0,05226988
594443,5;0,05228614
594460;0,05228614
594476,7;0,05229569
594493,1;0,05229569
594509,8;0,0523097
594526,6;0,05232901
594542,9;0,05239011
594559,9;0,05248275
594575,9;0,0525045
594592,5;0,052514
594609,1;0,05260381
594625,7;0,05264509
594642,2;0,05268328
594658,8;0,05271425
594675,9;0,05274537
594691,9;0,05276054
594708,5;0,05276054
594732,8;0,0527962
594749,6;0,05282116
594765,9;0,05282766
594782,6;0,05282766
594799,2;0,0528437
594815,7;0,05284801
594832,6;0,05285257
594848,8;0,05285582
594865,4;0,05285582
594881,9;0,05285937
594898,5;0,0528643
594915,1;0,05286536
594931,6;0,05286571
594948,2;0,05286603
594965,3;0,05286362
594981,6;0,05286362
594997,9;0,05286362
595014,4;0,05286289
595031;0,05286152
595047,8;0,05286047
595064,1;0,05286011
595080,7;0,05286048
595097,5;0,0528608
595113,9;0,05286013
595130,6;0,05286013
595147;0,05286013
595163,6;0,05286083
595180,1;0,05286467
595196,6;0,05287028
595213,3;0,05287028
595229,8;0,05287405
595246,4;0,05287936
595263,3;0,05288563
595279,6;0,05289039
595296,3;0,05289606
595312,9;0,05290021
595330,9;0,05290505
595347,4;0,05290505
595364;0,05291158
595380,8;0,05291295
595397,1;0,05291601
595413,8;0,05291567
595430,3;0,05291537
595446,8;0,05291872
595463,4;0,05292042
595480;0,05292042
595496,8;0,05292142
595513,5;0,05292311
595529,7;0,05292446
595546,3;0,05292446
595563,1;0,05292396
595579,5;0,05292615
595597,9;0,05292716
595614,5;0,05292717
595631,2;0,05292718
595647,6;0,05292786
595664,2;0,05292786
595681,3;0,05292719
595698,1;0,05292548
595713,9;0,0529248
595730,4;0,05292379
595747,2;0,05292311
595763,6;0,05292172
595780,1;0,05292244
595796,7;0,05292209
595813,3;0,05291837
595829,8;0,05291669
595847,3;0,05291502
595863;0,05291502
595879,5;0,05291367
595896,1;0,052913
595912,7;0,05291232
595929,2;0,05291232
595945,8;0,05291232
595962,3;0,0529093
595978,9;0,05290796
595995,5;0,05290594
596012,3;0,05290663
596029;0,05290696
596045,5;0,0529063
596061,8;0,05290763
596078,3;0,0529073
596095,1;0,0529073
596111,4;0,0529116
596128,1;0,05291492
596144,7;0,05291624
596161,6;0,05291823
596177,8;0,05291621
596194,3;0,05292812
596211,5;0,05293341
596227,6;0,05293702
596244,1;0,05293935
596261,4;0,05294072
596277,2;0,05295157
596293,7;0,05295816
596310,3;0,05296246
596327,2;0,05296833
596343,4;0,05297368
596360;0,05297631
596376,5;0,05297829
596393,8;0,05297729
596409,8;0,05297485
596426,2;0,05297458
596442,8;0,0529712
596459,4;0,05294573
596476,9;0,0528808
596497,1;0,05285485
596513,7;0,05283583
596530,4;0,05275844
596546,8;0,05270374
596563,4;0,0526711
596579,9;0,0526711
596596,6;0,05258057
596613,1;0,0525393
596629,6;0,05247079
596646,6;0,05239647
596662,8;0,05236047
596679,4;0,05230813
596695,9;0,05227801
596712,6;0,05227801
596729,3;0,0522023
596746,1;0,05216631
596762,2;0,0521323
596778,8;0,0521323
596795,4;0,05211412
596812,8;0,05206537
596829;0,05204154
596845,1;0,05202007
596861,6;0,05202007
596878,2;0,05197471
596894,8;0,05196246
596911,3;0,05195268
596927,9;0,05191046
596944,8;0,05188787
596961,3;0,05187607
596977,7;0,05187607
596994,1;0,0518562
597010,8;0,05181755
597027,3;0,05180505
597043,8;0,05180505
597060,4;0,05179365
597077,1;0,05178759
597093,9;0,0517667
597110,4;0,05171416
597126,6;0,05169829
597143,3;0,05167767
597159,9;0,05165576
597176,8;0,05164159
597193,1;0,05161454
597209,6;0,05161454
597226,3;0,05158346
597242,6;0,05156696
597259,2;0,05153998
597276,2;0,05151463
597293,1;0,05149612
597308,9;0,05148467
597325,4;0,0514702
597342,5;0,0514702
597358,9;0,05143476
597382,8;0,05141843
597399,4;0,05141206
597415,9;0,05140634
597432,6;0,05140632
597449,1;0,05140634
597465,6;0,05140769
597482,3;0,05140906
597498,8;0,05141145
597515,6;0,05141281
597532,4;0,05141281
597548,5;0,0514169
597565,5;0,0514186
597581,7;0,05141825
597598,2;0,05141927
597614,8;0,0514196
597631,6;0,05141992
597647,9;0,05142027
597664,5;0,05142161
597681;0,05142161
597697,6;0,05142195
597714,2;0,05142195
597730,7;0,05142463
597747,3;0,05143008
597763,9;0,0514355
597780,4;0,05144025
597797;0,05144568
597813,6;0,05144568
597831,1;0,05145147
597846,7;0,05145828
597863,3;0,05146408
597879,8;0,05146852
597896,4;0,05147709
597913,2;0,05148152
597929,6;0,05149178
597946,1;0,05150208
597962,6;0,05150445
597980,1;0,0515216
597995,8;0,0515329
598012,6;0,05154767
598028,9;0,05155763
598046,1;0,05157102
598062,1;0,05157893
598078,6;0,05159405
598095,2;0,051604
598111,8;0,05161741
598128,4;0,05163357
598144,9;0,05164253
598161,5;0,05165937
598178,1;0,05166727
598194,8;0,05166727
598211,2;0,05168816
598227,8;0,05169838
598244,5;0,05170244
598260,9;0,05170413
598286,1;0,05170581
598295,3;0,05170817
598311,9;0,0517092
598328,6;0,05170887
598345;0,0517092
598361,6;0,05170887
598378,1;0,05170687
598395,3;0,05170353
598412,3;0,05170188
598427,9;0,05170188
598444,4;0,05169953
598461;0,0516979
598477,6;0,05169823
598494,1;0,05169392
598510,7;0,05169326
598527,3;0,0516916
598544;0,0516916
598560,4;0,05168993
598576,9;0,05169092
598593,8;0,05168896
598610,1;0,05169027
598626,6;0,05169157
598643,2;0,05169255
598659,8;0,05169347
598676,8;0,05169547
598692,9;0,05169612
598709,9;0,05169509
598726;0,05169871
598742,6;0,05170066
598759,1;0,05170195
598775,8;0,05170195
598792,6;0,05170385
598808,8;0,05170746
598825,4;0,05170941
598842;0,05171036
598859;0,05171297
598875,1;0,0517139
598891,7;0,05171851
598908,6;0,05171851
598924,8;0,05172604
598941,4;0,05172768
598957,9;0,05173389
598974,6;0,05173389
598991,1;0,05173389
599007,7;0,05173782
599024,3;0,05175056
599040,8;0,0517627
599057,4;0,05176761
599074,6;0,05177351
599090,6;0,05177779
599107,1;0,05177778
599123,7;0,05179287
599140,2;0,05179911
599163,9;0,05180503
599174,4;0,05180995
599191,1;0,05181289
599207,6;0,05182767
599224,3;0,0518316
599240,8;0,05184046
599257,3;0,05184046
599273,9;0,05184963
599290,4;0,05185917
599307,3;0,05185917
599323,6;0,05187197
599340,1;0,05188382
599356,9;0,05189237
599373,3;0,05189336
599390,1;0,05190125
599406,4;0,05190653
599423;0,05190418
599439,5;0,05190217
599456,9;0,05190217
599473,5;0,05189338
599489,6;0,05188529
599505,8;0,05187852
599522,3;0,05187147
599539,4;0,05187147
599555,5;0,05185499
599572,1;0,05185499
599588,6;0,05184731
599605,3;0,05184731
599622;0,05184264
599638,3;0,05183929
599654,9;0,05182729
599671,8;0,0518176
599688,8;0,0518099
599704,6;0,0518099
599721,3;0,05180353
599738,3;0,05179683
599754,3;0,05178941
599770,9;0,05178737
599787,5;0,05177927
599804;0,05177183
599820,6;0,05176639
599837,4;0,05175929
599853,7;0,05175554
599870,3;0,05175554
599886,8;0,05173544
599903,4;0,05173305
599920;0,05171971
599936,9;0,05171222
599953,1;0,05170124
599970,3;0,05169706
599986,2;0,05169219
600002,8;0,05168905
600019,4;0,05168453
600035,9;0,05168314
600053,3;0,0516786
600070;0,0516786
600086,4;0,05167194
600102,9;0,05166708
600119,6;0,05166287
600136,1;0,05165939
600152,6;0,05165555
600169,2;0,05164647
600185,8;0,05164333
600202,5;0,05164088
600219,1;0,05164088
600235,6;0,05164122
600252;0,05164158
600268,6;0,05164158
600285,1;0,05164436
600302,1;0,0516609
600318,3;0,05168315
600334,8;0,05169313
600351,4;0,05169448
600368;0,05172563
600384,6;0,05173386
600401,3;0,05174997
600418,2;0,05175849
600434,3;0,05177385
600450,8;0,05178244
600467,5;0,05178244
600484,3;0,05180801
600501,3;0,05182612
600517,1;0,05183465
600533,6;0,05185512
600550,3;0,0518698
600566,8;0,05188482
600583,5;0,05190834
600599,9;0,05192367
600616,9;0,05193153
600633,1;0,05194412
600649,7;0,05198303
600666,2;0,05199568
600682,8;0,05202364
600699,3;0,05202364
600716,2;0,05205737
600732,9;0,05207885
600749;0,0520799
600765,6;0,0521252
600782,2;0,05215634
600798,9;0,05217819
600815,5;0,05217819
600831,9;0,05220582
600848,4;0,05224816
600865;0,05226363
600881,6;0,05227659
600898,1;0,05227659
600914,7;0,05227659
600931,3;0,05232329
600949,8;0,05235983
600966,4;0,05239122
600983;0,05240714
600999,6;0,05242886
601016,1;0,0524409
601032,7;0,05246722
601049,3;0,05246722
601065,9;0,0524946
601082,4;0,05251087
601099;0,05253549
601116,6;0,05255901
601133,2;0,05257217
601149,8;0,05259232
601168,1;0,0526038
601189,2;0,05262288
601207,7;0,05264786
601224,3;0,05267109
601241,8;0,05268943
601258,8;0,05270471
601276,2;0,05271998
601293;0,05273699
601313,8;0,05274394
601331,4;0,05278042
601347,9;0,05278948
601365;0,05281135
601383;0,05283183
601400,7;0,0528415
601421,1;0,05286653
601437,8;0,05288737
601454,3;0,05290094
601470,9;0,05292211
601487,4;0,05294537
601504,8;0,05294537
601522,9;0,0529572
601539,6;0,0529572
601556,1;0,0529572
601572,8;0,05297867
601589,3;0,05303136
601608,3;0,05308837
601629,2;0,05311166
601645,8;0,05313624
601662,4;0,05315425
601679;0,05317191
601695,6;0,05318584
601712,9;0,05319898
601728,9;0,05322826
601745,3;0,05326768
601761,8;0,05328058
601779,4;0,05328058
601798;0,05332245
601816,7;0,05334762
601838,1;0,05336992
601854,7;0,05336992
601871,2;0,05340595
601887,8;0,05342973
601904,7;0,05345521
601921,1;0,05346738
601937,5;0,05346738
601954,1;0,05350304
601970,6;0,05352136
601987,2;0,05353238
602003,8;0,05353872
602020,3;0,05354944
602039,4;0,05356473
602056,4;0,05357752
602073;0,05358421
602089,9;0,05359021
602106,3;0,05359369
602123,1;0,05360034
602139,3;0,05360034
602156,4;0,05360382
602172,4;0,05360593
602189,7;0,05360593
602205,6;0,05360905
602222,1;0,05361289
602239,7;0,05361496
602256,3;0,05361218
602272,8;0,05361183
602290,4;0,05360973
602305,9;0,053608
602322,5;0,05360486
602339,1;0,0536021
602355,6;0,05359721
602372,2;0,05359301
602388,8;0,05359057
602405,5;0,05358499
602422,7;0,05358151
602442,8;0,05357664
602460,6;0,05357385
602477,1;0,05357106
602493,7;0,05356168
602510,4;0,05355784
602527,1;0,05354949
602543,9;0,05354949
602560,3;0,05353942
602576,8;0,05352037
602593,4;0,05351133
602610,1;0,05350647
602626,5;0,0535033
602643,1;0,05349171
602659,6;0,05348993
602676,2;0,05348993
602692,8;0,05349065
602719,9;0,05349425
602736,4;0,05349533
602753;0,05349674
602769,6;0,05350002
602786,1;0,05350002
602802,7;0,05350038
602819,2;0,05350038
602835,8;0,05350038
602852,4;0,05350002
602868,9;0,05349858
602885,8;0,0534975
602902,1;0,0534975
602918,6;0,05349426
602935,2;0,05349282
602951,8;0,05349101
602968,3;0,0534903
602985,2;0,05348922
603001,4;0,05348813
603018,3;0,05348777
603035,1;0,05348669
603051,1;0,05348597
603068;0,05348561
603084,4;0,05348669
603100,9;0,05348669
603117,5;0,05348849
603134,1;0,05348849
603150,6;0,05349104
603167,1;0,05349249
603183,7;0,05349575
603200,6;0,05349683
603217,5;0,05349938
603233,4;0,05350082
603250;0,05350667
603266,6;0,05350667
603283,1;0,05350885
603299,9;0,05351717
603316,4;0,05351903
603332,8;0,05352158
603349,4;0,05352158
603366;0,05352922
603382,5;0,05353539
603399,1;0,05353903
603415,6;0,05354012
603432,2;0,05354158
603448,8;0,05354158
603465,3;0,05354304
603482,2;0,05354558
603498,6;0,05355179
603515,4;0,05356057
603531,6;0,05356606
603548,5;0,05356606
603564,8;0,05357188
603581,3;0,0535759
603597,9;0,05357846
603618,4;0,05358247
603635,1;0,05358505
603651,9;0,0535869
603668;0,0535902
603684,9;0,05359349
603701,4;0,05359349
603717,8;0,05359604
603734,6;0,05359787
603750,9;0,05359898
603767,4;0,05359934
603784;0,05360154
603800,8;0,05360373
603817,1;0,0536041
603834,1;0,05360591
603850,3;0,05361252
603867,3;0,05361511
603884;0,05361657
603899,9;0,05361657
603916,6;0,05362245
603933,1;0,05362648
603949,7;0,05362759
603966,3;0,05363273
603982,9;0,05363273
604000,1;0,05363749
604016,5;0,0536426
604032,6;0,05364409
604049,1;0,05364592
604065,7;0,0536474
604082,3;0,05364959
604099,6;0,05365362
604115,4;0,05365362
604132,6;0,05366528
604148,6;0,05368772
604165,1;0,05370782
604181,6;0,05370782
604198,2;0,05371781
604214,8;0,05372778
604231,6;0,05373877
604247,9;0,05374552
604264,4;0,05375435
604281;0,05375859
604297,6;0,05376392
604314,1;0,05376956
604330,8;0,05378762
604347,4;0,05379929
604363,8;0,05380602
604380,4;0,05380602
604397;0,05382477
604413,6;0,05383722
604430,1;0,05384931
604446,7;0,05386568
604463,3;0,05386568
604480,5;0,05388202
604502;0,05390263
604512,9;0,05391791
604529,6;0,05392924
604546,4;0,05393491
604562,7;0,05397237
604579,5;0,05398361
604595,9;0,05400551
604612,9;0,05402086
604628,9;0,05403513
604645,9;0,0540423
604662,1;0,0540423
604678,6;0,05405788
604695,3;0,05406482
604711,9;0,05406921
604728,3;0,05406921
604744,9;0,0540725
604761,5;0,05407619
604778,1;0,0540894
604794,8;0,0541066
604811,2;0,0541066
604827,8;0,05411536
604844,3;0,05412375
604860,9;0,05413358
604877,4;0,0541383
604894;0,05414485
604910,7;0,05414886
604927,1;0,05415501
604943,8;0,05415501
604960,4;0,05416299
604976,8;0,05417171
604993,4;0,05417572
605009,9;0,054179
605026,6;0,05418118
605045,7;0,05419102
605062,3;0,05419684
605078,9;0,05419828
605095,4;0,0542012
605112;0,05420377
605128,6;0,05420633
605145,4;0,05420633
605161,7;0,05420742
605178,3;0,05420779
605194,8;0,05420815
605211,4;0,05420852
605227,9;0,05420778
605244,5;0,05420815
605261,1;0,05420741
605277,6;0,05420815
605294,2;0,05420815
605310,8;0,05420852
605327,3;0,05420963
605344,6;0,05420963
605360,5;0,05420963
605377;0,05421071
605393,6;0,05421034
605416,7;0,05421145
605434,1;0,05421403
605450,1;0,05421403
605466,4;0,05421403
605483;0,05421551
605499,5;0,05421551
605516,1;0,05421661
605533,3;0,05421771
605549,2;0,05421808
605565,8;0,05421956
605582,6;0,05422067
605598,9;0,0542214
605615,9;0,05422214
605632;0,05422214
605648,6;0,05422434
605665,3;0,05422434
605681,8;0,05422545
605699,1;0,05422619
605714,9;0,05422841
605731,4;0,05422915
605748,1;0,05423026
605764,7;0,05423026
605781,1;0,05423173
605797,8;0,05423321
605814,3;0,0542358
605830,9;0,05423765
605847,4;0,05423765
605863,9;0,0542384
605881,1;0,05424174
605897,4;0,05424174
605913,7;0,05424434
605930,3;0,05424806
605946,8;0,05425066
605963,4;0,05425214
605980,1;0,05425214
605996,5;0,05425476
606013,1;0,05425476
606029,7;0,05425476
606046,2;0,05425774
606062,8;0,05426444
606079,4;0,05426931
606096,3;0,05427117
606112,5;0,05427264
606129;0,05427932
606145,7;0,05428155
606163,1;0,05428783
606178,8;0,05428783
606195,3;0,0542926
606211,9;0,05430255
606228,4;0,05430255
606245;0,054311
606261,6;0,054311
606278,8;0,05432311
606300;0,05433336
606316,5;0,05435135
606333,1;0,05436018
606349,7;0,05436423
606366,3;0,05436825
606382,8;0,05437009
606399,6;0,05438336
606415,9;0,05438928
606433,1;0,05439263
606449,1;0,05439558
606465,6;0,05439708
606482,2;0,05440707
606498,9;0,05440707
606515,5;0,05440965
606531,9;0,05441595
606548,8;0,05441964
606565,1;0,05442185
606582;0,05442185
606599,1;0,05442816
606615,4;0,05442927
606631,4;0,05443075
606647,9;0,05443075
606664,4;0,05443222
606681;0,0544337
606697,6;0,05443592
606714,3;0,0544374
606730,8;0,05443554
606747,3;0,05443443
606764,1;0,0544322
606780,4;0,05443183
606797;0,05442887
606814,2;0,05442814
606830,1;0,05442777
606846,8;0,05442667
606863,3;0,05442667
606879,8;0,05442261
606896,9;0,05442003
606913,4;0,05441966
606929,9;0,05441857
606946,1;0,05441783
606963,3;0,0544127
606979,4;0,05440904
606995,8;0,05440721
607012,3;0,05440355
607029,3;0,05439881
607045,6;0,05439299
607062,1;0,05439299
607078,6;0,05439081
607095,5;0,05438065
607111,8;0,05437592
607128,3;0,05437267
607144,9;0,05437267
607167,4;0,0543618
607178;0,05435748
607194,6;0,05435061
607211,2;0,05434589
607227,9;0,05433723
607244,3;0,05433004
607260,9;0,05432715
607277,4;0,05432212
607294,1;0,05432212
607310,8;0,05432212
607327,9;0,0543192
607343,7;0,05429761
607360,3;0,05426856
607376,8;0,05426244
607393,4;0,05424841
607410,1;0,05423303
607426,5;0,05422195
607443,1;0,05420733
607459,6;0,05420733
607476,2;0,05419843
607492,8;0,05416636
607509,3;0,05414716
607525,9;0,05413581
607542,8;0,05413581
607559;0,05409531
607575,7;0,05407615
607592,2;0,05405484
607608,8;0,05405484
607625,7;0,05403287
607641,9;0,05399598
607659,3;0,05398646
607675;0,05395571
607691,6;0,05395571
607708,5;0,05392921
607724,8;0,05390204
607741,3;0,05387774
607757,9;0,05385559
607774,8;0,05383306
607790,9;0,05380384
607808;0,05378628
607824,1;0,05378628
607840,7;0,05376022
607857,3;0,05371097
607873,8;0,053693
607890,4;0,0536776
607907,7;0,05366314
607923,5;0,05366314
607940,1;0,05364384
607956,7;0,05364384
607973,2;0,05362036
607990,6;0,05354677
608010;0,0534725
608026,6;0,05344768
608043,4;0,05341857
608060,9;0,05340198
608077,6;0,05339888
608099,3;0,05337638
608115,9;0,05331056
608132,9;0,05327379
608149;0,05323674
608165,5;0,05319972
608183,8;0,05317144
608201,6;0,05314287
608221,1;0,05312468
608239,3;0,05310656
608257,5;0,05305035
608275,3;0,05301204
608291,9;0,05299174
608310,2;0,05298652
608327,9;0,0529189
608345,7;0,05289311
608365;0,05285752
608381,6;0,05285752
608400,3;0,05279392
608420,1;0,05278021
608439,8;0,05272836
608457;0,05268695
608474,7;0,05265625
608492,9;0,05262145
608510,7;0,05262145
608528,8;0,05254501
608548,4;0,05252038
608566,4;0,05250577
608582,9;0,05248458
608603,6;0,05246725
608624,1;0,05239258
608643,4;0,05233627
608661,4;0,0523134
608681,9;0,0522773
608699,8;0,05225812
608716,3;0,05224707
608735,9;0,05218629
608754,2;0,05215609
608770,8;0,05213147
608789,9;0,05212661
608810,8;0,05206178
608835,2;0,05201969
608853,4;0,05200759
608871;0,05197175
608889,1;0,05193669
608909,6;0,05189694
608931,1;0,05186579
608948,3;0,05184054
608965,6;0,05181627
608987,4;0,05181321
609008,4;0,0517592
609025;0,05171555
609044,8;0,05168454
609067,7;0,05168454
609085,6;0,05162635
609103,2;0,05162394
609122,8;0,05159571
609140,9;0,05154987
609160,1;0,05152847
609178,1;0,05152168
609198,8;0,05150739
609218,8;0,05150739
609237,5;0,05150739
609257,4;0,05149044
609277,4;0,05142815
609300;0,05135486
609318,4;0,0513343
609335;0,05131609
609354,7;0,0512916
609372,6;0,0512684
609390,8;0,05124964
609409,3;0,05123162
609428,6;0,05120823
609450,8;0,05118593
609469,8;0,05118593
609490,6;0,05114457
609510,4;0,05112413
609527,1;0,05111323
609544,9;0,05109379
609562,5;0,05107971
609584,6;0,0510569
609601,3;0,05103512
609617,8;0,05102128
609637,7;0,05101066
609656,5;0,05100629
609675,4;0,05100463
609696,5;0,05100633
609714,8;0,05101107
609731,5;0,05101822
609749,6;0,05102405
609766,1;0,0510346
609787,4;0,05103429
609804,4;0,05104991
609820,5;0,05106592
609838,3;0,05107112
609856,7;0,05107792
609877,9;0,05108168
609902,3;0,05110763
609924,5;0,05111821
609941,4;0,0511435
609957,7;0,05117046
609974,6;0,05117836
609992,3;0,05119577
610015,4;0,05121764
610032;0,05123743
610050,6;0,05125073
610069,6;0,05126782
610092,7;0,05128899
610112,6;0,05131081
610129,2;0,05133469
610148,3;0,05135412
610168,5;0,05136975
610185,9;0,05137997
610204;0,05139156
610225,9;0,0514284
610245,1;0,05143336
610261,7;0,05143535
610284;0,05143664
610303,1;0,05143211
610320,2;0,05142983
610339,1;0,0514266
610356,4;0,05142174
610375,3;0,0514162
610393,9;0,05141528
610413,8;0,051413
610433,3;0,05141198
610452,4;0,05141464
610471;0,05141856
610489,2;0,05141856
610510,2;0,05142052
610533,3;0,05142936
610551,7;0,05143791
610568,9;0,0514458
610589,9;0,05144974
610606,6;0,05145338
610624,9;0,05146787
610644,2;0,05147713
610663,8;0,0514867
610682,3;0,05149699
610701,5;0,05150427
610721,4;0,05151456
610743;0,05152787
610762,3;0,0515412
610790,4;0,05155253
610806,9;0,05155351
610823,5;0,0515792
610840,8;0,05159253
610856,6;0,05159385
610873,4;0,05159385
610895,8;0,05163643
610917,3;0,05165306
610937,1;0,05166373
610955,7;0,05166373
610973,9;0,05168963
610991,4;0,05171628
611009,9;0,05172727
611027,4;0,05172727
611046,3;0,05175319
611062,9;0,05177588
611081,9;0,05179224
611102,1;0,05179422
611124,4;0,05180429
611143,8;0,0518143
611160,6;0,05181867
611181,8;0,05185829
611200;0,05188261
611217,6;0,0519066
611236,7;0,05192258
611255,2;0,05192424
611275,8;0,05195182
611298,4;0,05196946
611321,1;0,05198807
611344,1;0,05200632
611366,1;0,05202391
611384,9;0,05202391
611408,1;0,05205506
611432,4;0,05206173
611450,9;0,05208286
611471,3;0,052122
611494,2;0,05213393
611518,1;0,0521455
611539,1;0,05219197
611565,6;0,05221577
611585,7;0,05221577
611609;0,05228544
611630,1;0,05229915
611650,2;0,0523161
611672,1;0,05232122
611705;0,05234187
611721,9;0,05235407
611738,3;0,05235407
611754,7;0,05235973
611771,3;0,05236608
611790,8;0,05236715
611813,2;0,05238821
611836,1;0,0524492
611854,9;0,05251832
611875,6;0,05260881
611898,5;0,05265063
611918,8;0,05295191
611939,3;0,05324975
611961,3;0,05356599
611981,8;0,05389813
611999,1;0,05410438
612017,8;0,05425558
612038,4;0,05546065
612060,3;0,05580333
612076,8;0,05639265
612093,4;0,05639265
612110,3;0,05754261
612129,3;0,05788121
612151,8;0,05873311
612172;0,0593107
612192,6;0,05995807
612216,4;0,06029331
612238,3;0,06130675
612255,8;0,06160917
612277,4;0,06203031
612299,8;0,06333717
612317,8;0,06386841
612335,4;0,06396765
612355,3;0,06475192
612373,6;0,06559739
612391,8;0,06597612
612412,1;0,06632374
612428,6;0,06635332
612446,8;0,06662899
612467,2;0,0680135
612485,6;0,06923797
612502,2;0,06957354
612521,4;0,07021244
612538,6;0,07051627
612557,3;0,07121261
612574,5;0,07121261
612594,3;0,07246183
612621,2;0,07296489
612637,8;0,07374454
612654,4;0,07428693
612670,9;0,07467651
612687,5;0,07499489
612704,6;0,07505496
612722,3;0,07626659
612741,3;0,07687791
612759,2;0,07720378
612780,7;0,07810946
612798,8;0,07833723
612815,4;0,07874473
612833,6;0,07904094
612851,7;0,07996862
612873,9;0,080598
612892,3;0,08120654
612912,7;0,08183794
612933,6;0,08244509
612955,2;0,08304285
612976,7;0,08354025
612999,8;0,08416802
613019,3;0,08428382
613041;0,08457806
613061,8;0,08490802
613083,8;0,08523484
613105,4;0,0868125
613128;0,08795471
613147,6;0,08856246
613166,8;0,08911131
613184,9;0,08951396
613207;0,08957004
613228,6;0,09071496
613246,4;0,09130989
613263,6;0,09130989
613284,5;0,09188107
613301,9;0,09282319
613321,1;0,09313992
613339,8;0,09392781
613359,8;0,09465373
613378,5;0,09496187
613395,5;0,09538486
613416,4;0,09605896
613435,4;0,09669647
613452,8;0,0970687
613474,5;0,0973832
613497,2;0,09824532
613520;0,09916062
613545,4;0,0994403
613562,6;0,09964158
613582,8;0,1007309
613604,6;0,1013515
613625,4;0,1015491
613643,4;0,102164
613662,3;0,1031426
613682,4;0,1031426
613700,3;0,1034477
613720,1;0,1037757
613736,7;0,1040376
613756,5;0,1056473
613773,9;0,1064863
613793,2;0,1067592
613812,1;0,1075834
613829,2;0,1080089
613849,3;0,1086245
613867,4;0,1090221
613885,6;0,1094426
613902,8;0,1097018
613922,4;0,1100879
613943,1;0,1104114
613960,8;0,1106673
613978,3;0,1106673
613997,9;0,1108487
614014,4;0,1109599
614034,7;0,110969
614053,4;0,1109543
614074,1;0,1109168
614095,9;0,1108477
614117,3;0,1107466
614136,8;0,1106706
614157,6;0,1105959
614179,4;0,1105537
614202,6;0,1104283
614222,5;0,1103195
614246,5;0,1102302
614270,6;0,1102302
614289,2;0,1100767
614307,8;0,1100351
614326,2;0,1100119
614345,4;0,1099711
614363,2;0,1099564
614382,8;0,1097952
614401,2;0,109721
614418,3;0,1096571
614434,8;0,1096388
614464,2;0,1095377
614480,8;0,1094894
614497,3;0,109453
614514,3;0,1093959
614530,4;0,1093483
614547,1;0,1093153
614563,6;0,1092791
614580,1;0,1092373
614596,8;0,1092071
614613,4;0,1092071
614629,9;0,1090993
614646,4;0,109074
614663,1;0,1090201
614680,1;0,1090008
614696,1;0,1090008
614717,3;0,1088998
614736,5;0,1088522
614756,4;0,1088167
614776,4;0,108772
614796,6;0,1087327
614817,9;0,1087327
614835,8;0,1086271
614855,9;0,1085816
614876,6;0,1085583
614897,2;0,1085319
614917,5;0,1084459
614937,3;0,1084052
614955,4;0,1083792
614973,6;0,1083663
614990,1;0,1083663
615006,7;0,1083324
615023,3;0,1082393
615041,8;0,1081415
615058,6;0,108098
615075,1;0,1080703
615091,7;0,1080209
615108,2;0,1079714
615126,3;0,107937
615145,5;0,1078894
615169;0,1078563
615188;0,1077778
615205,6;0,1077468
615226,4;0,1076677
615249,5;0,1076155
615268,7;0,1075655
615289,4;0,1075371
615311,1;0,1074462
615333,6;0,107363
615352,9;0,1073286
615373,8;0,1073286
615396,3;0,1071583
615418,8;0,1070994
615440,8;0,1070414
615463;0,1069898
615480,4;0,1069119
615497;0,1068676
615513,9;0,106788
615532,1;0,1067293
615550,3;0,1067293
615567,8;0,106605
615588,8;0,1064929
615605,5;0,1064929
615622,1;0,1064442
615638,6;0,1063866
615656,4;0,1062457
615673,4;0,105935
615690,4;0,1057846
615707,8;0,1056163
615726,2;0,1054744
615743,3;0,1053292
615761,2;0,1051457
615778,7;0,1050512
615796;0,1049459
615813,5;0,1048698
615830,2;0,1045473
615848,6;0,1044033
615867,1;0,1042746
615886,4;0,1042176
615906;0,1039623
615922,6;0,1038206
615939,3;0,103754
615955,8;0,103754
615974,8;0,1035507
615994,8;0,1033203
616020,2;0,103172
616039,1;0,1030215
616057,1;0,1029271
616077,9;0,1028053
616100,1;0,1026649
616122,2;0,1025636
616144,5;0,1023492
616164,4;0,1023119
616187,3;0,1020439
616209,6;0,1018192
616234,1;0,1016795
616255,1;0,1015844
616278,9;0,1015031
616303;0,101181
616326,8;0,1008279
616347,7;0,1005941
616370,3;0,1004047
616393,6;0,1001568
616414,8;0,1000521
616438,4;0,09960944
616460,1;0,09925776
616477,9;0,09920788
616495,9;0,09896136
616513,4;0,0987918
616530,4;0,09856423
616548,5;0,0984431
616566,2;0,0984431
616583,3;0,09800153
616599,9;0,0978647
616618,8;0,09773768
616635,4;0,09767817
616652,9;0,09721288
616669,5;0,09703141
616686,1;0,09689684
616702,6;0,09665278
616719,3;0,09646504
616736;0,09630119
616752,3;0,09605675
616769,1;0,09592135
616785,4;0,09574751
616802,1;0,09554351
616818,6;0,09529778
616835,7;0,09517926
616851,8;0,09493289
616868,3;0,09493289
616885,8;0,09480722
616901,4;0,09480722
616918;0,09480722
616934,6;0,0944176
616952,6;0,09395905
616971,7;0,09354521
616989,7;0,09332018
617009,1;0,09302677
617027,8;0,09284088
617050,8;0,09251004
617069,3;0,09236216
617085,8;0,09208355
617105;0,0918182
617126,4;0,09155247
617143,5;0,09155247
617160,1;0,0912542
617176,6;0,09101463
617193,3;0,09073588
617209,9;0,09043949
617227,1;0,09033258
617243,6;0,09010322
617260,2;0,08993345
617276,8;0,08966061
617293,3;0,08953612
617309,9;0,0892722
617326,5;0,08901335
617343,3;0,08901335
617361,2;0,0888766
617378,3;0,08848149
617396,1;0,08820391
617414,3;0,0882014
617431,4;0,08794592
617447,9;0,08759467
617466,6;0,08745865
617483,1;0,08719718
617499,7;0,08719718
617516,3;0,0870643
617533;0,08695029
617549,4;0,08693527
617566;0,08681702
617582,5;0,08645118
617599,2;0,08604532
617615,7;0,08561663
617632,3;0,08549485
617648,9;0,08531667
617672,3;0,0850657
617688,9;0,08484659
617705,4;0,08472074
617722,1;0,08460737
617738,7;0,08440638
617755,1;0,08430137
617772;0,08430137
617788,3;0,08400345
617804,9;0,08381059
617821,7;0,0836135
617838;0,08352374
617854,6;0,08352374
617871,1;0,08316064
617887,8;0,08315562
617904,3;0,08287702
617922,4;0,08273361
617943,1;0,08259993
617964,6;0,08241556
617983,4;0,08241556
617999,9;0,08220051
618016,8;0,0820614
618033,8;0,08194938
618049,8;0,08170107
618066,3;0,08153025
618082,9;0,08141165
618099,4;0,08136012
618116,3;0,08129093
618141,9;0,08108784
618161,9;0,0808733
618178,6;0,08079381
618195;0,08079305
618211,6;0,08059355
618228,9;0,08037347
618245,6;0,08023083
618265,2;0,08016621
618281,8;0,08016621
618298,4;0,07996678
618314,9;0,07986443
618331,5;0,07977392
618348,1;0,07975219
618364,6;0,07969538
618381,2;0,07950788
618397,8;0,07941256
618414,3;0,0793146
618430,9;0,07924025
618447,4;0,07911526
618464,1;0,07905549
618480,6;0,07899004
618497,1;0,07889379
618513,8;0,07889379
618530,3;0,07874012
618546,9;0,07868373
618563,4;0,07866335
618585,5;0,07849508
618604,9;0,07835116
618626,5;0,078301
618647,3;0,07819965
618670,3;0,07810605
618690,8;0,07803099
618712,4;0,0779287
618735,9;0,07780626
618757,2;0,0777198
618777,2;0,0777198
618798,8;0,07768503
618817,4;0,07764001
618835,4;0,07764001
618852,8;0,07756717
618874,4;0,0773403
618893,6;0,07724845
618910,4;0,07717013
618930,1;0,07709028
618946,6;0,07705009
618964,8;0,07697125
618984,1;0,07693408
619001,8;0,07689214
619025,6;0,07674854
619042,2;0,07671206
619058,7;0,07664365
619075,3;0,07659927
619091,9;0,07654481
619108,4;0,07654481
619126,2;0,07647783
619149,3;0,0763301
619171,8;0,07624997
619193,4;0,07621233
619218,2;0,07599951
619237,3;0,07594784
619257,7;0,07589903
619278,3;0,07570591
619300,6;0,07561224
619317,1;0,07553692
619333,8;0,07548287
619351,3;0,0753756
619368;0,07527521
619384,6;0,07517486
619401,1;0,07516383
619420,4;0,07501215
619436,9;0,07500143
619454,3;0,0749504
619474,6;0,07490392
619495,1;0,07480392
619512,8;0,07461239
619530;0,07454664
619546,6;0,0744152
619563,6;0,07440988
619579,8;0,07431792
619596,3;0,07422125
619612,9;0,07412925
619630,2;0,0740547
619646;0,07399663
619662,7;0,0739514
619679,1;0,07390998
619695,7;0,07388576
619712,4;0,07371046
619728,9;0,07361461
619745,6;0,07355931
619763,1;0,07351359
619779,8;0,07351045
619802,1;0,07331733
619818,9;0,07331733
619835,8;0,07316586
619852,3;0,07308546
619869,1;0,07301191
619885,4;0,07294647
619902,5;0,0729217
619928;0,07275423
619944,6;0,0726621
619961,3;0,07257761
619977,7;0,0725148
619994,2;0,07246706
620011,4;0,07237873
620027,4;0,07237873
620043,9;0,07224308
620060,5;0,07219443
620077,1;0,07209478
620093,6;0,07206439
620110,2;0,07204687
620126,8;0,07200128
620143,3;0,07186556
620159,9;0,07172202
620176,5;0,07164581
620193,7;0,07162537
620210,4;0,07158045
620226,1;0,07143025
620242,8;0,07143025
620259,3;0,07129756
620275,9;0,07118712
620292,4;0,07113662
620309;0,07103952
620325,6;0,07096523
620342,1;0,07089702
620359,3;0,07089702
620375,4;0,07074926
620391,9;0,07069764
620408,4;0,07068459
620425;0,07052808
620441,8;0,07046072
620458,3;0,07040758
620474,7;0,07040758
620491,2;0,07029653
620508,1;0,07019807
620524,4;0,07014606
620540,9;0,0700567
620558,1;0,06999918
620574,1;0,06992268
620590,6;0,0698529
620607,2;0,06978374
620623,9;0,06969097
620640,3;0,06963948
620657,1;0,06955071
620673,4;0,06950331
620690,8;0,06945658
620706,6;0,06941342
620723,4;0,06941342
620739,8;0,06936313
620756,3;0,06933273
620772,9;0,06923444
620793,1;0,06909514
620806,6;0,06893015
620823,2;0,06886648
620839,8;0,0688022
620856,3;0,06875981
620872,9;0,06871796
620889,4;0,06871001
620906;0,06855912
620923;0,06848051
620939,1;0,06847737
620956,1;0,06845416
620972,3;0,06832318
620988,8;0,06825479
621005,4;0,06825479
621022;0,0681421
621038,6;0,06810437
621055,4;0,0680408
621072,1;0,06797016
621088,3;0,06794031
621104,8;0,06787942
621121,4;0,06785017
621137,9;0,06781366
621154,9;0,06778647
621171,1;0,06775168
621187,7;0,06775168
621204,4;0,06772766
621220,8;0,06768854
621237,4;0,06766767
621254,2;0,06764387
621270,5;0,06763414
621287,8;0,06761449
621303,6;0,06761449
621320,2;0,06759428
621337,4;0,06757347
621353,6;0,0675654
621370;0,06755617
621386,5;0,06755675
621403,3;0,06754988
621420,1;0,06753158
621436,2;0,06750692
621452,7;0,06748579
621469,6;0,06747436
621485,8;0,06746688
621502,4;0,06745201
621519;0,0674434
621535,5;0,0674326
621552,1;0,06741667
621568,7;0,06740876
621585,3;0,06739061
621601,8;0,0673804
621618,4;0,06736176
621634,9;0,06734828
621658,1;0,06732687
621671,1;0,06732181
621687,8;0,06728524
621704,3;0,06726391
621720,9;0,06724416
621737,4;0,06723972
621754,2;0,06722786
621770,6;0,06719241
621787,8;0,06716875
621803,7;0,06715795
621820,3;0,06715795
621836,9;0,0671263
621853,4;0,06711102
621870;0,0670923
621886,6;0,06707189
621903,1;0,0670549
621919,7;0,06704517
621936,8;0,06704517
621953,1;0,06702425
621969,4;0,06699934
621985,9;0,06698796
622002,5;0,06698796
622019,2;0,06697828
622035,6;0,06696866
622052,2;0,06696185
622069,6;0,06692605
622086;0,06689834
622102,1;0,06688976
622118,5;0,06687846
622135;0,06687275
622151,6;0,06686086
622168,6;0,06683319
622193,8;0,06680902
622210,4;0,06680232
622226,9;0,06679337
622243,5;0,06678502
622260,1;0,0667705
622276,7;0,06674997
622293,4;0,06674886
622309,8;0,0667328
622326,9;0,0667163
622343,1;0,06670247
622359,6;0,06669533
622376,1;0,06668044
622392,6;0,06667335
622409,5;0,06665795
622425,9;0,06665795
622442,3;0,06663709
622458,9;0,06662286
622475,9;0,06660369
622492;0,0665867
622508,8;0,06657466
622525,1;0,06655883
622541,7;0,0665425
622558,3;0,06652718
622574,8;0,06651907
622591,6;0,066499
622608;0,06647793
622624,6;0,06646703
622641,6;0,06646544
622657,6;0,0664552
622674,3;0,06644334
622690,9;0,06642498
622707,4;0,06636865
622723,9;0,06635407
622740,6;0,06632774
622757,1;0,06630094
622774,1;0,06628548
622790,4;0,06626934
622807,1;0,06626508
622823,4;0,06621784
622840,2;0,06618458
622856,5;0,06615989
622873,1;0,06615989
622889,6;0,066125
622906,5;0,06609184
622922,8;0,06606814
622939,4;0,06603581
622955,9;0,06601864
622972,5;0,06598794
622989,6;0,06596211
623006,1;0,06594057
623022,1;0,06590774
623038,7;0,06589044
623055,9;0,06586526
623079;0,06585769
623095,6;0,06580256
623112,2;0,06577474
623128,8;0,06575866
623145,3;0,06573458
623162,2;0,06570091
623178,4;0,06566789
623194,9;0,06562632
623211,6;0,06560744
623228,1;0,06560744
623244,7;0,06554399
623261,5;0,06549712
623277,8;0,06549712
623294,6;0,06547607
623310,9;0,06547453
623327,5;0,06544617
623344,1;0,06536973
623361,1;0,06529137
623377,3;0,06524639
623393,8;0,06522242
623410,8;0,06517411
623426,9;0,06515097
623443,5;0,06510485
623460;0,06505758
623476,6;0,06504445
623493,5;0,06500922
623510,3;0,06500922
623526,6;0,06491636
623542,9;0,06488898
623559,7;0,06486065
623576,1;0,06483091
623592,6;0,06483091
623609,6;0,06476813
623625,8;0,0647429
623642,3;0,06472082
623658,8;0,06472082
623675,9;0,06470971
623691,9;0,06468739
623708,6;0,0646751
623725,1;0,06466867
623741,7;0,06466867
623758,3;0,06465103
623774,8;0,06463926
623791,7;0,06463221
623808,3;0,06462249
623824,5;0,06461063
623841,1;0,06460458
623858;0,06459921
623874,2;0,06459646
623890,8;0,06457423
623907,4;0,0645595
623924;0,0645595
623940,5;0,06455245
623957;0,06455245
623973,6;0,06453401
623996,7;0,06451227
624013,3;0,06449492
624030,4;0,06448612
624046,4;0,0644829
624063,1;0,06445677
624079,8;0,06444047
624096,4;0,06443284
624112,7;0,06443284
624129,3;0,06441429
624146,6;0,06439536
624162,4;0,06438772
624178,9;0,06438238
624195,5;0,06438125
624212,2;0,06435856
624229,3;0,06435042
624245,3;0,06434236
624262,3;0,06433697
624278,3;0,06433537
624295,4;0,06432096
624311,4;0,06431297
624328,3;0,06430393
624345,1;0,06430393
624361,2;0,06429221
624377,8;0,06428267
624394,3;0,06427311
624410,9;0,06426412
624427,4;0,06425991
624444;0,06425203
624460,6;0,06424727
624477,2;0,06423942
624493,7;0,06423524
624510,3;0,06422945
624526,9;0,06422367
624543,4;0,06422367
624560,1;0,06422208
624576,6;0,06422208
624593,1;0,06422157
624609,7;0,06422155
624626,3;0,06421944
624642,8;0,06422309
624659,4;0,06422573
624675,9;0,06422994
624692,8;0,06423724
624709,6;0,0642435
624726,1;0,06424819
624742,4;0,06425599
624758,9;0,06426121
624775,3;0,06427058
624792,5;0,06427526
624808,5;0,06428673
624825,4;0,06429456
624846,4;0,06430656
624858,2;0,06431071
624874,8;0,06431071
624891,3;0,06432789
624907,9;0,06433625
624924,4;0,06434509
624941;0,06434509
624958,4;0,06434821
624974,1;0,06435701
624990,8;0,06436171
625007,3;0,06436536
625023,9;0,06436536
625040,4;0,06437623
625057,1;0,06437833
625073,6;0,06438509
625090,1;0,06439077
625107,5;0,06439749
625123,7;0,06440319
625139,8;0,06441147
625156,4;0,06441922
625173;0,06442128
625189,7;0,0644269
625207,1;0,0644269
625222,6;0,0644336
625239,2;0,06443458
625255,8;0,06444894
625272,3;0,06448048
625288,9;0,06452017
625305,5;0,06453288
625322,6;0,06455173
625338,6;0,0645725
625355,5;0,06458154
625371,8;0,06459273
625388,3;0,06459873
625404,9;0,06463668
625421,4;0,06465694
625438,1;0,06466811
625454,6;0,06467918
625471,1;0,0646979
625487,8;0,06471064
625504,3;0,06471064
625521,1;0,06475161
625537,4;0,06476118
625553,9;0,06478202
625570,6;0,06479062
625587,3;0,06481139
625603,7;0,06482165
625620,3;0,06483441
625636,8;0,06483799
625654,3;0,06484578
625670,3;0,06484888
625686,5;0,06484835
625703,1;0,06484627
625719,8;0,06484313
625736,4;0,06484107
625752,8;0,06484107
625769,6;0,06483738
625786,6;0,06482852
625803,1;0,0648238
625819,4;0,06482015
625836,2;0,06481962
625852,6;0,06481752
625869,6;0,06481701
625885,6;0,06481701
625902,3;0,06480392
625918,8;0,06479497
625935,4;0,06480193
625951,9;0,06481057
625968,5;0,06483027
625985,3;0,06484233
626001,6;0,06485273
626018,2;0,06485821
626034,8;0,06490051
626051,4;0,06491261
626067,9;0,0649373
626084,5;0,0649566
626101,9;0,06498025
626117,6;0,06500226
626134,1;0,06501544
626150,7;0,06502759
626167,6;0,06503195
626183,8;0,06507266
626200,4;0,06509621
626217;0,06511214
626233,6;0,06513463
626250,1;0,06514441
626266,7;0,0651624
626283,3;0,06516401
626300;0,06517638
626316,4;0,06518116
626332,9;0,06517802
626349,5;0,06517696
626366,1;0,06517176
626382,6;0,06516863
626399,3;0,06516553
626415,8;0,06516078
626432,3;0,06514848
626448,9;0,0651397
626465,4;0,06513608
626482,2;0,06513608
626498,6;0,06513196
626515,6;0,06512725
626531,8;0,06511956
626549,1;0,06510662
626564,9;0,065103
626581,5;0,06510727
626598,1;0,06510727
626614,6;0,06512324
626634,1;0,06513193
626650,6;0,06514602
626667,2;0,06516877
626683,8;0,06519049
626700,3;0,06520367
626716,9;0,06522896
626734;0,06522896
626751;0,06526533
626766,6;0,06530023
626783,5;0,0653302
626799,9;0,06536356
626816,4;0,06537848
626832,9;0,06541353
626849,4;0,06543231
626866;0,06545519
626882,6;0,06546292
626899,1;0,06549072
626915,7;0,06553214
626932,3;0,06557158
626948,9;0,06557158
626965,4;0,06561801
626982;0,06566558
626998,7;0,06568977
627015,1;0,06571783
627031,7;0,06575812
627048,7;0,0657912
627065,7;0,065809
627081,4;0,06585144
627097,9;0,06585144
627115,4;0,0658695
627131,1;0,0658812
627147,6;0,06589063
627164,4;0,06590933
627180,8;0,06597214
627197,4;0,06605443
627213,9;0,06608921
627230,5;0,06612944
627247;0,06615505
627263,6;0,06619105
627280,4;0,06621139
627296,8;0,06621139
627313,4;0,06628875
627329,8;0,06631138
627346,4;0,06634938
627363,4;0,06636765
627379,6;0,06640628
627396,1;0,06644982
627412,8;0,06646734
627429,3;0,06650707
627445,8;0,06652755
627462,4;0,06654678
627478,9;0,06654678
627495,6;0,06661515
627514,5;0,06666259
627531,3;0,06668398
627547,8;0,06670948
627564,2;0,06674641
627581,2;0,06678557
627597,4;0,06680422
627613,9;0,06684224
627630,5;0,06684224
627647,6;0,06688696
627663,6;0,06693229
627680,6;0,066962
627696,8;0,06698332
627713,3;0,06699438
627730,1;0,06706198
627746,4;0,06709541
627763;0,06710044
627779,6;0,06711973
627796,1;0,06711973
627812,8;0,06718128
627829,3;0,0672383
627845,8;0,06725603
627862,7;0,06729352
627878,9;0,06733392
627895,6;0,06736154
627912,1;0,06738823
627928,7;0,06740233
627945,3;0,06741466
627961,9;0,06742653
627978,4;0,0674476
627994,9;0,0674556
628011,8;0,06746133
628028,1;0,06746133
628044,9;0,06747328
628061,3;0,06747454
628077,8;0,06747454
628094,4;0,06748662
628110,9;0,06749065
628127,8;0,06749471
628144,9;0,06750102
628160,6;0,06750277
628177,2;0,06750677
628193,8;0,06751065
628210,3;0,06752225
628226,9;0,06753083
628243,5;0,06753483
628260,4;0,06754107
628276,8;0,06755294
628293,2;0,06758089
628309,8;0,06759475
628326,7;0,06762939
628343,3;0,06764647
628359,4;0,06768638
628376,3;0,0677103
628392,6;0,06773215
628409,1;0,06773215
628427,6;0,06775337
628444,1;0,06779511
628460,8;0,06786742
628477,7;0,06793759
628494;0,06796903
628510,4;0,06800985
628527,3;0,06803228
628543,6;0,06803228
628560,3;0,06811272
628576,8;0,06812818
628593,3;0,06815398
628610,4;0,06816688
628626,4;0,0681866
628643;0,06819686
628659,9;0,06820188
628676,1;0,06821778
628692,7;0,06822921
628709,3;0,06823555
628726,1;0,06823789
628742,6;0,06824021
628759;0,06824021
628775,5;0,06824079
628792,1;0,06824138
628808,6;0,06824021
628825,3;0,06823963
628841,8;0,06823846
628858,3;0,06823846
628874,9;0,06823612
628891,6;0,06823146
628908,6;0,06822971
628924,6;0,06822623
628941,2;0,06822623
628957,8;0,0682204
628974,3;0,06821808
628991,1;0,06821574
629007,4;0,0682134
629024;0,06821106
629040,6;0,06821106
629057,1;0,06820934
629073,9;0,06820934
629090,7;0,068207
629107,3;0,06819943
629123,4;0,06819071
629139,9;0,06818432
629156,6;0,06817968
629173,1;0,06817504
629189,7;0,06817039
629206,3;0,06816343
629222,8;0,06815472
629240;0,06815011
629255,9;0,06813914
629272,5;0,06813166
629289,1;0,06812529
629306,5;0,06811498
629323,1;0,06810234
629339,7;0,06810234
629356,3;0,06808186
629372,8;0,06806697
629389,4;0,06805382
629405,9;0,06805269
629422,5;0,06803434
629439,1;0,06803262
629456;0,06801992
629472,3;0,06801593
629488,8;0,06801127
629506,1;0,06800262
629521,9;0,06800262
629538,6;0,06798936
629555,1;0,06798244
629571,6;0,0679778
629588,3;0,06797202
629604,8;0,06796798
629621,3;0,06795587
629638;0,06794661
629654,5;0,06794202
629671;0,06793794
629687,6;0,06793794
629704,6;0,06793276
629720,7;0,06793276
629737,4;0,06791831
629753,9;0,06791252
629770,8;0,06790905
629787;0,06790613
629803,9;0,06790264
629820,3;0,06789917
629836,7;0,06789341
629853,3;0,06789341
629869,8;0,06786219
629886,4;0,06785934
629902,9;0,06782564
629919,6;0,06781504
629936,2;0,06779541
629952,6;0,06775316
629969,4;0,06773198
629985,8;0,06770142
630003;0,06770142
630018,9;0,06764561
630035,5;0,06761693
630052,1;0,0675971
630068,6;0,0675971
630086,3;0,06753866
630102,1;0,06750958
630118,4;0,06747053
630134,9;0,06744985
630151,9;0,06744985
630168;0,06740435
630187;0,06736328
630203,6;0,0673163
630220,1;0,06730761
630236,9;0,0672869
630253,3;0,06722158
630269,9;0,06718125
630286,4;0,06715711
630303,1;0,06715711
630319,6;0,06713544
630336,1;0,06711464
630352,8;0,06711464
630369,6;0,06708861
630386,4;0,06699344
630402,4;0,0668951
630419;0,06689405
630435,6;0,06684893
630452,1;0,06680115
630468,7;0,06675486
630485,3;0,06673082
630501,9;0,06670864
630518,4;0,06669825
630535;0,06662321
630551,5;0,06657751
630568,1;0,06654818
630584,9;0,06654818
630601,2;0,0664894
630617,8;0,06645513
630634,4;0,06640886
630650,9;0,06636425
630667,5;0,06633648
630684;0,06630327
630700,6;0,06626245
630717,6;0,06622492
630733,8;0,06619669
630750,3;0,06617364
630766,9;0,06611228
630783,8;0,0660843
630800;0,06603904
630816,6;0,0660184
630833,1;0,06598728
630849,8;0,06595125
630866,3;0,06590993
630882,8;0,06586912
630899,7;0,06584994
630915,9;0,06584994
630932,6;0,06578425
630949,2;0,06576174
630965,7;0,06576174
630982,3;0,06574276
630998,9;0,06572092
631015,5;0,0656709
631031,9;0,06556967
631051,4;0,06555504
631068,1;0,06550349
631084,7;0,06550349
631101,2;0,06545518
631117,8;0,06541732
631134,3;0,06537683
631150,9;0,06533577
631167,4;0,06531197
631184;0,06529039
631200,6;0,0652721
631217,3;0,06525049
631233,7;0,06519073
631250,3;0,06514882
631266,9;0,06512832
631283,4;0,06509129
631300;0,06507213
631316,6;0,06507213
631333,1;0,06501494
631350,3;0,06498022
631366,2;0,06494823
631382,9;0,06494451
631399,5;0,06491517
631415,9;0,06487288
631432,9;0,06483692
631449,3;0,06480203
631465,8;0,06479773
631482,2;0,06477989
631498,8;0,06471805
631515,3;0,06469166
631531,9;0,06466041
631548,4;0,06466041
631565,1;0,06458385
631582;0,06458006
631598,1;0,06454553
631614,8;0,06452764
631631,6;0,06452657
631647,9;0,06450883
631664,4;0,06443465
631681,2;0,06440477
631697,6;0,06438163
631714,1;0,06437385
631731,2;0,06436428
631747,3;0,06436428
631763,9;0,06436414
631780,4;0,06436129
631796,9;0,06435914
631813,8;0,06436378
631830,1;0,06436549
631846,7;0,06437401
631863,9;0,06437515
631879,8;0,06439083
631896,9;0,06441717
631917,1;0,06443946
631933,8;0,06446841
631950,3;0,06446841
631966,8;0,06449831
631983,4;0,06454092
631999,9;0,06456073
632016,5;0,0645761
632033,1;0,06458319
632049,6;0,06463577
632066,6;0,06465007
632082,8;0,06468058
632099,4;0,06469522
632115,9;0,06472512
632132,4;0,0647533
632149,1;0,06477235
632165,6;0,06480485
632182,2;0,06481944
632198,8;0,06484526
632215,5;0,06485511
632231,9;0,06487062
632248,7;0,06487062
632265;0,06488737
632281,6;0,06488737
632298,3;0,06494002
632314,7;0,06497328
632331,4;0,06497537
632347,8;0,06497218
632364,4;0,06496976
632381;0,06496023
632397,5;0,06495424
632414,2;0,0649398
632430,8;0,06493133
632447,6;0,06491106
632463,8;0,06488895
632480,4;0,06487811
632496,9;0,06487811
632513,6;0,06484682
632530,2;0,06480787
632546,6;0,06479321
632563,3;0,06477669
632579,8;0,0647717
632596,4;0,06471731
632612,9;0,06468602
632629,4;0,06467011
632646,2;0,06465452
632662,9;0,06462432
632679,2;0,06459036
632695,8;0,064574
632712,5;0,06453878
632728,9;0,06451712
632745,4;0,06447128
632762;0,06442804
632778,6;0,06438139
632796,1;0,06437961
632817,1;0,06433082
632834,4;0,06432024
632850,3;0,06422397
632866,9;0,06417958
632883,7;0,06417059
632900,3;0,0641425
632916,8;0,0641425
632933,1;0,0640722
632949,7;0,06397368
632966,3;0,06391866
632982,9;0,06389175
632999,5;0,0638317
633015,9;0,06380461
633032,6;0,06375019
633049,1;0,06369662
633065,7;0,0636702
633082,4;0,06363513
633098,8;0,06358824
633115,4;0,06353553
633131,9;0,06350844
633148,5;0,06345631
633165,8;0,06343032
633181,8;0,06342749
633198,6;0,06334208
633214,8;0,06329992
633231,3;0,06327439
633248,4;0,0632453
633264,4;0,06321774
633281;0,0631487
633297,6;0,06310122
633314,9;0,06306218
633330,8;0,06304772
633347,3;0,06301544
633364,3;0,06295101
633380,4;0,06290346
633397;0,06287999
633413,6;0,06283856
633430,1;0,06280364
633446,7;0,06275465
633463,3;0,06275465
633480,7;0,06269394
633496,4;0,06265605
633512,9;0,06265605
633529,6;0,06263374
633546,3;0,06263374
633562,7;0,06263374
633579,3;0,06253292
633595,9;0,06245721
633612,9;0,06235843
633629;0,06235843
633645,5;0,06230967
633662,7;0,06230967
633682,7;0,06225292
633695,9;0,06217817
633712,1;0,06214056
633728,3;0,06210434
633744,9;0,06205633
633761,5;0,06195497
633778;0,0618756
633794,6;0,06182625
633811,2;0,06174919
633827,7;0,06169516
633844,3;0,06162663
633860,8;0,06162663
633877,4;0,06154118
633894;0,06145268
633910,6;0,0613884
633927,1;0,06131244
633944,1;0,06131244
633960,3;0,0612257
633977,4;0,06115602
633993,4;0,0610797
634010;0,06100661
634026,6;0,06097042
634043,1;0,06091736
634059,6;0,060858
634076,3;0,06079127
634092,8;0,06075483
634109,4;0,06068609
634125,9;0,06064698
634143,1;0,06064698
634159,4;0,06061433
634175,6;0,06057917
634192,2;0,06057917
634208,8;0,06052827
634225,4;0,06038994
634241,9;0,06025691
634258,5;0,06024478
634275;0,06017606
634291,6;0,06013635
634308,2;0,06010906
634324,7;0,06008273
634342,2;0,0600545
634358,1;0,06004437
634374,4;0,0600254
634391,1;0,06002219
634407,6;0,06000635
634424,1;0,05999577
634440,9;0,0599854
634457,3;0,05998397
634474,8;0,05998069
634490,4;0,05997976
634507,4;0,05998119
634523,5;0,05998307
634540,1;0,05999058
634559,9;0,05999341
634576,7;0,05999858
634593,1;0,06000139
634609,7;0,06000374
634626,3;0,06000469
634642,8;0,06001357
634659,4;0,06001738
634675,9;0,06003013
634693,3;0,06004253
634709,1;0,06004478
634725,9;0,06009652
634742,5;0,06011498
634758,8;0,06015464
634775,3;0,0601738
634791,9;0,06021715
634808,9;0,06021715
634825;0,06024033
634841,6;0,06025805
634858,7;0,0603347
634874,8;0,06040835
634891,3;0,06043416
634908,1;0,06048562
634924,4;0,06051479
634941;0,06056589
634957,6;0,06059621
634974,1;0,06064473
634990,8;0,06069964
635007,3;0,06072956
635023,9;0,06075434
635040,4;0,06080731
635057,1;0,06085708
635073,6;0,06088792
635090,5;0,06094417
635106,7;0,06097494
635123,7;0,06102319
635139,8;0,06105789
635156,5;0,06110011
635173,6;0,06112928
635189,5;0,06118037
635206,1;0,06123248
635222,6;0,06123248
635239,2;0,06126748
635255,9;0,06133747
635272,9;0,06137343
635288,9;0,0614289
635305,5;0,06143919
635322;0,0614648
635338,6;0,06154675
635355,3;0,06157874
635371,7;0,06162104
635388,3;0,06162104
635404,9;0,06171732
635422,3;0,06172727
635441,6;0,06177009
635458,2;0,06179671
635475,1;0,06179671
635491,3;0,06183921
635508,1;0,06194394
635524,6;0,06199115
635541,3;0,06201435
635557,6;0,06201435
635574,2;0,06206197
635590,8;0,06213071
635607,3;0,06215492
635624,6;0,06217596
635640,7;0,0621836
635657,1;0,06227266
635673,5;0,06232058
635690,1;0,06236221
635707,1;0,06241751
635723,4;0,06244933
635740,3;0,062503
635756,4;0,06252882
635772,9;0,0625812
635789,5;0,0625812
635806,6;0,06263373
635823;0,06270288
635839,2;0,06273871
635856,3;0,06276429
635872,3;0,06276827
635889;0,06285556
635905,6;0,06288719
635922,1;0,06293107
635938,7;0,0629527
635955,1;0,0629996
635971,8;0,0630327
635988,6;0,06306772
636004,9;0,0630899
636021,4;0,06313233
636038;0,06317533
636054,6;0,06317533
636071,3;0,06319743
636087,7;0,06319743
636104,5;0,06322121
636121,2;0,063233
636137,4;0,0632588
636154,3;0,06335802
636171,3;0,06343406
636187,1;0,06343406
636203,7;0,06348187
636220,2;0,06353574
636236,8;0,06355594
636253,4;0,063596
636270,3;0,063596
636286,8;0,0636342
636303,1;0,06369695
636324,1;0,06374371
636341,1;0,06375159
636357,7;0,06379451
636374;0,0638414
636390,4;0,06388755
636407,6;0,06391971
636423,9;0,06395642
636440,1;0,06397884
636456,8;0,06402048
636473,2;0,0640504
636489,8;0,06407841
636506,4;0,06410584
636523,4;0,06413277
636539,5;0,06416603
636556;0,06418184
636573,6;0,06421299
636589,2;0,06422848
636605,7;0,06424267
636622,4;0,06424619
636639;0,06429855
636655,7;0,06432655
636672;0,0643625
636688,8;0,0643625
636705,4;0,06440794
636721,7;0,06441677
636738,3;0,0644313
636755,7;0,0644313
636771,4;0,06444851
636788,3;0,06450459
636804,8;0,06457491
636821,1;0,06459702
636837,9;0,06461175
636854,8;0,06461599
636870,8;0,06467482
636887,4;0,06469031
636904,9;0,06471948
636920,6;0,06473314
636937,1;0,0647585
636953,7;0,06477063
636970,2;0,06477063
636986,9;0,06481683
637003,9;0,06483159
637020,1;0,06484412
637036,7;0,06486195
637053,1;0,06487764
637069,6;0,06488923
637086,2;0,06490967
637102,8;0,0649207
637119,5;0,06493746
637136,3;0,06495582
637152,4;0,06495582
637169,2;0,06497727
637185,6;0,06499241
637202,1;0,06499241
637218,7;0,06500279
637235,3;0,06503146
637251,8;0,06503981
637268,4;0,06504552
637285;0,06505178
637302;0,06507311
637318,4;0,06508508
637334,6;0,06509338
637351,3;0,06509862
637367,8;0,06509862
637384,4;0,06510586
637401,1;0,06511367
637417,5;0,06512195
637434,8;0,06516372
637450,6;0,06518158
637467,3;0,06519211
637483,8;0,06519211
637500,4;0,06522834
637516,9;0,06524677
637533,4;0,06526884
637550,1;0,06526884
637567,1;0,06528206
637583,2;0,06531563
637600,3;0,06534991
637616,3;0,06536577
637632,9;0,06536577
637649,4;0,0654131
637666;0,06542285
637682,6;0,06543965
637699,2;0,06544767
637716,4;0,06544822
637732,3;0,06547482
637748,8;0,06548736
637765,6;0,06550033
637782,6;0,06550033
637798,9;0,06551176
637815,1;0,06552423
637831,9;0,06553447
637848,3;0,06554472
637864,8;0,06554959
637881,4;0,06555386
637897,9;0,06556299
637914,5;0,06557314
637931,3;0,0655769
637947,6;0,06558598
637964,3;0,0655919
637981;0,0655919
637997,3;0,06559509
638014,1;0,06559992
638030,4;0,065601
638047,1;0,06560473
638063,8;0,06562122
638089,8;0,06563994
638100,6;0,06564577
638117,4;0,0656511
638133,8;0,06565481
638150,4;0,06566222
638167,3;0,06566645
638183,6;0,0656691
638200;0,06567488
638216,6;0,06567488
638233,4;0,06568439
638250,2;0,06568544
638266,4;0,0656886
638284,9;0,06568912
638309,8;0,06568699
638326,3;0,06568807
638347,3;0,06568648
638364,4;0,06568329
638380,4;0,06568063
638397,1;0,06567686
638413,9;0,06567472
638430,8;0,06567258
638448;0,06567258
638465,6;0,0656758
638485,8;0,0656822
638506,3;0,06568535
638525,4;0,06568909
638544,6;0,06569431
638561,4;0,06569277
638579,3;0,0656902
638597,3;0,06568655
638615,6;0,06567585
638633;0,06566304
638651,9;0,06566304
638669,8;0,06565423
638691,6;0,06563251
638710;0,06556803
638730,5;0,06554403
638749,2;0,06550997
638768,3;0,06548462
638788,9;0,06546437
638806,4;0,06544129
638823;0,06542618
638840,5;0,0654186
638857,6;0,06540552
638878,5;0,06539617
638898,3;0,06538903
638916,9;0,06538467
638939,1;0,0653787
638956,6;0,06537547
638974,3;0,06537547
639001,8;0,06536631
639018,5;0,06536308
639034,9;0,06535876
639051,5;0,06535448
639068,1;0,06535393
639084,8;0,06535127
639107,1;0,06534217
639125,4;0,06533466
639146,2;0,06532879
639164,5;0,06532721
639182,4;0,06532238
639200,7;0,06531554
639219,1;0,06530974
639238,9;0,06530713
639257,7;0,06530397
639274,6;0,06530292
639295,3;0,0653003
639315,1;0,06529818
639337,3;0,06529292
639356,8;0,0652866
639374,9;0,06527985
639394,1;0,06527618
639416,1;0,06527618
639432,8;0,06526721
639453,7;0,06524707
639470,2;0,06523593
639492,1;0,06522845
639508,6;0,06521465
639529,2;0,06521465
639552,4;0,06518282
639573,1;0,06516527
639594;0,06514503
639612,7;0,06512525
639629,2;0,06512525
639647,6;0,06509792
639664,3;0,06507374
639683,4;0,06505606
639699,9;0,06505075
639720,1;0,06503088
639745,7;0,06499428
639762,4;0,06497504
639783,5;0,06495363
639800,1;0,06494462
639820,1;0,06492374
639836,7;0,06490617
639858,1;0,06488912
639890,6;0,0648727
639907,2;0,06485678
639923,8;0,06485257
639940,3;0,06484941
639957,9;0,06484193
639976,9;0,06483564
639994,1;0,06481074
640015,4;0,06478057
640032,5;0,06478057
640051,4;0,06475361
640068,3;0,06473883
640087,4;0,06472985
640108;0,06472567
640124,6;0,0647167
640144,6;0,0646925
640161,2;0,06468675
640185;0,06468044
640209,4;0,06465632
640225,9;0,06465002
640242,5;0,06464425
640261,1;0,0646432
640282,4;0,06463899
640298,9;0,06463847
640319,6;0,06463847
640343,1;0,06464111
640363,2;0,06464432
640389,8;0,06464857
640408,3;0,06464857
640428,9;0,06464591
640449,4;0,06463744
640470,9;0,06462274
640491,8;0,06460495
640513,8;0,06459709
640533,1;0,06457014
640553,8;0,06456137
640575,3;0,06455628
640596,4;0,06455372
640618,9;0,06454667
640637,8;0,06454115
640658,9;0,06453913
640680,9;0,06453864
640700,5;0,06453868
640719,4;0,06453967
640743,1;0,06454419
640763;0,06455389
640785,6;0,06456374
640802,4;0,06456898
640821,6;0,06457321
640844,3;0,06457642
640863;0,06457697
640882,3;0,06457319
640902,3;0,06457053
640924,2;0,06456782
640943,8;0,06456031
640965,6;0,06455602
640988,3;0,0645555
641013;0,06454749
641039,1;0,06454432
641059,1;0,06454275
641081,8;0,06453956
641103;0,06453905
641126,1;0,06453695
641148,8;0,06453332
641172,9;0,06453173
641191,5;0,0645312
641214,5;0,06453069
641237,4;0,06453069
641260;0,06452963
641278,9;0,06452333
641299,9;0,06452072
641322,9;0,06451864
641341,8;0,06451864
641362,3;0,06451547
641382,3;0,06451649
641401,3;0,06451754
641427;0,06451912
641447,5;0,0645254
641471,9;0,06453273
641494,4;0,06453432
641514,9;0,06454007
641537;0,0645442
641565,3;0,06455781
641582,8;0,06456725
641601,4;0,06457194
641623,3;0,06457194
641645,9;0,06459296
641673,3;0,06460774
641694,7;0,06461035
641721,2;0,0646283
641738,1;0,06464306
641755,8;0,06465144
641776,7;0,06466092
641798,6;0,06466304
641822,7;0,06467983
641845,2;0,06468196
641868,7;0,06468613
641893,9;0,06469505
641916,4;0,06471175
641937,8;0,06471799
641961,5;0,06472214
641980,3;0,06473098
642002,8;0,06473409
642024,1;0,06473567
642043,8;0,06473881
642065,8;0,06474458
642088,1;0,06474772
642107,7;0,06474772
642128,4;0,06475396
642147,5;0,0647576
642166,4;0,06475811
642187,3;0,06476173
642213,2;0,06476693
642232,4;0,06476693
642249,4;0,06476797
642271,1;0,06476328
642289,1;0,06476014
642312,6;0,06475386
642332,9;0,06473973
642350,1;0,06473549
642368,6;0,06473079
642385,1;0,0647229
642408,1;0,0647056
642424,6;0,06469831
642442,1;0,06469675
642462,4;0,06469312
642480;0,06469312
642502,3;0,06469572
642518,9;0,06469725
642542,3;0,06470845
642559,9;0,0647202
642582,9;0,06472629
642597,6;0,06473441
642614,2;0,06473386
642630,9;0,06475362
642647,3;0,06475715
642665,4;0,06476631
642682,5;0,06477183
642704,8;0,06477788
642721,4;0,06478902
642739,9;0,06479255
642757,5;0,06479358
642774,1;0,06478684
642791;0,06477694
642807,6;0,06477017
642824,8;0,06476238
642841,8;0,06475343
642858,7;0,06472626
642875,3;0,06471164
642894,1;0,06470382
642910,6;0,06470382
642927,8;0,06467253
642944,4;0,06466419
642960,9;0,0646512
642977,6;0,06464393
642994,2;0,06464393
643011,2;0,0646273
643027,3;0,06460757
643044,1;0,0645941
643060,4;0,06459255
643076,9;0,06457861
643093,5;0,06456314
643110,1;0,06455486
643126,6;0,06455486
643143,5;0,06454922
643159,8;0,0645435
643176,3;0,06452544
643194,3;0,0644961
643210,9;0,06448682
643227,6;0,06448018
643244,1;0,06448018
643260,9;0,06445357
643277,9;0,06443582
643293,7;0,06441809
643310,9;0,06441809
643326,8;0,0643989
643343,4;0,0643555
643360;0,06433361
643376,6;0,06431608
643393,1;0,06431608
643409,8;0,06423118
643426,3;0,06419374
643443,3;0,06415997
643465,3;0,06413173
643481,9;0,06410381
643498,4;0,06402022
643517,4;0,06396529
643536,1;0,06390512
643552,7;0,06387699
643569,2;0,06381637
643586,5;0,06381637
643602,4;0,06378666
643619,4;0,0636887
643635,8;0,06362924
643652,1;0,06359596
643668,6;0,06359596
643685,2;0,06349967
643701,8;0,06343206
643718,3;0,06336533
643734,9;0,06333613
643751,6;0,06330153
643768,1;0,06329767
643784,8;0,06327199
643801,7;0,06323063
643817,7;0,06313358
643834,3;0,06302056
643851,1;0,06298792
643867,4;0,06294874
643884;0,06292545
643900,6;0,0628747
643917,1;0,06280568
643933,6;0,06274631
643950,3;0,06270681
643967,4;0,06265647
643983,7;0,06262913
644000,1;0,06262913
644016,6;0,06254233
644033,1;0,06248236
644049,6;0,06243221
644066,4;0,06241101
644082,8;0,06235216
644099,7;0,06235216
644115,9;0,06227147
644132,5;0,062239
644149,3;0,0621861
644165,6;0,06213665
644182,2;0,06210847
644199,2;0,06205799
644215,7;0,0620498
644231,9;0,06201594
644248,7;0,06194696
644266,4;0,06189378
644285,7;0,06187456
644308,3;0,06185401
644327,3;0,06177826
644358,4;0,06172194
644375,2;0,06171449
644393,8;0,06169736
644412,8;0,06168063
644432,3;0,06167815
644454,4;0,06163198
644476,8;0,0615603
644495,8;0,06149111
644515,4;0,06147064
644531,9;0,06144219
644548,5;0,06142832
644566,4;0,06141447
644586,9;0,06139652
644604,9;0,0613744
644626,1;0,06136188
644642,7;0,06135484
644659,4;0,06135484
644675,8;0,06133969
644692,4;0,06133465
644708,9;0,061333
644725,6;0,06131698
644742,1;0,06130591
644758,8;0,06129747
644775,5;0,06129747
644791,9;0,06126277
644808,5;0,0612388
644824,9;0,06122611
644842,2;0,06119486
644858,1;0,06119486
644874,6;0,06115288
644891,2;0,06113762
644907,7;0,06112457
644924,3;0,0611098
644941,2;0,06110185
644957,4;0,06109916
644974,3;0,0610883
644990,6;0,0610883
645007,2;0,06107526
645023,9;0,06107512
645040,6;0,06106772
645056,8;0,06106369
645073,5;0,06106369
645089,9;0,06105918
645106,6;0,06104175
645123,2;0,06103125
645139,7;0,06102338
645156,3;0,06102338
645173;0,06101938
645189,6;0,06101233
645205,9;0,06100843
645222,6;0,06100794
645239,1;0,06101081
645255,7;0,06101835
645272,2;0,06101853
645294,1;0,06103459
645307,8;0,06107377
645324,8;0,06109862
645341,8;0,06113195
645357,9;0,06115265
645374;0,06119935
645390,6;0,06119935
645407,2;0,06125359
645423,7;0,06134189
645440,6;0,06138019
645456,9;0,06141963
645473,4;0,061453
645490,4;0,06164435
645506,6;0,06183125
645523,1;0,06194574
645539,8;0,06211296
645556,3;0,06235928
645572,9;0,06268579
645589,9;0,06268579
645605,9;0,06310505
645622,9;0,06346986
645639,7;0,06346986
645655,7;0,06389953
645672,6;0,06440335
645688,8;0,06449871
645705,4;0,06465358
645721,9;0,06505316
645738,5;0,06592924
645755,1;0,06699178
645771,8;0,06730171
645788,2;0,06730171
645805,4;0,0683109
645821,6;0,06881444
645838,1;0,0691769
645854,8;0,06968381
645871,1;0,06968381
645887,6;0,07032621
645904,2;0,07108049
645921;0,0715555
645937,5;0,07177823
645953,9;0,07194666
645970,4;0,07297307
645987;0,07355599
646003,6;0,07383271
646020,1;0,07424552
646036,7;0,07473158
646053,3;0,0752883
646069,8;0,07558101
646086,6;0,07612557
646103;0,07640725
646119,5;0,07640725
646136,3;0,07720608
646153,1;0,07772603
646169,3;0,07804315
646185,8;0,07824116
646202,6;0,07853698
646224,4;0,07918986
646240,9;0,07979491
646257,9;0,08006234
646274,1;0,08012635
646290,6;0,08102784
646307,2;0,08151581
646323,8;0,08158992
646340,4;0,08183308
646356,9;0,08183308
646373,5;0,08249029
646390;0,0834471
646406,6;0,08398903
646423,2;0,08426774
646440;0,08483198
646456,4;0,0851887
646472,8;0,08564941
646489,4;0,0858807
646506,2;0,0864429
646522,5;0,08684951
646539,1;0,08726303
646555,7;0,08726303
646572,8;0,08806641
646589,4;0,08859003
646606,4;0,08905736
646622,5;0,08940001
646639,6;0,08988468
646655,6;0,09015132
646672,2;0,09055221
646688,8;0,09100324
646705,3;0,09143262
646721,9;0,09166837
646738,4;0,0921599
646755,7;0,0921599
646771,6;0,09262891
646788,1;0,09322073
646804,7;0,09367567
646821,7;0,09394068
646838,4;0,09403371
646854,4;0,09499454
646871;0,09524357
646887,9;0,09578274
646904,1;0,09610178
646920,6;0,09658617
646937,3;0,09683356
646953,9;0,09683356
646970,6;0,09707679
646987;0,09707679
647003,6;0,09707679
647020,3;0,09799832
647036,8;0,09912696
647053,8;0,09966921
647069,8;0,1001621
647086,4;0,100418
647102,9;0,100418
647122,5;0,1009702
647136,2;0,1016046
647152,6;0,1019707
647169,7;0,1020711
647186;0,1025493
647202,6;0,1030013
647218,9;0,1034552
647235,5;0,1038119
647252,1;0,1039421
647268,6;0,1043405
647285,1;0,1047959
647301,7;0,1052683
647318,9;0,1054496
647334,8;0,1058875
647351,4;0,106098
647368;0,1065371
647384,6;0,1065371
647401,1;0,1070555
647418;0,1074
647434,3;0,1074
647450,8;0,108225
647467,8;0,1084551
647484;0,1087346
647500,5;0,1089793
647517,1;0,1089793
647533,7;0,1095264
647550,3;0,1095572
647567;0,1097476
647583,4;0,1098873
647600,3;0,1098873
647616,4;0,1099472
647633,1;0,1099992
647649,8;0,1100486
647666,2;0,1101419
647683,3;0,1101171
647699,3;0,1100449
647715,9;0,1100449
647732,4;0,1099474
647749,1;0,1098183
647765,6;0,1097691
647782,2;0,1097153
647798,7;0,1096923
647815,3;0,1095232
647831,9;0,1094313
647848,4;0,1093714
647865,3;0,1093714
647881,5;0,109237
647898,6;0,1091728
647914,9;0,1090791
647931,5;0,1090199
647948,3;0,1089356
647964,6;0,1088399
647981,1;0,1088399
647997,5;0,1087453
648015,4;0,1086496
648030,6;0,1085693
648047,3;0,1085349
648063,9;0,1084679
648080,3;0,1084158
648097,2;0,1083906
648113,4;0,1083551
648130,1;0,1083521
648146,6;0,1083259
648163,2;0,1083128
648179,8;0,1083067
648196,3;0,1083051
648213,1;0,1083095
648229,8;0,1083139
648246,1;0,1083139
648262,6;0,1083169
648279,2;0,1083241
648296,1;0,1083357
648312,3;0,1083549
648329;0,1083608
648345,4;0,1083547
648362,4;0,1083395
648378,6;0,1083135
648395,3;0,1082936
648411,8;0,108257
648428,9;0,1082356
648445,1;0,1081929
648461,4;0,1081594
648477,9;0,1081277
648494,6;0,1081277
648511,1;0,1080598
648527,6;0,1080208
648544,2;0,1079649
648561,4;0,1079332
648577,3;0,1078868
648593,9;0,1078296
648611,1;0,1078042
648627,1;0,1077532
648643,6;0,1077292
648660,1;0,1076786
648676,9;0,1076786
648693,6;0,1076242
648709,9;0,1075709
648727;0,1075459
648743,1;0,1075327
648759,6;0,1075152
648776,1;0,1074732
648792,8;0,1074544
648809,3;0,107418
648825,9;0,107418
648842,4;0,1073548
648859;0,1073359
648875,6;0,1073123
648892,1;0,1072873
648908,7;0,1072873
648925,4;0,1072637
648947,4;0,1071651
648963,9;0,1070266
648980,5;0,1069968
648997,1;0,1069575
649013,6;0,1069001
649030,2;0,1068737
649046,8;0,1068257
649064,1;0,1068011
649079,9;0,1067952
649096,9;0,1067261
649113,3;0,1067002
649129,6;0,1066974
649146,3;0,1066974
649162,8;0,1066902
649179,8;0,1066959
649196,1;0,1067001
649212,6;0,1067058
649229,4;0,1067058
649245,6;0,1067129
649262,1;0,1067257
649278,7;0,106737
649295,6;0,1067512
649312;0,1067582
649328,5;0,1067695
649345,1;0,106768
649361,5;0,1067709
649378,1;0,1067864
649394,6;0,1067907
649411,4;0,1067936
649428,4;0,1067936
649444,3;0,1067867
649460,9;0,1067784
649477,5;0,1067715
649494,2;0,1067687
649511,4;0,1067631
649527,3;0,1067631
649543,8;0,1067534
649560,3;0,1067465
649577,5;0,1067037
649593,9;0,1066257
649610,1;0,1066092
649627,3;0,106567
649643,2;0,1065425
649659,9;0,1064924
649676,3;0,1064668
649692,9;0,1064156
649710,1;0,1064156
649726;0,1063631
649743,1;0,1062763
649759,1;0,1062257
649775,7;0,1061935
649792,4;0,1061764
649811,9;0,1060591
649828,5;0,1059921
649845,1;0,1059141
649861,6;0,1058202
649878,3;0,1057612
649894,8;0,105651
649911,4;0,105651
649927,9;0,105501
649944,4;0,1053991
649961,1;0,1052662
649977,6;0,1051311
649994,2;0,10506
650011,1;0,1049384
650027,8;0,1048317
650044,1;0,1046872
650060,8;0,1046872
650077;0,1045352
650093,6;0,104382
650110,5;0,1042148
650126,7;0,1040538
650143,4;0,1039646
650159,9;0,103885
650176,4;0,1038242
650193;0,1038008
650209,6;0,1035197
650226,1;0,103227
650243,1;0,103081
650259,3;0,1029318
650275,9;0,1027851
650292,4;0,1026214
650309,4;0,1026214
650325,6;0,1025109
650342,1;0,1021664
650358,6;0,1020107
650375,3;0,1019056
650391,8;0,1019056
650408,5;0,1015016
650425,4;0,1013424
650441,4;0,1011791
650458,1;0,1011791
650475,2;0,1009466
650491,2;0,1007831
650507,8;0,1005691
650524,8;0,1003565
650540,9;0,1003565
650557,4;0,1001363
650574,1;0,09994775
650590,6;0,09973146
650607,4;0,09952985
650623,7;0,09941317
650640,4;0,09927361
650657,2;0,09911215
650673,7;0,09911215
650690;0,09881321
650711,7;0,09864556
650723,7;0,09843825
650739,7;0,09838306
650756,4;0,09820988
650773,1;0,09795793
650789,4;0,09774549
650806,5;0,09774549
650822,5;0,09764364
650839,1;0,09760468
650855,8;0,09732025
650872,6;0,09696886
650888,9;0,09677901
650905,3;0,09667531
650921,9;0,09667531
650938,5;0,09634414
650955,2;0,09613452
650971,6;0,09595101
650988,3;0,09591712
651004,8;0,09579092
651021,3;0,09546955
651037,9;0,09526634
651054,4;0,09515306
651071;0,09515306
651087,8;0,09471059
651104,3;0,09459454
651120,9;0,09443536
651137,7;0,09426004
651154,4;0,09426004
651170,5;0,09389422
651186,9;0,0936708
651204;0,09347395
651220,1;0,09341941
651236,7;0,09325065
651253,6;0,09293186
651269,8;0,09269077
651286,4;0,09257297
651302,9;0,09231842
651319,5;0,09219161
651336,1;0,09194701
651353;0,09194701
651369,2;0,09166586
651385,8;0,09145703
651402,4;0,09145703
651419,2;0,09096694
651435,9;0,09096694
651452;0,09087276
651468,6;0,09084436
651485,4;0,09073187
651501,8;0,09037619
651518,3;0,08991418
651534,9;0,08979484
651551,6;0,08979484
651568,3;0,08934714
651585;0,08921026
651601,6;0,08907052
651619,1;0,08892048
651635,6;0,08892048
651652,3;0,08849031
651668,8;0,08844516
651685,3;0,08822894
651702,5;0,08808836
651718,4;0,08798518
651735,3;0,08783983
651751,6;0,08758216
651768,2;0,08746265
651785,1;0,08729362
651801,7;0,08729362
651818;0,08709095
651834,4;0,08690014
651851;0,08674804
651867,6;0,08666849
651884,1;0,08666849
651900,7;0,08646829
651917,3;0,08626669
651933,8;0,08612651
651950,4;0,08612651
651967;0,0860413
651983,5;0,08580553
652000,1;0,0857152
652016,7;0,08564683
652033,4;0,08564683
652049,8;0,08538663
652066,6;0,08530201
652082,9;0,08526484
652100,1;0,0852082
652116,1;0,0852082
652132,6;0,08506101
652149,2;0,08483434
652165,8;0,08470769
652182,3;0,08465226
652199;0,08452088
652215,7;0,08445381
652232,1;0,08435239
652248,6;0,08426641
652265,1;0,08416203
652281,8;0,08410006
652298,4;0,08398183
652315;0,08398183
652331,5;0,08392482
652348;0,08388073
652364,6;0,0836148
652381,3;0,08355782
652397,7;0,08349312
652414,3;0,08332823
652430,9;0,08326894
652447,4;0,08315387
652464;0,08315387
652481,1;0,08297492
652497,1;0,08294098
652513,7;0,08283284
652530,6;0,08273046
652546,8;0,08271188
652563,4;0,08257785
652580;0,08252593
652597;0,08252593
652613,3;0,08234884
652629,6;0,08227427
652646,2;0,08227427
652662,9;0,08212078
652679,3;0,08200847
652695,9;0,0819596
652712,4;0,0819596
652729,4;0,08191195
652745,6;0,08191195
652762,6;0,08190524
652778,8;0,08169105
652795,3;0,08146052
652811,9;0,08141281
652828,4;0,08131675
652845,1;0,08126233
652861,6;0,08116837
652878,5;0,08110271
652894,7;0,08102349
652911,3;0,08097096
652927,9;0,08092601
652944,4;0,08092601
652960,9;0,08078668
652977,6;0,08062026
652994,1;0,0805674
653010,7;0,08051531
653027,3;0,08046208
653043,8;0,08032188
653060,4;0,08022641
653077,1;0,08016987
653093,5;0,0800914
653110,4;0,0800183
653126,6;0,07991484
653143,2;0,07991484
653159,9;0,07986884
653176,3;0,07971675
653192,9;0,07971675
653210,1;0,07953659
653226,4;0,07947934
653242,6;0,0791548
653242,6;0,07907696
653262,6;0,07896381
653279,2;0,07896381
653295,7;0,07892056
653312,3;0,07887839
653328,9;0,07875208
653345,8;0,07857184
653362;0,07851062
653378,6;0,07851062
653395,1;0,07840248
653411,7;0,07828417
653428,6;0,0782427
653444,8;0,0781544
653461,4;0,0781544
653477,9;0,0781544
653494,5;0,07800595
653511,2;0,07790005
653527,6;0,07785587
653544,6;0,07784598
653560,8;0,07768635
653577,4;0,07762903
653593,9;0,07756479
653610,5;0,0775205
653627,3;0,07744105
653643,7;0,0773641
653660,2;0,0773641
653676,8;0,07732347
653693,4;0,07720764
653709,9;0,07714775
653726,4;0,07708544
653743,5;0,07708544
653759,6;0,07693365
653776,4;0,07693365
653792,8;0,07688931
653809,3;0,07678743
653825,9;0,07671866
653842,8;0,07668315
653859,2;0,07664701
653875,6;0,07662594
653892,1;0,07651442
653908,7;0,07648066
653925,3;0,07648066
653941,8;0,07644752
653958,8;0,07644386
653975,3;0,07628987
653991,8;0,07621292
654008,6;0,07615079
654024,7;0,07611366
654041,3;0,07605567
654058,1;0,07599542
654074,3;0,07596339
654091,1;0,07596339
654107,5;0,07587267
654124,1;0,07582158
654140,6;0,07578577
654157,3;0,07575818
654173,8;0,07570076
654190,3;0,07565572
654207,3;0,07561288
654223,4;0,07555714
654240,2;0,07553129
654256,6;0,07547706
654273,4;0,07543237
654289,9;0,07539477
654306,3;0,07535285
654323,2;0,07531394
654339,4;0,07525851
654356,1;0,07523131
654372,6;0,07518094
654389,2;0,07518094
654405,8;0,07515424
654422,3;0,07506547
654439,3;0,07502326
654455,4;0,07497481
654472;0,07494855
654489,4;0,07490086
654505,1;0,07487436
654522,1;0,07487436
654538,2;0,07478045
654554,8;0,07477693
654571,4;0,07475306
654587,9;0,07475306
654604,6;0,07470644
654621,1;0,07461245
654637,6;0,07458854
654654,5;0,07458291
654670,8;0,07449285
654687,5;0,07446264
654703,9;0,07444865
654721;0,07440372
654737,1;0,07435671
654753,8;0,07431553
654770,2;0,07431055
654786,9;0,07426874
654803,3;0,07422358
654819,9;0,07417921
654836,5;0,07415369
654853;0,07411994
654869,6;0,07410064
654886,2;0,07408085
654902,7;0,07406428
654919,3;0,07402264
654935,9;0,07397941
654952,4;0,07395418
654969;0,07393366
654985,6;0,07392418
655002,1;0,07385661
655018,9;0,07384043
655035,2;0,07380369
655051,9;0,07378128
655068,4;0,07374401
655085,3;0,07370678
655101,5;0,07370678
655118,4;0,07366816
655134,6;0,07362975
655152;0,07358926
655167,8;0,07355351
655184,3;0,07355012
655201,1;0,07355012
655217,5;0,07353045
655234,3;0,07351375
655250,6;0,07345204
655267,1;0,07337651
655283,9;0,07335309
655300,5;0,07331172
655316,9;0,07331172
655333,4;0,07325546
655350,1;0,07322927
655366,6;0,07318824
655383,1;0,07314578
655400,1;0,07312321
655416,3;0,0730822
655433,6;0,07306109
655449,4;0,07301556
655466,1;0,07299431
655482,8;0,07299431
655499,9;0,07293057
655515,8;0,07290807
655532,4;0,07290031
655548,8;0,07282206
655565,5;0,07278074
655582,4;0,07275637
655598,5;0,07273485
655615,1;0,07273485
655631,6;0,07270724
655648,2;0,07260029
655664,8;0,07257334
655681,9;0,07254741
655697,9;0,07250385
655714,5;0,07248498
655731,6;0,07248498
655747,6;0,07239113
655764,2;0,07236255
655780,8;0,07232173
655797,6;0,07229271
655813,9;0,07229271
655830,4;0,07226861
655847;0,07224748
655863,6;0,07224748
655880,6;0,072203
655896,8;0,07212286
655913,3;0,07208551
655930,5;0,07200072
655946,4;0,07194935
655962,9;0,07190263
655979,6;0,07187917
655996,1;0,07183047
656012,7;0,07179085
656029,3;0,07175311
656045,8;0,07170388
656062,4;0,07167752
656078,9;0,07165539
656095,5;0,07164396
656112,1;0,07155195
656128,8;0,07150417
656145,4;0,07148109
656162,1;0,0714514
656178,4;0,07140819
656195;0,07138593
656211,5;0,07138593
656228;0,07131099
656244,6;0,07131099
656261,3;0,07124183
656278,2;0,0711816
656294,4;0,07114612
656310,9;0,07109851
656327,8;0,07107748
656344,1;0,07102951
656360,6;0,07098773
656377,1;0,07095796
656393,7;0,07093522
656410,3;0,07093522
656426,8;0,07085755
656443,5;0,07081843
656459,9;0,07079659
656476,6;0,07079531
656493,6;0,07077496
656510,1;0,07075179
656526,3;0,07070192
656542,8;0,07065658
656559,4;0,07060875
656575,9;0,07054795
656592,7;0,07049952
656609,1;0,07049952
656625,6;0,07045929
656642,2;0,07041214
656658,8;0,07036632
656675,4;0,07032321
656692,1;0,07032321
656708,5;0,07028023
656725,2;0,07023534
656741,6;0,07018973
656758,2;0,07015543
656774,9;0,07012635
656791,3;0,0700897
656807,9;0,07006846
656825,3;0,07001997
656841,6;0,06999884
656857,6;0,06999884
656874,2;0,0699387
656890,8;0,06992244
656907,4;0,06989277
656923,8;0,06984425
656940,5;0,06980639
656957,2;0,06980275
656974,3;0,06975142
656990,1;0,06973529
657006,6;0,06969884
657023,3;0,06969884
657040,3;0,06965501
657056,4;0,06962907
657072,9;0,06959511
657089,5;0,06956245
657106,1;0,06956245
657122,8;0,06955253
657139,7;0,06954502
657156,1;0,06952912
657173;0,06952912
657188,9;0,06948111
657205,4;0,0694153
657222,2;0,06937291
657238,6;0,06935643
657255,2;0,06933133
657271,9;0,06930198
657288,3;0,06929645
657305,2;0,0692605
657321,6;0,06924775
657338;0,06922337
657355,2;0,06920576
657371,3;0,06919783
657387,7;0,06918141
657404,3;0,06915091
657420,9;0,06913082
657437,9;0,06911873
657454,4;0,069103
657470,6;0,06909567
657487,4;0,06906655
657503,7;0,06905506
657520,5;0,06903208
657537,3;0,06902428
657553,5;0,06902428
657569,9;0,06899041
657586,8;0,06897052
657603,1;0,06895608
657619,6;0,06895185
657636,3;0,06894229
657653;0,06891526
657669,4;0,06889905
657685,9;0,06889004
657702,4;0,06889004
657719,1;0,06886785
657735,7;0,06885112
657752,2;0,06885112
657768,8;0,06884453
657785,5;0,06884453
657801,9;0,06883077
657819;0,06880398
657835;0,06878969
657851,6;0,06878372
657868,2;0,06877364
657884,8;0,06875881
657901,3;0,06874635
657917,9;0,06874102
657934,4;0,06873274
657951;0,06872617
657967,8;0,06871668
657984,1;0,06871668
658000,7;0,06870305
658017,2;0,06869773
658033,8;0,06868888
658050,4;0,06867882
658067,6;0,06867462
658083,5;0,06867051
658100,5;0,06866519
658116,7;0,06865394
658133,2;0,06865096
658149,8;0,06864443
658166,4;0,06863558
658182,9;0,06863558
658199,8;0,06863143
658216,1;0,06862316
658233,1;0,06861544
658249,9;0,06860893
658266,2;0,06860893
658282,4;0,06859709
658298,9;0,06859002
658315,5;0,06858355
658332,1;0,06858057
658348,6;0,06857347
658365,7;0,06856698
658381,8;0,06856166
658398,6;0,06856166
658415,4;0,0685593
658431,4;0,06855574
658448,1;0,06854277
658464,6;0,06853864
658481,8;0,06853157
658497,7;0,06852979
658514,3;0,06852979
658530,8;0,0685186
658547,4;0,06851389
658563,9;0,06850917
658580,9;0,06850917
658597,3;0,06850506
658615,3;0,06849859
658630,5;0,06848799
658647,1;0,06848504
658663,3;0,06848504
658680,3;0,06847678
658696,8;0,06847678
658713;0,06847327
658729,6;0,06847093
658746,3;0,06847093
658762,8;0,06846566
658779,4;0,06846332
658795,8;0,06846157
658812,9;0,0684604
658829;0,06845628
658845,9;0,06845334
658862,5;0,06844804
658878,9;0,0684457
658896;0,068441
658911,8;0,06843806
658928,9;0,0684328
658944,9;0,0684328
658961,6;0,06842341
658978,2;0,06842224
658994,9;0,06841521
659011,3;0,06841521
659027,8;0,06840995
659044,4;0,06840761
659060,9;0,06840761
659077,5;0,06840469
659094,1;0,06839003
659110,7;0,06838183
659127,2;0,06837482
659143,8;0,0683719
659160,3;0,0683719
659176,9;0,06836486
659193,6;0,06835549
659210;0,06835138
659226,8;0,06834497
659243,2;0,06833735
659259,9;0,06833386
659276,3;0,0683263
659293,1;0,06832282
659309,9;0,06831816
659326;0,06830826
659342,6;0,06829954
659359,3;0,0682949
659375,7;0,068285
659392,3;0,068285
659408,8;0,06827335
659425,4;0,068257
659442,1;0,06824832
659459;0,06823786
659475,8;0,06823207
659491,9;0,06822164
659508,6;0,06821813
659524,8;0,06820598
659541,4;0,06819912
659558,6;0,06818757
659574,5;0,06818128
659591,1;0,06816861
659607,6;0,06815428
659624,2;0,06815428
659641;0,06813356
659657,4;0,06812382
659673,9;0,06811921
659690,5;0,0681118
659707;0,0681118
659723,8;0,06809861
659740,2;0,06806941
659756,7;0,06805335
659773,4;0,06804135
659789,9;0,06802478
659806,4;0,06801561
659823,3;0,06801561
659839,6;0,0679895
659856,1;0,06797016
659873,3;0,06796274
659889,7;0,06794513
659905,8;0,06794513
659922,5;0,06793552
659939,3;0,06792644
659956;0,06788229
659972,3;0,06786076
659988,6;0,06784601
660005,3;0,06782568
660022,2;0,06781334
660038,4;0,06778736
660054,9;0,06777275
660071,8;0,06775128
660088,1;0,06772544
660104,7;0,06772544
660121,2;0,06771018
660137,8;0,06714896
660137,8;0,06701144
660157,8;0,06699102
660174,3;0,06697211
660190,9;0,06693509
660207,8;0,06689746
660224,3;0,06689746
660240,6;0,06687717
660257,6;0,06682234
660273,8;0,06679759
660290,6;0,06676507
660306,9;0,06676507
660323,4;0,06668665
660340;0,06667894
660356,6;0,06662831
660373,2;0,0666094
660389,7;0,06657144
660406,3;0,06655059
660423;0,06655059
660439,5;0,06649217
660456,1;0,06645691
660472,8;0,06645691
660489,1;0,06643494
660505,8;0,06637686
660522,2;0,06637686
660538,8;0,06635689
660556,4;0,06633674
660571,9;0,0662735
660588,6;0,06621815
660605,5;0,06618584
660621,9;0,06616323
660638,4;0,06616323
660654,8;0,06609906
660671,4;0,0660651
660687,9;0,06602682
660704,4;0,06602682
660721,4;0,06602682
660738,2;0,06597384
660754,1;0,06590755
660770,8;0,06588565
660787,5;0,06588565
660804,6;0,06582192
660820,8;0,06580654
660837,3;0,06578644
660853,9;0,06573017
660870,9;0,0656927
660887,3;0,06566674
660903,3;0,06565639
660919,9;0,06563584
660936,4;0,0655999
660952,9;0,06554302
660969,6;0,06552292
660986,3;0,06549484
661002,7;0,06546728
661019,3;0,06542993
661035,8;0,06542993
661052,6;0,06537459
661069,3;0,06534758
661085,5;0,06531955
661102,1;0,06530176
661118,6;0,06530176
661135,3;0,0652434
661151,8;0,0652332
661168,4;0,06521537
661185,1;0,06521537
661201,5;0,06519881
661218,8;0,0651386
661235,4;0,06508156
661251,2;0,06504884
661267,8;0,06504884
661284,3;0,06501246
661301;0,0649974
661317,7;0,06497768
661334;0,06496473
661350,6;0,06493153
661367,3;0,06488128
661383,8;0,06487056
661400,3;0,06485197
661416,9;0,06481086
661433,4;0,06481086
661450,1;0,06476613
661466,6;0,06474061
661483,6;0,06472527
661499,8;0,06469875
661516,3;0,06468491
661532,8;0,06465836
661549,4;0,06463568
661565,9;0,06462351
661582,9;0,06461189
661599,1;0,06461189
661615,7;0,06457338
661632,8;0,06455442
661648,8;0,06455442
661665,4;0,06452126
661682,4;0,06449965
661698,5;0,06449013
661715,3;0,06449013
661731,6;0,06444862
661748,2;0,06443652
661765,1;0,06442551
661781,3;0,06440667
661797,9;0,06440667
661815,2;0,06439564
661831,2;0,06438889
661847,6;0,06438573
661866,1;0,06435435
661880,7;0,06431463
661897,4;0,06430729
661913,9;0,06429738
661930,8;0,06428019
661946,9;0,06427447
661963,9;0,064252
661980,2;0,06424265
661996,6;0,06423379
662013,3;0,06421869
662030,6;0,06420571
662046,6;0,06419793
662062,9;0,06419117
662079,4;0,06419013
662096,1;0,06416368
662112,8;0,06415536
662129,2;0,06414397
662146,6;0,06414397
662162,8;0,06413622
662178,9;0,06412172
662195,5;0,06411136
662212,1;0,06410517
662228,9;0,06409583
662245,9;0,06409119
662262,3;0,06408861
662278,6;0,0640731
662294,9;0,06406581
662311,4;0,06405547
662328;0,06405136
662344,6;0,0640436
662361,1;0,0640379
662377,7;0,0640379
662394,3;0,0640229
662410,8;0,06402085
662744,1;0,06380978
662786,1;0,06380875
662803,4;0,06381027
662826,1;0,06381027
662842,6;0,0638113
662859,4;0,0638113
662875,8;0,06381027
662892,6;0,06380978
662909,1;0,06380927
662934,1;0,06380825
662950,9;0,06380723
662967,3;0,06380723
662983,8;0,06380674
663000,4;0,06380571
663016,9;0,06380726
663034,3;0,06380776
663050,1;0,06380776
663066,6;0,06380776
663092,9;0,06380726
663110,3;0,06380776
663126,1;0,06380776
663142,6;0,06380776
663160,1;0,06380879
663176,4;0,0638149
663197,8;0,06381695
663214,3;0,06382106
663231,6;0,06382468
663255,9;0,06382777
663272,9;0,06384017
663289;0,06385051
663305,6;0,06385514
663322,1;0,06386605
663338,7;0,06386605
663355,3;0,06388369
663371,8;0,06389096
663388,9;0,06390447
663413,4;0,06392267
663430;0,06392784
663446,6;0,06395239
663463,1;0,06395239
663479,8;0,06397172
663496,4;0,06399223
663512,8;0,06402144
663529,4;0,06404887
663546,1;0,06407628
663571,8;0,06411959
663588,3;0,06416209
663604,9;0,0642062
663621,6;0,06425031
663638,2;0,06427823
663654,6;0,06434379
663699,4;0,06449419
663736,4;0,06453839
663785,1;0,06495954
663811,2;0,0651041
663828,8;0,06517525
663844,4;0,06531282
663861,4;0,06538841
663885,2;0,06553695
663901,8;0,06570577
663918,3;0,06570577
663935,1;0,06593725
663951,4;0,06609605
663968,9;0,06621744
663984,9;0,06635131
664001,2;0,06651958
664023,3;0,06667344
664061,6;0,06690499
664098,3;0,06731405
664119,4;0,06742913
664142,4;0,06759031
664164,8;0,06775949
664181,4;0,06802803
664211,6;0,06828145
664228,1;0,06828145
664244,8;0,06859684
664261,7;0,06879248
664277,8;0,06900777
664294,4;0,06900726
664314,2;0,06906753
664331,3;0,06943425
664359;0,06965154
664375,7;0,0697666
664392,1;0,06983832
664408,9;0,07033312
664425,3;0,0704402
664441,9;0,0706879
664459,2;0,07091449
664475;0,0710238
664491,5;0,07114211
664524,8;0,07159929
664541,3;0,07177661
664557,9;0,07195778
664574,6;0,07206699
664591,1;0,07229367
664607,6;0,07252125
664624,1;0,07252125
664641,3;0,07263967
664657,3;0,07287902
664683,9;0,07334431
664700,6;0,07334483
664717,1;0,07345284
664733,7;0,0738014
664750,3;0,0740286
664766,8;0,07414649
664783,4;0,07414649
664800,2;0,07461207
664816,5;0,0746386
664842,4;0,07504499
664859,1;0,07519972
664875,6;0,07530995
664897,1;0,07553571
664914,1;0,0755832
664930,2;0,07599159
664946,7;0,07619756
664963,4;0,07623103
664979,9;0,07634793
665006,6;0,07645736
665023,2;0,07645736
665039,8;0,07657748
665056,3;0,07706945
665072,9;0,07749581
665089,8;0,07772435
665106;0,07785253
665122,6;0,07807861
665139,3;0,07818885
665164,7;0,07854552
665181,3;0,0787715
665197,8;0,0787715
665214,8;0,07899631
665231,6;0,07922047
665248,5;0,0794548
665264,3;0,0795709
665280,7;0,0795816
665297,3;0,07989705
665322,7;0,08018884
665339,3;0,08035321
665355,8;0,080466
665372,8;0,08067538
665389,3;0,08089355
665405,5;0,08089355
665422,1;0,08111212
665438,7;0,08130681
665455,2;0,08155347
665481,3;0,08177621
665498,8;0,08198486
665514,8;0,08216738
665531;0,08228827
665547,6;0,08248024
665567,4;0,0825716
665580,7;0,08267002
665597,3;0,08283695
665613,8;0,08303952
665639,8;0,08312362
665656,8;0,08313201
665673,2;0,08320227
665689,5;0,08360822
665706,1;0,08378534
665722,6;0,08378743
665739,2;0,08396591
665755,8;0,08401044
665772,3;0,08410762
665799,1;0,08432029
665815,6;0,08437794
665832,2;0,08437794
665848,8;0,08458021
665865,4;0,08462274
665881,9;0,08467232
665898,4;0,08472662
665915,1;0,08485402
665931,6;0,08489776
665956;0,08502925
665972,6;0,08508217
665989,3;0,08514725
666006,4;0,08523015
666022,9;0,08523015
666039,7;0,08530542
666055,4;0,08537815
666071,9;0,08537815
666088,6;0,08548678
666113,4;0,08555853
666130;0,08561605
666146,6;0,08561605
666163,1;0,08570181
666180,6;0,08574837
666196,3;0,08574837
666212,8;0,08581869
666229,4;0,08585124
666246,1;0,08588286
666271,1;0,08588471
666292,6;0,08590099
666309,2;0,08592077
666325,8;0,08594245
666342,9;0,08603185
666359,4;0,08605575
666375,4;0,08607611
666392;0,08609567
666408,6;0,08610681
666434,2;0,08613002
666450,8;0,08613659
666467,4;0,0861524
666484,1;0,08616173
666500,5;0,08616833
666517,1;0,08617855
666533,6;0,08620184
666550,2;0,08620184
666566,8;0,08621778
666593,1;0,086243
666609,6;0,08625044
666626,3;0,08626267
666642,8;0,08628686
666659,4;0,08629989
666675,9;0,08631309
666692,4;0,0863196
666709,2;0,08632701
666725,6;0,08634669
666750,2;0,08636628
666766,8;0,08638305
666783,3;0,08639416
666800,1;0,0864072
666816,5;0,0864072
666833;0,08643058
666850;0,08644361
666866,1;0,0864455
666882,7;0,08645387
666906,8;0,08647995
666923,5;0,08648087
666939,9;0,08648553
666956,5;0,08650042
666978,3;0,08652742
666993,4;0,0865555
667009,9;0,08657317
667026,5;0,08657317
667044;0,08658057
667069,4;0,08661328
667086;0,08662821
667102,8;0,08662821
667119,1;0,08662821
667135,7;0,08665525
667152,3;0,08667782
667168,8;0,08668531
667185,4;0,08668531
667201,9;0,0867162
667228,9;0,08673218
667245,6;0,08674718
667262,1;0,0867537
667278,7;0,0867706
667295,6;0,08677913
667311,8;0,08677913
667328,4;0,08680537
667345,2;0,08681192
667361,6;0,08681844
667384,8;0,0868466
667401,4;0,08685417
667417,9;0,08685993
667434,5;0,08686367
667451,2;0,08689099
667467,6;0,086907
667484,2;0,08691255
667500,8;0,08691255
667517,6;0,0869371
667542,5;0,08695122
667559,1;0,08695122
667575,6;0,08695778
667592,4;0,08695874
667608,8;0,0869785
667625,4;0,08701721
667642;0,08702284
667658,5;0,08702284
667675,1;0,08704079
667708,7;0,08706155
667725,3;0,08706722
667741,8;0,08707475
667758,4;0,08708517
667774,9;0,08709937
667791,5;0,08710509
667808,1;0,08710975
667825,1;0,08711362
667841,2;0,08711833
667873,3;0,08713636
667889,9;0,08714589
667906,4;0,08715737
667923,4;0,08716778
667939,6;0,08717354
667956,5;0,08719754
667973,1;0,08719759
667989,6;0,08720927
668005,8;0,08725047
668029,9;0,08728196
668046,8;0,08728196
668063,1;0,08734014
668079,6;0,08738175
668096,2;0,08741955
668112,8;0,08744279
668129,3;0,08746947
668146;0,08747544
668162,4;0,08751539
668206,7;0,08758117
668223,3;0,08760794
668239,9;0,08760794
668256,7;0,08768239
668272,9;0,08775323
668289,6;0,0878538
668306;0,08788759
668322,6;0,08793555
668347,6;0,08796061
668364,1;0,08805069
668380,9;0,08808164
668402,4;0,08813786
668418,9;0,08819639
668435,5;0,08822802
668452;0,08829151
668468,6;0,08829151
668485,6;0,08835796
668511,7;0,08845402
668528,6;0,08851992
668545,3;0,08851992
668561,3;0,08859915
668578,1;0,08868796
668594,5;0,08872411
668611;0,08876048
668627,6;0,08879249
668644,2;0,08889596
668668,6;0,08896523
668685,1;0,08903844
668701,8;0,08907993
668718,3;0,08915307
668734,9;0,08918425
668751,5;0,08918425
668768;0,08932996
668784,6;0,08933788
668801,1;0,0894421
668825,3;0,08947697
668841,9;0,08947697
668858,4;0,08951782
668875;0,08955669
668891,6;0,08967151
668908,1;0,08982927
668924,7;0,08987298
668941,3;0,08990923
668957,8;0,08990923
668982;0,09007893
668998,8;0,09014367
669015,2;0,09022463
669031,8;0,09025978
669048,3;0,0903379
669064,9;0,09037637
669081,4;0,09045844
669098,3;0,09045844
669118;0,09051319
669143,5;0,09069816
669160,1;0,09073712
669176,6;0,09081491
669194,1;0,09085102
669209,9;0,09093006
669226,4;0,09093006
669243,2;0,09105317
669259,4;0,09108528
669276,1;0,09115925
669300,5;0,09123915
669317;0,09131096
669333,6;0,0913759
669350,2;0,09142845
669366,8;0,09150542
669383,3;0,09154199
669399,8;0,09160589
669416,8;0,0916587
669433;0,0916587
669459,3;0,09180456
669475,8;0,09180456
669492,4;0,09184371
669509;0,09188364
669525,5;0,09188364
669542,5;0,09206687
669558,6;0,09215542
669575,2;0,09218679
669591,9;0,09222419
669615,8;0,09233399
669632,6;0,09236524
669649,1;0,09248677
669665,4;0,09256421
669682;0,09260225
669698,6;0,0926355
669715,3;0,09267129
669731,7;0,09278297
669748,3;0,09278297
669773,6;0,09289847
669790,2;0,09297511
669811,2;0,09304019
669827,8;0,09304019
669844,4;0,09312906
669861,4;0,09321881
669877,4;0,09325433
669894,1;0,09332176
669910,7;0,09339111
669934,5;0,09339111
669951,1;0,0935121
669967,6;0,0935121
669984,2;0,09357829
670000,8;0,09361865
670017,3;0,09365803
670034,2;0,09367967
670050,5;0,09372026
670067;0,0937394
670092,9;0,09377052
670109,5;0,09377052
670126,1;0,09378668
670143,3;0,09380279
670159,2;0,09380279
670175,8;0,09385238
670192,4;0,09385127
670208,9;0,0939149
670225,4;0,09397315
670255,6;0,09401856
670272,1;0,09404872
670289,2;0,09406064
670305,6;0,09408566
670322,1;0,09409861
670339,1;0,09411919
670355,4;0,09412911
670371,6;0,09415212
670388,1;0,09415212
670413,9;0,09418594
670430,4;0,09420336
670447;0,09421001
670463,6;0,09421001
670480,4;0,09423406
670496,7;0,09424066
670517,9;0,09425818
670534,5;0,09426704
670551,1;0,09427691
670578,7;0,09428677
670595,2;0,09428677
670611,8;0,09429991
670628,9;0,09430434
670644,9;0,09430655
670661,5;0,09431753
670678,1;0,09432417
670694,6;0,09432976
670711,2;0,09433308
670741,6;0,09434084
670758,1;0,09434084
670774,8;0,094343
670791,3;0,09434743
670807,9;0,09434743
670824,4;0,09435297
670840,9;0,09435297
670857,6;0,09435513
670874,5;0,09435181
670900,5;0,09435181
670917,1;0,09434517
670934,1;0,09434406
670950,5;0,09434406
670966,8;0,09434517
670983,8;0,09434184
670999,9;0,09434184
671016,5;0,09433741
671033,2;0,0943352
671060,9;0,09432961
671077,5;0,09432518
671094,2;0,09431959
671110,6;0,09431959
671127,4;0,09431178
671143,8;0,09430735
671160,3;0,09430403
671177,3;0,09430403
671193,5;0,09430403
671228,3;0,09429079
671245,1;0,09428636
671261,4;0,09428636
671278,1;0,09428415
671294,6;0,09427639
671311,1;0,09427307
671327,9;0,09427197
671344,7;0,09427197
671370,6;0,09425862
671387,4;0,09425641
671403,8;0,09425419
671420,3;0,09425419
671436,9;0,09425198
671453,4;0,0942409
671470,1;0,09423536
671487,2;0,09423315
671503,1;0,09423315
671529,2;0,09422213
671545,8;0,09422213
671562,3;0,09421437
671579,2;0,09421216
671595,4;0,09420989
671612,1;0,09420651
671628,7;0,09420651
671645,5;0,09419649
671661,8;0,09419649
671686,2;0,0941909
671702,7;0,09418869
671719,4;0,09418647
671735,9;0,09418647
671752,4;0,09418204
671769;0,09418093
671785,5;0,09417982
671802,4;0,09417982
671818,7;0,09416986
671843,9;0,09417097
671860,6;0,09416764
671877,1;0,09416764
671893,8;0,09416538
671910,2;0,09416427
671930,9;0,09416649
671947,4;0,09416649
671964,4;0,09416427
671980,6;0,09416316
672006;0,09416422
672022,5;0,0941631
672039,1;0,09416089
672082,3;0,09416316
672098,8;0,09416649
672115,4;0,09416654
672143,3;0,09416543
672178,6;0,09416764
672198,6;0,09416764
672215,1;0,0941677
672231,7;0,0941677
672248,7;0,09417219
672264,8;0,09417213
672281,4;0,09417545
672298,4;0,09417545
672324,6;0,09417435
672341,2;0,09417435
672357,8;0,09418105
672374,3;0,09417982
672391,1;0,09417982
672407,5;0,09418093
672424;0,09417982
672440,6;0,09418431
672457,1;0,09418431
672480,9;0,09418879
672497,4;0,09418879
672514,2;0,09418879
672531;0,09419222
672547,4;0,09419449
672569,4;0,0941956
672586;0,09419898
672602,6;0,09419787
672619,4;0,09419677
672645,4;0,09419677
672662;0,09419677
672678,5;0,09419677
672695,1;0,09419566
672711,7;0,09419344
672728,2;0,09419677
672744,8;0,09418785
672761,4;0,09417456
672777,9;0,09416686
672802,6;0,09416027
672819,1;0,09415805
672835,7;0,0941515
672852,3;0,09414708
672869,4;0,09414043
672885,4;0,09413384
672902;0,09413061
672918,5;0,09412619
672935,1;0,09412619
672959,6;0,09411748
672976,1;0,09409664
672992,7;0,09407046
673009,6;0,09405959
673025,8;0,0940389
673043;0,09402808
673059,2;0,09401605
673075,5;0,09400523
673092,1;0,09400523
673116,9;0,0939641
673133,6;0,0939641
673150,3;0,09392644
673166,6;0,09389951
673183,6;0,09388557
673199,8;0,09387162
673216,3;0,09386513
673233;0,09381705
673253,4;0,0937956
673279,6;0,09376025
673296,2;0,09372617
673312,8;0,09371141
673329,4;0,0937103
673346,7;0,0937103
673362,5;0,0936814
673379;0,09361221
673395,9;0,09357513
673412,2;0,09354874
673437,9;0,09349561
673454,4;0,09345444
673471,3;0,09345444
673487,6;0,09341016
673504,6;0,09334399
673520,8;0,09331778
673537,3;0,09329566
673553,8;0,09328408
673571,1;0,09327172
673595,7;0,09314653
673612,3;0,09311955
673628,9;0,09307025
673645,4;0,09301572
673661,9;0,09297474
673678,5;0,09294329
673695,4;0,09291059
673711,7;0,09286644
673728,2;0,09283936
673751,9;0,09279838
673768,4;0,09273433
673785,4;0,09268484
673801,6;0,09266065
673818,8;0,0925896
673834,8;0,09257369
673851,3;0,09251615
673867,9;0,09248815
673884,4;0,09247146
673910,2;0,09233192
673926,8;0,09229458
673946,3;0,09226534
673962,8;0,09222919
673979,9;0,09222919
673996;0,09219898
674012,6;0,09208743
674029,6;0,09194425
674045,6;0,09190128
674069;0,09182818
674085,6;0,09178378
674102,2;0,09175628
674118,7;0,09163768
674135,3;0,09155561
674151,9;0,09151346
674168,5;0,09143756
674185;0,09143756
674201,8;0,09131597
674226,4;0,09123064
674243,6;0,0911764
674260,3;0,09109335
674276,6;0,09101889
674292,8;0,09093513
674309,8;0,09089243
674325,9;0,09084099
674343,3;0,09076869
674359,2;0,09076869
674384,2;0,09058834
674401,1;0,09058834
674417,5;0,09046604
674433,9;0,09037536
674450,8;0,09032437
674467,9;0,09027788
674483,6;0,09027788
674500,2;0,0901913
674516,8;0,09000254
674541,6;0,08991405
674558,2;0,08984924
674575,2;0,08977388
674591,3;0,08977388
674607,9;0,08972646
674625,2;0,08972646
674641;0,08966492
674657,6;0,08951248
674677,7;0,08936148
674703,9;0,0893094
674720,9;0,08912888
674737,4;0,08908672
674753,6;0,08899573
674770,1;0,08894692
674786,7;0,08885639
674803,3;0,08885639
674819,8;0,08872435
674836,4;0,08865348
674861,1;0,08853614
674877,7;0,08849527
674894,3;0,08840615
674911,7;0,08834291
674927,4;0,08831822
674944;0,08824912
674960,5;0,08814295
674977,1;0,0881381
674993,6;0,08801585
675017,9;0,08791423
675034,6;0,08785062
675051,6;0,08785062
675067,6;0,08777408
675084,9;0,08765139
675100,8;0,08764638
675118,3;0,08756939
675133,9;0,08749536
675150,6;0,08742065
675179,8;0,08733471
675196,4;0,08727197
675213,1;0,08720157
675229,6;0,08716998
675246,6;0,08716708
675262,9;0,08716708
675279,3;0,08706883
675295,8;0,08689073
675312,4;0,08684677
675335,8;0,08675466
675358,8;0,08666939
675375,4;0,08658428
675392,4;0,08658428
675408,8;0,08658428
675425,4;0,08651192
675442,3;0,08632866
675458,3;0,08624554
675474,8;0,08620745
675498,8;0,08612519
675515,4;0,08612519
675532;0,08605155
675548,6;0,08593776
675565,5;0,08585867
675581,7;0,08585767
675598,6;0,08582125
675614,9;0,08569578
675631,6;0,08562926
675656,4;0,08558485
675673;0,08550628
675689,5;0,08542588
675706,1;0,08535022
675723,2;0,08530886
675739,2;0,08530886
675756,6;0,08514876
675772,4;0,08510566
675788,9;0,08505391
675814,3;0,08498107
675831,5;0,08494616
675848;0,08483485
675864,4;0,08483485
675880,8;0,08479925
675897,1;0,08477256
675913,7;0,08476064
675931;0,08467277
675946,8;0,08456782
675976,4;0,08441919
675993;0,08441919
676010,3;0,08434223
676026,1;0,08433224
676043;0,08425188
676066,7;0,08418124
676083,3;0,08414911
676099,9;0,08414911
676128,9;0,08404217
676145,5;0,08399124
676162,1;0,08394208
676178,6;0,08391674
676195,2;0,08386851
676211,8;0,08384169
676228,3;0,08379613
676244,9;0,08377131
676261,5;0,08372324
676287,8;0,08367354
676304,4;0,0836267
676321;0,0836267
676337,6;0,08361864
676354,1;0,08353152
676370,7;0,08347882
676387,8;0,08342531
676404,3;0,08338696
676420,6;0,08334149
676445,3;0,08331358
676461,9;0,08325695
676478,4;0,08320228
676494,9;0,08320228
676511,6;0,08317376
676528,1;0,08314676
676544,7;0,08314676
676561,2;0,08311731
676577,8;0,08303178
676602,3;0,08286757
676618,9;0,08286757
676635,4;0,08286757
676652;0,08282267
676669,3;0,08272526
676685,3;0,08266057
676702,3;0,08263131
676718,2;0,08258496
676734,8;0,08253691
676770;0,08248534
676786,8;0,08246977
676803,2;0,08239513
676819,7;0,08235474
676836,3;0,08233045
676852,9;0,08230208
676869,4;0,08226506
676886,1;0,08222623
676911,6;0,08222623
676928,3;0,08215473
676944,8;0,08215473
676961,6;0,08209729
676977,9;0,08208166
676994,8;0,08204731
677011,1;0,08202578
677027,6;0,08198895
677044,7;0,0819564
677069,8;0,08191347
677086,4;0,08189383
677103,8;0,08189383
677120,1;0,08181423
677136,1;0,08179526
677152,9;0,08179526
677169,2;0,08177743
677185,8;0,0817757
677202,3;0,08175939
677229,6;0,08163171
677246,6;0,08159678
677262,7;0,08156296
677279,8;0,08154853
677295,8;0,08152172
677312,4;0,08149909
677329,3;0,08149494
677345,5;0,08147252
677362,1;0,08145256
677392;0,08142177
677408,8;0,08140929
677425,2;0,08139694
677441,7;0,08138943
677458,6;0,08138943
677480,3;0,08135551
677493,9;0,08133806
677510,6;0,08132486
677537,8;0,08129666
677554,8;0,08128999
677571,1;0,0812817
677587,4;0,0812684
677604,1;0,08125595
677620,8;0,08124101
677637,1;0,08124101
677653,8;0,08123108
677670,5;0,08121864
677695;0,08121534
677713,1;0,08119704
677729,7;0,08119374
677746,4;0,08118135
677763,2;0,08117145
677780,1;0,0811673
677796,9;0,0811673
677812,8;0,08116237
677829,4;0,08116155
677853,2;0,08113914
677869,8;0,08113414
677886,6;0,08112502
677902,9;0,08110931
677919,4;0,08110343
677936,1;0,08109849
677952,6;0,08108686
677969,2;0,08108104
677985,7;0,08107352
678013,3;0,08106434
678029,9;0,08105431
678046,4;0,08105019
678062,9;0,08104516
678079,5;0,08104771
678096,1;0,08104859
678112,7;0,08105285
678129,7;0,08106146
678145,8;0,08107096
678169,3;0,08108985
678191,3;0,0811028
678207;0,08112605
678223,6;0,08112605
678240,2;0,0811538
678256,7;0,08116234
678273,3;0,08118199
678289,9;0,08120112
678306,4;0,08121303
678331,2;0,08121643
678348,3;0,08121643
678364,3;0,08122399
678380,9;0,08122399
678397,6;0,08122732
678414,6;0,08123314
678430,9;0,08123314
678447,4;0,08123399
678463,8;0,08123399
678491,3;0,0812348
678508,3;0,08123807
678524,5;0,0812464
678541;0,08125052
678558;0,08125385
678574,5;0,08125385
678591;0,08126525
678608,3;0,08126362
678624,1;0,08127188
678654,4;0,08127593
678671,4;0,08127841
678687,6;0,08128335
678704,3;0,08128335
678720,7;0,08128335
678737,9;0,08128256
678753,8;0,08128008
678770,4;0,08127848
678786,9;0,08127766
678810,6;0,08127365
678827,1;0,08126715
678843,8;0,08126228
678860,7;0,08125741
678877,2;0,08125082
678896,7;0,0812434
678913,3;0,08122955
678929,8;0,08122465
678946,4;0,08121642
678970,5;0,08120652
678987,3;0,08119831
679003,7;0,08119175
679020,2;0,08119175
679036,8;0,081181
679053,7;0,08117283
679069,9;0,08117042
679086,5;0,08117042
679103,5;0,08116794
679130,2;0,08116388
679146,8;0,08115402
679163,3;0,0811483
679179,9;0,08114503
679196,5;0,0811467
679213,4;0,08114344
679229,8;0,08114102
679246,1;0,08114021
679262,8;0,08113942
679286,2;0,0811386
679303,6;0,08113697
679319,3;0,08113531
679335,9;0,08113612
679352,5;0,08113697
679369;0,08113456
679385,6;0,08113292
679402,3;0,08113211
679418,7;0,0811305
679446,6;0,08112486
679463,6;0,08112649
679480,4;0,08112649
679496,6;0,08112486
679512,9;0,08112486
679529,9;0,08112165
679546,4;0,08112247
679563;0,08111842
679579,2;0,08111192
679603,8;0,08110869
679628,8;0,08110709
679645,3;0,08110549
679661,9;0,08109906
679678,6;0,08110069
679695;0,08109582
679712,3;0,08109582
679728,7;0,08109422
679744,7;0,08109503
679771,9;0,0810901
679788,4;0,08109337
679805,1;0,08109582
679821,8;0,08110075
679838,7;0,08110068
679854,8;0,08110487
679871,3;0,08110895
679887,9;0,08111313
679904,5;0,0811198
679930,4;0,08112643
679946,9;0,08112725
679964,1;0,08113473
679980,1;0,08113473
679996,6;0,08114055
680013,6;0,08114136
680029,8;0,08114374
680046,3;0,08114048
680062,9;0,08114048
680091,9;0,08112697
680108,5;0,08111173
680125,1;0,08110163
680141,7;0,08108035
680158,2;0,08107167
680175,2;0,08104601
680191,7;0,08104601
680208,3;0,0810196
680225,4;0,0809844
680257,1;0,08095774
680274,6;0,0809509
680291,1;0,08091155
680307,8;0,08090397
680328,7;0,0809006
680345,2;0,08089638
680361,8;0,08089638
680379,1;0,0808939
680406,3;0,08089308
680422,9;0,08089893
680439,4;0,08090148
680456;0,08090723
680472,6;0,08090723
680489,2;0,0809188
680506,4;0,08092791
680523,4;0,08093448
680539,8;0,08093448
680569,4;0,08095026
680586;0,08095363
680602,6;0,08095774
680621,3;0,08096441
680637,9;0,08096441
680654,4;0,08096934
680671;0,08098431
680688,2;0,08099264
680704,2;0,08100509
680727,9;0,08101832
680745,1;0,08101832
680761,1;0,08103731
680778,1;0,08104809
680794,2;0,08106387
680810,8;0,08108112
680827,3;0,08108851
680843,9;0,08109837
680860,5;0,08111327
680888,6;0,08113804
680905,1;0,08114872
680921,7;0,08116685
680938,3;0,08116685
680954,9;0,08118509
680971,9;0,08120747
680988,4;0,08121903
681004,6;0,08121985
681021,2;0,08121985
681056;0,08128445
681072,8;0,08129442
681089,2;0,08130513
681105,7;0,08130765
681122,7;0,08133915
681138,9;0,08135401
681155,8;0,08136326
681172;0,08137231
681201,1;0,08140048
681217,6;0,08141042
681234,2;0,08141626
681250,8;0,0814211
681267,3;0,08144603
681284,1;0,08147331
681300,8;0,08148579
681317,2;0,08150151
681333,7;0,08151896
681362,3;0,08153968
681378,9;0,08156125
681395,4;0,08158363
681412;0,08158363
681428,5;0,08161099
681445,5;0,08162755
681462;0,08164993
681478,5;0,08166085
681494,8;0,08166085
681520,3;0,08170909
681536,8;0,08173311
681553,4;0,08173311
681569,9;0,08176128
681586,6;0,08178615
681603,3;0,08180108
681620,1;0,08182517
681636,3;0,08182598
681652,8;0,08183683
681679,1;0,08185173
681695,9;0,0819031
681718,3;0,08192385
681735,1;0,08193484
681751,5;0,08193484
681768,8;0,08196161
681785,3;0,08200476
681801,8;0,08202192
681827,9;0,08204156
681844,5;0,08208286
681861;0,08211466
681878,4;0,08213445
681894,3;0,08219583
681910,9;0,08223406
681927,3;0,08225377
681944;0,08229011
681960,4;0,08230856
681982,8;0,08230856
681999,4;0,08238403
682015,9;0,08240994
682032,5;0,08244628
682049,1;0,08246685
682065,6;0,08247373
682082,2;0,08251999
682099;0,08253452
682115,4;0,08254731
682142,3;0,08257181
682158,9;0,0825777
682175,4;0,0825777
682191,9;0,08259375
682208,6;0,08259961
682225,1;0,08260474
682241,6;0,08260726
682258,5;0,0826207
682274,9;0,0826207
682304,2;0,08262651
682322,6;0,08263488
682339,2;0,0826508
682355,7;0,0826525
682372,3;0,08266168
682388,9;0,08266168
682405,4;0,0826675
682425,8;0,08267747
682453,2;0,08269009
682470,1;0,08269679
682486,5;0,08269679
682502,9;0,08271196
682520,1;0,08272206
682536,1;0,08272635
682552,6;0,08273996
682569,4;0,08274666
682585,8;0,08274666
682612,4;0,08277364
682629,4;0,08278725
682645,6;0,08280083
682662,1;0,08280083
682678,7;0,08281448
682695,3;0,08282387
682711,9;0,08283574
682729;0,0828433
682745;0,08285007
682769,3;0,08286194
682785,9;0,08286612
682803;0,08287715
682819;0,08288569
682835,6;0,08288569
682852,2;0,08289158
682869,1;0,08290941
682885,3;0,08291614
682901,9;0,08291873
682926,1;0,08292291
682942,6;0,08292291
682959,2;0,0829255
682975,8;0,08294003
682992,3;0,08295619
683009,3;0,0829596
683026,4;0,08296899
683042,1;0,0829741
683058,6;0,08298356
683096,6;0,0829954
683113,2;0,08300908
683129,8;0,08301514
683146,4;0,08301681
683163,3;0,08303645
683180,3;0,08303903
683196,7;0,08304846
683212,6;0,08304846
683240,4;0,08306725
683256,9;0,08307493
683273,6;0,08308086
683290,1;0,083086
683306,7;0,0830945
683323,3;0,08310131
683340,6;0,08310904
683356,4;0,08311166
683372,9;0,08311938
683398;0,08312275
683414,6;0,08312967
683431,1;0,08313399
683447,9;0,08313657
683464,8;0,08314086
683481,1;0,08314086
683497,4;0,0831409
683514;0,083146
683530,6;0,08314859
683558,6;0,08314686
683575,2;0,08315026
683591,8;0,08315115
683608,4;0,08315887
683624,9;0,0831684
683641,5;0,08317613
683658;0,0831796
683674,6;0,0831796
683691,3;0,08318563
683720,1;0,08318999
683736,9;0,08319605
683756,9;0,08319601
683774,1;0,08319343
683790,1;0,08318389
683806,6;0,0831752
683823,2;0,08315858
683839,8;0,08314458
683867,1;0,08312263
683883,8;0,08311372
683900,5;0,08311372
683916,9;0,08307045
683933,4;0,08305985
683949,9;0,08304214
683966,6;0,08302899
683983,4;0,08302899
683999,7;0,08298826
684024,8;0,08297504
684041,6;0,08296181
684058;0,08295305
684074,4;0,08294696
684091,1;0,0829417
684107,6;0,0829417
684124,2;0,08294259
684140,8;0,08294174
684157,4;0,08294518
684180,9;0,08295213
684197,5;0,08295213
684214,8;0,08295468
684230,6;0,08295808
684247,4;0,08296673
684263,8;0,08298481
684280,3;0,08300118
684296,9;0,08300118
684313,5;0,08300118
684337,9;0,08301748
684354,4;0,08303808
684371,1;0,08303893
684388,3;0,08305009
684404,2;0,0830603
684420,7;0,0830732
684437,4;0,08308177
684457,3;0,08308873
684473,9;0,08309652
684498,7;0,08310602
684515,3;0,08311386
684531,9;0,08311386
684548,6;0,08311991
684565,2;0,08312339
684581,6;0,08312771
684598,7;0,08313289
684614,9;0,08313636
684631,9;0,08313636
684656,1;0,08314238
684673,1;0,08314589
684690,1;0,08314934
684705,8;0,08315107
684722,7;0,08315887
684739,2;0,08316582
684755,8;0,08317014
684772,8;0,08316925
684789,1;0,08317968
684814,6;0,08318052
684831,3;0,08318396
684848,5;0,0831857
684864,4;0,0831857
684880,9;0,08319091
684897,5;0,08320392
684914,1;0,08321434
684930,8;0,08321693
684947,2;0,0832187
684970,4;0,08322557
684987;0,0832299
685004,1;0,08323422
685020,1;0,08323855
685036,8;0,08324032
685053,6;0,08324206
685070,1;0,08324553
685086,4;0,08324553
685102,9;0,08324908
685130,2;0,08325159
685151,4;0,08325946
685168;0,08326209
685184,6;0,08326297
685201,2;0,08326644
685217,7;0,08326644
685234,3;0,0832708
685250,9;0,0832708
685267,6;0,0832752
685296,1;0,08328736
685312,6;0,0832909
685329,5;0,08329268
685346;0,08329349
685362,3;0,08330306
685378,9;0,08330912
685395,4;0,08331001
685412,1;0,08331171
685428,6;0,08331519
685455,3;0,08332124
685471,8;0,08332819
685488,3;0,0833334
685505,4;0,0833334
685521,6;0,08333599
685538,4;0,08334652
685554,6;0,08334741
685571,3;0,0833552
685587,8;0,08336127
685613,9;0,08336651
685630,6;0,08337087
685647,1;0,0833752
685663,7;0,0833752
685680,3;0,08337948
685696,8;0,08338636
685713,4;0,08338895
685730,3;0,0833898
685746,5;0,0833898
685772;0,08339845
685788,6;0,08340274
685805,1;0,08340625
685821,6;0,08340625
685842,3;0,08341315
685859,3;0,08341663
685875,4;0,08342088
685891,9;0,08342347
685909,1;0,08342521
685935,1;0,08343042
685951,6;0,08343304
685968,3;0,08343562
685984,8;0,08343737
686001,5;0,08343995
686018;0,08343822
686034,5;0,08343822
686051,8;0,08344073
686067,6;0,0834425
686089,9;0,08344427
686106,9;0,08344339
686123,4;0,08344597
686139,7;0,08344601
686156,2;0,08344509
686172,8;0,08344509
686189,7;0,08345123
686206,1;0,08345381
686222,5;0,08345647
686248,7;0,08346087
686265,3;0,0834626
686281,9;0,08346349
686298,7;0,08346349
686315,1;0,08346874
686331,8;0,08347309
686348,3;0,08347313
686364,7;0,08347398
686381,3;0,08347572
686405,1;0,08348363
686421,8;0,08348452
686438,3;0,08348718
686454,9;0,08348718
686471,6;0,08348718
686488,4;0,08349242
686504,6;0,08349589
686521,1;0,08349852
686545,9;0,08350284
686574,5;0,08350901
686591,1;0,0835143
686607,7;0,08351603
686624,2;0,08351777
686641,4;0,08352298
686657,6;0,08352298
686673,9;0,08352908
686690,5;0,08353078
686707,1;0,0835334
686735,1;0,08353687
686751,6;0,08354038
686768,7;0,08354038
686784,8;0,08354038
686801,5;0,08354038
686817,9;0,08354999
686834,6;0,08356395
686851,1;0,0835753
686867,6;0,0835814
686891,1;0,08358838
686908;0,08359186
686924,3;0,08359186
686941;0,08360323
686957,4;0,08361373
686974;0,08361373
686990,6;0,08362422
687007,1;0,08363996
687024,4;0,08365138
687048,8;0,08365755
687065,4;0,08367078
687082;0,08368674
687098,5;0,08370436
687115,2;0,08371937
687131,6;0,08371937
687148,3;0,08373336
687164,8;0,0837483
687181,3;0,08376329
687207,3;0,0837783
687229,7;0,08379056
687243,6;0,08379588
687260,1;0,08379588
687277;0,08381081
687293,9;0,08383013
687310,4;0,08384244
687326,6;0,08385123
687342,9;0,08386176
687367,7;0,08386708
687384,3;0,08387765
687400,9;0,08387765
687417,8;0,08388463
687433,9;0,08388995
687450,6;0,08391367
687468,1;0,08393562
687484,6;0,0839453
687501,3;0,08395667
687529,9;0,08396196
687546,4;0,08397334
687563;0,08399174
687580;0,08399613
687596,2;0,08400492
687612,8;0,08401542
687629,3;0,08402329
687645,9;0,08402329
687662,5;0,08403644
687691,9;0,08405747
687708,7;0,08406541
687725,1;0,08408034
687741,9;0,08408562
687758,3;0,08409526
687774,8;0,08410051
687791,6;0,08410051
687808,3;0,08412075
687824,8;0,08412863
687857,6;0,08414185
687874,2;0,08414185
687890,8;0,08416291
687914,6;0,08416989
687931,2;0,08417954
687947,8;0,08417954
687965,1;0,08419883
687980,9;0,08419883
688006,8;0,08421024
688023,7;0,08421988
688040;0,08421988
688058,1;0,08422686
688074,6;0,08423307
688091,3;0,08425236
688107,8;0,08427165
688124,4;0,08427774
688140,9;0,08428302
688172,4;0,08430419
688190,8;0,08431653
688207,9;0,08432263
688223,9;0,08432263
688240,4;0,08434018
688257;0,08434454
688273,6;0,08435511
688290,2;0,08436652
688315;0,08437354
688331,6;0,08438499
688348,6;0,08439552
688364,7;0,0844096
688381,9;0,08441666
688398,5;0,08442637
688415,6;0,08443162
688431,6;0,08443162
688448,9;0,08445533
688476,7;0,08446591
688493,6;0,08447385
688509,8;0,08448541
688526,4;0,08449154
688543,4;0,08449598
688559,5;0,08450658
688583,9;0,08451711
688600,5;0,08452941
688626,3;0,08452941
688642,9;0,08454892
688659,5;0,0845542
688676,1;0,0845586
688692,6;0,08456037
688709,3;0,08456037
688726,1;0,08457448
688742,7;0,08459396
688759,3;0,08460283
688788,5;0,0846152
688805,1;0,08461963
688821,9;0,08462673
688838,2;0,08463027
688854,8;0,08463027
688871,3;0,08464269
688887,9;0,08464623
688904,5;0,08465329
688921;0,0846568
688960,3;0,08467106
688976,8;0,08467017
688995,6;0,08467553
689015,4;0,0846773
689031,9;0,08468
689052,6;0,08468
689071,9;0,08467545
689108,8;0,08467545
689128,3;0,08467545
689149,6;0,08467372
689166,5;0,08467372
689183,3;0,0846746
689199,8;0,08467187
689216,4;0,08467098
689233;0,08467098
689270,9;0,08467457
689287,6;0,08467634
689304,1;0,08467634
689320,7;0,08467545
689337,3;0,08467545
689353,8;0,08467723
689370,7;0,08467811
689388,9;0,08467989
689416,9;0,08467811
689433,4;0,08467811
689450,1;0,08468354
689466,6;0,08468448
689483,3;0,08468544
689500,1;0,08468632
689516,3;0,08468906
689532,8;0,08469268
689549,4;0,08469268
689578,2;0,08470078
689594,8;0,08470525
689611,6;0,08470525
689628,2;0,08470883
689644,4;0,08471153
689661,3;0,08471153
689678,8;0,0847187
689695,4;0,08472325
689711,9;0,08472595
689741,2;0,08472953
689757,8;0,08473847
689774,4;0,08474118
689790,9;0,08474206
689807,5;0,08475289
689824,1;0,08475647
689840,6;0,08476102
689857,4;0,08476102
689873,7;0,08476996
689900,3;0,08477452
689916,9;0,08477452
689942,3;0,08478974
689958,9;0,08478974
689975,4;0,08479332
689992,1;0,08479332
690009,1;0,08480597
690025,7;0,08481587
690060,5;0,084824
690077,4;0,08482674
690094,3;0,08483842
690110,7;0,08484381
690127,9;0,08484828
690143,9;0,08485098
690160,3;0,08485276
690177,2;0,08485819
690193,6;0,08486359
690219,3;0,08487176
690235,9;0,08487442
690252,5;0,08487897
690269,6;0,08487897
690286,1;0,08488259
690302,1;0,08489258
690318,9;0,08489258
690335,6;0,08490163
690352,1;0,08490615
690377,7;0,08491161
690394,3;0,0849162
690411,6;0,08492345
690427,6;0,08492615
690444;0,08493073
690460,8;0,0849344
690477,1;0,08493983
690493,6;0,08494253
690510,9;0,08494526
690538,4;0,08495074
690555;0,08495895
690571,9;0,08496346
690588,1;0,08496531
690610,6;0,08496712
690627,1;0,08496712
690643,8;0,08496897
690660,3;0,08497803
690676,9;0,08498798
690703,4;0,08499791
690719,9;0,08500066
690736,5;0,08500158
690753,5;0,08500882
690769,6;0,08500882
690786,2;0,08501519
690802,8;0,08501792
690819,3;0,08502247
690835,9;0,08502428
690860,3;0,08503065
690877,1;0,0850343
690893,4;0,0850343
690910;0,08504074
690926,5;0,08504976
690943,3;0,08505701
690959,6;0,08505978
690976,2;0,08505978
690993,1;0,0850725
691018,3;0,08508437
691036,1;0,08508804
691053,1;0,08509713
691069,2;0,0851016
691085,8;0,0851016
691102,7;0,08511262
691119,3;0,08512172
691135,8;0,0851317
691152,4;0,08513895
691181;0,0851435
691198,3;0,08516354
691215,5;0,08516531
691231,4;0,08517083
691247,9;0,08517622
691264,5;0,08517622
691281,4;0,08517808
691306,3;0,08521458
691335,3;0,0852283
691351,9;0,0852429
691368,4;0,085252
691385,1;0,0852557
691401,6;0,0852766
691418,6;0,0852766
691434,7;0,08527933
691451,3;0,08529668
691467,8;0,08530854
691492,6;0,08531857
691509,1;0,08532859
691525,8;0,08533044
691542,3;0,08533584
691558,8;0,08535048
691576,3;0,08535048
691592;0,08536598
691609;0,08537789
691625,1;0,08538248
691651,7;0,08539338
691668,3;0,08539982
691684,8;0,08541624
691701,4;0,08541994
691717,9;0,08543093
691734,6;0,08543914
691751,1;0,08544457
691767,6;0,08545556
691784,3;0,08545556
691810,9;0,08547664
691827,4;0,08548489
691844;0,08549129
691860,6;0,08549877
691877,3;0,08549877
691893,8;0,08550332
691910,6;0,08550891
691927,5;0,08552811
691943,4;0,08554742
691977;0,08556481
691994,4;0,08557125
692010,1;0,08557588
692027,3;0,08558968
692043,3;0,08560159
692060,3;0,08560159
692076,4;0,08561265
692092,9;0,08562368
692109,6;0,08563285
692135,3;0,08564392
692151,9;0,0856531
692168,7;0,08565857
692185,1;0,08567233
692201,6;0,08567788
692218,2;0,08568524
692235,1;0,08568524
692251,3;0,08569715
692267,9;0,08570721
692293,4;0,08571924
692310,7;0,08571924
692326,6;0,0857266
692343,1;0,08574402
692359,8;0,08574587
692376,6;0,08575135
692393,6;0,08575319
692409,4;0,08576415
692425,9;0,08576869
692450,3;0,08577417
692466,9;0,08577417
692484,4;0,08579066
692500,9;0,08579984
692517,4;0,08580258
692534,1;0,08580258
692551,2;0,08580443
692567,5;0,08581907
692583,8;0,08582547
692610,8;0,08583553
692633,9;0,0858474
692650,4;0,08585291
692667;0,08585754
692683,6;0,08586491
692700,1;0,08586768
692716,8;0,08587135
692733,3;0,08587871
692750,7;0,08587871
692775,8;0,08589154
692792,3;0,08589886
692808,9;0,08590249
692825,4;0,0859107
692842,1;0,08591532
692858,6;0,08592172
692875,1;0,08592172
692891,8;0,08593541
692908,3;0,08593725
692937,2;0,08594458
692953,8;0,08594639
692970,3;0,08594912
692986,9;0,08595005
693003,6;0,08595186
693020;0,08595552
693036,6;0,08595919
693053,3;0,08596011
693070,6;0,08596011
693099,3;0,08596655
693115,8;0,08596651
693132,6;0,08597021
693149,1;0,08597021
693165,5;0,08597113
693182,1;0,08597113
693198,6;0,08597021
693215,4;0,08597113
693231,9;0,08597113
693259,9;0,08597206
693276,5;0,08597206
693293,8;0,08597113
693315;0,08597206
693331,6;0,08596836
693348,3;0,08596928
693365,3;0,08597021
693381,7;0,08596928
693398,8;0,08596928
693421,6;0,08597021
693438,1;0,08597206
693454,6;0,08596836
693471,3;0,08597021
693487,8;0,08596836
693504,8;0,08596836
693521,2;0,08596928
693537,6;0,08596928
693554,1;0,0859721
693583,3;0,08597866
693600,1;0,08597963
693616,5;0,08598333
693633;0,08598333
693649,9;0,08598984
693666,1;0,08599076
693683;0,08599085
693699,4;0,08599085
693715,8;0,08598992
693740,4;0,0859927
693757;0,08599363
693773,6;0,08599547
693790,2;0,08599547
693806,9;0,08599455
693823,4;0,08599455
693840;0,08599363
693856,6;0,08599455
693873,1;0,08599081
693900,2;0,08598328
693916,8;0,08598328
693933,4;0,08597954
693949,9;0,08597954
693966,7;0,08597676
693983,4;0,08597668
694002,5;0,08597479
694017,1;0,08597479
694033,8;0,08597479
694057,8;0,08597291
694074,7;0,08597286
694091,1;0,08597097
694107,5;0,08597097
694124,2;0,08597194
694140,6;0,08596912
694157,5;0,08596912
694173,8;0,08596727
694190,3;0,08596727
694218,9;0,08596634
694235,5;0,08596446
694252,6;0,08596446
694268,9;0,08596168
694285,1;0,08595886
694301,8;0,08595886
694318,7;0,08595886
694334,9;0,08595798
694352;0,08595798
694376,3;0,08595983
694393,2;0,08596168
694409,5;0,0859626
694426,4;0,0859626
694442,9;0,08596449
694459,9;0,08596449
694475,8;0,08596727
694492,3;0,08596642
694509,2;0,08596545
694535,4;0,08596453
694552,4;0,08596453
694568,8;0,08596361
694585,1;0,08596361
694601,9;0,08596268
694618,3;0,08596369
694634,8;0,08596369
694651,9;0,08596461
694668,7;0,08596461
694702,4;0,08597021
694719;0,08596924
694735,6;0,08597206
694752,6;0,08597487
694769,1;0,08597487
694785,4;0,08597765
694801,9;0,08598042
694818,4;0,08598042
694843,3;0,08598227
694859,8;0,0859879
694876,8;0,0859898
694893,3;0,08599447
694909,7;0,08599447
694926,1;0,08599821
694942,7;0,08600943
694959,3;0,08601128
694975,8;0,08601221
695004,2;0,08601683
695020,8;0,08602335
695038;0,08602427
695053,9;0,08602709
695071,2;0,08602709
695087,1;0,08602802
695104,2;0,08602802
695120,6;0,0860326
695136,9;0,08604004
695167,5;0,08604752
695184,9;0,08605034
695201,6;0,08605316
695218,3;0,08605778
695234,6;0,08606056
695251,3;0,08606149
695267,8;0,08606149
695284,4;0,0860812
695300,9;0,08609444
695326,7;0,08612083
695343,2;0,08613789
695359,8;0,0861645
695376,5;0,0861645
695398,7;0,08620741
695415,4;0,08622258
695431,8;0,08623805
695449,1;0,08628853
695482;0,08633733
695498,6;0,08635645
695515,1;0,08638318
695531,7;0,0864129
695548,2;0,08642714
695564,8;0,08645295
695581,4;0,08646644
695598,8;0,08646644
695615;0,08651511
695639,3;0,08653692
695655,8;0,08654541
695672,6;0,08656622
695688,9;0,08656622
695705,5;0,08656622
695722,4;0,0865681
695739,8;0,08657378
695756,4;0,08658038
695773,4;0,0866077
695801,8;0,08663116
695818,6;0,08663587
695834,9;0,08663674
695851,4;0,08663767
695868,3;0,08664326
695884,6;0,08664885
695901,6;0,08664793
695917,8;0,086647
695934,3;0,086647
695958,3;0,08664885
695974,9;0,08664885
695991,6;0,08664982
696007,9;0,08664982
696024,6;0,08665356
696041,1;0,08665356
696057,7;0,08665634
696074,3;0,08665542
696098;0,08665642
696125,1;0,08665827
696141,9;0,08665924
696158,2;0,08665831
696175,1;0,08666205
696191,6;0,08666298
696207,9;0,08666298
696224,9;0,08666298
696241,8;0,08666398
696258,4;0,08666491
696288;0,0866724
696304,6;0,0866724
696321,2;0,0866724
696337,7;0,0866705
696354,3;0,08667424
696370,9;0,08667332
696387,6;0,08667332
696404;0,08667517
696420,8;0,08667521
696445,9;0,08667614
696462,5;0,0866771
696479,3;0,08668269
696495,8;0,08668269
696512,2;0,08668643
696529,1;0,08668832
696545,5;0,08668925
696561,8;0,08669203
696578,9;0,08669388
696603,6;0,08669388
696620,4;0,08669291
696636,8;0,08669472
696653,4;0,08669564
696669,9;0,08669282
696686,4;0,08669653
696703,1;0,08669556
696719,6;0,0866956
696736,2;0,08669653
696760,7;0,08669468
696784,6;0,0866956
696801,1;0,08669939
696817,8;0,08670409
696834,3;0,08670977
696851,2;0,08671351
696867,4;0,08671351
696884;0,08672006
696909,5;0,08672204
696926;0,08672204
696942,6;0,08672582
696959,2;0,08672772
696975,8;0,08673242
696992,8;0,08673242
697008,9;0,08673528
697025,6;0,08673528
697042;0,08673721
697071,9;0,08675512
697088,6;0,08675797
697105,3;0,08676079
697121,6;0,08676264
697138,3;0,08676638
697154,9;0,0867692
697171,4;0,08677016
697188,8;0,08677016
697204,5;0,08677579
697231;0,08677673
697247,9;0,0867805
697264,4;0,0867805
697281,2;0,08677673
697297,3;0,08676255
697314;0,08674747
697330,4;0,08673704
697347;0,08671616
697363,6;0,08670376
697392;0,08667607
697409,3;0,08666375
697425,1;0,08662067
697441,9;0,08659382
697458,9;0,08657558
697474,9;0,08657558
697495,8;0,08653447
697512,3;0,08651052
697528,9;0,08649311
697556,6;0,08645007
697573,4;0,08642524
697589,8;0,08642524
697606,4;0,08641002
697622,9;0,0863756
697639,4;0,0863756
697656,1;0,08636417
697672,6;0,08635181
697689,2;0,08632816
697717,4;0,08629692
697733,9;0,08628936
697750,5;0,08628373
697767,3;0,08627243
697783,7;0,08626775
697800,2;0,08626775
697816,8;0,08626775
697833,5;0,08626586
697850,1;0,08626586
697876,3;0,0862612
697893,3;0,0862612
697909,3;0,08626305
697925,9;0,08626212
697942,4;0,08626309
697959,1;0,08626494
697975,6;0,08626494
697992,2;0,08626406
698009,1;0,08626498
698038,9;0,08626594
698055,5;0,08626691
698072,1;0,08626876
698089,3;0,08627149
698105,2;0,08627149
698121,8;0,0862762
698138,3;0,0862762
698154,9;0,08627814
698184;0,08628465
698210,1;0,08628651
698226,7;0,08628651
698243,4;0,08628836
698259,9;0,08628743
698276,9;0,08628743
698293;0,08628743
698309,7;0,08628743
698326,4;0,08628743
698342,9;0,0862902
698373,7;0,08629584
698390,2;0,08630051
698406,8;0,08630051
698424;0,08630147
698440,6;0,08630332
698457,4;0,08630614
698473,7;0,0863061
698490,3;0,08630702
698507;0,08630802
698537,9;0,08630896
698554,6;0,08631084
698571,1;0,08631084
698589,5;0,0863137
698606;0,08631744
698622,6;0,08631837
698639,6;0,08631933
698655,8;0,08631933
698687,1;0,08632131
698703,7;0,08632416
698720,3;0,0863232
698736,9;0,0863232
698753,8;0,0863232
698770,4;0,08632316
698786,9;0,08632123
698803,5;0,08631744
698820,1;0,08631555
698848,4;0,08630891
698864,9;0,08630706
698888,8;0,08629201
698905,8;0,08628449
698922,2;0,08628449
698939,1;0,08627886
698955,1;0,08627882
698971,6;0,08626848
698988,8;0,08626003
699014,9;0,08625057
699031,6;0,08625057
699048,1;0,08624401
699064,7;0,08623842
699081,8;0,08622434
699097,8;0,08621408
699114,6;0,08620571
699130,9;0,08620474
699147,7;0,08619634
699172,8;0,08618608
699189,3;0,08617309
699206,3;0,08616838
699222,5;0,0861609
699239,1;0,08615716
699255,6;0,08615716
699272,1;0,08614702
699288,8;0,0861405
699305,3;0,08613768
699329,4;0,08613209
699346,8;0,08612936
699362,6;0,08611914
699379,1;0,0861164
699396,1;0,08610807
699412,3;0,0861053
699428,9;0,08609975
699445,7;0,08609512
699462,6;0,08609512
699489,1;0,0860775
699505,7;0,08607472
699522,6;0,08606913
699539,1;0,08606265
699555,4;0,08606265
699572,1;0,08605807
699588,5;0,08605714
699614,9;0,08603687
699642,6;0,08602576
699659,2;0,08602303
699675,8;0,08602303
699692,3;0,0860184
699709,3;0,08600634
699725,8;0,08600726
699742,5;0,08601197
699759;0,08601856
699775,8;0,08602134
699799,4;0,08603084
699816,1;0,08605547
699832,6;0,08607539
699849,2;0,08609434
699865,8;0,08609724
699882,6;0,0861067
699899,2;0,0861409
699915,5;0,08615414
699932;0,08618368
699957,4;0,0862105
699974,2;0,08622558
699990,6;0,08622558
700007,2;0,08624937
700023,8;0,08628837
700040,3;0,08629703
700057,3;0,08631031
700073,8;0,08631598
700090;0,08635238
700115,9;0,08637524
700132,5;0,08638868
700149,1;0,08639621
700165,6;0,08642576
700182,6;0,08644567
700198,8;0,08644567
700215,3;0,08644664
700233,4;0,08645513
700250,1;0,08648064
700289,9;0,08649485
700306,4;0,08649485
700323,3;0,08650145
700339,6;0,08649867
700356,6;0,08649682
700372,7;0,08649775
700389,3;0,08649771
700405,8;0,08649489
700430,5;0,08649489
700447,1;0,08648363
700463,6;0,08648363
700480,3;0,08648177
700497,2;0,0864724
700513,4;0,08646769
700530,2;0,0864658
700546,6;0,08646487
700563,1;0,08646113
700588,9;0,08645365
700605,8;0,0864518
700622,1;0,08644529
700639,1;0,08644058
700655,5;0,0864378
700672,1;0,08643406
700688,4;0,08642939
700705,4;0,08642284
700721,5;0,08642098
700751;0,08642098
700767,8;0,08641732
700784,3;0,08641177
700801,1;0,08640993
700817,3;0,08640622
700834,6;0,08640622
700850,4;0,08640257
700866,9;0,08640257
700883,6;0,08640163
700911;0,08639608
700927,6;0,08639424
700944,1;0,08638868
700966,1;0,08638591
700982,9;0,08638406
701000,2;0,08638221
701015,9;0,08637855
701032,6;0,08637855
701048,9;0,08637673
701074,3;0,08637203
701090,8;0,08637585
701107,4;0,08637678
701123,9;0,08637863
701140,7;0,08637863
701157,1;0,08637955
701173,6;0,0863814
701190,3;0,0863814
701206,9;0,08638233
701231,1;0,08638325
701248,1;0,08638414
701264,4;0,08638506
701280,8;0,08638506
701297,7;0,08638232
701314,6;0,08638421
701331;0,08638788
701347,6;0,08638973
701364,2;0,08638973
701392,9;0,0863952
701409,4;0,08639798
701426;0,08639705
701442,6;0,08639701
701459,4;0,08639794
701475,7;0,08639794
701492,3;0,08640067
701509,2;0,0864016
701525,4;0,08640345
701554,1;0,08645403
701570,8;0,08649527
701587,3;0,08650851
701603,9;0,08653571
701620,4;0,08656584
701637;0,08657816
701657,1;0,08660737
701673,6;0,08663381
701690,3;0,08664601
701715,7;0,08665831
701733,1;0,08667433
701748,8;0,08668382
701765,4;0,08668761
701782;0,08668479
701798,6;0,08668382
701815,4;0,08666105
701831,8;0,08665823
701848,3;0,08662882
701875,5;0,0866041
701892,6;0,08658419
701908,6;0,08658419
701925,2;0,08657183
701941,8;0,08652139
701958,4;0,08650333
701974,9;0,08648916
701991,4;0,08648916
702008,1;0,08643688
702037,6;0,08641032
702054,3;0,08638372
702070,7;0,08636169
702088,1;0,08635022
702103,8;0,08633118
702120,4;0,08633118
702136,9;0,08633118
702153,5;0,08633118
702170,1;0,08631017
702198,7;0,08626525
702215,2;0,08625773
702231,8;0,08625402
702248,4;0,08625394
702265;0,08625213
702281,9;0,08625205
702298,1;0,08625016
702314,8;0,08625201
702331,2;0,08625104
702364,4;0,08625664
702381,1;0,08626605
702397,6;0,08626886
702414,3;0,08627076
702430,8;0,08627731
702447,3;0,08627731
702464,8;0,08628009
702480,7;0,08628665
702507,1;0,0862885
702523,7;0,08629128
702540,3;0,08629128
702556,8;0,08629312
702573,6;0,08629968
702590;0,08630342
702606,6;0,0863025
702623,1;0,08630434
702639,9;0,08630434
702663,4;0,08630897
702680;0,08631368
702696,6;0,08631646
702713,1;0,08631742
702729,7;0,08631928
702746,8;0,08632205
702762,8;0,08632205
702779,4;0,08632386
702795,9;0,08632575
702824,7;0,08634064
702841,6;0,08634337
702858,3;0,08634619
702874,4;0,08634896
702891;0,08635455
702907,6;0,08635737
702924,1;0,08635922
702940,7;0,08636384
702957,3;0,08636384
702985,5;0,08637124
703002;0,08637124
703018,6;0,08637773
703035,1;0,08638046
703058,4;0,08638324
703075,4;0,08638601
703091,5;0,08639156
703108,1;0,08639526
703133,8;0,08639711
703150,3;0,08639989
703166,9;0,08640081
703183,5;0,08640633
703200;0,08640818
703216,6;0,08641188
703234;0,08641188
703250;0,08641557
703266,6;0,0864202
703292,3;0,08642849
703308,8;0,08643219
703325,4;0,08643312
703342;0,08643404
703358,7;0,08643404
703375,1;0,08643497
703391,8;0,08643497
703408,8;0,08643589
703424,8;0,08643589
703450,5;0,08644333
703467,4;0,0864554
703484,7;0,08646852
703501,6;0,08646654
703517,8;0,08645999
703535,1;0,08645999
703551;0,08643729
703567,6;0,08643729
703584,1;0,08641653
703609,7;0,08640317
703626,3;0,08639649
703642,9;0,08639459
703659,9;0,08636606
703675,9;0,08636606
703692,5;0,08634328
703709,1;0,08633853
703725,6;0,08632811
703742,6;0,08632147
703776,2;0,08631206
703792,8;0,08631206
703809,4;0,08630735
703826,3;0,08630545
703843,1;0,08631302
703859;0,08631584
703875,6;0,08632055
703892,1;0,08632714
703908,7;0,08632811
703936,4;0,08634035
703953;0,08634224
703969,8;0,08635157
703986,1;0,08635157
704003,4;0,08636283
704019,3;0,08636561
704035,8;0,08636561
704052,4;0,08636653
704069,2;0,08636746
704098,4;0,08637583
704115,1;0,08637671
704131,7;0,08637103
704149,1;0,08636822
704164,9;0,08636351
704181,4;0,08635977
704197,9;0,08635977
704214,4;0,0863475
704231;0,08634371
704259,4;0,08633523
704276,1;0,08632858
704292,6;0,08632766
704309,1;0,08632202
704325,8;0,08631833
704343,1;0,08631647
704358,9;0,08631459
704375,6;0,08631459
704392,3;0,08631459
704417,6;0,08632413
704439,4;0,08632694
704456;0,08633442
704473,3;0,08633631
704489,3;0,0863401
704505,7;0,08634485
704522,2;0,08634863
704538,8;0,08634863
704555,4;0,086358
704582,1;0,0863646
704599,1;0,0863646
704615,3;0,08637011
704631,8;0,08637667
704648,4;0,08637953
704665,7;0,08638045
704681,5;0,08638419
704698,1;0,08638419
704714,7;0,08638512
704741,7;0,08639167
704758,3;0,08639731
704775,1;0,08639731
704791,4;0,08639638
704808,3;0,08639819
704824,5;0,08640101
704841,1;0,08640101
704857,7;0,08640382
704874,2;0,08640382
704902,2;0,0864029
704918,7;0,08640286
704935,3;0,0864066
704952,4;0,08640664
704969,7;0,08640853
704987,3;0,08641043
705004;0,08641791
705020,4;0,08641791
705037;0,08641698
705063,4;0,08641601
705080;0,08641601
705096,6;0,08641694
705117,3;0,08641601
705133,4;0,08641509
705149,9;0,08641509
705166,5;0,08641135
705183,1;0,08641139
705199,6;0,08641046
705227,4;0,08640769
705245,6;0,08640676
705262,1;0,08640584
705278,8;0,08640491
705295,3;0,08640117
705312,7;0,08640117
705328,4;0,08640117
705344,9;0,08640117
705361,5;0,08639658
705390,5;0,08638544
705407,1;0,08637989
705423,6;0,08637989
705440,3;0,0863743
705456,8;0,08636497
705473,6;0,08635282
705489,9;0,08634815
705506,5;0,0863426
705523,1;0,0863426
705548,8;0,08632397
705565,3;0,08631456
705581,9;0,08630522
705599;0,08629879
705615,1;0,0862913
705631,9;0,08628675
705648,1;0,08626535
705664,8;0,08624949
705681,4;0,0862412
705705,8;0,08623292
705722,4;0,08621235
705739,1;0,08620688
705755,6;0,086193
705772,1;0,08617542
705788,6;0,08615972
705805,2;0,08615135
705827,6;0,08613855
705855,8;0,08610081
705872,4;0,08609614
705889,1;0,08608615
705905,4;0,08604841
705922,4;0,08602824
705938,8;0,08601733
705955,2;0,08601733
705972,6;0,08600537
705988,6;0,08600445
706014;0,08595691
706030,8;0,08590245
706047,3;0,08589053
706064,2;0,08589053
706081,1;0,08583791
706096,8;0,08582892
706113,7;0,08579434
706129,9;0,08578258
706146,5;0,08575632
706176,4;0,08572656
706194,3;0,08572023
706211;0,08567424
706227,5;0,08566152
706244,1;0,0856355
706260,6;0,08562212
706277,3;0,08559609
706293,8;0,0855635
706310,3;0,0855635
706342,6;0,0854976
706359,4;0,0854976
706376,4;0,08545265
706393,3;0,08540837
706410,1;0,08538385
706426,4;0,08537127
706442,9;0,08535847
706461,9;0,08529083
706492,8;0,08523159
706520,6;0,08518935
706537,2;0,08515248
706553,8;0,08511214
706570,4;0,08506805
706587;0,08506805
706603,6;0,08505005
706620,1;0,08505005
706645,2;0,08501345
706662,8;0,08492689
706680,1;0,08486329
706696,6;0,08484381
706713,1;0,08484381
706729,8;0,08476084
706746,3;0,08475894
706762,9;0,0847168
706779,7;0,08468123
706804,3;0,08464386
706820,8;0,08464386
706837,4;0,08456004
706853,9;0,08455303
706870,5;0,08450072
706887,6;0,08447919
706903,9;0,08444116
706920,4;0,08442171
706936,8;0,08442171
706964,6;0,08433445
706981,6;0,0842936
706998,2;0,08424897
707015,3;0,08424897
707031,6;0,08420981
707047,9;0,08417011
707064,4;0,0841408
707081,9;0,08411149
707098,2;0,08407337
707121,9;0,08403534
707138,4;0,08401405
707155;0,08397775
707171,9;0,08397775
707193,6;0,08391033
707210,1;0,08387566
707226,9;0,08387566
707243,3;0,08386051
707260,4;0,08385433
707292,1;0,08380344
707308,8;0,08375949
707325,3;0,08374858
707341,9;0,08373412
707358,4;0,08373412
707375,1;0,08371335
707391,6;0,08370695
707408,2;0,08369974
707425,4;0,08369249
707451,8;0,08367523
707468,4;0,08366528
707484,9;0,08366065
707501,9;0,08366065
707518,2;0,08363788
707534,6;0,08363788
707551,2;0,08362165
707567,8;0,0836171
707584,4;0,083608
707608,8;0,08359633
707625,7;0,08359544
707641,9;0,08356325
707658,4;0,08355445
707675,8;0,08353313
707691,6;0,08352415
707708,7;0,08352067
707724,8;0,0834676
707741,3;0,08344214
707770,2;0,08340651
707786,8;0,08337434
707803,4;0,08335868
707820,6;0,08332851
707836,5;0,08331142
707853;0,08327951
707873;0,08326474
707889,5;0,08326299
707906,1;0,08326299
707936,3;0,08317649
707952,8;0,08312955
707969,9;0,08312955
707985,9;0,08308769
708002,9;0,08304334
708019,2;0,08302483
708035,7;0,08298657
708052,3;0,08295182
708068,9;0,08293334
708093,9;0,08288689
708110,9;0,0828565
708127,8;0,0828565
708143,6;0,08281083
708160,1;0,08277217
708176,8;0,08274379
708193,9;0,08274379
708209,9;0,08270261
708226,7;0,0826473
708252,2;0,08260735
708268,9;0,08258884
708285,3;0,08258714
708301,9;0,08251543
708318,5;0,0824737
708335,1;0,08245219
708351,9;0,08245219
708368,2;0,08242548
708385,1;0,08235085
708409,9;0,08230949
708426,9;0,08230949
708444,1;0,08226002
708460,8;0,08221745
708477,3;0,08219092
708493,9;0,08219092
708510,4;0,08217924
708527,1;0,08217166
708543,6;0,0821641
708570,6;0,08213294
708593,1;0,08211535
708610;0,08207926
708626,3;0,08207164
708643,3;0,08205735
708659,9;0,08204228
708676,9;0,0820348
708693,5;0,08201973
708721,1;0,08200637
708737,7;0,08200637
708754,4;0,08197789
708770,9;0,08196786
708787,4;0,08196867
708803,9;0,08191979
708820,5;0,08188926
708837,1;0,0818763
708853,6;0,0818763
708881;0,08181491
708897,5;0,08181491
708914,1;0,0817626
708930,7;0,0817462
708947,5;0,08172751
708963,9;0,08168163
708980,4;0,0816457
708997,1;0,08163191
709013,5;0,08160495
709039,3;0,08156166
709055,8;0,08154457
709072,4;0,08154457
709089,1;0,08147903
709105,7;0,08145926
709122,3;0,08143711
709139,3;0,08142237
709155,3;0,08142237
709171,9;0,08140591
709196,3;0,0813895
709212,8;0,0813895
709229,4;0,08132774
709245,9;0,08126911
709263,2;0,08122405
709284,7;0,08118489
709301,3;0,08116344
709318,2;0,08116344
709334,4;0,08109033
709359,5;0,08101888
709376,2;0,08096908
709392,6;0,08094233
709409,4;0,08088608
709425,8;0,08085898
709442,3;0,08080014
709458,9;0,08076933
709475,7;0,08070818
709492;0,08067884
709516,2;0,08064046
709532,8;0,08054879
709549,3;0,08049534
709565,9;0,08046599
709582,4;0,08040684
709599,7;0,08035056
709615,6;0,0803226
709632,6;0,08026953
709648,8;0,08024389
709673,6;0,08023337
709690,5;0,08014857
709706,8;0,08010536
709723,3;0,08008246
709739,9;0,08008246
709756,6;0,08003704
709773,1;0,07999404
709789,6;0,07997617
709806,8;0,07997617
709829,8;0,07997617
709846,6;0,07997617
709863;0,07992876
709879,8;0,07985871
709896,3;0,07983068
709912,7;0,07980503
709929,3;0,07978565
709946,4;0,07975771
709962,9;0,07975128
709987,7;0,07972011
710010,8;0,07969626
710027,4;0,07967953
710043,9;0,07967878
710060,7;0,07966045
710077,1;0,07964611
710093,6;0,07963023
710110,2;0,07962226
710126,9;0,07962226
710155,6;0,07958902
710172,2;0,0795818
710188,9;0,07957782
710205,3;0,07957704
710222,8;0,07957619
710238,6;0,07958014
710255,1;0,07958573
710271,6;0,07958817
710288,2;0,07959775
710314,1;0,07961307
710330,6;0,07962114
710347,3;0,079626
710363,9;0,07962923
710380,5;0,07966082
710396,9;0,07966964
710413,6;0,07968816
710430,1;0,07968816
710446,6;0,07969953
710475,7;0,0797027
710492,3;0,0797369
710508,9;0,07975013
710525,4;0,07975346
710541,9;0,0797551
710559,3;0,07975836
710575,1;0,07976084
710591,7;0,07976258
710608,2;0,07976339
710636,4;0,07976417
710653,2;0,07977251
710670,1;0,07977251
710686,1;0,07977581
710703,2;0,07977747
710726,8;0,07978329
710743,5;0,07978329
710759,8;0,07979322
710789;0,0798154
710805,6;0,07982694
710822,1;0,07984085
710839,2;0,07984085
710855,3;0,07986039
710871,9;0,07989688
710889,3;0,07991328
710905,9;0,07991328
710922,5;0,0799634
710951,8;0,07998698
710968,8;0,08001371
710985,2;0,08001371
711001,6;0,08004461
711018,9;0,08006644
711034,6;0,08009571
711051,3;0,08009571
711067,8;0,08011123
711084,4;0,08011518
711108,1;0,08012494
711126;0,08017634
711142,7;0,08022537
711159,1;0,08023671
711175,7;0,08025948
711192,3;0,08025948
711208,8;0,08029032
711225,4;0,08029114
711241,9;0,08030403
711266,6;0,08031769
711283,1;0,08031929
711299,8;0,08032732
711316,3;0,08032732
711332,8;0,08033373
711349,8;0,0803385
711365,9;0,0803433
711382,6;0,08035297
711399,8;0,08035535
711436,1;0,08037041
711452,6;0,08038008
711469,2;0,08038008
711485,7;0,0804039
711502,4;0,0804055
711518,9;0,08042056
711535,4;0,08043239
711552;0,08044746
711576,3;0,0804617
711592,8;0,0804617
711609,4;0,08048311
711626;0,08049177
711642,5;0,08050689
711659,1;0,08051401
711676,2;0,08052199
711692,8;0,08054166
711709,3;0,08054166
711734;0,08055447
711750,6;0,08056238
711767,1;0,08058777
711783,8;0,08061475
711800,3;0,08063139
711816,8;0,08063927
711833,4;0,08064805
711850,2;0,0806559
711866,6;0,08068053
711892,5;0,08070187
711909,1;0,08070586
711925,7;0,0807256
711942,6;0,08073269
711958,8;0,08074778
711975,4;0,08074778
711991,9;0,08075958
712008,5;0,0807787
712025;0,08079056
712053,1;0,08079207
712070,1;0,08081912
712086,9;0,08083258
712103,4;0,08083735
712119,8;0,08085245
712141,2;0,08086751
712157,9;0,08087627
712174,3;0,0808842
712190,9;0,08089227
712219,5;0,08089145
712236,7;0,0808906
712253,3;0,08089067
712269,8;0,08088986
712286,7;0,08088826
712303,1;0,08087859
712319,5;0,08087617
712336,1;0,0808697
712352,7;0,0808697
712377,3;0,08086807
712393,9;0,08086807
712410,4;0,08085184
712427,1;0,08083306
712443,8;0,08082492
712460,1;0,08081838
712476,9;0,08081838
712493,3;0,08079471
712509,8;0,08078405
712538,6;0,0807685
712555,2;0,0807685
712571,7;0,08074809
712588,3;0,08074809
712605,1;0,08072842
712621,4;0,08071454
712638,7;0,08070382
712655,3;0,08069406
712671,8;0,08068096
712700,9;0,08067024
712717,7;0,08065956
712734,7;0,08064888
712750,8;0,08064639
712767,1;0,08064067
712783,8;0,08061921
712800,3;0,08061346
712816,9;0,08059955
712833,4;0,08059955
712870,9;0,08056658
712887,6;0,08055753
712904,1;0,08055178
712921,1;0,08053447
712937,2;0,08052871
712953,8;0,08052871
712970,3;0,08049826
712986,9;0,08049826
713011;0,08048996
713027,7;0,08049075
713044,1;0,08046611
713060,7;0,08043896
713077,3;0,08043152
713094,2;0,08041505
713110,4;0,08041505
713126,9;0,08038535
713143,5;0,08038535
713171,8;0,0803581
713188,4;0,0803531
713204,9;0,0803531
713221,5;0,08034246
713238,2;0,08034004
713255,1;0,08033844
713271,3;0,0803368
713288,1;0,08033599
713304,6;0,08033599
713334,9;0,08033769
713351,4;0,08033769
713369,3;0,08033847
713386,1;0,08033847
713402,4;0,08033527
713418,9;0,08033854
713435,9;0,08034255
713452,1;0,08034579
713468,6;0,08034575
713497,2;0,08034739
713513,8;0,0803514
713530,4;0,08035464
713546,9;0,08035545
713563,4;0,08035545
713585,8;0,08036032
713602,4;0,080366
713618,9;0,08036923
713636;0,08036923
713661,2;0,08037005
713677,8;0,08037005
713695,1;0,08037332
713710,9;0,08037332
713727,4;0,08037492
713744;0,08037413
713760,6;0,08037978
713777,2;0,08038302
713794;0,08039036
713821,5;0,08039945
713838,3;0,08041997
713854,9;0,0804315
713871,4;0,08045218
713888,7;0,08045218
713904,6;0,08048607
713921,6;0,08051437
713937,7;0,08052754
713954,3;0,08052754
713981,8;0,08058816
713998,4;0,08060385
714014,9;0,08061963
714031,5;0,08063038
714048,2;0,08064607
714065;0,08067417
714081,4;0,08068894
714098,6;0,08069707
714114,4;0,08069707
714141;0,08072493
714157,6;0,08073722
714174,1;0,08074378
714191,2;0,08074378
714207,3;0,08076658
714223,9;0,08076988
714240,4;0,08077893
714256,9;0,08078217
714274;0,08078217
714304,9;0,08079043
714321,8;0,08079043
714338,2;0,08081075
714354,6;0,08083032
714371,4;0,08083682
714387,7;0,08084257
714404,3;0,0808491
714420,8;0,0808491
714445,4;0,08086622
714462;0,08087356
714478,7;0,08088167
714495,2;0,08088167
714511,9;0,08088663
714528,4;0,08090454
714544,8;0,08091512
714561,3;0,08092655
714577,9;0,08093135
714602,7;0,08094279
714619,6;0,08094279
714635,9;0,08095919
714652,4;0,08096824
714669;0,08098042
714685,9;0,08098535
714702,4;0,08098535
714718,7;0,08100345
714735,3;0,08100345
714761,4;0,08101985
714778,1;0,08102394
714794,5;0,08103053
714811,1;0,08104033
714827,6;0,08104033
714844,2;0,08105259
714860,8;0,08105826
714877,3;0,08106399
714894,4;0,08107385
714919,6;0,08107385
714936,1;0,08107881
714952,7;0,08108287
714969,6;0,08109436
714990,2;0,08111227
715004,4;0,08112376
715020,9;0,08113193
715037,6;0,08113193
715054,2;0,08114754
715079,1;0,08116149
715095,9;0,08116813
715112,3;0,08117051
715128,8;0,08118698
715147,3;0,08119605
715163,9;0,08119936
715180,5;0,08120841
715197;0,08121909
715213,6;0,08121909
715247;0,08124464
715263,8;0,08125702
715281,3;0,08126192
715297,8;0,08127101
715314,4;0,08127427
715330,9;0,08129805
715348,2;0,08129805
715364,1;0,08132034
715381,1;0,08133265
715409,4;0,08135331
715426,1;0,08136068
715443,1;0,08136902
715459,1;0,0813912
715475,7;0,0814094
715492,9;0,08141845
715509,4;0,08143093
715525,4;0,08144414
715541,9;0,0814608
715566,4;0,0814608
715583;0,0814608
715599,8;0,08147733
715616,1;0,08151128
715632,7;0,08152533
715649,3;0,08153442
715666,1;0,08154918
715682,4;0,08156569
715704,2;0,08156984
715730,9;0,08160117
715747,8;0,08161358
715764,6;0,0816244
715780,7;0,08162522
715797,5;0,08163191
715814,3;0,08163851
715830,3;0,08163851
715846,9;0,08163773
715863,4;0,0816327
715890,6;0,08162766
715907,4;0,08162518
715923,8;0,08162178
715940,8;0,08160831
715956,9;0,08159976
715973,9;0,08159725
715990,1;0,08159218
716007,1;0,08158877
716023,2;0,08158289
716047,9;0,08158541
716064,4;0,08158371
716080,9;0,08158289
716097,6;0,08158623
716114,1;0,08159041
716130,7;0,08159541
716147,2;0,08159626
716164,1;0,08159626
716180,4;0,08160796
716208,8;0,08161214
716225,4;0,08161214
716241,9;0,08161541
716258,6;0,08163119
716275,1;0,08163119
716291,7;0,08164034
716308,4;0,08164867
716324,8;0,08165527
716341,4;0,08165853
716368,4;0,08167017
716385;0,08167262
716402,3;0,08167432
716424,1;0,08168843
716440,7;0,08169513
716457,2;0,08170099
716473,8;0,08170436
716490,9;0,08170765
716506,9;0,08171269
716532,3;0,08172268
716549,2;0,0817252
716565,6;0,08173098
716582;0,08173347
716598,5;0,08174354
716615,4;0,08174602
716631,6;0,08175021
716648,3;0,08175102
716664,8;0,0817651
716692,2;0,08176932
716709,3;0,08177262
716725,5;0,0817751
716741,9;0,08178007
716758,9;0,08178666
716775,1;0,08179163
716792,8;0,0817983
716809,3;0,08180493
716825,9;0,08180497
716855,6;0,08180826
716872,2;0,08181156
716889,2;0,08182323
716905,7;0,0818266
716922,3;0,0818266
716938,8;0,08182993
716955,4;0,08183493
716972;0,08183578
716988,5;0,08183578
717015,4;0,08183415
717032,1;0,0818383
717048,9;0,08183748
717065,9;0,08183748
717081,8;0,08183908
717098,3;0,08183742
717121,8;0,0818382
717138,4;0,08183735
717154,9;0,0818365
717180,9;0,08183316
717197,4;0,08183153
717214,8;0,08183068
717230,6;0,0818282
717247,4;0,08181827
717263,7;0,08180745
717280,4;0,08179663
717296,8;0,08179663
717313,4;0,08178922
717339,9;0,08177599
717356,6;0,08176269
717373,1;0,08175521
717390,3;0,08174361
717406,3;0,08173694
717423,1;0,08173694
717440,1;0,08171041
717455,9;0,08170384
717472,6;0,08169632
717495,6;0,08169632
717512,2;0,08169632
717528,9;0,08166979
717545,4;0,08163247
717562,9;0,08163247
717578,4;0,08163084
717595,4;0,08159686
717611,6;0,08158281
717628,2;0,08156465
717655,6;0,081549
717672,8;0,0815407
717688,9;0,0815407
717705,8;0,08151263
717721,9;0,08150607
717739;0,08149453
717755;0,08147395
717771,6;0,08145912
717788,8;0,0814583
717822,8;0,08143105
717839,4;0,08140727
717855,9;0,0813941
717873,1;0,08138914
717889,1;0,08138172
717905,8;0,08135692
717922,2;0,08134133
717939,5;0,08133072
717963,6;0,08132
717980,3;0,08129285
717996,8;0,08127391
718013,3;0,08125979
718029,9;0,08125979
718046,4;0,08122185
718063,3;0,08120797
718079,6;0,0811882
718096,2;0,08118572
718118,4;0,08117928
718135,5;0,08116683
718151,6;0,08116272
718168,3;0,08112897
718184,7;0,0810962
718201,3;0,08107565
718217,8;0,0810617
718234,4;0,08105265
718251,6;0,08104353
718287;0,08101475
718304,9;0,0810139
718321,4;0,08099587
718338,1;0,08098111
718355,2;0,08097196
718371,5;0,08095879
718387,7;0,08095879
718404,3;0,08093576
718429,8;0,08091501
718446,7;0,08090593
718462,9;0,08089848
718479,5;0,08088691
718496,1;0,08087943
718512,6;0,08087943
718537,6;0,08084565
718554,1;0,0808333
718580;0,08082255
718596,6;0,08081922
718613,8;0,08079112
718629,7;0,08078033
718646,5;0,08076468
718663,3;0,08076468
718679,4;0,080749
718696,6;0,08073417
718713;0,08072179
718738,3;0,08071189
718754,9;0,08071189
718772,1;0,08070356
718788,7;0,08070111
718805,3;0,08069117
718821,8;0,08065569
718838,4;0,08064664
718855,1;0,08063422
718871,5;0,08063422
718896,1;0,08060796
718912,7;0,08059721
718929,2;0,0805914
718945,8;0,08057741
718962,3;0,08057418
718979,1;0,08056183
718996,1;0,08055285
719012;0,08055037
719028,6;0,08053886
719056,1;0,08052567
719072,8;0,08051178
719089,3;0,08050443
719105,8;0,08049705
719122,6;0,08049297
719139,4;0,08048232
719155,8;0,08047739
719172,1;0,08047739
719188,8;0,08046929
719215,2;0,08045622
719231,8;0,0804489
719253,3;0,08044648
719269,9;0,0804424
719286,5;0,0804392
719303,1;0,08044001
719319,8;0,08043116
719336,2;0,08042953
719352,8;0,08042711
719377,9;0,08042312
719394,5;0,08042312
719411;0,08042312
719428,1;0,08042312
719444,2;0,08041826
719460,8;0,08041346
719477,3;0,08041183
719493,9;0,08041183
719510,4;0,08040617
719536,8;0,08040379
719553,4;0,08040138
719570,2;0,08040056
719586,6;0,08040298
719603,4;0,08040298
719619,7;0,08040056
719636,4;0,08040219
719652,8;0,08040219
719669,4;0,08040219
719696,5;0,08040294
719713;0,08040376
719729,6;0,08040376
719746,1;0,08040454
719762,9;0,08040533
719779,9;0,08040614
719796,2;0,08040778
719812,6;0,08041179
719829,1;0,08041183
719855,6;0,08041742
719872,3;0,08041663
719888,8;0,08041663
719905,9;0,08041826
719922,8;0,08042064
719938,8;0,08042627
719955,1;0,08042627
719977,4;0,08043028
720003,9;0,08043355
720020,8;0,08043593
720037,1;0,08043593
720053,8;0,08043675
720070,3;0,08043917
720086,9;0,08044403
720103,6;0,08044887
720119,9;0,08045612
720136,6;0,08045932
720164,9;0,08046415
720181,4;0,08047058
720198;0,08047134
720214,9;0,08047536
720231,2;0,08047536
720247,7;0,08047617
720264,3;0,08047699
720280,8;0,0804778
720297,4;0,08048342
720326,9;0,08048421
720343,9;0,08048663
720360,7;0,08048581
720377,1;0,08048826
720393,8;0,08049071
720410,1;0,08049149
720426,7;0,08049149
720444;0,08049309
720459,9;0,08049394
720485,1;0,08049718
720501,6;0,08049884
720518,7;0,08049802
720535,1;0,08050939
720551,4;0,08050857
720567,9;0,08051099
720584,5;0,08051099
720601,1;0,0805134
720617,6;0,08051585
720645,7;0,08051749
720662,3;0,08052235
720678,8;0,08052235
720696;0,08052559
720718;0,0805264
720734,8;0,08053453
720751,3;0,08053617
720767,9;0,08053532
720794,5;0,08053532
720811,1;0,08053937
720827,6;0,08053937
720844,4;0,08054097
720860,8;0,08054175
720877,4;0,08054578
720893,9;0,08054656
720910,4;0,08054656
720927;0,08054656
720954,2;0,08055303
720970,8;0,08055303
720988,1;0,08055707
721003,9;0,08055867
721021,4;0,08055786
721037;0,08056103
721053,6;0,08056185
721071;0,08056266
721087;0,08056269
721112,8;0,08056021
721129,3;0,08056263
721147,8;0,08056429
721164,4;0,08056589
721181,6;0,08056749
721198,3;0,08056749
721215,6;0,08057477
721232,2;0,08057559
721248,7;0,08057798
721277,8;0,08058036
721294,4;0,08058435
721311,2;0,08058354
721327,5;0,08058595
721344,6;0,08058595
721360,9;0,08058677
721377,8;0,0805932
721393,8;0,08059402
721417,6;0,0805964
721445,6;0,08059885
721462,2;0,08060287
721478,8;0,08060525
721495,3;0,0806093
721511,9;0,08061005
721528,4;0,08061332
721545,9;0,08061656
721561,6;0,08061897
721578,6;0,0806206
721606,8;0,08061897
721625;0,0806271
721641,6;0,08062952
721658,1;0,08063687
721674,8;0,08063687
721691,3;0,08064255
721708;0,08064336
721724,9;0,08064742
721741,3;0,08065313
721766,6;0,08065636
721783,1;0,0806596
721799,8;0,08066283
721816,3;0,08066607
721832,8;0,08066852
721850,1;0,08067093
721865,9;0,08067093
721882,5;0,0806758
721899,2;0,08068315
721925,3;0,08068641
721941,8;0,08069295
721958,8;0,08069295
721975;0,08069295
721991,5;0,08069376
722008,1;0,0807002
722024,7;0,08070425
722041,3;0,0807083
722057,8;0,08071235
722082,4;0,08071561
722099;0,08071806
722115,6;0,08072136
722132,1;0,080723
722155,1;0,08072864
722171,8;0,08072864
722188,6;0,08073279
722204,8;0,08073521
722221,4;0,08073684
722247,2;0,08074007
722263,8;0,08074827
722280,4;0,08075069
722296,9;0,08075069
722313,8;0,08075889
722330;0,08076216
722346,6;0,080763
722363,2;0,08076869
722379,9;0,08077277
722405,6;0,08077607
722422,3;0,08078019
722438,8;0,08078845
722455,6;0,0807958
722471,9;0,08079668
722488,4;0,08079668
722505,1;0,08080576
722521,6;0,08081077
722538,2;0,08081155
722563,6;0,08081903
722580,1;0,08082397
722596,8;0,08082397
722614;0,08082563
722629,8;0,08082645
722646,4;0,0808289
722662,9;0,08082975
722679,5;0,08083472
722696,6;0,08083968
722722,8;0,0808438
722739,4;0,0808471
722756;0,08085288
722772,6;0,08085618
722789,1;0,08086114
722805,8;0,08086114
722822,6;0,08086687
722838,8;0,08087424
722855,4;0,08087924
722891,1;0,08089326
722907,8;0,08089326
722924,3;0,08090153
722941,3;0,08090894
722957,3;0,08091387
722974,1;0,0809172
722990,5;0,08092213
723007,3;0,08092704
723033,1;0,08093694
723050;0,08094677
723066,4;0,08095174
723082,8;0,08095657
723099,4;0,08096555
723115,9;0,08096555
723132,6;0,0809811
723149,2;0,0809811
723166,1;0,080991
723191,3;0,08099926
723207,9;0,08100253
723224,4;0,08100995
723241;0,08100995
723258,3;0,08100995
723274,2;0,08101569
723290,9;0,08103131
723307,3;0,0810445
723323,9;0,08104692
723348,9;0,08105682
723365,5;0,08106009
723382,1;0,08106502
723398,9;0,08107246
723415,8;0,0810791
723432,2;0,08108649
723448,3;0,0810873
723464,9;0,08109471
723482,1;0,08110053
723512,3;0,08111128
723528,9;0,08111951
723545,4;0,08112451
723562,4;0,08112451
723578,6;0,08113359
723600,1;0,08114264
723617,2;0,08115009
723634;0,0811559
723650,3;0,08116005
723680,8;0,0811642
723697,4;0,0811642
723715,6;0,08117832
723732,1;0,08118584
723748,7;0,08118921
723765,3;0,08119417
723781,9;0,08119914
723798,4;0,08120414
723814,9;0,08120914
723844,9;0,08120996
723861,4;0,08121911
723878;0,08121911
723894,5;0,08122326
723911,1;0,08122492
723927,7;0,08122989
723945,3;0,08124067
723961,9;0,08124897
723979;0,08125812
724008,8;0,08126309
724025,4;0,08127554
724041,9;0,08128054
724058,6;0,08128805
724075,3;0,08128805
724092,4;0,08130207
724108,2;0,08130207
724124,8;0,08131115
724141,4;0,08131782
724169,6;0,0813253
724186,2;0,08133275
724202,9;0,08134109
724219,3;0,08134524
724236,3;0,08135027
724252,4;0,08135857
724269,2;0,08135939
724293,5;0,08136354
724325,2;0,0813719
724341,8;0,08137771
724358,3;0,08138265
724375;0,08138265
724391,9;0,08139347
724408,3;0,08139347
724424,6;0,08140095
724441,2;0,08140343
724457,8;0,08140676
724483,9;0,08140676
724500,6;0,0814134
724517,1;0,0814134
724533,6;0,0814134
724550,3;0,0814134
724566,8;0,08142088
724583,7;0,08143493
724600,6;0,08144242
724616,5;0,08144908
724643,8;0,08145738
724660,3;0,08146486
724676,9;0,08146989
724693,5;0,08147238
724710;0,0814749
724726,6;0,08147823
724743,5;0,08148156
724759,8;0,08148327
724776,3;0,08148823
724804,1;0,08149238
724820,7;0,08149738
724837,3;0,08149738
724853,8;0,0815032
724870,4;0,08150568
724887,3;0,08151146
724903,7;0,08151228
724920,1;0,08151568
724936,6;0,08151653
724963,1;0,08151902
724988,9;0,08152483
725005,4;0,08152483
725022,1;0,08152816
725038,6;0,08153068
725055,6;0,08153068
725072;0,08153234
725088,6;0,08153734
725113,9;0,08153738
725130,6;0,08153656
725147,6;0,08153819
725164,4;0,08153819
725180,3;0,08153819
725197,1;0,08153819
725213,4;0,08154238
725229,9;0,08154905
725246,5;0,08154912
725281,8;0,08155081
725301,2;0,08155081
725317,8;0,08155248
725334,5;0,08155578
725350,9;0,08155908
725367,8;0,08156078
725384,1;0,08156078
725400,6;0,08156408
725431,8;0,0815682
725448,4;0,0815732
725465;0,08157326
725481,8;0,08157574
725498,7;0,08157574
725514,9;0,08157993
725532,2;0,0815816
725549,3;0,08158408
725582,1;0,08158323
725601;0,08158404
725617,6;0,08158404
725634,1;0,08158404
725651,1;0,08158326
725667,3;0,08158408
725691,1;0,08158408
725707,7;0,08158408
725735,1;0,0815732
725751,6;0,08156572
725768,3;0,0815616
725784,8;0,08155996
725801,4;0,08155748
725817,9;0,08155748
725834,6;0,08155578
725851,6;0,08155081
725867,6;0,08154255
725892,7;0,08153173
725909,6;0,08153088
725925,8;0,08152425
725942,4;0,08151755
725958,9;0,08151343
725975,6;0,08150928
725992,1;0,08150513
726009,3;0,08150265
726025,6;0,0815002
726052,9;0,08148687
726069,4;0,08148677
726086,1;0,08147435
726102,7;0,0814686
726119,7;0,08146524
726135,8;0,08145775
726152,4;0,0814536
726168,9;0,08144945
726185,4;0,08144697
726214,7;0,08143612
726231,4;0,08143364
726248,3;0,08143445
726264,6;0,08141952
726286,2;0,08141363
726302,8;0,08141033
726319,3;0,08141033
726336,1;0,08139711
726352,4;0,08139377
726380,5;0,08138796
726397,1;0,08138796
726413,6;0,08138544
726430,2;0,08138044
726446,7;0,08138044
726463,3;0,08138044
726480,1;0,08137792
726496,4;0,08137622
726513;0,08137289
726539,6;0,08137037
726556,1;0,08137037
726572,8;0,08136785
726589,4;0,08136541
726606,3;0,08136207
726622,5;0,08136207
726639;0,08135789
726655,6;0,08135537
726672,1;0,08135119
726700,1;0,08135533
726716,8;0,08135452
726733,3;0,08135533
726749,9;0,08135612
726766,4;0,08135694
726782,9;0,08135445
726799,6;0,08135527
726816,3;0,08135445
726832,7;0,08135445
726859,3;0,08135112
726875,9;0,08134861
726892,4;0,08134615
726909;0,08134618
726925,6;0,08134027
726942,4;0,081337
726958,7;0,081337
726975,3;0,08133204
726991,8;0,08133122
727028;0,08132873
727044,6;0,0813221
727061,2;0,08132129
727077,9;0,08132129
727094,3;0,08131799
727110,9;0,08131629
727127,9;0,08131465
727144;0,08130973
727169,4;0,08130724
727186;0,08130806
727202,8;0,08130476
727219,1;0,08130476
727235,9;0,08130309
727252,3;0,08130306
727269,2;0,08130306
727285,5;0,08130391
727301,9;0,08130391
727328,8;0,08130224
727346,2;0,08130391
727361,9;0,08130401
727378,6;0,08130234
727395,1;0,08130237
727411,9;0,08130237
727428,8;0,08130408
727444,8;0,08130411
727461,6;0,08130411
727490,4;0,08130323
727506,9;0,08129989
727523,5;0,08129244
727540,8;0,08128173
727556,9;0,08127428
727573,4;0,08126526
727590,6;0,08125795
727606,6;0,08124478
727623,1;0,08123995
727648,9;0,081221
727665,4;0,08121453
727682;0,0812031
727698,6;0,08119653
727715,1;0,08119653
727735,6;0,0811917
727752,8;0,08118683
727768,7;0,08117543
727786,6;0,08115596
727813,8;0,08115351
727830,4;0,08114129
727846,9;0,08114208
727864;0,08114044
727880,1;0,08114044
727897,5;0,08114545
727914,5;0,08115626
727930,9;0,08116045
727947,3;0,08116045
727974,3;0,08117375
727991,2;0,0811829
728007,4;0,0811862
728024,5;0,08119531
728040,8;0,08120116
728057,1;0,08120698
728073,8;0,08121361
728090,6;0,08122024
728106,8;0,08122024
728134,1;0,08123776
728150,6;0,08123939
728167,3;0,08124854
728183,8;0,08125021
728200,4;0,08125766
728216,9;0,08126507
728233,5;0,08127419
728250,3;0,08127752
728266,8;0,08128501
728301,1;0,08129834
728320,5;0,08129834
728337,1;0,08130661
728353,6;0,08130661
728370,3;0,08131242
728387,3;0,08131324
728403,9;0,08132406
728430,6;0,08133647
728461,1;0,08133987
728477,7;0,0813399
728494,2;0,08133405
728510,8;0,08132821
728528;0,08132742
728543,9;0,08132082
728560,5;0,08131337
728577,1;0,08130596
728593,8;0,08130596
728620,8;0,08127401
728637,4;0,08126819
728653,9;0,08125509
728670,6;0,08124611
728687,1;0,08123383
728704;0,08121978
728720,2;0,08121324
728736,8;0,08120001
728753,7;0,08119338
728780,8;0,08118024
728797,4;0,08118024
728813,9;0,08115637
728831;0,08114494
728847,1;0,08114
728863,6;0,08113425
728880,3;0,08113425
728896,8;0,0811137
728913,4;0,08111129
728940,4;0,08109733
728956,9;0,08108254
728973,5;0,08107515
728991;0,081076
729006,9;0,08107277
729023,3;0,08107277
729039,8;0,08107277
729056,3;0,08106291
729072,9;0,08104814
729100,6;0,08102776
729117,2;0,08102112
729133,8;0,08101544
729150,3;0,08101544
729175;0,0809966
729191,8;0,08098346
729208,2;0,08098186
729224,7;0,08096951
729249,8;0,08096288
729266,4;0,08094069
729282,9;0,08093416
729299,6;0,08092103
729316,1;0,08091854
729332,6;0,08090214
729349,2;0,08089476
729366,2;0,08088408
729382,5;0,08087839
729407,4;0,08087006
729423,9;0,08085203
729440,5;0,08084203
729457;0,08084203
729473,8;0,08082063
729490,8;0,08081321
729506,7;0,08080917
729524,2;0,08080509
729540,1;0,08080263
729566,4;0,08080421
729582,9;0,08080097
729599,6;0,08080097
729616,1;0,08080176
729632,6;0,08080176
729649,3;0,08080336
729665,8;0,08080336
729682,9;0,08080574
729698,9;0,08080976
729724,3;0,08081381
729740,8;0,08081704
729757,4;0,08082024
729773,9;0,08082266
729790,5;0,08082344
729807,1;0,08082344
729823,7;0,08082259
729840,5;0,08082341
729856,8;0,08082093
729891,9;0,08080447
729908,4;0,08079872
729925,1;0,08078966
729942,3;0,08077643
729958,6;0,08077232
729974,8;0,08075833
729991,3;0,08075166
730007,9;0,0807401
730034,7;0,08072772
730051,2;0,08071609
730067,8;0,08071119
730084,4;0,08070455
730100,9;0,08069541
730118,2;0,08068547
730134,1;0,08067463
730150,6;0,0806689
730167,2;0,08065894
730197,8;0,08064737
730215;0,08063992
730231,6;0,08063992
730249,1;0,08062584
730265,6;0,08062255
730282,3;0,08062255
730298,8;0,08061758
730315,3;0,08061333
730331,9;0,08059265
730359,8;0,08057683
730376,4;0,08057179
730393,2;0,08057179
730409,6;0,080552
730426,1;0,080552
730442,7;0,08053952
730459,3;0,08053781
730475,8;0,08053366
730492,4;0,08053118
730519,3;0,080532
730535,8;0,08053037
730552,4;0,08053445
730569,1;0,08053689
730585,6;0,08053689
730602,1;0,08054826
730625,4;0,08055803
730642,6;0,08056542
730659,2;0,0805679
730686,7;0,08058257
730703,5;0,0805842
730720,1;0,08059475
730736,6;0,08059801
730753,3;0,08060209
730769,8;0,08060451
730786,4;0,08060937
730802,9;0,08061346
730819,7;0,08062238
730846,6;0,08062898
730863,2;0,08063469
730879,7;0,08063874
730896,3;0,08064616
730912,8;0,08064939
730929,6;0,08064939
730946,6;0,08064939
730962,9;0,08065671
730979,1;0,08067056
731004,5;0,0806844
731021,5;0,08069097
731037,7;0,08069509
731054,3;0,08070325
731070,8;0,08070648
731087,3;0,08071302
731103,9;0,08072278
731120,5;0,08072846
731137;0,0807301
731162,5;0,08073585
731179,8;0,08074653
731196,2;0,08074653
731212,3;0,08076286
731229,4;0,08076692
731245,4;0,08077344
731262,1;0,0807824
731278,4;0,08078729
731295,4;0,08079543
731330,4;0,08080533
731347,1;0,08081347
731363,6;0,08081996
731380,6;0,08082324
731396,8;0,08082894
731413,3;0,08083793
731429,9;0,0808412
731446,4;0,08084364
731471,9;0,08084776
731488,4;0,08086086
731504,9;0,08086327
731521,7;0,08086899
731538,1;0,08087144
731554,7;0,08087722
731571,3;0,08087722
731587,8;0,08087964
731604,4;0,08088212
731633,9;0,0809124
731650,5;0,0809206
731667,1;0,0809206
731683,6;0,08092553
731700,2;0,08093533
731716,8;0,08093938
731733,3;0,08094585
731750,3;0,08094585
731766,4;0,08095153
731793,7;0,08095803
731810,3;0,08095885
731827,1;0,08097028
731843,4;0,08097443
731860;0,0809794
731877,4;0,0809794
731893,1;0,0809876
731909,7;0,0809925
731926,2;0,08099577
731951,5;0,08100726
731968,1;0,08101217
731984,6;0,08101621
732001,3;0,08101621
732017,9;0,08102112
732034,3;0,08102771
732051,3;0,08102934
732073,6;0,08103183
732090,1;0,08103346
732121,1;0,08104251
732137,8;0,08104659
732154,3;0,08104659
732170,9;0,08104908
732187,5;0,08105074
732204,3;0,08105153
732220,6;0,08105234
732237,2;0,08105482
732253,8;0,08106224
732280,6;0,08106972
732297,7;0,08107468
732313,7;0,08107468
732330,6;0,08108047
732347,3;0,08108047
732364,4;0,08108057
732380,3;0,08108306
732396,9;0,08108714
732413,4;0,08108959
732439,2;0,08109289
732456,1;0,08109289
732472,9;0,08109374
732488,9;0,08109622
732506,2;0,08110122
732522,5;0,0811037
732538,9;0,08110707
732555,8;0,08111037
732571,8;0,08111034
732598,4;0,08111527
732614,9;0,08111445
732632,1;0,08111694
732648,1;0,08111775
732664,7;0,08111857
732681,2;0,08111857
732698;0,08111938
732714,4;0,08112105
732730,9;0,08112109
732755,1;0,08112605
732771,7;0,08112945
732794,9;0,0811336
732811,8;0,08114112
732828,1;0,08114441
732844,6;0,08114441
732861,2;0,08114441
732877,8;0,08114441
732894,6;0,08116847
732920,9;0,08120864
732937,9;0,08121967
732954,1;0,08124409
732970,6;0,08126342
732987,2;0,08126342
733003,9;0,08128025
733020,3;0,08129709
733036,9;0,0813173
733053,4;0,08132992
733078,3;0,08135435
733094,9;0,08136364
733111,4;0,08137364
733128,3;0,08138381
733144,5;0,08141147
733161,6;0,08142076
733177,7;0,08143923
733194,6;0,08143923
733211;0,08147039
733236,5;0,08149301
733253,1;0,08150404
733269,6;0,08151996
733286,3;0,08152833
733302,8;0,08154676
733319,8;0,08155527
733335,9;0,0815737
733352,9;0,08158378
733369,1;0,08160313
733397,6;0,08163416
733414,5;0,08164093
733432;0,08166025
733448,6;0,08166852
733465,1;0,08166852
733482,4;0,08167873
733510;0,08168621
733526,9;0,08171478
733561,6;0,08176495
733579;0,08177254
733595,6;0,08177254
733612,1;0,08180519
733629,3;0,08181519
733645,8;0,08182934
733662,5;0,08183604
733679;0,08183604
733695,6;0,08186693
733725,4;0,08188696
733741,9;0,08189873
733758,6;0,08191377
733775,1;0,0819239
733791,7;0,08194142
733808,8;0,08194976
733825,3;0,08196564
733841,9;0,08196564
733858,4;0,08197397
733886,6;0,08200153
733903,1;0,08201653
733919,8;0,08203071
733936,3;0,08203578
733952,9;0,08204741
733969,4;0,08205323
733986;0,08206245
734002,8;0,08206245
734019,1;0,08207075
734044,9;0,08208574
734061,4;0,08208989
734078,3;0,08208989
734094,6;0,08209408
734111,1;0,08209656
734127,7;0,08209989
734144,4;0,08209989
734160,8;0,08209904
734183,8;0,08210241
734213,4;0,08210316
734230,1;0,08210316
734246,5;0,08210067
734263,4;0,08209983
734279,8;0,08209901
734296,2;0,08210061
734312,8;0,08210228
734329,4;0,08210313
734354,7;0,08210398
734371,5;0,08210309
734387,8;0,08210394
734404,8;0,08210146
734420,9;0,08209979
734438,6;0,08209898
734454,1;0,08209728
734471,4;0,08209816
734487,2;0,08209398
734514,2;0,08209146
734530,7;0,08208646
734547,3;0,08208146
734563,8;0,08207741
734581,3;0,08207336
734597,3;0,08207087
734614,1;0,08206839
734630,6;0,08206513
734646,7;0,08205931
734672,4;0,08205764
734689,6;0,08205193
734705,5;0,08205193
734725,3;0,08204458
734741,9;0,08203628
734759,1;0,08203961
734775,1;0,08204206
734791,7;0,08204206
734808,4;0,08204961
734833,7;0,0820571
734850,3;0,08206301
734867,3;0,08206471
734883,4;0,08206471
734906,5;0,08206557
734923,1;0,08206471
734939,6;0,08206553
734956,2;0,08206553
734973,5;0,08206557
734999,9;0,08206553
735016,6;0,08206896
735033,1;0,08206981
735050,2;0,08206812
735066,3;0,08207329
735083,2;0,08207492
735099,3;0,08207499
735115,9;0,08207499
735132,9;0,0820768
735162,5;0,08207935
735179;0,08208194
735195,6;0,08208623
735212,9;0,08208878
735229,6;0,08208878
735247,6;0,08209136
735264,2;0,08209828
735282,1;0,08210175
735315;0,08211029
735331,6;0,08211114
735348,8;0,08211809
735365,4;0,08211897
735383,1;0,08212323
735399,7;0,08212323
735416,3;0,08212323
735432,8;0,08212493
735449,8;0,08213092
735480;0,08214396
735496,5;0,08214744
735513,1;0,08215346
735529,7;0,08215602
735546,4;0,08216466
735563;0,08216817
735587,4;0,08217079
735604;0,08218377
735633,2;0,08218728
735650,6;0,08220461
735667,1;0,08220978
735683,6;0,08221754
735700,3;0,08222361
735717,1;0,08222361
735733,9;0,08224165
735750,2;0,08224934
735767,1;0,08225887
735796,6;0,08226231
735814,1;0,08228046
735830,7;0,08229081
735847,4;0,08229595
735864,3;0,08229595
735881,1;0,08231573
735897,6;0,0823236
735914,2;0,08232874
735930,8;0,08233568
735960,8;0,08236578
735977,9;0,08237007
735994,4;0,08237007
736011,1;0,08240516
736027,6;0,08240516
736044,2;0,08241197
736060,9;0,08241452
736077,3;0,08242228
736093,9;0,08246134
736123,9;0,08250552
736142,1;0,08251824
736158,6;0,08253434
736183,1;0,08258
736200,3;0,08259372
736217,6;0,08261662
736234,1;0,08264456
736250,8;0,08265817
736285,5;0,08269465
736306;0,08271925
736322,7;0,08273123
736339,1;0,0827541
736355,6;0,0827541
736373,9;0,08280498
736390,5;0,08282696
736408,4;0,08284982
736437,3;0,0828863
736453,8;0,08289903
736470,4;0,08291332
736487,8;0,08291587
736505,1;0,08296572
736521,8;0,08298022
736538,7;0,08301163
736555,3;0,08301163
736572,6;0,08307219
736603,4;0,08309836
736620;0,08312535
736636,8;0,0831508
736653,3;0,08317193
736669,9;0,08318605
736686,4;0,08320392
736703;0,08320392
736719,6;0,08321559
736737,3;0,08327118
736768,2;0,08331879
736785,6;0,08332811
736802,7;0,08334439
736819,9;0,08335903
736837;0,08336682
736863,4;0,08337636
736880,2;0,08337636
736898,6;0,08339454
736930,7;0,08340582
736947,3;0,08341014
736964;0,08341014
736980,6;0,08341794
736997,4;0,08342403
737014,1;0,08342754
737030,6;0,08342754
737047,1;0,08343101
737064,6;0,08343537
737094,9;0,08343974
737112;0,08344406
737130,1;0,0834492
737146,6;0,08345012
737164;0,08345012
737180,6;0,0834571
737197,7;0,08345884
737214,3;0,08346409
737232;0,08346671
737264,1;0,08347019
737280,9;0,08347019
737297,4;0,08347281
737314;0,08347458
737331,6;0,08347639
737348,1;0,08347639
737364,7;0,08347902
737381,3;0,08348253
737398,4;0,08348604
737430,1;0,08348958
737446,6;0,08348788
737472,5;0,08349568
737489,1;0,08349741
737505,6;0,08349826
737522,2;0,0834983
737538,8;0,0834983
737555,4;0,08349919
737581,6;0,0834983
737598,1;0,08350092
737614,8;0,08349745
737631,4;0,08349571
737648;0,08349483
737664,9;0,08348189
737681,1;0,08348189
737697,7;0,08346229
737715;0,08344783
737740,4;0,08341659
737757;0,08341493
737773,6;0,08339628
737791;0,0833335
737806,7;0,0833093
737823,9;0,0832898
737839,9;0,0832898
737856,4;0,0832331
737876,8;0,08318788
737904;0,08315024
737920,6;0,08315024
737937,1;0,08309821
737954,1;0,08309311
737970,5;0,08307735
737986,8;0,08307735
738003,4;0,08303373
738020,3;0,08295392
738042,8;0,08292051
738070,4;0,08290216
738087;0,08283418
738103,7;0,08282996
738120,1;0,08279399
738136,7;0,08275887
738153,6;0,08273468
738170;0,08270555
738186,3;0,08270555
738203,2;0,08266441
738231,6;0,08259587
738248,3;0,08258178
738264,8;0,08258178
738281,4;0,08251382
738298;0,08248363
738314,6;0,08246634
738331,1;0,08242544
738347,6;0,08242544
738364,3;0,08236541
738391,1;0,0823471
738407,7;0,08227872
738424,3;0,08224785
738441,8;0,08222512
738457,4;0,08218598
738474;0,08218598
738490,6;0,08212113
738507,1;0,08210867
738523,9;0,08206871
738551,3;0,08200449
738567,9;0,08198387
738584,9;0,08194538
738601,5;0,08194538
738618,1;0,08192612
738634,8;0,08190876
738651,2;0,08184931
738667,9;0,08179186
738684,4;0,08177026
738711,6;0,0817152
738728,1;0,08169366
738744,7;0,08166116
738766,5;0,08162352
738783,8;0,0815867
738799,6;0,0815867
738816,2;0,0815672
738832,8;0,08151031
738849,3;0,08148441
738875,4;0,08145919
738892,5;0,08144072
738908,6;0,08138283
738925,2;0,08135765
738941,7;0,08133662
738959,2;0,08133662
738975,1;0,08126952
738991,6;0,08126363
739008;0,08122236
739035,4;0,08119126
739052,1;0,08116087
739069,1;0,08114658
739085,1;0,08114658
739101,7;0,08108517
739118,7;0,08108084
739135,5;0,0810445
739151,4;0,08103018
739168;0,08100659
739193,8;0,08097518
739210,4;0,08094643
739226,9;0,0809347
739243,5;0,0809347
739260,2;0,08091849
739276,6;0,08090764
739293,2;0,08084578
739309,8;0,08082461
739327;0,08082461
739354,2;0,08076955
739370,8;0,08074669
739388;0,08073413
739403,9;0,08073413
739420,5;0,08069245
739437,1;0,08066954
739453,8;0,0806543
739470,1;0,08062644
739493,6;0,08060527
739521,4;0,08056553
739538,2;0,08055191
739554,6;0,08054273
739571,1;0,08052398
739587,7;0,08049441
739604,3;0,08047069
739620,8;0,08046219
739637,4;0,08046219
739664;0,08042524
739680,6;0,08040928
739697,1;0,08040262
739713,7;0,08040347
739730,3;0,08040347
739746,8;0,08040684
739763,6;0,0804118
739779,9;0,08042075
739796,6;0,08043379
739823,8;0,08044679
739840,3;0,08044679
739857,1;0,08045737
739873,9;0,08045737
739890,3;0,08046312
739906,6;0,08046312
739923,2;0,08047854
739940,1;0,08049726
739956,7;0,08050941
739983,5;0,08051751
740000,3;0,08052078
740017,2;0,08052078
740033,2;0,08053622
740050;0,08054266
740066,4;0,08054753
740082,9;0,08055154
740099,5;0,08055396
740116;0,08055638
740142,6;0,08056036
740159,8;0,08056036
740175,8;0,08055958
740192,8;0,0805636
740219,6;0,08056605
740236,2;0,08056605
740252,8;0,08057167
740269,4;0,08057568
740299,4;0,08059182
740317,8;0,08059182
740334,9;0,08061054
740350,9;0,08063503
740367,5;0,08065206
740384,1;0,08066117
740400,6;0,08066519
740417,2;0,08069625
740433,8;0,08072161
740459,5;0,08074924
740476;0,08076163
740493,1;0,08078045
740509,1;0,08079093
740525,8;0,08080165
740542,3;0,08080165
740558,9;0,0808171
740575,4;0,08086042
740592,3;0,08087672
740621,4;0,08090697
740640,3;0,08092096
740656,9;0,08093726
740673,4;0,08095852
740690,3;0,08096741
740706,9;0,08098619
740723,6;0,08098619
740740,1;0,08100919
740756,6;0,08103216
740787,4;0,0810551
740803,9;0,0810551
740822,1;0,0810862
740838,8;0,08109858
740856,4;0,08111083
740872,9;0,08111083
740889,5;0,08113376
740906,1;0,08114281
740931,7;0,08115914
740961,7;0,08117299
740978,3;0,08117625
740994,9;0,08117785
741011,5;0,08117547
741027,9;0,0811755
741044,6;0,08117227
741061,1;0,08116985
741077,6;0,0811658
741094,3;0,08116338
741119,7;0,08116178
741136,6;0,08115453
741152,9;0,08114722
741169,4;0,08114483
741186;0,08114483
741202,6;0,08113827
741219,1;0,08111896
741235,7;0,08110835
741252,3;0,08110273
741278,6;0,08109868
741295,1;0,08108895
741311,7;0,08107752
741328,6;0,08107275
741344,8;0,08106948
741361,4;0,08106543
741378,6;0,08104593
741394,5;0,08103704
741411,1;0,08103143
741437,5;0,08102
741454,1;0,08100951
741470,8;0,08100138
741487,2;0,08099498
741504,2;0,08098599
741520,3;0,08098358
741536,9;0,08097865
741553,9;0,08096237
741570,6;0,08095258
741598,1;0,08094604
741614,6;0,08093948
741631,3;0,08091752
741654;0,08090776
741670,6;0,08090613
741687,1;0,08089483
741703,9;0,08088104
741720,3;0,0808648
741746,3;0,08084373
741762,9;0,08083315
741779,5;0,08082423
741796,3;0,08081855
741812,6;0,08081777
741829,2;0,08080796
741845,7;0,08079996
741863,1;0,08076831
741879,8;0,08074309
741905,6;0,08072931
741922,7;0,08072199
741939,2;0,08071712
741955,3;0,08069534
741971,8;0,08068645
741988,4;0,08067518
742004,9;0,08066702
742021,6;0,08065647
742038,1;0,08064277
742064,9;0,08063151
742081,5;0,08063151
742098;0,08062188
742114,6;0,08061466
742131,2;0,0806123
742147,8;0,08060505
742164,4;0,08060505
742180,9;0,0805994
742197,6;0,08059375
742228,8;0,08059294
742246,1;0,08059137
742262,6;0,0805833
742279,2;0,08057526
742295,7;0,08056478
742312,7;0,08055756
742329,5;0,08053959
742345,4;0,08053129
742362,9;0,08053129
742399,4;0,08047337
742415,9;0,08046266
742432,5;0,08046266
742449,1;0,08045374
742465,6;0,08045129
742482,2;0,08044466
742498,8;0,08040532
742515,4;0,08037756
742541,9;0,08035047
742558,5;0,08035047
742575;0,08034142
742592,1;0,0803095
742608,4;0,0802964
742625,4;0,0802881
742641,3;0,0802881
742657,9;0,08024884
742674,4;0,0802357
742700,8;0,0802144
742717,6;0,08020375
742733,9;0,08018484
742750,5;0,08017337
742767;0,08016027
742784,1;0,08015116
742800,2;0,08015197
742816,8;0,08011839
742833,3;0,08010617
742862,3;0,08008245
742878,9;0,08006769
742895,4;0,08005861
742912,1;0,08005214
742928,9;0,08004806
742945,2;0,08003571
742961,8;0,08003898
742978,3;0,08004401
742994,9;0,08004979
743020;0,08007038
743036,6;0,08007205
743053,3;0,08008279
743069,8;0,08009759
743086,3;0,08010259
743103,3;0,08010742
743123,3;0,08012069
743140,1;0,08015516
743156,5;0,08020139
743184,1;0,08022694
743200,7;0,08022694
743217,3;0,08026553
743233,9;0,08028372
743250,8;0,08030105
743266,9;0,08030768
743283,6;0,0803249
743300,4;0,08034306
743316,6;0,08035306
743343,9;0,08039325
743360,7;0,08041128
743377,4;0,08042026
743394,3;0,08042676
743410,6;0,08043247
743426,9;0,08045364
743443,6;0,08045772
743460,2;0,08046252
743476,7;0,08046416
743501,7;0,08047863
743518,3;0,0804835
743534,9;0,0804851
743551,4;0,08048431
743568;0,08049075
743584,7;0,08049558
743601,6;0,08049802
743617,7;0,08049802
743634,3;0,08050201
743663,8;0,0805093
743680,4;0,0805125
743696,9;0,08052211
743713,6;0,08052211
743730;0,08052684
743746,6;0,08052684
743763,1;0,08053409
743779,8;0,08055258
743801,3;0,08056303
743835,4;0,0805807
743852,9;0,08059282
743869,5;0,08059923
743886,4;0,08059923
743902,6;0,08061545
743919,3;0,08062669
743935,8;0,08063796
743952,8;0,08063796
743982,2;0,08065968
743998,8;0,08067016
744015,3;0,080675
744032,9;0,08068623
744048,4;0,08069182
744065;0,08070149
744081,6;0,08070149
744098,1;0,08070636
744114,9;0,08072083
744139,6;0,08073951
744156,3;0,08073951
744172,8;0,08074594
744189,4;0,08076204
744206;0,08077253
744222,9;0,08077906
744239,1;0,08077906
744256,1;0,08080091
744272,7;0,08080254
744302,9;0,08082767
744323,4;0,08083975
744340;0,08084779
744356,6;0,08084779
744373,4;0,08085518
744389,7;0,08085518
744406,3;0,08086403
744427,3;0,08090309
744457,9;0,08091772
744474,5;0,08093157
744491,3;0,08094709
744518,6;0,0809634
744535,2;0,08097891
744552,9;0,08097891
744569,4;0,08098622
744586,8;0,08101892
744617;0,08104192
744634,1;0,08104271
744650,8;0,08104921
744667,4;0,0810745
744685;0,0810909
744701,6;0,08109913
744719,9;0,08109913
744736,4;0,08113278
744753,7;0,08114339
744784,1;0,08116218
744800,7;0,08118015
744819,1;0,08119086
744835,7;0,08119403
744854,2;0,08120229
744870,8;0,08122598
744888,1;0,08123999
744905,2;0,08124907
744921,5;0,08124907
744951,5;0,08127286
744968,1;0,08127616
744985,3;0,08127616
745001,9;0,08127616
745019,4;0,08127367
745036,2;0,0812737
745055,7;0,08126364
745072,9;0,08126031
745089,4;0,08126031
745120,2;0,08124364
745137,7;0,08124282
745166;0,08123949
745185,4;0,08122361
745201,9;0,08122105
745218,7;0,08121272
745235,4;0,08121272
745254,3;0,08120517
745287,6;0,08118606
745306,4;0,08117936
745323;0,08117435
745339,9;0,08116677
745356,9;0,08116262
745373,1;0,08116098
745389,6;0,08116098
745406,2;0,08116183
745433,7;0,08116606
745450,6;0,08117854
745466,8;0,0811835
745483,4;0,08119425
745499,9;0,08120173
745516,6;0,08120997
745533,6;0,08122147
745550;0,08122147
745566,3;0,08125287
745595;0,08126865
745612,4;0,08128519
745628,8;0,08128519
745644,7;0,08129423
745661,3;0,08129505
745677,9;0,08130413
745694,4;0,08133315
745711,4;0,08136461
745727,9;0,08138029
745754,4;0,08140095
745771;0,08141091
745790;0,081425
745806,8;0,081425
745823,5;0,08145911
745839,9;0,08147081
745864,7;0,08149074
745883,4;0,08150914
745913,7;0,0815384
745930,3;0,08156191
745946,8;0,08157028
745963,4;0,0815929
745980;0,08160548
745996,6;0,08161718
746013,1;0,08162821
746029,7;0,08166076
746046,3;0,0816759
746073,9;0,08170849
746090,9;0,08173119
746107,8;0,08174036
746123,6;0,08175377
746140,2;0,08176629
746156,8;0,08176629
746173,3;0,08180912
746189,9;0,08180827
746206,4;0,08183675
746233,6;0,08185855
746250,3;0,08186691
746266,8;0,08188447
746283,4;0,0818878
746300,3;0,08189198
746316,6;0,08190031
746333,1;0,08192623
746349,6;0,08194538
746366,2;0,08195957
746394,6;0,08197212
746411,2;0,08198801
746427,9;0,08199892
746444,3;0,08200062
746461,8;0,08201406
746478,4;0,08202406
746494,9;0,08202906
746511,6;0,08202739
746528,1;0,08202821
746564,3;0,08202487
746580,9;0,08201072
746597,5;0,08200413
746614,4;0,08199501
746630,6;0,08199501
746647,1;0,08198678
746664;0,08197688
746680,3;0,08196779
746706,9;0,08195786
746723,6;0,0819463
746740,1;0,08193633
746757,3;0,08193633
746773,6;0,08193218
746789,8;0,08192144
746806,4;0,08192144
746823,2;0,08191065
746839,6;0,08190232
746867,6;0,0818965
746884,2;0,0818965
746900,8;0,08188735
746917,4;0,0818865
746935,8;0,08188402
746952,3;0,08187983
746970,4;0,08187157
746987,3;0,08185997
747005,1;0,08185412
747035,9;0,08184994
747052,4;0,08184912
747070,2;0,08183508
747086,8;0,08183178
747104,7;0,08183011
747121,2;0,08182929
747141,2;0,08181844
747158,8;0,08181514
747192,2;0,08181092
747208,8;0,08181092
747226,4;0,0818117
747243,2;0,08181255
747269,9;0,0818167
747286,4;0,08182752
747303,1;0,08183422
747319,8;0,08184099
747349;0,08185855
747365,9;0,08186357
747382,1;0,08187194
747398,8;0,08188035
747415,3;0,08188956
747431,9;0,08188956
747448,6;0,08190222
747465,8;0,08191644
747482,3;0,0819232
747511;0,08194004
747527,6;0,08194522
747544,1;0,08195025
747560,9;0,08195025
747577,3;0,08195624
747594,1;0,08196049
747611,4;0,08197999
747630,6;0,08199449
747647,2;0,08200558
747675,9;0,08200984
747695,6;0,08202525
747712,1;0,08202525
747730,5;0,08204141
747747,1;0,08205166
747763,9;0,08205599
747780,5;0,08206279
747798,9;0,082068
747830,6;0,08208869
747847,2;0,08209898
747865,9;0,08210241
747882,5;0,08211191
747901,2;0,08211805
747917,8;0,08212496
747934,4;0,08213102
747957,7;0,08213619
747991,6;0,08214232
748008,8;0,08215009
748026,6;0,08215356
748043,1;0,08215448
748060,6;0,08215707
748077,2;0,08215707
748097,1;0,08217093
748113,6;0,08217788
748145,1;0,08218564
748163;0,08219251
748179,6;0,08219762
748196,2;0,0821968
748212,7;0,08219935
748229,3;0,08219935
748246,3;0,0822063
748264,8;0,0822236
748296,3;0,08223236
748312,8;0,08223668
748330,8;0,082241
748347,4;0,08225904
748365,1;0,08226766
748381,8;0,08227286
748399,2;0,08227286
748415,9;0,08229017
748433,1;0,08229356
748464,3;0,08230916
748480,8;0,08231869
748497,4;0,08232639
748514,3;0,0823416
748531;0,08235415
748547,6;0,08235932
748564,8;0,0823829
748581,5;0,08240218
748598,4;0,08242385
748637,4;0,08245715
748654,5;0,08247206
748671,1;0,0824829
748688,4;0,08248781
748705,8;0,08251947
748722,6;0,08253114
748739,1;0,08255035
748756,7;0,08256698
748787,3;0,08258699
748803,8;0,08259787
748821,6;0,08261709
748838,3;0,08261709
748856,3;0,08262461
748872,9;0,08263046
748891,4;0,08265968
748907,9;0,08268223
748941,2;0,08270226
748957,9;0,08271995
748974,5;0,08274094
748991,1;0,08275186
749007,6;0,08275186
749024,3;0,08278799
749041,5;0,08279894
749061,5;0,08281823
749090,3;0,08282738
749107;0,0828594
749123,6;0,08288042
749140,2;0,08288787
749156,8;0,08290301
749173,9;0,08292148
749190,1;0,08292817
749206,8;0,08294087
749223,5;0,0829442
749254,2;0,08297305
749271,2;0,0829722
749288,4;0,08298067
749315,5;0,08299081
749332,1;0,08299514
749349,6;0,08300024
749366,1;0,08300109
749383,3;0,08300198
749412,7;0,08300365
749429,2;0,08300793
749446,8;0,08300882
749463,6;0,08300882
749480,8;0,08301144
749497,3;0,08301144
749514,2;0,08301144
749531;0,08301067
749549,8;0,08300801
749584,4;0,08301063
749601,3;0,0830097
749619,7;0,08300797
749636,3;0,08300797
749653,9;0,0830028
749670,5;0,08300106
749687,7;0,08299851
749704,4;0,08299851
749731,6;0,08299677
749748,7;0,08299419
749765,4;0,0829916
749782,7;0,08298986
749799,8;0,08298291
749815,9;0,08297855
749832,4;0,08297682
749849,9;0,08296994
749866,6;0,08296558
749897,9;0,08295339
749915,1;0,0829508
749931,6;0,08294382
749948,2;0,08294123
749964,9;0,08293425
749989;0,08292992
750006,2;0,08292553
750022,7;0,08292467
750054,5;0,08291174
750071,1;0,08290911
750087,7;0,08290911
750104,8;0,08289954
750121,3;0,08289954
750139,5;0,08289951
750156,4;0,08289514
750175,8;0,08288306
750210,6;0,08287094
750228,4;0,08286658
750246,9;0,08286055
750263,6;0,08285619
750280,5;0,08284833
750297,1;0,08284658
750314,6;0,08284488
750332,3;0,08284137
750359,7;0,08283358
750377,4;0,08282748
750394,1;0,08282663
750412,1;0,08282323
750428,6;0,08281713
750446,4;0,08281277
750464,4;0,08281104
750481,1;0,0828093
750499,9;0,08280317
750533,3;0,08279547
750549,9;0,08279547
750567,6;0,08278941
750584,1;0,08278941
750601;0,08278774
750617,6;0,08278523
750634,9;0,0827869
750651,5;0,08278941
750678,3;0,08279026
750711,5;0,08278941
750730,3;0,08278859
750746,8;0,08278859
750763,3;0,08278944
750779,9;0,08278944
750796,4;0,08279029
750813,1;0,08279026
750829,8;0,08278764
750846,2;0,08278846
750871,3;0,08278761
750887,9;0,08278506
750904,4;0,08278587
750921,1;0,08278251
750937,8;0,08278166
750954,1;0,08277914
750970,8;0,08277144
750987,3;0,08277144
751004,1;0,08276198
751030,6;0,08275947
751047,2;0,08274586
751063,8;0,082745
751080,5;0,08273824
751096,9;0,08273051
751113,4;0,08272111
751130,3;0,08271942
751146,6;0,08271942
751163,1;0,08271091
751194;0,08270251
751210,5;0,08269733
751227,1;0,08269733
751243,7;0,08268624
751260,4;0,08268376
751277;0,08267688
751293,5;0,08267607
751310,3;0,08267607
751326,7;0,08266494
751362,7;0,08265806
751379,3;0,08265547
751395,8;0,08265547
751412,6;0,08265547
751429;0,08265463
751445,6;0,08264863
751462,3;0,08264002
751478,7;0,0826392
751496;0,08263832
751521,4;0,0826323
751538;0,0826306
751554,6;0,08262712
751571,1;0,08262538
751588;0,08262191
751604,3;0,08262191
751620,9;0,08261854
751637,4;0,08261333
751654,1;0,08261248
751680,3;0,08260989
751697,1;0,08260557
751714,1;0,08260213
751729,9;0,08260039
751746,4;0,08260039
751763,1;0,08260039
751779,6;0,08259518
751796,2;0,08259607
751812,8;0,0825943
751839;0,08259518
751855,6;0,0825926
751872,1;0,08259001
751888,8;0,08258827
751905,3;0,08258742
751921,9;0,08258576
751938,4;0,08258671
751954,9;0,08258756
751971,6;0,08258501
752001,8;0,08258583
752019,1;0,08258753
752035,6;0,08258837
752052,7;0,08258756
752075,7;0,08259015
752092,3;0,08259281
752109;0,08259458
752125,4;0,08259809
752154,8;0,08260146
752172,1;0,08260409
752188,2;0,0826093
752204,8;0,08261192
752221,3;0,08261281
752238,2;0,08261281
752254,4;0,08261791
752271;0,08261791
752287,6;0,08261883
752317,3;0,08261628
752336,3;0,08261897
752353,3;0,08261894
752369,4;0,08262064
752386;0,08261979
752402,8;0,08261979
752419,1;0,08261805
752435,7;0,08261543
752452,2;0,08261543
752480,1;0,08261716
752496,6;0,08261546
752513,4;0,08261284
752529,9;0,0826145
752547,4;0,08261886
752564,1;0,08261801
752581,3;0,08261631
752598,3;0,08261967
752615,8;0,08262134
752647,3;0,08261967
752663,9;0,08262053
752681,1;0,08262053
752697,7;0,08261886
752715;0,08261971
752731,6;0,08262308
752755,9;0,0826273
752772,5;0,08263159
752804,6;0,08264538
752821,2;0,08265398
752837,9;0,08266086
752854,3;0,08266086
752870,9;0,08268333
752888,1;0,0826894
752904;0,08269376
752920,6;0,08272056
752937,1;0,08272998
752964,1;0,08275859
752981,4;0,08278465
752997,3;0,08279588
753013,8;0,08282105
753030,4;0,08283151
753046,9;0,08283151
753063,6;0,08286437
753080,1;0,08289567
753096,6;0,08290949
753124;0,08292091
753140,6;0,08295991
753157,2;0,08298685
753174,2;0,08300939
753190,3;0,08301113
753206,9;0,08303545
753223,5;0,08305803
753240;0,08308323
753256,7;0,08309706
753290,6;0,08314402
753309,2;0,08314402
753326,2;0,08315367
753342,3;0,08315367
753358,9;0,08316583
753375,8;0,08321365
753392;0,08323354
753409;0,08325076
753449,7;0,08327518
753466,3;0,08328993
753482,8;0,08328993
753499,4;0,08331758
753515,9;0,08331758
753533;0,08333739
753549,1;0,08334607
753565,7;0,08335653
753591,3;0,08337464
753608,1;0,08338162
753624,5;0,0833929
753641,3;0,08340679
753657,6;0,08340938
753674,2;0,08341803
753691,1;0,08341888
753707,4;0,08344146
753723,8;0,083451
753750,1;0,08346056
753766,7;0,0834701
753783,2;0,08348226
753799,8;0,08348481
753816,4;0,08349966
753832,9;0,08349966
753849,5;0,08351618
753866;0,08352487
753882,6;0,08352487
753913,8;0,08356126
753930,4;0,08356914
753948,1;0,08357864
753964,8;0,08358643
753981,4;0,08358643
753998,3;0,08359253
754016,9;0,08362213
754033,5;0,08362819
754066,4;0,08364556
754083,4;0,08364903
754100;0,08365691
754117,9;0,08366389
754134,4;0,08366389
754161,1;0,08368307
754179,9;0,08369356
754196,7;0,08369962
754231,3;0,0837171
754253,6;0,08372844
754270,1;0,08373886
754287,8;0,08374496
754307,6;0,08375712
754325,1;0,08377105
754342,1;0,08378066
754358,7;0,08378761
754387,3;0,08380073
754403,9;0,08382348
754420,5;0,08383656
754437;0,08385578
754453,6;0,08387332
754470,1;0,08388124
754486,8;0,08389871
754503,3;0,08390215
754520,2;0,0839231
754548,4;0,08395625
754565;0,08397284
754581,6;0,08397284
754598,1;0,08398503
754614,7;0,08398592
754631,3;0,0839956
754647,8;0,08401485
754664,4;0,08405232
754681;0,08409774
754707,6;0,0841205
754724,4;0,08414322
754740,8;0,08414322
754757,3;0,08417463
754774,1;0,08418697
754790,9;0,08420541
754807;0,08421505
754823,6;0,08421864
754847;0,08424605
754881,2;0,08425662
754900,9;0,08427166
754917,9;0,08428492
754935,5;0,08429553
754952,1;0,08430003
754968,6;0,08430628
754986,3;0,08430805
755002,9;0,08430894
755034,3;0,08431603
755050,9;0,08432055
755068,1;0,08432324
755084,8;0,08432779
755101,4;0,08432782
755118;0,08432871
755135;0,08433234
755154,4;0,08433323
755187,8;0,08433951
755205,6;0,08434224
755223,8;0,0843449
755240,3;0,0843476
755257,1;0,0843476
755273,7;0,08434937
755291,1;0,08435208
755307,8;0,08435655
755340,9;0,08436098
755357,5;0,08436364
755374;0,08436364
755390,6;0,08437161
755407,2;0,0843787
755423,8;0,08438314
755440,3;0,08438753
755456,9;0,08439016
755473,4;0,08439367
755503,3;0,08440073
755529,1;0,08440604
755545,6;0,08441047
755562,2;0,08441399
755578,8;0,08441661
755595,3;0,08441924
755611,9;0,08442012
755628,6;0,08442452
755655,8;0,08443235
755672,5;0,08443235
755688,9;0,08443582
755705,6;0,08444019
755722,1;0,0844393
755739,2;0,08444636
755755,3;0,08444636
755771,8;0,08445426
755788,4;0,08445337
755816,2;0,0844577
755832,8;0,08446213
755849,6;0,08446479
755866;0,08447099
755882,4;0,08447011
755899,1;0,08447362
755915,6;0,08447539
755932,2;0,08447805
755948,8;0,08448337
755975,2;0,08448777
755993;0,08448688
756009,6;0,08449039
756026,8;0,08449482
756043,3;0,08449837
756060,1;0,08449922
756077,1;0,08449922
756093,2;0,0845089
756109,8;0,08451329
756140,3;0,08451506
756157,1;0,08451861
756173,6;0,08452038
756190,3;0,08452304
756215,2;0,08452567
756231,8;0,08453007
756248,4;0,08453354
756264,9;0,08453528
756295,9;0,08455659
756312,4;0,08455844
756329,1;0,08455844
756345,6;0,08457263
756362,2;0,08458527
756379,3;0,08459063
756395,3;0,08459522
756412;0,08459703
756428,4;0,08462267
756455,7;0,08466412
756472,3;0,0846772
756489;0,08468549
756505,4;0,0847234
756522;0,0847234
756539,5;0,08474412
756555,1;0,08477559
756571,6;0,08490422
756588,2;0,08523594
756615,9;0,08553471
756632,4;0,08559522
756649,8;0,0857349
756665,6;0,0860997
756682,1;0,08650893
756698,9;0,08669932
756715,3;0,08669932
756732;0,08736037
756748,6;0,08736037
756778,9;0,08802747
756795,5;0,0882488
756819,1;0,08857117
756835,7;0,08885153
756852,5;0,08919288
756869,7;0,08933345
756886,3;0,08933345
756902,8;0,08973932
756930,7;0,09032087
756947,7;0,09048211
756964,6;0,09048211
756980,8;0,09092639
756997,4;0,09130476
757014;0,09154922
757030,6;0,09162473
757047,5;0,091962
757063,9;0,09228017
757090,5;0,0927386
757107,1;0,09289984
757124,4;0,09322848
757140,8;0,09339923
757156,8;0,09351251
757173,3;0,09354598
757189,9;0,0937101
757206,5;0,09401651
757223,1;0,09471443
757250,9;0,09512831
757268,1;0,09512831
757284,4;0,09560722
757300,6;0,09577037
757317,1;0,09606646
757333,7;0,09640725
757350,3;0,09654281
757366,8;0,09683992
757383,4;0,09688547
757411,9;0,09750966
757428,4;0,09765901
757445;0,09782482
757461,6;0,09830578
757478,8;0,09848706
757495,3;0,09878506
757511,9;0,09895166
757535,6;0,09926865
757566,4;0,09991182
757582,9;0,09998742
757599,5;0,1004022
757617,1;0,1005711
757634,3;0,1008862
757650,9;0,1011707
757667,7;0,1012213
757684,4;0,1015477
757700,9;0,1018757
757728,1;0,1023698
757744,7;0,1025236
757761,4;0,102858
757778,3;0,1030297
757794,4;0,1030297
757811;0,1031793
757827,9;0,1033485
757844,1;0,1033485
757860,7;0,1040784
757890;0,1048125
757906,8;0,104962
757923,2;0,104962
757939,7;0,1054062
757956,3;0,1057857
757972,8;0,1059781
757989,6;0,1061011
758006;0,1063157
758022,5;0,1069039
758049,1;0,1071752
758066,4;0,1073907
758082,3;0,1073907
758099,8;0,1078889
758115,4;0,108192
758131,9;0,1084488
758148,9;0,1086746
758165,2;0,1090061
758181,6;0,1091743
758207,7;0,1096245
758224,3;0,1096555
758245,6;0,1098487
758261,8;0,110302
758278,3;0,1106016
758294,9;0,1109463
758311,5;0,1111109
758332,1;0,111425
758361,1;0,1118887
758377,8;0,1120592
758394,3;0,1123735
758410,8;0,1125232
758427,3;0,1125232
758443,9;0,1127029
758460,8;0,112846
758477,1;0,112846
758493,6;0,1133845
758521,2;0,11417
758537,8;0,1142973
758554,6;0,1142973
758571,5;0,1146989
758587,4;0,1147621
758604,1;0,1148379
758621,1;0,114911
758637,1;0,114911
758653,9;0,1149664
758680,9;0,114986
758698,1;0,1149827
758714,1;0,1149793
758730,9;0,1149708
758747,2;0,1149658
758763,8;0,1149658
758780,4;0,1149523
758796,9;0,1149523
758813,8;0,1149473
758843,6;0,1149405
758860,1;0,1149302
758876,7;0,1149302
758894,1;0,1149249
758910,4;0,1149266
758927,4;0,1149215
758949,9;0,1149247
758966,5;0,1149247
758993,4;0,1149247
759009,9;0,1149264
759026,5;0,1149246
759043,4;0,1149246
759059,8;0,1149228
759076,2;0,1149228
759092,7;0,1149295
759110;0,1149311
759125,9;0,1149343
759155,1;0,1149441
759171,8;0,1149441
759188,3;0,1149441
759204,9;0,1149523
759221,4;0,1149538
759238,4;0,1149555
759254,6;0,1149571
759272;0,1149605
759287,8;0,1149589
759314,6;0,1149572
759331,2;0,1149622
759349;0,1149638
759367,1;0,1149638
759383,6;0,1149638
759403,4;0,1149638
759420,3;0,1149638
759440,4;0,1149655
759473,2;0,1149638
759489,9;0,1149638
759507,1;0,1149605
759523,8;0,1149605
759542,3;0,1149605
759558,8;0,1149667
759576,9;0,114965
759594;0,1149567
759626;0,1149445
759654,2;0,1149411
759671,1;0,1149411
759687,6;0,1149307
759705,5;0,1149307
759722,1;0,1149223
759738,8;0,1149223
759755,4;0,1149174
759787,4;0,1148773
759804,8;0,1148676
759821,5;0,1148595
759838,8;0,1148529
759855,8;0,114848
759872,1;0,1148351
759888,6;0,1148139
759906,8;0,1147912
759938,3;0,1147686
759954,8;0,1147605
759972,3;0,1147605
759988,9;0,1147349
760006,3;0,1147156
760022,8;0,1146948
760039,5;0,1146774
760056,6;0,1146725
760073,6;0,1146375
760104,1;0,1145959
760120,8;0,1145943
760139,7;0,1145786
760157,6;0,1145295
760174,2;0,114501
760191,8;0,114488
760208,4;0,1144864
760226,5;0,1144297
760258,3;0,1144043
760275,1;0,1143443
760292,1;0,1143109
760308,7;0,1142886
760325,3;0,1142886
760346,3;0,1142759
760362,8;0,1142681
760379,4;0,1142443
760409,1;0,1141474
760425,7;0,114055
760442,2;0,1139496
760458,8;0,1139304
760475,6;0,1138602
760491,9;0,1138602
760509,1;0,1137883
760525;0,1137594
760542;0,1137101
760568;0,1136541
760585,2;0,1135988
760601,6;0,1135641
760617,8;0,1135371
760634,3;0,1135371
760650,8;0,1134048
760667,4;0,1133716
760683,9;0,1133103
760700,6;0,1132711
760727,6;0,1131829
760744,1;0,1131719
760760,8;0,113106
760777,3;0,1130324
760793,9;0,1129638
760810,4;0,1128903
760826,9;0,1128604
760843,9;0,1127882
760860,2;0,1127398
760885,8;0,1126364
760902,4;0,1125944
760918,9;0,1125238
760935,5;0,1124706
760952,1;0,1124219
760968,6;0,1123721
760985,2;0,1122972
761001,8;0,1122972
761018,3;0,112254
761057,1;0,1120193
761073,8;0,1119865
761090,4;0,1118985
761107,2;0,1118584
761123,8;0,1117797
761140,3;0,1116996
761156,9;0,1116597
761173,6;0,1115777
761204,4;0,1115019
761221,1;0,1114238
761237,6;0,1113436
761254,1;0,1113053
761270,8;0,1112195
761287,4;0,1111764
761304,6;0,1110969
761321,6;0,1110236
761340,8;0,1109533
761368,6;0,1109334
761385,2;0,1108022
761401,8;0,1107244
761418,3;0,1106773
761434,9;0,1106028
761451,6;0,1105178
761468,2;0,1104643
761484,6;0,110396
761501,6;0,1103419
761525,3;0,110262
761541,9;0,1101681
761558,4;0,1100748
761575,6;0,1100221
761591,6;0,1099377
761608,6;0,1098941
761624,7;0,1098065
761641,3;0,1098065
761658,3;0,1097632
761682,4;0,1097175
761700,1;0,1095633
761726,6;0,1093482
761743,2;0,1092975
761759,7;0,1092975
761776,3;0,1092305
761793,1;0,1090868
761809,7;0,1090388
761837,1;0,1089854
761853,6;0,1088401
761870,8;0,108786
761886,8;0,1087023
761903,5;0,1086637
761919,9;0,1085864
761936,5;0,1085864
761953,1;0,1085015
761970,6;0,1084213
761997,1;0,108298
762013,6;0,1082619
762031,1;0,1081848
762046,8;0,1081273
762063,4;0,1080642
762080,1;0,1079846
762096,6;0,1079467
762113,1;0,1078981
762129,6;0,1078307
762163,3;0,1076877
762179,9;0,1076785
762196,9;0,1075857
762213,1;0,1075226
762229,7;0,1074932
762246,7;0,1074218
762263;0,1073523
762279,5;0,1073523
762295,9;0,1073234
762322,9;0,1072764
762339,6;0,1071364
762356,1;0,1070671
762373,6;0,1070007
762389,4;0,1069604
762413,3;0,1068885
762430,1;0,1068063
762446,5;0,1067442
762472;0,1067442
762488,6;0,1065906
762505,1;0,1065188
762521,7;0,1064964
762538,8;0,1064398
762554,9;0,1064398
762571,8;0,1062851
762587,9;0,106242
762604,5;0,1061838
762629,1;0,1061117
762645,7;0,1060808
762662,3;0,1060158
762679,1;0,1060158
762695,4;0,1058893
762712;0,1058893
762728,8;0,1058171
762745,2;0,1057682
762761,7;0,1057051
762787,1;0,1056436
762804,3;0,1056436
762820,3;0,1055805
762836,8;0,1055066
762853,4;0,1054588
762870,5;0,1054309
762886,6;0,1054169
762903,6;0,1053474
762919,7;0,1053474
762944,1;0,1053179
762960,6;0,105255
762977,3;0,1051396
762993,8;0,1050678
763010,4;0,1050231
763026,9;0,1050231
763043,4;0,1049813
763060,1;0,1049111
763076,6;0,1049111
763104,1;0,1047869
763126,3;0,1047415
763143,4;0,104729
763160,2;0,1046809
763176,1;0,1046245
763193,6;0,1045694
763209,3;0,1045433
763225,8;0,1045433
763252,2;0,1044445
763269,4;0,1043938
763285,3;0,1043557
763302,1;0,1043203
763318,4;0,1042835
763335;0,1042463
763352,6;0,1041878
763368,5;0,1041754
763384,8;0,1041276
763410,1;0,1040771
763426,6;0,1040377
763443,4;0,1039997
763460,3;0,1039997
763476,6;0,1039164
763493,3;0,1038891
763509,8;0,1038404
763526,4;0,1038404
763542,9;0,1038175
763570,6;0,1037959
763587,2;0,1037959
763604;0,103726
763620,3;0,1036073
763636,8;0,1035506
763653,8;0,1035306
763670,2;0,1035011
763686,5;0,1034129
763703,4;0,1034129
763729,5;0,1033013
763746,6;0,1032433
763762,9;0,1032148
763779,8;0,103158
763795,8;0,1031104
763812,5;0,1030643
763828,9;0,1030303
763853,2;0,102954
763879,4;0,1028424
763896;0,1027938
763912,6;0,1027628
763929,7;0,102733
763945,7;0,1026933
763962,3;0,1026147
763978,8;0,102554
763995,4;0,1025197
764012,1;0,1024607
764035,7;0,1024607
764052,9;0,1023378
764068,9;0,1023074
764085,4;0,1022803
764102;0,1022215
764118,6;0,102168
764135,1;0,1021377
764151,8;0,1020769
764168,3;0,1020434
764191,4;0,1020434
764208,8;0,1020176
764224,6;0,1019852
764241,2;0,1019852
764257,7;0,1018529
764274,4;0,1017219
764290,8;0,1016528
764307,4;0,1015965
764324;0,1015559
764352;0,1014575
764369,1;0,1014204
764385,5;0,1013867
764401,9;0,1013624
764418,3;0,1012562
764434,9;0,101183
764452,3;0,1011427
764467,9;0,1010893
764484,6;0,1010111
764512,5;0,1008782
764529,1;0,1008267
764545,6;0,100724
764562,4;0,100724
764584,4;0,100598
764601,6;0,1004742
764617,9;0,1004231
764634,1;0,1003712
764650,9;0,1003228
764678,4;0,1001235
764694,9;0,1000268
764711,6;0,100016
764728,3;0,09991174
764744,9;0,09980922
764761,5;0,09970668
764777,8;0,09966426
764794,8;0,09956066
764810,9;0,09951241
764837,6;0,09946526
764854,3;0,09943686
764870,8;0,09941124
764887,3;0,09931377
764903,8;0,09908266
764920,4;0,09895556
764936,9;0,09890322
764953,8;0,09880272
764970,7;0,09874284
764995,3;0,09861001
765011,9;0,09855355
765029,2;0,09855355
765045,1;0,09834989
765061,6;0,09832494
765078,1;0,09820084
765095;0,09815376
765111,8;0,0980956
765127,8;0,0980463
765155,1;0,09785064
765171,9;0,09779702
765188,3;0,09769045
765204,9;0,09759015
765221,4;0,0975394
765237,9;0,09749606
765255,3;0,09749018
765277,3;0,09729213
765309,6;0,09714451
765328,6;0,09714451
765345,1;0,09694011
765362,6;0,09687899
765378,9;0,09678901
765394,8;0,0967389
765411,6;0,09673087
765428,5;0,09656787
765458,9;0,09639917
765475,4;0,09637624
765491,9;0,09632815
765508,6;0,09632815
765526,9;0,0962083
765543,5;0,0960034
765560,1;0,09593416
765576,6;0,09589397
765593,2;0,09584603
765619,1;0,09575687
765635,7;0,09565865
765652,3;0,09561991
765668,8;0,09558158
765685,6;0,09553664
765701,9;0,09545031
765718,6;0,09541729
765735,1;0,09535754
765751,8;0,09535754
765777,3;0,09520419
765794,3;0,09519249
765810,4;0,09512338
765826,9;0,09509908
765843,6;0,09506147
765860,1;0,09498136
765876,9;0,09494963
765893,5;0,09489155
765909,8;0,0948319
765944,3;0,09474353
765960,9;0,0947305
765977,4;0,09466432
765993,9;0,09459181
766010,6;0,09459181
766027,5;0,09453118
766043,7;0,09453118
766060,3;0,09440438
766088,2;0,0943034
766105,2;0,09428257
766121,3;0,09425229
766137,9;0,09425229
766154,8;0,09422223
766171,2;0,09414682
766187,6;0,09403957
766204,4;0,09396694
766220,8;0,09395531
766253,3;0,09384536
766269,9;0,09380411
766286,3;0,0937597
766302,9;0,09371281
766319,6;0,09367886
766336,1;0,09367886
766352,8;0,09360436
766369,7;0,09354749
766385,9;0,09352162
766410,7;0,09351011
766429,5;0,09340252
766446,1;0,09337682
766462,6;0,0933535
766479,3;0,09333999
766495,8;0,0933257
766512,4;0,09328154
766528,9;0,09326079
766545,6;0,09324998
766574,4;0,09324227
766590,9;0,09320764
766615,9;0,09318393
766633,4;0,09318393
766649,3;0,09316677
766665,8;0,09314628
766682,1;0,09313007
766698,8;0,09312136
766726,3;0,09309454
766743,3;0,09309454
766759,4;0,09308588
766776;0,09307621
766792,6;0,09307621
766809,1;0,09304716
766826,5;0,0930077
766842,3;0,09298529
766858,8;0,09298529
766888,1;0,09294048
766904,9;0,09292024
766921,1;0,09290005
766937,8;0,09288082
766954,5;0,09285644
766970,9;0,09284361
766987,4;0,09282443
767004;0,09281174
767020,8;0,09281174
767049,3;0,09276722
767066,1;0,09276722
767082,4;0,09272593
767099;0,0927069
767115,9;0,09268887
767132,1;0,09266983
767148,7;0,0926455
767165,5;0,09262133
767182,4;0,09260662
767210,2;0,09258027
767226,8;0,09255081
767243,9;0,09253605
767259,9;0,0925035
767276,7;0,09247297
767296,8;0,09244884
767313,4;0,09243101
767329,9;0,09243101
767346,5;0,09238515
767375,3;0,09234035
767392,1;0,09232583
767408,4;0,09231338
767425,6;0,09231338
767441,8;0,09228848
767458,2;0,09223878
767475,3;0,09220459
767491,3;0,09219536
767508,6;0,09217364
767537,9;0,09210473
767554,6;0,09207372
767571,1;0,09205101
767587,9;0,09200951
767604,3;0,09200951
767620,8;0,09195536
767637,4;0,09190591
767654,4;0,09187654
767670,6;0,09185076
767698,1;0,09176134
767714,7;0,09174667
767731,3;0,09168919
767747,8;0,09164249
767764,4;0,09160305
767780,9;0,09156255
767797,5;0,09153628
767814,1;0,09152387
767830,6;0,09141809
767859,5;0,09133957
767876,1;0,09133327
767892,7;0,0912764
767909,3;0,09121351
767926,5;0,09115268
767942,4;0,09111691
767963,3;0,09108087
767981,7;0,09100447
768008,2;0,09096612
768025,3;0,09090261
768041,3;0,09090261
768057,9;0,09086996
768074,4;0,09083933
768091;0,09074841
768108,1;0,09057715
768124,6;0,0904986
768140,8;0,09044977
768169,1;0,09036974
768185,7;0,09029064
768202,9;0,09020974
768219,3;0,09016874
768235,4;0,09008996
768251,9;0,09008996
768268,6;0,0900102
768285,1;0,08993433
768301,6;0,08987661
768326,9;0,089775
768343,5;0,0896964
768360,1;0,0896964
768376,8;0,08959457
768393,8;0,08954196
768409,8;0,08946825
768426,3;0,08939477
768442,9;0,08935638
768459,5;0,08929877
768484,8;0,08920541
768501,6;0,08913422
768517,9;0,08910044
768534,5;0,08903805
768551;0,08902434
768567,6;0,08895693
768584,4;0,08888979
768600,8;0,08882345
768617,3;0,08878163
768650,9;0,08866505
768667,5;0,088664
768684;0,08864645
768700,6;0,08862957
768718,6;0,08859964
768736,1;0,08845839
768752,8;0,08837219
768769,3;0,08831705
768796,3;0,08824909
768812,9;0,08819485
768829,4;0,08814175
768845,9;0,08810632
768862,6;0,0880712
768879,6;0,08804549
768895,7;0,08801915
768912,3;0,08792482
768928,8;0,08787409
768955,2;0,08783913
768971,9;0,08781365
768988,3;0,08772291
769004,9;0,08767013
769021,4;0,08763887
769038;0,08763887
769054,6;0,08753039
769071,9;0,08750468
769088,4;0,08745198
769112,8;0,08741186
769129,4;0,08737674
769145,9;0,08733068
769162,5;0,08728763
769179,1;0,08727959
769195,6;0,08722088
769212,3;0,08722088
769228,8;0,08718371
769245,4;0,08714456
769272,6;0,0870915
769289,3;0,0870915
769305,8;0,08707409
769322,3;0,08707506
769345;0,08705736
769361,6;0,08703794
769378,1;0,0869726
769395,4;0,08690912
769424,1;0,08689563
769440,9;0,08683543
769457,1;0,08682071
769474,1;0,08679163
769490,3;0,08677422
769507,4;0,08674905
769523,4;0,08673568
769540,1;0,08671051
769556,6;0,08668352
769586,3;0,08666129
769602,9;0,08662652
769619,4;0,08662652
769636;0,08660039
769653;0,08658025
769669,6;0,08655322
769686,2;0,08652733
769702,8;0,08651208
769719,3;0,08650145
769751,1;0,08644496
769767,6;0,08643349
769784,2;0,08640667
769800,8;0,08640667
769817,7;0,08637141
769834,4;0,08635061
769850,8;0,08632502
769867,4;0,0862985
769884;0,08628535
769912,4;0,08624659
769929;0,08622973
769946,3;0,08622124
769963;0,0862072
769979,4;0,0862072
769996,3;0,08619405
770022,1;0,08613698
770039,1;0,0860961
770069,8;0,08607575
770086,4;0,08606918
770103,1;0,08603526
770119,5;0,08601976
770136,1;0,08601259
770153,1;0,08600442
770169,8;0,08599181
770188,4;0,08597115
770221,5;0,08595134
770242,7;0,08592011
770259,2;0,08590233
770275,8;0,08589875
770293,1;0,08587202
770308,9;0,08584449
770325,9;0,08582859
770342,3;0,08578916
770367,5;0,08574003
770384,1;0,08570619
770400,9;0,08567458
770417,8;0,08563883
770433,8;0,08559197
770450,6;0,08556612
770467,1;0,08553749
770483,4;0,08553239
770500,4;0,0854254
770528,8;0,08535264
770545,3;0,08532007
770561,9;0,08532007
770578,4;0,0852069
770595,1;0,0852069
770611,6;0,08518082
770628,5;0,08516727
770644,7;0,08509426
770661,3;0,08501291
770685,6;0,0850077
770709,1;0,08486751
770725,9;0,08482846
770742,3;0,08479022
770758,8;0,08479022
770775,6;0,08473089
770791,9;0,08468315
770808,5;0,08463263
770825;0,08458193
770851,5;0,08453312
770868,8;0,08448416
770884,6;0,08445738
770901,2;0,0844119
770917,8;0,08439179
770934,7;0,08434479
770950,9;0,08434479
770967,4;0,08430893
770984,5;0,08426002
771015,1;0,08419584
771031,8;0,08415632
771048,3;0,08413173
771064,9;0,08409491
771081,4;0,0840771
771097,9;0,08403392
771114,7;0,08403392
771131,3;0,08396353
771148,3;0,08395384
771178,1;0,08387432
771194,6;0,08385254
771211,2;0,08382469
771227,8;0,08379507
771244,3;0,08379507
771260,9;0,08377413
771277,4;0,08375519
771294,3;0,08369025
771311,2;0,08363954
771342,6;0,08358007
771359,2;0,08358007
771385,4;0,08351285
771402,1;0,08346279
771418,8;0,08344205
771435,2;0,08344205
771452,2;0,08339033
771468,3;0,08335585
771492,2;0,08331783
771509,3;0,08331783
771525,6;0,08327718
771542,5;0,0832321
771559,4;0,08321564
771576,3;0,08321564
771592,3;0,08315903
771608,8;0,08312035
771625,3;0,08310071
771652,9;0,08305744
771670,1;0,08299454
771686,1;0,08297246
771702,6;0,08293161
771719,2;0,08293161
771735,8;0,0828801
771752,3;0,08284284
771768,9;0,08279688
771785,4;0,08275706
771811,6;0,08271825
771828,2;0,08268113
771844,8;0,08266007
771861,3;0,08262455
771877,9;0,08262455
771894,5;0,08260769
771911,1;0,08259813
771927,7;0,08254324
771944,2;0,08251416
771969,9;0,08249997
771986,4;0,08246641
772003,1;0,0824381
772019,6;0,08242916
772036,4;0,08241867
772052,9;0,08240714
772073;0,08238941
772090,1;0,0823754
772106,1;0,08236931
772131,7;0,08235431
772148,3;0,08234902
772164,9;0,0823464
772181,4;0,08234204
772198;0,08233672
772214,6;0,08233066
772231,1;0,08232804
772248,3;0,08232368
772264,8;0,08232456
772293,9;0,08233236
772310,9;0,08234282
772327;0,08235232
772343,9;0,08237738
772360,5;0,0823929
772376,7;0,08242123
772393,3;0,08243498
772409,9;0,08246586
772426,4;0,08249319
772452,6;0,08253598
772469,2;0,08255811
772485,8;0,08259279
772502,6;0,08259279
772518,9;0,08260981
772535,9;0,08263002
772552,1;0,08263002
772568,6;0,0826708
772585,1;0,0827497
772610;0,08279697
772626,6;0,08281204
772643,1;0,08283719
772659,8;0,08285821
772676,3;0,08286991
772692,8;0,08287906
772709,4;0,08287995
772725,9;0,08291584
772742,8;0,08292165
772776,9;0,08294509
772793,4;0,08295339
772810,3;0,08296087
772826,6;0,08297586
772843,1;0,08298172
772859,8;0,08298172
772878,8;0,0829975
772895,4;0,08300409
772925;0,08300995
772943,5;0,08301406
772960;0,0830208
772976,6;0,08302491
772993,2;0,0830292
773009,8;0,0830292
773027,4;0,0830548
773044;0,08307017
773060,6;0,08307865
773087,6;0,08308645
773104,2;0,08311047
773120,8;0,0831209
773137,6;0,08313047
773154,1;0,08313564
773170,7;0,08314259
773187,3;0,08314259
773204,1;0,08315386
773220,4;0,08316513
773246,2;0,08317555
773262,8;0,08317807
773280,1;0,08317807
773295,9;0,08317988
773312,5;0,08318417
773329,3;0,08318332
773345,6;0,0831842
773362,6;0,08318424
773378,8;0,08318254
773403,4;0,0831808
773420,3;0,08317995
773436,6;0,08316527
773457,6;0,08315659
773474,3;0,08314195
773490,8;0,08313415
773507,9;0,08312983
773524,5;0,08311441
773541,4;0,08310076
773571,6;0,08307939
773588,3;0,08307262
773605,8;0,08306237
773622,4;0,08304876
773639,2;0,08304876
773655,9;0,08303937
773672,8;0,08302927
773689,4;0,08302927
773706,3;0,08302423
773735,6;0,08301675
773752,1;0,08301005
773769,3;0,08300501
773785,6;0,08300501
773801,9;0,08299838
773818,6;0,08299838
773835;0,08299586
773851,6;0,08298419
773868,3;0,08296409
773897,1;0,08293076
773913,6;0,08293249
773930,3;0,08291576
773946,7;0,08289736
773963,3;0,08287729
773979,9;0,08286633
773996,4;0,08284283
774013;0,08283103
774030,1;0,08280414
774056,4;0,08278989
774073,4;0,08274181
774090,3;0,08272429
774107,2;0,08269475
774123,8;0,08269475
774147,6;0,08262843
774165;0,08260413
774181,8;0,08257377
774198,7;0,08254193
774226,7;0,08250242
774243,3;0,08247826
774259,8;0,08244638
774276,6;0,08242858
774293;0,0824035
774309,5;0,08238325
774326,2;0,08238325
774342,6;0,0822989
774359,9;0,08225748
774389;0,08220939
774405,5;0,08219917
774422,1;0,08211735
774438,9;0,08211735
774455,3;0,08209529
774472,4;0,08207344
774488,6;0,08205805
774506,5;0,08194451
774535,1;0,08192691
774551,6;0,08186133
774568,2;0,08184483
774585,6;0,08180631
774601,5;0,08180631
774617,9;0,08174458
774634,4;0,08172022
774651;0,08169878
774667,7;0,08166901
774695,7;0,08163845
774712,3;0,08160963
774729,5;0,0815817
774746,1;0,08156706
774762,6;0,08153827
774779,2;0,08152174
774795,8;0,08149554
774812,3;0,0814808
774828,9;0,08145869
774866,3;0,081425
774883,7;0,08139645
774899,5;0,08137202
774916,7;0,08136705
774933,8;0,08133108
774950,3;0,08131726
774967,3;0,08128367
774983,9;0,08126243
775013;0,08124337
775029,6;0,08115862
775046,1;0,0811375
775062,7;0,08108254
775079,3;0,08108254
775096,1;0,08105434
775112,4;0,08102826
775129,4;0,0809969
775145,6;0,08089428
775178;0,08078437
775195,1;0,08076341
775212,2;0,0807346
775228,3;0,08064578
775244,9;0,08061302
775261,4;0,08053934
775278,3;0,08052037
775294,7;0,08048878
775311,1;0,0803958
775337,3;0,08030409
775353,8;0,08030006
775370,4;0,08023486
775387,5;0,08017314
775404,4;0,08010843
775420,3;0,08006098
775436,8;0,0800141
775453,8;0,07998548
775469,8;0,07992915
775497,6;0,07989746
775514,1;0,07981591
775530,8;0,07978111
775553,3;0,07974072
775570,2;0,07970575
775586,4;0,07963993
775603,4;0,07959304
775619,4;0,07956924
775636,1;0,07953896
775664,9;0,07947886
775681,4;0,0794327
775698;0,07940949
775714,6;0,0793914
775731,1;0,07936898
775747,7;0,07936898
775764,3;0,0793048
775780,9;0,07924049
775797,8;0,07922215
775825,9;0,07916824
775842,9;0,07912485
775859,3;0,07908686
775875,8;0,07908285
775892,8;0,07902837
775908,8;0,07901116
775926,1;0,07897493
775941,9;0,07895689
775958,9;0,07893959
775987;0,07888389
776003,6;0,07886814
776020,4;0,07883994
776036,8;0,07879992
776053,3;0,07876705
776070,1;0,07875076
776087,2;0,07871786
776103,7;0,07869767
776120,3;0,07867413
776153,4;0,07863025
776169,9;0,07860366
776187;0,07859117
776203,6;0,07856756
776229,5;0,07855492
776246,2;0,07853684
776262,6;0,07850143
776279,2;0,07850143
776313,8;0,07847705
776330,4;0,07847705
776348,3;0,07845734
776364,8;0,0784494
776381,8;0,0784494
776398,4;0,07843845
776415,9;0,07840396
776432,6;0,07836381
776462,6;0,07833488
776481;0,07831611
776497,6;0,07830653
776514,2;0,07829649
776530,8;0,07828315
776548,2;0,07825732
776564,8;0,07824787
776581,5;0,07822759
776612,8;0,07820023
776629,3;0,07818297
776647,5;0,07818297
776664,4;0,07815566
776680,8;0,07814618
776697,3;0,07814618
776714,9;0,07811812
776731,5;0,07809941
776748,8;0,07808306
776778,4;0,07808225
776794,9;0,07804496
776812,4;0,07802474
776829,5;0,07800673
776846,6;0,07799354
776863,2;0,07798494
776880,9;0,07798265
776910,7;0,07794071
776941,6;0,0779113
776958,2;0,07789658
776975,6;0,07788882
776992,9;0,07787966
777009;0,07787423
777025,7;0,07787266
777042,9;0,07785806
777059,4;0,07783058
777077,1;0,07781989
777108,5;0,0778024
777125,1;0,0777979
777141,7;0,0777858
777158,7;0,07778049
777174,8;0,07777437
777191,5;0,07777437
777209,8;0,07776988
777226,4;0,0777668
777243,5;0,07776529
777272,8;0,07776378
777289,4;0,07776906
777306,2;0,07777132
777322,8;0,07777359
777339,4;0,07777584
777355,9;0,07777584
777373,3;0,07779159
777389,8;0,07779159
777409,4;0,07780053
777440,1;0,07781391
777456,7;0,07781843
777473,5;0,0778229
777490,4;0,07782815
777509,7;0,07784161
777526,8;0,07784161
777543,9;0,07784913
777560,7;0,07785661
777595,7;0,07786036
777612,4;0,07786186
777628,9;0,07786638
777646,2;0,07786488
777662,1;0,07786638
777678,9;0,0778694
777695,1;0,07787541
777711,7;0,07787616
777728,2;0,07787692
777755,1;0,07787767
777771,8;0,07787616
777788,3;0,07787541
777804,9;0,07787541
777821,4;0,07787616
777838,2;0,07787616
777855,1;0,0778679
777871,1;0,07786714
777887,7;0,07786261
777913,8;0,07786036
777930,9;0,0778596
777946,9;0,07785809
777963,5;0,07785809
777980,1;0,07785359
777996,7;0,07785359
778013,2;0,07785212
778029,9;0,07784837
778046,3;0,07784539
778075,6;0,07784239
778095,5;0,0778394
778112,1;0,07783718
778128,7;0,07783718
778145,2;0,0778334
778161,8;0,0778334
778178,7;0,07783039
778194,9;0,07782435
778225,3;0,07781979
778243,6;0,07781521
778267,8;0,07780906
778284,4;0,07780755
778300,8;0,07780451
778317,4;0,07780218
778334,2;0,07778312
778350,9;0,0777664
778378,6;0,07775123
778395,1;0,07774513
778412,6;0,07774513
778429;0,07772543
778444,8;0,07771934
778461,4;0,07771324
778477,9;0,07770341
778494,9;0,07769282
778511,1;0,07768751
778537,8;0,07767466
778554,3;0,07766409
778570,9;0,07765205
778587,4;0,07764753
778604;0,07763693
778621,1;0,07763009
778637,6;0,07763009
778654,3;0,07761428
778670,8;0,0776007
778697;0,07758266
778713,6;0,0775812
778730,3;0,07756925
778746,8;0,07755651
778763,3;0,077543
778779,9;0,07753542
778796,7;0,07752275
778813,1;0,07751752
778836,6;0,07750334
778862,5;0,07748462
778879;0,07746826
778895,6;0,07745709
778912,2;0,07744676
778928,8;0,07743924
778945,7;0,07743924
778961,9;0,07741992
778978,9;0,07739398
778995;0,07737768
779022;0,07735252
779038,5;0,07735252
779055,9;0,07734288
779073,2;0,07731636
779089,8;0,0773076
779106,3;0,07729872
779123,2;0,07729221
779140,2;0,0772651
779157,8;0,07724684
779188,6;0,07721663
779205,1;0,07720499
779222,4;0,07718229
779238,9;0,07716606
779256,5;0,07714626
779273,1;0,07714626
779291,1;0,07709572
779307,7;0,07709282
779326,5;0,07705563
779357,3;0,07700815
779373,8;0,07699204
779391,8;0,07697615
779408,3;0,07697034
779426;0,076909
779443,2;0,07688241
779459,8;0,07685702
779476,8;0,07682595
779492,9;0,07680058
779530;0,07672969
779546,6;0,07671106
779563,7;0,07671106
779579,7;0,07669422
779596,5;0,07667626
779612,9;0,07661612
779629,4;0,07657742
779646;0,07654534
779675,4;0,07651406
779691,9;0,07649805
779708,4;0,07646823
779725,1;0,07646823
779741,6;0,07640992
779758,2;0,07639532
779774,8;0,07637792
779791,3;0,07635175
779807,9;0,07635175
779834,3;0,07629506
779851,4;0,07627995
779867,4;0,07625672
779884;0,07625672
779900,6;0,07621673
779917,1;0,07620453
779933,6;0,07620236
779950,3;0,07614941
779967;0,07612555
779996,3;0,07611109
780013,9;0,07609873
780031,6;0,07604946
780048,1;0,07603288
780066;0,076009
780082,6;0,07599302
780099,3;0,07598154
780116;0,07595982
780132,4;0,07592359
780162,9;0,07588025
780179,6;0,07586567
780196;0,07585978
780222,1;0,07583668
780239,1;0,07583668
780256,1;0,07575775
780273,3;0,07571628
780290,6;0,0756909
780316,8;0,07568283
780334,2;0,07563144
780350,8;0,07560393
780367,5;0,07559031
780384,3;0,07556357
780401,4;0,075549
780418,1;0,07553177
780434,6;0,07553104
780451,2;0,07547968
780480,5;0,07546739
780498,3;0,07542324
780514,9;0,07540093
780532,8;0,07540093
780549,4;0,07537923
780566,9;0,07534239
780583,8;0,07533293
780600,4;0,07531992
780631,5;0,07527512
780648,1;0,07525351
780665;0,07523405
780681,6;0,07523405
780700;0,07520071
780718,1;0,0751799
780735,2;0,07517057
780751,5;0,07514976
780782,6;0,07512098
780799,1;0,07511304
780824,5;0,07508794
780841,1;0,07508794
780859,7;0,07507711
780876,3;0,07507071
780894,5;0,07505563
780911;0,07502765
780941,1;0,07501327
780958,7;0,07500397
780975,8;0,0749918
780992,8;0,0749803
781010;0,0749725
781026,3;0,07496814
781042,8;0,07496814
781059,8;0,07494812
781076,4;0,07494318
781106,2;0,0749346
781123,1;0,0749346
781140,4;0,07492606
781159,2;0,07492388
781175,8;0,07492033
781192,3;0,07491748
781208,9;0,07491601
781227,8;0,07491603
781257,6;0,07491601
781274,2;0,0749174
781290,7;0,07491955
781307,7;0,07492168
781323,9;0,07492168
781340,4;0,07492455
781357,9;0,07493313
781374,6;0,07494164
781391;0,07494164
781422,1;0,07496334
781439;0,07497455
781455,7;0,07498094
781472,9;0,07498094
781488,8;0,07498861
781511,3;0,07499358
781530,2;0,07501186
781549,8;0,07504211
781580;0,07504915
781596,6;0,07506402
781613,2;0,07507461
781629,8;0,07507815
781646,3;0,07507815
781662,9;0,07509375
781680,1;0,07509875
781696,6;0,0751045
781713,2;0,07511014
781743,5;0,07511866
781760;0,07513078
781776,6;0,07513364
781793,1;0,07513928
781809,8;0,075145
781826,4;0,07515914
781843,4;0,07516839
781860,1;0,07517412
781877;0,07518196
781907,6;0,07519761
781924,6;0,07520115
781943,1;0,07520973
781959,6;0,075214
781976,2;0,07522465
781992,8;0,07522465
782010,9;0,07523384
782027,4;0,07524236
782044,8;0,07524803
782074,3;0,07525015
782090,8;0,07526074
782116;0,07526571
782132,6;0,07526857
782150,3;0,07527064
782166,9;0,07527556
782183,6;0,07527972
782199,9;0,07528316
782228,3;0,07528663
782244,9;0,07528873
782261,4;0,07529222
782278;0,07529292
782294,6;0,07529569
782311,1;0,07529569
782327,8;0,07529644
782344,3;0,07529921
782360,8;0,07530061
782387,5;0,07530198
782404,1;0,07530268
782420,8;0,07530475
782437,2;0,07530475
782453,8;0,07530683
782470,6;0,07530683
782487;0,07531029
782505,6;0,07531236
782522,4;0,07531801
782551,1;0,07532083
782567,7;0,07533147
782584,3;0,07533859
782600,8;0,07534219
782617,4;0,07535429
782634,4;0,07535429
782650,5;0,07537206
782674;0,07538488
782701,7;0,07539765
782718,8;0,07540686
782734,8;0,07540902
782751,4;0,07541323
782767,9;0,07541826
782784,6;0,07541826
782801,1;0,07542536
782817,6;0,07543665
782834,6;0,07544167
782861,8;0,07545092
782878,3;0,07545092
782894,9;0,07545522
782911,4;0,07546022
782928,1;0,07546239
782944,8;0,07546379
782961,1;0,07546452
782977,8;0,07546664
782994,3;0,07546382
783024,8;0,07546452
783042,4;0,07546242
783058,9;0,07545958
783075,8;0,07545463
783092,4;0,07545463
783110,3;0,07544619
783129,6;0,07543783
783146,2;0,07543079
783174,6;0,07542796
783191,2;0,07541326
783210,6;0,07540771
783227,5;0,07539785
783244,2;0,07539785
783263,8;0,07536855
783280,3;0,075358
783297,7;0,07534817
783327,7;0,07532235
783349,9;0,07531122
783368,4;0,07529248
783384,9;0,07527432
783401,5;0,07527432
783418,3;0,07526319
783435;0,07525288
783451,6;0,07521822
783481,8;0,07516342
783500,3;0,07513776
783516,9;0,07512469
783533,8;0,07511085
783550,4;0,07509421
783567,4;0,07505422
783584,1;0,07502736
783601,5;0,07501201
783633,9;0,07496314
783650,5;0,07494038
783667,5;0,07492251
783684;0,07491145
783700,6;0,07489223
783717,3;0,07485144
783735,4;0,07482031
783752,6;0,07480594
783768,6;0,07480594
783802,6;0,07473364
783819,1;0,07471696
783835,7;0,07471008
783852,8;0,07468165
783868,8;0,07465389
783885,4;0,0746254
783902;0,07459635
783918,7;0,07459355
783939,5;0,07455321
783973,4;0,07451177
783993,5;0,07448482
784015,5;0,07445711
784033,4;0,07445711
784050,1;0,0744454
784075,1;0,07443147
784093,3;0,07439162
784128,9;0,07431935
784147,9;0,07430556
784166,6;0,07428306
784185,8;0,07426051
784202,3;0,07423868
784219,1;0,07422493
784235,6;0,07420517
784254,6;0,07418541
784288,5;0,07414524
784305,1;0,07413299
784322,9;0,0741228
784339,5;0,07410169
784356;0,07407507
784372,6;0,07405262
784389,2;0,07403979
784405,7;0,07401534
784424,5;0,07400302
784458,7;0,07398615
784475,3;0,07394873
784491,8;0,07390141
784508,4;0,07388522
784524,9;0,07385068
784541,8;0,07382811
784558,8;0,07382811
784574,6;0,07375392
784592;0,07373907
784616,3;0,07367627
784632,9;0,07364626
784651,4;0,07361762
784667,9;0,07358218
784684,5;0,07356445
784701,1;0,07355826
784721,6;0,0735276
784738,9;0,07345739
784754,7;0,07341917
784779,5;0,0733692
784796;0,07336109
784812,8;0,0733228
784829,3;0,07326686
784845,7;0,0732628
784862,3;0,07323142
784878,9;0,07323142
784895,4;0,07316176
784912;0,07314552
784937,1;0,07311407
784953,7;0,07311407
784970,9;0,07305671
784987,3;0,07304243
785003,4;0,07303143
785019,9;0,07300758
785036,5;0,07300758
785053,8;0,07296533
785069,6;0,07296533
785095,1;0,07293544
785111,6;0,07291499
785128,2;0,07290882
785144,8;0,07289048
785161,3;0,07289048
785178,1;0,07286189
785194,6;0,07285448
785211;0,07283811
785227,9;0,07282522
785254,5;0,07281432
785271,6;0,07280274
785287,7;0,07280274
785304,4;0,07279119
785320,9;0,07279119
785337,8;0,07279119
785353,9;0,07279119
785370,5;0,07277961
785387,1;0,07276804
785422,1;0,07276736
785438,8;0,07276943
785455,3;0,07277215
785471,9;0,07277964
785488,4;0,0727858
785504,9;0,07278991
785521,5;0,07280216
785538,1;0,07281032
785554,6;0,07282253
785579,4;0,07283742
785595,9;0,07284211
785612,6;0,07285633
785629,1;0,07286172
785645,6;0,07286172
785662,3;0,07288552
785679,4;0,07289223
785695,4;0,07289907
785711,9;0,07292611
785740,7;0,07295271
785757,4;0,07295271
785774,1;0,0729691
785790,6;0,07298686
785807,1;0,0730054
785823,8;0,07301433
785840,7;0,07301433
785856,8;0,07305146
785873,4;0,07306309
785898,9;0,07308584
785915,8;0,07308584
785932,2;0,07313556
785948,6;0,07313556
785965,2;0,07314382
785981,8;0,07314939
785998,3;0,0731611
786015,2;0,07321788
786031,4;0,07326507
786058,7;0,07331741
786081,3;0,0733545
786097,8;0,07337543
786114,4;0,07339644
786130,9;0,07342535
786147,4;0,0734776
786164,3;0,07352037
786180,6;0,07353949
786197,2;0,07358462
786225,4;0,07363889
786242;0,07363889
786258,6;0,0737181
786275,1;0,07376847
786291,7;0,07379951
786309,1;0,07382805
786324,8;0,07385548
786341,4;0,07394038
786358,8;0,07400066
786382,4;0,07402526
786398,9;0,07403524
786415,5;0,0741263
786432,1;0,07416572
786448,6;0,074187
786465,2;0,07420491
786481,8;0,07421644
786498,4;0,0742631
786514,9;0,0742631
786541,8;0,07431261
786559,1;0,07433333
786574,9;0,07434596
786591,5;0,07435799
786608,5;0,07437206
786624,6;0,07437206
786641,9;0,07439625
786658,2;0,07446341
786674,7;0,07450925
786700,8;0,07458203
786717,4;0,07461654
786733,9;0,07467658
786750,5;0,07470743
786771,3;0,07477063
786785,1;0,07483242
786801,6;0,07483242
786818,3;0,07490043
786834,8;0,07496394
786860,8;0,07507208
786877,4;0,07510401
786894,2;0,07517219
786910,6;0,07524138
786927,4;0,07527345
786943,8;0,07534402
786961,1;0,07537729
786976,8;0,07537729
786993,4;0,07548317
787020,1;0,07557466
787036,7;0,07560462
787053,3;0,07560462
787069,9;0,07573257
787086,5;0,07576701
787102,9;0,0758076
787119,6;0,07586149
787136,1;0,07592405
787152,6;0,0759605
787178,1;0,07603123
787194,6;0,0760873
787211,2;0,0760873
787228;0,07612123
787244,3;0,07612123
787261;0,07615007
787277,4;0,07618397
787294;0,07630499
787310,6;0,07642233
787336,3;0,07647858
787352,8;0,07647858
787369,9;0,07659395
787385,9;0,07662218
787402,5;0,07664653
787419,1;0,0767043
787435,6;0,0767043
787452,2;0,07679969
787468,8;0,07679969
787502,1;0,07689442
787519,1;0,07693485
787535,2;0,07695634
787551,8;0,07697883
787568,4;0,07698244
787584,9;0,07705907
787601,4;0,07709377
787618,1;0,07711689
787634,6;0,07713913
787660,7;0,07719702
787678,3;0,07721576
787693,9;0,07721576
787710,4;0,07729336
787727;0,07730724
787743,8;0,07734704
787760,8;0,07736092
787776,7;0,07739438
787793,3;0,07741108
787815,8;0,07741471
787832,3;0,07746699
787849,2;0,07746699
787865,6;0,0774895
787882,1;0,0774895
787899,1;0,07750116
787915,3;0,07751206
787931,8;0,07759517
787948,3;0,07764119
787973,8;0,07765194
787990,4;0,07774465
788006,9;0,07776856
788023,6;0,07781837
788040,1;0,07781837
788056,6;0,07786446
788074;0,07793172
788089,8;0,07795329
788106,4;0,07797273
788131,9;0,07803053
788148,4;0,07805142
788165;0,0780675
788182,1;0,07811618
788198,1;0,07812843
788214,9;0,07814683
788234,3;0,07815069
788250,9;0,0781699
788267,4;0,07817911
788293,4;0,07819449
788310,1;0,07819682
788326,6;0,07819757
788343,2;0,07819832
788359,8;0,07819832
788376,3;0,07819757
788392,9;0,07819904
788409,4;0,07820056
788426;0,07820566
788450;0,07821815
788466,6;0,07821815
788483,1;0,07823252
788499,7;0,07824978
788516,3;0,07824978
788532,8;0,0782605
788549,9;0,0782697
788566;0,07828581
788582,5;0,07832441
788608,2;0,07834563
788624,8;0,07835487
788641,4;0,07835487
788658,1;0,07835269
788674,4;0,07834842
788691,3;0,07834264
788707,6;0,07833382
788724,2;0,07832786
788740,8;0,07829937
788764,8;0,0782641
788781,4;0,0782641
788797,9;0,0782367
788814,4;0,07822248
788831,4;0,07820252
788847,6;0,0781645
788864,2;0,07813615
788880,8;0,07811812
788897,8;0,07811812
788931,3;0,07804792
788947,9;0,07802531
788964,5;0,07801643
788981;0,0779962
788997,6;0,07795569
789014,2;0,07792255
789030,8;0,07790911
789047,3;0,07787681
789064,3;0,07786544
789088,7;0,07783311
789105,3;0,07780389
789121,9;0,07777599
789138,4;0,0777581
789154,9;0,07774672
789171,5;0,07773323
789188,3;0,07773323
789204,7;0,07769094
789221,2;0,0776448
789247,9;0,07760951
789264,4;0,07759805
789281;0,07759805
789297,6;0,07755499
789314,1;0,07755499
789330,8;0,07753157
789347,3;0,07751349
789363,9;0,0774968
789380,8;0,0774968
789406,4;0,0774666
789423;0,07745531
789439,5;0,07744333
789456,3;0,07742601
789472,6;0,0774102
789489,6;0,07740262
789505,8;0,07738759
789522,3;0,07738159
789539,5;0,07737106
789565,3;0,07735681
789581,9;0,0773531
789598,4;0,07734715
789615,4;0,07734634
789636,1;0,07732989
789652,6;0,07732095
789669,6;0,07731875
789685,8;0,07731875
789702,3;0,0773045
789729,4;0,07728208
789746,6;0,0772716
789762,5;0,07726412
789779,2;0,0772582
789795,6;0,0772582
789812,2;0,07725292
789829,3;0,07724851
789845,3;0,07723662
789862,6;0,07722316
789890,3;0,07720841
789907,3;0,07719553
789923,4;0,07716981
789939,9;0,07714151
789956,6;0,07713384
789973,3;0,07709756
789989,7;0,07705737
790006,3;0,07702233
790022,8;0,07700663
790048,5;0,0769581
790065,1;0,07694536
790081,7;0,07693205
790098,4;0,07692087
790114,8;0,07689241
790131,8;0,07688369
790147,9;0,07686944
790164,6;0,07686944
790182,1;0,07684331
790208,4;0,07683636
790225,4;0,07683711
790241,6;0,07683636
790258,3;0,07683636
790274,8;0,07684025
790291,3;0,07684025
790307,8;0,07685117
790324,4;0,07685742
790340,9;0,07686906
790374,1;0,07689229
790391;0,07691236
790407,3;0,07692473
790424,3;0,07695085
790440,8;0,07695085
790457,6;0,07696307
790473,5;0,07697849
790490,1;0,077009
790507,3;0,07707518
790533,8;0,07711242
790550,4;0,07714635
790567,1;0,07714635
790584;0,07719541
790600,3;0,07721932
790616,8;0,0772561
790633,2;0,07728977
790649,8;0,0773084
790666,3;0,0773302
790690,3;0,07733972
790706,9;0,07738145
790723,4;0,07740957
790740;0,07742127
790756,6;0,07743166
790773,1;0,07743814
790789,8;0,07746073
790806,3;0,0774629
790822,9;0,07746215
790848,4;0,07746363
790865,6;0,07745717
790881,5;0,07744866
790898,1;0,07744027
790914,6;0,07743102
790931,2;0,07741702
790947,8;0,07738555
790964,4;0,07735704
790980,9;0,07734238
791006,6;0,07729924
791023,2;0,07727772
791039,8;0,07726185
791056,3;0,0772519
791072,9;0,07724437
791089,7;0,07722785
791106;0,07722785
791128,4;0,07717773
791156,8;0,07705142
791173,3;0,0770321
791189,9;0,07701322
791206,6;0,07700433
791223,1;0,07693753
791240,1;0,07691824
791256,3;0,076875
791272,8;0,07685415
791289,4;0,07681574
791315,8;0,0767523
791333,3;0,07672939
791348,9;0,07669706
791365,5;0,07666691
791382,1;0,07664268
791398,9;0,07664268
791415,3;0,0765719
791432,1;0,07653292
791449,1;0,07648832
791474,6;0,07646801
791491,7;0,07640021
791508,1;0,07637986
791524,7;0,07632914
791541,6;0,07626264
791557,4;0,07622104
791574;0,07614253
791590,6;0,0761148
791607,1;0,07600962
791631,4;0,07582223
791647,9;0,07573523
791664,5;0,07568786
791681,1;0,07556091
791697,6;0,07540135
791714,2;0,07540135
791730,8;0,075327
791747,3;0,075327
791763,9;0,07506917
791799,1;0,07482827
791815,6;0,07458712
791832,2;0,07447378
791848,8;0,07439986
791865,8;0,0742638
791881,9;0,0742638
791898,5;0,07403163
791915,1;0,07399432
791940,3;0,07380036
791957,3;0,07366689
791973,4;0,07359158
791990;0,07345923
792007,1;0,07345923
792023,5;0,07329841
792039,7;0,07318695
792056,2;0,0730336
792073,3;0,07289731
792097,1;0,07274989
792113,9;0,07266382
792130,2;0,07249628
792147,1;0,07229467
792163,5;0,07218686
792179,9;0,07208838
792196,8;0,07186461
792213;0,07186461
792229,6;0,07152458
792254,9;0,07126699
792271,4;0,07106115
792288,8;0,07106115
792304,6;0,07068826
792321,6;0,07046431
792337,7;0,07034009
792354,4;0,07021315
792371,8;0,07010034
792387,4;0,07010034
792413,3;0,06967871
792430,5;0,06924593
792446,9;0,06903391
792463,1;0,06887022
792483,6;0,06875822
792500,4;0,06852253
792516,8;0,06828406
792533,3;0,06811602
792549,9;0,06791313
792576,7;0,06756864
792593,2;0,06744644
792610,1;0,06721428
792626,6;0,06701887
792642,9;0,06685048
792659,9;0,06674153
792676;0,066503
792693,2;0,06631191
792709,3;0,06616149
792732,9;0,06594283
792749,4;0,06572565
792766,1;0,06572565
792782,6;0,06550467
792799,2;0,06526934
792816,9;0,06510506
792833,5;0,06500269
792850,4;0,06490192
792867;0,06460762
792891,5;0,0644229
792908,3;0,06423547
792924,6;0,06415952
792941,2;0,06396918
792957,8;0,06388845
792974,3;0,06388845
792990,9;0,06372041
793007,4;0,06364164
793024,1;0,06363381
793052,5;0,06332693
793069;0,06299631
793085,6;0,06287932
793102,4;0,06270774
793118,7;0,06260907
793135,3;0,06246484
793151,9;0,06229286
793168,4;0,06229286
793188,4;0,06220427
793215,5;0,06186531
793232,1;0,06171822
793248,7;0,06171822
793265,3;0,06146217
793281,8;0,06130619
793298,6;0,06119817
793315,5;0,06113615
793331,5;0,06113615
793348,2;0,0608033
793379,2;0,06056335
793395,8;0,06045571
793412,4;0,06030869
793429,3;0,06014544
793445,5;0,06014544
793462,1;0,05998244
793478,6;0,05981851
793495,2;0,05964601
793511,8;0,05950828
793535,5;0,05933889
793552,1;0,05926459
793568,7;0,05917724
793585,3;0,05907974
793601,8;0,05897982
793618,7;0,05893683
793635,2;0,05893274
793651,5;0,05889056
793668,6;0,05885042
793693,5;0,05864732
793710,8;0,05856833
793726,6;0,05851429
793743,3;0,05845449
793759,9;0,05841866
793776,4;0,05841866
793792,9;0,05826544
793810,3;0,0582212
793826,3;0,05814279
793849,6;0,05806349
793866,1;0,05797765
793886,7;0,05789453
793903,3;0,05785106
793920;0,05781152
793936,4;0,05779408
793953,3;0,05764103
793969,5;0,05755365
793986,1;0,0575022
794011,9;0,05741105
794028,7;0,057319
794045,1;0,05726625
794061,6;0,05726625
794078,4;0,05712109
794094,8;0,0570764
794428,1;0,05604552
794444,8;0,05604552
794462,5;0,05604511
794477,8;0,05604232
794494,3;0,05604232
794510,9;0,0560415
794527,4;0,0560459
794544;0,0560503
794560,6;0,05605111
794577,1;0,05605508
794594,4;0,05606027
794610,3;0,05606265
794627,3;0,05606824
794643,4;0,05607024
794660;0,05607342
794676,7;0,05607899
794693,1;0,05607899
794709,7;0,05609538
794726,3;0,05610056
794742,8;0,05610336
794759,6;0,05611453
794775,9;0,05612246
794793,5;0,05612882
794809,1;0,05613716
794825,6;0,05614275
794842,3;0,05615148
794859,1;0,05615624
794875,4;0,05616217
794892;0,05616217
794908,5;0,05618002
794925,4;0,0561903
794941,9;0,05620098
794958,2;0,05620567
794974,8;0,05620567
794992,1;0,05622897
795007,9;0,05623609
795025,4;0,05624672
795041,1;0,05624672
795057,6;0,05626528
795074,2;0,05627392
795090,7;0,05627752
795107,4;0,05628299
795123,8;0,05628299
795140,4;0,05629013
795157;0,05631571
795173,5;0,05632675
795190,1;0,05633226
795207;0,05634133
795223,3;0,0563453
795239,9;0,05635437
795256,4;0,05635868
795273,1;0,05635868
795289,8;0,05637171
795306,3;0,05637922
795322,6;0,05638671
795339,3;0,05639103
795355,8;0,05639698
795372,4;0,05640011
795388,9;0,05640602
795405,5;0,05641114
795422,1;0,05641194
795438,9;0,05641549
795455,2;0,05642375
795472,1;0,05642846
795488,3;0,05643399
795504,9;0,05643399
795521,4;0,05644068
795538;0,05645133
795554,9;0,05645804
795571,2;0,05645882
795587,7;0,0564663
795604,5;0,0564746
795620,9;0,05648488
795637,4;0,0564892
795654;0,05649591
795670,6;0,05650223
795687,4;0,0565109
795704,3;0,0565109
795720,3;0,05651842
795736,9;0,05651842
795753,9;0,056524
795770;0,05652911
795786,6;0,05654103
795803,2;0,05654776
795819,8;0,0565443
795836,3;0,0565324
795852,9;0,05652289
795869,4;0,05650734
795886,1;0,05648657
795902,6;0,05648657
795919,4;0,0564744
795935,7;0,05643714
795952,3;0,05641787
795968,9;0,05640337
795985,7;0,05640337
796001,9;0,05642075
796018,7;0,0564722
796035,3;0,05651916
796051,8;0,05660237
796068,4;0,05672032
796084,8;0,05678468
796101,4;0,0568652
796118,6;0,0569892
796134,7;0,0569892
796151,3;0,05722911
796168,6;0,05731941
796184,6;0,05736268
796201,1;0,05770059
796217,4;0,05791501
796233,9;0,0580228
796250,4;0,0580228
796267;0,05830267
796283,6;0,05854298
796300,3;0,05865175
796316,8;0,05875168
796333,3;0,05876164
796349,9;0,05918045
796367,2;0,05918045
796383;0,0592898
796399,7;0,0592898
796416,4;0,05954626
796433,4;0,06002058
796449,4;0,06002058
796465,8;0,060233
796482,4;0,06043109
796499,4;0,06061674
796515,5;0,06081748
796532,1;0,06081748
796552,1;0,06091895
796565,3;0,06120324
796581,8;0,06120324
796598,4;0,06147882
796615,4;0,0616644
796631,5;0,06174876
796648,1;0,06192116
796664,9;0,06192116
796681,4;0,06221847
796697,8;0,06225976
796714,3;0,06243275
796730,9;0,06259637
796747,4;0,06268198
796764,1;0,06284452
796780,6;0,06292795
796797,2;0,06309675
796813,8;0,06319761
796830,3;0,06333239
796847,2;0,0634964
796863,4;0,0634964
796880;0,06357083
796896,6;0,06381001
796913,1;0,06397492
796929,7;0,0640503
796946,3;0,0640503
796962,8;0,06430412
796979,9;0,06444159
796996,9;0,0646353
797012,6;0,0646353
797029,7;0,064705
797045,8;0,06471077
797062,5;0,0649661
797078,8;0,06522746
797095,4;0,06539542
797111,9;0,06547536
797128,9;0,06564455
797145,1;0,06564455
797161,8;0,06594324
797178,2;0,06600678
797194,8;0,066162
797211,3;0,06633503
797227,9;0,06642477
797244,4;0,06659821
797261,1;0,06668849
797277,6;0,06686867
797294,3;0,0669751
797310,8;0,06712155
797327,3;0,06729951
797343,9;0,06729951
797360,4;0,06738081
797377;0,06763962
797393,8;0,06781634
797410,1;0,06789722
797426,7;0,06789722
797443,3;0,06817527
797459,8;0,06831597
797476,4;0,06848802
797493;0,06848802
797509,6;0,06857464
797526,1;0,06881076
797542,7;0,06881076
797559,4;0,06908569
797575,8;0,06921412
797592,4;0,069285
797609,4;0,06943101
797625,9;0,06957073
797642;0,06964831
797658,6;0,06964831
797675,2;0,06970755
797692;0,06978372
797708,3;0,06999636
797724,9;0,07016253
797741,6;0,07016253
797758;0,07027923
797774,6;0,07040725
797791,3;0,07049867
797807,8;0,07061532
797824,3;0,07067468
797840,8;0,0707922
797857,4;0,07084816
797873,9;0,07084816
797890,6;0,07100859
797907,1;0,07114815
797923,7;0,07121492
797940,3;0,07126217
797956,9;0,0713314
797974,3;0,07147615
797990,3;0,07154547
798006,5;0,07156684
798023,1;0,07157972
798039,7;0,07158028
798056,2;0,07156016
798072,8;0,07156016
798089,9;0,07149192
798105,9;0,07143333
798122,9;0,07138997
798139,2;0,07130269
798156,1;0,07123615
798172,2;0,07114492
798189;0,0710604
798205,4;0,07094864
798222,3;0,0708756
798238,4;0,07078906
798255;0,07061176
798272,9;0,07051163
798289,4;0,07051163
798306;0,07043377
798322,6;0,07036361
798339,1;0,07031734
798355,8;0,0699901
798372,3;0,06984892
798389,2;0,0697047
798405,4;0,06961405
798422;0,06946288
798438,6;0,0693479
798455,5;0,06927857
798471,7;0,0691444
798488,3;0,06904069
798504,8;0,06893292
798521,6;0,0688142
798538,2;0,0687219
798554,5;0,0687219
798571,1;0,06854322
798587,6;0,06846122
798604,5;0,06831501
798620,9;0,06818695
798637,9;0,06808657
798653,9;0,06799909
798670,6;0,06790316
798687;0,06780881
798703,6;0,06772529
798720,3;0,06759798
798736,9;0,06750569
798753,3;0,06745144
798769,9;0,0673328
798786,4;0,0673328
798803;0,06723478
798819,9;0,06709923
798837;0,06701002
798852,8;0,06696198
798869,3;0,06694698
798885,9;0,06677928
798902,6;0,06670681
798918,9;0,06660069
798935,6;0,06660069
798952,1;0,06655265
798968,7;0,06649342
798985,3;0,0663989
799002,2;0,06618197
799018,4;0,06612242
799034,9;0,06603505
799051,5;0,06596524
799068,1;0,06596524
799084,8;0,06574753
799101,2;0,06573482
799118,3;0,06557959
799134,3;0,06552701
799151;0,06541995
799169,4;0,06536268
799186,1;0,06525496
799202,6;0,06517126
799219,1;0,06508272
799235,7;0,06502516
799252,3;0,06491741
799268,9;0,06491741
799285,4;0,06487051
799301,9;0,06465025
799318,6;0,06459767
799335,6;0,06454363
799351,9;0,06448818
799368,3;0,06432947
799385;0,06428061
799401,8;0,06417469
799417,9;0,06417469
799434,9;0,06399511
799451,1;0,06397729
799467,6;0,06388585
799484,2;0,06379276
799500,8;0,06370643
799517,6;0,06366199
799534,2;0,06362204
799550,6;0,06362204
799567;0,06354149
799583,6;0,06350227
799600,2;0,06350227
799616,8;0,06346726
799633,5;0,06332482
799649,9;0,06320921
799666,4;0,0631753
799683,3;0,06312682
799699,6;0,06312682
799716,8;0,0630793
799733,3;0,06304443
799749,3;0,06304443
799765,8;0,06299704
799799,5;0,06292679
799799,5;0,06292949
799819,5;0,06293742
799836,2;0,06294324
799852,7;0,06294324
799869,4;0,06297428
799885,8;0,06299116
799902,4;0,06301326
799919;0,06302644
799935,5;0,06305664
799952,3;0,0630752
799968,6;0,06310333
799985,7;0,063133
800001,7;0,06316327
800018,3;0,06318489
800034,9;0,06322409
800051,4;0,06327287
800068,4;0,0632935
800084,6;0,06333957
800101,3;0,06333957
800118;0,0633644
800134,3;0,06337597
800150,8;0,06341348
800167,5;0,06351626
800184,8;0,06356547
800200,5;0,06361306
800217,6;0,0636376
800233,8;0,0636797
800250,3;0,06370185
800267,2;0,06374452
800283,4;0,06376776
800299,9;0,06380617
800316,4;0,06382394
800333,1;0,06382394
800349,9;0,06391021
800366,2;0,0639128
800382,8;0,06395791
800399,4;0,06399855
800415,9;0,06404583
800432,6;0,06406882
800449,1;0,06411275
800465,6;0,06415804
800482,2;0,06418213
800498,7;0,06420891
800515,3;0,06426091
800531,9;0,06431591
800548,6;0,06434069
800565;0,06439266
800581,6;0,06442601
800598,1;0,0644446
800621,2;0,06446338
800631,3;0,06454679
800647,8;0,06457451
800664,4;0,06462504
800681;0,06462504
800698,1;0,06469979
800714,1;0,06474239
800730,6;0,06476595
800747,9;0,06478751
800763,8;0,0648085
800780,3;0,0648085
800796,9;0,06483331
800813,8;0,06492011
800830,3;0,06497806
800846,6;0,06499711
800863,6;0,06503502
800879,8;0,06503502
800896,8;0,06507899
800913,1;0,06511032
800929,5;0,0651478
800946,1;0,0651826
800962,8;0,06520119
800979,2;0,06522264
800996,1;0,06525383
801012,3;0,06528674
801028,9;0,06530257
801045,4;0,06533489
801062;0,06536003
801078,6;0,0653837
801095,1;0,06541441
801111,7;0,06542911
801128,3;0,06542911
801144,8;0,0654557
801162,1;0,06549823
801178,1;0,06551049
801194,5;0,0655233
801211,1;0,06552166
801227,9;0,06557427
801244,2;0,06559115
801260,8;0,06561059
801277,4;0,06563247
801293,9;0,06564308
801311,1;0,06566664
801327,1;0,06566664
801343,6;0,06568409
801360,2;0,06569954
801376,8;0,06571553
801393,3;0,06571553
801409,9;0,06572171
801426,7;0,06572845
801443,2;0,06574604
801459,7;0,06576
801476,1;0,0657657
801492,8;0,06577295
801509,3;0,06577761
801526,4;0,06578331
801542,6;0,06578849
801559;0,06578849
801575,6;0,06579005
801592,1;0,06579577
801608,8;0,06579524
801625,3;0,06579524
801642,1;0,06579258
801658,4;0,06579418
801675;0,06579212
801691,5;0,06579111
801708,4;0,06578956
801725,1;0,06578697
801741,2;0,06578384
801757,8;0,06578022
801774,4;0,06577084
801791,1;0,06577084
801807,5;0,06574299
801824,1;0,06574246
801840,6;0,06572719
801857,6;0,06571293
801874,1;0,06569813
801890,3;0,06568709
801906,9;0,06568709
801924,1;0,06566695
801940;0,06563807
801956,6;0,065621
801973,3;0,06560753
801989,8;0,06560701
802006,3;0,06556513
802022,9;0,06553877
802039,4;0,06552581
802056;0,06552581
802072,6;0,06549134
802089,3;0,06542759
802105,7;0,06541178
802122,3;0,06537829
802138,9;0,06534748
802155,4;0,06534748
802172,2;0,06530759
802188,6;0,06529835
802205,1;0,06527039
802226;0,06524347
802238,3;0,06524128
802254,8;0,06520317
802271,4;0,06516934
802287,9;0,0651569
802304,5;0,06514351
802321,1;0,06514351
802338,1;0,06508983
802354,2;0,06508028
802370,8;0,06508028
802387,3;0,06504227
802404,1;0,06502099
802420,5;0,06500674
802437;0,06498345
802453,6;0,06496758
802470,1;0,06495855
802487,5;0,06493894
802503,7;0,06491983
802519,9;0,06491984
802536,4;0,0649097
802553,1;0,06488008
802570,1;0,06486726
802586,1;0,06485242
802602,8;0,06485242
802619,7;0,06481478
802635,9;0,06480309
802652,4;0,06479033
802669;0,06478169
802685,6;0,06477372
802702,1;0,06477372
802718,7;0,06475079
802735,3;0,06471514
802751,8;0,06469123
802768,4;0,06468157
802785;0,064663
802801,5;0,064663
802818,1;0,06463754
802835,3;0,06463011
802851,3;0,06461419
802868,8;0,06459884
802884,3;0,06459185
802901,6;0,06458015
802917,5;0,06456584
802934,3;0,06455952
802950,6;0,06455474
802967,2;0,06454258
802983,7;0,06453147
803000,8;0,06453147
803016,9;0,06452404
803033,4;0,06451187
803050;0,06450285
803066,6;0,06449804
803083,1;0,06449804
803099,7;0,06448534
803119,7;0,06448007
803132,8;0,0644737
803149,4;0,06447266
803165,9;0,06446847
803183,1;0,0644648
803199,1;0,06446324
803215,6;0,06445958
803232,3;0,06445852
803248,8;0,06445852
803265,4;0,06445695
803282;0,06445695
803299,4;0,06445801
803315,1;0,06445801
803331,7;0,06445852
803348,2;0,06445903
803364,8;0,06446062
803381,8;0,06446803
