83369,92;0,0193351
83386,51;0,01933846
83403,45;0,01934029
83419,78;0,01934506
83436,18;0,01934781
83452,96;0,019354
83469,31;0,01935737
83485,88;0,01935737
83502,91;0,01935975
83519,02;0,01936229
83535,6;0,01936281
83552,22;0,01937221
83568,73;0,01938342
83585,29;0,01938479
83601,9;0,01939123
83619,04;0,01939581
83635,67;0,01939581
83651,55;0,01940358
83668,28;0,01940882
83684,7;0,01941145
83701,42;0,01941145
83717,83;0,01941937
83734,39;0,01942314
83751,4;0,01942639
83767,77;0,0194278
83784,09;0,01942963
83800,65;0,01943807
83817,22;0,01944307
83833,85;0,01944562
83850,35;0,01944953
83866,92;0,0194534
83883,48;0,0194534
83900,05;0,0194629
83916,62;0,01946333
83933,37;0,01946796
83949,78;0,01947094
83966,31;0,01947672
83982,88;0,01947937
83999,45;0,01948155
84016,33;0,01948339
84032,59;0,01949036
84049,15;0,01949249
84065,72;0,0194971
84082,66;0,0194971
84099,66;0,01950407
84115,77;0,01950555
84131,98;0,01950555
84148,55;0,01950782
84165,12;0,01950972
84182,22;0,01951698
84199,04;0,01952525
84214,81;0,0195273
84231,38;0,01953006
84248,1;0,01953391
84264,52;0,01953867
84281,09;0,01954086
84297,68;0,01954559
84314,22;0,01954559
84333,48;0,0195505
84347,35;0,019556
84363,91;0,01955914
84380,48;0,01956115
84397,57;0,01956334
84414,31;0,01956593
84430,18;0,01957214
84446,75;0,01957214
84463,35;0,01957705
84479,88;0,01958411
84496,45;0,01958636
84513,02;0,01959061
84529,61;0,01959487
84546,82;0,01959717
84562,76;0,01959717
84579,48;0,0196033
84595,85;0,01960525
84613,12;0,01960525
84628,98;0,01961306
84645,55;0,01961526
84662,24;0,01961646
84678,84;0,01962115
84695,64;0,01962278
84711,81;0,01962517
84728,91;0,0196278
84745,43;0,01963072
84761,61;0,01963072
84778,32;0,01963221
84794,9;0,01963221
84811,98;0,01963389
84828,21;0,01963896
84844,59;0,01964259
84860,91;0,01964369
84877,5;0,01964546
84894,05;0,01964771
84910,62;0,01964919
84927,79;0,01965101
84943,77;0,01965173
84960,38;0,01965216
84977,02;0,01965277
84993,71;0,01965449
85010,1;0,01965506
85026,82;0,01965621
85043,8;0,01965721
85059,72;0,01965783
85076,29;0,01965879
85092,85;0,01965931
85109,88;0,01966021
85125,98;0,01966064
85142,55;0,01966126
85159,12;0,0196615
85175,68;0,01966155
85192,25;0,01966193
85208,93;0,01966179
85225,38;0,01966174
85241,95;0,01966126
85258,52;0,01966093
85275,09;0,01966079
85291,65;0,01965941
85308,22;0,01965941
85324,78;0,01965822
85341,34;0,01965675
85359,85;0,01965532
85374,48;0,01965181
85374,48;0,01964783
85394,48;0,01964479
85411,21;0,01963922
85427,9;0,01963708
85444,51;0,01963532
85460,76;0,01963157
85477,32;0,0196281
85494,2;0,01962568
85510,45;0,01962211
85527,1;0,01962022
85543,58;0,01962022
85560,61;0,01961527
85577,02;0,01961165
85593,27;0,01960819
85610,3;0,01960776
85626,41;0,01960473
85642,98;0,01960216
85659,56;0,01959884
85676,12;0,01959708
85692,68;0,01959708
85709,25;0,01959248
85726,59;0,01958797
85742,54;0,01958611
85758,95;0,01958222
85775,52;0,0195798
85792,09;0,01957629
85808,65;0,01957221
85825,21;0,01956989
85842,07;0,01956558
85858,34;0,01956349
85874,91;0,01955955
85891,48;0,01955908
85908,17;0,0195518
85925;0,0195518
85941,35;0,01954952
85958,52;0,01954868
85974,31;0,01954693
85990,91;0,01954693
86007,45;0,01954452
86024,09;0,01953261
86040,58;0,01952077
86057,14;0,01951506
86073,78;0,01950907
86090,44;0,01950695
86106,85;0,01950228
86123,43;0,01950057
86139,98;0,01949661
86156,66;0,0194889
86173,61;0,01948513
86189,68;0,01947973
86206,69;0,01947812
86222,82;0,01947053
86239,38;0,01946423
86256,24;0,01945997
86272,52;0,01945836
86289,91;0,01945533
86305,65;0,01944771
86322,23;0,01943918
86338,78;0,01943723
86355,46;0,01943723
86372,05;0,01943045
86388,53;0,01942288
86405,05;0,01942174
86421,84;0,01941329
86438,19;0,01941329
86454,78;0,01940731
86471,32;0,01939923
86488,16;0,01939804
86504,45;0,01939296
86521,07;0,01938812
86538,08;0,01938442
86554,84;0,01938209
86570,73;0,01937911
86587,64;0,01937911
86603,85;0,01937682
86620,45;0,01937522
86636,99;0,01937156
86653,65;0,01936164
86670,21;0,019355
86686,84;0,01934727
86703,27;0,01934512
86719,82;0,01934261
86737,17;0,019338
86752,95;0,01933402
86769,52;0,01933264
86786,16;0,01932666
86802,65;0,01932666
86819,21;0,01932472
86835,78;0,01932016
86852,73;0,01931893
86868,92;0,01931646
86885,48;0,01931646
86902,05;0,01931375
86919,02;0,01931105
86935,18;0,01930986
86952,04;0,01930986
86968,31;0,01930763
86985,52;0,01930488
87002,05;0,01930351
87018,02;0,01930223
87034,59;0,01930223
87051,35;0,01930133
87067,93;0,01929924
87084,28;0,01929891
87101,11;0,01929858
87117,41;0,01929858
87134,18;0,0192982
87150,93;0,01929787
87167,12;0,01929768
87183,68;0,01929768
87200,71;0,01929791
87216,98;0,01929801
87233,38;0,01929801
87250;0,01929843
87266,51;0,01929843
87283,08;0,0192989
87299,64;0,0193006
87316,22;0,01930103
87332,84;0,01930164
87349,35;0,01930292
87365,94;0,01930415
87382,48;0,01930534
87399,05;0,01930534
87415,64;0,01930799
87432,18;0,01930927
87448,74;0,01931229
87465,32;0,01931437
87481,88;0,01931664
87499,05;0,0193182
87515,02;0,01931957
87531,58;0,01932194
87548,3;0,0193243
87564,71;0,01932562
87581,28;0,01932799
87598,16;0,01932941
87614,82;0,01933149
87630,98;0,01933149
87647,55;0,01933248
87664,3;0,01933768
87680,68;0,0193391
87697,35;0,01934123
87714,16;0,01934497
87730,59;0,01934497
87747,11;0,01934634
87763,85;0,01935146
87780,09;0,01935402
87796,65;0,01935691
87813,23;0,01935691
87829,78;0,01935956
87846,34;0,01936292
87862,91;0,01936623
87879,48;0,01936722
87896,5;0,01936788
87912,74;0,01936962
87929,24;0,0193758
87945,75;0,01937636
87962,34;0,01938405
87978,88;0,01939089
87995,45;0,019394
88012,02;0,0193958
88028,6;0,01939905
88045,15;0,01940337
88061,71;0,01940639
88078,73;0,01941477
88094,98;0,0194191
88111,41;0,01942414
88128,34;0,01942686
88144,55;0,01942927
88161,12;0,0194346
88177,68;0,0194346
88194,25;0,01944345
88210,81;0,01944501
88227,61;0,01945051
88244,15;0,01945264
88260,59;0,01945411
88277,09;0,01946179
88293,65;0,0194657
88310,88;0,01946651
88326,81;0,01947638
88343,47;0,01947638
88359,91;0,01948139
88377,15;0,01948749
88393,73;0,01949288
88411,13;0,01949511
88426,66;0,01949804
88442,82;0,01950054
88459,34;0,0195055
88475,88;0,01951255
88492,45;0,01951515
88509,18;0,01951737
88525,58;0,01951978
88542,21;0,01951978
88558,72;0,01952073
88575,49;0,01952683
88591,85;0,01953787
88608,41;0,01954061
88625,01;0,01954294
88641,56;0,01954782
88658,28;0,01955023
88674,68;0,01955492
88691,24;0,01955948
88707,82;0,01955948
88724,38;0,01956319
88741,01;0,01956943
88757,52;0,01957314
88774,08;0,01957775
88790,69;0,01958051
88807,21;0,01958313
88823,78;0,01958418
88840,34;0,01958737
88856,91;0,01959219
88873,48;0,01959219
88890,05;0,01959768
88906,62;0,01960126
88923,18;0,01960452
88939,75;0,01960672
88956,47;0,01960672
88972,88;0,01961041
88989,45;0,01961534
89006,02;0,01961951
89022,59;0,01962118
89039,15;0,01962215
89055,72;0,01962717
89072,28;0,01962856
89089,01;0,01963239
89105,68;0,01963537
89122,01;0,01963676
89138,55;0,01963825
89155,13;0,01963825
89171,69;0,01963969
89188,28;0,01963969
89205,45;0,01964248
89221,84;0,01964916
89238,17;0,01965349
89255,16;0,01965705
89271,09;0,01965872
89287,66;0,01966123
89304,93;0,01966321
89321,06;0,01966638
89337,73;0,01966802
89353,93;0,01967019
89371,03;0,01967163
89387,37;0,01967342
89403,61;0,01967487
89420,23;0,01967733
89436,85;0,01967878
89453,8;0,01968047
89470,4;0,01968047
89486,95;0,01968284
89503,51;0,01968584
89520,19;0,01968758
89537,01;0,01968806
89554,14;0,01969023
89569,78;0,0196924
89586,34;0,01969265
89603,01;0,01969574
89619,88;0,01969777
89636,04;0,0196998
89652,61;0,01969989
89669,39;0,01970216
89685,74;0,01970299
89702,31;0,01970458
89719,13;0,01970637
89735,45;0,01970802
89752,02;0,01970894
89768,58;0,01971039
89785,14;0,01971039
89801,71;0,01971102
89818,67;0,01971102
89835,16;0,01971165
89851,55;0,01971437
89867,98;0,01971752
89884,55;0,01971849
89901,78;0,01972033
89917,68;0,01972033
89934,24;0,01972207
89950,95;0,01972479
89967,59;0,01972562
89984,59;0,01972624
90000,51;0,01972698
90017,08;0,01972916
90034,06;0,01973032
90050,98;0,01973124
90066,78;0,01973124
90083,34;0,0197328
90099,91;0,01973329
90116,85;0,01973543
90133,04;0,01973616
90149,61;0,0197381
90166,3;0,01973936
90182,74;0,01974053
90199,31;0,01974111
90215,88;0,01974247
90232,68;0,01974296
90249,01;0,01974403
90265,58;0,01974462
90282,14;0,01974578
90298,71;0,01974627
90315,27;0,01974764
90332,54;0,01974871
90348,45;0,01974925
90364,98;0,01975032
90381,55;0,01975101
90398,11;0,0197513
90414,93;0,01975311
90431,26;0,01975311
90447,8;0,01975369
90464,38;0,01975369
90481,34;0,01975491
90500,92;0,01975657
90514,08;0,01975871
90530,64;0,01976017
90547,21;0,0197613
90563,93;0,01976154
90580,45;0,01976291
90596,91;0,01976403
90613,47;0,01976545
90630,05;0,01976696
90646,87;0,01976784
90663,8;0,01976848
90679,74;0,01976921
90696,55;0,01976921
90712,88;0,01977068
90730,23;0,01977244
90746,82;0,01977391
90762,66;0,01977459
90779,16;0,01977543
90795,71;0,01977694
90812,28;0,01977743
90828,84;0,01977743
90845,59;0,01977817
90861,98;0,01977929
90878,54;0,01978144
90895,55;0,0197835
90911,77;0,0197835
90928,75;0,01978369
90944,81;0,01978575
90961,38;0,01978688
90977,95;0,01978718
90994,51;0,01978811
91011,08;0,0197887
91027,64;0,01978997
91044,29;0,01979105
91060,77;0,01979139
91077,34;0,01979223
91093,91;0,01979223
91110,48;0,01979296
91127,41;0,01979453
91144,72;0,01979678
91160,28;0,01979845
91176,74;0,01979973
91193,3;0,01980056
91209,88;0,01980086
91226,55;0,0198015
91243,01;0,01980332
91259,89;0,0198044
91276,15;0,01980508
91293,09;0,01980636
91309,28;0,01980636
91325,84;0,01980636
91342,41;0,01980636
91358,98;0,01980922
91375,54;0,01981247
91392,11;0,0198133
91408,68;0,01981414
91425,24;0,01981537
91441,82;0,01981626
91458,38;0,01981758
91474,95;0,01981753
91491,62;0,01981911
91508,25;0,01982043
91524,64;0,01982043
91541,31;0,01982142
91557,78;0,0198229
91574,34;0,01982458
91590,91;0,01982774
91607,48;0,01982961
91624,37;0,01983055
91640,65;0,01983085
91657,17;0,01983523
91673,74;0,01983661
91690,45;0,01983823
91707,05;0,01983918
91723,45;0,01983918
91740,06;0,01983918
91756,58;0,01984006
91773,77;0,01984351
91789,71;0,01984637
91806,27;0,01984637
91822,84;0,01984706
91840,15;0,01984899
91855,98;0,01985204
91872,58;0,01985303
91889,13;0,01985441
91905,77;0,01985609
91922,65;0,01985772
91939;0,01985851
91955,39;0,01986043
91972,73;0,01986211
91988,52;0,01986246
92005,09;0,01986443
92021,87;0,01986551
92038,23;0,01986635
92054,82;0,01986892
92071,91;0,0198705
92088,21;0,01987272
92104,76;0,01987272
92121,04;0,0198746
92137,61;0,01987617
92154,99;0,01987701
92170,74;0,01987914
92187,31;0,01987914
92203,88;0,01988096
92220,54;0,01988373
92237,04;0,01988481
92253,58;0,01988595
92270,14;0,01988802
92286,71;0,01988989
92303,27;0,01989147
92319,87;0,01989222
92336,41;0,01989315
92353,82;0,01989345
92369,55;0,01989405
92386,52;0,01989493
92402,89;0,01989671
92419,53;0,01989834
92435,8;0,01990166
92452,38;0,01990166
92468,94;0,01990299
92485,52;0,01990507
92502,08;0,01990674
92518,69;0,01990847
92535,54;0,01990936
92551,77;0,01990936
92568,34;0,01991178
92584,91;0,01991248
92601,48;0,01991272
92622,08;0,01991519
92634,6;0,01991677
92651,18;0,01991677
92667,75;0,01991791
92684,47;0,0199192
92701,02;0,0199192
92717,45;0,01992128
92734,55;0,01992162
92750,59;0,01992271
92767,2;0,019924
92783,8;0,01992514
92800,28;0,01992578
92816,84;0,01992717
92833,45;0,01992811
92850,41;0,01993059
92866,73;0,01993258
92883,5;0,01993462
92899,67;0,01993462
92916,24;0,01993741
92932,8;0,0199397
92949,62;0,01994205
92966,27;0,01994424
92982,52;0,01994424
92999,08;0,01994489
93015,64;0,01994524
93032,21;0,01994718
93048,9;0,01995201
93065,34;0,01995211
93081,91;0,0199554
93098,48;0,01995689
93115,05;0,01995878
93131,94;0,01995992
93148,18;0,01996068
93164,74;0,01996068
93181,31;0,01996068
93198,13;0,01996262
93214,45;0,019966
93231,07;0,01996809
93247,92;0,01996958
93264,54;0,01996958
93281,2;0,01997188
93297,28;0,01997342
93313,84;0,01997442
93330,78;0,01997596
93346,98;0,01997596
93363,54;0,01997666
93380,11;0,01997866
93396,67;0,01998135
93413,25;0,01998225
93429,81;0,01998449
93447,05;0,01998544
93463,93;0,01998659
93479,53;0,01998938
93496,38;0,01998973
93512,64;0,01999083
93529,21;0,01999323
93545,77;0,01999458
93562,34;0,01999503
93578,91;0,01999578
93595,48;0,01999738
93612,27;0,01999808
93628,61;0,01999859
93645,62;0,01999919
93662,11;0,01999919
93678,59;0,01999919
93694,88;0,02000094
93713,26;0,02000264
93728,16;0,02000539
93744,58;0,02000544
93761,15;0,02000699
93778,41;0,02000699
93794,27;0,0200104
93811,34;0,02001055
93827,79;0,0200124
93844,7;0,0200139
93860,54;0,0200139
93877,26;0,0200139
93893,68;0,0200162
93910,29;0,02001815
93926,81;0,02001935
93943,38;0,0200199
93959,95;0,02002111
93976,51;0,0200217
93993,09;0,02002276
94009,64;0,02002326
94026,2;0,02002431
94042,78;0,02002501
94059,34;0,02002586
94075,91;0,02002641
94092,48;0,02002651
94109,13;0,02002706
94125,62;0,02002721
94142,69;0,0200273
94158,74;0,02002716
94175,57;0,02002681
94192,07;0,02002681
94208,57;0,02002532
94225,03;0,02002502
94241,63;0,02002379
94258,16;0,02002191
94274,73;0,02002191
94291,27;0,02002088
94307,84;0,02001999
94324,41;0,02001476
94341,1;0,0200125
94357,75;0,02001181
94374,38;0,02001025
94390,7;0,02000838
94407,24;0,02000486
94423,81;0,01999797
94440,38;0,01999296
94456,94;0,01999005
94473,52;0,01999005
94490,08;0,01998481
94507,06;0,01997991
94523,24;0,01997323
94539,8;0,01996675
94556,35;0,01996023
94573,29;0,01995542
94589,48;0,01995166
94606,05;0,01994787
94622,62;0,0199382
94639,19;0,01993385
94655,77;0,01993077
94673,16;0,01992744
94689,01;0,01991358
94705,54;0,01990505
94722,4;0,01990024
94738,88;0,01990029
94755,57;0,01989082
94779,85;0,01988041
94788,27;0,01986894
94805,03;0,01986393
94822,1;0,0198506
94837,98;0,01984304
94854,56;0,0198302
94871,2;0,01982344
94887,68;0,01981095
94904,35;0,01981095
94921,13;0,01980407
94937,38;0,01979723
94954,22;0,01979084
94970,52;0,01976879
94987,21;0,01974981
95003,9;0,01974981
95020,21;0,01974246
95036,77;0,01971976
95053,37;0,01970248
95069,91;0,01969068
95086,48;0,01968074
95103,13;0,01966791
95119,61;0,01966096
95136,34;0,01964637
95153,52;0,01963153
95169,31;0,01963153
95186,84;0,01961595
95202,45;0,01960109
95219,01;0,01959109
95235,57;0,01957599
95252,14;0,01956213
95268,71;0,01955409
95285,52;0,01953947
95302,37;0,01952394
95318,41;0,01952394
95335,16;0,01949981
95351,54;0,01949117
95368,11;0,01947461
95384,77;0,01945945
95401,25;0,019449
95418,26;0,01943948
95434,73;0,01942221
95451,17;0,01940863
95467,51;0,01939595
95484,08;0,01937824
95501,48;0,01936914
95517,21;0,01935165
95533,77;0,0193389
95550,34;0,01933393
95566,91;0,01932464
95583,48;0,01932464
95600,47;0,01931609
95616,63;0,01930593
95633,18;0,01927765
95649,74;0,0192318
95667,05;0,01922225
95682,88;0,01921268
95699,49;0,01919599
95716,02;0,01917975
95732,59;0,01916786
95749,68;0,01915925
95765,71;0,01914992
95782,28;0,0191428
95798,84;0,01911146
95815,41;0,0191038
95831,98;0,0190862
95848,56;0,01907782
95865,32;0,01906916
95881,72;0,01904283
95898,25;0,01902474
95914,81;0,01901579
95931,82;0,01900339
95947,98;0,01899045
95965,03;0,01899045
95981,08;0,01896466
95997,64;0,01895503
96014,8;0,01894832
96030,77;0,0189384
96047,35;0,01891405
96063,94;0,01889621
96080,48;0,01889621
96097,05;0,0188841
96113,61;0,01886545
96130,17;0,01884937
96146,74;0,01883389
96163,95;0,01882467
96179,88;0,01881959
96196,83;0,01881959
96213,02;0,01881297
96229,58;0,01881297
96246,15;0,01880362
96262,71;0,01879075
96279,3;0,01876078
96295,84;0,01874615
96312,41;0,01873538
96329,27;0,01872458
96345,64;0,01872458
96362,13;0,01872128
96378,68;0,01870344
96395,24;0,01869435
96411,81;0,01868843
96428,96;0,01868583
96444,94;0,01868207
96461,51;0,01867024
96478,22;0,01866303
96494,65;0,01865948
96511,21;0,01865318
96528,67;0,01864707
96544,34;0,01864707
96561,45;0,01864707
96577,6;0,01864707
96594,04;0,0186405
96610,61;0,01863215
96627,7;0,01862778
96643,74;0,01862402
96660,31;0,01862094
96676,88;0,01861836
96693,45;0,01861714
96710,01;0,01861528
96726,58;0,01861456
96743,14;0,01861383
96759,77;0,01861298
96776,38;0,01861235
96792,84;0,01861235
96809,41;0,01861257
96825,98;0,01861294
96842,55;0,01861294
96859,11;0,01861303
96875,68;0,01861303
96892,68;0,01861347
96908,8;0,01861759
96925,38;0,01861965
96942,41;0,01862059
96958,51;0,01862287
96975,08;0,01862318
96991,65;0,0186276
97008,45;0,01862925
97024,78;0,01863362
97041,34;0,01863674
97058,09;0,01863826
97075,02;0,01864427
97091,32;0,01864904
97108,46;0,01864909
97124,58;0,01865377
97141,13;0,01865872
97157,54;0,01866156
97173,88;0,01866708
97190,56;0,01866708
97207,02;0,01867101
97223,59;0,01868054
97241,07;0,01868455
97257,44;0,0186912
97273,89;0,01869574
97289,85;0,01870109
97306,42;0,01870533
97323,08;0,01871112
97339,59;0,01871548
97356,12;0,0187226
97372,69;0,01872958
97389,27;0,01873652
97406,17;0,01873865
97422,4;0,01874751
97439,02;0,01875653
97455,52;0,01876136
97472,09;0,01876136
97488,64;0,01876136
97505,95;0,0187656
97521,84;0,01877275
97538,34;0,01878632
97554,91;0,01878928
97571,81;0,01879882
97588,05;0,01880393
97604,61;0,0188084
97621,99;0,01882306
97637,74;0,01883948
97654,48;0,01885604
97670,88;0,01886307
97687,58;0,01887324
97704,01;0,01888235
97720,58;0,01888235
97737,31;0,01888805
97753,71;0,01890682
97770,28;0,0189151
97786,85;0,01891992
97803,41;0,01891992
97819,99;0,01893819
97836,54;0,01894711
97853,11;0,01895688
97870,48;0,01895688
97886,24;0,0189618
97903,2;0,01896926
97919,94;0,01898781
97936,87;0,01899806
97952,51;0,01899806
97969,19;0,01899806
97985,65;0,01900832
98002,21;0,01902776
98018,77;0,01903443
98035,34;0,01903443
98051,91;0,0190554
98069,36;0,0190554
98085,05;0,01906531
98101,82;0,01907576
98118,18;0,01907576
98135,16;0,01908111
98151,79;0,0190858
98167,88;0,01910581
98184,44;0,01911526
98201,01;0,01911526
98217,58;0,01912026
98234,15;0,0191373
98250,71;0,01914472
98267,27;0,01914907
98284,48;0,01915045
98300,41;0,01916766
98317,37;0,01917247
98334,09;0,01918104
98350,13;0,01918104
98366,68;0,01918966
98383,24;0,01919867
98400,58;0,01920728
98416,38;0,0192153
98432,98;0,01922048
98449,87;0,01922919
98466,3;0,01923356
98482,64;0,01923356
98499,65;0,01924558
98515,78;0,01925335
98532,34;0,01925787
98548,93;0,01926519
98565,77;0,01927316
98582,06;0,01927667
98598,61;0,01927667
98615,36;0,01928478
98631,81;0,0192958
98648,46;0,01930053
98664,88;0,0193065
98681,45;0,01931
98698,27;0,01931496
98715,18;0,01932422
98731,59;0,01932422
98747,71;0,01932793
98764,27;0,01932793
98780,89;0,019331
98797,41;0,01933235
98814,59;0,01933787
98831,22;0,01934488
98847,13;0,01935144
98863,68;0,01935586
98880,3;0,0193645
98896,81;0,01936839
98913,85;0,01936839
98929,95;0,01936839
98946,51;0,01937467
98963,07;0,01938095
98985,18;0,01938607
98996,95;0,01939396
99012,78;0,01939679
99029,34;0,01940717
99045,91;0,0194191
99062,64;0,01942703
99079,04;0,01943008
99095,61;0,01943154
99112,17;0,01944106
99128,74;0,01944176
99145,31;0,01944745
99161,88;0,01945634
99178,45;0,01945868
99195,02;0,01946156
99211,58;0,01946263
99228,46;0,01947196
99244,71;0,01947475
99261,27;0,0194796
99277,84;0,01948238
99294,44;0,0194869
99310,98;0,01949092
99327,55;0,01949466
99344,11;0,01949787
99360,68;0,01949934
99377,24;0,01950146
99393,8;0,01950146
99410,38;0,01950146
99426,94;0,01950146
99443,79;0,01950725
99460,77;0,01951584
99476,65;0,01952249
99493,21;0,01953201
99509,77;0,01953439
99526,34;0,01953705
99542,92;0,0195409
99559,63;0,01954532
99576,18;0,0195476
99592,7;0,01955145
99609,18;0,01955549
99625,74;0,01955754
99642,37;0,01955754
99659,34;0,01956088
99675,45;0,01956683
99692,01;0,01956917
99708,61;0,0195707
99725,14;0,01957275
99741,71;0,01957816
99758,34;0,01958083
99774,85;0,01958365
99791,63;0,01958542
99808,01;0,01958944
99824,55;0,01958944
99841,84;0,0195945
99858,02;0,01959799
99874,61;0,01960062
99890,81;0,0196023
99907,5;0,01960589
99923,96;0,01960693
99940,55;0,01961178
99957,23;0,01961403
99975,17;0,01961633
99991,66;0,01961878
100008,1;0,0196205
100024,6;0,01962055
100041,8;0,01962209
100057,8;0,01962209
100074,3;0,01962209
100091;0,01962775
100107,5;0,01963256
100124;0,01963669
100140,6;0,01963789
100157,3;0,01964231
100173,7;0,01964231
100190,3;0,01964438
100206,9;0,01964909
100223,6;0,01965009
100240;0,0196525
100256,6;0,01965567
100273,1;0,01965567
100289,7;0,01965814
100306,3;0,01966253
100322,8;0,01966443
100339,7;0,01966602
100356;0,0196698
100372,7;0,0196727
100389,1;0,01967633
100405,7;0,01967807
100422,4;0,01968054
100438,9;0,01968102
100455,4;0,01968412
100472,3;0,01968518
100488,5;0,01968624
100505,4;0,01968639
100521,6;0,01968808
100538,2;0,0196905
100554,8;0,01969301
100571,6;0,01969669
100587,9;0,0196978
100604,5;0,01969955
100621;0,01970114
100637,6;0,01970114
100654,2;0,0197052
100670,7;0,0197052
100687,3;0,01970636
100704,4;0,01970684
100720,4;0,01970912
100737,2;0,01971008
100753,7;0,01971211
100770,1;0,01971468
100786,7;0,01971623
100803,3;0,01971797
100819,8;0,01971797
100836,4;0,0197201
100853;0,0197216
100870;0,01972343
100886,3;0,01972421
100902,7;0,01972421
100919,2;0,01972658
100935,9;0,01972794
100952,6;0,01972934
100968,9;0,01973118
100985,5;0,01973205
101003,5;0,01973336
101018,7;0,01973506
101035,2;0,01973559
101051,8;0,01973593
101068,3;0,01973793
101084,9;0,01973934
101101,8;0,01974006
101118,3;0,01974162
101134,7;0,01974235
101151,3;0,01974386
101167,7;0,01974536
101184,3;0,01974551
101200,9;0,01974692
101217,4;0,01974823
101234;0,0197495
101251;0,0197495
101267,1;0,0197495
101283,7;0,01975217
101300,4;0,01975339
101316,8;0,01975339
101333,4;0,01975412
101350;0,01975412
101366,5;0,01975523
101383,1;0,01975674
101399,7;0,0197582
101416,2;0,01975898
101432,8;0,01975943
101450;0,01976006
101465,9;0,0197602
101483;0,01976089
101499,2;0,01976089
101515,6;0,01976162
101532,5;0,01976191
101548,8;0,01976191
101565,3;0,0197623
101581,9;0,01976381
101598,5;0,01976498
101615,8;0,01976542
101631,9;0,01976639
101648,5;0,01976703
101664,8;0,01976781
101681,3;0,01976859
101697,9;0,01976859
101714,4;0,01976888
101731;0,0197699
101747,6;0,01977098
101764,3;0,01977098
101781,1;0,01977142
101798,2;0,01977176
101814,4;0,01977308
101830,4;0,01977454
101847,5;0,01977509
101863,5;0,01977577
101880,4;0,0197766
101896,7;0,01977728
101913,2;0,01977787
101929,8;0,01977816
101946,4;0,01977831
101962,9;0,01977841
101979,5;0,01977841
101996,4;0,01977841
102012,6;0,01977841
102029,2;0,01977894
102045,8;0,01977943
102062,3;0,01977992
102078,9;0,01978022
102095,5;0,01978022
102115,5;0,0197808
102128,6;0,01978169
102145,2;0,01978493
102162;0,0197867
102178,3;0,01978738
102195,2;0,01978964
102211,4;0,01979224
102228,3;0,01979421
102244,6;0,0197946
102261,3;0,01979553
102277,7;0,01979598
102294,3;0,01979603
102311,6;0,01979627
102327,4;0,01979637
102344,9;0,01979637
102360,5;0,01979686
102377,4;0,01979745
102394,3;0,01979795
102410,3;0,01979839
102427,1;0,01979898
102443,9;0,0198011
102460;0,01980164
102476,5;0,01980307
102493,1;0,01980307
102509,7;0,01980539
102526,2;0,01980682
102542,8;0,01980696
102559,8;0,01980839
102576,6;0,01980938
102592,5;0,01980957
102609,3;0,01980992
102625,6;0,01980992
102643,2;0,01981188
102658,8;0,01981316
102675,6;0,01981316
102692,3;0,0198139
102708,4;0,01981596
102725;0,01981655
102741,6;0,01981783
102758,1;0,0198196
102774,7;0,01982238
102791,4;0,01982238
102808,7;0,01982835
102824,4;0,01983159
102841,6;0,01983523
102857,5;0,01983861
102874,2;0,01984081
102890,7;0,01984459
102907,3;0,01984737
102923,8;0,01984964
102940,4;0,01984964
102956,9;0,01985435
102973,5;0,01985713
102990,1;0,01985713
103006,7;0,01985762
103023,2;0,01986129
103039,8;0,01986332
103056,7;0,01986564
103072,9;0,01986741
103089,5;0,01986865
103113,7;0,01987018
103122,6;0,01987072
103139,2;0,01987259
103156;0,01987309
103172,3;0,01987442
103188,9;0,01987585
103205,5;0,01987649
103222;0,01987649
103238,6;0,01987679
103255,1;0,01987743
103271,9;0,01987743
103288,5;0,01987896
103305;0,01987896
103321,4;0,01988
103338;0,01988108
103354,5;0,01988334
103371,1;0,01988542
103388,1;0,01988665
103404,2;0,01988719
103420,8;0,01988837
103437,8;0,01989009
103454,2;0,01989073
103471;0,0198925
103487,1;0,01989334
103503,6;0,01989403
103520,2;0,01989531
103536,9;0,0198957
103553,6;0,01989654
103569,9;0,01989752
103586,5;0,01989801
103603;0,01989835
103620,4;0,01989855
103637;0,01989909
103652,7;0,01989962
103669,3;0,01990022
103685,9;0,01990036
103702,4;0,01990071
103719,4;0,01990071
103735,9;0,01990071
103752,1;0,0199011
103769,1;0,01990218
103785,3;0,01990252
103801,8;0,01990243
103818,4;0,01990223
103835,8;0,01990193
103851,6;0,01990193
103868,1;0,01990193
103884,7;0,01990188
103901,2;0,01990188
103917,8;0,01990178
103935;0,01990198
103950,9;0,01990193
103967,5;0,01990164
103984,1;0,01990076
104000,6;0,01989988
104017,2;0,01989988
104033,8;0,01989807
104050,3;0,01989671
104066,9;0,01989558
104083,8;0,01989288
104100;0,01989157
104116,6;0,01989157
104133,6;0,01988595
104149,8;0,01988473
104166,3;0,01988313
104182,9;0,01988084
104199,5;0,01988055
104216;0,01987908
104232,6;0,01987563
104249,1;0,01987082
104265,7;0,01986986
104282,3;0,01986632
104298,8;0,0198626
104315,4;0,01986089
104332;0,01986089
104348,5;0,0198561
104365,1;0,01985296
104381,7;0,01984856
104398,3;0,01984639
104414,8;0,0198443
104431,4;0,01984169
104447,9;0,01984174
104464,5;0,01983473
104481,4;0,01982964
104497,6;0,01982466
104514,5;0,01982466
104530,8;0,01982466
104547,3;0,01982222
104563,9;0,01981962
104580,5;0,01980918
104597,3;0,01980146
104613,6;0,01979589
104630,6;0,0197905
104646,7;0,01978252
104663,3;0,01977989
104679,9;0,01977989
104696,4;0,0197712
104713;0,01976784
104729,6;0,01976535
104746,1;0,01976535
104763,1;0,01975593
104779,3;0,01975569
104795,9;0,01974761
104812,7;0,01973996
104829;0,01973
104846;0,0197255
104862,3;0,0197255
104878,7;0,0197255
104895,2;0,01971193
104911,9;0,0197017
104928,5;0,01969293
104945,2;0,01968398
104961,5;0,01968398
104978,1;0,01968
104994,6;0,01967456
105011,7;0,01967169
105027,8;0,01966243
105044,3;0,01965931
105060,9;0,01965039
105077,5;0,01964235
105094,8;0,01963843
105110,6;0,01963445
105127,9;0,01962958
105144;0,0196264
105160,3;0,0196232
105176,9;0,01962206
105193,4;0,01962206
105210,3;0,01961673
105226,6;0,01960827
105243,1;0,01959748
105259,7;0,01958937
105276,6;0,01958015
105294,8;0,0195707
105309,4;0,01955513
105326;0,01954326
105342,5;0,0195337
105359,1;0,01952912
105376;0,01952171
105392,2;0,01951355
105409,3;0,01950702
105425,5;0,01949212
105441,9;0,01947878
105458,8;0,01947344
105475,1;0,01946047
105491,9;0,01945112
105508,2;0,01945112
105525,2;0,01944532
105541,3;0,01942794
105558,4;0,01942311
105574,8;0,01941624
105591;0,01940675
105607,6;0,01940074
105624,2;0,0193939
105640,8;0,0193939
105657,4;0,0193939
105673,9;0,0193939
105690,8;0,01938345
105707;0,01937112
105723,8;0,01935871
105740,1;0,01934839
105756,7;0,01933832
105773,3;0,01933143
105789,8;0,01932834
105806,4;0,01932294
105823;0,01932294
105839,5;0,01931303
105856,1;0,01929402
105873,2;0,01928384
105889,2;0,01926802
105906;0,01925874
105922,5;0,01925209
105938,9;0,01924418
105955,5;0,01923877
105972,2;0,01922953
105988,8;0,01922362
106005,2;0,01921586
106021,8;0,01920708
106038,3;0,01920708
106055;0,01920253
106071,6;0,0191931
106088;0,01918474
106104,6;0,01917736
106121,2;0,01916925
106138,1;0,01916403
106154,3;0,01915685
106170,9;0,01915092
106187,5;0,0191452
106204,9;0,01913657
106220,6;0,01913299
106237,1;0,01912924
106254,1;0,01912372
106274,1;0,01912026
106286,8;0,01911056
106303,4;0,01910343
106320;0,01909691
106336,7;0,01909291
106353,1;0,01908933
106369,7;0,01908933
106386,3;0,01908594
106402,9;0,01907621
106419,4;0,01906943
106436,2;0,01906943
106452,5;0,01906287
106469,4;0,01906287
106485,6;0,01905986
106502,2;0,01905615
106518,8;0,0190497
106535,3;0,01903604
106551,9;0,01902751
106568,5;0,01901927
106585;0,0190127
106601,6;0,01900948
106618,2;0,01900254
106635,2;0,01899914
106651,3;0,01899321
106667,9;0,01898954
106684,4;0,01898611
106701,1;0,01898266
106717,7;0,01897693
106734,1;0,01896648
106750,7;0,01896313
106767,3;0,01895963
106783,8;0,01895612
106800,4;0,01895271
106817;0,0189458
106833,5;0,01893889
106850,1;0,01893179
106867;0,01892839
106883,2;0,01892162
106900,1;0,01891475
106916,4;0,01890748
106932,9;0,01890376
106949,5;0,0189022
106966,1;0,01889682
106982,6;0,01888975
106999,2;0,01888273
107015,8;0,01887878
107032,3;0,01887257
107049,3;0,01886893
107065,5;0,01886544
107082;0,01886544
107098,6;0,01886544
107115,2;0,0188626
107131,7;0,01885903
107148,7;0,0188459
107164,9;0,01883301
107181,4;0,01882626
107198;0,01882582
107214,6;0,01881623
107231,5;0,01880969
107248,1;0,0188055
107264,3;0,01879993
107280,8;0,01879366
107299,1;0,01879074
107314,1;0,01879035
107330,5;0,01878342
107347,7;0,01877456
107363,8;0,01877018
107380,7;0,01876443
107396,8;0,01876066
107413,4;0,01875422
107430,1;0,01874788
107446,5;0,01874468
107463,2;0,01873817
107479,6;0,01873467
107496,2;0,01873134
107512,8;0,01872812
107529,5;0,0187192
107545,9;0,01871357
107562,5;0,01871049
107579;0,01870584
107595,6;0,01870143
107612,4;0,01869734
107628,9;0,01869015
107645,3;0,01868697
107661,9;0,01868434
107678,4;0,01868434
107695,4;0,01868172
107712,2;0,01868172
107728,1;0,01867882
107744,9;0,01867882
107761,3;0,01867603
107777,8;0,01867603
107794,5;0,01866877
107811;0,01866453
107827,5;0,0186616
107844,1;0,01865487
107860,7;0,01864967
107877,2;0,01864508
107894,3;0,01863819
107910,4;0,01863653
107927,1;0,018633
107943,7;0,01862725
107960,6;0,01862504
107976,6;0,01862504
107993,2;0,01861994
108009,8;0,01861916
108026,9;0,01861725
108042,9;0,01861285
108059,5;0,01860678
108076,9;0,01860264
108092,6;0,01859893
108109,2;0,01859615
108125,7;0,01859169
108142,8;0,01858943
108159,1;0,01858703
108175,4;0,01858393
108192,9;0,01858341
108208,6;0,01858032
108225,1;0,01857744
108241,7;0,01857487
108258,4;0,01856956
108275,1;0,01856607
108291,4;0,01856563
108308,5;0,01856126
108324,6;0,01856126
108347,3;0,01855807
108357,7;0,01855807
108374,4;0,01855807
108391;0,01855659
108407,4;0,01855414
108423,9;0,01855371
108440,7;0,01855069
108457,1;0,01854789
108473,6;0,01854667
108490,2;0,01854378
108507,6;0,01854102
108523,3;0,01853845
108540;0,01853709
108556,5;0,01853521
108573;0,01853194
108589,6;0,01852941
108606,2;0,01852749
108622,8;0,01852749
108639,3;0,01852652
108655,9;0,01852552
108672,4;0,01852539
108689,4;0,01852539
108705,6;0,01852556
108722,1;0,0185257
108738,7;0,01852675
108755,3;0,0185278
108771,8;0,01852898
108788,5;0,0185299
108805;0,01853138
108821,7;0,01853234
108838,1;0,01853365
108855,5;0,01853492
108871,2;0,01853492
108888,4;0,0185386
108904,4;0,01853939
108920,9;0,01854066
108937,5;0,01854066
108954,1;0,01854499
108970,8;0,01854718
108987,2;0,01854718
109003,8;0,01854784
109020,3;0,01854841
109036,9;0,01854999
109053,5;0,01855464
109070;0,0185581
109086,9;0,01856411
109103,2;0,01856704
109120,3;0,01856954
109136,3;0,01857121
109152,9;0,01857121
109169,6;0,01857405
109186,3;0,01858097
109202,6;0,01858402
109219,4;0,01858634
109235,7;0,01858818
109252,3;0,01859002
109268,8;0,01859605
109285,7;0,01860152
109302,3;0,01860235
109318,7;0,01860712
109335,1;0,01861136
109352,2;0,01861617
109376,6;0,01862088
109384,9;0,01862405
109401,4;0,01862405
109417,9;0,0186298
109434,9;0,01863569
109451,3;0,01864136
109467,6;0,01864409
109484,6;0,01864409
109501;0,01865253
109518,3;0,01865929
109534,1;0,01866526
109550,5;0,01866526
109567,2;0,0186684
109583,6;0,01868017
109600,2;0,01868343
109616,8;0,01868957
109633,5;0,01868957
109650;0,01869307
109666,4;0,01869464
109683,7;0,01870623
109699,6;0,01870906
109716,1;0,01871086
109732,7;0,01871521
109749,3;0,01871788
109765,8;0,01871805
109782,6;0,01872534
109799;0,01873067
109815,5;0,01873366
109832,2;0,01874154
109848,7;0,01874695
109865,2;0,01874928
109881,9;0,01875395
109898,4;0,01876099
109914,9;0,01876907
109931,5;0,01877207
109948,1;0,01877487
109964,8;0,01877752
109981,7;0,01878195
109997,8;0,0187891
110014,3;0,01879195
110030,9;0,01879933
110047,5;0,0188027
110064,2;0,01880314
110080,6;0,0188117
110097,3;0,01881723
110113,8;0,0188204
110130,3;0,01882572
110146,9;0,01882594
110163,4;0,01882594
110180;0,01883142
110196,6;0,01883947
110213,3;0,01884607
110229,8;0,01885015
110246,4;0,01885283
110262,8;0,0188553
110279,8;0,01885749
110296,1;0,01885789
110312,7;0,01886281
110329,1;0,01886783
110345,7;0,01887329
110362,2;0,01887739
110378,8;0,01887824
110395,5;0,01888418
110411,9;0,01888859
110428,9;0,01889286
110445,1;0,01889674
110461,9;0,01890093
110478,6;0,0189015
110494,8;0,0189015
110511,8;0,01891105
110527,9;0,01891408
110544,5;0,0189173
110561;0,01892056
110577,6;0,01892445
110594,2;0,01892516
110611;0,01893025
110627,3;0,01893179
110643,9;0,01893179
110661;0,01893834
110677,8;0,0189391
110693,7;0,01894251
110710,3;0,01894372
110726,7;0,01894608
110743,3;0,01894706
110759,9;0,01894706
110776,4;0,01894808
110793;0,01894915
110809,5;0,01895262
110826,3;0,01895552
110843;0,01895685
110859,2;0,01895739
110875,8;0,01896028
110892,4;0,01896114
110908,9;0,01896193
110925,6;0,01896193
110942,1;0,01896193
110958,6;0,01896345
110975,2;0,01896426
110991,8;0,01896426
111008,3;0,01896591
111025;0,01896738
111041,7;0,01896828
111058;0,01896877
111074,6;0,01896904
111091,2;0,01896962
111108;0,01896962
111124,3;0,01897002
111140,9;0,01897051
111157,6;0,01897114
111174;0,0189714
111190,6;0,01897176
111207,1;0,01897284
111223,7;0,01897311
111240,3;0,01897337
111256,9;0,01897369
111273,7;0,01897369
111290,1;0,01897369
111306,7;0,01897441
111323,1;0,01897481
111339,8;0,01897576
111356,3;0,01897629
111372,8;0,01897661
111389,4;0,01897661
111405,9;0,01897715
111422,5;0,01897778
111439,1;0,01897823
111455,6;0,01897868
111472,2;0,01897918
111489,3;0,01898017
111506,2;0,01898121
111522,4;0,01898203
111539;0,01898424
111555,7;0,01898424
111572,1;0,01898483
111588,7;0,01898483
111605,5;0,01898546
111621,8;0,01898686
111638,4;0,01898722
111655;0,01898745
111671,5;0,01898745
111688,1;0,01898776
111704,7;0,0189879
111721,6;0,01898826
111737,8;0,01898826
111754,5;0,01898826
111771,2;0,01898776
111787,6;0,01898758
111804,1;0,01898718
111820,6;0,018987
111837,2;0,01898655
111853,8;0,01898632
111870,8;0,018986
111886,9;0,01898573
111903,5;0,01898537
111920;0,01898537
111936,9;0,01898506
111953,3;0,01898456
111970,1;0,01898429
111986,7;0,01898398
112002,9;0,01898389
112019,4;0,01898371
112036;0,01898362
112052,6;0,01898353
112069,1;0,01898353
112085,7;0,01898299
112102,4;0,01898295
112118,9;0,01898281
112135,4;0,01898254
112152,1;0,01898254
112168,6;0,01898222
112185,1;0,01898218
112202,2;0,01898218
112218,7;0,01898204
112234,8;0,01898204
112251,4;0,01898177
112268,1;0,01898213
112284,5;0,01898222
112301,2;0,01898254
112317,6;0,01898304
112334,2;0,0189834
112350,8;0,01898376
112367,3;0,01898439
112384,5;0,01898484
112400,5;0,01898562
112417;0,01898612
112433,6;0,01898693
112450,2;0,01898724
112466,7;0,01898724
112483,3;0,0189881
112500,6;0,01898914
112516,4;0,01898914
112533,8;0,01898946
112549,8;0,01899109
112567,1;0,0189914
112582,7;0,0189914
112599,3;0,0189924
112615,8;0,01899303
112632,4;0,01899312
112649,3;0,0189948
112665,5;0,01899538
112682,1;0,01899638
112698,7;0,0189971
112715,2;0,0189971
112732;0,01899855
112748,4;0,01899959
112764,9;0,01900045
112781,5;0,01900095
112798,1;0,01900171
112814,6;0,01900208
112831,2;0,01900208
112847,8;0,01900376
112864,3;0,01900612
112880,9;0,0190069
112897,5;0,01901379
112914;0,01901674
112930,6;0,0190176
112947,6;0,01901882
112963,8;0,01901981
112980,3;0,01902085
112996,9;0,01902171
113013,6;0,01902275
113030;0,01902379
113047,2;0,01902446
113063,1;0,0190255
113079,7;0,01902555
113096,3;0,01902631
113112,8;0,01902812
113129,4;0,01902898
113146;0,01902983
113162,5;0,01903069
113179,7;0,01903119
113195,7;0,01903133
113212,2;0,01903327
113228,8;0,01903367
113245,4;0,01903466
113262;0,01903516
113278,7;0,01903602
113295,3;0,01903643
113311,7;0,01903674
113328,5;0,01903812
113344,8;0,0190428
113361,8;0,01904899
113377,9;0,01905073
113394,5;0,01905073
113411;0,01905587
113427,6;0,01905591
113444,2;0,01905614
113460,7;0,01905783
113478;0,01905783
113494,1;0,01905828
113510,4;0,01905851
113527,2;0,01905892
113543,6;0,01905929
113560,9;0,01905929
113580,5;0,01905938
113593,3;0,01906038
113609,8;0,01906129
113626,4;0,01906192
113643,1;0,01906192
113659,5;0,01906388
113676,5;0,0190651
113693;0,01906637
113709,6;0,01906651
113725,8;0,01906796
113742,4;0,01906959
113758,9;0,01907109
113775,5;0,01907245
113792,1;0,01907245
113809;0,01907245
113825,2;0,01907336
113841,8;0,01907531
113858,3;0,01907648
113875,3;0,01907812
113891,5;0,01907866
113908;0,01907934
113924,6;0,01907966
113941,3;0,01908061
113957,7;0,0190816
113974,3;0,0190826
113991;0,01908355
114007,4;0,01908459
114024,3;0,01908514
114040,6;0,01908618
114057,1;0,01908735
114073,7;0,01908781
114090,3;0,0190888
114106,8;0,0190888
114123,5;0,01908934
114140;0,01908985
114156,5;0,01909007
114173,4;0,01909211
114189,7;0,01909315
114207,1;0,01909378
114223,2;0,01909423
114239,5;0,01909519
114255,9;0,01909519
114272,5;0,01909632
114289,4;0,01909705
114305,9;0,01909719
114322,2;0,01909746
114338,8;0,01909773
114355,7;0,01909773
114372;0,01909782
114388,6;0,01909787
114406;0,01909764
114421,6;0,01909755
114438,6;0,01909769
114454,7;0,01909769
114471,3;0,01909773
114487,9;0,01909769
114504,5;0,01909778
114521,4;0,01909787
114537,6;0,01909787
114554,2;0,01909787
114570,8;0,019098
114587,3;0,01909864
114605,3;0,0190985
114621,8;0,01909873
114638,6;0,01909878
114655;0,01909855
114671,7;0,01909837
114688,1;0,01909823
114704,7;0,01909737
114721,2;0,01909642
114737,8;0,01909592
114754,4;0,01909592
114770,9;0,01909592
114787,8;0,01909547
114804,8;0,0190947
114820,6;0,01909397
114837,3;0,01909298
114854,4;0,0190854
114870,3;0,0190823
114886,9;0,01908048
114904;0,01907564
114920;0,01907374
114936,6;0,01907109
114953,3;0,01906875
114969,7;0,01906566
114986,3;0,01906454
115002,9;0,01906342
115019,4;0,01906292
115036;0,01906198
115053,1;0,01905896
115069,1;0,01905896
115085,8;0,01905833
115102,3;0,01905564
115119;0,0190517
115135,4;0,01904934
115152;0,01904769
115168,5;0,01904577
115185,1;0,01904372
115201,7;0,01904372
115218,3;0,01904003
115234,8;0,01903673
115252,1;0,01903673
115267,9;0,0190333
115284,5;0,01903298
115301,4;0,0190292
115317,8;0,0190269
115334,2;0,01902278
115350,8;0,01901785
115367,3;0,01901139
115383,9;0,01900498
115400,5;0,01900498
115417;0,01900498
115433,7;0,01899933
115450,4;0,01898399
115466,8;0,01897068
115483,3;0,01896529
115500,1;0,01895776
115516,4;0,01894493
115533,8;0,01893586
115549,6;0,01892836
115566,2;0,01892371
115582,8;0,018918
115599,3;0,01891083
115615,8;0,01890698
115639,2;0,01890003
115649;0,01889841
115665,5;0,01888897
115682,1;0,01888373
115698,7;0,01887975
115715,2;0,01887059
115731,8;0,01886196
115748,4;0,01885792
115764,9;0,0188491
115781,7;0,01883969
115798,1;0,01883955
115814,6;0,01883045
115831,3;0,01882565
115847,8;0,01881642
115864,3;0,01880691
115880,9;0,01880178
115897,5;0,01879515
115914;0,01878203
115930,6;0,01877746
115947,2;0,01877737
115963,7;0,01876079
115980,8;0,01875718
115996,9;0,01875718
116014,3;0,01873835
116030;0,01873835
116046,6;0,01873329
116063,3;0,01873191
116080;0,0187182
116096,3;0,01870776
116113;0,01869653
116129,4;0,01868146
116146;0,01867353
116162,6;0,01866705
116179,2;0,01865666
116195,7;0,018649
116212,2;0,01864502
116228,8;0,0186375
116245,8;0,0186375
116261,9;0,01862239
116279,3;0,01861303
116295,1;0,01860737
116311,8;0,01860171
116328,8;0,01858784
116345;0,01858092
116361,4;0,01857731
116377,9;0,01857386
116394,5;0,01855694
116411,5;0,01855166
116427,6;0,01854089
116444,3;0,01853305
116460,7;0,01852384
116477,4;0,01851508
116493,9;0,01851508
116510,4;0,01851014
116527;0,01849771
116543,6;0,01848334
116560,1;0,01847326
116576,7;0,01847287
116593,3;0,0184613
116609,8;0,01845684
116626,4;0,01844682
116643;0,01843699
116659,5;0,01842682
116676,2;0,01842682
116692,7;0,01842682
116709,2;0,01842682
116726,2;0,0184215
116742,4;0,01839943
116758,9;0,01838563
116775,5;0,01837712
116792,1;0,01837317
116809,3;0,01836856
116825,3;0,01836856
116841,8;0,01835488
116858,3;0,01834895
116874,9;0,01834152
116891,5;0,01833452
116908;0,01833097
116925,2;0,01832766
116941,2;0,01832766
116957,7;0,01831616
116975,3;0,01831223
116991,6;0,01830525
117007,4;0,01830037
117024;0,01829554
117040,6;0,01828936
117057,1;0,01828624
117073,7;0,01828309
117090,3;0,01828127
117106,9;0,0182784
117123,4;0,01827589
117140,1;0,01827424
117156,5;0,0182694
117173,1;0,01826686
117190;0,01826393
117206,2;0,0182623
117223,3;0,01825877
117239,4;0,01825678
117256,2;0,0182537
117272,5;0,01825229
117289,1;0,01824959
117305,6;0,01824818
117322,5;0,01824766
117339;0,01824724
117355,3;0,0182463
117371,9;0,01824319
117388,5;0,01824234
117405,2;0,01824174
117421,6;0,01824157
117438,2;0,0182414
117455;0,01824149
117471,9;0,01824174
117487,9;0,01824246
117504,4;0,01824289
117521;0,01824331
117537,6;0,01824369
117555;0,01824365
117571,5;0,01824383
117587,3;0,0182448
117604,3;0,01824518
117620,4;0,01824591
117637,3;0,01824672
117654,3;0,01824736
117670,1;0,01824808
117686,7;0,01824808
117703,5;0,01825177
117721,4;0,01825305
117736,4;0,01825521
117752,9;0,0182563
117769,6;0,01825897
117786,1;0,01826121
117802,8;0,01826353
117819,5;0,01826653
117836,5;0,01826653
117852,3;0,01826986
117868,9;0,01827382
117885,9;0,01827715
117902,3;0,01827956
117919,2;0,01828154
117935,2;0,0182855
117951,7;0,01828668
117969,2;0,01828765
117984,9;0,01828765
118001,4;0,01829199
118018;0,01830062
118034,6;0,0183042
118051,8;0,018305
118067,7;0,01831144
118084,7;0,01831745
118101,3;0,01831808
118117,4;0,01832375
118134;0,01832404
118150,8;0,01832644
118167,3;0,01833296
118183,7;0,01833526
118200,2;0,01833932
118217,2;0,01834185
118233,4;0,01834311
118249,9;0,01834609
118266,5;0,0183483
118283,1;0,0183509
118299,6;0,01835374
118316,2;0,0183552
118332,8;0,01835774
118349,3;0,01835889
118366,1;0,01835922
118382,5;0,01836258
118399,5;0,01836489
118416,1;0,01836609
118432,6;0,01836816
118448,9;0,01836902
118465,4;0,01837088
118481,9;0,01837332
118498,5;0,01837448
118515;0,01837675
118531,8;0,0183777
118548,1;0,01837981
118565;0,01838088
118581,7;0,01838261
118598,2;0,01838261
118614,4;0,01838261
118631,3;0,0183834
118647,6;0,01838571
118664,8;0,01838794
118680,7;0,01838873
118697,5;0,01838873
118713,9;0,01839142
118730,6;0,01839253
118746,9;0,01839382
118763,5;0,01839449
118786,3;0,01834857
118786,3;0,01832348
118806,3;0,01829922
118822,9;0,01829757
118839,5;0,01828708
118856,4;0,01827535
118872,6;0,01826884
118889,2;0,01826884
118906,1;0,01824852
118922,3;0,01823463
118939,1;0,01822797
118955,4;0,01821244
118972,7;0,01819635
118988,8;0,01818862
119005,1;0,01817222
119022,1;0,01815865
119038,3;0,01815539
119055,1;0,01814648
119071,4;0,01814648
119088;0,01810804
119104,6;0,01809228
119121,3;0,01809228
119138;0,01806286
119154,2;0,01805352
119171;0,01805352
119187,4;0,01805352
119203,9;0,01803389
119220,5;0,01799341
119237,1;0,01797175
119253,6;0,01795077
119270,2;0,01792951
119286,8;0,01791102
119303,5;0,01790703
119319,9;0,01788517
119336,5;0,01787345
119353,1;0,01787345
119369,6;0,01787345
119386,4;0,01786309
119402,8;0,01786309
119419,3;0,01782493
119436;0,01777098
119452,4;0,01773625
119469;0,01772531
119486,1;0,01770931
119502,5;0,01769205
119518,7;0,01766714
119535,3;0,01765001
119551,8;0,01763357
119568,4;0,01761774
119585;0,01761083
119601,7;0,01759826
119618,4;0,01755863
119634,7;0,01754976
119651,3;0,01752553
119667,8;0,01751935
119684,4;0,01750656
119701,5;0,01747575
119722,4;0,01745793
119734,1;0,01744067
119751,1;0,01742003
119767,2;0,0174066
119783,8;0,01738552
119800,3;0,01736489
119816,9;0,01735538
119833,5;0,01733854
119850,2;0,01732472
119866,8;0,01732472
119883,2;0,01731343
119899,7;0,01729376
119916,6;0,01726127
119932,9;0,0172442
119949,6;0,01723308
119966,8;0,01721389
119982,9;0,01720716
119999,1;0,01719638
120015,7;0,01719638
120032,7;0,01718656
120048,8;0,01716531
120065,7;0,01712641
120082;0,01711285
120098,5;0,01710377
120115,1;0,01709535
120131,7;0,01708716
120148,2;0,01706048
120165;0,01705064
120181,4;0,01703354
120198,4;0,01703354
120214,5;0,01701993
120231,1;0,01699623
120247,8;0,01697828
120264,2;0,01696432
120280,8;0,01695461
120297,3;0,01694276
120314,5;0,01693077
120330,5;0,01691389
120347;0,0169055
120364,1;0,0168899
120380,2;0,01687473
120396,8;0,01686567
120413,3;0,0168517
120430,2;0,01684429
120446,4;0,01683817
120463;0,01683027
120479,9;0,01681008
120496,3;0,01680397
120512,7;0,01679174
120529,3;0,01677992
120546;0,01677251
120562,4;0,01676229
120579,4;0,01675695
120595,5;0,0167473
120612,4;0,01674231
120628,7;0,01673333
120645,2;0,01673333
120661,8;0,01673333
120678,5;0,01672783
120694,9;0,01672456
120711,5;0,01671566
120728,1;0,01670278
120744,7;0,01669641
120761,2;0,01669268
120777,8;0,01668728
120794,3;0,01668545
120811,1;0,01668545
120827,9;0,01668096
120844;0,0166789
120860,6;0,01667772
120877,2;0,01667772
120893,7;0,01667739
120910,3;0,01667783
120926,9;0,01667897
120943,4;0,01668069
120960;0,01668176
120976,6;0,01668436
120993,1;0,01668498
121009,7;0,01669005
121026,3;0,01669005
121043,2;0,01669228
121059,6;0,01670202
121076,2;0,01670296
121092,5;0,01671025
121109,1;0,01671378
121125,7;0,0167208
121142,5;0,01672126
121158,8;0,01673166
121175,5;0,01673834
121191,9;0,01674429
121208,9;0,01675415
121225,1;0,01675873
121241,8;0,01676312
121258,2;0,0167683
121274,8;0,0167683
121291,6;0,01677268
121307,9;0,01677268
121324,6;0,01677804
121341;0,01678364
121357,9;0,01679409
121374,2;0,01680497
121390,7;0,01681547
121407,3;0,01682738
121423,9;0,01682738
121440,4;0,01682796
121457,1;0,01683943
121473,9;0,01685109
121490,1;0,01685109
121506,7;0,01685109
121523,3;0,01686312
121539,8;0,01688302
121556,4;0,01689357
121573;0,01689357
121589,7;0,01689357
121606,1;0,01690559
121622,7;0,01690559
121639,4;0,01691854
121655,8;0,01692339
121672,4;0,0169371
121689;0,01695162
121705,5;0,01695714
121722,1;0,01697082
121738,6;0,01697082
121755,6;0,01699005
121771,8;0,01700372
121788,3;0,01702756
121804,9;0,01704501
121821,6;0,01706527
121838;0,0170717
121854,7;0,01707859
121871,2;0,01709118
121887,7;0,01710483
121904,3;0,01713174
121920,9;0,01713174
121937,4;0,01713783
121954,2;0,01714473
121970,6;0,01716064
121987,1;0,01716954
122003,7;0,01719119
122020,3;0,0172173
122037,1;0,01722743
122053,6;0,01724813
122070;0,01725531
122086,9;0,01726159
122103,2;0,01726159
122119,7;0,01727943
122136,3;0,01729136
122152,8;0,01729782
122169,6;0,01730357
122185,9;0,01732232
122202,9;0,0173277
122219,1;0,01733397
122235,7;0,01734523
122252,2;0,01735695
122269,3;0,01736514
122285,6;0,01737552
122302,1;0,01738347
122318,7;0,01738998
122335,3;0,01740166
122352,2;0,01740691
122368,7;0,01741738
122384,7;0,0174222
122401,3;0,01743368
122417,9;0,0174385
122434,8;0,0174524
122451;0,01746204
122467,8;0,01747283
122484,2;0,0174745
122500,7;0,01748597
122517,3;0,01749059
122533,8;0,01750058
122550,6;0,01750058
122567,1;0,01750538
122583,5;0,01750607
122600,1;0,01751077
122616,7;0,01752114
122633,3;0,01752114
122649,8;0,01752653
122666,5;0,01753753
122683,3;0,0175492
122699,5;0,01755454
122716,1;0,01756774
122732,8;0,01756774
122749,7;0,01758458
122765,8;0,01761007
122782,3;0,01762857
122798,9;0,01763457
122815,8;0,01764552
122832,5;0,01765512
122848,8;0,01765965
122865,4;0,01766853
122881,9;0,0176725
122898,5;0,01767332
122915;0,01768481
122931,6;0,01769395
122948,2;0,01769851
122964,7;0,0177074
122981,5;0,0177074
122997,9;0,01771907
123014,5;0,01772688
123031;0,01773038
123047,6;0,01773795
123064,6;0,01774181
123080,7;0,0177485
123097,3;0,01775382
123113,8;0,01775884
123130,4;0,0177626
123147;0,01776903
123163,5;0,01776903
123180,1;0,01778105
123197,1;0,01778105
123213,2;0,01778425
123230,3;0,01778453
123246,4;0,01779199
123262,9;0,01779837
123279,5;0,01780405
123296,5;0,01780973
123312,6;0,01781486
123329,2;0,01781989
123345,8;0,01782217
123362,8;0,0178258
123379;0,01782807
123395,5;0,0178322
123412;0,01783641
123429;0,01784099
123445,2;0,01784325
123462,1;0,01784325
123478,3;0,01785068
123494,9;0,01785549
123511,4;0,01785771
123528;0,01786248
123544,6;0,01786605
123561,1;0,01786679
123578,2;0,01787111
123594,3;0,01787568
123610,8;0,01788044
123627,4;0,01788292
123644;0,01788725
123660,5;0,01788954
123677,2;0,01789396
123693,7;0,01789396
123710,2;0,0178998
123727,5;0,01790188
123743,4;0,01790188
123760,2;0,01790944
123776,5;0,01791015
123793,1;0,01791508
123810,1;0,01791508
123826,2;0,01791708
123842,8;0,01791708
123859,4;0,01791728
123876;0,01792023
123893;0,01792744
123909,3;0,01793156
123925,6;0,01793958
123942,2;0,01794294
123959,3;0,01794533
123975,3;0,01794742
123992;0,01795134
124008,5;0,01795562
124025,1;0,01795922
124041,9;0,01795942
124058,1;0,01796314
124075,4;0,01796682
124091,4;0,01796891
124108,2;0,01797287
124125;0,01797619
124141,5;0,01797807
124157,5;0,01798156
124174,3;0,01798372
124190,7;0,01798665
124207,2;0,0179883
124223,8;0,01799163
124240,4;0,01799331
124257,1;0,0179942
124273,5;0,01799949
124290,4;0,01799949
124306,6;0,01799949
124323,6;0,01799949
124339,8;0,01800226
124356,3;0,01800649
124372,9;0,01800878
124389,5;0,01801023
124406,4;0,01801147
124422,6;0,01801736
124439,4;0,01801983
124455,7;0,01802076
124472,3;0,01802149
124488,9;0,01802169
124505,4;0,01802226
124522;0,01802299
124538,7;0,01802453
124555,4;0,01802833
124572,5;0,01802914
124588,8;0,01803112
124604,8;0,01803297
124622,1;0,01803402
124638;0,01803494
124654,6;0,01803571
124671,1;0,01803934
124687,7;0,01804128
124704,8;0,01804197
124720,8;0,0180418
124737,6;0,01803995
124753,9;0,01803995
124770,5;0,01803502
124787,1;0,01803477
124803,7;0,01803349
124820,2;0,01803353
124837,1;0,0180339
124854,1;0,01803431
124870;0,01803476
124886,5;0,018035
124903;0,01803622
124919,6;0,01803651
124936,8;0,01803756
124952,9;0,01803834
124969,3;0,01803903
124985,9;0,01803952
125002,4;0,01803952
125019;0,01804192
125035,6;0,01804269
125052,6;0,01804363
125068,8;0,01804408
125085,3;0,01804551
125102;0,01804709
125118,7;0,01804709
125135;0,01804783
125151,5;0,01804823
125168,1;0,01805044
125184,7;0,01805398
125201,3;0,0180556
125218,2;0,01805654
125234,4;0,01805808
125250,9;0,01805898
125267,5;0,01805984
125284,1;0,01806008
125300,8;0,0180633
125317,2;0,0180648
125333,8;0,01806615
125350,3;0,01806709
125367,4;0,01806765
125384,3;0,01807046
125400,1;0,01807046
125416,9;0,01807217
125433,2;0,01807409
125450;0,01807601
125466,3;0,01807814
125482,9;0,01807814
125499,8;0,01808026
125516;0,01808235
125533,1;0,01808268
125549,6;0,01808616
125565,7;0,01808735
125582,3;0,01808825
125599,2;0,01808948
125615,8;0,01809087
125632,5;0,01809248
125648,5;0,01809436
125665,4;0,01809523
125681,7;0,01809641
125698,6;0,01809834
125714,8;0,01810006
125731,4;0,01810109
125747,9;0,01810216
125764,9;0,01810257
125781,7;0,01810314
125797,6;0,01810437
125814,2;0,01810622
125830,8;0,01810622
125847,5;0,01810802
125864;0,01811209
125880,5;0,01811509
125897;0,01811591
125913,6;0,01811706
125930,2;0,01811821
125946,8;0,01811899
125963,3;0,01811899
125979,9;0,01812072
125996,6;0,0181227
126013;0,0181241
126029,6;0,01812492
126046,1;0,01812657
126062,8;0,01812756
126079,3;0,01812818
126095,8;0,01812908
126112,4;0,01813163
126129;0,01813233
126145,5;0,0181339
126162,6;0,01813451
126178,8;0,01813632
126195,2;0,01813682
126211,8;0,01813682
126228,4;0,01814007
126244,9;0,01814089
126261,5;0,0181425
126278,1;0,01814394
126294,8;0,01814467
126311,4;0,01814603
126328;0,01814678
126344,3;0,01814801
126360,9;0,01814862
126377,5;0,01814998
126394,4;0,01814998
126410,6;0,01815064
126427,3;0,01815126
126444,1;0,0181513
126460,3;0,01815435
126477,5;0,01815706
126493,4;0,01815896
126510,3;0,01815999
126526,6;0,01815999
126543,5;0,01816283
126559,7;0,01816493
126576,3;0,0181665
126593,5;0,0181665
126609,5;0,01816946
126626;0,01817041
126642,5;0,01817041
126659,1;0,01817324
126675,7;0,01817481
126692,5;0,01817568
126708,9;0,01817724
126725,4;0,01817724
126742,3;0,01817806
126759,3;0,01818136
126775,1;0,01818226
126791,6;0,01818301
126808,4;0,01818416
126824,8;0,01818598
126842,3;0,01818598
126857,9;0,0181868
126874,5;0,01818964
126891,1;0,01819071
126907,6;0,0181915
126924,2;0,0181915
126940,7;0,01819368
126957,3;0,01819504
126973,9;0,01819669
126990,4;0,01819813
127007;0,01819813
127023,6;0,01819958
127040,5;0,01819966
127056,7;0,01820028
127073,6;0,01820119
127090,2;0,01820268
127106,4;0,01820511
127123,5;0,01820643
127139,5;0,01820738
127156,2;0,01820825
127172,7;0,01820965
127189,2;0,0182104
127205,8;0,01821176
127223;0,01821176
127238,9;0,01821247
127255,6;0,01821437
127272,1;0,01821437
127288,6;0,0182166
127305,2;0,01821759
127321,8;0,01821821
127338,3;0,01821937
127354,9;0,0182199
127371,5;0,01822118
127388;0,01822184
127404,6;0,01822188
127421,2;0,01822403
127437,7;0,01822474
127454,3;0,01822532
127470,9;0,01822532
127487,4;0,01822594
127504;0,01822664
127520,9;0,01822714
127537,1;0,01822743
127553,7;0,01822743
127570,3;0,01822888
127586,9;0,01822913
127603,6;0,01822971
127620;0,01823
127636,8;0,01823046
127653,2;0,01823087
127669,7;0,01823108
127686,3;0,01823129
127702,8;0,01823129
127719,4;0,01823162
127736,2;0,01823233
127752,5;0,01823295
127769,1;0,01823336
127785,6;0,01823374
127802,2;0,01823407
127819,1;0,01823444
127835,3;0,0182349
127852;0,01823486
127868,5;0,01823511
127885;0,01823552
127901,6;0,01823615
127918,7;0,01823677
127934,9;0,0182371
127951,3;0,0182376
127967,9;0,01823781
127984,6;0,0182381
128001;0,01823839
128017,6;0,01823885
128034,6;0,01823893
128050,7;0,01823927
128067,3;0,01823951
128084,6;0,01823964
128100,4;0,01823985
128117;0,01824001
128133,5;0,01824001
128150,1;0,01824051
128166,8;0,01824323
128183,6;0,01824482
128200,3;0,01824545
128216,6;0,0182462
128233;0,01824703
128249,5;0,01824762
128266,1;0,0182482
128282,8;0,01824853
128299,2;0,0182487
128315,8;0,01824924
128332,3;0,0182497
128348,9;0,0182497
128365,5;0,01825036
128382;0,01825124
128399;0,01825211
128415,2;0,01825257
128432,5;0,01825277
128448,3;0,01825273
128465,3;0,01825273
128481,9;0,01825332
128498;0,01825332
128514,6;0,01825382
128531,1;0,01825411
128547,8;0,01825419
128564,3;0,01825515
128580,8;0,01825561
128597,5;0,01825578
128614;0,01825616
128630,7;0,0182567
128647,2;0,01825728
128663,7;0,01825762
128680,2;0,01825816
128697,2;0,01825816
128713,4;0,01825879
128730;0,01825937
128746,5;0,01825937
128763,3;0,01826603
128779,6;0,01826841
128796,2;0,0182751
128812,9;0,01828098
128829,3;0,01828453
128846,5;0,01828848
128862,7;0,01829318
128879;0,01829526
128896,3;0,01829526
128912,5;0,01829994
128928,7;0,01830588
128945,3;0,01830727
128961,9;0,01830876
128978,4;0,01830876
128995;0,01831027
129011,7;0,01831183
129028,1;0,01831636
129044,8;0,01831737
129061,5;0,01831817
129078,1;0,01831854
129094,5;0,01831892
129111;0,0183198
129127,5;0,01832055
129144,1;0,01832122
129160,7;0,01832151
129177,3;0,01832176
129193,8;0,01832176
129210,4;0,01832264
129226,9;0,01832326
129243,5;0,01832368
129260,1;0,01832385
129276,7;0,01832435
129293,3;0,01832451
129309,8;0,01832497
129326,5;0,01832522
129343,2;0,01832535
129359,5;0,01832556
129376,2;0,01832614
129393,1;0,01832648
129409,2;0,01832681
129426,2;0,01832715
129442,3;0,01832736
129459;0,0183276
129476;0,0183276
129492;0,01832798
129508,6;0,01832827
129525,2;0,01832853
129541,9;0,01832873
129558,3;0,01832877
129574,8;0,01832886
129591,5;0,01832898
129608;0,01832898
129624,5;0,01832898
129641,1;0,0183289
129657,8;0,01832844
129674,2;0,01832769
129690,8;0,01832798
129707,4;0,01832824
129723,9;0,01832861
129740,6;0,01832907
129757,1;0,01832915
129773,6;0,01832915
129790,2;0,01833028
129806,8;0,0183312
129823,4;0,01833187
129840,2;0,01833225
129856,5;0,01833225
129873;0,01833363
129889,6;0,01833455
129906,3;0,01833505
129923,2;0,01833505
129939,3;0,01833547
129955,9;0,01833651
129972,4;0,01833726
129989,5;0,01833764
130006,4;0,01833764
130022,1;0,0183384
130038,9;0,01833986
130055,3;0,01834137
130071,8;0,0183415
130088,6;0,01834301
130105;0,01834465
130122,2;0,01834595
130138,1;0,01834691
130155,2;0,01834691
130171,3;0,0183467
130187,8;0,01834674
130204,4;0,018347
130221,1;0,01834721
130237,5;0,01834721
130254,5;0,01834763
130270,6;0,01834788
130287,7;0,01834805
130303,8;0,01834989
130320,5;0,01835124
130336,9;0,01835178
130353,5;0,01835178
130370,5;0,01835342
130386,7;0,01835451
130403,2;0,0183553
130419,8;0,01835581
130436,7;0,01835581
130453;0,01835735
130469,4;0,01835765
130486;0,01835815
130502,6;0,01835861
130519,1;0,01835886
130535,7;0,01835919
130552,3;0,01835928
130569,8;0,01835957
130585,4;0,01835978
130602;0,01836007
130618,5;0,01836032
130635,3;0,01836032
130651,7;0,01836082
130668,4;0,01836149
130684,8;0,01836195
130701,4;0,0183625
130717,9;0,01836308
130734,5;0,01836283
130751,1;0,01836092
130767,9;0,01835746
130784,2;0,01835746
130801,1;0,01835272
130817,5;0,01834733
130833,9;0,01834216
130850,5;0,01833927
130867,2;0,01833738
130884;0,01833515
130900,2;0,01833515
130917,3;0,01833284
130933,3;0,01832738
130950,2;0,01832513
130966,4;0,01832174
130983,1;0,0183198
130999,7;0,01831888
131016,2;0,01831728
131032,7;0,01831645
131049,3;0,01831544
131065,8;0,01831486
131082,4;0,01831402
131099,5;0,01831348
131115,5;0,01831348
131132,5;0,01831177
131149,5;0,01831073
131165,2;0,01831019
131181,8;0,01830894
131198,5;0,01830894
131214,9;0,0183057
131231,5;0,01830504
131248,1;0,01830342
131264,7;0,0183025
131281,5;0,0183006
131297,8;0,01829965
131314,5;0,01829965
131330,9;0,01829593
131347,5;0,01829407
131364;0,01829284
131380,6;0,01829156
131397,2;0,01829062
131413,8;0,01828576
131430,3;0,01828481
131446,9;0,01828188
131463,4;0,01827901
131480;0,01827758
131496,8;0,01827425
131513,1;0,01827228
131529,7;0,01827044
131546,4;0,01827044
131563,5;0,01826531
131579,6;0,01825939
131596;0,01825743
131613;0,01825554
131629,1;0,01825453
131645,8;0,0182483
131662,9;0,01824423
131678,8;0,018242
131695,4;0,01823919
131711,9;0,018235
131728,6;0,018235
131745,1;0,01822458
131761,6;0,01822376
131778,4;0,01821758
131795;0,01821258
131811,8;0,0182064
131827,9;0,01820302
131844,5;0,01819625
131861;0,01819284
131877,6;0,01818647
131894,2;0,01818643
131910,7;0,0181793
131927,3;0,01817245
131944,3;0,01816561
131960,5;0,01816198
131977;0,01816198
131993,9;0,01815505
132010,1;0,01814408
132026,7;0,01813873
132043,3;0,01813687
132059,8;0,0181307
132076,4;0,01812489
132093;0,01811255
132109,6;0,01810518
132126,1;0,01810437
132142,7;0,01809612
132159,2;0,01809612
132175,8;0,01809178
132192,4;0,01809138
132209,2;0,01807692
132225,5;0,01807087
132242,5;0,01805777
132258,6;0,01804932
132275,2;0,01804094
132291,8;0,01803453
132308,4;0,01802807
132325,4;0,01801972
132341,5;0,0180142
132358;0,01800658
132375,4;0,01800257
132391,3;0,01800257
132407,8;0,01799351
132424,3;0,01798667
132440,9;0,01797892
132457,5;0,01796854
132474;0,01796288
132490,6;0,01795387
132507,1;0,01794802
132523,7;0,01794006
132540,3;0,01793568
132556,8;0,01793568
132573,4;0,01791671
132590,4;0,01791544
132606,5;0,0179023
132623,4;0,01789713
132639,7;0,01788665
132656,3;0,01787979
132672,8;0,01787018
132689,4;0,01786053
132706,4;0,01786053
132723,1;0,01784815
132739,1;0,01783721
132755,6;0,01782515
132772,2;0,01781556
132788,8;0,01781233
132806,1;0,01781016
132821,9;0,01780623
132838,5;0,01779154
132855;0,01776036
132871,9;0,01775763
132888,3;0,01773898
132905,1;0,01772715
132921,3;0,01771614
132937,9;0,01770297
132955,1;0,01769497
132971;0,01767696
132987,6;0,01767696
133004,2;0,01765436
133021,1;0,01763107
133037,3;0,01761984
133053,8;0,01760642
133071;0,01759139
133087;0,01757123
133103,5;0,01754953
133120,1;0,0175381
133136,7;0,01752314
133153,3;0,01750553
133169,8;0,01748288
133186,4;0,0174697
133203;0,01744625
133219,6;0,01742842
133236,4;0,01741087
133252,9;0,01738506
133269,2;0,01737111
133285,9;0,01735415
133302,3;0,01733343
133318,9;0,01730799
133335,5;0,01729576
133352;0,01726887
133368,6;0,01725509
133385,2;0,01725509
133401,8;0,01725509
133418,4;0,01724286
133435;0,01722896
133451,9;0,01721676
133468;0,01721676
133484,6;0,01720413
133501,1;0,01717618
133517,7;0,01714839
133534,3;0,0170882
133550,8;0,01703412
133568,2;0,01699813
133584,4;0,01697019
133600,5;0,01695601
133617,2;0,01694312
133633,7;0,01691628
133650,2;0,01688943
133666,8;0,01687407
133683,4;0,01684736
133700;0,01682201
133716,5;0,01680676
133733,1;0,0167838
133749,7;0,01676708
133766,3;0,01674636
133783,1;0,01674036
133799,7;0,01674036
133815,9;0,0167252
133832,5;0,01668591
133849;0,01666764
133865,6;0,01664421
133882,3;0,01663177
133898,8;0,01659152
133915,4;0,01656981
133932,2;0,01655176
133948,4;0,01651205
133965,3;0,0164984
133981,6;0,01647233
133998,3;0,01647233
134014,7;0,01645109
134031,4;0,01641454
134047,8;0,01639361
134064,4;0,0163677
134081;0,0163677
134097,5;0,01636644
134114,4;0,01636644
134130,7;0,01634078
134147,3;0,0163153
134163,8;0,01625633
134180,4;0,01623693
134197,4;0,01621266
134213,5;0,01618601
134230,2;0,01617375
134246,6;0,01615304
134263,5;0,01612877
134283,3;0,01611462
134296,5;0,01610844
134313;0,01608001
134329,5;0,01605733
134346;0,01603033
134362,6;0,01600465
134379,2;0,01599013
134395,7;0,01597891
134412,3;0,01596918
134428,9;0,01596565
134445,5;0,01591399
134462;0,01588785
134478,9;0,01588785
134495,1;0,01584954
134511,7;0,01583624
134528,3;0,0158112
134544,8;0,01578637
134561,7;0,015767
134578;0,01574694
134594,6;0,01573496
134611,2;0,01573496
134627,7;0,01569698
134644,3;0,01568047
134660,9;0,01565585
134677,5;0,01563612
134694,4;0,01561168
134711,1;0,01561168
134727,1;0,0156006
134743,6;0,01559648
134760,5;0,01558767
134776,8;0,01557687
134793,8;0,01552964
134810,1;0,01549106
134826,5;0,01547934
134843;0,01546063
134860,1;0,01544969
134876,2;0,01542998
134892,8;0,01542115
134909,3;0,01542115
134925,9;0,01538656
134942,4;0,01538656
134959,1;0,01536787
134976;0,01535521
134992,1;0,0153412
135008,8;0,0153343
135025,3;0,01532105
135041,8;0,01532105
135058,4;0,01531483
135075,1;0,01529845
135092,1;0,01528837
135108,8;0,01528306
135124,7;0,01527444
135141,2;0,01527444
135157,8;0,01526628
135174,4;0,01525923
135191;0,01525317
135207,5;0,01525317
135224,1;0,01524615
135240,6;0,01524514
135257,2;0,01524113
135274;0,01523662
135290,3;0,01523431
135306,9;0,01523355
135324,2;0,01523252
135340;0,01523197
135356,6;0,01523197
135373,5;0,01523197
135389,7;0,01523197
135406,8;0,01523182
135422,9;0,01523266
135439,7;0,01523412
135456,5;0,0152356
135472,6;0,01523917
135489,2;0,01524068
135505,9;0,01524408
135522,3;0,01524709
135539;0,01524978
135555,9;0,01524964
135572;0,01525574
135589,3;0,01525978
135605,1;0,015263
135621,7;0,01526796
135638,3;0,01526796
135654,9;0,01527026
135671,8;0,01527711
135688;0,01528486
135704,9;0,01528808
135721,1;0,01528808
135737,6;0,01529541
135754,2;0,01530473
135770,8;0,01530473
135787,3;0,01530473
135803,9;0,01531997
135820,5;0,01532526
135837,2;0,01533421
135853,7;0,01533616
135870,2;0,01534449
135887,4;0,01534999
135903,3;0,01535905
135919,9;0,01536855
135936,9;0,01537633
135953;0,01538567
135970;0,01538672
135986,4;0,0154002
136002,7;0,0154002
136019,3;0,01540513
136035,8;0,01540969
136052,4;0,01541972
136069;0,01542978
136085,5;0,01544674
136102,1;0,015453
136118,7;0,01546038
136135,2;0,01547137
136152;0,01547857
136168,6;0,0154878
136185;0,01549795
136201,5;0,01550394
136218,6;0,01551142
136235,2;0,01552123
136251,2;0,01552123
136267,8;0,01553344
136284,3;0,01555171
136301,4;0,01555854
136317,5;0,01555854
136334;0,01556648
136350,9;0,01558908
136367,5;0,01559604
136385,1;0,01560948
136401,7;0,01562191
136418,3;0,01562805
136434,8;0,01564124
136452;0,01565273
136468;0,01566236
136484,9;0,01566236
136501,1;0,01568291
136517,7;0,0156959
136534,2;0,01570321
136550,8;0,01571525
136567,5;0,01572345
136584;0,01573996
136600,5;0,01574679
136617;0,01576207
136634,1;0,01576207
136650,4;0,01576982
136667,2;0,01577733
136683,5;0,01577793
136700;0,01579633
136716,5;0,01581312
136733,1;0,01582747
136750,2;0,01585129
136766,3;0,01586492
136782,9;0,01587862
136799,3;0,0158875
136815,9;0,01590221
136832,5;0,01590936
136849;0,01590936
136865,6;0,01592408
136882,1;0,0159407
136899,2;0,01595712
136915,3;0,0159753
136931,8;0,0159876
136948,4;0,01600582
136965,2;0,01602527
136981,6;0,01603539
136998,1;0,01605379
137014,7;0,01606383
137031,5;0,01608364
137047,8;0,01609339
137064,4;0,01610302
137081,2;0,01610302
137097,5;0,016111
137114,1;0,01614238
137130,6;0,01614657
137147,2;0,01614981
137163,8;0,01615402
137180,3;0,01615402
137197;0,01615402
137213,5;0,01615402
137230;0,01615464
137247,1;0,01616237
137263,3;0,01616237
137279,7;0,01616237
137296,4;0,01616237
137313;0,01616408
137329,7;0,01618242
137346;0,01621579
137362,5;0,01623716
137379,2;0,01624482
137395,7;0,01627405
137412,3;0,01628433
137429;0,01631863
137447,7;0,01634295
137462;0,01636326
137478,5;0,01637671
137495,1;0,01639504
137512,5;0,01641365
137528,5;0,01642507
137544,9;0,01643093
137561,4;0,01643609
137577,9;0,01644726
137594,5;0,01645736
137611,3;0,01646258
137627,6;0,01647211
137644,2;0,01647654
137660,8;0,01647654
137677,3;0,01648476
137693,9;0,0164985
137710,5;0,01650234
137727,1;0,01651045
137743,8;0,01651469
137760,1;0,01651469
137776,7;0,01652515
137793,7;0,01653174
137810,1;0,01653174
137827,1;0,01653815
137843;0,01654383
137860,2;0,01654949
137876,1;0,01655411
137892,7;0,01655863
137909,3;0,01655863
137925,8;0,01655863
137942,4;0,01655863
137959;0,01655863
137976,1;0,01655863
137992,1;0,01656081
138009,1;0,01656271
138025,2;0,01656271
138042,2;0,01656714
138058,3;0,01657243
138074,9;0,01657483
138091,5;0,0165761
138108,2;0,01657559
138124,6;0,01657535
138141,8;0,01657395
138157,8;0,01657395
138174,3;0,01657209
138191;0,01657061
138207,5;0,01656925
138224,2;0,01656833
138240,9;0,01656349
138257,2;0,01656009
138273,7;0,01655765
138290,3;0,01655439
138306,9;0,01655208
138323,6;0,01655208
138340;0,01654797
138356,6;0,01654173
138373,3;0,01653696
138389,9;0,01653406
138406,3;0,01652892
138423,4;0,01652892
138442,2;0,01652057
138456,2;0,01651567
138472,5;0,01651111
138489,1;0,01650479
138505,8;0,01650133
138522,3;0,01650133
138538,8;0,01649312
138555,6;0,01648744
138572,3;0,01648712
138588,5;0,01648712
138605,1;0,01647598
138621,6;0,01646541
138638,2;0,01645805
138654,8;0,01645024
138671,4;0,01644463
138687,9;0,01643696
138704,5;0,01643486
138721;0,0164312
138737,7;0,01642641
138754,5;0,01641542
138770,7;0,01640758
138787,3;0,01640297
138803,9;0,01639466
138820,4;0,01639466
138837,5;0,01639276
138853,6;0,01638193
138870,1;0,0163675
138886,7;0,01635768
138903,3;0,01635049
138919,8;0,0163394
138936,4;0,01633228
138953;0,01631756
138969,5;0,01630354
138986,4;0,01629617
139002,9;0,01628201
139019,2;0,01628201
139036,3;0,01627463
139052,8;0,01625983
139068,9;0,01623949
139085,5;0,01623244
139102;0,01621928
139119,1;0,0162074
139135,2;0,0162074
139151,8;0,01620096
139168,3;0,01618297
139185,1;0,01617327
139201,5;0,01617327
139218;0,01616758
139235,1;0,01616689
139251,2;0,01615715
139267,8;0,01614616
139284,3;0,01613456
139300,9;0,01612091
139317,7;0,01611175
139334,5;0,01610648
139350,6;0,01609478
139367,7;0,01608242
139383,7;0,01607248
139400,6;0,01606132
139416,8;0,01605571
139433,4;0,01604518
139450,5;0,01604447
139466,5;0,01603087
139483,1;0,01602635
139499,7;0,01601585
139516,7;0,01601434
139532,8;0,01600675
139549,4;0,01600675
139565,9;0,0159986
139583,1;0,01598825
139599,1;0,01598509
139615,9;0,01598165
139632,3;0,01597909
139649;0,01597237
139665,6;0,01596933
139681,9;0,01596034
139698,9;0,01595511
139715;0,01595169
139731,8;0,01594763
139748,4;0,01594518
139764,7;0,01594075
139781,3;0,01593823
139797,9;0,01593473
139814,4;0,01593473
139831,4;0,01593255
139847,5;0,01593255
139864,1;0,01593085
139880,7;0,01592663
139897,5;0,01592121
139913,8;0,01591892
139930,4;0,01591772
139947,1;0,01591732
139963,5;0,01591652
139980,1;0,01591633
139996,7;0,01591633
140013,2;0,01591695
140030,2;0,01591735
140046,4;0,0159187
140062,9;0,01591877
140079,5;0,01592079
140096,2;0,01592343
140112,6;0,01592492
140129,2;0,01592492
140146;0,0159323
140162,3;0,01593425
140179,4;0,01593887
140195,5;0,01594414
140212;0,01594703
140228,6;0,01595023
140245,1;0,01595102
140261,7;0,01595881
140278,3;0,01595999
140294,9;0,01597109
140311,4;0,01597473
140328;0,01598109
140344,6;0,01598619
140361,3;0,01598766
140378,1;0,01599454
140394,3;0,016002
140410,8;0,01600719
140428,1;0,0160149
140444,3;0,01602167
140460,9;0,01602545
140477,3;0,01602545
140493,7;0,01603022
140510,5;0,01603443
140527;0,01604085
140543,4;0,01605164
140560,2;0,01606428
140576,5;0,01606428
140593;0,01606604
140609,7;0,01607705
140626,3;0,01608938
140642,8;0,01609868
140659,3;0,01610288
140675,9;0,01610288
140692,5;0,01611152
140709,3;0,01612952
140725,6;0,01613423
140742,2;0,01614277
140759,1;0,01614277
140775,9;0,01614741
140791,9;0,01616169
140808,4;0,01617113
140825,2;0,01618036
140841,5;0,01618484
140858,1;0,01619395
140874,7;0,01619503
140891,3;0,01619503
140907,8;0,01620732
140924,7;0,01622292
140941;0,01622728
140957,5;0,01623764
140974,1;0,01623764
140990,9;0,01624145
141007,2;0,0162603
141023,8;0,01626707
141040,7;0,01627687
141057,3;0,01628143
141073,9;0,01629103
141090,1;0,01629626
141106,6;0,01630647
141123,4;0,01630647
141139,9;0,01631144
141156,4;0,01631606
141172,9;0,01632509
141189,5;0,01632576
141206;0,01633165
141222,6;0,01635456
141239,5;0,01636472
141255,7;0,0163742
141272,4;0,01637968
141288,8;0,01637968
141306,3;0,0163974
141322,3;0,01640292
141338,5;0,01641315
141355,1;0,01641759
141371,9;0,01641759
141388,3;0,01642441
141404,8;0,01643952
141421,9;0,01644597
141438,2;0,01645012
141454,5;0,01645201
141471,1;0,01646605
141487,7;0,01647279
141504,5;0,01647279
141520,8;0,01648156
141537,4;0,01648766
141554,4;0,01649464
141570,5;0,01649836
141587,1;0,01650585
141603,6;0,01651119
141620,3;0,01651672
141636,8;0,01652006
141653,3;0,0165268
141670,1;0,01653463
141686,5;0,01653894
141703,5;0,01654692
141719,6;0,01655052
141736,4;0,01655052
141752,7;0,01655445
141769,3;0,01655614
141785,9;0,01655777
141802,7;0,01656156
141819,1;0,01656876
141835,9;0,01658284
141852,1;0,01659429
141868,7;0,01659814
141885,6;0,01660294
141901,8;0,01660545
141919,2;0,0166109
141935,3;0,01661582
141952,5;0,01661848
141968,1;0,01662345
141984,7;0,01662626
142001,2;0,01662626
142017,9;0,01663356
142034,5;0,01663831
142050,9;0,01664068
142067,5;0,01664283
142084,1;0,01664387
142100,6;0,01665169
142117,2;0,01665575
142133,8;0,01665782
142150,3;0,01665993
142167,1;0,01666099
142183,5;0,01666648
142200;0,01666648
142216,6;0,01666956
142233,2;0,01667351
142249,7;0,01667614
142266,3;0,01667954
142282,9;0,01667954
142299,5;0,01668273
142316;0,01668592
142333,4;0,01668932
142349,1;0,01669089
142365,7;0,01669089
142382,6;0,01669757
142398,9;0,01669757
142415,4;0,0166983
142432;0,01669949
142448,8;0,01670131
142465,1;0,01671
142482,1;0,01671601
142498,4;0,01671881
142514,8;0,01672175
142531,4;0,01672431
142547,9;0,01672872
142564,8;0,01672872
142587,1;0,01673521
142598,1;0,01673678
142614,2;0,01674065
142630,8;0,01674474
142647,7;0,0167468
142663,9;0,01674976
142680,5;0,01675129
142697,2;0,01675129
142713,6;0,0167564
142730,1;0,01675979
142746,7;0,01676206
142763,3;0,01676465
142779,9;0,01676823
142796,4;0,01676973
142813;0,01676973
142829,9;0,01677232
142846,2;0,01677748
142862,7;0,01677941
142879,3;0,01678085
142895,8;0,01678232
142912,4;0,01678709
142929;0,01678828
142945,5;0,01679112
142962,1;0,01679112
142978,7;0,01679529
142995,5;0,01679712
143011,8;0,01679936
143028,3;0,01679936
143045,6;0,01680042
143061,5;0,01680059
143078;0,01680168
143094,6;0,01680477
143111,3;0,0168089
143127,8;0,01681003
143144,3;0,01681189
143160,9;0,01681364
143177,5;0,01681441
143194;0,01681557
143210,6;0,01681655
143227,3;0,01681711
143243,7;0,01681816
143260,3;0,01681931
143277,9;0,01681984
143293,4;0,01681984
143310;0,01681984
143326,9;0,01682026
143343,6;0,01682082
143359,9;0,01682173
143376,5;0,01682221
143392,8;0,0168226
143409,4;0,01682284
143426,2;0,01682329
143442,7;0,01682336
143459,1;0,01682305
143476;0,0168226
143492,3;0,0168226
143508,8;0,01682187
143525,4;0,01681877
143542,5;0,01681777
143558,5;0,01681666
143575,1;0,01681635
143591,6;0,01681153
143608,2;0,0168091
143624,8;0,0168073
143641,3;0,01680589
143658;0,01680544
143674,5;0,0168044
143691;0,016803
143707,6;0,016803
143724,7;0,01679814
143741,2;0,01678954
143757,3;0,01678493
143774,5;0,01677725
143790,5;0,01677288
143807;0,01677051
143823,8;0,01676735
143840,2;0,01676372
143856,7;0,01675922
143873,3;0,01675618
143889,8;0,01675241
143906,4;0,01674977
143923;0,01674977
143939,5;0,01674175
143956,1;0,0167381
143973,4;0,01673322
143989,2;0,01673219
144005,8;0,0167253
144022,4;0,01672077
144039;0,01671746
144055,6;0,0167147
144072;0,0167147
144089,3;0,01670471
144105,2;0,01670018
144122,1;0,01669685
144138,5;0,01669154
144155,3;0,0166882
144171,6;0,01668225
144188;0,01667625
144204,6;0,01667006
144221,2;0,01666635
144237,7;0,01666186
144254,3;0,01665653
144271;0,01665023
144287,4;0,01664662
144304;0,0166433
144320,6;0,01663983
144337,1;0,01663983
144353,8;0,01663637
144371;0,01663175
144386,8;0,01661663
144403,4;0,01660688
144420,3;0,01660294
144436,5;0,01660294
144453,5;0,01658571
144469,7;0,01658406
144486,2;0,016572
144503;0,016572
144519,3;0,01656336
144536,3;0,0165546
144552,5;0,01654557
144569,1;0,0165371
144586,3;0,0165327
144602,2;0,01652437
144618,8;0,0165205
144635,5;0,01651159
144652;0,01650777
144668,5;0,01649997
144685;0,0164963
144701,6;0,0164922
144718,2;0,01648702
144734,9;0,01647579
144752,2;0,01646782
144767,9;0,01646364
144784,4;0,01645718
144801;0,0164517
144817,5;0,01644389
144834,1;0,01644389
144850,8;0,01643497
144867,3;0,01642736
144883,8;0,01642208
144900,4;0,01641209
144917;0,01640822
144933,6;0,0164033
144950,2;0,01639647
144966,7;0,01639647
144983,2;0,01639647
145000;0,01639647
145016,5;0,01638484
145033,1;0,01637048
145049,5;0,01636219
145066,1;0,01635747
145082,7;0,01635747
145099,6;0,01634928
145115,8;0,01634063
145132,3;0,01633762
145148,9;0,01633146
145165,5;0,0163278
145182,1;0,01632192
145198,6;0,01631923
145215,2;0,01631923
145231,7;0,01631088
145248,3;0,01630568
145264,9;0,01630144
145281,4;0,01630032
145298;0,01629786
145314,6;0,01629054
145331,1;0,01628596
145348;0,01628596
145364,3;0,01628056
145380,8;0,0162776
145397,4;0,0162776
145414,4;0,0162697
145430,5;0,01626778
145447,1;0,01626396
145463,7;0,01626246
145480,2;0,01625943
145496,8;0,01625909
145513,3;0,01625528
145530,3;0,01625389
145546,5;0,01625389
145563;0,0162508
145579,8;0,01624914
145596,2;0,01624914
145612,8;0,01624826
145629,3;0,01624752
145645,9;0,01624681
145662,7;0,01624491
145679;0,01624414
145695,6;0,01624397
145712,5;0,01624374
145728,7;0,01624377
145745,6;0,01624401
145761,9;0,01624424
145778,4;0,01624478
145795,1;0,01624515
145811,5;0,01624589
145828,5;0,0162468
145844,7;0,01624734
145861,3;0,01624841
145877,9;0,01624901
145894,4;0,01624979
145911;0,01625157
145927,5;0,01625312
145944,1;0,01625402
145960,6;0,01625516
145977,2;0,0162554
145993,8;0,01625836
146010,4;0,01625946
146027,2;0,01626316
146043,5;0,01626446
146060,1;0,01626575
146077;0,01626887
146093,2;0,01627178
146110;0,01627352
146126,3;0,01627718
146142,9;0,01627993
146159,5;0,0162813
146176;0,01628537
146192,7;0,01628943
146210,2;0,01629266
146225,7;0,01629343
146242,6;0,01629575
146258,8;0,01629575
146275,4;0,01629789
146292;0,01630252
146308,8;0,01630631
146325,1;0,01631447
146342;0,01632063
146358,3;0,01632303
146375,4;0,01632703
146391,4;0,01633186
146408;0,01633599
146424,5;0,01633887
146441,1;0,01634377
146457,7;0,0163488
146474,6;0,01635215
146491,1;0,01635504
146507,4;0,01635578
146524,2;0,01636157
146540,5;0,01636847
146557,3;0,01636847
146573,6;0,01637423
146590,3;0,01638352
146606,8;0,01638776
146623,3;0,01639317
146639,9;0,01639896
146656,5;0,01640228
146673;0,01640844
146689,6;0,01641175
146706,2;0,01641175
146723,3;0,01641832
146744,4;0,01642337
146761,8;0,01643347
146777,6;0,01643671
146794,1;0,01644316
146810,7;0,0164493
146827,3;0,01645384
146843,8;0,01645538
146860,6;0,01646238
146877,5;0,01646464
146893,5;0,01646771
146910,4;0,01646771
146926,7;0,01646771
146943,2;0,01647519
146959,8;0,01649161
146976,3;0,01649899
146993;0,01650563
147009,5;0,01650911
147026,1;0,01651582
147042,6;0,01652079
147059,2;0,01652204
147075,8;0,01652769
147092,5;0,01653411
147108,9;0,01653411
147125,5;0,01653476
147142,1;0,0165445
147158,8;0,01655114
147175,2;0,0165569
147192,3;0,01656095
147208,3;0,01656448
147224,9;0,01656502
147241,4;0,01657028
147258;0,0165781
147274,6;0,01657927
147291,2;0,01658529
147307,7;0,01658866
147325,1;0,01659522
147340,8;0,01659993
147358;0,01660639
147374;0,01661152
147390,5;0,01661646
147407,1;0,01661646
147423,7;0,01662443
147440,2;0,01662979
147456,8;0,01663522
147473,4;0,01664114
147489,9;0,01664114
147506,5;0,01664114
147523,1;0,01664114
147539,6;0,01664395
147556,4;0,01664423
147572,8;0,01665054
147589,3;0,01666103
147606,5;0,01667226
147622,5;0,01668156
147639,3;0,01668446
147656;0,01668975
147672,2;0,01669403
147688,7;0,01669684
147705,6;0,01670101
147722,8;0,01670311
147738,6;0,01670519
147755,3;0,01670884
147771,7;0,01671281
147788,4;0,01671499
147804,9;0,0167195
147821,3;0,01672179
147837,8;0,01672686
147854,4;0,0167293
147871;0,01673395
147887,5;0,01673815
147904,2;0,01673954
147921;0,01674415
147937,2;0,01674415
147953,8;0,01674733
147970,6;0,01675045
147986,9;0,01675286
148003,5;0,01675286
148020;0,01675506
148036,8;0,01675751
148053,2;0,01675799
148069,8;0,01675881
148086,4;0,01675902
148102,9;0,01675936
148119,5;0,0167617
148136;0,01676249
148152,8;0,01676249
148169,2;0,01676311
148185,7;0,01676328
148202,5;0,01676328
148218,9;0,01676149
148235,8;0,01675935
148252;0,01675786
148269;0,0167566
148285,1;0,01675542
148301,7;0,01675467
148318,8;0,01674965
148334,8;0,01674669
148351,4;0,01674463
148368,8;0,01674463
148384,5;0,01673923
148401,1;0,01673428
148417,9;0,01673163
148434,2;0,01672662
148451,2;0,01672662
148467,4;0,01672141
148483,9;0,0167143
148500,5;0,01671019
148517,1;0,01670401
148533,6;0,01670117
148550,7;0,0166976
148566,8;0,01669146
148583,5;0,01668409
148599,9;0,0166808
148616,5;0,01667293
148633;0,01666672
148649,6;0,01666131
148666,3;0,01665358
148682,7;0,01664975
148699,3;0,01664392
148716,2;0,01663499
148732,4;0,01663266
148749,4;0,01662447
148765,5;0,01662052
148782,1;0,01660789
148798,7;0,0166076
148815,3;0,0166076
148831,8;0,0166076
148848,4;0,0166076
148865,5;0,01660275
148882;0,01658992
148898,1;0,01658139
148914,7;0,01656731
148931,8;0,01655743
148947,8;0,0165424
148964,5;0,0165319
148981,3;0,01652248
148997,5;0,0165122
149014,1;0,01650746
149030,6;0,01650746
149047,4;0,01648789
149063,8;0,01648789
149080,5;0,01648346
149096,9;0,01646871
149113,5;0,01646214
149130;0,01645456
149146,6;0,01644527
149163,3;0,01644051
149179,7;0,01644051
149196,3;0,01642651
149212,9;0,01641735
149229,5;0,01641249
149246;0,01640335
149262,6;0,01639544
149279,1;0,01639373
149295,7;0,0163894
149312,3;0,01637996
149328,8;0,01636774
149345,4;0,01635599
149362,1;0,01634627
149378,5;0,016341
149395,1;0,01633017
149411,7;0,01632443
149428,2;0,01632443
149444,9;0,01631949
149461,3;0,0163135
149477,9;0,0163135
149495,4;0,01630281
149511,1;0,0162812
149528;0,01626286
149544,3;0,01625773
149560,8;0,01625185
149577,3;0,01624818
149594,6;0,01624013
149610,5;0,0162294
149627;0,01621983
149643,6;0,01621514
149660,3;0,01620641
149676,7;0,01620189
149693,3;0,01619366
149709,9;0,01618992
149726,7;0,01618573
149743;0,01618335
149759,6;0,01617524
149776,2;0,01616262
149792,7;0,01616184
149809,4;0,01615277
149825,9;0,01614376
149842,4;0,01613687
149859,2;0,01613313
149875,8;0,01612866
149892,1;0,01612797
149908,7;0,01611279
149925,2;0,01610594
149941,8;0,01610202
149958,7;0,0160987
149974,9;0,01609658
149991,5;0,01608857
150008,1;0,01608283
150024,6;0,016077
150041,2;0,016077
150057,8;0,01607164
150074,3;0,01606978
150091,8;0,01606978
150107,5;0,01606701
150124;0,01606701
150140,6;0,01606463
150157,2;0,01605826
150173,7;0,01605535
150190,7;0,01605039
150206,9;0,01604948
150223,8;0,01604619
150240,1;0,01604619
150257,1;0,01604261
150273,2;0,01604244
150289,7;0,01603883
150306,3;0,01603834
150322,8;0,01603554
150339,8;0,01603312
150356;0,01603241
150372,5;0,01603162
150389,1;0,01603199
150405,7;0,01603231
150422,2;0,01603344
150438,8;0,01603485
150455,4;0,01603577
150471,9;0,01603745
150488,5;0,0160384
150505;0,01603951
150521,7;0,01604036
150538,5;0,01604426
150554,9;0,01604697
150571,5;0,01604844
150588,1;0,0160515
150604,5;0,01605323
150621;0,01605498
150637,6;0,01606023
150654,2;0,01606215
150671,5;0,01606493
150687,9;0,01606818
150703,9;0,01607004
150720,4;0,01607248
150737,1;0,01607248
150753,6;0,0160744
150770,1;0,01607905
150786,8;0,0160857
150803,3;0,01609051
150819,8;0,01609292
150836,4;0,01609985
150853,4;0,01610343
150869,8;0,01610792
150890;0,01611311
150902,7;0,01611564
150919,2;0,01611669
150935,8;0,01612448
150952,4;0,01612871
150968,9;0,01613112
150985,5;0,0161341
151002,4;0,01613665
151018,9;0,01614188
151035,2;0,01614984
151051,8;0,01615258
151068,3;0,01615776
151084,9;0,01616046
151101,5;0,01616583
151118,3;0,01617071
151134,6;0,01617344
151151,2;0,01617344
151168;0,01618172
151184,3;0,0161868
151200,8;0,01618937
151217,5;0,01619222
151234,1;0,01619564
151250,5;0,01620348
151267,1;0,01620633
151283,7;0,01620633
151300,3;0,01621722
151316,9;0,0162197
151333,4;0,01622507
151350;0,01622507
151366,5;0,01622812
151383,1;0,01622812
151400,1;0,01623063
151416,2;0,01623587
151432,8;0,01624672
151449,4;0,0162519
151466,2;0,01625679
151482,7;0,01625679
151499,1;0,01626475
151515,6;0,01626649
151532,4;0,01626895
151548,8;0,01627233
151565,4;0,01627815
151582,3;0,01628222
151598,5;0,01628432
151615;0,01628866
151631,6;0,01629242
151648,5;0,01629522
151664,8;0,01629736
151681,4;0,01629736
151697,9;0,01630627
151714,4;0,01631031
151731,7;0,01631309
151747,6;0,01631739
151764,1;0,01631962
151780,7;0,01632387
151797,3;0,01632588
151813,8;0,01632999
151830,8;0,01632999
151847;0,01633431
151863,6;0,01633829
151880,4;0,01634215
151896,7;0,01634477
151913,4;0,01634799
151929,8;0,01634972
151946,3;0,01635355
151963;0,01635714
151979,5;0,01636016
151996,1;0,01636089
152012,6;0,01636251
152029,7;0,01636251
152045,8;0,01636645
152062,3;0,01637271
152078,9;0,01637271
152095,5;0,01637668
152112;0,01638068
152128,6;0,01638269
152145,2;0,01638432
152161,7;0,01638937
152178,3;0,01639083
152195,5;0,01639374
152211,5;0,01639545
152228;0,01639719
152244,5;0,01639719
152261,1;0,01640386
152277,9;0,01640485
152294,3;0,01640747
152310,8;0,01641298
152327,5;0,01641635
152344;0,01641837
152360,5;0,01641934
152377,1;0,01642035
152393,8;0,01642468
152410,2;0,01642468
152426,8;0,01642633
152443,6;0,01643012
152459,9;0,01643139
152476,5;0,01643294
152493,1;0,01643425
152510,1;0,01643573
152526,2;0,01643713
152542,8;0,01643861
152559,6;0,01643861
152576,2;0,01643975
152593;0,01644303
152609,5;0,01644434
152626;0,01644542
152642,9;0,01644542
152658,7;0,01644622
152675,8;0,01644703
152692;0,016448
152708,4;0,01645085
152725,4;0,01645142
152742,2;0,01645226
152758,1;0,01645297
152774,7;0,01645411
152791,3;0,01645462
152807,8;0,01645515
152824,4;0,01645532
152841;0,01645731
152857,8;0,01645839
152874,1;0,01645883
152890,8;0,01645927
152907,2;0,01646025
152924,3;0,01646055
152940,4;0,01646055
152957,1;0,016462
152973,5;0,01646311
152990,1;0,01646396
153007;0,0164649
153023,5;0,01646541
153039,8;0,01646584
153056,3;0,01646601
153073,5;0,01646676
153089,6;0,01646831
153106;0,01646831
153123,2;0,01646868
153139,2;0,01646979
153155,7;0,01647023
153172,3;0,01647084
153188,9;0,01647165
153205,5;0,01647199
153222,1;0,01647229
153238,6;0,01647266
153255,1;0,01647317
153271,7;0,01647348
153288,3;0,01647348
153305;0,01647358
153321,4;0,01647392
153338;0,01647439
153354,5;0,01647453
153371,7;0,01647449
153387,7;0,01647422
153404,2;0,01647409
153421;0,01647379
153437,4;0,01647305
153454;0,01647238
153470,5;0,01647167
153487,1;0,01647097
153503,6;0,01647097
153520,2;0,0164692
153537;0,01646634
153553,3;0,01646398
153569,9;0,01646398
153586,5;0,01646245
153603,2;0,01645731
153619,6;0,01645477
153636,2;0,01645298
153652,7;0,01645298
153669,3;0,01644467
153685,9;0,01644378
153702,4;0,01643804
153719;0,01643488
153735,5;0,01643488
153752,1;0,01642606
153768,7;0,01642025
153785,3;0,01641617
153801,8;0,01641032
153818,4;0,0164025
153835;0,01639828
153852,2;0,01639213
153868,1;0,01638599
153884,8;0,01637913
153901,2;0,01637485
153917,8;0,01637407
153934,5;0,01637031
153951,2;0,01636633
153967,5;0,01635746
153984;0,01635269
154000,6;0,01634125
154020,2;0,01632603
154033,8;0,01631281
154050,6;0,0163067
154067;0,01629582
154083,5;0,01628827
154100,1;0,01627936
154116,6;0,01626789
154133,2;0,01626789
154149,7;0,01626163
154166,3;0,0162397
154182,9;0,01623724
154199,9;0,01622495
154216;0,01622495
154232,6;0,01621238
154249,4;0,01619135
154265,7;0,01617626
154282,3;0,01617626
154298,8;0,01616173
154315,4;0,01614661
154332,5;0,0161334
154348,5;0,01612067
154365,1;0,0161104
154381,7;0,01610305
154398,2;0,01608914
154414,8;0,01607686
154431,5;0,01606792
154447,9;0,01606134
154464,5;0,01604587
154481,1;0,01603226
154497,6;0,0160257
154514,6;0,01601179
154530,8;0,01599789
154547,3;0,0159899
154563,9;0,0159899
154580,5;0,01598335
154597,2;0,01597585
154613,6;0,01595538
154630,2;0,01593353
154646,7;0,01592358
154663,7;0,01591222
154679,9;0,01590564
154697,1;0,01590316
154713,1;0,0158839
154729,5;0,01587074
154746,4;0,01585628
154762,7;0,01585628
154779,3;0,01584972
154795,8;0,01582469
154812,4;0,01581522
154829;0,01580304
154845,5;0,01579253
154862,2;0,01578526
154878,7;0,01577562
154895,2;0,01575943
154911,8;0,0157574
154928,4;0,01574392
154944,9;0,01572795
154961,5;0,01571378
154978,4;0,01570512
154994,6;0,01569302
155011,2;0,01569302
155027,9;0,01568489
155050,1;0,01566212
155061;0,01565084
155077,7;0,0156374
155094;0,01563036
155111,2;0,01562284
155127,2;0,01562018
155143,7;0,01559732
155160,5;0,01558446
155177;0,01557774
155193,6;0,01557034
155210;0,01557034
155226,6;0,01557034
155243,1;0,01555761
155259,7;0,01553165
155276,4;0,01551974
155293,7;0,01551324
155309,4;0,01550107
155326;0,01550107
155342,5;0,01548388
155359,1;0,01547256
155375,9;0,01547256
155392,3;0,01545291
155408,8;0,01545066
155425,4;0,01543953
155441,9;0,01543039
155458,5;0,01542456
155475;0,01541638
155492,2;0,01541032
155508,2;0,01540236
155525,1;0,01539836
155542;0,0153902
155557,9;0,01538618
155574,5;0,01537893
155591;0,01537407
155607,6;0,01536793
155624,5;0,01536221
155641,1;0,01535916
155657,3;0,01535916
155673,9;0,01535003
155691,3;0,01534596
155707;0,01534596
155723,6;0,01534138
155740,1;0,0153374
155756,7;0,01533389
155773,3;0,01533389
155789,9;0,01533103
155806,4;0,01532758
155823;0,01532666
155839,5;0,01532662
155856,3;0,01532592
155873,5;0,01532518
155889,9;0,01532434
155905,8;0,01532324
155923,2;0,01532327
155938,9;0,015324
155955,5;0,01532428
155972,1;0,01532489
155988,6;0,01532654
156005,2;0,01532788
156022,1;0,01532962
156038,3;0,01533056
156055,3;0,01533418
156071,5;0,01533716
156088;0,01534023
156106,8;0,01534267
156123,3;0,01534458
156139,9;0,01534649
156156,5;0,01535313
156173,1;0,01535538
156189,6;0,0153604
156206,2;0,0153656
156223,2;0,01536866
156239,3;0,01536866
156255,9;0,01537147
156272,5;0,01538097
156289;0,0153882
156305,8;0,01539449
156322,7;0,01539449
156338,7;0,01539773
156356,1;0,01541025
156372;0,01541695
156388,6;0,01542085
156405,1;0,01542085
156422,2;0,01543219
156438,1;0,01544009
156454,7;0,01544459
156471,2;0,01544802
156487,8;0,01545171
156504,5;0,01545264
156520,9;0,01545264
156537,5;0,01546436
156554,2;0,01546454
156570,6;0,01547307
156587,2;0,01548585
156604,1;0,01550078
156620,3;0,0155111
156636,9;0,01551997
156653,5;0,01552444
156670;0,01553291
156686,8;0,01553291
156703,5;0,01554154
156720,2;0,01554636
156736,3;0,01555903
156752,9;0,01556753
156769,4;0,01557314
156786;0,01558113
156802,6;0,01558976
156819,2;0,01559386
156835,7;0,01560053
156852,3;0,01560259
156868,8;0,0156112
156885,7;0,01562101
156902;0,01562523
156918,5;0,01562617
156935,1;0,01563985
156951,7;0,01565021
156968,3;0,01565734
156984,9;0,01566204
157001,4;0,01567041
157018,5;0,01567895
157034,6;0,01568267
157051,1;0,01568897
157067,8;0,01569813
157084,2;0,0157062
157100,8;0,0157138
157117,3;0,01571468
157134,4;0,01571859
157150,5;0,01571859
157167;0,01572298
157189,4;0,01573286
157201,4;0,01574231
157218;0,01575557
157235;0,01576334
157251,1;0,01576737
157267,6;0,01576737
157284,2;0,01578267
157300,8;0,01578399
157317,4;0,01579298
157333,9;0,01579811
157350,5;0,01580469
157367;0,01580802
157383,6;0,01581247
157400,4;0,01581854
157416,8;0,01581854
157433,3;0,0158294
157450,2;0,01583632
157466,5;0,01584286
157483,4;0,0158476
157499,6;0,01585365
157516,1;0,01585693
157533,2;0,01586382
157549,3;0,01586855
157565,8;0,01587031
157582,7;0,01587663
157599;0,01588307
157615,6;0,01588704
157632,1;0,01588915
157648,7;0,01589371
157665,3;0,01590137
157681,8;0,01590663
157698,4;0,01590947
157715,1;0,0159147
157732;0,01592007
157748,2;0,01592007
157764,7;0,01592007
157781,2;0,01592365
157797,8;0,01592503
157814,3;0,01593105
157831;0,01593957
157847,5;0,01594423
157864;0,01594642
157880,6;0,01594788
157897,2;0,01595572
157913,7;0,01595572
157930,7;0,01595869
157947,5;0,01596689
157963,5;0,01596957
157980;0,01597346
157996,6;0,01597542
158013,2;0,01597941
158029,7;0,01598128
158046,3;0,01598128
158063,1;0,01598913
158079,4;0,01599103
158096;0,01599449
158112,7;0,01599631
158129,4;0,01599631
158146,5;0,01600002
158162,3;0,01600533
158178,8;0,01600765
158195,4;0,01601038
158217,8;0,01601363
158228,7;0,01601536
158245,1;0,01601714
158262;0,01601969
158278,4;0,01602241
158295,5;0,01602257
158311,4;0,01602382
158327,9;0,01602647
158344,6;0,01602903
158361,1;0,01603067
158377,6;0,01603423
158394,6;0,01603423
158410,9;0,01603552
158427,3;0,01603552
158444,5;0,0160366
158460,5;0,01604043
158477,2;0,01604293
158493,6;0,01604579
158510,1;0,01605016
158526,7;0,01605168
158543,3;0,01605415
158559,9;0,01605534
158576,5;0,01605673
158593;0,01605904
158610;0,01606114
158626,4;0,01606246
158643,2;0,01606355
158659,2;0,016064
158676,1;0,01606758
158692,4;0,0160706
158709;0,01607196
158725,5;0,01607196
158742,2;0,01607518
158758,8;0,01607782
158775,2;0,01608021
158792;0,0160806
158808,3;0,0160828
158824,9;0,0160845
158841,5;0,01608683
158858;0,01608776
158875;0,01608909
158891,2;0,01609112
158908,7;0,01609241
158924,8;0,01609412
158941;0,01609638
158957,4;0,01609638
158974,2;0,01609854
158990,6;0,01610038
159007,1;0,01610249
159023,7;0,01610468
159040,3;0,01610468
159057;0,01610571
159073,4;0,01610571
159090,1;0,01610659
159106,9;0,01610985
159123,3;0,01611447
159139,7;0,01611776
159156,3;0,01611815
159173,4;0,01612108
159189,5;0,01612368
159206;0,01612521
159222,5;0,01612761
159239,1;0,01612934
159255,6;0,01613057
159272,9;0,01613165
159288,8;0,01613165
159305,3;0,01613412
159322,6;0,01613668
159338,5;0,0161388
159355;0,01613981
159371,6;0,01614026
159388,3;0,01614297
159404,7;0,01614388
159421,8;0,01614548
159438,7;0,01614655
159454,5;0,01614782
159471;0,01614861
159487,6;0,01614861
159504,5;0,01615092
159520,7;0,01615092
159537,4;0,01615291
159554,2;0,01615454
159570,4;0,01615454
159587;0,01615755
159603,8;0,01615873
159620,1;0,01615873
159636,7;0,01616001
159653,3;0,01616498
159669,8;0,01616498
159686,4;0,01616498
159703,4;0,01616704
159719,5;0,01616704
159736,1;0,01617394
159752,6;0,01618506
159769,2;0,01618788
159786,4;0,01620065
159802,5;0,01620368
159819,2;0,01621013
159835,8;0,01621073
159852,3;0,01622033
159868,6;0,01623104
159885,2;0,01623874
159901,9;0,01624248
159918,3;0,01624248
159935;0,01624248
159951,5;0,01624248
159968;0,01625312
159984,9;0,01625684
160001,1;0,01627276
160017,7;0,01627799
160034,3;0,01628507
160051,5;0,01628507
160067,4;0,01629572
160084;0,01630198
160101,5;0,01630838
160117,2;0,01630838
160133,7;0,01630838
160150,3;0,01631883
160166,8;0,01632575
160183,4;0,01633024
160200;0,01633506
160216,7;0,01633781
160233,1;0,01634283
160249,7;0,01634707
160266,2;0,01634977
160282,8;0,01635341
160299,3;0,0163565
160315,9;0,01635898
160332,5;0,01635898
160349,7;0,01635898
160365,9;0,0163609
160382,5;0,01636953
160398,8;0,01637383
160415,3;0,01637943
160431,9;0,0163813
160449;0,0163813
160465;0,01638961
160482;0,01639214
160498,2;0,01639547
160515,5;0,01639758
160531,7;0,01639758
160547,8;0,01640166
160564,4;0,01640828
160581;0,01641195
160598;0,01641422
160614,3;0,01641827
160631,1;0,01642094
160647,5;0,01642394
160663,9;0,01642751
160680,4;0,01642924
160696,9;0,01642924
160713,5;0,0164315
160730,1;0,01643768
160747;0,01643937
160763,2;0,01644264
160780,1;0,01644424
160796,3;0,01644628
160813,3;0,01644717
160829,5;0,01645308
160846,1;0,01645501
160862,6;0,01645844
160879,2;0,01646067
160895,8;0,01646344
160912,5;0,01646674
160928,9;0,01646674
160945,8;0,01646858
160962;0,01646858
160978,6;0,01646858
160995,2;0,01646858
161011,7;0,01647248
161028,6;0,01647748
161044,9;0,01648348
161061,4;0,01648669
161078;0,01649363
161095,3;0,01650045
161111,1;0,01650238
161128,5;0,01650238
161144,2;0,01650604
161160,8;0,01651004
161177,4;0,01651475
161194;0,01652008
161210,5;0,01652008
161227,1;0,01652949
161244,1;0,01653322
161260,6;0,01653787
161276,9;0,01654791
161293,5;0,0165532
161309,9;0,01655687
161327,3;0,01655687
161343,1;0,01656152
161359,6;0,01656459
161376,2;0,01656549
161392,9;0,01656582
161409,3;0,01656582
161426;0,01656469
161442,5;0,01656379
161459;0,01656265
161475,6;0,01656186
161492,8;0,0165616
161508,7;0,01655832
161525,3;0,01655657
161541,8;0,01655555
161558,5;0,01655432
161575,1;0,01655191
161591,7;0,01655191
161608,1;0,0165505
161624,7;0,0165505
161641,3;0,01654903
161657,8;0,01654552
161674,4;0,01653883
161691;0,01652928
161707,5;0,01652193
161724,1;0,01652193
161740,8;0,01652076
161757,2;0,01650882
161773,8;0,01650208
161790,9;0,01649868
161806,9;0,01649548
161823,5;0,01649423
161840,5;0,01648691
161856,6;0,01647838
161873,5;0,01647487
161889,7;0,01646662
161906,3;0,01645933
161922,9;0,01645593
161939,8;0,01644874
161956;0,01644505
161972,6;0,0164381
161989,2;0,01643283
162005,7;0,01643085
162022,5;0,01642757
162038,8;0,01641714
162055,4;0,01641016
162072;0,01640678
162088,5;0,01640071
162105,1;0,01639513
162121,7;0,01639079
162138,6;0,01638683
162155,1;0,01638165
162171,4;0,01638165
162188,3;0,01637056
162204,7;0,01637056
162221,2;0,01636511
162237,7;0,01636236
162254,2;0,01636003
162270,9;0,01636003
162287,9;0,01635496
162303,9;0,01634587
162320,5;0,01634255
162337;0,01634048
162353,6;0,01633648
162370,2;0,01633368
162387,1;0,01633055
162403,3;0,01632598
162420;0,01632382
162436,6;0,01632165
162453;0,01631755
162469,6;0,01631755
162486,5;0,01631515
162502,8;0,01631515
162519,5;0,01630929
162535,8;0,01630678
162552,4;0,01630528
162569;0,01630033
162585,5;0,01629586
162602,1;0,01629139
162618,7;0,01629007
162635,3;0,01628772
162651,8;0,01628772
162668,4;0,01628664
162685;0,01628332
162701,5;0,01628332
162718,1;0,0162818
162734,9;0,01627884
162751,8;0,01627739
162767,8;0,01627591
162784,3;0,01627591
162801,6;0,01627507
162817,9;0,01627349
162834,5;0,01627103
162850,6;0,01627008
162867,2;0,01626843
162883,8;0,01626799
162900,3;0,01626763
162917,4;0,01626763
162933,4;0,01626665
162950;0,01626499
162966,6;0,01626113
162983,2;0,01625914
162999,7;0,01625793
163016,4;0,01625678
163032,9;0,01625408
163050,4;0,01625139
163066;0,01624685
163082,5;0,0162453
163099,1;0,0162453
163115,7;0,01624171
163132,3;0,01623876
163148,8;0,01623563
163165,4;0,01623382
163182,1;0,01622925
163198,5;0,01622764
163215,1;0,01622504
163232;0,01621631
163248,4;0,01621507
163264,8;0,01620796
163281,3;0,01619858
163297,9;0,01619562
163315,3;0,01619034
163331,1;0,01618687
163347,8;0,01618416
163364,4;0,01618333
163381,4;0,01618191
163397,3;0,01618125
163413,9;0,01618102
163430,5;0,01618092
163447;0,01618223
163463,9;0,01618242
163480,1;0,01618382
163497,5;0,01618444
163513,3;0,01618477
163530,2;0,01618525
163546,4;0,0161861
163563,2;0,01618639
163579,6;0,01618808
163596,6;0,01619276
163612,7;0,016194
163629,3;0,016194
163646,1;0,01619653
163662,5;0,01620132
163679;0,01620268
163695,5;0,01620386
163712,8;0,01620562
163728,7;0,01620575
163745,5;0,01620861
163761,8;0,01621043
163778,3;0,01621141
163794,9;0,01621233
163811,7;0,01621343
163828;0,01621442
163844,6;0,01621533
163861,2;0,01621755
163878,4;0,01621857
163894,3;0,01622001
163910,9;0,01622373
163927,6;0,01622373
163944;0,01622582
163960,6;0,01622798
163977,5;0,01622903
163993,7;0,01623074
164010,3;0,01623332
164026,8;0,01623378
164043,5;0,01623482
164060;0,01623547
164076,8;0,01623603
164093,1;0,01623603
164110;0,0162373
164126,4;0,0162372
164142,8;0,01623802
164159,4;0,01623808
164176,4;0,01623831
164193,2;0,01623831
164209,4;0,01623831
164225,6;0,0162386
164242,2;0,0162387
164258,8;0,01623903
164275,3;0,01623968
164292,7;0,01623974
164308,6;0,01623987
164325;0,01624013
164341,6;0,01624072
164358,2;0,01624121
164375;0,01624157
164393,4;0,01624219
164408;0,01624278
164424,5;0,01624343
164441,2;0,01624343
164457,6;0,01624422
164474,2;0,01624464
164490,7;0,01624474
164507,5;0,01624487
164523,9;0,01624497
164540,4;0,01624497
164557,1;0,01624467
164573,5;0,01624304
164590,1;0,01624225
164606,7;0,01624143
164623,3;0,0162391
164639,8;0,01623841
164656,4;0,0162373
164672,9;0,01623398
164689,5;0,01623251
164706,1;0,01623044
164722,6;0,01622798
164739,4;0,01622657
164755,8;0,01622387
164773;0,01622173
164788,9;0,01621963
164805,5;0,01621963
164822,1;0,01621963
164838,8;0,01621963
164855,2;0,01621783
164872;0,01621277
164888,3;0,01621024
164905,3;0,01620606
164921,5;0,01620527
164938;0,01620379
164954,6;0,01620315
164971,1;0,016202
164987,7;0,01620154
165004,3;0,01620133
165021,4;0,01619978
165037,4;0,01619942
165054;0,01619886
165070,8;0,01619767
165087,3;0,01619642
165104;0,01619635
165120,3;0,01619414
165137,5;0,01619414
165153,6;0,01619414
165170;0,01619414
165186,5;0,01619288
165203,6;0,0161907
165219,7;0,01618885
165236,2;0,01618885
165252,8;0,01618816
165269,5;0,0161874
165285,9;0,0161874
165302,5;0,01618552
165319,1;0,01618316
165336,6;0,01618149
165352,6;0,0161811
165368,8;0,01618064
165385,6;0,01617999
165401,9;0,0161795
165418,5;0,01617856
165435;0,01617816
165451,6;0,01617816
165470,3;0,0161779
165486,9;0,01617699
165503,5;0,01617637
165520;0,01617535
165536,6;0,01617434
165553,3;0,01617402
165569,8;0,01617219
165586,3;0,01617222
165602,9;0,01617062
165619,4;0,01616941
165636,2;0,01616755
165652,7;0,01616641
165669,5;0,01616641
165686,1;0,01616578
165702,3;0,01616438
165718,8;0,01616268
165735,9;0,01616173
165752;0,01616046
165768,5;0,01615993
165785,1;0,01615784
165801,9;0,01615637
165818,3;0,01615476
165834,8;0,01615427
165852,3;0,01615427
165868;0,0161543
165885,3;0,0161553
165901,1;0,01615627
165917,6;0,01615674
165934,2;0,01615724
165950,8;0,01615857
165967,3;0,01615887
165984,2;0,01615903
166000,5;0,01615959
166017;0,01615992
166033,6;0,01616025
166050,2;0,01616035
166066,7;0,01616052
166083,3;0,01616055
166100,7;0,01616052
166116,4;0,01616061
166133;0,01616052
166149,6;0,01616042
166166,1;0,01616009
166182,7;0,01615987
166199,3;0,01615967
166215,8;0,01615947
166232,4;0,01615925
166249,3;0,01615905
166265,5;0,01615899
166282,2;0,01615895
166299,4;0,01615886
166315,2;0,01615856
166332,1;0,01615787
166348,4;0,01615745
166364,9;0,0161567
166381,9;0,01615634
166398,4;0,0161554
166414,6;0,01615477
166431,3;0,01615461
166447,8;0,01615438
166464,3;0,0161536
166481;0,01615357
166500,9;0,01615331
166517,5;0,01615321
166534,3;0,01615311
166550,6;0,01615318
166567,8;0,01615318
166583,7;0,01615334
166600,5;0,01615334
166616,9;0,01615396
166633,4;0,01615467
166650,5;0,01615523
166666,6;0,01615611
166683,1;0,01615724
166699,9;0,01615766
166716,3;0,01615806
166732,9;0,01615857
166749,4;0,01615857
166766;0,01615958
166782,8;0,01616111
166799,1;0,01616163
166816,1;0,01616247
166832,6;0,01616332
166848,8;0,01616364
166865,4;0,01616364
166881,9;0,01616397
166898,5;0,01616449
166915;0,01616497
166931,6;0,01616471
166948,8;0,01616419
166964,8;0,01616396
166981,3;0,0161634
166997,9;0,01616304
167014,5;0,01616255
167031;0,01616176
167047,7;0,01616146
167064,3;0,0161614
167081;0,0161614
167097,6;0,0161614
167114,2;0,0161614
167130,4;0,0161614
167147,5;0,0161613
167163,6;0,01616133
167180,1;0,01616137
167196,7;0,01616117
167213,6;0,01616117
167229,9;0,0161612
167246,4;0,0161611
167263;0,01616101
167279,5;0,01616091
167296,2;0,01616123
167313;0,01616146
167329,7;0,01616159
167345,8;0,01616202
167362,4;0,01616231
167378,9;0,01616231
167395,6;0,01616231
167412,1;0,01616273
167429,1;0,0161641
167445,2;0,01616488
167461,8;0,01616557
167479;0,01616625
167494,9;0,0161671
167511,5;0,01616742
167531,5;0,01616771
167548,2;0,01616902
167564,7;0,01616911
167581,3;0,01616993
167597,8;0,01617107
167615,3;0,01617139
167631,3;0,0161722
167647,9;0,0161726
167664,1;0,01617292
167680,8;0,01617308
167697,2;0,01617386
167713,8;0,01617464
167730,3;0,0161752
167746,9;0,01617549
167763,5;0,01617578
167780;0,01617643
167797,1;0,01617692
167813,3;0,01617692
167829,8;0,01617695
167846,3;0,01617715
167862,9;0,01617738
167879,4;0,01617738
167896;0,01617619
167912,5;0,01617619
167929,1;0,01617619
167945,8;0,01617619
167962,3;0,01617367
167978,8;0,01617252
167995,4;0,01617252
168012;0,01617252
168028,6;0,01617252
168045,4;0,01617148
168062,4;0,01616966
168078,2;0,01616566
168094,9;0,0161625
168111,4;0,01616118
168127,9;0,01616118
168144,5;0,01616042
168161,1;0,01616023
168177,6;0,01616042
168194,4;0,01616111
168210,8;0,01616202
168227,9;0,01616274
168243,9;0,01616349
168260,5;0,01616434
168277;0,01616466
168293,6;0,01616522
168310,2;0,01616548
168327,3;0,0161658
168343,3;0,01616606
168360,5;0,01616691
168376,5;0,01616691
168393,4;0,01616756
168409,9;0,01616812
168426,2;0,01616841
168442,8;0,01616867
168459,4;0,01616893
168475,8;0,01616909
168492,4;0,01616919
168509;0,01616929
168525,6;0,01616958
168542,1;0,01616958
168558,7;0,01616968
168575,4;0,01616975
168599,8;0,01616991
168609,2;0,01617014
168625,8;0,01617014
168642,4;0,01617014
168659,3;0,01617014
168675,5;0,01617014
168692,2;0,01617014
168708,6;0,01617023
168725,4;0,01617056
168741,8;0,01617109
168758,3;0,01617161
168774,9;0,0161721
168791,7;0,01617345
168808;0,01617428
168825,1;0,01617474
168841,2;0,01617474
168857,7;0,01617497
168874,6;0,01617628
168890,9;0,01617697
168907,4;0,01617743
168924,3;0,01617769
168940,9;0,01617769
168957,1;0,01617779
168973,7;0,01617802
168990,3;0,01617874
169007,2;0,01617992
169023,4;0,01618084
169040,5;0,01618203
169056,5;0,01618308
169073,1;0,01618768
169090;0,01619183
169106,4;0,01619486
169122,8;0,01620044
169139,4;0,01620249
169155,9;0,01620382
169173;0,01620634
169189,1;0,01620757
169205,6;0,01620757
169222,2;0,01620757
169238,8;0,01620877
169255,3;0,01620982
169272,2;0,01621105
169288,5;0,01621208
169305;0,01621208
169321,6;0,0162133
169338,2;0,01621565
169354,7;0,01621565
169371,4;0,01621741
169388,2;0,01621887
169404,4;0,01622337
169421,1;0,01622701
169437,9;0,01623112
169454,8;0,0162345
169470,7;0,01623802
169487,3;0,01623914
169504;0,01623984
169520,4;0,01624405
169537;0,01624531
169553,8;0,01624531
169575;0,01624892
169586,7;0,01625134
169603,2;0,0162525
169620,1;0,0162525
169636,4;0,01625771
169652,9;0,01625924
169669,5;0,0162613
169686,1;0,01626302
169702,7;0,01626621
169719,2;0,01626774
169735,8;0,01626984
169752,3;0,0162721
169769,3;0,01627526
169785,5;0,01627785
169802,8;0,01627947
169818,6;0,01628157
169835,2;0,01628263
169852;0,01628263
169868,3;0,01628545
169884,9;0,0162912
169901,4;0,01629362
169918,1;0,01629435
169934,8;0,01629571
169951,1;0,01629571
169967,7;0,01629571
169984,5;0,01629717
170000,8;0,01629982
170017,4;0,01630147
170034;0,01630352
170050,6;0,01630548
170067,4;0,01630558
170083,7;0,01630643
170100,2;0,01630925
170116,8;0,01631106
170133,6;0,01631298
170149,9;0,0163149
170167;0,0163159
170183,7;0,01631782
170199,6;0,01631967
170216,4;0,01632162
170233,3;0,01632459
170249,3;0,01632535
170265,9;0,01632601
170282,5;0,01632739
170299;0,01632812
170316,3;0,01632951
170332,2;0,01632951
170348,7;0,01633073
170365,3;0,01633125
170381,9;0,01633125
170398,6;0,01633211
170415,1;0,01633369
170431,9;0,0163357
170448,3;0,0163357
170465,3;0,01633702
170481,8;0,01633702
170498,2;0,0163385
170514,4;0,01634024
170531,7;0,01634084
170547,5;0,01634149
170564,1;0,01634149
170580,7;0,01634149
170597,2;0,01634215
170613,8;0,01634248
170630,4;0,01634248
170647;0,01634238
170663,5;0,01634215
170680;0,01634212
170696,6;0,01634205
170713,2;0,01634182
170729,8;0,01634228
170746,6;0,01634248
170763,2;0,01634264
170779,5;0,01634294
170796;0,01634333
170812,8;0,01634392
170829,2;0,01634392
170845,8;0,01634425
170862,3;0,01634474
170879,5;0,01634524
170895,4;0,0163453
170912,3;0,01634543
170928,8;0,01634494
170945,1;0,01634461
170961,7;0,01634366
170978,3;0,01634366
170994,8;0,0163422
171011,4;0,0163402
171028,9;0,01633864
171044,5;0,01633765
171061,1;0,01633765
171077,7;0,01633282
171094,2;0,01633282
171110,8;0,01632916
171127,4;0,01632793
171143,9;0,01632793
171160,8;0,01632411
171177,1;0,01632318
171193,7;0,01632219
171210,2;0,01632219
171226,9;0,01632099
171243,4;0,01631954
171260,2;0,01631615
171276,8;0,01631247
171293;0,01631107
171309,6;0,01630995
171326,2;0,0163079
171342,7;0,01630687
171359,3;0,01630465
171375,9;0,01630247
171392,4;0,01630247
171409;0,01629878
171425,5;0,01629736
171442,4;0,01629538
171458,7;0,01629411
171475,3;0,01629186
171491,8;0,01628934
171508,4;0,01628808
171525;0,01628699
171541,6;0,01628473
171558,1;0,01628473
171574,7;0,01628033
171591,2;0,0162784
171608,3;0,01627724
171624,5;0,01627442
171641,1;0,01627442
171657,5;0,01627257
171674,1;0,01626742
171691,1;0,01626593
171707,2;0,01626443
171723,8;0,01626178
171740,3;0,01625872
171756,9;0,01625872
171773,5;0,01625712
171790,1;0,01625409
171806,6;0,01624991
171823,2;0,01624692
171839,7;0,01624692
171856,6;0,01624559
171873,3;0,01624512
171889,7;0,01624286
171906;0,01623994
171922,8;0,01623692
171939,1;0,01623549
171956,2;0,016233
171972,3;0,01623184
171988,8;0,01623095
172005,4;0,01622883
172022,1;0,01622774
172038,7;0,01622476
172055,3;0,01622248
172071,8;0,01622049
172088,5;0,01621963
172104,8;0,01621771
172121,4;0,01621771
172138,2;0,01621771
172154,5;0,01621639
172171;0,01621318
172187,6;0,01621302
172204,5;0,01620994
172221,2;0,01620885
172237,3;0,01620674
172253,9;0,01620664
172270,5;0,01620571
172287;0,01620423
172303,6;0,01620228
172320,2;0,01620116
172336,7;0,01620106
172354;0,01620037
172369,9;0,01619929
172386,4;0,0161979
172403;0,01619662
172419,6;0,0161959
172436,1;0,01619451
172452,7;0,01619313
172469,3;0,01619241
172485,8;0,01619241
172502,6;0,01619179
172519;0,01619179
172535,7;0,01619106
172552,3;0,01619008
172568,7;0,01618939
172585,2;0,01618732
172601,9;0,01618627
172618,4;0,01618466
172634,9;0,01618394
172651,5;0,01618394
172668,1;0,01618292
172684,7;0,01618233
172701,3;0,01618269
172717,9;0,01618302
172735;0,01618378
172751;0,01618438
172767,5;0,01618501
172784,1;0,01618563
172800,8;0,01618593
172817,3;0,01618649
172833,8;0,01618653
172850,4;0,01618719
172867;0,01618748
172883,6;0,01618758
172900,1;0,01618771
172916,9;0,01618784
172933,2;0,01618784
172949,8;0,01618853
172966,4;0,01618863
172982,9;0,01618867
172999,5;0,01618873
173016,1;0,01618886
173032,6;0,01618886
173049,7;0,01618929
173066;0,01618945
173082,8;0,01618972
173098,9;0,01619008
173115,5;0,01619008
173132,3;0,01619038
173148,6;0,01619038
173165,2;0,01619054
173181,8;0,01619183
173198,3;0,01619357
173215;0,0161939
173231,7;0,01619416
173248,3;0,01619443
173265,1;0,01619495
173281,8;0,01619528
173297,7;0,01619571
173314,4;0,01619676
173330,8;0,01619742
173347,4;0,01619795
173364;0,01619834
173380,5;0,01619844
173397,1;0,01620055
173413,7;0,01620117
173430,3;0,01620117
173447,1;0,01620177
173463,4;0,01620341
173480;0,01620371
173496,5;0,01620446
173513,1;0,01620575
173529,6;0,0162063
173546,2;0,016207
173562,8;0,01620798
173579,6;0,01620904
173595,9;0,01620992
173612,5;0,01621025
173629;0,01621045
173646;0,01621107
173662,3;0,01621239
173678,7;0,01621278
173695,4;0,01621288
173717,8;0,01621393
173728,6;0,01621485
173745;0,01621505
173762,3;0,01621537
173778,1;0,01621537
173794,7;0,01621574
173811,3;0,01621652
173827,9;0,01621744
173844,4;0,01621797
173861;0,01621836
173877,6;0,01621895
173894,1;0,01621971
173910,7;0,01622
173927,2;0,01622033
173944,5;0,01622033
173960,4;0,01622066
173976,9;0,01622135
173993,5;0,0162223
174010,2;0,0162226
174026,9;0,01622279
174043,2;0,01622368
174059,8;0,01622368
174076,3;0,01622394
174092,9;0,0162247
174109,5;0,0162247
174126;0,01622555
174142,6;0,01622581
174159,2;0,01622611
174175,7;0,0162267
174192,3;0,01622729
174208,8;0,01622729
174226,2;0,01622779
174242,5;0,01622821
174258,6;0,01622844
174275,1;0,016229
174291,9;0,01622946
174308,3;0,01623009
174325,6;0,01623028
174343;0,01623104
174359,6;0,01623104
174376,2;0,01623104
174392,7;0,0162314
174409,3;0,0162314
174425,9;0,0162314
174442,4;0,01623166
174459,2;0,01623228
174475,6;0,01623353
174492,4;0,0162349
174508,7;0,01623585
174525,3;0,01623625
174541,9;0,01623654
174558,4;0,0162371
174575;0,01623726
174591,5;0,01623788
174608,1;0,01623837
174624,7;0,0162386
174641,2;0,0162386
174657,8;0,01623887
174674,4;0,01623936
174690,9;0,01623906
174707,5;0,01623906
174724,5;0,01623791
174740,8;0,01623711
174757,4;0,01623671
174773,8;0,01623606
174790,3;0,01623539
174807,2;0,0162347
174823,5;0,01623391
174840,2;0,01623299
174856,6;0,01623282
174873,2;0,01623259
174890,3;0,01623259
174906,7;0,01623233
174922,9;0,01623203
174939,4;0,01623167
174956;0,01623167
174972,6;0,0162317
174989,9;0,01623174
175005,7;0,01623204
175022,3;0,0162322
175038,8;0,01623223
175055,5;0,01623223
175072,4;0,01623223
175088,5;0,01623233
175105,1;0,0162325
175121,7;0,0162324
175138,3;0,0162337
175154,8;0,0162349
175171,8;0,01623566
175187,9;0,01623596
175204,5;0,01623839
175221,2;0,01623896
175237,7;0,01624009
175254,2;0,01624062
175270,9;0,01624062
175287,3;0,01624122
175303,9;0,01624255
175320,5;0,01624431
175337;0,01624431
175354;0,01624454
175370,8;0,01624647
175386,7;0,01624747
175403,3;0,01624833
175420,3;0,01624946
175436,5;0,01625039
175453;0,01625076
175469,6;0,01625146
175486,1;0,01625262
175503;0,01625262
175519,3;0,01625365
175535,9;0,01625574
175552,4;0,01625651
175569;0,01625754
175585,5;0,01625814
175602,1;0,0162587
175618,7;0,01626033
175635,3;0,01626149
175651,8;0,01626222
175668,4;0,01626365
175684,9;0,01626365
175702;0,01626365
175718,1;0,01626431
175735;0,01626617
175751,2;0,01626723
175767,8;0,01626783
175784,3;0,01626836
175801;0,01626846
175817,7;0,01626921
175834;0,01626938
175850,6;0,01626951
175867,2;0,01626941
175884,2;0,01626941
175900,5;0,01626938
175916,9;0,01626899
175933,7;0,01626876
175950,1;0,01626853
175966,8;0,01626777
175983,2;0,01626718
175999,7;0,01626692
176016,4;0,0162664
176032,9;0,01626486
176049,4;0,01626382
176066,6;0,01626317
176082,5;0,01626202
176099,1;0,01625971
176115,7;0,01625858
176132,3;0,01625388
176148,8;0,01625171
176165,5;0,01624996
176182,4;0,01624695
176199,1;0,01624363
176215,1;0,01624121
176231,6;0,01623659
176248,2;0,01623396
176264,8;0,01623113
176281,3;0,01622852
176297,9;0,01622467
176314,5;0,01622467
176331;0,01622226
176348;0,01622018
176364,2;0,01621976
176380,7;0,01620982
176397,3;0,01620266
176413,9;0,016198
176430,7;0,01619243
176447;0,01618967
176463,6;0,01618967
176480,3;0,01618121
176496,8;0,01617598
176513,3;0,01617261
176529,8;0,01616668
176546,4;0,01616145
176563;0,01616063
176579,5;0,01615122
176596,1;0,0161478
176612,7;0,01614437
176629,2;0,01614092
176645,8;0,01613406
176662,4;0,01612695
176679,5;0,01611921
176695,5;0,01611921
176712,1;0,01611248
176729,3;0,0161051
176745,2;0,016097
176761,8;0,01608918
176778,3;0,01608522
176795;0,01607814
176811,5;0,01607404
176828;0,01606708
176845,1;0,01606138
176861,6;0,01605375
176878,2;0,01605375
176894,3;0,01604276
176910,9;0,01603297
176927,4;0,01602827
176944,3;0,01602426
176960,6;0,01601986
176977,1;0,01601986
176993,7;0,01601986
177010,3;0,01600645
177026,8;0,01599435
177043,9;0,01598873
177060,5;0,01597058
177076,5;0,01596575
177093,1;0,01596575
177109,7;0,01595776
177126,5;0,01594137
177142,8;0,01593608
177159,4;0,01592503
177176,1;0,01591636
177192,5;0,01591348
177209,1;0,01591348
177225,6;0,01591348
177242,4;0,01591348
177258,8;0,01591348
177275,3;0,01591348
177291,9;0,01591348
177308,5;0,01591348
177325,2;0,01590148
177341,6;0,0158844
177358,2;0,01587813
177374,7;0,01584309
177391,3;0,01583708
177408,7;0,01582392
177424,4;0,0158162
177441,2;0,01580032
177457,6;0,01578028
177474,3;0,01576963
177490,7;0,01575948
177507,3;0,01574942
177523,8;0,01574458
177540,9;0,01573446
177557,2;0,01573446
177573,8;0,01572927
177590,1;0,01572395
177606,7;0,01572395
177623,7;0,01572395
177639,8;0,01571348
177656,4;0,01569863
177672,9;0,01568279
177689,5;0,01567274
177706,2;0,01565811
177723,1;0,01565158
177739,3;0,01564284
177755,8;0,01563349
177772,4;0,0156291
177788,9;0,01561945
177805,5;0,01561374
177822;0,01560999
177838,6;0,01560999
177855,6;0,01560581
177872,4;0,01560123
177888,4;0,01559065
177904,9;0,01557238
177921,6;0,01556498
177938;0,01555885
177955,4;0,01555361
177971,1;0,01554648
177987,7;0,01554179
178004,3;0,01553554
178021,1;0,01553181
178037,4;0,01553181
178054;0,01552862
178070,7;0,01552069
178087,4;0,0155124
178103,7;0,01550398
178120,2;0,01550068
178137;0,01549648
178153,6;0,01549553
178170,2;0,01549059
178186,5;0,015486
178203,1;0,01548132
178219,7;0,0154791
178236,2;0,0154791
178252,8;0,01547689
178269,4;0,01547495
178286,1;0,01547092
178302,5;0,01546396
178319,3;0,01546233
178336;0,01545936
178352,2;0,01545762
178368,7;0,0154551
178385,4;0,01545279
178401,9;0,01545279
178419;0,01545065
178435;0,0154486
178452,3;0,01544699
178468,1;0,01544626
178484,8;0,01544461
178501,3;0,01544349
178517,8;0,01544273
178534,4;0,015442
178551,8;0,01544169
178567,5;0,01544145
178584,1;0,01544008
178600,7;0,01544008
178617,3;0,01543954
178634;0,01543942
178650,4;0,01543924
178667;0,01543918
178683,5;0,01543948
178700,7;0,01543945
178716,6;0,01543948
178733,2;0,01543939
178749,8;0,01543948
178766,3;0,01543948
178782,9;0,01543939
178799,6;0,01543936
178816;0,01543939
178832,6;0,01543936
178849,2;0,01543933
178865,8;0,01543927
178882,3;0,01543927
178898,9;0,01543927
178915,4;0,01543927
178934,4;0,01543912
178948,6;0,01543894
178965,1;0,01543853
178982,4;0,01543811
178998,3;0,01543782
179015;0,01543782
179031,5;0,01543699
179048;0,01543617
179065;0,01543578
179081,1;0,01543552
179097,7;0,01543385
179114,4;0,01543344
179130,9;0,01543227
179147,4;0,01543148
179163,9;0,01543148
179180,5;0,01543054
179197,1;0,01542745
179213,6;0,01542661
179230,6;0,01542463
179246,8;0,01542463
179263,4;0,01542091
179279,9;0,01542018
179296,5;0,01541909
179313;0,01541537
179329,6;0,01541328
179346,4;0,01541109
179362,7;0,01540963
179379,3;0,01540963
179395,9;0,01540546
179412,6;0,01540056
179429;0,01539633
179445,7;0,01539633
179462,3;0,01539173
179478,7;0,01538811
179495,9;0,01538378
179511,8;0,01538147
179528,4;0,0153793
179545;0,0153793
179561,9;0,01537691
179578,3;0,01537005
179594,7;0,01537005
179611,2;0,01536269
179627,8;0,01535516
179644,4;0,01535026
179660,9;0,01534554
179677,6;0,01534269
179694,1;0,01534034
179710,6;0,01533474
179727,2;0,01532998
179744;0,01532911
179760,3;0,01532665
179777,3;0,01531849
179793,5;0,01531849
179810,3;0,01531102
179827,1;0,01530582
179843,2;0,01530345
179859,7;0,01529842
179876,3;0,01529842
179892,9;0,01529842
179909,4;0,01528783
179926;0,01528581
179942,8;0,01527905
179959,1;0,015274
179976,3;0,01526851
179993;0,01526297
180008,8;0,01526002
180025,9;0,01525729
180042,5;0,0152511
180059;0,01524584
180075,3;0,01524029
180092;0,01524007
180108,2;0,01523282
180125,4;0,01523103
180142,1;0,01523103
180157,9;0,01523103
180174,6;0,01522785
180192;0,01522785
180207,6;0,01522785
180224,6;0,01522172
180241,5;0,01522172
180257,4;0,01521524
180273,9;0,0152042
180290,5;0,01520244
180307;0,01519359
180323,6;0,0151827
180340,2;0,01517479
180356,7;0,01516407
180373,4;0,01515281
180389,9;0,01514857
180406,4;0,01514472
180423;0,01513857
180439,6;0,01513528
180456,1;0,01512992
180472,7;0,01512235
180489,3;0,0151223
180505,8;0,01511899
180522,4;0,01511343
180539;0,01510264
180555,5;0,01509923
180572,1;0,01509619
180588,9;0,01509471
180605,5;0,01508832
180621,8;0,01508123
180638,4;0,01507404
180654,9;0,01507067
180671,5;0,01506495
180688,1;0,01506174
180704,6;0,01505623
180721,4;0,0150506
180737,8;0,01504748
180754,3;0,01504243
180771,7;0,01503709
180787,5;0,01503451
180804,3;0,01503451
180820,8;0,01503451
180837,6;0,01503451
180854,3;0,01503326
180870,3;0,01502737
180886,9;0,01502278
180904,1;0,0150139
180920,2;0,01500855
180936,6;0,01500573
180959;0,01500469
180969,9;0,01500138
180986,5;0,01500013
181003,4;0,01499778
181020,1;0,01499778
181036,2;0,01499438
181052,8;0,01499244
181069,3;0,01499108
181085,9;0,01498993
181103,3;0,01498906
181119;0,01498843
181136;0,01498701
181152,1;0,014986
181168,7;0,014986
181185,3;0,01498465
181201,8;0,01498437
181218,4;0,01498371
181235;0,01498325
181252,2;0,01498311
181268,1;0,01498291
181284,7;0,01498291
181301,6;0,01498305
181318,3;0,01498308
181334,4;0,01498336
181351;0,01498333
181367,5;0,0149837
181384,1;0,01498413
181400,7;0,01498427
181417,2;0,01498427
181433,8;0,01498456
181450,5;0,01498481
181466,9;0,01498493
181483,5;0,0149853
181500;0,01498677
181516,6;0,01498737
181533,2;0,01498856
181549,7;0,01499085
181566,3;0,014991
181582,9;0,01499331
181599,4;0,0149958
181616;0,01499688
181632,9;0,01499849
181649,1;0,01499972
181665,7;0,01500111
181682,3;0,0150021
181698,8;0,01500241
181715,4;0,01500503
181732;0,01500832
181749,2;0,01500987
181765,1;0,01501198
181781,7;0,01501314
181798,2;0,01501508
181814,9;0,01501508
181831,6;0,01501619
181847,9;0,01501889
181864,8;0,01502101
181881,3;0,01502298
181897,8;0,01502411
181914,4;0,01502617
181930,8;0,01502726
181947,3;0,01502946
181973,9;0,01503183
181990,5;0,01503405
182007,1;0,0150352
182023,6;0,01503759
182040,2;0,01503875
182056,8;0,01504123
182073,9;0,01504252
182090,4;0,0150437
182106,4;0,0150437
182123,3;0,01504497
182139,6;0,0150462
182156,1;0,01504874
182172,9;0,01505163
182189,3;0,01505524
182205,8;0,01505789
182222,4;0,01506048
182239;0,01506174
182256;0,01506293
182272,3;0,01506748
182291,3;0,0150704
182307,8;0,01507328
182324,4;0,01507328
182341;0,01507593
182357,8;0,01507766
182374,1;0,01507879
182390,8;0,0150814
182407,2;0,01508301
182423,8;0,0150842
182440,4;0,01508646
182456,9;0,01508646
182473,5;0,0150894
182490,1;0,01509127
182506,9;0,0150939
182523,2;0,0150965
182539,8;0,01509809
182556,3;0,01509905
182572,9;0,01510149
182589,5;0,01510282
182606;0,01510549
182622,7;0,01510798
182639,2;0,01511037
182655,8;0,01511165
182672,3;0,01511312
182689,5;0,01511588
182705,4;0,01511656
182722;0,01511778
182738,6;0,01511778
182755,1;0,01511892
182771,7;0,01512051
182788,3;0,01512444
182804,8;0,01512684
182821,4;0,0151296
182838;0,01513069
182854,5;0,01513233
182871,1;0,01513255
182887,7;0,01513522
182904,2;0,0151362
182921,2;0,01513714
182937,4;0,01513916
182954,3;0,01513944
182977,8;0,01514088
182989,3;0,0151416
183005,9;0,01514356
183023;0,0151455
183039;0,01514631
183055,5;0,01514753
183072,5;0,01514912
183088,7;0,01515062
183105,2;0,01515143
183121,9;0,0151532
183138,9;0,01515482
183154,9;0,01515656
183171,5;0,01515656
183188,2;0,01515862
183204,6;0,01516174
183221,2;0,01516284
183237,8;0,01516498
183254,3;0,01516602
183270,9;0,01516808
183287,6;0,01516929
183304;0,01517144
183320,8;0,01517272
183337,3;0,01517272
183354,3;0,01517385
183370,5;0,01517385
183387;0,01517385
183403,9;0,01517536
183420,2;0,01518031
183436,7;0,01518513
183453,3;0,01518954
183469,9;0,0151911
183486,6;0,0151911
183503,3;0,01519626
183519,8;0,01519783
183536,1;0,01520002
183552,7;0,01520234
183569,3;0,01520234
183585,8;0,01520708
183602,4;0,01521017
183619,2;0,01521273
183635,5;0,01521439
183652,1;0,01521835
183668,7;0,01522007
183685,5;0,01522213
183701,8;0,01522473
183718,4;0,01522793
183735,1;0,01522802
183752,4;0,01523127
183768,2;0,0152348
183784,6;0,01523712
183801,9;0,01523979
183818,1;0,01524107
183834,3;0,01524234
183851;0,0152429
183867,9;0,01524692
183884;0,01524776
183900,6;0,01524995
183917,2;0,01525099
183934;0,01525273
183950,7;0,01525399
183974,5;0,01525483
183983,4;0,01525535
184000,9;0,01525537
184017,8;0,01525595
184034;0,01525652
184050,6;0,01525692
184067,2;0,01525815
184083,7;0,01525841
184100,3;0,01525836
184117,2;0,01525824
184133,4;0,01525781
184150,3;0,01525739
184166,5;0,01525739
184183,8;0,01525648
184199,7;0,01525648
184216,2;0,01525648
184232,8;0,01525648
184249,4;0,01525438
184265,9;0,01525339
184282,5;0,01525235
184299,4;0,01525235
184315,6;0,01525074
184332,4;0,01524717
184348,8;0,01524438
184365,3;0,01524371
184381,9;0,01524136
184398,9;0,01523999
184415,2;0,01523616
184432;0,01523175
184448,2;0,01522889
184464,7;0,01522378
184481,5;0,01522001
184497,9;0,01521487
184514,4;0,01521132
184531;0,01520475
184547,7;0,0151978
184564,1;0,01519047
184581,5;0,01518681
184597,3;0,01518273
184613,8;0,01517891
184630,4;0,01517891
184647,3;0,01517891
184663,5;0,01517891
184680,1;0,01517082
184696,7;0,01516525
184713,2;0,01516293
184729,8;0,01515317
184746,4;0,01514462
184762,9;0,01513627
184779,7;0,01512638
184796,1;0,01511952
184812,6;0,01511551
184829,2;0,01510518
184845,8;0,01509391
184862,3;0,01508873
184878,9;0,01507789
184896;0,01507218
184912;0,01507218
184928,6;0,01506047
184945,2;0,01505501
184961,7;0,01504912
184978,3;0,01503824
184995,1;0,0150321
185011,4;0,01502522
185028;0,01502177
185044,6;0,01501295
185061,1;0,01500699
185078,5;0,01500027
185094,3;0,01498749
185110,8;0,01498009
185127,8;0,01495137
185147,8;0,01494048
185164,4;0,01492755
185181,5;0,01489444
185198;0,01487749
185214,1;0,01487055
185230,6;0,01486799
185247,5;0,01484803
185263,8;0,01483825
185280,8;0,01483409
185297,6;0,01482632
185313,5;0,01482632
185330,3;0,01481789
185346,6;0,01479608
185363,2;0,01477349
185379,7;0,01477349
185396,3;0,01477349
185412,9;0,01475789
185429,5;0,01474302
185446,5;0,01472796
185462,6;0,01472796
185479,1;0,01471944
185495,8;0,01470377
185512,3;0,01467497
185528,8;0,01467272
185545,5;0,01465726
185562;0,01465726
185578,5;0,01464925
185595,1;0,0146411
185611,7;0,01463295
185628,2;0,01463295
185644,8;0,01463295
185661,5;0,014618
185678,5;0,01460976
185694,5;0,01457623
185711,2;0,01454222
185727,6;0,01452865
185744,2;0,01452865
185760,8;0,01452087
185777,7;0,01448836
185793,9;0,01445991
185810,5;0,01443852
185827,1;0,01442113
185843,6;0,01441253
185860,2;0,014404
185876,7;0,01439548
185893,3;0,01438784
185913,3;0,01438784
185932,8;0,01438784
185953,9;0,01437935
185976,5;0,0143717
185993,1;0,01436329
186009,6;0,01434754
186026,2;0,01433134
186042,8;0,01433134
186059,3;0,01432327
186076,4;0,01430809
186092,6;0,01430095
186109,1;0,01428559
186125,6;0,01426103
186142,3;0,01424876
186158,7;0,01422324
186176,7;0,01420625
186193,3;0,01417243
186210,1;0,01414135
186226,4;0,01411703
186243,1;0,01410568
186259,5;0,01409046
186276,1;0,01406646
186292,7;0,01405008
186309,3;0,01404241
186325,8;0,01403101
186342,4;0,01402427
186359;0,01402051
186375,5;0,01401436
186392,1;0,01400879
186408,7;0,01400638
186425,2;0,01400312
186441,8;0,01399927
186458,4;0,01399712
186474,9;0,01399365
186491,8;0,013992
186509;0,01399054
186524,6;0,01398826
186541,2;0,01398549
186558;0,01398549
186574,5;0,0139847
186590,9;0,01398457
186607,6;0,01398326
186624;0,01398123
186640,6;0,0139806
186657,3;0,0139806
186673,7;0,01398266
186690,4;0,01398368
186706,8;0,01398597
186723,4;0,01398775
186740;0,01398941
186757;0,01399167
186773,1;0,01399304
186789,9;0,0139955
186806,5;0,01399668
186822,8;0,01399926
186839,4;0,01400078
186856;0,01400407
186873,2;0,01400407
186889,1;0,01400834
186905,7;0,01401085
186922,7;0,01401442
186938,8;0,0140184
186956,2;0,01402047
186971,9;0,01402047
186988,5;0,01402568
187005,8;0,01403128
187022,3;0,01403128
187038,2;0,01403621
187055,4;0,01404313
187071,4;0,01404615
187088;0,01405143
187105;0,01405442
187121;0,01406016
187138,1;0,01406565
187154,2;0,01406918
187170,7;0,01406918
187187,3;0,0140751
187203,9;0,0140751
187220,4;0,01407798
187237;0,01407947
187253,6;0,01408683
187270,1;0,01408725
187286,8;0,01409185
187303,4;0,01409837
187319,9;0,01410505
187336,4;0,01411903
187353;0,01412664
187369,5;0,01413179
187386,3;0,01413661
187402,7;0,01414189
187419,3;0,01414846
187435,9;0,01415375
187452,4;0,01415886
187469;0,01416483
187485,7;0,01416942
187502,1;0,01417313
187519,3;0,01417679
187535,2;0,01418184
187551,8;0,01418859
187568,3;0,01419144
187584,9;0,01419449
187601,5;0,01420299
187618,3;0,01420841
187634,6;0,01420841
187651,2;0,01421443
187667,7;0,01421892
187684,3;0,01422167
187700,8;0,01422606
187717,4;0,01423007
187734,3;0,01423267
187750,5;0,01423712
187767,1;0,01423979
187783,7;0,01424336
187800,3;0,0142469
187816,8;0,01424886
187833,4;0,01425076
187850;0,01425248
187866,5;0,01425248
187883,2;0,0142541
187899,7;0,01425586
187916,2;0,01425976
187932,8;0,01426524
187949,4;0,01426848
187965,9;0,0142708
187982,8;0,01427216
187999,5;0,0142745
188015,6;0,0142745
188032,2;0,01427653
188049;0,01427897
188066;0,01428022
188082,2;0,01428273
188098,6;0,01428357
188115;0,01428517
188131,6;0,01428655
188148,6;0,01428719
188164,7;0,01428805
188181,3;0,0142884
188197,9;0,01428897
188214,4;0,01428897
188231;0,01428998
188247,6;0,01429121
188264,3;0,01429178
188280,7;0,01429225
188297,3;0,01429225
188313,8;0,01429233
188330,4;0,01429235
188347;0,01429235
188363,5;0,01429235
188380,1;0,01429235
188396,7;0,01429213
188413,2;0,01429183
188429,8;0,0142914
188446,4;0,01429113
188463,7;0,01429113
188479,5;0,01429098
188496,1;0,01429113
188512,6;0,01429106
188529,2;0,01429096
188545,8;0,01429069
188562,3;0,01429002
188578,9;0,01428989
188595,5;0,01428865
188612,6;0,01428732
188628,9;0,01428503
188645,2;0,01428332
188662,2;0,01428117
188678,3;0,01427883
188694,9;0,01427702
188711,4;0,01427702
188728;0,01427137
188744,9;0,01427005
188761,2;0,01426674
188777,8;0,01426324
188794,3;0,01425841
188810,8;0,01425511
188827,4;0,01425347
188844;0,01425038
188860,5;0,01424926
188877,1;0,0142487
188893,7;0,01424811
188910,6;0,01424721
188926,8;0,01424685
188943,4;0,01424609
188959,9;0,01424504
188976,5;0,0142442
188993,7;0,01424196
189009,8;0,01424097
189026,2;0,01423949
189042,8;0,01423669
189059,3;0,01423176
189075,9;0,01422939
189092,9;0,01422756
189109;0,01422756
189125,6;0,01422549
189142,2;0,01422549
189158,7;0,01422549
189175,3;0,01421883
189191,8;0,01421305
189208,7;0,01420628
189225;0,01420216
189242;0,01419539
189258,1;0,01419317
189274,9;0,01418932
189291,3;0,01418881
189307,8;0,01418673
189324,4;0,01418451
189341;0,01417704
189357,5;0,01417363
189374,3;0,01416952
189390,7;0,01416516
189407,2;0,01416292
189424,1;0,01416024
189440,8;0,01415589
189456,9;0,01415399
189473,5;0,01415026
189490;0,0141466
189506,7;0,01414471
189523,2;0,01414471
189539,8;0,01413933
189556,3;0,01413596
189573;0,01413301
189589,5;0,01413133
189606,2;0,01412904
189622,6;0,01412904
189639,6;0,01412787
189655,7;0,01412462
189672,3;0,01412381
189688,9;0,01412271
189705,4;0,01412147
189722;0,01412147
189738,9;0,01412079
189755,1;0,01411973
189771,8;0,01411927
189788,3;0,01411927
189804,8;0,01411882
189821,4;0,01411882
189838;0,01411795
189854,9;0,0141178
189871,1;0,01411722
189887,8;0,01411649
189904,2;0,01411629
189920,8;0,01411634
189938;0,01411641
189954,5;0,01411651
189970,8;0,01411707
189987,2;0,01411727
190003,7;0,0141178
190020,3;0,01411922
190036,8;0,01411922
190053,4;0,01411952
190069,9;0,01412055
190086,8;0,01412239
190105,1;0,01412401
190119,6;0,01412653
190136,2;0,01412736
190152,8;0,01412902
190169,7;0,01413224
190185,9;0,01413354
190202,4;0,01413354
190219;0,01413382
190235,5;0,01413563
190252,1;0,01413756
190268,9;0,01413868
190285,3;0,01414121
190301,8;0,0141434
190318,4;0,01414586
190335;0,0141472
190351,5;0,0141472
190368,6;0,0141472
190384,7;0,0141476
190401,2;0,01414845
190418,1;0,01414969
190434,4;0,01414969
190451,1;0,01414981
190467,5;0,01415366
190484;0,01415914
190500,6;0,01416474
190517,2;0,01416973
190533,8;0,01417387
190550,3;0,01417387
190566,9;0,01417612
190583,5;0,01417985
190600;0,01418312
190616,6;0,01418547
190633,2;0,01418799
190649,7;0,01419079
190666,7;0,01419286
190682,9;0,01419481
190699,4;0,01419832
190716,2;0,01419832
190732,6;0,01420579
190749,3;0,01420579
190765,9;0,01421009
190782,3;0,01421227
190799;0,01421871
190815,4;0,01421871
190832;0,014221
190848,6;0,01422554
190865,2;0,01422788
190882,1;0,0142313
190898,2;0,01423226
190915,1;0,01423417
190932;0,01423481
190948,1;0,0142362
190964,5;0,01423796
190981;0,01424019
190997,6;0,01424336
191014,5;0,0142462
191030,8;0,01424831
191047,7;0,01424831
191064,1;0,01424831
191080,5;0,01424831
191097;0,0142516
191113,6;0,01425653
191130,2;0,01426615
191146,7;0,0142704
191163,3;0,01427307
191179,9;0,01427998
191196,4;0,01429052
191213;0,01429561
191229,5;0,01430144
191246,4;0,01430447
191263,5;0,01432052
191279,5;0,01432845
191295,8;0,01433911
191312,4;0,01434391
191329;0,01434751
191345,5;0,01436267
191362,1;0,01436267
191378,9;0,01437421
191395,3;0,0143793
191411,8;0,01438443
191428,7;0,0143908
191445,6;0,01439361
191461,5;0,01439909
191478,2;0,01440214
191494,6;0,01440608
191511,2;0,01441038
191527,8;0,01441423
191544,3;0,01441673
191561,1;0,01442152
191577,5;0,01442517
191594;0,01442947
191610,9;0,01443242
191627,2;0,01443461
191644,5;0,01443898
191660,3;0,01444103
191677,1;0,01444103
191693,4;0,01444288
191710;0,01444505
191726,6;0,01444589
191743,1;0,01445567
191759,7;0,0144599
191776,3;0,0144623
191792,8;0,0144661
191809,4;0,01446897
191826;0,01447168
191842,5;0,01447525
191859,1;0,01447711
191875,7;0,0144797
191892,3;0,0144821
191908,8;0,01448557
191925,4;0,01448715
191941,9;0,01449036
191958,5;0,01449215
191975;0,01449529
191991,6;0,01449778
192008,2;0,01449972
192024,9;0,01450169
192042,3;0,01450465
192058,9;0,01450774
192075,5;0,01450935
192092;0,01451249
192108,6;0,01451433
192125,4;0,0145173
192142,2;0,01452026
192158,5;0,01452195
192174,9;0,01452195
192191,6;0,01452574
192208;0,01452985
192224,6;0,01453136
192241,7;0,01453419
192257,7;0,01453419
192274,4;0,01453659
192290,8;0,01454026
192307,4;0,014543
192324,7;0,01454307
192340,6;0,01454449
192357,1;0,01454449
192373,7;0,0145481
192390,3;0,01455303
192406,8;0,01455579
192423,4;0,01455767
192440,1;0,01456059
192456,5;0,0145627
192473,4;0,01456393
192489,7;0,01456393
192506,3;0,01456855
192522,8;0,01457121
192539,3;0,0145734
192555,9;0,01457466
192572,5;0,01457714
192589;0,01457863
192605,6;0,01458115
192622,2;0,01458233
192638,9;0,01458233
192655,3;0,0145872
192671,9;0,0145872
192688,4;0,01459077
192705,1;0,0145919
192721,8;0,01459403
192738,3;0,01459506
192754,7;0,01459704
192771,5;0,01459846
192787,9;0,01459951
192805;0,01460044
192821;0,01460202
192837,9;0,01460323
192854,6;0,01460453
192870,8;0,01460624
192887,9;0,01460706
192903,8;0,01460893
192920,4;0,01461007
192936,9;0,01461177
192953,5;0,01461362
192970,1;0,01461362
192986,6;0,01461465
193003,2;0,01461504
193019,8;0,01461912
193037,2;0,01462105
193053,3;0,01462418
193073,3;0,01462586
193089,9;0,01462592
193106,5;0,01463355
193123,7;0,01463742
193139,9;0,01463952
193156,2;0,01464143
193173;0,0146418
193189,4;0,01464118
193206,5;0,0146397
193222,5;0,01463632
193239;0,01463419
193255,6;0,01463105
193272,2;0,0146289
193288,7;0,0146281
193305,3;0,01462646
193321,9;0,01462275
193338,9;0,01462088
193355;0,01462027
193371,6;0,0146197
193388,1;0,01461962
193404,8;0,01461972
193421,3;0,01461989
193438,6;0,01462018
193455,1;0,01462086
193471;0,01462137
193487,6;0,01462239
193504,4;0,01462297
193520,7;0,01462386
193538,5;0,01462442
193553,8;0,01462495
193570,5;0,0146249
193586,9;0,01462685
193603,6;0,01462685
193620,1;0,01462685
193637;0,01462752
193653,2;0,01463048
193669,9;0,0146328
193686,3;0,014634
193702,9;0,01463502
193719,5;0,01463502
193736;0,01463694
193752,8;0,01463796
193769,8;0,01463942
193786,1;0,014641
193802,6;0,0146418
193818,9;0,01464234
193836,3;0,01464416
193852;0,01464536
193868,6;0,01464621
193885,1;0,01464776
193901,7;0,01464854
193918,7;0,01465006
193935,2;0,01465164
193951,4;0,01465235
193968;0,01465318
193984,5;0,01465452
194001,3;0,01465599
194017,7;0,01465599
194034,2;0,01465674
194051,9;0,01465917
194067,4;0,01466048
194083,9;0,01466118
194100,5;0,01466118
194117,5;0,01466423
194133,6;0,014665
194150,3;0,01466648
194166,9;0,01466728
194183,3;0,01466867
194199,9;0,01466951
194216,9;0,01467106
194233;0,01467106
194249,6;0,01467181
194266,3;0,0146727
194282,9;0,01467374
194299,6;0,01467699
194316,4;0,01467884
194332,4;0,01467913
194349;0,0146809
194366,3;0,0146827
194382,2;0,01468504
194398,7;0,01468648
194415,3;0,01468785
194432,1;0,01468785
194448,4;0,01468969
194465,2;0,01469471
194481,5;0,01469706
194498,4;0,01469706
194514,7;0,0146983
194531,5;0,01470248
194547,8;0,01470383
194564,9;0,01470493
194580,9;0,01470493
194598,4;0,0147087
194614,1;0,01470959
194630,6;0,0147114
194647,2;0,0147114
194663,8;0,01471472
194680,3;0,01471621
194696,9;0,01471723
194713,5;0,01471818
194730;0,01472153
194746,6;0,01472251
194763,2;0,01472464
194779,7;0,01472607
194796,3;0,01472788
194812,8;0,01472953
194829,4;0,01473063
194846;0,01473258
194862,6;0,0147346
194879,1;0,0147346
194895,7;0,01473564
194912,4;0,01473574
194928,8;0,01473712
194945,4;0,01473858
194962,2;0,01474102
194979,2;0,01474475
194995,1;0,01474568
195011,7;0,01474698
195029;0,01474795
195048,7;0,01474833
195061,4;0,01474844
195078,5;0,01474841
195094,6;0,01474811
195111,8;0,01474811
195127,6;0,01474734
195144,6;0,01474701
195160,8;0,01474696
195177,4;0,0147466
195194,8;0,01474674
195210,5;0,01474671
195227;0,0147471
195244,1;0,0147474
195260,2;0,01474762
195276,7;0,01474825
195293,3;0,01474847
195309,9;0,01474847
195326,4;0,01474923
195343;0,01474994
195359,6;0,01475057
195376,1;0,01475145
195392,7;0,01475199
195409,3;0,0147527
195426;0,01475377
195442,4;0,01475486
195459;0,01475557
195476;0,01475702
195492,9;0,01475702
195508,7;0,01475857
195525,2;0,01475857
195541,8;0,01475947
195558,3;0,01475974
195574,9;0,01476118
195591,5;0,01476554
195608,1;0,01476777
195624,6;0,01476949
195641,2;0,01477044
195657,8;0,01477213
195674,3;0,01477355
195690,9;0,01477455
195707,9;0,01477638
195724;0,01477736
195740,6;0,01477883
195757,2;0,01477883
195773,7;0,01478033
195790,3;0,01478199
195806,9;0,01478338
195823,5;0,01478409
195840,5;0,01478409
195856,5;0,01478626
195873,4;0,01478651
195889,7;0,01478918
195906,3;0,01478932
195922,8;0,01479076
195939,4;0,01479319
195956;0,01479403
195972,5;0,01479403
195989,1;0,0147967
196005,7;0,01479787
196022,2;0,01479787
196038,8;0,01479888
196055,4;0,01480114
196072,1;0,01480237
196088,9;0,01480387
196105,1;0,01480463
196122;0,01480556
196138,2;0,0148066
196154,8;0,01480728
196171,4;0,01480728
196187,9;0,01480793
196204,7;0,01480878
196221,6;0,01481137
196237,7;0,01481276
196254,2;0,01481355
196270,7;0,01481421
196287,3;0,01481462
196304;0,01481664
196320,5;0,01481724
196337,3;0,01481787
196354,3;0,0148182
196370,1;0,01481989
196386,7;0,01481995
196403,3;0,01481997
196420,2;0,01481997
196436,4;0,01481978
196453;0,01481929
196469,5;0,01481926
196486,3;0,01481915
196503,2;0,01481909
196519,2;0,01481915
196535,8;0,0148192
196552,4;0,01481937
196569,4;0,01481967
196585,5;0,01481983
196602;0,01482002
196618,6;0,01482027
196635,2;0,01482049
196651,8;0,01482049
196668,3;0,01482029
196684,9;0,01482007
196701,5;0,01481996
196718;0,01481993
196735;0,01481991
196751,4;0,01481991
196767,7;0,01482007
196784,3;0,01482015
196800,9;0,01482015
196817,4;0,01482021
196834;0,01482021
196850,6;0,01482037
196867,5;0,01482125
196883,7;0,01482194
196900,7;0,01482246
196916,8;0,01482315
196933,4;0,01482379
196950,3;0,01482412
196966,5;0,01482478
196983,1;0,01482478
197000,1;0,01482511
197016,2;0,01482574
197032,9;0,0148267
197051,6;0,01482714
197068,3;0,01482747
197084,7;0,01482854
197101,6;0,01482887
197118,2;0,01482948
197134,4;0,01483003
197151;0,01483027
197167,5;0,01483044
197184,1;0,01483044
197200,7;0,01483074
197217,2;0,01483101
197234,1;0,01483115
197250,4;0,01483115
197266,9;0,01483126
197284,3;0,01483145
197300,1;0,01483148
197316,6;0,01483189
197333,2;0,01483192
197349,9;0,01483198
197366,3;0,01483206
197383,4;0,01483211
197399,5;0,01483209
197416;0,01483211
197432,6;0,01483211
197449,2;0,01483206
197465,8;0,01483198
197482,3;0,01483195
197499;0,01483159
197515,4;0,0148314
197532;0,0148311
197548,6;0,01483061
197565,8;0,0148303
197581,7;0,01483
197598,6;0,01482948
197615,1;0,01482948
197631,6;0,01482846
197648;0,01482816
197664,5;0,01482813
197681,1;0,01482679
197697,7;0,01482603
197714,2;0,01482581
197730,8;0,01482446
197747,4;0,01482416
197764;0,01482348
197781;0,01482277
197797,7;0,01482239
197813,6;0,01482239
197830,2;0,01482115
197846,8;0,01482047
197863,4;0,01482003
197879,9;0,01481954
197896,5;0,0148188
197913,6;0,01481863
197929,6;0,01481863
197946,8;0,01481745
197962,7;0,01481745
197979,4;0,01481745
197995,9;0,01481696
198012,8;0,01481685
198029,4;0,01481597
198045,6;0,01481496
198064,1;0,01481443
198081;0,01481443
198097,3;0,0148141
198113,8;0,0148141
198130,4;0,01481339
198147,2;0,01481213
198163,6;0,01481191
198180,1;0,01481139
198197;0,01481109
198213,2;0,01481095
198229,8;0,01481059
198246,3;0,01481013
198262,9;0,01480988
198279,5;0,01480947
198296;0,01480914
198312,6;0,01480881
198329,2;0,01480864
198345,7;0,01480826
198362,3;0,01480826
198378,9;0,01480809
198395,4;0,0148079
198412,8;0,01480809
198428,6;0,01480812
198445,1;0,01480826
198462,2;0,0148087
198478,3;0,01480884
198495,2;0,01480922
198511,4;0,01480922
198528,1;0,01480922
198544,5;0,01480955
198561,8;0,01481016
198578,6;0,01481062
198594,2;0,01481112
198610,8;0,01481158
198627,4;0,01481197
198644;0,0148123
198660,5;0,01481293
198677,1;0,01481323
198693,7;0,01481359
198710,2;0,01481419
198726,9;0,01481419
198743,4;0,01481419
198759,9;0,0148145
198776,5;0,01481499
198793;0,01481571
198809,9;0,01481653
198826,2;0,01481763
198842,7;0,01481763
198859,3;0,01481796
198876;0,01481835
198892,7;0,01481832
198909;0,01481846
198925,6;0,01481857
198942,3;0,01481854
198958,7;0,01481863
198975,3;0,01481888
198991,8;0,01481904
199008,4;0,01481943
199025;0,01481968
199041,5;0,01481982
199058,1;0,01482012
199074,7;0,01482037
199091,3;0,01482154
199107,8;0,01482246
199124,4;0,01482351
199141,3;0,01482501
199157,8;0,01482573
199174,1;0,01482643
199190,6;0,01482709
199207,2;0,01482851
199224,3;0,01482984
199240,5;0,01483061
199256,9;0,01483061
199273,7;0,01483061
199290;0,01483061
199307,2;0,01483256
199323,4;0,01483397
199339,7;0,01483441
199356,3;0,01483441
199372,9;0,01483441
199389,4;0,01483441
199406,7;0,01483641
199422,6;0,01483818
199439,1;0,01484062
199455,9;0,01484103
199472,3;0,01484288
199489;0,01484463
199505,4;0,01484584
199522;0,01484679
199538,5;0,0148475
199555,1;0,0148475
199572,1;0,01484913
199588,2;0,01485002
199604,9;0,0148514
199621,4;0,01485288
199637,9;0,01485355
199654,5;0,01485467
199671,1;0,0148561
199687,7;0,01485748
199704,5;0,01485748
199720,8;0,01485847
199737,4;0,01486167
199754,2;0,01486263
199770,5;0,01486436
199787;0,01486527
199803,6;0,01486665
199820,2;0,01486861
199836,7;0,01487062
199853,8;0,0148717
199870,1;0,01487192
199886,4;0,01487513
199903;0,01487662
199919,6;0,01487833
199936,1;0,01487833
199952,7;0,01487913
199969,3;0,0148796
199985,8;0,01488234
200002,4;0,01488234
200019,2;0,01488322
200036,1;0,01488405
200052,3;0,01488644
200068,7;0,01488716
200085,3;0,01489011
200108,3;0,01489108
200118,4;0,01489235
200134,9;0,01489384
200152,2;0,01489544
200168,1;0,01489616
200185,2;0,01489713
200201,5;0,01489784
200217,8;0,01489865
200234,4;0,01490096
200250,9;0,01490234
200267,5;0,01490328
200284;0,01490431
200301;0,0149055
200317,4;0,0149055
200333,7;0,01490835
200350,3;0,01490857
200366,9;0,01491003
200383,9;0,01491139
200400;0,01491247
200416,6;0,01491247
200433,1;0,01491336
200449,7;0,01491518
200466,3;0,01491574
200483,3;0,01491751
200499,8;0,01491809
200516;0,01491895
200532,5;0,01491937
200549,1;0,01491937
200565,7;0,01491992
200582,2;0,01491992
200598,8;0,014921
200615,4;0,01492252
200631,9;0,01492291
200648,5;0,01492291
200665,1;0,01492291
200681,6;0,01492338
200698,2;0,01492402
200715,4;0,01492468
200731,3;0,01492537
200747,9;0,01492676
200764,5;0,01492737
200781;0,01492849
200797,6;0,01492985
200814,9;0,0149316
200830,7;0,0149316
200847,3;0,01493198
200863,9;0,01493296
200880,4;0,01493365
200897;0,01493443
200913,6;0,01493521
200930,1;0,01493576
200946,7;0,01493646
200963,3;0,01493721
200980;0,01493755
200996,4;0,01493755
201013,1;0,01493874
201029,7;0,01493902
201046,1;0,01493972
201062,7;0,0149403
201079,2;0,01494036
201095,8;0,0149403
201112,4;0,01494016
201131;0,01494005
201147,6;0,01493991
201164,2;0,0149398
201180,7;0,01493971
201197,3;0,01493971
201213,9;0,01493968
201230,8;0,01493968
201247;0,01493974
201263,5;0,01493968
201280,1;0,01493974
201296,7;0,01493982
201313,3;0,01493982
201329,8;0,01494016
201346,4;0,01494044
201363,2;0,01494077
201379,5;0,01494108
201396,7;0,01494108
201413;0,01494141
201429,2;0,01494175
201445,8;0,01494197
201462,8;0,01494216
201478,9;0,01494236
201495,5;0,01494261
201512,1;0,01494286
201528,6;0,01494319
201545,2;0,01494333
201562,6;0,01494378
201578,4;0,01494397
201594,9;0,01494439
201611,5;0,0149447
201628,7;0,01494514
201644,6;0,01494534
201661,5;0,01494581
201677,8;0,01494581
201694,3;0,01494645
201710,9;0,01494657
201727,7;0,01494729
201744;0,01494768
201760,6;0,01494793
201777,3;0,01494827
201793,7;0,01494857
201810,3;0,01494857
201827,7;0,01494871
201843,4;0,01494888
201860,2;0,01494905
201876,5;0,01494913
201893,4;0,01494927
201910;0,0149493
201926,2;0,01494958
201942,8;0,01494975
201959,8;0,01494975
201975,9;0,01495081
201992,9;0,0149521
202009;0,01495277
202025,6;0,01495339
202042,4;0,01495381
202059;0,01495465
202075,3;0,01495543
202091,9;0,01495591
202108,6;0,01495621
202125,1;0,01495658
202146,8;0,01495739
202160;0,01495809
202176,6;0,01495848
202193,1;0,01495865
202209,7;0,01495865
202226,3;0,01495898
202242,8;0,01495951
202259,5;0,01495957
202276;0,01495937
202292,5;0,01495929
202309,1;0,01495909
202325,7;0,01495887
202342,2;0,01495831
202358,9;0,01495751
202375,4;0,01495673
202392,2;0,0149559
202409;0,01495523
202425,1;0,0149539
202441,6;0,01495323
202458,6;0,01495166
202474,8;0,01495083
202491,5;0,01494909
202508,8;0,01494909
202524,9;0,01494812
202541;0,01494452
202557,6;0,01494278
202574,2;0,01494278
202591,3;0,01494168
202607,5;0,01494058
202624;0,01493825
202640,6;0,0149371
202657,1;0,01493483
202674;0,01492958
202690,1;0,01492783
202706,7;0,01492668
202723,3;0,0149252
202739,9;0,01492077
202756,4;0,01491858
202773;0,01491503
202789,9;0,01491165
202806,3;0,01490973
202822,7;0,01490594
202839,2;0,01490186
202856,1;0,01489973
202872,4;0,01489622
202889,4;0,01489353
202905,5;0,01489146
202922,1;0,01489146
202938,6;0,01489146
202955,2;0,01488711
202972,1;0,01487863
202988,4;0,01487342
203004,9;0,01486891
203021,5;0,0148656
203038;0,01486188
203054,8;0,01485852
203071,2;0,01485467
203087,7;0,01485203
203104,3;0,01484764
203120,9;0,01484273
203137,4;0,01484273
203162,7;0,01483491
203172,1;0,01483171
203188,7;0,01482741
203205,3;0,01482741
203221,8;0,01482473
203238,4;0,01482424
203255;0,01481669
203271,5;0,01480658
203288,5;0,01480087
203304,7;0,01479867
203321,4;0,01479548
203337,8;0,01479067
203354,4;0,01478799
203371,3;0,01478266
203387,5;0,01477717
203404,1;0,01477437
203420,6;0,0147691
203437,3;0,01476461
203453,8;0,01476086
203470,3;0,01475788
203486,9;0,01475561
203504,3;0,01475317
203520,1;0,01474229
203536,6;0,01473942
203553,2;0,01473591
203569,7;0,01473245
203586,5;0,0147288
203602,9;0,01472348
203619,4;0,0147181
203636;0,01471505
203652,6;0,01471264
203669,1;0,01470734
203685,7;0,01470456
203702,7;0,01470407
203718,8;0,01469368
203735,8;0,01468963
203752;0,01468593
203768,5;0,01468036
203785,2;0,01467795
203801,8;0,01467376
203818,2;0,01467246
203835,1;0,01466987
203851,4;0,01466987
203867,9;0,0146671
203884,6;0,01466565
203901,1;0,01465364
203917,6;0,01464781
203934,2;0,01463946
203950,8;0,01463946
203967,5;0,01463946
203984;0,01463701
204001,5;0,01462546
204017,4;0,01461889
204033,6;0,01461424
204050,2;0,01460851
204066,7;0,01460468
204083,3;0,01460058
204100;0,01460058
204116,4;0,01459754
204133;0,01458834
204149,6;0,01458437
204166,1;0,01458437
204185,8;0,01457908
204201,3;0,01457328
204217,8;0,01457076
204235,1;0,01456564
204251;0,01455801
204267,5;0,01455595
204284,1;0,01455109
204300,6;0,01454872
204317,2;0,01454661
204333,8;0,01454597
204350,6;0,01453775
204366,9;0,01453775
204383,5;0,01453179
204400,1;0,01453
204416,6;0,0145293
204433,2;0,01452252
204449,8;0,01452252
204466,3;0,01452096
204483;0,01452096
204499,5;0,01452096
204516,2;0,01452096
204532,6;0,01451656
204549,2;0,0145123
204565,7;0,01450995
204582,8;0,01450888
204598,8;0,01450447
204615,4;0,01450182
204632,3;0,01450086
204648,5;0,01449921
204665,2;0,01449838
204681,8;0,01449838
204698,3;0,01449767
204715,8;0,01449615
204731,4;0,01449367
204748;0,01449319
204764,5;0,01449258
204781,1;0,01449223
204798;0,01449146
204814,2;0,01449104
204830,8;0,01449043
204847,3;0,0144903
204863,9;0,01449006
204880,9;0,01449006
204897,3;0,01449011
204913,6;0,01449027
204930,6;0,01449064
204946,8;0,01449083
204963,3;0,01449083
204979,9;0,01449083
204996,5;0,01449183
205013,2;0,01449255
205029,7;0,01449289
205046,3;0,01449289
205062,7;0,01449408
205079,3;0,01449509
205095,9;0,01449575
205112,4;0,01449625
205129;0,01449647
205146;0,01449678
205162,5;0,01449736
205180,7;0,01449906
205195,3;0,01450043
205212,1;0,01450249
205228,4;0,01450315
205245;0,01450315
205261,5;0,01450532
205278,5;0,01450611
205295,4;0,01450704
205311,2;0,01450934
205327,8;0,01451087
205344,3;0,01451185
205360,9;0,01451185
205377,5;0,01451423
205394;0,01451524
205411,1;0,01451785
205428;0,01451889
205444,5;0,01451889
205460,5;0,01452206
205477,1;0,014524
205493,5;0,01452519
205510;0,01452736
205526,6;0,01452885
205543,7;0,01453041
205559,7;0,01453328
205576,3;0,01453438
205592,8;0,01453553
205609,4;0,01453553
205626;0,01453921
205642,5;0,01454106
205659,1;0,01454302
205676,2;0,014544
205692,3;0,014544
205708,8;0,014544
205725,5;0,01454493
205742,5;0,01454786
205758,9;0,01454786
205775,1;0,01454786
205791,7;0,01454786
205808,2;0,01454966
205824,8;0,01455146
205841,4;0,01455379
205857,9;0,01455649
205874,9;0,01456028
205891,3;0,01456299
205908,4;0,01456299
205924,2;0,01456676
205940,8;0,01456944
205957,3;0,01457148
205973,9;0,01457249
205990,5;0,01457342
206007;0,01457429
206023,6;0,01457429
206040,2;0,01457429
206056,7;0,01457531
206073,8;0,01457767
206089,8;0,01457862
206106,9;0,01457937
206123;0,01458218
206139,9;0,01458442
206156,1;0,01458596
206172,7;0,01459123
206193,5;0,01459379
206210,1;0,01459474
206227,2;0,0145985
206243,2;0,01460111
206260,1;0,01460223
206276,3;0,0146041
206292,9;0,01460485
206309,9;0,01460607
206326,1;0,01461002
206343;0,01461271
206359,9;0,01461436
206375,7;0,01461636
206392,3;0,0146178
206408,9;0,01461911
206425,8;0,01461911
206442;0,01462089
206458,6;0,01462626
206475,1;0,01462757
206491,7;0,01463047
206508,5;0,01463216
206524,8;0,01463345
206541,6;0,01463466
206558,2;0,01463909
206574,5;0,01464182
206591,1;0,01464324
206608,1;0,01464502
206624,2;0,01464694
206640,8;0,01464949
206657,7;0,01464949
206674;0,01465078
206690,6;0,01465451
206707,3;0,01465692
206723,6;0,01465952
206740,2;0,0146607
206756,8;0,01466258
206773,3;0,01466339
206789,9;0,01466462
206806,8;0,01466838
206823;0,01467028
206839,6;0,01467154
206856,2;0,01467154
206872,7;0,01467537
206889,3;0,01467634
206905,9;0,01467738
206922,8;0,01467902
206939;0,01467996
206956,3;0,01468116
206972,1;0,01468264
206988,7;0,01468339
207005,6;0,0146846
207021,8;0,01468513
207038,4;0,01468513
207055,1;0,01468567
207071,5;0,01468612
207088,1;0,01468658
207104,7;0,01468773
207121,9;0,01468834
207138,2;0,0146884
207155,1;0,01468848
207170,9;0,01468837
207188,8;0,01468829
207205,3;0,01468813
207221,9;0,01468813
207238,6;0,01468776
207255,5;0,01468725
207272,5;0,01468627
207288,2;0,0146855
207304,8;0,01468484
207321,3;0,01468391
207338,2;0,01468301
207354,5;0,01468189
207371;0,01468179
207387,8;0,01468043
207404,1;0,01467931
207420,8;0,01467849
207437,3;0,0146778
207454,3;0,01467682
207470,4;0,0146755
207487,5;0,01467268
207503,5;0,01467012
207520,1;0,01466845
207536,7;0,01466742
207553,8;0,01466497
207569,8;0,01466275
207586,5;0,01465962
207603,1;0,0146581
207619,5;0,01465702
207636,1;0,01465465
207653,5;0,01465465
207669,2;0,01465449
207685,8;0,01465449
207702,3;0,01465288
207719,1;0,01465207
207735,5;0,0146478
207752;0,01464428
207768,6;0,01464245
207785,4;0,01463856
207801,8;0,01463498
207818,3;0,01463107
207835,4;0,01462835
207851,4;0,01462047
207868,5;0,01462047
207884,6;0,01461839
207901,1;0,01461839
207917,7;0,01461369
207934,3;0,01460805
207950,8;0,01460363
207968,1;0,01459738
207984,2;0,01459212
208000,5;0,01458276
208017,1;0,01457684
208033,7;0,0145735
208050,3;0,01457136
208066,8;0,01456656
208083,4;0,01455935
208100;0,01455447
208116,5;0,01455185
208133,1;0,01454941
208149,6;0,01454871
208166,2;0,01454422
208183,4;0,01453407
208199,4;0,0145304
208216,1;0,01452484
208232,5;0,01452221
208249;0,01451907
208266;0,01451297
208282,8;0,01450716
208299,3;0,01450406
208315,5;0,01450124
208331,9;0,01449815
208349;0,01449815
208365;0,01449504
208381,6;0,01449221
208398,2;0,0144821
208414,7;0,01447433
208431,6;0,01446592
208447,8;0,01446127
208464,4;0,0144551
208481;0,01445062
208497,5;0,01444873
208514,1;0,01444526
208530,7;0,01443466
208547,3;0,01443148
208564,1;0,01442489
208580,4;0,01442489
208596,9;0,01441846
208614,3;0,01440884
208630,1;0,01440556
208646,6;0,01440236
208663,3;0,01440065
208679,8;0,01439002
208696,3;0,01439002
208713;0,01438813
208730,1;0,01437916
208746;0,01437163
208763;0,01436841
208779,2;0,0143623
208795,8;0,01435952
208812,3;0,01435772
208829,3;0,01434722
208845,8;0,01434447
208862;0,01433882
208878,8;0,01433618
208895,4;0,01433017
208912,3;0,0143247
208928,5;0,01432213
208944,9;0,01431692
208961,5;0,01431692
208978;0,01431423
208994,5;0,01431281
209011,3;0,01430172
209027,8;0,01429931
209044,6;0,01429495
209060,8;0,01429495
209077,4;0,01429268
209094,3;0,01429009
209110,9;0,01428175
209127,3;0,01428029
209143,8;0,01427776
209160,2;0,014273
209176,9;0,01426969
209193,8;0,01426818
209214,9;0,01426592
209226,5;0,01426334
209243,5;0,01426051
209259,6;0,01426051
209276,2;0,01425753
209293,3;0,0142555
209309,3;0,0142555
209325,9;0,01425389
209342,5;0,01425227
209359,2;0,01425158
209375,7;0,01425103
209392,2;0,01425028
209408,7;0,0142486
209425,3;0,01424771
209442,2;0,01424735
209459,2;0,01424735
209475;0,01424677
209492,2;0,01424672
209508,1;0,0142469
209524,7;0,01424717
209541,3;0,01424717
209558,1;0,01424787
209574,8;0,01424937
209591;0,01424937
209607,5;0,01424997
209624,1;0,01424997
209640,6;0,01425054
209657,5;0,01425199
209674,3;0,01425424
209690,4;0,01425494
209706,9;0,01425538
209723,5;0,01425933
209740;0,01426057
209756,6;0,01426234
209773,2;0,01426335
209789,8;0,01426335
209806,3;0,01426453
209822,9;0,01426803
209839,5;0,01427079
209856;0,01427267
209872,6;0,0142737
209889,1;0,0142737
209905,7;0,01427686
209922,3;0,01428044
209938,9;0,01428234
209955,4;0,01428612
209972;0,01428762
209988,9;0,01428937
210005,3;0,01429017
210021,9;0,01429437
210038,2;0,0142961
210054,8;0,01429883
210071,4;0,01429883
210087,9;0,01430051
210104,5;0,01430302
210121,1;0,01430843
210137,9;0,01431016
210154,9;0,01431397
210170,8;0,01431592
210187,3;0,01431756
210203,9;0,0143217
210220,5;0,01432631
210237;0,01432802
210253,8;0,01432802
210270,5;0,01432802
210286,8;0,01432802
210303,3;0,01433228
210320,5;0,01433699
210336,5;0,01434491
210353;0,01435226
210369,9;0,01435582
210386,1;0,01435752
210402,7;0,01435936
210419,3;0,01436295
210435,9;0,01436453
210452,9;0,01436811
210469,8;0,01437113
210485,5;0,01437344
210502,3;0,01437599
210519;0,01437767
210535,3;0,0143803
210551,8;0,0143803
210568,4;0,01438481
210585;0,01438578
210602,5;0,01438826
210618,5;0,01439055
210634,7;0,014392
210651,2;0,01439376
210668,3;0,01439468
210684,8;0,01439646
210700,9;0,01439758
210717,5;0,01439812
210734,3;0,0143997
210750,7;0,01440122
210767,3;0,01440191
210783,8;0,0144032
210800,3;0,0144032
210816,9;0,01440531
210833,4;0,01440561
210850,2;0,01440619
210866,6;0,01440751
210883,1;0,01440751
210900,4;0,01440789
210916,3;0,01440789
210933,1;0,01440822
210949,4;0,01440891
210966;0,01440972
210983,2;0,01440972
210999,3;0,01440982
211016,1;0,01440967
211032,8;0,01440936
211048,8;0,01440926
211065,6;0,01440896
211082,2;0,0144087
211098,5;0,01440832
211115,1;0,0144083
211132;0,0144083
211148,3;0,01440703
211164,8;0,0144066
211181,7;0,01440572
211197,9;0,01440478
211214,5;0,01440379
211235,3;0,01440273
211247,6;0,01440217
211264,3;0,01440109
211280,8;0,01440109
211297,3;0,01439771
211314,6;0,01439745
211330,4;0,01439534
211347,2;0,01439281
211363,6;0,01439146
211380,4;0,01438873
211396,8;0,01438615
211413,6;0,01438469
211429,8;0,01438216
211446,4;0,01438068
211463,2;0,01437787
211479,5;0,01437787
211496,1;0,01437429
211512,7;0,01437338
211529,2;0,01437338
211546;0,01437181
211562,5;0,01437181
211579,4;0,01436592
211595,5;0,01436311
211612,1;0,01435779
211628,6;0,01435379
211645,3;0,0143518
211661,8;0,01434843
211679,2;0,01434585
211695,2;0,01434253
211711,8;0,01434091
211728;0,01434091
211744,6;0,01433936
211761,2;0,01433432
211777,7;0,01433113
211795;0,01432949
211810,9;0,01432905
211827,4;0,01432289
211844;0,01432289
211860,6;0,01431957
211877,2;0,01431425
211894,3;0,01431205
211910,3;0,01431005
211926,8;0,01430943
211943,4;0,01430598
211960;0,01430267
211977,1;0,01429916
211993,1;0,01429756
212009,8;0,01429756
212026,4;0,01429066
212043,1;0,0142884
212059,4;0,01428498
212076,6;0,01428264
212093,3;0,01427948
212109,9;0,01427948
212125,7;0,0142769
212142,4;0,0142722
212158,9;0,0142722
212175,4;0,01426857
212191,9;0,01426857
212208,5;0,01426664
212225;0,01426276
212241,6;0,01425599
212261,9;0,01425135
212274,8;0,01424799
212291,3;0,01424294
212307,9;0,01424258
212324,5;0,01423971
212341,2;0,01423643
212357,6;0,01423478
212374,7;0,01423323
212390,7;0,01422962
212407,3;0,01422736
212423,8;0,01422573
212440,4;0,01422573
212457;0,01422419
212473,5;0,014222
212490,1;0,01421918
212506,9;0,0142172
212523,3;0,01421646
212540;0,01421515
212556,4;0,01421489
212572,9;0,01421347
212589,5;0,01421208
212606,3;0,01421098
212622,9;0,01421013
212639,9;0,01421013
212656;0,01421013
212672,6;0,01420931
212689,1;0,01420864
212706,5;0,01420779
212723,2;0,01420779
212740;0,01420684
212756,6;0,01420684
212773,1;0,01420633
212789,7;0,01420621
212806,3;0,01420621
212822,9;0,01420608
212839,7;0,01420608
212856,7;0,01420603
212872,6;0,014206
212889,1;0,01420641
212905,7;0,01420692
212922,4;0,01420764
212938,8;0,01420866
212955,9;0,01420986
212972;0,01420986
212988,5;0,01421153
213005,1;0,0142126
213022,3;0,01421439
213038,2;0,01421516
213054,8;0,01421523
213071,4;0,0142181
213087,9;0,01422028
213104,5;0,01422089
213121,3;0,01422296
213137,6;0,01422508
213154,6;0,01422626
213170,8;0,01422626
213187,3;0,01423068
213203,9;0,0142319
213220,5;0,01423438
213237,2;0,01423542
213258,3;0,0142381
213275,2;0,0142382
213292,2;0,01424259
213308,1;0,0142444
213324,5;0,01424685
213341,5;0,01424726
213357,9;0,01425053
213374,3;0,01425084
213390,8;0,01425237
213407,4;0,01425696
213424;0,01425833
213440,5;0,01425982
213457,1;0,01425985
213473,7;0,01425985
213490,2;0,01425985
213506,8;0,01426501
213523,6;0,01427088
213539,9;0,01427524
213556,5;0,01427656
213573;0,01427784
213590;0,01427916
213606,2;0,01428315
213622,7;0,0142859
213639,3;0,01428732
213656,2;0,01428862
213672,5;0,01428862
213689,8;0,0142928
213706,4;0,01429576
213722,2;0,01429723
213739;0,01430022
213755,3;0,01430323
213772,1;0,01430482
213789;0,01430482
213805,8;0,01430851
213821,5;0,01431237
213838,1;0,01431517
213854,9;0,0143168
213871,3;0,01431958
213887,8;0,01431981
213904,4;0,0143231
213921;0,01432545
213937,5;0,0143278
213954,1;0,0143305
213970,6;0,01433178
213987,2;0,01433352
214003,8;0,01433579
214020,8;0,01433579
214036,9;0,01433857
214053,6;0,01434248
214070,5;0,01434389
214086,6;0,01434463
214103,2;0,01434529
214119,8;0,01434802
214136,3;0,01435232
214152,9;0,01435449
214169,6;0,0143571
214186,2;0,01435826
214202,6;0,01436095
214219,6;0,01436258
214235,7;0,01436486
214252,7;0,01436669
214270,5;0,01436903
214287;0,01437116
214303,6;0,01437157
214320,2;0,01437298
214336,7;0,01437712
214353,8;0,01437993
214369,9;0,01438112
214386,4;0,01438112
214403;0,01438238
214419,7;0,0143879
214436,1;0,01438986
214452,8;0,0143918
214469,3;0,01439444
214485,9;0,01439591
214502,4;0,01439855
214519;0,01440049
214535,8;0,01440122
214552,7;0,01440397
214568,7;0,01440667
214585,6;0,01440952
214601,8;0,01441087
214618,3;0,01441342
214635,5;0,01441469
214651,5;0,01441589
214668,2;0,01441625
214684,6;0,01441968
214701,2;0,01442241
214717,8;0,01442241
214734,3;0,01442241
214751,2;0,01442241
214767,8;0,01442366
214784;0,01442774
214801;0,0144318
214817,2;0,0144318
214833,9;0,0144365
214850,3;0,01444069
214866,9;0,01444397
214883,4;0,01444516
214900;0,0144479
214916,5;0,01445028
214933,1;0,01445161
214949,7;0,01445349
214966,6;0,01445454
214982,8;0,01445574
215000,1;0,01445682
215016;0,01445909
215032,5;0,01446067
215049,2;0,01446255
215066,1;0,01446384
215083;0,01446557
215099;0,01446714
215115,4;0,014468
215131,9;0,01447005
215149,2;0,01447131
215165,1;0,0144727
215181,6;0,01447451
215198,2;0,01447548
215214,8;0,01447632
215231,3;0,01447676
215247,9;0,01447996
215264,5;0,01447996
215281;0,01448088
215297,7;0,01448193
215314,3;0,01448546
215330,9;0,01448688
215347,4;0,01448717
215364;0,01448793
215380,5;0,01448793
215397,1;0,01448859
215414;0,01449085
215430,4;0,01449172
215446,8;0,01449377
215463,4;0,01449464
215480;0,01449516
215496,5;0,01449768
215513,2;0,01449952
215529,6;0,01450023
215546,3;0,01450141
215562,9;0,01450314
215580,1;0,01450474
215595,9;0,01450574
215612,5;0,0145058
215629;0,01450742
215645,8;0,01450753
215662,8;0,01451007
215679,1;0,01451226
215695,3;0,01451446
215711,9;0,01451575
215728,4;0,01451759
215745;0,01451886
215761,6;0,01452051
215778,4;0,01452051
215795,1;0,01452172
215811,8;0,01452496
215828,4;0,01452599
215844,4;0,01452696
215861;0,01452899
215877,5;0,01453033
215894,5;0,01453094
215910,7;0,01453189
215927,4;0,0145347
215944;0,01453512
215960,4;0,01453854
215977,5;0,01453981
215993,7;0,01454078
216010,2;0,01454178
216026,7;0,01454178
216043,3;0,01454178
216059,8;0,01454531
216076,5;0,01454995
216093,5;0,01455021
216109,5;0,01455248
216126;0,01455395
216142,6;0,01455495
216159,3;0,01455688
216175,8;0,01455688
216192,3;0,01455944
216208,9;0,01456187
216226,2;0,01456384
216242,5;0,01456397
216258,6;0,01456609
216275,5;0,01456762
216294,6;0,01456813
216311,2;0,01457043
216327,8;0,01457208
216344,3;0,01457351
216361,1;0,01457473
216377,6;0,01457563
216394,3;0,01457741
216410,6;0,01457895
216427,2;0,01457996
216444;0,01458169
216460,3;0,01458169
216476,9;0,01458344
216493,6;0,01458496
216510,1;0,01458551
216526,6;0,01458551
216543,5;0,01458858
216559,7;0,01458946
216576,6;0,01459108
216593,3;0,01459149
216609,4;0,01459364
216626;0,01459364
216642,5;0,01459439
216659,1;0,01459434
216676;0,01459506
216692,2;0,01459592
216708,8;0,01459917
216725,4;0,01460123
216741,9;0,01460278
216758,5;0,01460347
216775,1;0,01460499
216791,7;0,0146062
216808,2;0,01460665
216825,1;0,0146082
216841,4;0,01460994
216857,9;0,01461096
216874,5;0,01461327
216891,1;0,01461494
216907,8;0,0146169
216924,9;0,01461916
216940,7;0,01461916
216957,3;0,01462088
216974,4;0,01462407
216990,4;0,01462488
217007,4;0,01462654
217023,5;0,01462735
217040,2;0,0146289
217057;0,01462973
217073,3;0,01463137
217089,8;0,01463206
217106,4;0,01463346
217123;0,01463474
217139,5;0,01463474
217156,1;0,01463672
217172,8;0,01463747
217189,3;0,01463863
217205,8;0,01463892
217222,3;0,01464013
217238,9;0,01464181
217255,5;0,01464318
217272,3;0,01464318
217288,6;0,0146439
217305,2;0,01464457
217321,8;0,01464457
217338,3;0,0146462
217355,3;0,0146495
217372;0,01465102
217388,5;0,01465164
217404,7;0,01465241
217421,2;0,01465265
217437,9;0,01465536
217454,3;0,01465681
217470,9;0,01465758
217487,4;0,01465884
217504,2;0,01465948
217520,5;0,01466074
217537,1;0,01466139
217553,7;0,0146627
217570,9;0,0146627
217587,1;0,01466433
217604;0,01466565
217620;0,01466626
217636,5;0,01466685
217653,1;0,01466688
217669,6;0,01466916
217686,3;0,01466916
217702,8;0,01467023
217719,3;0,01467124
217735,9;0,01467218
217752,5;0,01467301
217769,1;0,01467317
217785,6;0,01467368
217802,2;0,01467457
217818,8;0,01467548
217835,3;0,01467634
217851,9;0,01467722
217868,6;0,01467762
217885,1;0,01467845
217902;0,0146791
217918,5;0,01467923
217934,7;0,0146796
217951,3;0,0146796
217968;0,01468001
217984,6;0,0146807
218001,1;0,01468105
218017,5;0,01468153
218034,1;0,01468174
218050,7;0,01468166
218067,4;0,01468169
218084;0,01468156
218101;0,01468142
218117;0,01468127
218133,8;0,01468118
218150,3;0,01468118
218166,7;0,01468126
218183,2;0,01468148
218199,8;0,01468156
218216,4;0,01468156
218233,1;0,01468161
218249,5;0,01468175
218266,7;0,01468185
218282,9;0,01468183
218299,2;0,0146818
218315,8;0,01468172
218332,3;0,01468193
218349,1;0,01468304
218365,6;0,01468347
218382;0,01468395
218398,6;0,01468409
218415,5;0,01468422
218431,7;0,01468425
218448,4;0,0146843
218464,9;0,01468438
218481,4;0,01468444
218498;0,01468471
218514,7;0,01468524
218531,3;0,01468549
218547,7;0,01468573
218564,3;0,01468573
218580,8;0,01468573
218597,4;0,01468573
218614;0,01468573
218630,5;0,01468519
218647,1;0,01468487
218664,1;0,01468433
218680,3;0,01468404
218697,3;0,0146835
218713,4;0,01468278
218729,9;0,0146824
218746,5;0,01468202
218763,1;0,01468119
218780,5;0,01468052
218796,2;0,01468004
218812,8;0,01467918
218829,5;0,01467872
218846,3;0,01467783
218862,5;0,01467664
218879;0,01467548
218895,6;0,01467383
218912,2;0,01467375
218929,1;0,01467332
218945,3;0,01467059
218961,9;0,01466949
218978,4;0,01466898
218995;0,01466795
219011,5;0,01466752
219028,1;0,01466698
219045,1;0,01466655
219061,3;0,01466655
219077,8;0,01466649
219095;0,0146662
219111;0,01466614
219127,5;0,01466603
219144,1;0,01466609
219160,9;0,01466595
219178,3;0,01466584
219194,1;0,01466584
219210,4;0,01466576
219226,9;0,01466571
219244,3;0,01466571
219260,1;0,01466503
219276,6;0,01466466
219293,2;0,01466428
219309,8;0,01466415
219326,3;0,01466377
219342,9;0,01466345
219359,5;0,01466323
219376;0,01466285
219392,7;0,01466269
219409,7;0,01466269
219426,3;0,01466231
219443;0,01466183
219458,8;0,01466142
219475,4;0,01466121
219492;0,01466102
219508,6;0,01466083
219525,2;0,01466054
219542,4;0,01466038
219558,3;0,01466011
219574,8;0,01466005
219591,4;0,0146597
219608,3;0,01465943
219624,5;0,01465943
219641,5;0,01465884
219657,7;0,01465868
219674,4;0,01465814
219690,8;0,0146579
219707,4;0,01465739
219723,9;0,01465715
219740,5;0,01465693
219757,1;0,01465637
219773,9;0,01465605
219790,2;0,01465567
219806,8;0,01465543
219823,3;0,01465481
219839,9;0,01465481
219856,7;0,01465452
219873,1;0,01465419
219889,6;0,01465395
219906,2;0,014652
219922,7;0,01465039
219939,3;0,01465039
219955,9;0,01464975
219972,4;0,01464828
219989;0,01464782
220005,5;0,01464769
220022,1;0,01464713
220038,7;0,01464668
220055,3;0,01464636
220071,8;0,01464617
220088,4;0,01464588
220105;0,01464575
220121,6;0,01464551
220138,2;0,01464527
220154,6;0,01464465
220172,2;0,01464436
220188,5;0,01464359
220204,3;0,01464298
220220,9;0,01464239
220237,5;0,01464207
220254;0,01464119
220271;0,01464058
220287,2;0,01463983
220303,8;0,01463983
220320,6;0,01463732
220336,9;0,01463732
220353,5;0,01463601
220370;0,01463369
220386,9;0,0146327
220403,2;0,01463182
220419,7;0,01463118
220436,3;0,01463118
220453,1;0,01462907
220469,6;0,0146279
220486;0,0146279
220502,5;0,01462723
220519,1;0,01462654
220535,7;0,01462397
220552,4;0,01462183
220568,8;0,01462055
220585,5;0,0146205
220602,3;0,01462004
220618,5;0,01461815
220635,5;0,01461703
220651,8;0,01461647
220668,2;0,01461546
220684,8;0,01461453
220701,4;0,01461411
220717,9;0,01461265
220734,5;0,01461198
220751,1;0,0146114
220767,6;0,01461013
220784,2;0,01460878
220800,8;0,01460801
220817,5;0,01460735
220833,9;0,01460703
220850,5;0,01460444
220867;0,01460288
220883,6;0,01460166
220900,1;0,01460166
220916,7;0,01460036
220933,8;0,01459814
220949,8;0,01459647
220966,4;0,0145947
220983;0,0145938
220999,8;0,01459198
221016,3;0,01459052
221032,7;0,01458868
221049,3;0,01458755
221065,8;0,01458723
221083;0,01458348
221099;0,01458152
221115,8;0,01458152
221132,6;0,01458021
221149;0,01457971
221165,2;0,01457849
221182,1;0,01457362
221198,4;0,01456979
221214,9;0,01456854
221231,7;0,01456689
221248,3;0,01456642
221264,6;0,01456538
221281,2;0,01456254
221298;0,01456039
221314,6;0,01455935
221331;0,01455935
221347,5;0,01455649
221364;0,01455444
221381;0,01455348
221398,5;0,0145516
221415,2;0,01455024
221431,8;0,01455024
221448,3;0,01454861
221465,1;0,01454696
221481,4;0,01454603
221497,9;0,01454348
221515,2;0,01454247
221531,3;0,01454154
221547,6;0,01454146
221564,3;0,01453829
221580,8;0,01453728
221597,4;0,01453563
221614,1;0,01453563
221631,6;0,01453305
221647;0,01453249
221663,6;0,01453111
221680,1;0,01453041
221696,7;0,01452887
221713,4;0,01452786
221730;0,01452686
221746,4;0,01452542
221763;0,01452542
221779,6;0,01452399
221796,1;0,01452375
221812,7;0,01452219
221829,3;0,01452004
221845,8;0,01451951
221862,4;0,01451951
221879,4;0,01451898
221895,8;0,01451723
221912,6;0,0145167
221928,7;0,01451601
221945,4;0,01451586
221961,8;0,01451583
221978,4;0,01451583
221995,1;0,01451914
222011,5;0,01452233
222028,3;0,01452427
222044,6;0,01452599
222061,2;0,01452742
222078;0,01452818
222094,6;0,01452904
222111,4;0,01453213
222127,5;0,01453398
222144,3;0,01453492
222160,6;0,01453666
222177,2;0,01453768
222193,7;0,01453932
222210,3;0,01454103
222226,9;0,01454162
222243,7;0,01454162
222260;0,01454162
222277,3;0,01454223
222293,2;0,01454424
222309,7;0,01454549
222326,3;0,01454549
222343,3;0,01454698
222359,4;0,01454738
222376,5;0,01454823
222392,5;0,01454863
222409,1;0,01454884
222425,6;0,01454908
222442,5;0,01454951
222458,8;0,01455116
222475,4;0,01455436
222491,9;0,01455533
222508,5;0,01455779
222525,4;0,01456009
222541,6;0,01456009
222558,2;0,01456216
222574,9;0,01456494
222591,3;0,01456591
222608,3;0,01456773
222624,5;0,01456877
222641;0,01457084
222657,6;0,01457204
222674,4;0,01457432
222690,9;0,01457542
222707,5;0,01457769
222723,9;0,01457804
222740,4;0,01458151
222757;0,0145837
222774;0,0145852
222790,1;0,01458776
222806,7;0,01458848
222824;0,01459189
222839,8;0,01459328
222856,7;0,01459583
222873;0,01459583
222889,5;0,01459938
222906,1;0,01460167
222922,8;0,01460385
222939,2;0,01460516
222956,2;0,01460516
222972,3;0,01460888
222988,9;0,01461186
223005,5;0,01461186
223022;0,01461558
223038,6;0,01461558
223055,2;0,01461558
223071,8;0,01461619
223088,3;0,01462033
223104,9;0,01462256
223121,5;0,014625
223138;0,0146276
223154,6;0,01462937
223171,3;0,01462937
223187,7;0,01463123
223204,6;0,01463335
223220,9;0,01463459
223237,4;0,01463544
223254;0,01463544
223270,5;0,01463886
223287,1;0,01464016
223303,7;0,01464154
223320,3;0,01464255
223336,8;0,01464416
223354,1;0,01464525
223370;0,0146466
223386,5;0,01464828
223403,3;0,01464828
223419,8;0,01464982
223436,2;0,01465134
223452,8;0,01465136
223469,5;0,01465376
223485,9;0,0146553
223502,5;0,01465628
223519,1;0,01465785
223535,6;0,01465785
223552,2;0,01466072
223568,8;0,0146612
223585,8;0,01466298
223602;0,01466436
223618,5;0,01466532
223636;0,01466673
223651,6;0,01466822
223668,2;0,01466892
223684,7;0,01466892
223701,3;0,01466892
223717,8;0,01466963
223734,5;0,01467038
223751;0,01467224
223767,6;0,01467641
223784,1;0,01467817
223800,7;0,0146791
223817,6;0,01468125
223833,8;0,01468245
223850,4;0,01468333
223866,9;0,01468469
223883,5;0,01468591
223900,5;0,01468591
223916,6;0,01468777
223933,2;0,01469013
223949,8;0,01469197
223966,9;0,01469224
223983;0,01469126
223999,5;0,01469053
224016,4;0,01468909
224032,7;0,01468843
224049,2;0,01468727
224065,8;0,01468662
224082,5;0,01468562
224098,9;0,01468516
224115,8;0,01468516
224132;0,0146847
224148,6;0,01468459
224165,1;0,01468337
224181,7;0,01468235
224198,3;0,01468194
224214,8;0,01468175
224231,8;0,0146817
224248;0,01468175
224264,5;0,01468172
224281,7;0,01468186
224297,7;0,01468194
224314,3;0,0146821
224330,8;0,01468229
224347,5;0,01468229
224364;0,01468269
224380,5;0,01468352
224397,1;0,01468368
224413,7;0,01468368
224430,3;0,0146836
224446,8;0,0146836
224463,4;0,0146836
224479,9;0,01468309
224496,5;0,01468309
224513,3;0,01468204
224529,7;0,01468204
224546,5;0,01468133
224562,8;0,01468071
224579,3;0,01468007
224596,3;0,01467961
224612,5;0,01467909
224629,2;0,01467909
224645,6;0,01467691
224662,2;0,01467611
224678,9;0,01467476
224695,3;0,01467387
224711,9;0,0146729
224728,4;0,0146718
224745;0,01467104
224761,5;0,01466964
224778,1;0,01466894
224794,7;0,01466792
224811,3;0,01466719
224828,5;0,01466719
224844,4;0,01466523
224861;0,01466418
224877,5;0,01466327
224894,1;0,01466273
224910,6;0,01466168
224927,2;0,01466117
224943,8;0,01466012
224960,3;0,01466012
224976,9;0,01465955
224993,6;0,01465904
225010,1;0,01465711
225026,7;0,01465561
225043,5;0,01465531
225059,8;0,01465467
225076,6;0,01465302
225092,9;0,0146524
225109,5;0,01465136
225126;0,01465107
225142,6;0,01465166
225159,2;0,01465258
225175,7;0,01465317
225192,8;0,01465325
225208,8;0,01465339
225225,4;0,01465331
225242;0,01465304
225258,6;0,01465304
225275,1;0,01465277
225291,8;0,01465181
225308,3;0,01465133
225324,8;0,01465104
225341,4;0,01465029
225357,9;0,01465002
225374,5;0,01464968
225391,4;0,01464821
225407,7;0,01464768
225424,2;0,01464658
225440,8;0,01464586
225457,4;0,01464495
225475,9;0,01464474
225491;0,01464338
225507;0,01464266
225523,6;0,01464162
225540,2;0,01464055
225556,9;0,01463994
225573,5;0,01463932
225589,9;0,01463946
225606,4;0,01463946
225623;0,01463946
225639,6;0,01463994
225656,1;0,01464051
225673;0,01464051
225689,3;0,01464176
225705,8;0,01464197
225723,3;0,01464045
225739,4;0,01463967
225755,5;0,01463941
225772,9;0,01463882
225789,1;0,01463703
225805,3;0,01463703
225822,3;0,01463541
225839;0,01463437
225855;0,01463226
225871,7;0,01463167
225888,1;0,0146309
225904,7;0,01462965
225921,4;0,01462823
225937,8;0,01462823
225954,3;0,01462552
225971;0,01462469
225987,5;0,01462261
226004;0,01462173
226020,6;0,01462106
226037,2;0,01461972
226054,3;0,01461972
226070,3;0,01461834
226086,9;0,01461708
226103,5;0,0146158
226120,8;0,01461526
226136,9;0,01461497
226153,2;0,01461342
226169,7;0,01461222
226186,6;0,01461099
226203,4;0,01461099
226219,4;0,01460976
226236;0,01460904
226252,5;0,01460835
226269,3;0,01460835
226285,8;0,0146076
226302,3;0,01460619
226318,9;0,0146024
226335,4;0,0146004
226351,9;0,01459878
226368,5;0,01459776
226385,1;0,01459654
226402;0,01459508
226418,3;0,01459399
226435,6;0,01459289
226451,4;0,01459236
226467,9;0,0145914
226486,6;0,01458967
226501,2;0,01458771
226517,8;0,01458598
226534,2;0,01458598
226550,8;0,0145831
226567,3;0,01458212
226583,9;0,01458135
226600,5;0,01457946
226617,2;0,01457766
226633,6;0,01457689
226650,1;0,01457625
226666,7;0,01457625
226683,3;0,01457437
226699,9;0,0145727
226716,4;0,01457214
226733;0,01457214
226749,8;0,01457156
226766,1;0,01456933
226782,7;0,0145688
226799,7;0,01456776
226816,1;0,01456726
226832,5;0,0145662
226849;0,01456553
226866;0,01456474
226882,1;0,01456474
226898,7;0,01456474
226915,6;0,01456416
226931,8;0,0145636
226948,5;0,01456118
226964,9;0,01455988
226981,6;0,01455906
226998,2;0,01455863
227014,6;0,0145584
227031,3;0,0145581
227047,8;0,01455752
227064,3;0,01455728
227080,9;0,01455726
227097,4;0,01455715
227114,2;0,01455696
227130,6;0,01455686
227147,5;0,01455691
227163,7;0,01455749
227180,3;0,01455835
227196,9;0,01455908
227213,5;0,01455903
227230,4;0,01456062
227246,6;0,01456205
227263,1;0,0145631
227279,7;0,01456447
227296,3;0,01456447
227312,8;0,01456551
227329,6;0,01456736
227346,1;0,01456827
227362,5;0,01456905
227379,1;0,01457013
227395,6;0,01457069
227412,2;0,01457514
227429,2;0,01457781
227445,9;0,01457926
227461,9;0,01458182
227478,5;0,01458348
227495,4;0,01458531
227511,8;0,01458531
227528,8;0,01458633
227544,8;0,01458746
227561,3;0,01458746
227577,9;0,01459044
227594,5;0,0145925
227611;0,01459221
227627,6;0,01459161
227644,2;0,01459142
227660,7;0,01459169
227677,5;0,01459185
227694,1;0,01459185
227710,4;0,01459268
227727;0,01459415
227743,5;0,01459474
227760,1;0,01459594
227776,7;0,01459594
227793,3;0,01459725
227810,2;0,01459861
227826,4;0,0145993
227843,5;0,01459989
227860,1;0,01460127
227876,4;0,01460261
227892,7;0,01460408
227909,2;0,01460493
227925,8;0,01460597
227942,4;0,01460672
227958,9;0,0146081
227975,6;0,01460834
227992,1;0,01460834
228008,6;0,01460834
228025,2;0,01460933
228042;0,01461157
228058,3;0,01461341
228074,9;0,01461405
228091,5;0,01461528
228108;0,014616
228124,6;0,01461685
228141,1;0,01461789
228157,7;0,01461789
228174,3;0,01461845
228190,8;0,01461845
228207,4;0,01461931
228224;0,01462109
228241;0,01462272
228257,2;0,01462352
228273,7;0,0146248
228290,3;0,01462565
228306,8;0,01462669
228323,4;0,01462746
228340;0,01462879
228356,5;0,01462938
228373,1;0,01463057
228390;0,01463182
228406,2;0,01463248
228422,9;0,01463362
228439,7;0,01463476
228455,9;0,01463545
228472,6;0,01463678
228489;0,01463734
228505,6;0,01463815
228522,2;0,01463932
228538,7;0,0146402
228555,3;0,01464113
228571,9;0,01464218
228588,5;0,01464293
228605,4;0,01464375
228621,6;0,01464454
228638,3;0,01464533
228654,9;0,01464584
228671,3;0,0146469
228688,2;0,01464788
228704,8;0,01464854
228721,2;0,01464931
228737,6;0,01464981
228754,1;0,01465076
228770,7;0,01465151
228787,4;0,01465225
228803,8;0,01465225
228820,4;0,01465281
228836,9;0,0146531
228853,5;0,01465504
228870,1;0,01465859
228886,7;0,01465969
228903,2;0,01466097
228919,8;0,01466571
228936,4;0,01466755
228953,1;0,01466755
228969,5;0,01467138
228986,7;0,01467491
229002,6;0,01467875
229019,2;0,01468034
229035,8;0,01468404
229052,3;0,01468755
229068,9;0,01468996
229085,5;0,01469241
229102,2;0,01469554
229118,6;0,01469554
229135,1;0,01469828
229151,8;0,01469869
229168,5;0,01469929
229185,4;0,01469929
229201,4;0,01469929
229218;0,01469986
229234,5;0,01470008
229251,2;0,01470016
229267,7;0,01470027
229284,4;0,01470046
229301,8;0,01470065
229317,4;0,01470103
229334;0,01470119
229350,9;0,01470168
229367,4;0,01470173
229383,7;0,014701
229400,2;0,01470064
229416,8;0,01469977
229433,5;0,01469915
229449,9;0,01469915
229466,5;0,01469915
229483,3;0,01469787
229499,6;0,01469551
229516,2;0,01469502
229532,8;0,01469421
229549,3;0,01469391
229565,9;0,01469345
229582,4;0,01469305
229599;0,01469248
229615,6;0,01469186
229632,5;0,01469167
229648,7;0,01469143
229665,5;0,0146913
229682,2;0,01469111
229698,4;0,01469111
229715,3;0,01469103
229732,2;0,01469081
229748,5;0,01469068
229765,4;0,01469057
229781,5;0,01469044
229798;0,01469027
229814,4;0,01469022
229831,1;0,01469006
229847,6;0,01468992
229864,1;0,01468958
229880,8;0,01468941
229897,8;0,01468907
229913,8;0,01468861
229930,5;0,01468831
229946,9;0,01468831
229963,5;0,01468807
229980,1;0,01468786
229996,6;0,01468738
230013,2;0,01468676
230029,9;0,01468614
230046,3;0,01468553
230062,9;0,01468513
230079,5;0,0146851
230096;0,01468462
230112,6;0,01468408
230130;0,01468253
230145,7;0,01468115
230162,7;0,01468011
230179;0,01467992
230195,4;0,01467848
230212,5;0,01467728
230228,6;0,01467648
230245,1;0,01467507
230261,7;0,01467438
230278,4;0,01467438
230295,2;0,01467145
230311,4;0,01467052
230328;0,01466965
230344,6;0,01466965
230361,1;0,01466678
230377,7;0,01466652
230394,2;0,01466405
230410,8;0,0146632
230427,4;0,0146632
230443,9;0,01466167
230460,5;0,01465924
230477;0,01465839
230493,6;0,01465672
230510,2;0,01465503
230526,9;0,01465416
230543,3;0,01465252
230559,9;0,01465168
230576,5;0,01465089
230593;0,01464949
230609,6;0,01464851
230626,3;0,0146468
230642,7;0,01464519
230659,3;0,01464398
230676,1;0,01464263
230692,4;0,01464181
230709;0,01464181
230725,6;0,01464181
230742,1;0,01464181
230758,7;0,01464105
230775,3;0,01463757
230791,8;0,0146368
230808,4;0,0146343
230825,2;0,01463057
230841,5;0,01462943
230858,8;0,01462706
230874,7;0,01462417
230891,2;0,01462267
230907,8;0,01461925
230924,3;0,01461911
230940,9;0,01461525
230957,5;0,01461075
230974;0,01460643
230990,9;0,01460452
231007,2;0,0146003
231023,8;0,0146003
231040,3;0,01459589
231056,9;0,0145912
231073,5;0,01458661
231090;0,01458583
231107,2;0,01458395
231123,3;0,01457807
231139,7;0,01457574
231156,4;0,01457249
231172,8;0,01457053
231189,4;0,01456691
231206,1;0,01456509
231222,6;0,01456153
231239,1;0,0145587
231255,7;0,01455587
231272,3;0,0145544
231288,8;0,01455259
231305,4;0,01455027
231321,9;0,01454949
231338,6;0,01454645
231355,2;0,01454509
231371,6;0,01454384
231388,4;0,01454384
231405;0,01454253
231421,3;0,01453914
231437,9;0,01453809
231454,6;0,01453398
231471,8;0,01453212
231487,9;0,01453129
231504,6;0,01452961
231520,8;0,01452852
231537,3;0,01452719
231554;0,01452617
231570,5;0,01452479
231587;0,01452327
231603,6;0,01452327
231620,1;0,01452124
231636,7;0,01452124
231655,1;0,0145206
231669,8;0,01451855
231687,2;0,01451737
231703;0,01451663
231719,7;0,01451548
231736,1;0,01451492
231752,8;0,01451383
231769,2;0,01451383
231785,8;0,01451252
231802,4;0,01451182
231819,2;0,01451145
231835,9;0,0145107
231852,6;0,01451033
231868,7;0,01450987
231885,2;0,01450987
231901,8;0,01450987
231918,3;0,01450947
231934,9;0,01450942
231951,5;0,01450953
231968,3;0,01450953
231984,6;0,014511
232001,3;0,014511
232017,8;0,014511
232034,3;0,01451151
232050,9;0,0145127
232067,4;0,01451466
232084;0,0145161
232100,7;0,01451733
232117,1;0,01451773
232133,8;0,0145185
232150,3;0,01451895
232166,9;0,01451903
232184;0,01451935
232200,2;0,01451983
232216,7;0,01452012
232233,1;0,0145206
232249,7;0,01452123
232266,3;0,01452166
232282,8;0,01452208
232299,7;0,01452237
232316;0,01452308
232332,5;0,01452416
232349,1;0,01452853
232365,6;0,01453038
232382,2;0,01453335
232398,8;0,01453588
232415,4;0,01453628
232432;0,01453771
232448,5;0,01453933
232465,1;0,01454073
232482;0,01454139
232498,2;0,01454139
232514,8;0,014543
232532,1;0,01454405
232547,9;0,01454476
232564,5;0,01454523
232581;0,01454576
232597,6;0,01454736
232614,2;0,0145486
232630,7;0,0145486
232647,3;0,0145492
232664,2;0,01454942
232680,9;0,01454989
232704;0,01455197
232713,6;0,01455352
232730,1;0,01455536
232746,7;0,01455675
232763,3;0,01455812
232779,8;0,01455868
232796,4;0,01456002
232813;0,01456076
232829,5;0,01456192
232846,7;0,0145626
232862,7;0,01456262
232879,5;0,01456534
232895,8;0,01456605
232912,9;0,01456727
232928,9;0,01456792
232945,5;0,01456919
232962,1;0,01457048
232978,6;0,01457112
232995,4;0,01457233
233011,8;0,01457294
233028,3;0,01457407
233045;0,01457489
233061,5;0,014576
233078;0,014576
233095;0,01457727
233111,4;0,01457843
233127,8;0,01457959
233144,3;0,01458089
233161;0,01458152
233177,4;0,01458202
233194;0,0145821
233210,6;0,01458434
233227,1;0,0145844
233243,7;0,01458495
233260,3;0,01458653
233276,9;0,01458706
233293,4;0,01458764
233310;0,01458764
233326,5;0,01458875
233343,1;0,01459013
233359,7;0,01459013
233376,4;0,01459192
233392,8;0,01459335
233409,8;0,01459367
233425,9;0,01459401
233442,5;0,01459427
233459;0,01459547
233475,8;0,0145961
233492,3;0,01459634
233508,8;0,01459634
233526,4;0,01459689
233541,9;0,01459777
233558,9;0,01459777
233575;0,01459854
233591,6;0,01459877
233608,6;0,01459904
233624,9;0,01459928
233641,3;0,01459946
233657,9;0,01459975
233674,4;0,01459986
233691,3;0,01460028
233707,6;0,01460028
233725;0,01460047
233740,7;0,01460097
233757,5;0,01460124
233773,8;0,01460129
233790,4;0,01460124
233807;0,01460108
233807;0,01460001
233827;0,01460001
233843,4;0,01459972
233860,3;0,01459969
233876,6;0,01459823
233893,1;0,01459593
233910;0,01459433
233926,3;0,01459371
233942,8;0,01459259
233959,4;0,01459015
233976;0,01458919
233992,5;0,01458847
234009,4;0,0145877
234026,1;0,01458623
234042,2;0,01458583
234059,5;0,01458583
234076,2;0,01458596
234092;0,01458636
234108,5;0,01458698
234125,1;0,01458738
234141,7;0,01458794
234158,2;0,01458831
234174,8;0,01458885
234191,3;0,01458922
234207,9;0,01458922
234224,5;0,01459026
234241;0,01459034
234257,6;0,01458902
234274,2;0,01458501
234291,2;0,01458358
234307,3;0,01458304
234323,9;0,01458304
234340,5;0,01458248
234357;0,01458251
234373,6;0,01458248
234390,3;0,01458304
234407,1;0,01458408
234423,9;0,01458448
234439,8;0,01458539
234456,6;0,01458584
234473;0,01458584
234490,1;0,01458584
234506,7;0,01458629
234523;0,0145877
234539,3;0,01458888
234555,8;0,01459011
234572,4;0,01459158
234589;0,01459243
234606,1;0,01459326
234622,3;0,01459428
234639;0,01459473
234655,2;0,01459473
234671,8;0,01459522
234688,3;0,01459717
234705;0,01459786
234721,5;0,0145981
234738,1;0,01459853
234754,9;0,01459925
234771,2;0,01459992
234788,1;0,01460072
234804,4;0,01460128
234821,1;0,01460177
234837,5;0,01460217
234854;0,01460291
234871,2;0,01460326
234887,3;0,01460396
234903,7;0,01460436
234920,3;0,01460508
234937,3;0,01460569
234953,6;0,01460602
234970,3;0,01460698
234986,7;0,01460741
235003,1;0,01460826
235019,7;0,01460872
235037,2;0,01460872
235053,1;0,01461054
235069,4;0,01461057
235085,9;0,01461158
235102,7;0,01461188
235119,1;0,01461212
235135,7;0,01461273
235152,2;0,0146137
235168,8;0,01461616
235185,5;0,01461753
235202,2;0,01461858
235218,8;0,01461906
235235;0,01461906
235251,7;0,01462045
235268,2;0,0146215
235284,8;0,0146227
235301,3;0,01462332
235317,9;0,01462463
235334,4;0,014626
235351,2;0,01462672
235367,6;0,01462801
235384,2;0,01462858
235400,7;0,01462916
235417,3;0,01462957
235434,3;0,01463138
235450,4;0,01463235
235467;0,01463288
235483,5;0,01463336
235500,1;0,01463355
235516,7;0,01463569
235533,7;0,01463614
235549,8;0,01463723
235566,4;0,01463782
235583;0,01463879
235600,3;0,01463967
235616,1;0,01464021
235632,7;0,01464061
235649,9;0,01464136
235665,8;0,01464824
235682,3;0,01465259
235698,9;0,0146545
235715,5;0,01465637
235732;0,01465974
235748,6;0,01465974
235766;0,01466145
235781,7;0,01466145
235798,3;0,01466523
235815,4;0,01466794
235831,7;0,01467108
235848;0,01467269
235865,3;0,01467349
235881,2;0,01467454
235897,7;0,0146766
235914,3;0,01467761
235930,8;0,01467902
235947,7;0,01467974
235964;0,0146811
235980,7;0,0146818
235997,1;0,01468199
236013,7;0,01468254
236030,3;0,01468385
236046,8;0,01468484
236063,4;0,01468532
236080,5;0,01468538
236096,7;0,01468519
236113,1;0,01468476
236129,6;0,01468439
236146,2;0,01468399
236162,8;0,01468399
236179,3;0,01468375
236196,7;0,01468271
236212,5;0,01468241
236229,3;0,0146817
236245,6;0,01468143
236262,2;0,01468058
236278,8;0,01468007
236295,7;0,01467922
236311,9;0,01467883
236328,5;0,01467821
236345;0,01467715
236361,6;0,01467617
236378,1;0,01467519
236394,7;0,01467429
236411,3;0,01467429
236428;0,01467344
236444,7;0,01466949
236461;0,01466796
236477,6;0,01466592
236494,1;0,01466487
236510,7;0,01466248
236527,5;0,01466034
236543,8;0,01465997
236560,4;0,01465727
236577;0,01465452
236593,5;0,01465175
236610,1;0,01464969
236627;0,01464831
236643,2;0,01464596
236659,8;0,01464339
236676,3;0,01464339
236693,2;0,01463891
236709,5;0,01463746
236726;0,01463443
236742,8;0,01463152
236759,2;0,01462984
236775,9;0,01462653
236792,9;0,01462482
236808,9;0,01462126
236825,5;0,01461774
236842;0,01461549
236858,6;0,0146141
236875,1;0,01461027
236892,1;0,01460839
236908,3;0,014608
236925,4;0,0146008
236941,5;0,01459801
236958;0,01459438
236974,5;0,01459438
236991,2;0,01458974
237007,7;0,01458417
237024,4;0,01458402
237040,8;0,01458161
237057,4;0,01458161
237073,9;0,01457884
237090,6;0,01456831
237107,2;0,0145636
237123,6;0,0145615
237140,2;0,01455697
237157,2;0,01455218
237173,3;0,01454944
237190,4;0,0145447
237206,5;0,014542
237223;0,01453717
237239,6;0,01453471
237256,3;0,01453471
237272,8;0,0145286
237289,3;0,01452123
237305,9;0,01451788
237322,5;0,01451568
237339;0,01451267
237355,6;0,01450408
237372,1;0,01450408
237388,7;0,01449771
237405,3;0,01449028
237422,8;0,01448626
237438,8;0,01448207
237455;0,01447961
237472,4;0,01447434
237488,1;0,01446981
237505,4;0,01446688
237521,3;0,01446474
237537,9;0,01446474
237554,7;0,01446392
237571;0,01446275
237587,9;0,01446042
237604,3;0,01445381
237620,9;0,01444668
237637,2;0,01443996
237653,8;0,01443812
237670,3;0,01443431
237687,2;0,01443431
237703,5;0,01443431
237720;0,01442427
237736,6;0,01440841
237753,2;0,01440243
237769,8;0,01439687
237786,3;0,01439377
237802,9;0,01438938
237819,9;0,01438938
237836,1;0,01438438
237852,6;0,01438438
237869,1;0,0143771
237890,2;0,01437273
237902,3;0,01436839
237918,9;0,01436516
237935,6;0,01436516
237952,2;0,01436067
237968,7;0,01435581
237985,3;0,01435371
238001,7;0,01435019
238018,2;0,01434794
238034,9;0,01434468
238051,8;0,01434122
238068;0,01433936
238084,5;0,01433781
238101,3;0,01433478
238117,6;0,01433182
238134,2;0,01433041
238150,8;0,01432764
238167,7;0,01432641
238183,9;0,01432396
238200,5;0,01432225
238217,2;0,01432009
238233,8;0,01432009
238250,4;0,01431795
238267,4;0,0143156
238283,4;0,01431437
238299,9;0,01431437
238316,8;0,01431333
238333,2;0,01431333
238349,6;0,01431333
238366,1;0,01430956
238382,7;0,01430659
238399,5;0,01430545
238415,8;0,014305
238432,4;0,01430464
238449;0,01430412
238465,8;0,01430298
238482,1;0,01430253
238498,7;0,0143022
238515,3;0,0143022
238531,8;0,01430196
238548,5;0,01430155
238565;0,0143015
238581,5;0,0143015
238598,1;0,0143015
238614,7;0,01430157
238631,7;0,01430165
238647,8;0,01430165
238664,4;0,01430163
238681,3;0,01430178
238697,6;0,01430204
238714;0,01430232
238730,6;0,01430271
238747,2;0,01430365
238763,8;0,01430435
238780,9;0,01430435
238797,6;0,01430608
238814;0,0143068
238830;0,01430721
238847,3;0,01430991
238863,2;0,01431159
238879,8;0,01431247
238896,3;0,01431247
238913,2;0,01431523
238929,4;0,01431714
238946,1;0,01431714
238962,6;0,01431828
238979,1;0,01431869
238996,3;0,01432037
239012,5;0,01432443
239028,8;0,01432698
239045,4;0,01432925
239061,9;0,01433028
239078,5;0,01433271
239095,7;0,01433502
239111,7;0,01433605
239128,5;0,01433605
239144,8;0,01433804
239161,5;0,01434118
239178,3;0,0143433
239194,5;0,01434468
239211,1;0,01434494
239227,6;0,01434866
239244,6;0,01435183
239260,8;0,01435429
239277,4;0,01435552
239294,8;0,01435695
239310,4;0,01436074
239327;0,01436074
239343,8;0,01436209
239360,5;0,01436623
239376,8;0,01436762
239393,3;0,01437087
239409,8;0,01437305
239426,4;0,01437485
239443;0,01437647
239459,5;0,01437714
239476,2;0,01438003
239492,7;0,01438613
239509,3;0,01438791
239525,8;0,01438791
239542,4;0,01439011
239558,9;0,0143942
239575,5;0,0143953
239592,6;0,01439543
239608,6;0,01439543
239625,2;0,01439784
239642,3;0,01440346
239658,9;0,01440449
239675;0,01440648
239691,8;0,01440756
239708,2;0,01440968
239725;0,01441077
239741,5;0,01441077
239757,8;0,01441402
239774,3;0,01441617
239790,9;0,01441825
239807,4;0,01441934
239824;0,01442141
239840,6;0,01442232
239857,1;0,0144239
239873,7;0,01442522
239890,3;0,01442659
239907,2;0,01442659
239923,4;0,01442832
239940,5;0,01442967
239956,8;0,01443078
239975;0,01443148
239991,6;0,01443259
240008,1;0,01443308
240024,7;0,01443321
240041,4;0,01443499
240057,8;0,01443535
240074,4;0,01443604
240091;0,01443633
240107,5;0,01443687
240124,1;0,01443687
240140,7;0,01443728
240157,2;0,01443733
240173,8;0,01443733
240190,7;0,01443741
240207;0,01443741
240223,5;0,01443749
240240,1;0,01443749
240256,7;0,01443754
240273,6;0,01443749
240290,6;0,01443731
240306,6;0,01443687
240323;0,01443684
240339,5;0,01443677
240356;0,01443666
240372,9;0,01443635
240389,7;0,01443558
240406;0,01443502
240422,3;0,01443502
240438,9;0,01443363
240455,5;0,0144327
240472,1;0,01443219
240488,6;0,01443219
240505,2;0,01443098
240521,8;0,01442892
240538,8;0,01442804
240555,2;0,0144264
240571,4;0,01442504
240588;0,01442504
240604,5;0,01442247
240621,1;0,01442247
240637,8;0,01442165
240654,7;0,01441824
240670,9;0,01441696
240687,8;0,01441583
240704;0,01441501
240720,5;0,01441501
240737,5;0,01441311
240753,9;0,0144103
240770,2;0,01440645
240786,8;0,01440527
240803,5;0,01440445
240819,9;0,01439938
240836,5;0,01439938
240853,1;0,01439623
240869,6;0,01439623
240886,2;0,01439623
240902,8;0,01439483
240919,7;0,01439185
240936,6;0,01439185
240952,4;0,01438915
240969;0,01438457
240985,8;0,01437916
241002,1;0,01437671
241019,5;0,01437509
241035,3;0,01437316
241052,1;0,01437086
241069;0,01437086
241085;0,01436857
241101,7;0,01436627
241118,5;0,01436468
241134,9;0,01436202
241151,3;0,0143605
241167,9;0,01435797
241184,8;0,01435681
241200,9;0,0143542
241217,5;0,0143542
241234,1;0,0143542
241250,6;0,0143542
241268;0,01434923
241284,2;0,0143455
241300,3;0,01434411
241316,9;0,01434239
241333,5;0,01434167
241350;0,01434115
241366,6;0,0143391
241383,8;0,01433794
241399,8;0,01433709
241416,3;0,01433494
241432,9;0,01433269
241449,5;0,01433179
241466;0,01432995
241482,8;0,01432883
241499,1;0,01432782
241516,2;0,01432782
241532,5;0,01432782
241549,3;0,01432662
241565,5;0,01432358
241582;0,01432029
241599;0,01431849
241615,7;0,01431691
241631,7;0,01431608
241648,2;0,01431608
241664,8;0,01431441
241681,6;0,0143126
241697,9;0,01431187
241715;0,01431055
241731,1;0,01431055
241747,7;0,01430982
241764,2;0,01430743
241780,8;0,01430675
241797,3;0,0143061
241814,1;0,01430605
241830,5;0,01430396
241847;0,01430359
241863,6;0,01430271
241880,2;0,01430227
241896,8;0,01430156
241913,3;0,01430125
241929,9;0,01430086
241946,7;0,0143006
241963;0,01430068
241979,6;0,01430068
241996,1;0,01430078
242013,6;0,01430078
242034,3;0,01430122
242045,8;0,01430151
242062,4;0,01430177
242079;0,01430187
242095,5;0,01430231
242112,1;0,01430275
242128,8;0,0143034
242145,3;0,0143034
242161,8;0,0143034
242178,9;0,0143034
242195;0,0143034
242211,5;0,01430453
242228,9;0,01430614
242244,6;0,0143072
242261,5;0,01430753
242278,7;0,01430753
242294,3;0,01430844
242310,9;0,01430981
242327,5;0,01431027
242344,1;0,01431133
242360,6;0,0143118
242377,6;0,01431301
242393,7;0,01431399
242410,3;0,0143151
242427,7;0,0143165
242443,4;0,01431725
242460;0,0143188
242476,6;0,01431965
242493,2;0,01431965
242509,8;0,01432241
242526,3;0,0143245
242542,8;0,0143267
242559,4;0,01432711
242576;0,01432711
242592,5;0,01433523
242609,7;0,01433956
242625,7;0,01434542
242642,6;0,01435259
242658,8;0,01435637
242675,4;0,01436085
242691,9;0,01436998
242708,6;0,01438047
242725,1;0,01439074
242741,6;0,01439625
242758,2;0,01440167
242774,9;0,01440167
242791,3;0,01440577
242807,9;0,01440665
242824,8;0,01441071
242841;0,0144117
242857,6;0,01442337
242874,2;0,01442971
242891,1;0,01443615
242907,3;0,01443935
242924,5;0,01444405
242940,5;0,01444565
242957;0,01444793
242973,6;0,01445025
242990,5;0,01445141
243006,8;0,01445273
243023,6;0,01445525
243040;0,01445656
243056,4;0,01445836
243073,8;0,01445874
243089,5;0,01446047
243106,2;0,01446258
243122,7;0,01446485
243139,3;0,01446598
243155,8;0,01446598
243172,4;0,01446581
243189;0,01446833
243205,5;0,01447173
243222,1;0,01447578
243238,6;0,01447714
243255,2;0,01447821
243271,8;0,01448241
243289,2;0,01448365
243304,9;0,01448592
243321,6;0,01448718
243338;0,01448922
243354,8;0,01449136
243371,2;0,01449252
243388,2;0,01449464
243404,3;0,01449581
243420,9;0,01449692
243437,4;0,01449702
243454,1;0,01449702
243470,6;0,01449954
243487,1;0,01450359
243503,7;0,01450681
243520,4;0,01450866
243537,5;0,01451053
243553,4;0,01451115
243570;0,01451271
243586,5;0,01451398
243603,1;0,01451478
243619,9;0,01451621
243636,3;0,01451777
243653,1;0,01451946
243669,6;0,0145205
243686,5;0,01452232
243702,5;0,01452313
243719,5;0,01452496
243735,6;0,01452584
243752,2;0,01452764
243768,8;0,01452764
243785,3;0,01452848
243801,9;0,0145313
243818,7;0,01453261
243835;0,01453423
243851,6;0,0145351
243868,2;0,01453667
243884,7;0,01453743
243901,3;0,01453887
243918,2;0,01453952
243934,5;0,01454078
243951;0,01454143
243967,6;0,01454253
243984,3;0,014543
244000,7;0,01454358
244017,3;0,01454463
244033,8;0,01454567
244050,5;0,01454609
244067;0,01454609
244083,5;0,01454667
244100,1;0,01454667
244116,7;0,01454725
244133,5;0,01454908
244149,8;0,01455059
244166,4;0,01455158
244182,9;0,01455197
244199,5;0,0145527
244216,5;0,0145527
244232,8;0,01455325
244249,4;0,01455372
244266,7;0,01455427
244282,3;0,01455484
244299,1;0,01455581
244315,5;0,01455571
244332;0,01455633
244348,8;0,01455687
244365,2;0,01455726
244382,1;0,01455803
244398,5;0,01455955
244414,9;0,01456078
244431,5;0,01456152
244448;0,0145622
244464,8;0,01456249
244481,3;0,01456312
244497,8;0,01456353
244514,5;0,01456353
244531,6;0,01456372
244547,4;0,01456311
244564;0,0145624
244580,5;0,0145615
244597,7;0,01455876
244613,7;0,01455876
244630,6;0,01455474
244647,2;0,01454661
244663,4;0,01454313
244680;0,01454004
244696,7;0,01453665
244713,3;0,01453665
244729,6;0,01453278
244746,2;0,01453202
244762,8;0,01451265
244779,5;0,01450172
244796;0,01449744
244812,5;0,01449744
244829,1;0,01449744
244845,6;0,01449746
244862,6;0,01449278
244878,7;0,01449152
244895,5;0,01449037
244911,9;0,01448956
244928,9;0,01448933
244945;0,01448875
244961,6;0,01448729
244978,3;0,01448626
244994,7;0,01448579
245011,3;0,01448579
245027,8;0,01448529
245044,4;0,01448366
245061;0,01448281
245077,6;0,0144819
245094,7;0,0144819
245110,7;0,01448012
245127,3;0,01447949
245146,5;0,01447822
245160,4;0,01447745
245176,9;0,01447643
245193,5;0,01447451
245210,1;0,01447373
245226,6;0,0144722
245244;0,01447062
245260,1;0,01446971
245276,3;0,01446823
245293;0,0144674
245309,5;0,01446621
245326;0,01446558
245342,6;0,01446558
245359,2;0,01446488
245375,8;0,0144648
245392,5;0,01446428
245409,2;0,01446166
245425,5;0,01446044
245442;0,01445927
245459;0,01445927
245475,6;0,01445852
245492,2;0,01445755
245508,3;0,01445528
245524,8;0,01445218
245542;0,01445143
245558;0,01445007
245575,2;0,01444752
245592;0,01444674
245608;0,01444557
245624,5;0,01444468
245641;0,01444427
245657,4;0,01444246
245674;0,01444153
245690,5;0,01444082
245707,7;0,01443954
245723,6;0,01443816
245740,2;0,01443725
245756,8;0,0144357
245773,8;0,0144357
245789,9;0,01443341
245806,5;0,01443202
245823,3;0,01442998
245839,6;0,01442894
245856,2;0,01442703
245872,7;0,01442552
245889,3;0,01442523
245906,2;0,01442423
245922,4;0,01442186
245939,1;0,01442047
245956,6;0,01441966
245972,1;0,01441843
245989,2;0,01441841
246005,3;0,01441835
246022;0,01441752
246038,4;0,01441524
246055;0,01441438
246071,5;0,01441299
246088,8;0,01441194
246104,7;0,01441126
246121,3;0,01441056
246137,8;0,01441001
246154,4;0,01440975
246176,7;0,01440954
246187,5;0,01440943
246204,6;0,01440935
246220,6;0,01440935
246237,3;0,01440928
246253,8;0,01440925
246270,5;0,01440901
246286,9;0,01440899
246303,5;0,01440888
246320;0,01440878
246336,6;0,0144087
246353,6;0,0144087
246369,7;0,01440834
246386,3;0,01440776
246403,7;0,01440776
246419,5;0,01440589
246436,6;0,01440523
246452,6;0,01440494
246469,2;0,01440442
246485,7;0,01440418
246502,3;0,01440413
246519;0,01440397
246535,4;0,01440389
246552;0,01440387
246568,8;0,01440395
246585,2;0,0144041
246601,7;0,01440413
246618,2;0,01440415
246634,8;0,01440415
246651,4;0,01440426
246667,9;0,01440439
246684,8;0,01440501
246701,1;0,01440541
246717,7;0,01440582
246734,7;0,01440619
246750,8;0,0144065
246767,3;0,01440692
246784,3;0,01440697
246800,8;0,01440741
246817,9;0,01440726
246834,1;0,01440689
246850,2;0,01440689
246866,8;0,01440671
246883,7;0,01440689
246900,2;0,0144071
246916,7;0,01440733
246933,2;0,01440762
246949,6;0,01440772
246966,4;0,01440772
246982,7;0,01440844
246999,4;0,01440891
247015,8;0,01440911
247032,5;0,01440909
247049,1;0,01440875
247065,5;0,01440829
247082,6;0,01440669
247098,7;0,0144043
247115,3;0,01440342
247131,8;0,01440137
247148,6;0,01440069
247165;0,01439917
247181,8;0,01439615
247198,3;0,01439134
247214,8;0,01438837
247231,5;0,01438636
247247,8;0,01438289
247264,8;0,01431656
247264,8;0,01430093
247284,8;0,01429523
247302;0,01428904
247317,9;0,01428648
247334,8;0,01428347
247351;0,01427992
247367,6;0,01427664
247384,5;0,01427143
247400,7;0,01426848
247417,3;0,01426562
247433,9;0,01426182
247450,4;0,01425716
247467;0,01425716
247483,9;0,01425478
247500,1;0,01425478
247516,7;0,01425194
247533,3;0,0142405
247550,2;0,01423463
247566,4;0,01423158
247583,2;0,01422762
247599,5;0,01422074
247616,3;0,01422079
247632,9;0,01421533
247650;0,01420935
247665,8;0,01420352
247682,4;0,014202
247698,9;0,01419413
247716;0,01419083
247732,1;0,01418432
247748,6;0,01417919
247765,2;0,01417449
247782,1;0,0141672
247798,4;0,01416338
247814,9;0,0141589
247831,5;0,01415282
247848;0,01415282
247864,6;0,01413747
247881,2;0,01413591
247897,8;0,0141287
247914,4;0,01412602
247930,9;0,01412336
247947,5;0,01411032
247964;0,01410248
247980,8;0,01409819
247997,1;0,01409819
248013,9;0,01408245
248030,5;0,01408144
248046,8;0,01408033
248063,4;0,01406348
248080,9;0,01405613
248096,6;0,014052
248113,2;0,01404749
248129,7;0,01404247
248146,2;0,01404247
248162,8;0,01403693
248179,4;0,0140248
248196,5;0,0140248
248212,5;0,01401455
248229,1;0,01399781
248245,8;0,01398796
248262,2;0,01397861
248278,8;0,01397331
248295,3;0,01396596
248312,3;0,01395847
248328,5;0,01395053
248345,2;0,01394504
248361,7;0,01393559
248378,4;0,01393115
248394,7;0,01392319
248411,4;0,01391203
248427,9;0,01391203
248444,4;0,01390512
248461,7;0,0138916
248478;0,0138859
248494,4;0,0138737
248510,9;0,0138694
248527,3;0,01386267
248543,8;0,01385978
248560,4;0,01385354
248577;0,01384163
248593,5;0,01383208
248610,1;0,01382813
248626,7;0,01382009
248643,2;0,01381655
248659,8;0,01380946
248676,4;0,01380272
248692,9;0,01379942
248710,3;0,0137938
248726,1;0,01379083
248743,5;0,01378527
248759,2;0,01378527
248776,4;0,01378219
248792,6;0,01378219
248808,9;0,01377422
248825,5;0,01376601
248842;0,01376108
248858,6;0,01375688
248875,8;0,01375354
248891,9;0,01374849
248908,3;0,01374849
248924,9;0,01374513
248941,4;0,01373768
248958;0,01373325
248974,6;0,01373077
248991,5;0,01373053
249008;0,01372216
249024,6;0,01371876
249040,9;0,01371394
249057,7;0,01371158
249074;0,01370674
249090,5;0,01370407
249107,2;0,01370228
249124;0,01369506
249140,3;0,01369271
249156,8;0,01369018
249173,4;0,01368545
249189,9;0,01368056
249206,5;0,01367564
249227,5;0,01367229
249239,6;0,01367045
249256,2;0,01366605
249273,1;0,01366605
249290,2;0,01366084
249305,9;0,01365544
249322,6;0,01365004
249339,3;0,01364445
249355,8;0,0136417
249372,4;0,01363582
249388,7;0,01363231
249405,4;0,01363231
249421,9;0,01362903
249438,4;0,01362678
249455,5;0,01361616
249471,6;0,01360546
249488,1;0,01359765
249504,7;0,0135926
249521,5;0,0135861
249537,8;0,0135821
249554,8;0,01357394
249571;0,01356835
249587,9;0,01356138
249604,1;0,01355331
249620,7;0,01355331
249637,2;0,01354311
249654,1;0,01353538
249670,4;0,01353538
249686,9;0,01351701
249703,5;0,01351701
249720,1;0,01350749
249736,6;0,01349868
249753,2;0,01349063
249769,8;0,01348414
249786,8;0,01348414
249802,9;0,01347678
249819,5;0,01346245
249836;0,01345251
249852,6;0,01345059
249869,2;0,01343933
249885,8;0,0134323
249902,3;0,01342405
249918,9;0,01341648
249935,4;0,01341117
249952;0,01340097
249968,6;0,01339115
249985,1;0,01338531
250001,7;0,01337432
250019,1;0,01337432
250034,9;0,01337432
250051,4;0,01337432
250068;0,01336886
250084,5;0,01336386
250101,1;0,01335277
250117,7;0,01333458
250134,4;0,01331176
250151,5;0,01329929
250167,8;0,01329388
250184,3;0,01328833
250200,7;0,01328309
250217,6;0,01326755
250233,6;0,01326223
250250,2;0,01325202
250266,8;0,01324523
250283,3;0,01323596
250300,3;0,01323596
250316,5;0,01321692
250333,2;0,01320919
250349,7;0,01320133
250366,2;0,01319817
250383,2;0,01319237
250399,3;0,01317752
250416;0,01316639
250432,4;0,0131595
250449,3;0,01315518
250465,9;0,01315518
250482,6;0,01313416
250498,7;0,01312575
250515,3;0,01311663
250531,8;0,01311149
250548,4;0,0131006
250565;0,01309538
250581,6;0,01309329
250598,1;0,01307234
250614,7;0,01306762
250631,3;0,01305612
250648,4;0,01304906
250664,6;0,0130396
250680,9;0,0130396
250697,8;0,01303907
250714,1;0,01303341
250730,6;0,01301648
250748;0,01299529
250763,9;0,01298973
250780,4;0,01298973
250798;0,01296842
250813,5;0,01296789
250830,4;0,01295694
250847,4;0,01294642
250863,2;0,01293581
250879,8;0,01293087
250896,3;0,01292524
250913;0,01292331
250929,8;0,01290379
250946,5;0,01289654
250962,6;0,01288793
250979,3;0,01288793
250995,9;0,01287394
251012,3;0,0128666
251028,8;0,0128562
251045,5;0,01285139
251062;0,01285139
251078,8;0,01283576
251095,1;0,01282526
251111,7;0,01281535
251128,2;0,01281021
251144,8;0,0128004
251161,4;0,01279128
251177,9;0,01278552
251194,5;0,01277675
251211,4;0,01277175
251227,6;0,01276126
251244,2;0,01275606
251260,9;0,01274809
251277,3;0,01274166
251293,9;0,01273217
251310,8;0,01273217
251327,4;0,01272686
251343,6;0,01272395
251360,2;0,01272211
251378,8;0,01271098
251393,5;0,01269282
251409,9;0,01268642
251426,4;0,01267666
251443;0,01267281
251459,6;0,0126688
251476,1;0,0126659
251492,7;0,0126608
251509,8;0,01265321
251525,8;0,01264752
251542,5;0,01264462
251559;0,01264179
251575,5;0,01263577
251592,5;0,01263233
251608,7;0,01263233
251625,3;0,0126275
251641,9;0,01262375
251658,4;0,01262063
251675;0,01261745
251691,6;0,01261588
251708,1;0,0126138
251724,6;0,01261324
251741,3;0,01261073
251757,8;0,01260861
251774,3;0,01260747
251791,1;0,01260537
251807,5;0,012605
251824,2;0,01260373
251840,6;0,01260283
251857,2;0,01260209
251873,7;0,01260202
251890,3;0,01260178
251906,9;0,0126018
251923,4;0,01260184
251940,3;0,012602
251957;0,01260201
251973,1;0,01260225
251989,7;0,01260225
252006,3;0,01260311
252022,8;0,01260637
252039,6;0,01260978
252056;0,01260978
252072,5;0,01260978
252089,1;0,01261258
252105,7;0,01261834
252122,2;0,01261939
252138,8;0,01262235
252155,4;0,01262535
252171,9;0,01262695
252188,5;0,01262979
252205,1;0,01263026
252221,8;0,01263387
252238,2;0,01263728
252254,8;0,01264098
252272;0,01264513
252288,5;0,01264705
252305;0,01265111
252321;0,01265315
252338,4;0,01265315
252354,2;0,01265984
252370,8;0,01266461
252387,3;0,01266706
252404,2;0,01267179
252421;0,01267608
252437,3;0,01268
252454;0,01268248
252470,4;0,01268781
252487;0,01269045
252503,6;0,01269625
252520,1;0,0127022
252536,7;0,01270497
252553,3;0,01270497
252569,8;0,01271737
252586,4;0,01271737
252603,2;0,01272066
252619,5;0,01272066
252636,1;0,01272397
252652,8;0,01273126
252669,2;0,01274503
252685,8;0,01274949
252702,4;0,01275646
252719,2;0,01276005
252735,5;0,01276323
252752,7;0,01276744
252768,6;0,01277715
252785,2;0,01278399
252801,9;0,01278496
252818,3;0,01279478
252835,2;0,01279897
252851,5;0,01280472
252868;0,01281163
252884,6;0,01281561
252901,2;0,01282162
252917,8;0,01282618
252934,3;0,01283312
252950,9;0,0128364
252967,5;0,01284365
252984;0,01284853
253000,8;0,0128542
253017,9;0,01286105
253033,7;0,01286432
253050,3;0,0128679
253066,8;0,0128679
253083,5;0,0128801
253100;0,01288508
253116,6;0,01289223
253133,1;0,01289632
253149,8;0,01290231
253166,6;0,01290231
253183,2;0,01290935
253199,4;0,01291598
253215,9;0,01292279
253232,5;0,01292279
253249,2;0,01292644
253265,6;0,0129268
253282,2;0,01293185
253298,8;0,01294495
253315,6;0,01295222
253331,9;0,01296276
253348,5;0,01296998
253365;0,01297374
253382,1;0,01298092
253398,2;0,01298092
253414,7;0,0129851
253432;0,01299345
253447,9;0,01299541
253465;0,01300345
253481,3;0,0130132
253497,6;0,01301996
253514,1;0,0130204
253530,7;0,01302888
253547,3;0,01303371
253563,9;0,01303371
253580,4;0,01304062
253597;0,01305055
253613,5;0,01305507
253630,9;0,01306107
253646,9;0,01306107
253663,2;0,01306454
253679,9;0,01307812
253696,4;0,01308152
253712,9;0,01308872
253729,5;0,01308872
253746,1;0,01309544
253762,7;0,01310192
253779,8;0,01310934
253795,8;0,01311398
253812,5;0,01311603
253828,9;0,01312585
253845,5;0,01312932
253862,2;0,01312932
253878,7;0,01313273
253895,4;0,01313577
253911,8;0,01313577
253928,3;0,01313577
253945,2;0,01314439
253961,4;0,01315914
253978,1;0,01317217
253994,6;0,01317556
254011,3;0,01318197
254027,7;0,01318571
254045,3;0,01319214
254061,4;0,01319214
254078,2;0,01319981
254094,6;0,01320483
254110,5;0,01321116
254127,3;0,01321116
254143,7;0,01322075
254160,2;0,01322471
254176,8;0,01322988
254193,4;0,01322988
254210,5;0,0132395
254227,1;0,01324565
254243,2;0,01324993
254259,6;0,01325177
254276,2;0,01325493
254292,8;0,01326404
254309,3;0,01327016
254325,9;0,01327328
254342,6;0,01327915
254359;0,01328252
254375,9;0,01328515
254392,2;0,01328584
254408,8;0,01329256
254425,3;0,01329838
254441,9;0,01330361
254463,4;0,01330781
254475;0,01331078
254491,6;0,01331531
254508,1;0,01331784
254525;0,01331784
254541,3;0,01331806
254557,8;0,01331886
254574,4;0,01332944
254591;0,01333565
254607,5;0,01333775
254624,1;0,01333799
254640,7;0,01333966
254657,2;0,01334412
254674;0,01335186
254690,7;0,01335389
254707,1;0,01335777
254723,5;0,01336056
254740,1;0,01336174
254757;0,01336744
254773,6;0,01336921
254789,8;0,01337143
254806,9;0,01337283
254822,9;0,01337468
254839,5;0,01337823
254856;0,01338359
254872,7;0,0133859
254889,5;0,01338697
254905,7;0,01339011
254922,7;0,01339398
254938,9;0,01339572
254955,5;0,01339572
254972,1;0,01340201
254989,1;0,01340354
255005,1;0,01340645
255022,1;0,01340645
255039;0,01340786
255054,8;0,01341112
255071,6;0,01341488
255088,1;0,01341625
255104,5;0,01341652
255121,1;0,01342124
255137,7;0,01342228
255154,2;0,01342262
255170,8;0,01342371
255187,4;0,01342371
255203,9;0,01342707
255220,5;0,01343171
255237,3;0,0134326
255253,6;0,01343469
255270,6;0,01343615
255286,8;0,01343758
255303,3;0,01343758
255319,9;0,01344133
255336,5;0,01344133
255353;0,01344304
255369,6;0,01344466
255386,2;0,01344624
255402,7;0,01344697
255419,3;0,01344757
255435,9;0,01344888
255452,4;0,0134501
255469;0,01345081
255485,6;0,01345199
255502,1;0,01345199
255518,8;0,01345254
255535,3;0,01345432
255551,8;0,01345546
255568,4;0,0134564
255585;0,01345691
255601,5;0,01345774
255618,2;0,01345829
255634,8;0,01345923
255651,2;0,01345979
255667,8;0,01346053
255684,4;0,0134614
255700,9;0,01346161
255717,8;0,01346194
255734,1;0,01346282
255750,6;0,01346309
255767,2;0,01346329
255783,8;0,01346342
255800,3;0,01346342
255817,5;0,01346345
255833,6;0,01346342
255850;0,01346333
255866,6;0,0134632
255883,2;0,01346309
255899,9;0,01346268
255916,3;0,01346225
255932,9;0,01346178
255949,4;0,01346178
255966;0,01346106
255982,6;0,0134603
255999,1;0,01345794
256015,7;0,01345707
256032,3;0,01345707
256049,4;0,013454
256065,4;0,01345227
256082;0,013451
256098,5;0,01344992
256115,2;0,01344895
256131,7;0,01344841
256148,2;0,01344764
256165;0,01344725
256181,4;0,01344725
256197,9;0,01344648
256214,5;0,01344543
256231;0,01344536
256248,1;0,01344463
256264,3;0,01344452
256280,8;0,01344431
256297,3;0,0134442
256314,1;0,01344378
256330,5;0,01344353
256347;0,01344265
256363,6;0,01344194
256380,7;0,0134412
256396,8;0,01344108
256413,8;0,01343658
256430;0,01343658
256446,4;0,01343497
256463,5;0,01343497
256479,5;0,01343332
256496,1;0,01342885
256512,8;0,01342375
256529,3;0,0134186
256546;0,01341784
256562,4;0,01341369
256579;0,01341369
256595,5;0,01341056
256612,6;0,01340654
256628,7;0,01340399
256645,2;0,01340077
256661,8;0,01340077
256678,6;0,01339839
256694,9;0,01339391
256711,5;0,01339037
256728,1;0,0133876
256744,8;0,01338498
256761,4;0,01338277
256777,8;0,01338122
256794,3;0,01337957
256811;0,01337431
256827,8;0,01337084
256844;0,01336881
256860,7;0,01336663
256877,2;0,0133642
256893,7;0,0133642
256911,2;0,01335752
256926,9;0,01335752
256944,3;0,01335319
256960;0,01335187
256976,6;0,01334896
256993,1;0,01334782
257009,8;0,01334513
257026,3;0,01334381
257043,3;0,01334138
257059,4;0,01334018
257076;0,01334018
257092,5;0,01333898
257109,3;0,01333791
257126,1;0,01333615
257142,2;0,01333276
257158,9;0,0133299
257175,4;0,01332909
257192;0,01332842
257208,5;0,01332692
257225,1;0,01332549
257241,6;0,01332543
257258,2;0,01332342
257274,8;0,01332217
257291,8;0,01332148
257308,5;0,01332039
257324,5;0,01331974
257341;0,01331874
257357,6;0,0133178
257374,1;0,01331675
257391;0,01331604
257407,3;0,01331484
257424,2;0,01331369
257440,4;0,0133132
257457;0,01331249
257473,6;0,01331249
257490,1;0,01330989
257506,8;0,01330898
257523,5;0,01330876
257539,8;0,01330876
257556,4;0,01330862
257573;0,01330847
257589,6;0,01330856
257606,2;0,0133086
257623;0,01330869
257639,2;0,01330869
257656;0,01330898
257672,8;0,01330921
257689,3;0,01330964
257705,5;0,01330964
257722;0,01330985
257738,7;0,01330987
257755,2;0,0133101
257771,8;0,01331023
257788,8;0,01331021
257804,9;0,01331032
257821,5;0,01331023
257838;0,01331037
257855,5;0,0133103
257871,5;0,0133103
257887,8;0,01331052
257905,3;0,01331057
257920,9;0,01331066
257937,4;0,01331066
257954;0,0133112
257970,5;0,01331169
257987,1;0,01331238
258003,7;0,01331303
258020,3;0,01331354
258036,8;0,01331468
258053,4;0,01331546
258070,4;0,01331602
258086,5;0,01331667
258103,1;0,01331667
258120,4;0,01331701
258136,3;0,0133173
258152,8;0,01331723
258169,5;0,0133171
258185,9;0,0133171
258202,7;0,0133166
258219,1;0,0133164
258236,5;0,01331601
258252,2;0,01331511
258268,8;0,01331425
258285,3;0,01331345
258301,9;0,01331304
258318,5;0,01331286
258335;0,01331234
258351,7;0,01331121
258368,2;0,01331112
258384,7;0,01331073
258401,4;0,01331039
258417,9;0,01331062
258434,5;0,01331153
258451,4;0,01331558
258467,9;0,01331876
258484,1;0,01332068
258500,7;0,01332068
258517,9;0,01332384
258533,8;0,01332511
258550,4;0,01332842
258567,3;0,01333083
258583,5;0,01333083
258600,1;0,01333248
258617,2;0,01333611
258633,6;0,0133391
258649,8;0,01334058
258667,1;0,01334156
258683,5;0,01334661
258699,8;0,01334858
258716,1;0,01335124
258732,6;0,01335288
258749,9;0,01335614
258765,8;0,01335771
258782,3;0,01335771
258799;0,01336394
258815,8;0,01336583
258832,2;0,01336713
258848,6;0,01337031
258865,4;0,01337331
258881,8;0,01337476
258898,3;0,01337798
258915;0,0133801
258931,4;0,01338237
258948;0,01338518
258964,6;0,01338658
258981,1;0,01338658
258998,3;0,01338813
259014,3;0,01338851
259030,8;0,01338976
259047,4;0,01339144
259064;0,01339736
259080,5;0,01340266
259097,1;0,01340474
259113,6;0,01340746
259130,2;0,0134088
259147,2;0,01340919
259163,5;0,01341449
259179,9;0,01341625
259196,5;0,01341821
259213,1;0,01341979
259229,6;0,01342251
259246,3;0,01342391
259263,3;0,0134265
259279,6;0,01342941
259295,9;0,01343067
259312,5;0,01343067
259329,7;0,01343347
259345,6;0,01343764
259362,9;0,01343909
259378,8;0,01344071
259395,3;0,01344154
259411,9;0,01344558
259428,5;0,01345036
259445,1;0,01345036
259461,6;0,01345372
259478,1;0,01345777
259494,8;0,01346116
259511,3;0,01346272
259527,8;0,01346272
259544,8;0,0134668
259561,2;0,01346931
259577,5;0,01346931
259594,4;0,01347171
259610,8;0,01347493
259627,2;0,013476
259644;0,013476
259660,4;0,013476
259676,9;0,01347703
259694,1;0,0134782
259710;0,01348162
259726,6;0,01348468
259743,2;0,01348468
259760,1;0,01348468
259776,5;0,01348884
259792,9;0,01349064
259809,5;0,01349212
259826;0,01349212
259842,6;0,01349622
259859,3;0,01349622
259876,2;0,01349909
259892,5;0,01349995
259909;0,01350175
259925,4;0,01350261
259942;0,01350361
259958,6;0,01350438
259975,5;0,01350722
259991,9;0,01350806
260008,3;0,01350965
260025,2;0,01350965
260041,4;0,01351126
260058,7;0,01351315
260075;0,01351388
260091,1;0,01351458
260107,7;0,0135148
260124,2;0,01351753
260140,8;0,01351819
260157,3;0,01351946
260174,2;0,01352019
260191,1;0,01352135
260207,3;0,01352244
260223,6;0,01352244
260240,3;0,01352296
260257;0,01352446
260273,5;0,01352446
260289,9;0,01352498
260307,2;0,01352498
260323,1;0,01352498
260339,9;0,0135265
260356,8;0,01352954
260372,7;0,01353043
260389,3;0,01353249
260405,9;0,01353308
260423,3;0,01353376
260439,1;0,01353421
260455,6;0,01353587
260472,1;0,01353639
260488,7;0,01353748
260505,3;0,01353802
260522;0,01353913
260538,4;0,01353961
260555;0,01354072
260571,5;0,01354133
260588,1;0,01354163
260604,7;0,01354331
260621,2;0,01354408
260637,8;0,01354442
260654,6;0,01354483
260671,8;0,01354544
260688,2;0,01354544
260708,4;0,01354572
260720,6;0,01354733
260737,2;0,01354763
260753,8;0,01354763
260770,3;0,01354842
260787,5;0,01354879
260803,5;0,01354886
260820;0,01354927
260836,9;0,01354952
260853,2;0,01354961
260870;0,01354979
260886,5;0,01354999
260902,9;0,01355022
260919,4;0,01355022
260936,2;0,0135504
260952,5;0,0135504
260969,1;0,01355042
260985,7;0,01355065
261002,3;0,01355035
261019,4;0,01355031
261035,4;0,01355024
261052,2;0,01355008
261068,5;0,01354992
261085,1;0,01354992
261101,7;0,01354921
261118,2;0,01354917
261135,1;0,01354878
261151,4;0,01354873
261167,9;0,01354837
261184,7;0,01354766
261201,1;0,01354766
261217,7;0,01354688
261234,2;0,01354586
261250,8;0,01354517
261267,8;0,01354446
261283,9;0,01354405
261301,2;0,01354284
261317,3;0,01354227
261333,6;0,01354188
261350,6;0,0135409
261366,7;0,01354019
261383,3;0,01353942
261400,3;0,01353777
261416,4;0,01353709
261433;0,01353549
261449,9;0,01353476
261466,1;0,01353282
261483,3;0,01353117
261499,3;0,01353092
261515,8;0,01352889
261532,6;0,01352713
261549,2;0,01352535
261566,1;0,01352459
261582,1;0,01352402
261598,7;0,01352402
261615,2;0,01352012
261631,8;0,01351565
261648,3;0,01351321
261664,9;0,01351321
261681,5;0,01351043
261698,1;0,01350818
261714,6;0,01350537
261731,3;0,01350435
261747,9;0,01350173
261764,4;0,0134998
261781;0,01349925
261797,6;0,01349875
261814,5;0,01349409
261831,3;0,01349177
261847,3;0,01349066
261863,8;0,01349066
261880,4;0,01348648
261896,9;0,01348511
261913,5;0,01348425
261930,1;0,01348248
261946,7;0,01348248
261963,5;0,01348004
261979,8;0,01347827
261996,8;0,01347743
262013,1;0,01347638
262030,1;0,01347601
262046,3;0,01347565
262062,6;0,01347565
262079,4;0,01347563
262095,8;0,01347586
262112,6;0,01347625
262128,9;0,0134768
262145,4;0,01347717
262162;0,01347825
262178,8;0,01347881
262195,2;0,01347927
262211,7;0,01347927
262228,3;0,01347927
262244,9;0,01348091
262261,4;0,01348352
262278;0,01348509
262294,9;0,01348509
262311,1;0,01348678
262327,7;0,01348678
262345,1;0,01349055
262360,8;0,01349183
262377,4;0,01349363
262394;0,01349486
262410,5;0,0134965
262427,3;0,01349849
262443,9;0,01349849
262460,3;0,0135003
262476,8;0,01350206
262493,3;0,01350365
262510,2;0,01350513
262526,5;0,01350513
262543,1;0,01350973
262559,6;0,01351084
262576,2;0,01351191
262592,8;0,01351191
262609,4;0,01351638
262625,9;0,0135165
262642,6;0,01351989
262659;0,01352091
262675,6;0,01352091
262692,1;0,01352478
262708,7;0,01352692
262725,4;0,01352806
262741,8;0,01352832
262758,4;0,0135328
262775;0,0135345
262791,6;0,01353726
262808,2;0,01353916
262824,7;0,0135401
262841,3;0,01354167
262857,8;0,01354167
262875,1;0,01354319
262891,3;0,01354744
262908,2;0,01355177
262924,1;0,01355522
262940,7;0,01355818
262957,2;0,01355984
262973,8;0,01355984
262990,3;0,01356623
263006,9;0,01356665
263023,5;0,01356665
263040;0,01356847
263056,6;0,01357575
263073,2;0,01357933
263090,2;0,01358309
263106,7;0,01358574
263122,9;0,01358724
263139,5;0,01359092
263156;0,01359573
263172,6;0,0135999
263189,2;0,01360212
263205,7;0,01360212
263222,6;0,01360726
263238,9;0,0136088
263255,4;0,01361092
263272,1;0,01362008
263288,6;0,01362448
263305,1;0,01362771
263321,7;0,0136323
263338,6;0,0136323
263354,8;0,01363932
263371,5;0,01364242
263388;0,01364739
263404,5;0,01364739
263421,9;0,01365312
263437,7;0,01365773
263454,3;0,01366056
263470,8;0,01366309
263487,4;0,01366623
263503,9;0,01366623
263520,7;0,0136692
263537,1;0,01367725
263553,6;0,01368195
263570,2;0,01369166
263586,8;0,01369852
263603,7;0,01370439
263619,9;0,01370952
263636,4;0,01371387
263653,3;0,01371684
263669,6;0,01372335
263686,2;0,01372901
263702,7;0,0137303
263719,3;0,01373392
263735,9;0,01374473
263752,6;0,01374972
263769;0,01375469
263785,6;0,01376185
263802,4;0,01376516
263818,7;0,01376549
263835,4;0,01377916
263851,8;0,01377916
263869,1;0,01378938
263885,4;0,01379308
263901,5;0,01379941
263918,4;0,01380434
263934,7;0,01380607
263951,8;0,01380607
263967,8;0,01381263
263984,5;0,01382418
264001,9;0,01382772
264017,5;0,01383258
264034,1;0,01383486
264051,5;0,01383724
264067,3;0,01383724
264083,8;0,01384356
264100,3;0,01384784
264116,9;0,01384885
264133,5;0,01384901
264150;0,01384901
264166,6;0,01385072
264183,3;0,01385409
264199,7;0,01385649
264216,3;0,0138583
264232,8;0,01385936
264249,6;0,01385926
264266;0,01385926
264282,7;0,01385757
264299,1;0,01385669
264315,7;0,01385669
264332,3;0,01385394
264348,8;0,01385068
264365,4;0,01384923
264382,7;0,01384774
264398,5;0,01384639
264415,4;0,0138412
264431,6;0,0138377
264448,6;0,01383588
264464,8;0,01383418
264481,3;0,01383356
264497,9;0,01382706
264514,5;0,01382408
264531,7;0,01381959
264547,6;0,01381617
264564,2;0,01381268
264581,3;0,01380829
264597,3;0,01380829
264613,9;0,0138031
264631;0,0137993
264647,4;0,0137993
264663,6;0,01379201
264680,2;0,01378716
264697;0,01378474
264713,3;0,01377975
264730,1;0,01377975
264746,7;0,01377451
264763,1;0,01377451
264779,9;0,01377151
264796,2;0,01377151
264812,7;0,01376873
264829,5;0,01376063
264848,5;0,0137498
264862,4;0,01373985
264879,6;0,01373792
264895,5;0,01372992
264912,1;0,01372342
264928,7;0,01371952
264945,2;0,01371443
264961,8;0,01370964
264978,4;0,01370964
264995;0,01369523
265011,5;0,01369476
265028;0,01368431
265044,6;0,0136802
265061,8;0,01367266
265077,8;0,01366863
265094,3;0,01366369
265111,1;0,0136569
265127,4;0,01364869
265144;0,01364452
265160,6;0,01364011
265177,2;0,01363855
265193,9;0,01362664
265210,3;0,01361662
265226,9;0,01361171
265244,1;0,01360415
265260,8;0,01360054
265276,6;0,01359274
265293,1;0,0135859
265309,9;0,01358175
265326,3;0,01357815
265342,8;0,01357138
265359,4;0,01356351
265375,9;0,01356004
265392,5;0,01356004
265409,1;0,0135563
265425,9;0,0135563
265442,2;0,01355105
265458,8;0,01354206
265475,5;0,01352752
265492,2;0,01352048
265508,5;0,01351727
265525,1;0,01350981
265541,6;0,01350234
265558,2;0,01350234
265575;0,01349359
265591,5;0,01348764
265607,9;0,01348022
265624,5;0,01347387
265641,1;0,01347238
265657,9;0,01346114
265674,7;0,01345671
265691;0,01345072
265707,3;0,01344531
265723,9;0,01343775
265741,3;0,01343382
265757;0,01342629
265773,6;0,0134185
265790,1;0,01341488
265806,7;0,01341418
265823,3;0,01340405
265840,1;0,01339621
265856,4;0,01339621
265874,8;0,01339448
265889,6;0,01338091
265906,1;0,01337345
265922,8;0,01336763
265939,2;0,01336184
265956;0,01335825
265972,3;0,01335076
265989,3;0,01335076
266005,5;0,01334738
266022,2;0,01333568
266038,6;0,01333568
266055,2;0,01333176
266071,8;0,01333139
266088,9;0,01331994
266104,9;0,01330801
266121,7;0,01329582
266138,1;0,01329015
266154,6;0,01328454
266171,2;0,01327709
266187,7;0,01327351
266204,7;0,01326921
266221;0,01326269
266237,4;0,01325657
266254;0,01325357
266270,6;0,01325357
266288;0,01324246
266303,7;0,01323965
266320,3;0,0132343
266336,8;0,01323229
266353,4;0,01322761
266370,3;0,01322413
266386,5;0,01322102
266403,1;0,01321865
266419,7;0,01321865
266436,8;0,01321
266452,9;0,0132088
266470;0,01320433
266485,9;0,01319908
266502,8;0,01319908
266519,1;0,0131967
266535,6;0,01318982
266552,4;0,01318649
266568,8;0,01318254
266585,3;0,0131772
266601,9;0,0131762
266618,4;0,01316983
266635,7;0,01316915
266652,1;0,01316383
266668,2;0,0131586
266684,8;0,01315834
266701,6;0,01315834
266717,9;0,01315571
266734,4;0,01314446
266751;0,01313618
266767,6;0,01313235
266784,1;0,01313077
266800,7;0,01312536
266817,3;0,01311975
266834,6;0,01311446
266850,4;0,01310914
266866,9;0,0131091
266888,1;0,01310655
266900,1;0,01309801
266916,7;0,01309548
266933,2;0,01308962
266950,1;0,01308573
266966,4;0,0130817
266982,9;0,01307931
266999,6;0,01307931
267016,1;0,01306815
267032,6;0,01306304
267049,2;0,01305949
267065,8;0,01305949
267082,8;0,01305477
267099,6;0,01304522
267116;0,01304261
267132,2;0,01304261
267148,6;0,01303399
267165,2;0,01302965
267181,8;0,0130258
267198,6;0,01302012
267214,8;0,01301406
267231,4;0,01301044
267248;0,01300737
267264,6;0,01300038
267281,1;0,0129972
267297,7;0,0129972
267314,3;0,01299362
267330,9;0,01299017
267347,4;0,01299017
267363,9;0,01298257
267380,6;0,0129677
267397,1;0,01295199
267413,8;0,01295199
267430,2;0,012948
267446,8;0,012948
267463,3;0,012948
267479,9;0,01294332
267496,5;0,01292722
267513,1;0,01291189
267529,6;0,0129068
267546,2;0,01289918
267563,1;0,01289673
267579,3;0,01288825
267595,9;0,01288825
267612,5;0,01288103
267629;0,01287256
267645,6;0,01286627
267662,1;0,01286277
267678,8;0,01286277
267695,7;0,01285173
267711,8;0,01284405
267728,9;0,01283931
267745;0,01283293
267761,6;0,01282567
267778,1;0,01282177
267794,7;0,01281456
267811,3;0,01280737
267827,8;0,01280737
267844,4;0,01280331
267861,1;0,0127922
267877,5;0,01278808
267894,1;0,01278229
267912,4;0,01277655
267929;0,01277164
267945,5;0,01276515
267962,1;0,01276515
267978,7;0,01276173
267995,4;0,01275879
268011,8;0,01274907
268028,3;0,01274066
268045;0,01273678
268061,5;0,01273241
268078,7;0,01273241
268094,6;0,01272592
268111,3;0,01272115
268127,8;0,01271683
268144,3;0,01271452
268161;0,0127146
268177,8;0,01270746
268194;0,01270276
268210,6;0,01269897
268227,4;0,01269897
268244;0,01269507
268260,6;0,01269507
268276,8;0,0126883
268293,4;0,01268441
268310;0,01268441
268326,6;0,01268118
268343,1;0,01267791
268359,7;0,01267791
268376,7;0,01267237
268392,8;0,01267098
268409,5;0,01266865
268426,4;0,01266761
268442,5;0,0126654
268459,1;0,01266454
268475,7;0,01266295
268492,3;0,01266223
268508,8;0,01266111
268525,4;0,01266066
268541,9;0,01266035
268558,5;0,01266033
268575,1;0,01266035
268591,6;0,01266051
268608,2;0,01266082
268624,8;0,01266082
268641,4;0,01266218
268657,9;0,01266526
268674,5;0,01266788
268691;0,01266949
268707,6;0,01266949
268724,2;0,01267266
268740,7;0,01267631
268757,3;0,01267834
268773,9;0,01268159
268790,4;0,01268159
268807;0,01268422
268823,8;0,01268929
268840,1;0,01269275
268856,7;0,01269463
268873,9;0,01269463
268889,8;0,0127025
268906,4;0,01270333
268923;0,01270708
268940,9;0,01271109
268957,5;0,01271758
268974,1;0,0127211
268990,6;0,01272589
269007,2;0,0127314
269023,8;0,01273437
269040,3;0,01273437
269056,9;0,01274423
269073,5;0,01274682
269090,5;0,01275307
269106,6;0,01275602
269123,2;0,01275841
269140,1;0,01276934
269156,3;0,01277564
269172,9;0,01277734
269190,2;0,01278627
269206;0,01279021
269222,6;0,0127973
269239,1;0,01279736
269255,7;0,01280086
269272,4;0,01280086
269288,8;0,01280918
269305,7;0,01281953
269322;0,01283129
269338,5;0,01283956
269355,1;0,01284343
269372,1;0,01285147
269388,3;0,01285603
269404,8;0,01285993
269421,3;0,01286071
269437,9;0,01287613
269454,7;0,01288215
269471,1;0,01288871
269487,8;0,01288871
269504,2;0,01289666
269520,8;0,01290894
269537,3;0,0129134
269553,9;0,01292037
269570,6;0,01292466
269587,1;0,01292802
269603,6;0,01292976
269620,3;0,0129404
269636,8;0,01294978
269653,5;0,01295464
269669,9;0,01295464
269686,9;0,01296142
269703;0,01297203
269719,6;0,01297629
269736,2;0,01298321
269752,7;0,01298321
269769,3;0,01299354
269785,8;0,01299745
269802,5;0,01299841
269819,9;0,01301041
269835,5;0,01301406
269852,1;0,01302008
269868,7;0,01302358
269885,3;0,01302358
269901,9;0,01302358
269918,4;0,01302533
269934,9;0,01303837
269956,7;0,01304461
269973,3;0,01305407
269989,8;0,0130573
270006,4;0,01306291
270022,9;0,01306291
270039,5;0,01307155
270056,1;0,01307739
270073,2;0,01308334
270089,2;0,01308627
270105,8;0,01308627
270122,4;0,01309615
270139,1;0,01309753
270155,5;0,01310303
270172,1;0,01310875
270188,6;0,01311177
270205,2;0,01311661
270222,7;0,01311906
270238,3;0,01311906
270254,9;0,01312746
270271,5;0,0131296
270288,3;0,01313299
270304,7;0,01313695
270321,2;0,01313972
270338;0,01314736
270354,3;0,01315134
270370,9;0,01315542
270387,4;0,01315908
270404,2;0,01316227
270421,1;0,01316619
270437,2;0,01317073
270453,7;0,01317313
270470,4;0,01317827
270487;0,01318176
270503,7;0,01318575
270520,6;0,01318575
270536,5;0,01318575
270553,1;0,0131879
270569,7;0,01319278
270586,3;0,01319988
270603,4;0,01320235
270620,3;0,01320235
270635,9;0,01320648
270652,5;0,01320907
270669,1;0,01321032
270685,7;0,01321249
270702,2;0,01321249
270718,8;0,01321253
270735,8;0,01321707
270751,9;0,01321821
270768,5;0,01321991
270785;0,01321991
270802,3;0,0132206
270818,2;0,01322305
270834,8;0,01322441
270851,3;0,01322561
270867,8;0,01322624
270884,4;0,01322686
270901;0,0132273
270917,6;0,01322743
270934,2;0,01322948
270951,1;0,01323061
270967,3;0,013231
270983,8;0,01323115
271000,6;0,01323226
271017,1;0,0132333
271033,6;0,01323435
271050,1;0,01323509
271067,1;0,01323636
271083,2;0,01323684
271099,8;0,01323767
271116,4;0,0132382
271132,9;0,01323892
271149,5;0,01323923
271166,1;0,0132394
271182,6;0,0132394
271199,2;0,01323967
271215,8;0,01324022
271232,4;0,01324052
271248,9;0,01324154
271265,7;0,01324205
271282,4;0,01324258
271298,7;0,01324273
271315,2;0,01324273
271331,7;0,0132432
271348,3;0,01324335
271365,2;0,01324353
271381,4;0,01324353
271398;0,01324377
271414,6;0,01324509
271431,1;0,0132456
271447,8;0,01324598
271464,5;0,01324643
271480,8;0,01324685
271497,4;0,01324703
271514;0,01324747
271530,6;0,01324758
271547,1;0,01324814
271563,8;0,01324814
271580,2;0,01324865
271596,8;0,01324921
271613,4;0,01324989
271629,9;0,01325058
271646,6;0,01325127
271663,1;0,01325183
271679,6;0,01325323
271696,4;0,01325323
271713;0,01325561
271729,3;0,01325601
271746,2;0,01325754
271762,4;0,01325906
271779;0,01326003
271795,6;0,01326048
271812,2;0,01326121
271828,8;0,01326121
271845,5;0,01326157
271862,3;0,01326254
271878,4;0,01326486
271895;0,01326665
271911,6;0,01326771
271928,6;0,01326771
271945,1;0,01326833
271962;0,01327029
271977,8;0,01327073
271995,4;0,01327156
272011,5;0,01327227
272027,5;0,01327326
272044,1;0,01327379
272060,8;0,01327478
272077,3;0,01327535
272093,8;0,01327638
272110,5;0,01327691
272126,9;0,01327691
272143,5;0,01327786
272160,1;0,0132792
272177,3;0,01328083
272193,2;0,01328083
272210,1;0,01328217
272226,4;0,01328369
272242,9;0,0132852
272259,5;0,01328593
272276;0,0132869
272292,8;0,01328877
272309,2;0,01329062
272325,8;0,01329062
272342,3;0,01329346
272359,1;0,01329531
272375,4;0,01329621
272392;0,01329802
272408,6;0,01329983
272425,1;0,01329983
272441,7;0,01330077
272458,3;0,01330086
272474,8;0,01330086
272491,4;0,01330422
272508,1;0,01330723
272525,1;0,0133081
272541,1;0,01330902
272557,7;0,01331007
272574,2;0,01331325
272591;0,01331543
272607,4;0,01331658
272623,9;0,01331764
272640,5;0,01331853
272657,1;0,01332102
272673,6;0,01332341
272690,3;0,01332571
272706,8;0,01332717
272723,3;0,01332935
272739,9;0,01333165
272756,5;0,01333172
272773,1;0,0133353
272789,6;0,01333654
272806,2;0,01333854
272822,8;0,01334084
272839,7;0,01334279
272856,7;0,01334425
272872,4;0,01334665
272889;0,01334924
272905,8;0,01334976
272922,3;0,01335111
272939,3;0,01335516
272955,3;0,01335647
272971,8;0,01335716
272988,8;0,01336175
273005;0,01336334
273021,6;0,01336434
273038,9;0,01336486
273055,8;0,01336936
273072,2;0,01336936
273088,7;0,01337061
273105,2;0,01337066
273121,8;0,01337252
273138,3;0,01337775
273155,4;0,01338136
273171,4;0,01338392
273188;0,01338568
273204,6;0,01338788
273221,2;0,01339029
273237,7;0,01339187
273254,3;0,01339376
273271,3;0,01339484
273287,4;0,01339691
273304;0,01339893
273320,8;0,01339995
273337,1;0,01340109
273354,3;0,01340265
273370,3;0,01340413
273387;0,01340506
273403,9;0,0134058
273419,9;0,01340666
273436,6;0,01340799
273453,1;0,01340883
273469,6;0,01340957
273486,4;0,01341154
273502,8;0,01341292
273519,3;0,01341292
273536;0,01341528
273552,8;0,01341616
273569,3;0,01341616
273585,6;0,01341659
273602,2;0,01342016
273618,8;0,01342049
273635,3;0,01342189
273651,9;0,01342313
273668,5;0,01342415
273685;0,01342411
273701,6;0,01342497
273718,1;0,01342497
273734,7;0,01342551
273751,4;0,01342553
273767,8;0,01342677
273784,7;0,01342756
273801;0,01342783
273817,5;0,01342808
273834,3;0,01342842
273850,7;0,0134288
273867,5;0,01342895
273883,9;0,013429
273900,4;0,01342904
273916,9;0,01342895
273933,7;0,01342877
273950,1;0,01342858
273966,7;0,0134282
273983,5;0,01342789
274000,4;0,01342714
274016,3;0,01342661
274036,3;0,01342562
274049,5;0,01342496
274066,1;0,01342496
274082,6;0,01342297
274099,2;0,0134213
274115,8;0,01342038
274132,4;0,0134184
274148,9;0,0134184
274165,5;0,01341368
274182,4;0,01341368
274198,6;0,01341368
274215,6;0,01340794
274231,7;0,0134063
274248,3;0,01340276
274264,8;0,01340276
274282;0,01339815
274298;0,01339284
274315,3;0,01339085
274331,1;0,01338668
274347,7;0,01338668
274364,3;0,01338449
274380,8;0,01338428
274397,4;0,01338428
274414;0,01337504
274430,5;0,0133675
274447,1;0,01336147
274463,7;0,01335693
274481;0,01335111
274496,8;0,01335111
274513,3;0,01334512
274530,5;0,01333915
274546,5;0,01333296
274563,3;0,01332654
274579,6;0,01332301
274596,2;0,01332
274612,9;0,0133135
274629,5;0,01330693
274645,9;0,01330346
274662,4;0,01329977
274679;0,01329945
274696;0,01328631
274712,1;0,0132808
274729;0,01327455
274745,3;0,01327455
274762,6;0,01326961
274778,5;0,01325612
274795;0,01325221
274811,6;0,0132479
274828,6;0,01323968
274844,9;0,01323643
274861,3;0,01323208
274877,8;0,01322007
274895,1;0,01321136
274910,9;0,01320745
274927,5;0,0132022
274944,7;0,01319525
274960,6;0,01318657
274977,2;0,01318209
274994,3;0,01317777
275010,3;0,01317777
275026,9;0,01317777
275043,5;0,01316921
275060;0,01316061
275076,7;0,0131376
275093,2;0,01313362
275109,8;0,01312898
275126,3;0,01312413
275142,9;0,01311023
275159,5;0,01310531
275176;0,01310531
275192,6;0,01309157
275209,3;0,013082
275225,7;0,01307299
275242,6;0,01306832
275258,9;0,01306832
275275,4;0,01305304
275292,6;0,01305106
275308,5;0,0130428
275325,3;0,01303895
275341,7;0,01303067
275358,3;0,01302275
275374,8;0,01301912
275391,8;0,01301813
275407,9;0,01300475
275424,5;0,01299965
275441,1;0,01299177
275457,7;0,01298774
275474,2;0,01298018
275491;0,01297258
275507,5;0,01296878
275524,2;0,0129648
275540,8;0,0129648
275557;0,01294999
275573,6;0,01294663
275590,5;0,01293968
275606,8;0,01293579
275623,3;0,01293246
275640;0,01293156
275656,4;0,01292925
275673;0,01292892
275689,6;0,01292266
275706,3;0,01290801
275722,7;0,01289875
275739,4;0,01289261
275755,9;0,01288954
275772,6;0,01288366
275789;0,01288036
275805,5;0,01287823
275822,2;0,01287557
275838,7;0,01286832
275855,3;0,01286832
275871,8;0,0128633
275888,4;0,01285835
275905,4;0,01285595
275921,5;0,012852
275938,1;0,012852
275954,8;0,01284835
275971,7;0,01284572
275987,8;0,012843
276004,4;0,01284048
276020,9;0,01283925
276038,1;0,01283829
276054;0,01283626
276070,8;0,01283463
276087,2;0,01283383
276103,7;0,01283317
276120,3;0,01283298
276136,9;0,01283143
276153,4;0,01283103
276170;0,01283103
276186,9;0,01283103
276203,3;0,01283141
276219,7;0,01283173
276236,3;0,01283212
276252,8;0,01283305
276269,4;0,01283363
276286;0,01283369
276302,6;0,01283369
276319,1;0,01283506
276335,7;0,0128384
276352,5;0,01284046
276368,8;0,01284329
276385,4;0,01284573
276401,9;0,01284599
276418,9;0,01284883
276435,1;0,01285206
276451,6;0,01285374
276468,4;0,01285719
276485;0,01285908
276501,3;0,01285938
276517,9;0,01286691
276534,5;0,01287
276551,1;0,01287102
276567,6;0,01287593
276584,2;0,01288056
276600,8;0,01288312
276617,3;0,01288312
276633,9;0,01289038
276650,4;0,01289587
276667;0,01290132
276683,6;0,01290426
276700,1;0,01290426
276716,7;0,01291641
276733,3;0,01291641
276749,8;0,0129239
276766,4;0,01292867
276783,1;0,0129337
276799,5;0,01293825
276816,5;0,0129415
276832,7;0,01294795
276849,3;0,01295445
276865,8;0,0129576
276883,2;0,01296457
276899;0,01296808
276915,5;0,01297157
276932,1;0,01297481
276948,6;0,01297481
276965,2;0,01297481
276982,4;0,0129903
276998,3;0,01300147
277014,9;0,01300805
277031,6;0,01301315
277048,1;0,01301711
277064,6;0,01302253
277081,7;0,01303151
277097,8;0,01303503
277114,3;0,01303883
277130,9;0,01303883
277147,6;0,01305394
277164;0,01305394
277180,6;0,01306315
277197,5;0,01306852
277213,7;0,0130761
277230,3;0,01308146
277246,8;0,01308703
277263,4;0,0130904
277280;0,0130904
277296,5;0,01310195
277313,1;0,013108
277329,7;0,01311478
277346,3;0,01311478
277362,8;0,01311794
277379,6;0,01312945
277395,9;0,01313513
277412,5;0,01314172
277429,1;0,01314172
277445,7;0,01314851
277462,4;0,01315526
277478,8;0,01316167
277495,7;0,01316167
277512;0,0131677
277528,5;0,01317463
277545;0,01318086
277561,6;0,01318086
277578,2;0,01318412
277594,7;0,01318696
277611,3;0,01319337
277628,1;0,01320532
277644,4;0,01320837
277661;0,01321458
277678,2;0,01322093
277694,2;0,01322126
277710,7;0,01322781
277727,3;0,0132332
277743,8;0,01323874
277760,4;0,01324197
277777;0,01324508
277793,7;0,01325061
277810,1;0,01325061
277826,7;0,01326158
277843,8;0,01326441
277859,8;0,01326838
277876,6;0,01327255
277892,9;0,01327793
277909,5;0,01328073
277926,7;0,01328642
277942,6;0,01328927
277959,4;0,01328927
277975,8;0,01329684
277992,7;0,01329684
278008,9;0,01330202
278025,5;0,01330953
278042,1;0,01331467
278058,6;0,01331704
278077,5;0,01331948
278094,1;0,01332281
278111,2;0,01332918
278127,2;0,01332918
278143,9;0,01333403
278160,8;0,01334085
278177,2;0,01334334
278193,5;0,01334334
278210,1;0,01334546
278226,7;0,01334568
278243,2;0,01334784
278260,5;0,01335893
278276,3;0,01336578
278292,9;0,01336578
278309,6;0,01337092
278326,1;0,01337505
278342,6;0,01337914
278359,2;0,01338112
278375,7;0,01338315
278392,4;0,01338315
278408,9;0,01338949
278425,6;0,01339515
278442;0,01339705
278458,6;0,01339705
278475,1;0,01340181
278491,7;0,01340722
278508,5;0,0134092
278524,8;0,01341143
278541,7;0,01341182
278558;0,01341887
278574,6;0,01342269
278591,1;0,01342469
278607,7;0,01342831
278624,3;0,01343
278640,8;0,01343387
278657,4;0,01343604
278674,5;0,01343926
278690,7;0,01344105
278707,2;0,01344488
278723,6;0,01344738
278740,2;0,01345087
278756,9;0,01345225
278773,3;0,01345597
278790,9;0,01345944
278806,8;0,01346113
278823,1;0,01346546
278839,6;0,01346546
278856,2;0,0134672
278872,8;0,01346907
278889,6;0,01347266
278905,9;0,01347424
278922,5;0,01347604
278939;0,01348181
278955,6;0,01348718
278972,1;0,01349059
278988,7;0,01349224
279005,8;0,01349593
279022,2;0,0134995
279038,4;0,01350091
279055,3;0,01350399
279071,5;0,01350488
279092,7;0,01350835
279109,3;0,01351171
279125,8;0,01351536
279142,4;0,01351536
279159;0,01351865
279175,5;0,01352351
279192,6;0,01352637
279208,7;0,01352884
279225,3;0,01353174
279241,8;0,01353385
279259,2;0,01353559
279275,3;0,01353905
279291,5;0,01354265
279308,1;0,01354476
279324,7;0,01354602
279341,4;0,01354772
279358;0,01355283
279374,3;0,0135552
279390,9;0,01355797
279407,8;0,01356128
279424;0,01356292
279440,7;0,01356618
279457,2;0,01356836
279473,8;0,01356949
279491,1;0,01357132
279507;0,01357132
279523,8;0,01357289
279540,2;0,01357866
279557,1;0,01358362
279573,3;0,01358675
279589,8;0,01358772
279606,3;0,01359129
279622,9;0,01359129
279639,4;0,0135964
279656;0,01359905
279673,3;0,01360094
279689,2;0,01360415
279705,7;0,01360415
279722,3;0,01360712
279738,8;0,01361155
279755,4;0,01361352
279771,9;0,01361486
279788,5;0,0136158
279805,1;0,01362072
279821,7;0,01362162
279838,2;0,01362507
279854,8;0,01362713
279871,3;0,01362933
279887,9;0,0136321
279904,5;0,01363336
279921,1;0,0136364
279937,6;0,01363778
279954,9;0,01363778
279970,8;0,01364145
279987,4;0,013645
280003,9;0,01364656
280020,5;0,01364799
280037;0,01364932
280053,6;0,01365375
280070,9;0,01365648
280087,2;0,01365765
280103,6;0,01365809
280119,8;0,01365953
280137;0,01365953
280153,3;0,01365953
280169,6;0,01366148
280186,3;0,01366781
280202,7;0,01367257
280219,3;0,01367662
280235,8;0,01367662
280252,4;0,01368126
280269,2;0,01368327
280285,5;0,01368558
280302,1;0,01368558
280318,7;0,01368813
280335,3;0,01368942
280352;0,01369278
280368,5;0,01369616
280385,1;0,01369616
280401,5;0,01369918
280418,3;0,01370166
280434,8;0,01370437
280451,8;0,01370582
280467,9;0,01370847
280484,3;0,01371011
280500,9;0,01371238
280518,2;0,01371372
280534,4;0,0137162
280550,6;0,0137186
280567,1;0,01371996
280583,8;0,01371996
280600,3;0,01372233
280616,8;0,0137259
280633,4;0,01372714
280650;0,01372829
280666,9;0,01373179
280683,1;0,0137328
280699,7;0,01373488
280716,3;0,01373601
280732,8;0,01373806
280749,5;0,01373806
280766,3;0,01373903
280782,5;0,01373903
280799,1;0,01374
280815,8;0,01374363
280832,3;0,01374758
280848,9;0,01374923
280865,3;0,01375025
280881,9;0,01375266
280898,5;0,0137542
280915;0,0137564
280931,6;0,01375853
280948,2;0,01375955
280965;0,01376098
280981,3;0,01376325
280997,9;0,01376493
281014,5;0,01376493
281031;0,01376702
281047,9;0,01376956
281064,2;0,01376956
281080,9;0,01377405
281097,3;0,01377525
281117,2;0,01377763
281131;0,01377853
281147;0,01378124
281163,7;0,01378124
281180,1;0,01378457
281196,7;0,01378566
281213,3;0,01378742
281230,3;0,01378939
281246,4;0,01379094
281262,9;0,01379094
281279,7;0,01379374
281296,1;0,01379548
281313,3;0,01379719
281329,2;0,01379833
281345,8;0,01379907
281362,7;0,01379994
281378,9;0,01380066
281395,7;0,01380161
281412,1;0,01380246
281428,8;0,01380246
281445,2;0,01380446
281461,8;0,01380728
281478,3;0,0138094
281495;0,0138103
281511,4;0,0138117
281528;0,01381294
281544,6;0,0138142
281561,2;0,01381501
281577,9;0,01381648
281594,3;0,01381727
281610,8;0,01381851
281627,4;0,01381979
281644;0,01382048
281660,6;0,01382179
281677,1;0,01382179
281693,7;0,01382376
281710,3;0,01382443
281726,8;0,01382443
281744;0,01382681
281760;0,0138274
281776,5;0,01382864
281793,1;0,01382909
281809,7;0,01383028
281826,8;0,01383028
281842,8;0,01383183
281859,3;0,01383271
281875,9;0,01383342
281892,6;0,01383526
281909,4;0,0138359
281925,6;0,01383693
281942,2;0,01383786
281958,8;0,01383876
281975,3;0,01383933
281991,9;0,01384041
282008,6;0,01384141
282025;0,01384141
282041,6;0,01384201
282058,2;0,01384201
282074,7;0,01384205
282091,3;0,01384344
282107,8;0,01384532
282124,4;0,01384652
282141,5;0,01384702
282157,7;0,01384723
282174,1;0,0138491
282190,7;0,01385036
282207,3;0,01385094
282223,8;0,01385197
282240,7;0,01385235
282257;0,01385295
282273,5;0,01385338
282290,1;0,01385414
282307;0,01385414
282323,3;0,01385498
282339,8;0,01385565
282356,9;0,01385565
282372,9;0,01385687
282390;0,01385771
282406,1;0,01385821
282422,6;0,01385862
282439,2;0,01385924
282455,8;0,01385924
282472,3;0,01385986
282488,9;0,01386032
282505,5;0,01386032
282522;0,01386099
282538,6;0,01386113
282555,2;0,01386125
282571,7;0,01386132
282588,3;0,01386142
282605,1;0,01386142
282621,4;0,01386125
282638;0,01386109
282654,5;0,01386068
282671,1;0,01386044
282687,7;0,01386044
282704,3;0,01386044
282720,8;0,01386018
282737,4;0,01385897
282754,1;0,01385735
282771,3;0,01385616
282787,8;0,0138554
282803,7;0,01385483
282820,6;0,01385295
282836,8;0,01385203
282853,4;0,01385044
282869,9;0,01384957
282886,7;0,01384957
282903,1;0,01384855
282919,6;0,01384337
282937;0,0138413
282952,8;0,01383856
282969,3;0,01383604
282986,1;0,01383444
283002,4;0,01383287
283019;0,01382946
283035,6;0,01382664
283052,2;0,0138227
283068,7;0,01381981
283085,3;0,01381772
283102,1;0,01381343
283118,4;0,01381053
283135;0,01380653
283151,7;0,01380198
283168,2;0,0137995
283184,7;0,0137971
283201,3;0,01379591
283217,8;0,01378833
283234,4;0,01378371
283251;0,01377819
283267,5;0,01377441
283284,1;0,01376942
283301;0,01376672
283317,2;0,01376672
283333,8;0,01376397
283350,3;0,01376397
283366,9;0,01375612
283383,5;0,01374642
283400,1;0,01373761
283416,6;0,01373738
283433,3;0,01372914
283450,1;0,01372329
283466,3;0,01372035
283482,9;0,01371773
283499,4;0,01371216
283516;0,01370937
283532,6;0,01370937
283549,3;0,01369764
283565,7;0,01369481
283582,3;0,01368911
283599,1;0,01368429
283615,7;0,0136829
283632;0,01367729
283648,6;0,01367169
283665,1;0,01366609
283682,1;0,01366333
283698,8;0,01366333
283715,2;0,01365428
283731,6;0,0136508
283748;0,01364309
283764,7;0,0136389
283781,1;0,01363325
283797,6;0,01362986
283814,2;0,01362986
283830,8;0,0136217
283847,4;0,01361508
283863,9;0,01361218
283880,5;0,01360623
283897,1;0,01360179
283913,9;0,01360013
283930,8;0,01359698
283946,8;0,01359345
283963,3;0,01359345
283979,9;0,01359056
283996,5;0,01358669
284013,1;0,01357298
284029,6;0,01357208
284046,2;0,01356224
284062,7;0,01355426
284079,3;0,0135479
284095,8;0,01354507
284112,5;0,01353923
284129;0,01353923
284145,5;0,01353729
284162,3;0,01352515
284178,7;0,01352117
284195,3;0,01351816
284211,8;0,01351558
284228,4;0,01351558
284245,5;0,01350283
284261,9;0,01350122
284278,1;0,01349578
284295,1;0,01349299
284311,9;0,01348945
284327,8;0,01348209
284344,4;0,01347677
284361,1;0,01347417
284377,5;0,01347042
284394;0,01346606
284410,6;0,013463
284427,2;0,013463
284443,9;0,01345498
284460,3;0,01344996
284476,9;0,01344479
284493,4;0,01344201
284510,3;0,01344201
284526,6;0,01343825
284543,2;0,01343226
284560,1;0,01342484
284576,5;0,01342263
284592,9;0,01342031
284609,4;0,01341819
284626,6;0,01341819
284642,6;0,01341511
284659,8;0,01340762
284675,7;0,0134019
284692,3;0,01339991
284708,8;0,01339652
284725,4;0,01339424
284741,9;0,01339263
284759,2;0,01338931
284775,2;0,01338638
284791,7;0,0133843
284808,2;0,01338188
284824,8;0,01337922
284841,6;0,01337922
284857,9;0,01337685
284874,5;0,01337491
284891,7;0,01337401
284907,6;0,01337401
284924,3;0,01337143
284940,9;0,01337145
284957,4;0,01337153
284974,2;0,01337153
284990,8;0,01337222
285007;0,01337289
285023,6;0,01337356
285040,4;0,01337469
285057,3;0,01337531
285073,3;0,01337686
285089,9;0,01337778
285106,4;0,01337778
285123;0,01338137
285139,6;0,01338306
285156,1;0,01338427
285172,8;0,01338668
285189,3;0,01338668
285209;0,01338948
285222,4;0,01339271
285238,9;0,01339273
285255,5;0,0133945
285272,1;0,01339626
285288,7;0,01340197
285305,3;0,01340835
285321,8;0,01341212
285338,9;0,01341633
285355,3;0,01341854
285371,7;0,0134229
285388,1;0,0134254
285404,9;0,01342974
285421,2;0,01343317
285438,1;0,01343596
285454,3;0,01343596
285470,9;0,01344058
285487,8;0,01344507
285504;0,01344912
285520,7;0,0134536
285537,1;0,0134536
285553,7;0,01345793
285570,3;0,01345911
285587,5;0,01346657
285604;0,01347116
285620;0,01347348
285636,6;0,01347771
285653,1;0,01347933
285669,8;0,01348025
285686,7;0,01348455
285702,8;0,01349182
285719,4;0,0134944
285736;0,0134944
285752,5;0,01350356
285769,1;0,01350749
285786,2;0,01351002
285802,5;0,01351514
285818,8;0,01352034
285835,3;0,01352276
285852,1;0,01352819
285868,5;0,01352819
285885;0,01353055
285902,2;0,01353078
285918,6;0,01353078
285934,8;0,01354105
285951,7;0,01355173
285967,9;0,01355594
285984,6;0,01356061
286001;0,0135622
286017,6;0,01356762
286034,3;0,0135726
286051;0,01357729
286067,3;0,01358007
286084;0,01358514
286100,4;0,01358802
286117;0,01358802
286133,6;0,01359454
286151,1;0,01360013
286167,3;0,01360291
286183,3;0,01360741
286200,5;0,01361147
286216,4;0,01361433
286232,9;0,0136167
286249,7;0,01362106
286266,5;0,01362533
286282,7;0,0136274
286299,3;0,01363153
286315,8;0,01363371
286332,5;0,01363779
286348,9;0,01363992
286365,5;0,01364345
286382,1;0,01364709
286398,6;0,01364894
286415,2;0,01365235
286431,8;0,01365409
286448,3;0,01365752
286465,4;0,0136591
286481,4;0,01366246
286498;0,01366378
286514,6;0,01366524
286531,2;0,01366656
286548,3;0,01366656
286564,3;0,01366794
286581,1;0,01367193
286597,4;0,01367375
286614;0,01367857
286630,6;0,01368065
286647,3;0,01368183
286663,7;0,01368375
286680,3;0,01368486
286697,2;0,01368589
286713,4;0,01368755
286730,1;0,01368755
286746,8;0,01369038
286763,1;0,01369099
286779,7;0,01369175
286796,2;0,01369327
286812,8;0,01369528
286829,5;0,01369592
286846;0,01369702
286862,5;0,01369798
286879,1;0,01369883
286895,6;0,01369883
286912,2;0,01369945
286928,8;0,01370096
286945,3;0,0137008
286961,9;0,01370087
286978,5;0,01370066
286995,6;0,01370046
287011,7;0,01370013
287028,1;0,01370013
287044,7;0,01370008
287061,3;0,01369983
287077,8;0,01369974
287094,4;0,01369925
287111,9;0,0136989
287128,3;0,01369853
287144,1;0,0136982
287160,7;0,0136979
287177,3;0,0136979
287193,8;0,0136979
287210,4;0,01369755
287227;0,01369627
287243,8;0,01369512
287264;0,01369454
287280,6;0,01369397
287297,1;0,0136939
287314;0,01369329
287330,2;0,01369262
287346,9;0,01369198
287363,4;0,0136913
287380;0,01369107
287396,5;0,01369048
287413,1;0,01369008
287429,6;0,01368943
287446,2;0,01368912
287462,8;0,01368912
287479,3;0,01368823
287495,9;0,01368797
287512,5;0,01368788
287529,4;0,01368699
287545,6;0,01368654
287562,2;0,01368635
287578,8;0,01368595
287595,3;0,01368572
287611,9;0,01368537
287628,4;0,01368522
287645,1;0,01368511
287661,6;0,01368501
287678,1;0,01368464
287694,7;0,01368419
287711,3;0,01368395
287727,9;0,01368355
287744,4;0,01368336
287761,1;0,01368296
287777,5;0,01368296
287794,1;0,01368277
287810,7;0,01368277
287827,3;0,01368277
287843,8;0,01368284
287860,3;0,01368195
287876,9;0,01368067
287893,5;0,01368027
287910,8;0,01367984
287926,6;0,01367974
287943,6;0,01367915
287960;0,01367901
287976,8;0,01367861
287992,9;0,01367861
288009,5;0,0136783
288026,2;0,01367769
288043,3;0,01367743
288059,2;0,01367724
288076,1;0,01367724
288092,3;0,01367646
288109,2;0,01367619
288125,4;0,01367627
288142;0,01367582
288158,6;0,01367558
288175,7;0,01367541
288191,7;0,01367518
288208,3;0,01367508
288225;0,0136752
288241,5;0,01367551
288258,2;0,01367544
288278;0,01367558
288291,1;0,01367591
288308;0,01367608
288324,3;0,01367622
288340,8;0,01367674
288357,4;0,01367735
288373,9;0,01367796
288390,5;0,01367834
288407,7;0,013679
288423,7;0,013679
288440,2;0,01367955
288456,8;0,01368004
288473,3;0,01368004
288490,6;0,01368217
288506,5;0,01368464
288523,8;0,01368621
288539,6;0,01368767
288556,2;0,01368868
288572,9;0,01369005
288589,4;0,01369082
288606,1;0,01369251
288622,4;0,01369385
288639;0,01369444
288655,6;0,01369718
288673,1;0,01369852
288688,7;0,0136996
288705,3;0,01370026
288722;0,01370429
288738,4;0,01370429
288755,7;0,0137066
288772,3;0,01370941
288788,1;0,01371138
288804,7;0,01371256
288821,2;0,01371256
288837,8;0,01371628
288854,4;0,0137186
288870,9;0,01372064
288887,5;0,01372212
288904,1;0,01372471
288921,3;0,01372615
288937,7;0,01372878
288953,8;0,0137301
288970,5;0,01373278
288987,3;0,01373537
289003,5;0,01373665
289020;0,01373919
289036,6;0,01374047
289053,5;0,01374047
289069,7;0,01374189
289086,3;0,01374203
289103,3;0,01374319
289119,4;0,01374454
289136,2;0,01374454
289152,6;0,01374584
289169,1;0,01375014
289186,1;0,01375631
289202,5;0,01376321
289218,8;0,0137666
289235,4;0,01376786
289251,9;0,01376821
289269,6;0,0137714
289286,1;0,0137732
289302,7;0,0137732
289319,5;0,01377861
289335,8;0,01378125
289352,4;0,01378125
289369;0,01378524
289385,5;0,01378655
289402,3;0,01378836
289418,7;0,01378902
289435,3;0,01379114
289451,8;0,0137942
289468,3;0,01379537
289485,6;0,01379877
289501,5;0,0137992
289518,1;0,01380139
289534,8;0,01380423
289551,2;0,01380423
289567,8;0,01380704
289584,3;0,01381055
289601,1;0,01381196
289617,5;0,01381476
289634;0,01381641
289650,6;0,01381852
289668,1;0,01382081
289683,7;0,01382205
289700,3;0,01382205
289716,8;0,01382315
289733,9;0,01382329
289750,3;0,01382425
289767;0,01382527
289783,3;0,01382835
289799,7;0,01383167
289816,3;0,01383384
289832,8;0,01383384
289849,4;0,01383706
289866;0,01383782
289882,6;0,01383877
289899,1;0,0138398
289915,8;0,0138398
289932,7;0,01384153
289948,8;0,01384248
289965,4;0,01384291
289981,9;0,01384374
289999,1;0,01384438
290015,1;0,01384464
290032;0,0138449
290048,2;0,01384523
290064,8;0,01384523
290081,3;0,01384589
290097,9;0,01384589
290114,5;0,01384604
290131;0,01384599
290147,8;0,01384585
290164,3;0,01384582
290181,3;0,01384559
290197,3;0,01384521
290213,9;0,01384519
290230,5;0,01384368
290250,3;0,01384309
290263,9;0,01384309
290280,6;0,01384191
290297,2;0,01383987
290313,3;0,01383912
290329,8;0,01383846
290346,4;0,01383841
290363,3;0,01383776
290379,7;0,013837
290396,1;0,013837
290412,7;0,0138345
290429,2;0,01383011
290445,9;0,01382817
290462,4;0,01382567
290478,9;0,01382567
290495,5;0,01382135
290512,1;0,0138196
290528,6;0,01381727
290545,2;0,01381501
290561,8;0,01381342
290578,4;0,01381193
290594,9;0,01381119
290611,4;0,01380865
290628;0,01380277
290645,1;0,01380033
290661,2;0,01380033
290677,8;0,01379857
290694,5;0,01379068
290711,2;0,01378846
290727,4;0,01378466
290744;0,01378181
290760,6;0,01377798
290777,1;0,01377574
290793,7;0,01377574
290810,3;0,01376637
290826,8;0,01376397
290843,4;0,01376037
290860,6;0,01375692
290876,6;0,01375692
290893,1;0,01375455
290909,7;0,0137436
290926,6;0,013739
290942,8;0,01373529
290959,4;0,01372923
290975,9;0,01372657
290993,1;0,01372657
291009,1;0,01372391
291025,8;0,01372391
291042,2;0,01372099
291058,8;0,01371148
291075,4;0,01369917
291091,9;0,01369429
291108,5;0,01368821
291125,5;0,01368468
291141,6;0,01368468
291158,2;0,01367573
291174,8;0,01366938
291191,3;0,01366593
291207,8;0,01365989
291224,7;0,01365387
291241;0,01365096
291257,6;0,01364505
291274,3;0,01364165
291291,1;0,01363851
291307,5;0,01363658
291323,8;0,01362647
291340,4;0,01362647
291357;0,01361748
291373,5;0,01361401
291390,1;0,01360799
291406,7;0,01360799
291423,6;0,01359892
291439,8;0,01359213
291456,4;0,01358919
291472,9;0,01358293
291490;0,0135782
291506,1;0,01357344
291522,8;0,01357013
291539,6;0,01356382
291556,1;0,01355746
291572,3;0,01355419
291588,9;0,01354785
291605,5;0,01354416
291622;0,01353802
291638,8;0,01353802
291655,2;0,01353471
291671,7;0,01353471
291688,3;0,01352544
291704,9;0,01351821
291721,4;0,01351051
291738;0,01350479
291754,6;0,01350479
291771,8;0,01350117
291787,8;0,01349346
291804,3;0,01348833
291820,8;0,01348592
291837,4;0,01348592
291854;0,013478
291870,6;0,01347597
291887,1;0,01347279
291903,7;0,01346698
291920,6;0,01346245
291936,8;0,0134605
291953,9;0,01345676
291970;0,01345397
291986,5;0,01345067
292003,1;0,01344873
292019,9;0,01344513
292036,4;0,01344163
292052,8;0,01343985
292069,8;0,01343649
292086,4;0,01343454
292102,5;0,01343454
292119,1;0,01343135
292135,6;0,01342675
292152,9;0,01342382
292169,5;0,0134222
292185,5;0,0134222
292201,9;0,01341833
292219;0,01341746
292235;0,01341586
292251,6;0,01341442
292268,8;0,01341382
292285,4;0,01341382
292301,3;0,01341335
292317,8;0,01341291
292334,4;0,01341273
292350,9;0,01341104
292367,5;0,01341065
292384,1;0,01341044
292401,1;0,01341014
292417,3;0,01341
292433,9;0,01340959
292450,9;0,01340901
292466,9;0,01340869
292483,6;0,01340846
292500,3;0,01340787
292516,6;0,01340753
292533,9;0,01340712
292549,8;0,01340668
292566,3;0,01340664
292583;0,01340653
292599,5;0,01340653
292616;0,0134068
292632,6;0,01340684
292649,2;0,01340762
292665,8;0,01340859
292682,7;0,01340934
292698,8;0,0134108
292715,9;0,01341173
292732,3;0,01341332
292748,6;0,01341462
292765,5;0,01341612
292781,8;0,01341612
292798,3;0,01341823
292814,8;0,0134207
292831,9;0,01342193
292848;0,01342464
292864,5;0,01342728
292881,1;0,01343018
292897,7;0,01343165
292914,3;0,01343326
292930,8;0,01343326
292947,3;0,01343326
292963,9;0,01343487
292980,5;0,01344254
292997,1;0,01344785
293013,7;0,01344959
293030,2;0,01345141
293046,8;0,01345539
293063,6;0,01345857
293079,9;0,01346034
293097,3;0,01346034
293113;0,01346778
293129,6;0,01346778
293146,4;0,01347069
293163,3;0,01347513
293179,3;0,01347887
293195,9;0,01348094
293212,8;0,01348465
293229,1;0,01348686
293245,6;0,01348834
293262,1;0,01349022
293279,7;0,01349453
293295,3;0,01349953
293311,8;0,01350163
293328,4;0,01350554
293345,1;0,01350749
293361,6;0,0135116
293378,5;0,01351365
293394,8;0,01351625
293411,5;0,01352167
293428;0,01352403
293444,7;0,01352608
293461,2;0,01353144
293477,5;0,01353457
293494,3;0,01353701
293510,7;0,01354129
293527,2;0,01354287
293543,8;0,01354557
293560,3;0,01354779
293576,9;0,01354779
293593,9;0,01355003
293610,7;0,01355088
293626,6;0,0135574
293643,2;0,01356303
293660;0,01356303
293676,3;0,01356814
293692,9;0,01357713
293709,4;0,01358054
293726,6;0,01358054
293742,6;0,01358893
293759,1;0,01358893
293775,7;0,01359239
293792,3;0,013597
293808,8;0,01360106
293825,4;0,01360305
293841,9;0,01360696
293858,9;0,0136092
293875,1;0,01361257
293891,7;0,01361595
293908,2;0,01361778
293925,1;0,01362021
293941,6;0,01362308
293957,9;0,01362308
293974,5;0,01362488
293991,1;0,01363156
294007,6;0,01363312
294024,5;0,01363312
294040,8;0,01363907
294057,3;0,01363907
294073,9;0,0136405
294090,5;0,01364414
294107;0,0136462
294123,6;0,01364714
294140,2;0,01364811
294157,3;0,01364833
294173,6;0,01365123
294189,9;0,01365332
294206,4;0,01365413
294223,2;0,01365413
294239,6;0,01365496
294256,4;0,01365616
294272,7;0,01365616
294289,3;0,01365708
294305,9;0,0136578
294323,1;0,01365738
294339,5;0,0136566
294355,5;0,01365574
294372,2;0,0136551
294388,7;0,01365298
294405,3;0,01365149
294421,8;0,01364997
294438,3;0,01364772
294454,9;0,01364658
294471,6;0,01364539
294488,1;0,01364286
294504,7;0,01364286
294522,1;0,01363748
294537,9;0,01363586
294554,3;0,01363348
294571,1;0,01363266
294587,5;0,01362919
294604;0,01362317
294620,7;0,01362317
294637,2;0,01361831
294654;0,01361643
294670,3;0,01361482
294686,8;0,01360947
294703,8;0,0136072
294720,1;0,01360054
294736,6;0,01359575
294753,5;0,01359359
294770,2;0,01358858
294786,3;0,01358581
294802,8;0,01358104
294819,5;0,01358026
294836;0,01357853
294852,5;0,01357596
294869,1;0,01357596
294885,7;0,01357596
294902,2;0,01356746
294919,5;0,01356178
294935,4;0,01355556
294951,9;0,01354647
294968,5;0,01353993
294985,1;0,01353688
295001,6;0,01353014
295018,2;0,01352693
295034,8;0,01351648
295051,6;0,0135087
295067,9;0,01350075
295084,5;0,01349678
295101;0,01348786
295117,6;0,01348179
295134,2;0,01347891
295151,6;0,0134702
295167,3;0,01346188
295183,9;0,01345716
295200,4;0,01345205
295217,5;0,01343856
295234,1;0,01343381
295250,1;0,01342455
295266,7;0,01341812
295283,3;0,01340985
295300,1;0,01340112
295316,4;0,01339642
295333;0,01339642
295349,5;0,01339083
295366,6;0,01337912
295382,7;0,01337002
295399,6;0,01336243
295415,8;0,01336243
295432,4;0,01336123
295449;0,01334494
295465,5;0,01334185
295482,1;0,01333812
295498,8;0,01333812
295515,2;0,01333812
295531,8;0,01332166
295549,1;0,01330742
295564,9;0,01330398
295581,9;0,01329687
295598,1;0,01329687
295614,6;0,01328551
295631,2;0,01327824
295648;0,0132749
295665;0,0132749
295680,9;0,01326402
295697,6;0,01326005
295714,4;0,01325344
295730,6;0,01324615
295747,2;0,01324615
295763,7;0,01323892
295780,4;0,01323206
295796,8;0,01323206
295813,4;0,01322145
295830;0,01321439
295846,9;0,01320721
295863,3;0,01320721
295880,1;0,01319998
295896,3;0,0131927
295912,8;0,01318509
295929,3;0,01318136
295946,6;0,01318136
295962,5;0,01317056
295979,3;0,01316334
295995,6;0,01315624
296012,2;0,01315226
296028,8;0,01315226
296045,3;0,01313858
296061,9;0,01313858
296078,5;0,01312971
296095,1;0,01312541
296111,8;0,01312541
296128,3;0,01312226
296144,8;0,01312226
296161,4;0,01311899
296177,9;0,01310972
296194,5;0,01309543
296211;0,01309497
296227,7;0,01308833
296244,7;0,01308276
296260,8;0,01307767
296277,3;0,01307474
296294,6;0,01307002
296310,6;0,01306931
296327;0,01306292
296343,5;0,01306097
296360,3;0,01305751
296380,7;0,01305447
296397,3;0,01305318
296413,8;0,01305186
296430,3;0,01305124
296447,7;0,0130485
296463,5;0,0130475
296480,2;0,01304651
296496,6;0,01304614
296513,7;0,01304553
296530,1;0,01304536
296546,3;0,01304529
296563,2;0,01304534
296579,4;0,01304553
296596;0,01304594
296613,3;0,01304625
296629,2;0,01304715
296645,7;0,01304726
296662,3;0,01304845
296678,8;0,01304971
296695,4;0,01305146
296712;0,013052
296728,8;0,01305253
296745,1;0,01305344
296761,7;0,01305344
296778,5;0,01305344
296794,8;0,01305369
296811,4;0,01305588
296828;0,0130568
296844,5;0,01305894
296861,1;0,01305975
296878,2;0,01306023
296894,3;0,01306068
296911,4;0,01306089
296927,4;0,01306155
296944,1;0,01306211
296960,5;0,01306226
296977,3;0,01306226
296994,4;0,01306247
297010,2;0,0130627
297026,7;0,01306287
297043,3;0,01306318
297060,7;0,01306394
297076,5;0,01306482
297093;0,01306538
297109,6;0,01306538
297126,2;0,01306716
297143,1;0,0130687
297159,6;0,01307062
297176,3;0,01307062
297192,4;0,01307239
297209;0,01307239
297225,6;0,01307239
297242,7;0,01307239
297259,2;0,01307324
297275,3;0,01307604
297292;0,01307991
297308,4;0,01308324
297325;0,01308435
297341,5;0,01308586
297358,1;0,01308653
297375,4;0,01308751
297391,9;0,01308751
297408,5;0,01308791
297425,1;0,01308791
297441,9;0,01308796
297458,2;0,0130892
297474,8;0,0130896
297491,5;0,0130896
297507,9;0,01308996
297524,4;0,01309145
297541,2;0,01309204
297557,6;0,01309234
297574,3;0,01309306
297591,2;0,01309364
297607,3;0,013094
297623,9;0,01309439
297640,4;0,01309473
297657;0,01309514
297673,6;0,01309527
297690,1;0,01309527
297706,9;0,01309596
297723,3;0,01309613
297739,8;0,01309669
297756,9;0,01309715
297772,9;0,01309749
297790;0,01309803
297806,1;0,01309842
297822,7;0,01309913
297839,4;0,01309954
297855,8;0,01309998
297872,8;0,01310092
297889,2;0,01310187
297905,5;0,01310289
297922,2;0,01310345
297938,8;0,01310459
297955,2;0,01310515
297972,1;0,01310635
297988,9;0,01310739
298004,9;0,013108
298021,7;0,01310873
298038;0,01310873
298055;0,0131094
298071,7;0,0131094
298087,8;0,01311056
298104,3;0,01311225
298121,8;0,0131138
298137,4;0,01311629
298154,1;0,01311722
298170,6;0,01311745
298187,2;0,01311903
298203,8;0,01312042
298220,3;0,013122
298237,3;0,01312321
298254,2;0,01312562
298270;0,01312562
298286,5;0,0131282
298303,1;0,01313057
298319,9;0,01313272
298336,2;0,01313424
298352,8;0,01313546
298369,4;0,01313685
298385,9;0,01313768
298402,7;0,01313868
298419,1;0,01313988
298435,8;0,01314058
298452,5;0,01314058
298468,9;0,01314135
298485,3;0,01314336
298502,5;0,01314509
298518,5;0,01314509
298535,2;0,01314628
298551,8;0,01314812
298568,2;0,01314911
298584,7;0,01314972
298601,4;0,01314972
298618,5;0,01315225
298634,4;0,01315288
298651;0,01315407
298667,6;0,01315405
298684,1;0,01315449
298700,7;0,01315449
298717,8;0,01315449
298733,9;0,01315658
298750,4;0,01315881
298767;0,01316011
298783,9;0,01316079
298800,1;0,0131617
298816,9;0,0131621
298833,2;0,01316322
298850,3;0,01316465
298866,4;0,01316645
298882,9;0,01316829
298899,7;0,0131698
298916,1;0,01317226
298932,9;0,01317365
298949,2;0,01317531
298966,3;0,01317827
298982,3;0,01317827
298998,9;0,01318295
299015,5;0,01318438
299032;0,01318485
299049,5;0,01319066
299066;0,01319344
299081,7;0,01319344
299098,3;0,01319657
299115;0,01319861
299131,4;0,01320288
299148;0,01320288
299164,6;0,01320431
299181,1;0,01320738
299197,7;0,01321113
299214,3;0,01321429
299231,2;0,01321673
299247,4;0,01321819
299264,1;0,01321841
299280,6;0,01322276
299297,1;0,01322626
299313,7;0,01322723
299330,2;0,01322723
299346,8;0,01322723
299363,4;0,01323021
299380,1;0,01323347
299396,5;0,01323624
299420,6;0,01323929
299435,4;0,0132432
299452,1;0,01324805
299468,6;0,01324979
299485,1;0,0132512
299501,7;0,0132543
299518,5;0,0132543
299534,8;0,01325743
299552,3;0,01325875
299568,1;0,01326086
299584,5;0,01326193
299601,1;0,01326393
299617,8;0,01326493
299634,3;0,01326593
299651;0,01326855
299667,3;0,01326855
299683,9;0,0132708
299700,6;0,01327216
299717,4;0,01327393
299733,8;0,01327481
299750,2;0,01327641
299766,8;0,01327722
299783,9;0,01327849
299800,3;0,01327923
299816,7;0,01327923
299833;0,01328105
299849,6;0,01328182
299866,2;0,01328239
299882,7;0,01328441
299899,4;0,01328579
299915,9;0,01328651
299932,4;0,01328726
299949,6;0,01328794
299965,6;0,01328794
299982,1;0,01328862
299998,7;0,01328862
300015,3;0,01329009
300031,9;0,01329233
300048,4;0,01329431
300065;0,01329484
300081,5;0,01329576
300098,3;0,0132962
300114,7;0,01329706
300131,2;0,01329792
300147,8;0,01329821
300164,4;0,01329862
300180,9;0,01329915
300197,5;0,0132993
300214,1;0,01329948
300230,6;0,01330014
300247,2;0,01330025
300263,8;0,01330025
300280,3;0,01330107
300296,9;0,01330137
300313,6;0,01330164
300330,5;0,01330186
300346,9;0,01330215
300363,2;0,01330301
300379,8;0,01330356
300396,3;0,0133038
300412,9;0,01330409
300429,4;0,01330438
300446,5;0,0133048
300463,1;0,0133048
300479,7;0,01330528
300496,2;0,01330566
300512,8;0,01330566
300529,7;0,01330595
300545,9;0,01330595
300562,5;0,0133063
300579,1;0,01330646
300595,9;0,01330646
300612,2;0,01330657
300628,8;0,01330693
300646;0,01330724
300662;0,01330956
300678,5;0,0133105
300695;0,01331119
300711,6;0,01331119
300728,2;0,01331348
300745,2;0,01331583
300761,5;0,01331802
300778,4;0,01331919
300794,4;0,01332107
300811;0,01332148
300828;0,0133239
300844,4;0,01332645
300861,3;0,01332883
300877,3;0,01333048
300893,8;0,01333134
300910,8;0,01333353
300927;0,0133356
300943,6;0,01333797
300960,1;0,01333896
300976,7;0,01334126
300993,6;0,01334227
301009,8;0,01334463
301026,4;0,01334463
301043,4;0,01334839
301060,4;0,01334957
301076,1;0,01335211
301092,7;0,01335489
301109,6;0,0133567
301125,8;0,01335751
301142,3;0,01336055
301158,9;0,01336268
301175,5;0,01336397
301192,5;0,01336537
301209;0,01336588
301225,2;0,0133694
301242;0,0133694
301258,3;0,01337069
301274,9;0,01337207
301291,4;0,01337618
301308;0,01338166
301324,9;0,01338295
301341,1;0,01338542
301357,7;0,01338727
301374,3;0,0133892
301391,3;0,01339161
301407,7;0,01339273
301425,9;0,01339438
301440,5;0,01339676
301457,1;0,01339903
301473,8;0,01339903
301491,1;0,0134018
301506,8;0,01340469
301523,3;0,01340753
301539,9;0,01340935
301556,5;0,01340935
301573,2;0,013414
301589,8;0,01341754
301606,2;0,01342094
301622,8;0,01342112
301639,3;0,01342273
301656;0,01342786
301672,5;0,01343031
301689;0,01343287
301706;0,01343287
301722,2;0,0134392
301739;0,01344088
301755,3;0,01344435
301772,2;0,01344607
301788,4;0,01344954
301805,1;0,0134528
301821,6;0,01345462
301838,1;0,01345462
301855,2;0,01345998
301872;0,01346175
301887,8;0,01346338
301904,4;0,01346338
301921;0,01346499
301937,5;0,01346991
301954,1;0,01346991
301970,9;0,01347492
301987,3;0,01348034
302003,9;0,01348308
302020,5;0,01348608
302036,9;0,01348791
302053,5;0,01348929
302070,1;0,01349294
302086,6;0,01349597
302103,2;0,01349754
302119,8;0,01349754
302136,3;0,01350415
302152,9;0,01350607
302170,3;0,01350953
302186,3;0,01351121
302202,6;0,01351483
302219,2;0,01351664
302235,8;0,01351997
302252,3;0,01352008
302268,9;0,01352537
302285,8;0,01352699
302302;0,01353043
302318,6;0,01353043
302335,1;0,013535
302351,7;0,01353806
302368,3;0,01353947
302385,2;0,01354117
302401,6;0,01354273
302418;0,01354523
302434,5;0,01354885
302451,2;0,01355053
302467,7;0,01355119
302484,5;0,01355711
302500,8;0,01355859
302517,4;0,01355859
302534;0,01356013
302551,2;0,01356013
302567,1;0,01356013
302583,7;0,01356651
302600,3;0,01357244
302616,8;0,0135754
302633,5;0,01357754
302649,9;0,01357855
302667;0,01357855
302683,1;0,01358162
302699,7;0,01358215
302716,2;0,0135829
302733,1;0,0135829
302749,4;0,01358324
302765,9;0,01358327
302783,2;0,01358317
302799;0,01358317
302815,6;0,01358313
302832,8;0,0135829
302848,7;0,01358269
302865,5;0,01358242
302882;0,01358212
302898,4;0,01358212
302915;0,01358136
302932,3;0,01358118
302948,1;0,01358061
302964,7;0,01358027
302981,3;0,01357961
302997,8;0,01357927
303014,4;0,0135789
303031,2;0,0135784
303047,5;0,01357711
303064,1;0,0135765
303080,7;0,01357537
303097,2;0,01357381
303113,8;0,01357313
303131,2;0,01357198
303147,6;0,01357198
303163,5;0,01357087
303180,2;0,01356968
303196,7;0,01356968
303213,2;0,01356557
303229,9;0,01355873
303246,9;0,01355642
303262,9;0,0135552
303279,5;0,0135552
303296,1;0,0135552
303312,8;0,0135491
303329,7;0,01354005
303345,7;0,01353476
303362,8;0,01353087
303378,9;0,0135291
303395,4;0,01352357
303412;0,01351776
303428,8;0,01351186
303445,3;0,01350789
303461,7;0,01350143
303478,9;0,01350143
303494,8;0,0134923
303511,5;0,013482
303528,2;0,01347775
303544,5;0,01347375
303561,1;0,01347293
303577,7;0,01346054
303594,3;0,01345068
303610,8;0,01344487
303627,4;0,01344114
303643,9;0,01343037
303660,5;0,0134213
303677,1;0,01341066
303693,8;0,01340009
303710,4;0,01339452
303726,8;0,01338781
303743,3;0,01337777
303759,9;0,01337777
303776,5;0,01336055
303793,1;0,01336055
303809,6;0,0133546
303826,3;0,0133546
303843,2;0,0133546
303859,3;0,01333143
303875,9;0,01330746
303892,4;0,0132946
303909;0,01328338
303925,6;0,01327659
303942,3;0,0132708
303958,7;0,0132708
303975,7;0,01324626
303991,8;0,01323982
304009,2;0,01322652
304025;0,01322652
304041,5;0,01321188
304058,4;0,01319436
304074,7;0,01318683
304092;0,01317995
304107,9;0,01317995
304125,2;0,01315375
304141,2;0,01314001
304157,5;0,0131324
304174,1;0,0131324
304190,7;0,01311877
304207,3;0,01310818
304224;0,01308975
304240,3;0,01307593
304256,9;0,01306931
304273,5;0,01305541
304290;0,0130489
304306,6;0,0130489
304323,2;0,01302121
304339,7;0,01301341
304356,5;0,01300612
304373,8;0,01299231
304389,4;0,01299231
304406,1;0,01298563
304422,6;0,01295712
304439,2;0,01295712
304455,7;0,01295712
304472,7;0,01295712
304489,5;0,01292849
304508,3;0,0129118
304524,8;0,01288668
304541,4;0,01287877
304557,9;0,01287073
304574,6;0,01287073
304591,1;0,01284939
304607,7;0,01284272
304624,7;0,0128218
304640,8;0,01281523
304657,7;0,01280112
304674,5;0,012791
304691,2;0,01278109
304707,1;0,01277419
304723,6;0,01277267
304740,2;0,01275133
304756,8;0,01274151
304773,3;0,01272866
304790;0,01272866
304806,5;0,01272042
304823;0,01270516
304839,6;0,01268959
304856,2;0,01267719
304873,5;0,01267019
304889,3;0,01266165
304905,8;0,0126581
304922,4;0,01265243
304939;0,01263433
304956,4;0,01262206
304972,4;0,01261603
304988,7;0,01261603
305005,3;0,01259656
305021,9;0,01258776
305038,4;0,01258141
305055;0,01257041
305071,5;0,01257041
305088,1;0,01256527
305104,7;0,01255967
305121,2;0,01255967
305137,8;0,01253974
305154,3;0,01251941
305170,9;0,01251473
305187,5;0,01250628
305204,1;0,01250162
305221,5;0,01249783
305237,5;0,01249783
305254,2;0,01248312
305271,2;0,01247927
305286,9;0,01247273
305303,5;0,01246856
305320,2;0,0124639
305336,8;0,01245806
305353,2;0,01245544
305369,7;0,01245188
305386,4;0,01245064
305403,1;0,01244845
305419,4;0,01244208
305436;0,01243804
305452,5;0,01243623
305469,4;0,01243623
305485,7;0,0124312
305502,3;0,01242918
305518,8;0,01242789
305535,4;0,01242635
305552,5;0,01242452
305568,5;0,01242395
305585,1;0,01242319
305601,7;0,01242316
305618,5;0,01242255
305634,8;0,01242272
305651,4;0,01242265
305667,9;0,01242273
305684,5;0,01242335
305701,1;0,01242335
305717,6;0,01242379
305734,2;0,01242379
305750,8;0,01242433
305767,3;0,01242616
305783,9;0,01243078
305800,7;0,01243252
305817,5;0,01243496
305833,6;0,01243643
305850,2;0,01243643
305867,1;0,01244112
305883,3;0,01244316
305900,1;0,01244471
305916,4;0,0124475
305933,5;0,01245005
305949,6;0,01245295
305966,2;0,01245719
305982,8;0,01245919
305999,3;0,01245919
306016;0,01246302
306032,6;0,01247011
306048,9;0,01247225
306065,5;0,01247458
306082,1;0,01247569
306098,7;0,01248409
306115,3;0,01248894
306132;0,01249146
306148,3;0,01249146
306164,9;0,01249755
306181,6;0,01250313
306198,1;0,01250659
306214,8;0,01251156
306231,2;0,01251156
306247,8;0,01251744
306264,4;0,01252256
306281;0,01252626
306297,7;0,01252626
306314,4;0,01253144
306331;0,01253575
306347,3;0,01253781
306364,2;0,01253781
306380,6;0,01253993
306397,6;0,01254051
306413,9;0,01255026
306430,1;0,01255685
306446,6;0,01255882
306463,1;0,01256291
306480,3;0,0125644
306496,6;0,01256582
306512,8;0,01257113
306529,4;0,01257113
306553,9;0,01257374
306562,5;0,01257629
306579,1;0,01257972
306595,7;0,01258207
306612,2;0,01258328
306628,8;0,01258439
306645,4;0,01258635
306662,4;0,01258706
306678,5;0,01258909
306695,1;0,01259007
306711,6;0,01259116
306728,2;0,01259136
306744,9;0,01259231
306761,3;0,01259278
306777,9;0,01259318
306794,9;0,01259321
306811;0,01259333
306827,7;0,01259329
306844,8;0,01259278
306860,9;0,01259278
306877,3;0,01259213
306894,2;0,01259054
306910,6;0,01258979
306927,3;0,01258907
306943,5;0,01258907
306960,1;0,01258752
306976,7;0,0125853
306993,3;0,01258469
307009,8;0,01258373
307026,4;0,01258373
307043;0,01258089
307060;0,01257539
307076,1;0,01257399
307092,9;0,01257121
307109,2;0,0125682
307125,8;0,01256658
307142,4;0,0125635
307159;0,01256176
307175,5;0,0125582
307192,1;0,0125582
307209;0,01255316
307225,2;0,01254838
307242;0,01254591
307258,3;0,01254368
307275;0,01254237
307291,4;0,01253456
307308,2;0,01253456
307324,6;0,01253001
307341,3;0,01252475
307357,7;0,01252024
307374,3;0,01252024
307390,9;0,01251308
307407,4;0,01250752
307424;0,01250537
307440,6;0,01250537
307457,2;0,01249741
307473,7;0,01249224
307490,3;0,01248704
307507;0,01248587
307523,4;0,01248107
307540,3;0,01247605
307559,9;0,01247196
307573,3;0,01246736
307589,7;0,01246119
307606,4;0,0124574
307622,8;0,01245233
307639,3;0,01245233
307655,9;0,01244942
307672,5;0,01244942
307689,1;0,01244307
307705,6;0,01243374
307722,2;0,01242399
307738,8;0,01242057
307755,3;0,01241855
307771,9;0,01240672
307788,6;0,01239988
307805,2;0,01239638
307821,8;0,01239298
307838,2;0,01238654
307854,8;0,01238028
307871,4;0,01238028
307887,9;0,01237404
307904,8;0,01236779
307921,1;0,01236127
307937,8;0,01235784
307954,7;0,01235071
307971;0,01234705
307987,8;0,01234017
308004,3;0,0123364
308020,4;0,01233013
308037;0,01232371
308053,8;0,01232014
308070,4;0,01231739
308086,7;0,01231331
308103,4;0,01230466
308120,2;0,01230142
308136,3;0,0122985
308153,4;0,01229666
308169,5;0,01228591
308186,1;0,01228094
308202,6;0,01227723
308219,9;0,01227424
308235,8;0,01227254
308252,6;0,01226312
308269;0,01226312
308285,8;0,01226047
308302;0,01226047
308318,7;0,01225656
308335,5;0,01224738
308351,7;0,01224163
308368,3;0,01223731
308384,8;0,0122371
308401,4;0,01223549
308418,3;0,01222892
308434,6;0,01222643
308451,5;0,0122249
308467,9;0,01222344
308484,3;0,01222198
308501,5;0,0122205
308517,9;0,01221682
308534;0,01221464
308550,5;0,01221265
308567,1;0,01221172
308588,7;0,01221088
308600,3;0,0122099
308617,2;0,01220881
308633,4;0,01220838
308649,9;0,01220782
308666,5;0,01220747
308683;0,01220741
308699,6;0,01220751
308716,3;0,01220768
308732,8;0,01220768
308749,4;0,01220848
308765,9;0,01220952
308782,6;0,01221057
308799;0,0122115
308815,6;0,01221208
308832,5;0,01221388
308849;0,01221517
308865,3;0,01221713
308881,9;0,01221927
308898,4;0,01222124
308915;0,01222172
308931,7;0,01222172
308948,1;0,01222172
308965,1;0,01222583
308981,8;0,01223152
308997,8;0,01223461
309014,6;0,01223541
309031;0,0122398
309047,5;0,0122398
309064,6;0,01224084
309080,7;0,01224901
309097,2;0,0122508
309114,3;0,0122508
309130,8;0,01225686
309146,9;0,01226069
309163,5;0,01226313
309180,7;0,01226662
309196,6;0,01226867
309213,2;0,01226867
309229,8;0,01227452
309247;0,01227649
309262,9;0,01227725
309279,6;0,01228431
309296;0,01228797
309312,6;0,01228988
309329,2;0,01228988
309345,7;0,01229545
309362,3;0,01229814
309378,8;0,01230252
309396;0,01230453
309412;0,01230639
309428,6;0,01230639
309445,1;0,01231242
309462;0,01231518
309478,8;0,01231851
309494,8;0,01232072
309511,4;0,01232365
309528;0,01232642
309544,8;0,0123284
309561,2;0,0123284
309577,7;0,0123301
309594,3;0,01233181
309611;0,0123345
309627,3;0,01233517
309643,9;0,01233684
309660,8;0,01234391
309678,2;0,01234959
309695,5;0,01235154
309711,3;0,01235352
309727,9;0,01235716
309744,9;0,01236126
309761,1;0,01236316
309777,6;0,01236719
309794,2;0,01236962
309810,9;0,01237306
309827,3;0,0123746
309844,5;0,01237817
309860,9;0,01238143
309877;0,01238311
309893,6;0,01238311
309910,1;0,01238928
309926,7;0,01238971
309943,7;0,01239309
309959,8;0,01239482
309976,4;0,01239659
309993,3;0,01240153
310009,5;0,01240482
310026,1;0,01240637
310042,7;0,01240637
310059,3;0,01240973
310075,8;0,01241392
310092,3;0,01241524
310109;0,01241763
310125,5;0,01241946
310142,1;0,01242103
310159,3;0,01242217
310175,4;0,01242492
310191,8;0,01242492
310208,3;0,01242668
310225;0,01242668
310241,5;0,01242668
310258;0,01243145
310274,8;0,01243812
310291,5;0,01244171
310308,3;0,0124429
310324,3;0,01244544
310341;0,01244794
310357,6;0,01244917
310374;0,01244917
310391,1;0,01245372
310407,7;0,01245372
310423,7;0,01245531
310440,3;0,01245777
310456,8;0,01245988
310473,9;0,01246161
310490,1;0,0124637
310506,5;0,0124648
310523,1;0,0124648
310540;0,0124659
310556,2;0,01246816
310572,8;0,01247269
310589,6;0,01247298
310606;0,01247584
310622,5;0,01247689
310639,1;0,01247797
310656,1;0,01248015
310672,4;0,01248095
310688,8;0,01248195
310705,3;0,01248417
310722;0,01248512
310738,5;0,01248698
310755;0,01248966
310771,6;0,01249114
310788,3;0,0124933
310804,7;0,01249441
310821,3;0,01249644
310837,9;0,01249644
310854,4;0,01249759
310871;0,01249862
310887,5;0,01250082
310904,1;0,01250464
310921;0,01250521
310937,3;0,0125062
310954,2;0,01250988
310970,6;0,01250988
310987;0,01251283
311003,5;0,01251624
311020,1;0,01251756
311036,8;0,01251895
311053,2;0,01252161
311069,8;0,01252161
311086,4;0,01252161
311102,9;0,01252539
311119,5;0,01253093
311136,1;0,01253257
311152,7;0,01253377
311169,7;0,01253556
311185,8;0,01253991
311202,3;0,01254132
311218,9;0,01254132
311235,5;0,01254291
311252;0,01254354
311268,6;0,01254599
311285,2;0,01254896
311301,7;0,01254927
311318,6;0,01255255
311335,1;0,01255605
311351,4;0,01255779
311368;0,01255779
311384,6;0,01256333
311401,8;0,01256652
311417,7;0,01257112
311434,3;0,01257112
311451;0,0125732
311467,9;0,01257508
311484,2;0,012577
311500,5;0,012577
311517,1;0,0125772
311533,8;0,01257922
311550,2;0,01258343
311566,8;0,01258343
311583,3;0,01258542
311600,3;0,01258954
311616,5;0,01259671
311633,4;0,01260758
311650,4;0,01261895
311666,3;0,01262653
311682,8;0,01263128
311699,3;0,01263773
311715,9;0,01264052
311732,4;0,01264424
311749,1;0,01264591
311765,6;0,01264591
311782,2;0,01264824
311799;0,01265501
311815,8;0,01266035
311832,4;0,0126643
311848,4;0,0126643
311865,3;0,0126653
311881,6;0,0126722
311898,1;0,01267633
311914,7;0,01267865
311931,3;0,01268217
311948,2;0,0126846
311964,6;0,01268785
311981,4;0,01268921
311997,8;0,01269348
312014,1;0,01269584
312030,7;0,01269887
312047,3;0,01269887
312063,8;0,01270469
312081,1;0,01270692
312096,9;0,01270843
312113,5;0,01271102
312130,1;0,01271302
312147,1;0,01271302
312163,6;0,01271577
312179,8;0,01272278
312196,6;0,01272911
312212,9;0,01273294
312229,9;0,01273653
312246,3;0,01273841
312262,6;0,01274119
312279,2;0,01274292
312295,9;0,01274292
312312,4;0,01274826
312328,8;0,01274985
312345,7;0,01275121
312362,2;0,01275625
312378,6;0,01275948
312395,1;0,01276105
312411,7;0,01276248
312428,3;0,01276396
312444,8;0,01276848
312461,4;0,01277146
312478;0,01277281
312494,5;0,0127756
312511,2;0,01277699
312527,9;0,01277961
312544,2;0,01277961
312561,1;0,0127824
312577,5;0,01278462
312593,9;0,01278707
312610,7;0,01278957
312627,4;0,01279077
312643,6;0,01279188
312660,4;0,01279407
312676,8;0,01279407
312693,3;0,01279699
312709,9;0,01279855
312726,5;0,01280086
312743;0,01280271
312759,6;0,01280271
312776,2;0,01280374
312792,7;0,01280374
312809,3;0,01280618
312825,9;0,01280914
312842,4;0,01281097
312859;0,01281266
312875,6;0,01281355
312892,3;0,01281355
312909,2;0,01281563
312925,7;0,01281802
312941,8;0,01281979
312958,4;0,01282057
312974,9;0,01282169
312991,5;0,01282288
313008,1;0,01282439
313024,8;0,01282512
313041,2;0,01282643
313057,8;0,01282762
313074,4;0,01282776
313090,9;0,01282913
313107,5;0,01283062
313124,9;0,01283062
313140,6;0,01283238
313157,2;0,01283304
313173,8;0,0128343
313190,6;0,01283558
313206,9;0,01283582
313223,4;0,01283726
313240;0,01283848
313256,6;0,01283911
313273,2;0,01283969
313289,7;0,01284082
313306,6;0,01284135
313322,9;0,01284307
313339,4;0,01284387
313356;0,01284463
313372,6;0,01284563
313389,1;0,01284625
313405,8;0,0128467
313422,4;0,0128467
313438,8;0,01284687
313455,4;0,01284836
313472,1;0,01285322
313488,5;0,01285836
313505,1;0,01286007
313521,7;0,01286234
313538,3;0,01286437
313554,8;0,01286644
313571,6;0,01286841
313588,8;0,01286935
313604,5;0,01287056
313621,1;0,01287177
313637,6;0,01287338
313654,3;0,01287428
313671,1;0,01287569
313687,3;0,01287646
313703,9;0,01287763
313720,5;0,01287838
313737,6;0,01287984
313756,1;0,01288118
313772,7;0,01288272
313789,3;0,01288374
313805,8;0,0128845
313822,4;0,01288529
313839;0,01288725
313855,5;0,01288829
313872,1;0,01288898
313888,7;0,01288898
313905,2;0,01289075
313921,8;0,01289286
313938,4;0,01289465
313954,9;0,01289557
313971,5;0,01289735
313988;0,01289908
314004,7;0,01289918
314021,2;0,01290002
314037,7;0,01290002
314054,6;0,01290002
314070,9;0,01290089
314087,5;0,01290215
314104,9;0,01290641
314120,6;0,01291045
314137,2;0,01291045
314153,8;0,01291597
314170,3;0,01291817
314186,8;0,0129194
314203,4;0,01292154
314220;0,01292268
314236,5;0,01292488
314253,1;0,01292709
314269,7;0,01292824
314286,3;0,01292931
314302,8;0,01293157
314319,4;0,01293157
314335,9;0,01293278
314352,5;0,01293528
314369,3;0,01293929
314385,7;0,0129408
314402,2;0,01294295
314418,8;0,01294494
314435,3;0,01294601
314452,1;0,01294839
314468,5;0,0129507
314485,3;0,0129507
314502,1;0,01295177
314518,2;0,01295516
314535,4;0,01295516
314551,7;0,01295788
314567,9;0,01296144
314584,4;0,01296368
314601;0,01296492
314617,7;0,01296492
314634,1;0,01296729
314650,7;0,01297047
314667,3;0,0129721
314684,2;0,01297227
314700,4;0,01297328
314717,4;0,01297433
314733,5;0,01297772
314750,1;0,01297906
314771;0,01298336
314783,3;0,01298445
314799,8;0,01298747
314816,4;0,01298869
314833;0,01299104
314849,5;0,01299213
314866,1;0,0129946
314883,1;0,01299622
314899,2;0,01299794
314915,8;0,01299918
314932,3;0,01300132
314948,9;0,01300132
314965,5;0,01300561
314982,3;0,01300609
314998,7;0,01300872
315015,6;0,0130108
315031,8;0,01301258
315048,3;0,01301323
315065,1;0,01301323
315081,4;0,01301597
315098,3;0,01302008
315114,6;0,01302187
315131,1;0,01302391
315147,9;0,01302525
315164,3;0,01302757
315181,3;0,01302917
315197,4;0,01303123
315214;0,01303349
315230,8;0,01303471
315247,1;0,01303578
315263,7;0,01303696
315280,3;0,01304029
315296,8;0,01304145
315313,4;0,01304247
315329,9;0,01304341
315347,3;0,01304341
315363,7;0,01304341
315380,6;0,01304646
315396,4;0,01304916
315412,8;0,01305197
315429,3;0,01305222
315446;0,01305463
315462,5;0,01305348
315479,3;0,01305271
315495,6;0,01305221
315512,2;0,01305174
315528,7;0,01305154
315545,3;0,01305199
315561,8;0,01305199
315578,5;0,01305302
315595,8;0,01305348
315611,7;0,01305444
315628,2;0,01305444
315644,7;0,01305602
315661,3;0,01305655
315677,8;0,01305655
315694,4;0,01305842
315711,4;0,01305963
315727,5;0,01306044
315744,1;0,01306084
315760,7;0,01306156
315778;0,01306244
315794,6;0,01306439
315811,6;0,01306552
315827,7;0,01306552
315844,3;0,0130673
315860,8;0,01306788
315877,5;0,01306843
315893,9;0,0130697
315910,5;0,0130697
315927,1;0,01307198
315944;0,01307198
315960,3;0,01307226
315976,8;0,01307258
315993,3;0,01307305
316009,9;0,01307407
316026,5;0,0130759
316043,1;0,01307708
316059,8;0,01307804
316076,2;0,01307896
316092,9;0,01307936
316109,8;0,01307936
316125,9;0,01308013
316142,5;0,01307993
316159;0,01307948
316175,8;0,01307938
316192,6;0,01307946
316208,7;0,01307955
316225,3;0,01307965
316243,4;0,0130797
316258,6;0,01308015
316275;0,01308045
316292,3;0,01308081
316308,7;0,01308081
316324,7;0,01308102
316341,3;0,01308149
316357,8;0,01308164
316374,4;0,01308186
316391;0,01308186
316407,8;0,01308245
316424,1;0,01308262
316441,1;0,01308284
316457,5;0,01308352
316473,8;0,01308395
316491,1;0,01308395
316507,1;0,01308435
316523,5;0,01308476
316540,3;0,01308476
316556,6;0,01308519
316573,2;0,01308525
316589,8;0,01308545
316606,5;0,01308555
316623,5;0,01308555
316639,4;0,01308574
316656;0,01308626
316672,6;0,0130866
316689,3;0,0130866
316705,9;0,0130872
316722,7;0,01308748
316738,9;0,01308758
316755,8;0,01308769
316772,4;0,01308782
316788,6;0,01308803
316805,3;0,01308833
316822,2;0,01308846
316838,4;0,01308857
316854,8;0,01308863
316871,4;0,01308868
316887,9;0,01308878
316904,5;0,01308913
316921,1;0,01308932
316937,8;0,01308942
316954,2;0,01308947
316970,8;0,01308947
316987,3;0,01308975
317003,9;0,01308977
317020,5;0,01308983
317037,6;0,01308981
317053,6;0,01308987
317070,2;0,01308985
317086,8;0,01309002
317103,3;0,01309017
317119,9;0,01309022
317136,4;0,01309028
317153;0,0130902
317169,6;0,0130902
317186,2;0,01309013
317202,7;0,01309011
317219,3;0,01309011
317235,8;0,01309009
317252,4;0,01309002
317269;0,01309002
317285,6;0,01308998
317302,5;0,01308998
317318,8;0,01308994
317335,3;0,01308966
317352,6;0,01308962
317368,4;0,01308962
317385,1;0,01308955
317401,9;0,01308951
317418,3;0,01308936
317434,7;0,01308915
317451,2;0,01308906
317467,8;0,01308902
317484,8;0,01308898
317500,9;0,01308904
317517,5;0,013089
317534,1;0,01308883
317550,6;0,01308883
317567,5;0,01308863
317583,8;0,01308857
317600,3;0,01308829
317616,9;0,01308829
317633,5;0,01308801
317650,4;0,01308741
317666,6;0,01308722
317683,2;0,01308686
317699,8;0,01308673
317716,4;0,01308658
317732,8;0,01308639
317755,3;0,01308532
317771,9;0,01308478
317788,4;0,01308476
317805;0,01308412
317821,6;0,01308376
317838,1;0,01308323
317854,7;0,01308291
317871,3;0,01308291
317887,9;0,01308269
317904,3;0,0130825
317921,4;0,01308231
317937,5;0,01308073
317954,1;0,01307924
317970,9;0,0130783
317987,2;0,0130774
318003,8;0,01307685
318020,3;0,01307585
318036,9;0,01307521
318053,5;0,01307408
318070,1;0,01307353
318086,8;0,01307255
318103,2;0,01307193
318120;0,01307072
318136,4;0,01306974
318152,9;0,01306942
318169,4;0,01306885
318186,8;0,01306692
318202,6;0,01306605
318219,2;0,0130656
318236,1;0,01306445
318252,3;0,01306337
318268,9;0,01306262
318285,4;0,01306197
318302;0,01306052
318318,5;0,01305927
318335,1;0,01305878
318351,9;0,01305878
318368,2;0,01305732
318384,8;0,01305596
318401,4;0,01305543
318418,2;0,01305424
318434,9;0,01305424
318451,1;0,01305258
318468,3;0,01305179
318484,4;0,01305056
318500,8;0,01304942
318517,3;0,01304942
318533,9;0,01304942
318550,9;0,01304942
318567,1;0,01304886
318583,6;0,01304685
318600,6;0,01304502
318616,7;0,01304354
318633,3;0,01304307
318649,9;0,01304209
318666,4;0,01304122
318683,3;0,01304036
318699,6;0,01303979
318716,2;0,0130389
318732,8;0,01303828
318749,8;0,01303741
318766,4;0,01303741
318783,5;0,01303575
318799,6;0,01303463
318816,5;0,01303401
318832,7;0,01303367
318850,2;0,01303252
318866;0,01303201
318882,4;0,01303161
318899;0,01303061
318915,6;0,01302984
318932,3;0,01302965
318949;0,01302921
318965,2;0,01302791
318981,8;0,01302791
318998,3;0,01302686
319014,9;0,01302591
319031,5;0,01302552
319048,1;0,01302514
319064,6;0,01302416
319081,2;0,01302359
319097,8;0,01302276
319115,1;0,01302239
319130,9;0,01302195
319147,4;0,01302124
319164;0,0130209
319180,7;0,0130209
319197,2;0,01302052
319213,7;0,01301977
319230,4;0,01301841
319247,1;0,01301809
319263,4;0,01301766
319280;0,01301719
319296,5;0,01301685
319313,6;0,01301636
319329,7;0,01301606
319346,3;0,01301606
319362,8;0,01301579
319379,4;0,01301487
319395,9;0,01301419
319412,5;0,01301385
319429,1;0,0130137
319446;0,01301338
319462,4;0,01301319
319478,8;0,01301276
319495,6;0,01301229
319512,3;0,01301199
319528,5;0,01301174
319545;0,0130114
319561,6;0,01301106
319578,2;0,01301091
319594,8;0,01301061
319611,3;0,01301038
319627,9;0,01301033
319644,9;0,01301019
319661,2;0,01301004
319677,9;0,01300989
319694,2;0,0130098
319710,7;0,01300972
319727,7;0,01300968
319744,4;0,01300968
319760,4;0,01300965
319779,4;0,01300972
319793,6;0,0130097
319810,1;0,0130097
319826,7;0,0130098
319843,4;0,01300985
319860,2;0,01301006
319876,4;0,0130108
319892,9;0,01301127
319909,5;0,01301149
319926,1;0,01301153
319942,7;0,01301263
319959,2;0,01301295
319975,8;0,01301351
319992,3;0,01301402
320008,9;0,01301483
320025,6;0,01301547
320042,1;0,01301617
320058,6;0,01301719
320075,6;0,01301719
320091,8;0,01301866
320108,3;0,01301927
320124,9;0,01302046
320141,7;0,01302176
320158;0,01302233
320174,6;0,01302299
320191,1;0,01302422
320207,7;0,01302556
320224,3;0,01302556
320240,8;0,01302688
320257,4;0,01302812
320274;0,01302812
320290,8;0,01303075
320307,5;0,01303173
320323,7;0,01303261
320340,3;0,01303399
320356,8;0,01303399
320373,4;0,01303542
320390;0,01303642
320406,5;0,01303889
320423,1;0,01304058
320439,7;0,01304134
320456,2;0,01304134
320472,8;0,01304226
320489,3;0,01304441
320505,9;0,0130475
320522,5;0,0130475
320539;0,01304912
320555,6;0,01305072
320572,2;0,01305161
320589;0,01305255
320605,3;0,01305505
320621,9;0,01305587
320638,5;0,01305745
320655;0,01305854
320671,6;0,01305974
320688,3;0,01305974
320705;0,01306207
320721,3;0,01306299
320737,8;0,0130634
320754,5;0,01306641
320771,5;0,01306813
320788,3;0,01306912
320807,2;0,01307089
320823,8;0,01307177
320840,3;0,01307264
320856,9;0,01307508
320873,5;0,01307564
320890;0,01307669
320906,7;0,01307993
320923,2;0,01308228
320940;0,01308354
320956,3;0,01308354
320972,8;0,01308719
320989,4;0,01309025
321006;0,01309187
321022,6;0,01309485
321039,1;0,01309793
321055,7;0,01309793
321072,3;0,0130995
321089,1;0,0130995
321105,8;0,0130995
321122,3;0,0130995
321138,7;0,01310595
321155,1;0,01311306
321171,7;0,01311826
321188,7;0,01311979
321205;0,01312419
321222,1;0,01312508
321237,9;0,01312851
321254,5;0,01313017
321271,1;0,01313156
321287,7;0,01313701
321304,2;0,01313701
321321,2;0,01314212
321337,4;0,01314484
321353,9;0,0131476
321370,7;0,01314943
321387;0,01314943
321403,6;0,0131548
321420,2;0,01315817
321437,7;0,01316146
321453,6;0,01316407
321469,9;0,01316618
321487,1;0,01316851
321503;0,01316975
321519,6;0,01317141
321536,1;0,01317603
321552,8;0,01317907
321569,3;0,01318066
321585,8;0,01318312
321602,4;0,01318524
321619,1;0,01318827
321635,5;0,01318963
321652,1;0,01319274
321668,6;0,01319496
321685,2;0,01319722
321701,9;0,01320015
321718,3;0,01320015
321735,2;0,01320174
321751,5;0,01320233
321768,4;0,01320422
321784,6;0,01321126
321801,2;0,01321433
321817,8;0,0132149
321834,3;0,01321886
321851,1;0,01322045
321867,5;0,01322054
321884,4;0,01322589
321900,6;0,01322805
321917,2;0,01323023
321934,2;0,01323308
321950,8;0,01323446
321967,3;0,01323677
321983,4;0,013239
322000;0,01324175
322016,5;0,01324175
322033,1;0,01324456
322050;0,01324751
322066,3;0,01325224
322082,8;0,0132583
322099,4;0,01326584
322116;0,01327075
322132,5;0,01327247
322149,1;0,01328989
322165,9;0,01328989
322182,8;0,01329718
322199,2;0,01330244
322215,4;0,01330678
322231,9;0,01330904
322248,5;0,01331152
322265;0,01331277
322281,6;0,01331307
322298,2;0,01331702
322314,8;0,01331796
322332;0,01331948
322347,9;0,01332016
322364,4;0,01332038
322381,3;0,01332101
322397,8;0,01332173
322414,2;0,01332416
322430,7;0,01332498
322447,3;0,01332568
322463,9;0,01332629
322480,6;0,01332659
322497;0,01332659
322513,6;0,01332774
322530,4;0,013328
322546,7;0,01332856
322563,3;0,01332903
322579,8;0,01332916
322596,5;0,01332931
322612,9;0,01332929
322630,2;0,0133294
322646,1;0,0133291
322662,9;0,01332906
322679,3;0,01332847
322696,1;0,01332804
322712,3;0,01332731
322728,9;0,0133274
322745,5;0,01332626
322762,4;0,01332579
322778,6;0,01332478
322795,2;0,01332405
322811,8;0,01332373
322830,1;0,01332196
322846,7;0,01332104
322863,5;0,01331935
322879,8;0,01331834
322896,8;0,01331632
322912,9;0,01331529
322929,5;0,01331529
322946;0,01331181
322962,8;0,01330836
322979,4;0,01330642
322995,7;0,01330554
323012,3;0,01330403
323029,2;0,01330403
323045,4;0,01330388
323062;0,01329622
323078,6;0,01329036
323095,2;0,013288
323111,7;0,013288
323128,3;0,01328021
323144,8;0,01327922
323162;0,01327433
323178,5;0,01327228
323194,5;0,01326836
323211,1;0,01326574
323228,2;0,01326434
323244,3;0,01326434
323261,1;0,01325641
323277,7;0,01325356
323293,9;0,01324887
323310,8;0,01324887
323327,1;0,01324108
323343,6;0,01323955
323360,5;0,01323721
323377,6;0,01323035
323393,4;0,01322774
323409,9;0,01322313
323426,4;0,01322313
323443,4;0,01322088
323459,6;0,01321555
323476,2;0,01320938
323492,8;0,01320687
323509,3;0,01320687
323526,1;0,01319791
323542,4;0,01319572
323559,6;0,0131931
323575,6;0,01318917
323592,9;0,01318909
323609,4;0,0131808
323625,3;0,01317877
323641,8;0,01317877
323658,4;0,01317655
323675;0,01317437
323691,5;0,01316591
323708,1;0,01316172
323724,7;0,01315868
323741,3;0,01315464
323757,8;0,01315406
323774,3;0,01314813
323790,9;0,01314813
323807,6;0,01314069
323826,4;0,01313682
323843;0,01313305
323859,5;0,01313274
323876,1;0,01312621
323892,6;0,01312384
323909,6;0,01312384
323925,8;0,01311989
323942,3;0,01311317
323958,9;0,01311091
323975,5;0,01310631
323992,1;0,01310631
324008,6;0,01310201
324025,2;0,01309655
324042;0,01309364
324058,3;0,01309049
324074,9;0,01308245
324091,4;0,01307264
324108,1;0,01306719
324124,8;0,01305537
324141,9;0,01305537
324157,7;0,01304464
324174,3;0,01303465
324190,8;0,01302897
324207,6;0,01302269
324224;0,01302018
324240,5;0,01301605
324257,1;0,01301542
324273,7;0,01301347
324291;0,01301347
324306,8;0,01301154
324323,4;0,01301029
324340;0,01300184
324356,6;0,01299618
324373,1;0,01299618
324389,7;0,0129918
324406,8;0,01299047
324423,1;0,01299047
324439,6;0,01298511
324455,9;0,01298489
324473,2;0,01298262
324489;0,01298033
324506;0,01297821
324522,2;0,01297821
324538,8;0,01297591
324555,3;0,01297371
324572;0,01297371
324588,4;0,01297071
324605;0,01296885
324621,6;0,01296787
324638,2;0,01296645
324654,7;0,01296506
324671,4;0,01296446
324687,9;0,01296446
324704,4;0,01296255
324721;0,01296151
324737,6;0,01296151
324754,1;0,01296087
324771;0,01296032
324787,2;0,01295996
324803,8;0,01295909
324820,4;0,01295909
324836,9;0,01295845
324853,6;0,01295784
324870,3;0,01295759
324886,7;0,01295759
324903,2;0,01295744
324919,8;0,01295744
324936,3;0,0129575
324953,4;0,0129575
324969,6;0,01295797
324986,1;0,01295799
325002,6;0,01295807
325019,2;0,01295864
325035,8;0,01295881
325052,7;0,01295917
325068,9;0,01295917
325085,4;0,01295934
325102;0,01295976
325118,6;0,01296022
325135,5;0,01296065
325151,7;0,01296065
325168,6;0,01296117
325184,8;0,01296153
325201,4;0,01296204
325218;0,01296252
325234,8;0,01296294
325251,1;0,01296339
325268,1;0,01296427
325284,3;0,01296456
325300,8;0,01296456
325317,9;0,01296621
325334;0,01296734
325351,4;0,01296764
325367,1;0,01296818
325384,1;0,01296955
325400,2;0,01297014
325416,8;0,01297119
325433,3;0,01297125
325450;0,01297295
325466,5;0,01297329
325483;0,0129743
325499,8;0,01297488
325516,8;0,01297608
325533,3;0,01297698
325549,3;0,01297698
325565,9;0,0129774
325582,5;0,0129774
325599,3;0,01297791
325616;0,01297917
325632,2;0,01298096
325648,7;0,0129815
325665,3;0,01298241
325681,8;0,01298331
325698,7;0,01298421
325715;0,01298478
325731,6;0,01298531
325748,1;0,01298634
325764,7;0,01298891
325781,3;0,01299139
325797,8;0,01299373
325814,4;0,012998
325830,9;0,012998
325847,5;0,0130017
325864,1;0,01300515
325880,7;0,01300741
325897,3;0,0130077
325913,9;0,01301042
325930,8;0,01301042
325946,9;0,01301216
325963,5;0,0130137
325980;0,0130148
325996,6;0,01301609
326013,5;0,01301732
326029,8;0,01301793
326046,3;0,01301858
326062,9;0,01302034
326079,6;0,01302116
326096;0,01302169
326112,6;0,01302169
326129,4;0,0130241
326145,7;0,01302489
326162,3;0,01302578
326178,8;0,01302578
326195,4;0,01302622
326212;0,01302622
326229;0,01302682
326245,1;0,01302707
326261,8;0,01302921
326278,5;0,01303163
326294,8;0,01303295
326311,4;0,01303382
326328;0,01303563
326344,8;0,0130368
326361,4;0,01303806
326377,7;0,01303864
326394,2;0,01304492
326410,8;0,01304492
326427,3;0,01304904
326444,3;0,01305334
326460,5;0,01305765
326477,1;0,01305979
326493,8;0,01305979
326510,2;0,01306721
326526,7;0,01306804
326543,3;0,01307175
326559,9;0,01307455
326576,4;0,0130779
326593;0,01307952
326609,6;0,01308301
326626,2;0,01308597
326642,9;0,01308616
326659,3;0,0130892
326675,8;0,01309221
326692,4;0,01309221
326709,1;0,01309734
326725,6;0,01309833
326742,1;0,01310107
326758,7;0,01310382
326775,3;0,01310597
326791,8;0,01310826
326808,4;0,01310962
326825,1;0,01310962
326841,7;0,01310962
326858,1;0,01311125
326875,2;0,01311125
326895,8;0,01311531
326907,8;0,01312053
326924,3;0,01312658
326940,9;0,01313
326957,8;0,01313164
326974,1;0,01313164
326990,7;0,01313807
327007,2;0,01313835
327023,8;0,01314336
327040,4;0,01314663
327056,9;0,0131486
327073,7;0,0131523
327090;0,0131533
327106,8;0,01315706
327123,5;0,01316017
327139,7;0,01316427
327156,3;0,01316647
327172,8;0,01316647
327189,4;0,01317202
327206;0,01317543
327222,5;0,01317543
327239,3;0,01318437
327255,7;0,01318437
327273,1;0,01318673
327289,3;0,01319116
327306,2;0,01319706
327322;0,01319999
327338,5;0,01320321
327355,1;0,01320681
327371,7;0,01320851
327388,2;0,01321203
327404,8;0,01321444
327421,3;0,01321759
327438;0,01321944
327454,5;0,01321944
327471,3;0,01322304
327487,6;0,01322354
327504,2;0,01322476
327520,8;0,01322665
327537,3;0,01323017
327553,9;0,01323828
327571;0,01324343
327587,2;0,01324604
327603,6;0,01324897
327620,2;0,01325247
327636,8;0,01325438
327653,3;0,01325438
327670,3;0,01325979
327686,8;0,01326362
327703,3;0,01326568
327719,5;0,01326927
327736,1;0,01327279
327752,7;0,01327469
327769,9;0,01327587
327786,2;0,01327574
327802,8;0,01327574
327819;0,01327583
327836;0,01327728
327855,5;0,01327814
327872,1;0,01327998
327888,7;0,01328136
327905,3;0,01328227
327922;0,01328426
327939;0,01328644
327955;0,01328644
327971,5;0,01328879
327988,1;0,01329144
328004,6;0,01329144
328021,2;0,01329496
328037,8;0,01329758
328054,3;0,01329904
328071;0,01330165
328087,5;0,01330165
328104;0,01330419
328120,6;0,01330419
328137,2;0,01330537
328153,8;0,01330676
328170,8;0,01330998
328186,9;0,01331509
328203,5;0,01331652
328220,2;0,013319
328236,6;0,01332056
328253,2;0,01332263
328269,7;0,01332416
328286,3;0,01332607
328303;0,01332759
328319,4;0,01332967
328336;0,0133315
328352,6;0,01333214
328369,2;0,01333214
328386,1;0,01333291
328402,4;0,01333275
328419,1;0,01333269
328435,4;0,01333133
328452,2;0,0133306
328468,5;0,01333031
328485,1;0,01332986
328501,7;0,0133296
328518,2;0,01332942
328534,8;0,01332942
328551,3;0,0133292
328568,3;0,01332913
328584,5;0,01332916
328601;0,01332924
328617,6;0,01332938
328634,2;0,01332951
328650,8;0,01332982
328667,3;0,01333004
328683,9;0,01333026
328700,4;0,01333062
328717;0,01333095
328733,6;0,0133311
328750,4;0,01333139
328766,9;0,01333139
328783,3;0,01333159
328800;0,01333163
328816,4;0,01333267
328833;0,01333311
328851,8;0,01333342
328866,1;0,01333364
328882,7;0,013334
328899,2;0,01333433
328915,9;0,01333433
328932,4;0,01333457
328948,9;0,01333459
328965,5;0,01333461
328982,1;0,01333461
328998,7;0,01333475
329015,3;0,01333473
329031,8;0,01333466
329048,3;0,01333448
329064,9;0,01333424
329081,5;0,01333388
329098,1;0,01333359
329114,6;0,01333326
329131,2;0,01333267
329148,4;0,01333178
329164,3;0,01333178
329181,2;0,01333178
329197,6;0,01333071
329214;0,01332889
329230,6;0,0133284
329247,2;0,01332842
329263,8;0,01332685
329280,3;0,01332585
329297;0,01332542
329313,4;0,01332531
329330,6;0,01332471
329346,6;0,01332446
329363,2;0,01332435
329379,7;0,01332435
329396,3;0,01332435
329413;0,01332435
329429,4;0,01332437
329446;0,01332435
329462,6;0,01332439
329479,1;0,01332433
329495,7;0,01332433
329512,5;0,01332437
329529,3;0,01332431
329545,3;0,01332431
329562,6;0,01332433
329578,5;0,01332466
329595,5;0,01332498
329611,6;0,01332542
329628,6;0,0133259
329644,8;0,01332616
329661,3;0,01332654
329677,9;0,01332663
329694,5;0,01332724
329711,3;0,0133285
329727,6;0,01332895
329744,3;0,01332989
329760,8;0,01333018
329777,5;0,01333038
329794;0,01333047
329810,5;0,01333063
329827,1;0,01333079
329843,5;0,01333087
329860,3;0,01333096
329876,7;0,01333096
329895,7;0,01333116
329909,8;0,01333132
329926,4;0,01333145
329942,9;0,01333163
329959,6;0,01333163
329976,1;0,01333205
329992,7;0,01333205
330009,3;0,01333262
330025,8;0,0133328
330042,4;0,0133328
330059,4;0,01333309
330075,5;0,01333331
330092;0,01333424
330108,6;0,01333451
330125,2;0,01333467
330141,8;0,01333509
330158,7;0,01333544
330175;0,01333573
330191,6;0,0133362
330208,7;0,01333642
330225;0,0133368
330241,5;0,01333706
330258,4;0,01333737
330274,4;0,01333737
330291,1;0,01333771
330307,6;0,01333822
330324,1;0,01333864
330340,8;0,01333893
330357,3;0,01333893
330373,9;0,0133391
330390,4;0,01333924
330406,9;0,01333937
330423,8;0,01333941
330440,3;0,01333935
330456,7;0,01333919
330473,3;0,01333899
330489,8;0,01333855
330506,7;0,01333855
330523,1;0,01333818
330539,5;0,01333721
330556,2;0,01333642
330572,6;0,01333587
330589,4;0,01333587
330605,8;0,01333348
330622,4;0,01333298
330639,1;0,01333122
330656;0,01333065
330672;0,01332999
330688,8;0,01332986
330705,1;0,01332945
330721,8;0,01332833
330738,4;0,01332607
330754,8;0,01332404
330772,3;0,01332198
330788;0,01332048
330804,6;0,01331869
330821,1;0,01331608
330837,7;0,01331467
330854,7;0,01331324
330870,8;0,01331185
330887,7;0,01330676
330904,4;0,01330676
330920,5;0,01330646
330937,9;0,01330305
330953,7;0,01329494
330970,3;0,01329067
330987,1;0,01329067
331003,3;0,01328484
331020;0,01328096
331036,6;0,01327588
331053,1;0,01327335
331069,7;0,01326792
331086,2;0,01326486
331103,3;0,01326486
331119,5;0,0132556
331135,9;0,01324627
331152,5;0,01324291
331169;0,01323954
331185,6;0,01323375
331202,2;0,01322859
331219,2;0,01322153
331235,7;0,01322153
331252,3;0,01321265
331268,4;0,01320491
331285;0,01320283
331301,8;0,01319561
331318,1;0,01319523
331334,7;0,01319523
331351,3;0,01319523
331368,5;0,01318366
331385;0,01316704
331400,9;0,01315484
331417,5;0,01314824
331434,2;0,01314213
331450,7;0,01313332
331467,2;0,01312915
331483,8;0,01312013
331500,4;0,01311439
331516,9;0,01310692
331533,5;0,01310273
331550,1;0,01309352
331567,1;0,01308918
331583,2;0,0130795
331599,8;0,0130701
331616,3;0,0130701
331633,9;0,01306067
331649,6;0,01305345
331666;0,01304097
331682,6;0,01303591
331699,2;0,01303591
331715,8;0,01301557
331732,3;0,0130132
331748,8;0,01301075
331765,4;0,01299534
331782;0,01298581
331798,6;0,01298581
331815,1;0,01297801
331831,7;0,01296468
331848,3;0,01295753
331864,8;0,01295269
331881,4;0,01295184
331897,9;0,01293394
331914,9;0,01292603
331931,1;0,01292005
331949,9;0,01291563
331966,5;0,01291563
331983,2;0,01291563
331999,6;0,0129114
332016,2;0,0128959
332032,8;0,01287606
332049,5;0,01286856
332065,9;0,01285982
332082,5;0,012855
332099;0,01285001
332115,6;0,01284182
332132,2;0,01283286
332149,3;0,01282875
332165,3;0,01282039
332181,8;0,01281433
332198,7;0,01280777
332215,2;0,01280777
332231,8;0,01280275
332248,5;0,01279112
332264,7;0,01278273
332281,6;0,01277428
332298,3;0,01277428
332314,7;0,01276493
332331,2;0,01275697
332347,5;0,01274882
332364,1;0,01274306
332380,7;0,01273598
332397,2;0,01273219
332413,8;0,0127275
332430,7;0,0127238
332446,9;0,01271198
332463,5;0,01270367
332480,2;0,01270012
332496,7;0,01269655
332513,2;0,01269495
332530,3;0,012682
332546,5;0,01267494
332562,9;0,01267179
332579,5;0,01267179
332596;0,01266851
332612,6;0,0126667
332629,5;0,01266548
332645,7;0,01266226
332662,3;0,01265929
332679,4;0,01265224
332695,4;0,01263941
332712;0,0126286
332728,5;0,01262548
332745,1;0,01262311
332761,8;0,01262227
332779;0,01261042
332794,8;0,01261042
332811,4;0,01260586
332827,9;0,01260408
332844,5;0,01260153
332861,1;0,01259645
332877,7;0,01259471
332894,6;0,01259166
332910,9;0,01259007
332927,4;0,01258776
332948,6;0,0125854
332960,5;0,01258439
332977,1;0,01258439
332993,7;0,01258256
333010,8;0,01258081
333026,8;0,01258049
333043,4;0,01258049
333060,4;0,0125805
333076,6;0,01258077
333093,1;0,01258143
333110,1;0,01258143
333126,4;0,01258298
333142,8;0,01258409
333159,3;0,01258591
333175,9;0,01258714
333192,5;0,01258939
333209,5;0,01259122
333225,6;0,01259302
333242,2;0,01259302
333258,8;0,01259431
333275,3;0,01259443
333292,1;0,01259804
333309,3;0,01260545
333325;0,01260834
333341,9;0,01261111
333358,4;0,01261111
333374,7;0,01261289
333391,3;0,0126182
333407,8;0,0126229
333424,4;0,01262503
333441;0,01262501
333457,8;0,01263177
333474,1;0,0126374
333491;0,01263995
333507,7;0,01263995
333524,1;0,01264519
333540,4;0,0126503
333556,9;0,01265351
333573,9;0,01265572
333590,1;0,01265572
333606,7;0,01266554
333623,2;0,01267041
333640,2;0,01267306
333656,3;0,01267589
333672,9;0,01267589
333689,5;0,01268109
333706,1;0,01268951
333722,6;0,01269441
333739,2;0,01269441
333756,2;0,01270107
333772,3;0,01270596
333788,9;0,01270596
333805,8;0,01271741
333822;0,01272087
333838,6;0,01272393
333855,2;0,01272729
333871,8;0,01272962
333888,5;0,01273031
333904,9;0,01273342
333921,7;0,01273471
333938;0,01274906
333954,6;0,01276262
333971,2;0,01276783
333987,7;0,01276783
334004,3;0,01277647
334020,8;0,01278421
334037,4;0,01278883
334054,2;0,01279187
334070,5;0,01279279
334087,6;0,0128062
334103,9;0,01281132
334120,2;0,01281652
334136,8;0,01281999
334153,3;0,01282085
334169,9;0,01283292
334186,9;0,01283722
334203,2;0,01283923
334219,6;0,01284583
334236,2;0,01285194
334252,8;0,01285656
334269,3;0,0128588
334285,9;0,01286487
334302,4;0,01287241
334319;0,01287641
334335,6;0,01288266
334352,6;0,01288914
334368,9;0,01289266
334385,6;0,01289932
334402,2;0,0129028
334418,4;0,01290955
334435;0,01291483
334452;0,01292014
334468,1;0,01292014
334484,7;0,01292862
334501,3;0,01293344
334518,3;0,01293344
334534,7;0,01293661
334550,9;0,01294003
334567,6;0,01294142
334584,1;0,01295731
334600,7;0,01296603
334617,3;0,01296897
334633,8;0,01297546
334650,5;0,01298049
334667;0,01298457
334683,7;0,01299058
334700,8;0,01299058
334716,8;0,01299117
334733,2;0,01300192
334749,8;0,01300775
334766,3;0,01301317
334782,9;0,01301599
334799,4;0,01301876
334816,3;0,01302102
334832,6;0,01302312
334849,2;0,01303079
334866;0,01303071
334882,3;0,01303473
334899,2;0,01303537
334915,4;0,01303679
334932;0,01304069
334948,6;0,01304196
334965,1;0,01304328
334987,7;0,01304495
334998,2;0,01304607
335014,8;0,01304658
335031,4;0,0130466
335047,9;0,01304763
335064,5;0,01304794
335081,1;0,01304792
335097,7;0,01304774
335114,5;0,01304712
335130,8;0,01304712
335147,3;0,0130463
335164;0,0130463
335180,7;0,01304576
335197,1;0,01304504
335213,8;0,01304276
335230,3;0,01304001
335246,8;0,01303651
335263,4;0,01303534
335279,9;0,01303319
335296,4;0,01303061
335313;0,0130282
335329,6;0,0130282
335346,1;0,01302315
335362,8;0,01302315
335379,3;0,01301689
335395,8;0,01301569
335412,4;0,01301192
335429,6;0,01300989
335445,6;0,01300595
335462,1;0,01300168
335478,7;0,01299761
335495,3;0,01299508
335511,8;0,01299177
335528,7;0,01298799
335545,6;0,01298292
335561,6;0,01298292
335578,4;0,01297986
335595,2;0,01297146
335611,2;0,01296572
335627,8;0,01296289
335644,4;0,01295981
335661,1;0,01295315
335677,5;0,01294919
335694;0,01294073
335710,6;0,01294073
335727,2;0,01293415
335743,8;0,01292925
335760,5;0,0129204
335776,9;0,01291566
335793,5;0,01291354
335810;0,01290994
335826,6;0,01290994
335843,1;0,01290662
335860;0,01289008
335876,6;0,01288402
335892,8;0,01288402
335909,6;0,01287039
335926,2;0,01286368
335942,5;0,01285659
335959,1;0,01285234
335975,8;0,01284376
335992,3;0,01284376
336014,8;0,01283254
336025,4;0,0128272
336042,1;0,01281876
336058,5;0,01281876
336075,7;0,01280567
336091,7;0,01279684
336108,2;0,01279269
336124,8;0,01279269
336141,3;0,01278301
336157,9;0,01277068
336174,5;0,0127614
336191;0,0127614
336207,6;0,01275257
336224,2;0,01274302
336240,8;0,01273386
336257,3;0,01272665
336274,1;0,01272003
336290,4;0,01271524
336307;0,0127061
336323,9;0,01270136
336340,4;0,01269216
336356,7;0,01268291
336373,3;0,01267724
336390,3;0,01267326
336406,7;0,01266757
336423,3;0,01265499
336439,5;0,01265499
336456,2;0,01265066
336472,7;0,01264977
336489,3;0,01263676
336505,8;0,01262011
336522,4;0,01261326
336538,9;0,0126044
336555,5;0,01259769
336572,3;0,01259106
336588,7;0,01259106
336605,2;0,0125865
336621,8;0,01257149
336638,3;0,01256457
336655,1;0,01255787
336671,8;0,01255181
336688,4;0,01254245
336704,6;0,01253661
336721,6;0,01253011
336737,9;0,0125258
336754,3;0,0125258
336771,7;0,0125161
336787,4;0,01250547
336804,3;0,01249805
336820,6;0,01249424
336837,2;0,01248758
336853,7;0,01248728
336870,3;0,01248602
336886,8;0,01247333
336903,4;0,01246921
336920,2;0,01246596
336936,7;0,01246109
336953,1;0,01245768
336969,7;0,0124563
336986,3;0,01245199
337002,8;0,01244718
337019,8;0,01244502
337035,9;0,01244115
337058;0,01243774
337069,1;0,01243594
337085,6;0,01243594
337102,2;0,01243594
337118,8;0,01243435
337135,3;0,01243102
337152,3;0,01242552
337168,5;0,01242215
337185;0,01242131
337201,9;0,01241941
337218,2;0,01241941
337235;0,01241797
337251,3;0,01241616
337268,1;0,01241595
337284,5;0,012415
337301;0,012415
337317,6;0,01241454
337334,2;0,01241438
337351,3;0,01241438
337367,3;0,01241503
337383,8;0,01241523
337400,4;0,01241565
337417;0,01241599
337433,5;0,01241637
337450,1;0,01241868
337467,2;0,01241894
337483,3;0,01241975
337499,8;0,01242258
337516,4;0,01242489
337533;0,01242676
337549,6;0,01242952
337566,2;0,01243383
337582,7;0,01243856
337599,3;0,01244107
337615,8;0,0124461
337632,5;0,0124461
337649;0,01245201
337665,5;0,0124566
337682,4;0,01246138
337698,6;0,01246609
337715,3;0,01246609
337731,8;0,01246861
337748,5;0,01246883
337765,5;0,0124762
337781,5;0,01248115
337798,5;0,01248931
337814,6;0,01249344
337831,2;0,01249459
337848,4;0,01249734
337864,3;0,01250514
337880,9;0,01250861
337897,4;0,01251345
337914;0,01251345
337931;0,01252356
337947,1;0,01252405
337964,3;0,01253073
337980,8;0,01253529
337996,8;0,01253884
338013,4;0,01254384
338030;0,01254981
338046,5;0,01255223
338063,7;0,01255826
338079,7;0,01256203
338096,8;0,01256402
338112,9;0,01256996
338129,7;0,01256996
338146,2;0,01258013
338162,5;0,01258559
338179;0,01259181
338195,6;0,01259509
338212,3;0,01259951
338228,7;0,01260485
338245,3;0,01261138
338261,9;0,01261483
338278,4;0,01262186
338295;0,01262736
338311,6;0,01263247
338328,2;0,01263586
338344,7;0,01264305
338361,3;0,01264305
338377,8;0,01264719
338394,4;0,01264883
338411,6;0,01266162
338427,6;0,01267217
338444,1;0,01267792
338460,9;0,01268346
338477,2;0,01269063
338493,8;0,01269431
338510,4;0,0127013
338526,9;0,01270463
338543,9;0,01271194
338560,8;0,01271194
338576,6;0,01271559
338593,6;0,01272577
338610,7;0,01273329
338626,3;0,01273836
338642,9;0,01274321
338660;0,0127493
338676,1;0,01275257
338692,7;0,01275904
338709,2;0,01276201
338725,8;0,01276815
338742,5;0,01277136
338758,9;0,01277424
338775,4;0,01277605
338792,6;0,01278536
338808,6;0,0127899
338825,2;0,012796
338841,7;0,01280211
338858,9;0,01280624
338874,8;0,01281116
338891,4;0,01281465
338908,1;0,01281784
338924,5;0,01282483
338941,3;0,01282995
338957,8;0,01283294
338974,3;0,01283294
338990,8;0,01283874
339007,4;0,01283874
339024;0,01283874
339040,5;0,0128444
339057,1;0,01284914
339073,6;0,01286505
339090,4;0,01287019
339106,8;0,01287272
339125,8;0,0128771
339143;0,01288354
339159,2;0,01288743
339175,5;0,01289161
339192,1;0,01289405
339208,7;0,01289916
339225,3;0,01290039
339242,1;0,0129071
339258,8;0,01290974
339275,4;0,01290974
339293,4;0,0129196
339310;0,01292404
339326,6;0,01292645
339343,1;0,01293107
339359,7;0,01293333
339376,3;0,01293764
339392,8;0,01293963
339409,4;0,01294409
339426;0,01294409
339442,5;0,01294938
339459,2;0,01295211
339475,7;0,01295604
339492,2;0,01295999
339508,8;0,01296207
339525,4;0,01296328
339542,6;0,01296664
339558,5;0,01296826
339575,1;0,01296962
339591,7;0,01297075
339608,4;0,01297141
339624,8;0,01297407
339641,3;0,01297407
339657,9;0,01297407
339674,5;0,01297512
339691;0,01297951
339707,6;0,01298573
339724,4;0,01298739
339741,3;0,01299025
339757,5;0,01299236
339774,1;0,01299453
339790,4;0,01299594
339807;0,01299594
339823,6;0,0129986
339840,2;0,01300014
339856,8;0,01300639
339873,6;0,01300694
339890;0,01301048
339906,6;0,01301511
339923;0,01301831
339939,5;0,0130222
339956,1;0,01302222
339973,4;0,01302452
339989,2;0,01303019
340005,9;0,01303344
340022,4;0,01303606
340038,9;0,01303606
340055,9;0,01304416
340072,1;0,01304515
340088,9;0,01305001
340105,2;0,01305197
340124,7;0,01305595
340141,3;0,01305595
340158;0,01306166
340174,4;0,01306466
340190,9;0,01306727
340207,5;0,01306727
340224,1;0,01307139
340240,7;0,0130749
340257,5;0,01307824
340274,2;0,01308011
340290,9;0,01308168
340306,9;0,01308168
340323,5;0,01308426
340340,1;0,01308841
340356,8;0,01309254
340373,2;0,01309868
340389,8;0,0131017
340406,4;0,01310357
340423;0,01310535
340439,9;0,01310736
340456,1;0,01310906
340472,9;0,01311668
340489,6;0,01311861
340506,2;0,01312246
340522,3;0,01312421
340538,8;0,01312759
340555,5;0,0131292
340572;0,01313251
340588,6;0,01313251
340605,7;0,01313691
340621,7;0,01313929
340638,3;0,013141
340654,8;0,013141
340671,4;0,01314322
340688;0,01315114
340704,7;0,01315236
340721,1;0,01315596
340737,9;0,01315965
340754,2;0,01316347
340770,8;0,013165
340787,3;0,013165
340804,1;0,01317231
340820,5;0,01317427
340837,1;0,01317622
340853,6;0,01317929
340870,2;0,01318282
340886,8;0,01318596
340903,9;0,01318767
340919,9;0,01318767
340936,5;0,01318949
340953;0,01318949
340969,7;0,01319088
340986,6;0,01319805
341002,7;0,01320232
341019,7;0,01320557
341036,1;0,01320696
341052,8;0,01320874
341069,3;0,01320909
341085,6;0,01321466
341102,1;0,01321564
341118,7;0,01321913
341135,3;0,01322208
341151,8;0,01322354
341168,4;0,0132251
341185;0,01322873
341201,9;0,0132307
341218,1;0,01323206
341234,7;0,0132351
341251,2;0,01323735
341267,8;0,01323924
341284,8;0,01324212
341301,1;0,01324386
341317,5;0,01324513
341334;0,01324671
341350,9;0,0132518
341367,2;0,01325338
341383,8;0,01325665
341400,4;0,01325927
341416,9;0,0132618
341433,8;0,01326335
341450;0,01326657
341466,9;0,01326998
341483,3;0,0132715
341500,4;0,01327482
341516,5;0,01327779
341532,8;0,01327913
341549,4;0,01328065
341566;0,01328065
341582,6;0,01328212
341599,1;0,01328212
341615,7;0,01328643
341632,3;0,01329204
341649,3;0,0132949
341665,4;0,01329696
341682;0,01329753
341698,5;0,01330021
341715,2;0,01330281
341731,7;0,01330281
341748,3;0,01330674
341764,8;0,01330954
341781,4;0,01331088
341797,9;0,01331301
341814,5;0,01331571
341831,1;0,01331784
341847,6;0,01331974
341864,5;0,01332005
341880,8;0,01332164
341897,3;0,01332356
341913,9;0,01332528
341930,4;0,01332626
341947;0,01332719
341964;0,01332821
341980,2;0,01333082
341996,7;0,01333257
342013,3;0,01333337
342029,9;0,01333468
342046,7;0,01333589
342063;0,0133374
342079,6;0,0133374
342098,6;0,01333905
342113;0,01334042
342130;0,01334187
342146,2;0,01334255
342162,7;0,01334255
342179,3;0,01334513
342195,8;0,01334513
342212,8;0,01334582
342229,1;0,01334582
342245,6;0,01334639
342262,1;0,01334832
342278,7;0,01335029
342295,3;0,01335123
342312;0,01335183
342328,4;0,01335254
342344,9;0,01335274
342361,7;0,01335271
342378,1;0,01335267
342394,7;0,01335263
342411,2;0,01335265
342427,8;0,01335265
342444,6;0,0133526
342460,9;0,01335247
342477,5;0,01335222
342494,2;0,01335209
342510,6;0,0133518
342527,2;0,01335178
342543,7;0,01335169
342560,7;0,01335165
342577,5;0,01335145
342593,4;0,01335142
342610;0,01335123
342626,6;0,01335098
342643,3;0,01335076
342660;0,01335045
342676,4;0,01335005
342692,8;0,01334979
342709,5;0,01334979
342726,1;0,01334838
342742,6;0,01334768
342759,1;0,01334706
342775,7;0,01334655
342792,3;0,01334655
342808,8;0,01334486
342825,5;0,01334389
342841,9;0,01334389
342858,5;0,01334266
342875,2;0,01334266
342891,7;0,01334095
342908,4;0,01333906
342924,9;0,0133377
342941,3;0,0133377
342958,4;0,01333476
342974,7;0,01333399
342991,1;0,01333284
343007,6;0,01333256
343024,2;0,01333045
343040,8;0,01332964
343057,3;0,01332835
343074,1;0,01332723
343090,6;0,01332613
343108;0,01332541
343123,6;0,01332512
343140,8;0,01332293
343156,8;0,01332142
343173,8;0,01331984
343189,9;0,01331912
343206,9;0,01331787
343223,1;0,01331596
343239,6;0,01331591
343256,8;0,01331502
343272,7;0,01331234
343289,3;0,01331102
343306;0,01330961
343322,4;0,01330961
343339;0,01330669
343356,1;0,01330471
343372,1;0,01330367
343389,2;0,01330169
343405,2;0,01330009
343422,3;0,0132984
343438,5;0,01329625
343454,9;0,0132953
343471,8;0,01329409
343488;0,01329299
343504,6;0,01329299
343521,4;0,01329299
343537,8;0,01328873
343554,3;0,01328443
343570,9;0,01328368
343587,4;0,01328368
343604,6;0,01327894
343620,8;0,01327679
343637,2;0,01327521
343653,9;0,0132729
343670,3;0,01327187
343686,8;0,01327075
343703,8;0,01326954
343720;0,01326613
343736,8;0,013264
343753,1;0,01326299
343769,7;0,01326299
343786,3;0,01325957
343802,8;0,01325748
343819,4;0,01325623
343835,9;0,01325426
343852,6;0,01325256
343869,5;0,013251
343885,7;0,01324945
343902,2;0,01324797
343918,8;0,01324698
343935,4;0,01324698
343952,1;0,01324281
343968,5;0,01324075
343985,1;0,01323958
344001,6;0,01323958
344018,2;0,01323701
344035,1;0,01323544
344051,3;0,01323339
344067,9;0,01323246
344085,8;0,01323038
344102,8;0,0132285
344119;0,01322837
344135,4;0,01322837
344152,1;0,01322799
344168,6;0,01322361
344185,2;0,01322129
344201,7;0,01322007
344218,3;0,01321852
344234,8;0,01321852
344251,6;0,01321658
344268;0,01321547
344284,9;0,0132141
344301,2;0,0132132
344317,7;0,01321269
344334,3;0,01321224
344350,8;0,01320984
344367,4;0,01320781
344383,9;0,01320691
344400,9;0,01320524
344417,1;0,01320407
344433,7;0,01320204
344450,2;0,01320117
344466,8;0,01319954
344483,4;0,01319954
344499,9;0,01319756
344516,5;0,01319679
344533,1;0,01319567
344549,6;0,01319507
344566,2;0,01319415
344582,7;0,01319314
344599,5;0,01319314
344615,9;0,01319265
344632,5;0,01319127
344649,1;0,01319081
344666,1;0,01319052
344682,2;0,01319052
344699,5;0,01318977
344715,3;0,01318958
344731,8;0,01318956
344748,5;0,01318958
344765;0,01318958
344781,6;0,01318958
344798,3;0,01318964
344814,7;0,0131901
344831,3;0,01319111
344847,8;0,01319142
344864,5;0,01319231
344880,9;0,01319231
344898,3;0,01319396
344914,1;0,01319453
344931,1;0,01319509
344947,5;0,01319586
344963,9;0,01319682
344980,3;0,01319741
344996,9;0,01319794
345013,5;0,01319803
345030,1;0,01319969
345046,6;0,01320048
345063,2;0,01320162
345089,3;0,01320287
345105,9;0,01320287
345122,4;0,01320528
345139,4;0,01320624
345155,6;0,01320688
345172,1;0,01320784
345188,7;0,01320957
345205,3;0,01321016
345221,8;0,01321077
345238,5;0,01321079
345255;0,01321291
345272,1;0,0132144
345288,4;0,01321526
345304,7;0,01321596
345321,3;0,01321613
345337,8;0,01321882
345354,4;0,01321882
345370,9;0,01322034
345388,2;0,01322185
345404,3;0,01322214
345420,7;0,01322266
345437,2;0,01322378
345454,1;0,01322755
345470,3;0,01322774
345486,9;0,01323051
345503,4;0,01323142
345520,7;0,01323315
345536,6;0,01323398
345553,2;0,01323593
345569,8;0,01323639
345586,4;0,01323862
345602,9;0,01323963
345619,4;0,01324157
345636;0,01324258
345652,6;0,01324475
345669,1;0,0132454
345686,3;0,01324711
345702,3;0,01324886
345718,8;0,01324886
345735,4;0,01325042
345751,9;0,01325242
345768,5;0,01325406
345785,3;0,01325579
345801,7;0,0132566
345818,3;0,01325838
345834,8;0,01325845
345852;0,01326114
345867,9;0,01326167
345884,5;0,01326338
345901,1;0,0132649
345917,6;0,01326673
345934,2;0,01326762
345950,9;0,0132677
345967,3;0,01327161
345983,9;0,01327236
346000,8;0,0132745
346017;0,01327539
346033,6;0,01327649
346050,2;0,01327738
346066,7;0,01327738
346083,3;0,0132776
346105,6;0,01328023
346121,3;0,01328505
346137,9;0,01328829
346154,4;0,01328926
346171;0,01328926
346187,6;0,01329274
346204,1;0,01329418
346221;0,01329547
346237,3;0,01329722
346253,8;0,01329835
346270,4;0,01330055
346287;0,01330249
346303,5;0,01330359
346320,1;0,01330542
346336,7;0,0133064
346353,3;0,01330886
346369,8;0,01330886
346386,4;0,01331023
346402,9;0,01331472
346420,1;0,01331771
346436,1;0,0133193
346452,6;0,01332108
346469,2;0,01332358
346485,8;0,01332549
346502,3;0,01332739
346519;0,0133287
346535,5;0,01333108
346552;0,01333261
346568,6;0,01333454
346585,2;0,01333572
346601,8;0,0133379
346619;0,01334054
346634,8;0,01334181
346651,7;0,01334181
346668;0,01334415
346684,6;0,01334415
346701,2;0,01334415
346717,8;0,01334466
346734,7;0,01334835
346751,3;0,01335298
346767,8;0,01335708
346784,4;0,01335814
346801,2;0,01336019
346817,5;0,01336234
346834,1;0,01336336
346850,7;0,01336542
346867,5;0,01336609
346884,1;0,01336812
346900,6;0,0133695
346917,2;0,01337055
346933,8;0,01337254
346951,2;0,01337437
346966,9;0,01337537
346983,5;0,01337537
347000;0,01337805
347016,7;0,01338
347033,2;0,01338145
347049,8;0,01338266
347069,2;0,01338438
347085,7;0,01338597
347103,3;0,01338617
347118,9;0,01338699
347135,4;0,01338916
347152,7;0,01338916
347168,6;0,01339166
347185,1;0,01339325
347201,8;0,01339403
347218,3;0,01339582
347235,1;0,01339731
347251,4;0,01339848
347268;0,01339935
347284,6;0,01339935
347301,1;0,01340165
347317,7;0,01340165
347334,2;0,01340165
347350,8;0,01340248
347367,4;0,01340415
347383,9;0,01340738
347400,5;0,01340946
347417,1;0,01341063
347433,6;0,01341198
347450,3;0,01341285
347466,8;0,01341494
347483,3;0,0134164
347500;0,0134173
347516,5;0,01341907
347533,5;0,01341998
347549,6;0,01342188
347566,2;0,01342278
347582,7;0,01342456
347599,3;0,01342635
347615,9;0,01342716
347632,6;0,01342903
347649,3;0,01343038
347666;0,01343179
347682,1;0,01343262
347698,7;0,01343357
347715,3;0,01343357
347731,8;0,01343667
347748,4;0,01343896
347765;0,01343997
347781,5;0,0134408
347798,1;0,01344146
347814,9;0,01344465
347831,4;0,01344607
347847,9;0,01344686
347864,4;0,01344831
347881,2;0,01344912
347897,5;0,01344982
347914,1;0,01344982
347931,3;0,01345142
347947,2;0,01345359
347963,9;0,01345359
347981,1;0,01345359
347996,9;0,01345359
348013,5;0,01345623
348030,2;0,01345623
348046,6;0,01345807
348063,2;0,01346084
348082,5;0,01346322
348096,3;0,01346484
348113,3;0,01346484
348129,8;0,01346647
348146;0,01346909
348162,6;0,01346988
348179,1;0,01347166
348196;0,01347166
348212,4;0,01347507
348228,9;0,01347542
348245,4;0,01347724
348262;0,01347909
348278,5;0,01348085
348295,3;0,01348187
348311,8;0,01348276
348328,3;0,01348276
348345,1;0,01348596
348361,3;0,01348621
348378;0,01348667
348394,5;0,01349026
348411,1;0,0134922
348427,7;0,01349245
348445;0,01349435
348460,8;0,01349627
348477,3;0,01349817
348493,9;0,01349936
348510,5;0,01350112
348527;0,01350318
348543,6;0,01350412
348560,6;0,01350611
348577,1;0,01350701
348593,7;0,01350701
348609,9;0,01350813
348626,6;0,01350898
348643;0,01350916
348659,6;0,01351244
348676,5;0,01351695
348692,7;0,0135181
348709,4;0,01351911
348725,8;0,0135192
348742,6;0,01352108
348759;0,0135237
348776;0,01352622
348792,1;0,01352622
348809,2;0,01352873
348825,3;0,01353107
348841,8;0,01353275
348858,4;0,0135339
348875;0,0135339
348891,5;0,01353816
348908,1;0,01354014
348924,7;0,0135417
348941,3;0,0135417
348957,8;0,01354395
348974,4;0,01354667
348990,9;0,01354897
349007,5;0,0135515
349024,1;0,0135515
349041,3;0,01355392
349057,2;0,01355608
349073,7;0,0135585
349092,3;0,01356025
349106,9;0,01356262
349124,1;0,01356537
349140;0,01356679
349157,5;0,01356866
349173,1;0,01357131
349189,7;0,01357406
349206,3;0,0135759
349222,8;0,01357846
349239,4;0,01357846
349256,1;0,01357846
349272,5;0,01357977
349289,1;0,01358118
349305,7;0,01358513
349322,8;0,01359133
349338,8;0,01359431
349355,4;0,01359561
349371,9;0,0135984
349388,5;0,0135999
349405,1;0,0135999
349421,6;0,01360258
349438,2;0,01360533
349454,8;0,01360773
349471,3;0,01361105
349487,9;0,01361444
349504,5;0,01361633
349521,3;0,01362025
349537,8;0,01362319
349554,2;0,01362626
349570,8;0,01362994
349587,3;0,01363167
349604,2;0,01363409
349620,4;0,01363736
349637;0,01363736
349654,3;0,01364364
349670,1;0,01364623
349687,8;0,01364874
349704,3;0,01365147
349720,9;0,0136548
349737,5;0,0136548
349754;0,01365787
349771,2;0,01365968
349787,2;0,013663
349803,8;0,01366488
349820,3;0,01366553
349836,9;0,01366826
349853,5;0,0136703
349870,2;0,0136703
349886,6;0,0136703
349903,1;0,0136703
349919,7;0,01367153
349936,3;0,01367384
349952,8;0,01367607
349969,4;0,01367878
349986,1;0,01368096
350002,5;0,01368349
350019,3;0,01368714
350035,7;0,01368879
350052,5;0,01369037
350069,5;0,01369135
350085,3;0,01369279
350102,8;0,01369309
350118,5;0,0136936
350135,1;0,01369638
350151,7;0,01369652
350168,2;0,01369752
350184,8;0,01369868
350201,3;0,01369975
350218,2;0,01370026
350234,5;0,01370073
350251,1;0,01370105
350267,6;0,01370138
350285;0,01370089
350301;0,01370057
350317,5;0,01370057
350333,9;0,01369883
350350,4;0,0136986
350367;0,0136972
350383,6;0,01369692
350400,2;0,01369479
350417,6;0,01369323
350433,3;0,01369243
350449,8;0,01369082
350466,8;0,01368967
350483;0,01368837
350499,5;0,01368667
350516,1;0,01368667
350532,7;0,01368571
350549,5;0,01368571
350565,8;0,01368367
350582,4;0,01368067
350598,9;0,01367731
350615,7;0,01367587
350632,1;0,013675
350648,7;0,01367242
350665,2;0,01367009
350681,8;0,01366728
350698,4;0,01366585
350715,2;0,01366585
350731,5;0,0136609
350748,1;0,0136586
350764,6;0,01365692
350781,2;0,01365527
350797,7;0,01365452
350814,4;0,01364909
350831;0,01364592
350847,7;0,01364443
350864;0,01364147
350880,6;0,01363937
350897,1;0,01363733
350913,8;0,01363485
350930,4;0,01363333
350947,1;0,01363333
350963,4;0,01363021
350979,9;0,01362711
350996,5;0,01362432
351013,1;0,01362295
351030,4;0,01362122
351046,2;0,01361913
351062,8;0,01361764
351079,4;0,01361764
351095,9;0,01361193
351114,7;0,01361138
351131,3;0,01360828
351147,8;0,01360461
351164,7;0,01360363
351181,3;0,01360258
351197,5;0,01360159
351214,1;0,01359694
351230,6;0,01358931
351247,2;0,0135859
351263,8;0,01358313
351280,9;0,01358313
351296,9;0,01357738
351313,5;0,01357333
351330,1;0,01356955
351346,9;0,01356925
351363,2;0,01356659
351379,7;0,01356182
351396,5;0,01355812
351412,9;0,01355612
351429,4;0,01355329
351446,1;0,01355155
351462,6;0,01354807
351479,1;0,01354807
351495,9;0,01354428
351512,4;0,01353959
351528,8;0,01353338
351546,2;0,01353068
351562;0,01352947
351578,5;0,01351961
351595,4;0,01351554
351611,9;0,01351098
351628,3;0,01350756
351644,8;0,01350144
351661,4;0,01349525
351677,9;0,01349525
351694,5;0,01348927
351711,1;0,01348252
351727,6;0,01347741
351744,2;0,01347208
351760,8;0,01347208
351777,4;0,0134593
351793,9;0,0134593
351810,8;0,0134593
351827;0,0134593
351844,3;0,01344949
351860,3;0,01343864
351876,9;0,01343032
351893,5;0,01342609
351910,7;0,01342051
351926,7;0,01341693
351943,3;0,0134101
351960,1;0,01340468
351976,3;0,0133993
351992,9;0,01339602
352009,5;0,01339602
352026;0,01338431
352042,6;0,01337778
352059,2;0,01337084
352075,7;0,01336713
352092,3;0,01335989
352109;0,01335573
352125,5;0,01335006
352144,8;0,01334359
352161,5;0,0133412
352178;0,01333202
352194,6;0,01332683
352212;0,01331926
352227,7;0,01331212
352244,3;0,01330856
352261,1;0,01330228
352277,4;0,01329901
352293,9;0,01329321
352310,5;0,01329069
352327,1;0,01328572
352343,7;0,01328159
352360,9;0,01328084
352377;0,01327837
352393,4;0,01327121
352410,2;0,01326762
352426,9;0,01326394
352443,1;0,01326394
352460,2;0,01326144
352476,2;0,01326144
352493;0,013253
352510,2;0,01324445
352525,9;0,01324045
352542,4;0,01323699
352559,3;0,01323699
352575,8;0,01323317
352592,2;0,01322493
352608,7;0,01322271
352625,3;0,0132203
352641,8;0,01321923
352659,3;0,01321119
352675;0,0132078
352691,6;0,01320431
352708,1;0,01320431
352724,7;0,01319951
352741,8;0,01319574
352757,8;0,0131916
352774,4;0,01318941
352791;0,0131892
352807,5;0,013181
352824,1;0,01317666
352840,6;0,01317645
352857,7;0,01316947
352873,8;0,01316717
352890,7;0,01316337
352906,9;0,01316252
352923,5;0,0131574
352940;0,01315174
352956,6;0,01314672
352973,2;0,01314291
352989,8;0,01313846
353006,3;0,01313255
353022,9;0,01313
353039,5;0,01312664
353056,5;0,01312188
353072,6;0,01312188
353089,6;0,01311924
353105,7;0,01311651
353122,6;0,01311556
353138,9;0,0131043
353166,7;0,01309606
353183,3;0,01309247
353199,9;0,01309247
353216,4;0,01308364
353233,5;0,01308323
353249,6;0,0130791
353267,1;0,0130758
353283,6;0,01307273
353299,3;0,01307093
353315,8;0,01306906
353332,4;0,01306832
353349;0,0130613
353366,1;0,01305909
353382,1;0,01305462
353398,7;0,01305462
353415,2;0,0130509
353432,2;0,01304415
353448,4;0,01304253
353465,3;0,01304003
353481,5;0,0130324
353498,3;0,01302861
353514,9;0,01302772
353531,2;0,01302553
353547,8;0,01301906
353564,5;0,01301634
353580,9;0,01301397
353597,5;0,01301179
353614;0,01301077
353630,6;0,01301083
353647,3;0,0130064
353663,7;0,01300549
353680,3;0,01300366
353696,9;0,0130028
353713,4;0,01300198
353730;0,01300129
353746,6;0,01300129
353763,1;0,01299981
353780,2;0,01299782
353796,4;0,01299743
353812,8;0,01299672
353829,4;0,01299672
353846;0,01299582
353862,6;0,01299556
353879,1;0,01299541
353895,7;0,01299518
353912,4;0,01299513
353928,8;0,01299511
353945,4;0,01299513
353961,9;0,01299526
353978,9;0,01299541
353995,5;0,01299547
354012,5;0,01299577
354029,1;0,01299597
354045,2;0,01299656
354061,8;0,01299722
354078,8;0,01299769
354094,9;0,01299861
354112,4;0,01299903
354128,1;0,01299903
354145,1;0,0130001
354168,6;0,01300154
354185,2;0,01300252
354201,8;0,01300312
354218,5;0,01300427
354235,3;0,01300427
354251,5;0,01300629
354268;0,01300646
354284,6;0,01300759
354301,7;0,01300776
354317,7;0,01300862
354334,3;0,01300951
354351,2;0,01300951
354367,4;0,01301
354384,6;0,01301026
354400,5;0,01301045
354417,1;0,0130124
354433,8;0,01301415
354450,3;0,01301513
354466,8;0,01301566
354483,4;0,01301566
354499,9;0,01301735
354516,5;0,01301856
354533,1;0,01301945
354550;0,01301975
354566,2;0,01302113
354582,9;0,01302252
354599,3;0,01302401
354615,9;0,01302482
354632,5;0,01302482
354649,1;0,01302788
354665,8;0,01302871
354682,8;0,01302986
354698,7;0,01303137
354715,3;0,01303301
354731,9;0,01303388
354748,4;0,01303388
354765,3;0,01303735
354781,6;0,01303752
354798,2;0,01303931
354814,7;0,01304133
354831,3;0,01304324
354847,9;0,01304416
354864,4;0,01304601
354881;0,01304684
354897,6;0,0130489
354914,1;0,0130489
354930,7;0,013052
354947,3;0,01305377
354963,8;0,01305544
354981,1;0,01305774
354997;0,01305774
355013,5;0,01305905
355030,3;0,01306005
355046,7;0,01306267
355063,2;0,01306756
355079,8;0,0130679
355096,4;0,01306898
355113;0,0130727
355129,5;0,01307545
355146,3;0,0130767
355164,6;0,01307832
355179,2;0,01308089
355195,9;0,01308317
355212,3;0,01308437
355228,9;0,01308684
355245,4;0,01308684
355262;0,01308959
355278,6;0,01309131
355295,3;0,01309202
355311,8;0,01309281
355328,7;0,01309367
355345;0,01309679
355361,5;0,01309897
355378,3;0,01310027
355394,5;0,01310027
355411,1;0,01310368
355427,7;0,01310496
355444,5;0,01310728
355461;0,01310962
355477,4;0,01311088
355494,4;0,01311179
355510,5;0,01311349
355527,4;0,01311581
355543,6;0,01311711
355560,9;0,01311769
355577,4;0,01311852
355593,4;0,01311955
355609,9;0,01311998
355626,6;0,01312032
355643,1;0,0131204
355660,2;0,01312062
355676,7;0,01312109
355692,8;0,0131218
355709,5;0,01312203
355725,9;0,01312254
355742,4;0,01312331
355759;0,01312361
355775,8;0,01312359
355792,2;0,01312376
355809;0,01312365
355825,3;0,01312355
355841,9;0,0131232
355859;0,01312314
355875;0,01312301
355891,5;0,01312301
355908,1;0,01312248
355924,7;0,01312241
355941,3;0,01312186
355958,3;0,01312184
355974,6;0,01312124
355991;0,01312094
356007,5;0,01312064
356024,1;0,01312064
356040,7;0,01311988
356057,3;0,01311936
356073,8;0,01311898
356090,3;0,01311817
356107,4;0,01311817
356123,5;0,01311809
356140;0,01311789
356156,6;0,0131176
356173,4;0,01311672
356190;0,01311595
356206,3;0,01311461
356222,9;0,01311374
356239,5;0,01311278
356256,1;0,01311146
356272,6;0,01311146
356289,4;0,01311101
356305,9;0,01311052
356322,6;0,01311052
356338,8;0,01310913
356355,4;0,01310678
356372;0,01310618
356389,1;0,01310571
356405,2;0,01310571
356422,6;0,01310454
356438,3;0,01310358
356454,8;0,01310281
356471,4;0,01310253
356488;0,01310182
356504,7;0,01310118
356521,1;0,01310071
356538,1;0,01309999
356554,3;0,01309956
356570,8;0,01309872
356587,3;0,01309872
356604,3;0,01309832
356621,2;0,01309714
356637,1;0,01309627
356653,9;0,01309573
356670,4;0,01309535
356686,8;0,01309466
356703,4;0,01309342
356719,9;0,01309293
356736,4;0,01309195
356753;0,01309092
356769,6;0,01309045
356786,1;0,01309045
356802,7;0,01308839
356819,3;0,01308839
356835,8;0,01308756
356852,4;0,01308638
356869;0,01308542
356885,6;0,01308492
356902,1;0,01308394
356918,8;0,01308394
356935,3;0,01308338
356951,8;0,01308338
356969,3;0,01308244
356985;0,0130812
357001,8;0,01307961
357018,6;0,01307883
357034,6;0,01307847
357051,2;0,01307788
357068,6;0,01307765
357084,5;0,01307756
357100,9;0,01307769
357118;0,01307776
357134,2;0,01307776
357151,4;0,01307788
357167,4;0,01307843
357183,8;0,01307889
357200,3;0,01307939
357216,9;0,01307978
357233,4;0,01307984
357250;0,01308043
357266,6;0,01308058
357283,2;0,01308071
357300,1;0,01308082
357316,5;0,01308099
357332,8;0,01308115
357349,4;0,01308132
357366;0,01308162
357382,8;0,01308221
357399,1;0,01308221
357415,7;0,01308249
357432,4;0,01308424
357448,8;0,01308507
357465,4;0,013087
357481,9;0,01308811
357499;0,01308993
357515,2;0,01308993
357531,7;0,01309135
357548,3;0,01309188
357564,9;0,0130926
357581,5;0,01309297
357597,9;0,01309402
357615,1;0,01309731
357631,2;0,01310248
357647,6;0,01310358
357664,4;0,01310525
357680,8;0,01310954
357697,3;0,01311235
357713,9;0,01311533
357730,4;0,0131187
357747;0,01312085
357763,6;0,01312427
357780,4;0,01312612
357796,7;0,01312978
357813,4;0,01313315
357829,8;0,01313331
357846,4;0,01313331
357863;0,01313514
357879,6;0,01313871
357896,1;0,01314083
357912,7;0,01314306
357929,3;0,01314306
357946;0,0131449
357962,4;0,0131449
357978,9;0,0131449
357995,5;0,0131449
358012,6;0,0131449
358028,7;0,01314691
358045,3;0,01314691
358061,8;0,01314691
358078,4;0,01315474
358095,1;0,0131616
358111,7;0,01317108
358128,1;0,01318066
358144,8;0,01319051
358165,3;0,01319405
358178,6;0,01320336
358195,1;0,01320401
358212,1;0,01320637
358228,3;0,01320637
358244,8;0,01321014
358261,4;0,01321717
358278;0,01322491
358294,5;0,01322491
358311,3;0,01323056
358327,7;0,01323498
358344,3;0,01323847
358361,1;0,01324061
358377,4;0,01324456
358393,9;0,01324845
358410,5;0,0132507
358427,5;0,01325395
358443,9;0,0132579
358460,2;0,01325996
358476,8;0,01326232
358493,3;0,01326557
358509,9;0,01326842
358526,5;0,0132717
358543;0,0132744
358559,8;0,01327784
358576,2;0,01327784
358592,7;0,01328479
358609,3;0,01328836
358626,4;0,01329128
358643;0,01329288
358659;0,01329543
358675,5;0,01330015
358692,1;0,01330764
358708,7;0,01330994
358725,3;0,01330994
358741,8;0,0133182
358758,4;0,01332229
358775;0,01332713
358791,7;0,01332935
358808,8;0,01332935
358825,1;0,01333455
358841,2;0,01333455
358857,8;0,01333738
358874,3;0,01333738
358890,9;0,01334651
358907,8;0,01336063
358924,1;0,01336451
358941,1;0,01337091
358957,2;0,01337555
358973,8;0,0133809
358990,3;0,01338422
359006,9;0,01339109
359023,5;0,01339764
359040;0,01340296
359056,6;0,01340759
359073,2;0,01341051
359089,7;0,01341678
359106,4;0,01342083
359122,9;0,0134256
359139,5;0,01342945
359156;0,01343382
359172,7;0,01343941
359189,1;0,01344184
359205,8;0,01344615
359222,3;0,01344908
359239;0,01344908
359255,9;0,01345375
359272;0,01346018
359288,5;0,01346018
359305,1;0,01346607
359321,7;0,01347182
359338,2;0,01347182
359354,8;0,01347597
359371,3;0,0134801
359388;0,01348387
359404,5;0,01348594
359421,1;0,01348925
359438;0,01349155
359454,2;0,01349234
359471;0,0134936
359487,3;0,0134936
359503,9;0,01349491
359520,4;0,01349561
359537;0,01350061
359554,1;0,01350279
359570,3;0,01350416
359586,7;0,01350529
359603,5;0,01350581
359619,8;0,01350623
359636,7;0,01350785
359653,4;0,0135079
359669,6;0,01350889
359686,1;0,01350911
359703,1;0,01350966
359719,3;0,01351112
359735,8;0,01351112
359752,4;0,01351189
359768,9;0,01351259
359785,9;0,01351281
359802,1;0,01351272
359818,7;0,01351288
359835,2;0,01351277
359851,9;0,01351212
359868,3;0,01351174
359885;0,0135112
359901,5;0,01351067
359918,1;0,01350871
359934,6;0,01350782
359951,9;0,01350563
359967,8;0,01350449
359984,3;0,01350202
360000,9;0,0135005
360017,9;0,0135005
360034;0,01349366
360050,8;0,01349162
360067,5;0,0134882
360083,7;0,01348746
360100,3;0,01348529
360116,8;0,01348529
360133,4;0,01348529
360150,1;0,01348507
360167,5;0,01347634
360183,1;0,01346534
360201,1;0,0134586
360218,1;0,01345372
360234,2;0,01344624
360251,3;0,01343971
360267,4;0,01343581
360283,9;0,01342884
360301;0,01342168
360317,1;0,01341822
360333,9;0,01341011
360350,9;0,0134069
360366,8;0,0134069
360383,3;0,01339923
360400,2;0,01338768
360416,9;0,01338768
360433;0,01337598
360449,6;0,01337283
360466,8;0,01336375
360482,7;0,01335544
360499,3;0,01335054
360515,9;0,01334652
360532,4;0,01334187
360549;0,01333125
360565,6;0,01332383
360582,2;0,01331441
360598,8;0,01330899
360615,4;0,01329924
360632,3;0,01329448
360648,4;0,01328965
360664,9;0,01327892
360681,6;0,01326806
360698,2;0,01325754
360714,7;0,01325258
360731,2;0,01325258
360747,8;0,01324191
360764,4;0,01323968
360780,9;0,01323625
360798;0,01322499
360814,1;0,01320835
360830,9;0,0132026
360847,2;0,0131789
360863,8;0,0131789
360880,4;0,01316774
360897,2;0,01314814
360913,4;0,01314653
360930;0,01313184
360946,7;0,01312061
360963,3;0,01310722
360980;0,01310018
360996,6;0,01309255
361012,8;0,0130795
361029,4;0,01306574
361046;0,01305361
361062,8;0,01305178
361079,3;0,01303324
361095,9;0,01302243
361112,3;0,01301117
361128,9;0,01300181
361146;0,01298722
361162;0,01297996
361178,5;0,01297996
361195,1;0,01296489
361212;0,01294638
361228,3;0,01293514
361244,8;0,01292555
361261,3;0,01291237
361278,3;0,01291237
361294,5;0,01289807
361311,1;0,01288612
361327,7;0,01287243
361344,3;0,01286231
361361;0,01285262
361377,3;0,0128465
361393,9;0,0128465
361410,5;0,01283971
361427;0,01283729
361443,8;0,01282624
361460,2;0,01280605
361476,7;0,01278625
361493,6;0,01277406
361509,8;0,01276326
361526,4;0,01276326
361543,3;0,01275521
361559,5;0,01273823
361576,2;0,01272636
361592,7;0,01272079
361609,3;0,01272079
361625,9;0,01269709
361642,4;0,01269709
361659;0,01269709
361675,5;0,01269103
361692,1;0,01268011
361708,7;0,01267319
361725,2;0,01265826
361742,2;0,01264424
361758,4;0,01263833
361774,9;0,01263833
361791,5;0,01263833
361808,1;0,01263833
361824,8;0,01262498
361841,2;0,01260032
361857,8;0,01258026
361874,3;0,01257019
361890,9;0,01256055
361907,4;0,01255634
361924;0,01255185
361940,6;0,01255185
361957,2;0,01254597
361973,7;0,01253154
361990,3;0,01252419
362006,9;0,01251733
362023,4;0,0125137
362040,5;0,0125137
362057;0,01251048
362073,1;0,01251048
362089,7;0,01250204
362106,3;0,0124964
362122,8;0,01248908
362139,4;0,01248908
362155,9;0,01248297
362172,5;0,01248076
362189,3;0,01248009
362205,7;0,01247491
362223,1;0,01247225
362239,7;0,0124696
362256,5;0,0124696
362273,3;0,01246708
362289,4;0,01246431
362306,2;0,01246235
362322,5;0,01246165
362339,1;0,01246098
362355,8;0,01245992
362372,5;0,01245954
362389,1;0,01245894
362405,8;0,01245894
362422,3;0,01245857
362438,5;0,01245834
362455,9;0,01245842
362472,1;0,01245842
362488,4;0,01245932
362504,8;0,01245974
362521,3;0,01246065
362537,9;0,01246065
362554,4;0,01246179
362571,4;0,01246324
362587,6;0,01246384
362604,2;0,01246443
362621;0,01246701
362637,3;0,01246797
362654,9;0,01246991
362670,4;0,01247106
362687,5;0,01247217
362703,8;0,01247217
362720,2;0,01247431
362736,9;0,01247919
362753,3;0,01248127
362769,8;0,01248183
362786,4;0,01248183
362802,9;0,01248731
362819,5;0,01248929
362836,3;0,01249191
362852,6;0,01249527
362869,2;0,01249684
362885,8;0,01250022
362902,3;0,01250299
362918,9;0,01250572
362935,7;0,01250886
362952,1;0,01251114
362968,6;0,01251505
362985,2;0,01251644
363001,8;0,01252106
363018,3;0,01252309
363034,9;0,0125272
363051,5;0,0125272
363068;0,01253341
363084,8;0,01253341
363101,4;0,01254007
363117,7;0,01254212
363134,3;0,01254666
363151,1;0,01255125
363167,4;0,01255125
363184;0,01255564
363200,6;0,01255991
363218,4;0,01256487
363235,1;0,01256708
363251,5;0,01256708
363268,1;0,01257432
363284,6;0,01257913
363301,2;0,01258405
363317,9;0,01258405
363334,3;0,01258667
363351;0,01258667
363367,5;0,01259086
363384,1;0,01259438
363400,6;0,01259684
363417,2;0,01260787
363433,8;0,01261576
363450,3;0,01262054
363467,1;0,01262404
363483,5;0,01262973
363500;0,01263252
363516,6;0,01263792
363533,2;0,01264073
363549,7;0,01264603
363566,3;0,01265196
363582,8;0,01265492
363599,4;0,01265763
363616,6;0,01266162
363632,5;0,01266341
363649,2;0,01267253
363665,8;0,01267828
363682,3;0,01268243
363698,8;0,01268401
363715,4;0,01268694
363732;0,01269557
363748,5;0,01270103
363765,1;0,0127039
363781,7;0,0127039
363798,8;0,01270933
363814,8;0,01271748
363831,6;0,01272115
363847,9;0,01272565
363865;0,01272761
363881;0,01273386
363897,6;0,01273667
363914,6;0,01273801
363930,8;0,0127475
363947,5;0,0127475
363963,9;0,0127475
363980,6;0,01275
363997;0,01275
364013,6;0,0127545
364030,2;0,0127686
364046,7;0,01278009
364063,3;0,01278388
364080,1;0,0127887
364096,8;0,0127944
364113,1;0,01279935
364129,7;0,01280212
364146,3;0,01280766
364162,7;0,01280766
364179,3;0,01281278
364195,8;0,01281837
364212,4;0,01281837
364233,9;0,01282437
364245,5;0,01283199
364262,1;0,01283524
364279,2;0,01283524
364295,5;0,0128385
364311,8;0,0128439
364328,3;0,01284922
364344,9;0,01285123
364361,9;0,01285123
364378,4;0,01285817
364394,7;0,01286212
364411,3;0,01286655
364427,8;0,01286857
364444,3;0,01286857
364461,1;0,01287557
364477,4;0,01287917
364494,1;0,01288382
364510,6;0,01288382
364527,2;0,01288815
364543,7;0,0128924
364561;0,01289669
364576,8;0,0128995
364593,4;0,01290113
364610;0,01290113
364626,6;0,0129033
364643,1;0,01290353
364659,7;0,01290866
364676,4;0,01291769
364692,9;0,01292209
364709,4;0,01292596
364726,1;0,0129299
364742,8;0,01293199
364759,1;0,0129359
364775,6;0,01293804
364792,2;0,01294011
364808,9;0,01294362
364825,3;0,01294731
364842,3;0,01294941
364858,5;0,01295295
364875,8;0,0129547
364891,6;0,01295838
364908,2;0,01296008
364925,3;0,01296008
364941,3;0,01296612
364957,9;0,01296926
364974,5;0,01297114
364991,1;0,01297468
365007,7;0,01297664
365024,1;0,01297713
365040,8;0,0129815
365057,5;0,01298607
365074,5;0,01298818
365090,4;0,01298818
365107;0,01299028
365123,5;0,01299465
365140,2;0,0130002
365156,7;0,01300263
365173,3;0,01300469
365189,8;0,01300923
365206,4;0,01301179
365223,7;0,01301179
365239,5;0,01301434
365256,1;0,01301434
365272,7;0,01301682
365289,7;0,01302175
365305,8;0,01303235
365322,8;0,01303997
365338,9;0,01304303
365355,5;0,01304733
365372;0,01305231
365388,6;0,01305475
365405,7;0,01305947
365421,8;0,01306319
365438,3;0,0130662
365454,9;0,01306845
365471,4;0,01307114
365488;0,01307719
365504,6;0,01308061
365521,2;0,01308247
365537,7;0,01308584
365554,4;0,01309014
365571;0,01309216
365587,4;0,01309614
365604;0,01310059
365621;0,01310059
365637,4;0,01310337
365653,7;0,01311076
365670,3;0,01311076
365687,5;0,01312054
365703,6;0,01312476
365720,1;0,01312773
365736,5;0,01313055
365753,5;0,01313304
365769,7;0,01314261
365786,2;0,01314851
365803,2;0,01315219
365819,3;0,01315783
365836,2;0,01316145
365852,9;0,01316673
365869,1;0,01316673
365885,6;0,01316982
365902,3;0,01317287
365918,8;0,01317287
365935,3;0,01318142
365951,9;0,01319287
365968,5;0,01319609
365985,2;0,01319787
366001,6;0,01320554
366018,2;0,01320765
366034,7;0,0132118
366051,3;0,0132118
366067,8;0,01321742
366084,4;0,01322128
366101;0,01322352
366118;0,01322705
366134,1;0,01322946
366150,8;0,01323166
366167,3;0,01323469
366183,8;0,01323614
366200,4;0,01323768
366216,9;0,01324055
366233,5;0,01324288
366250,8;0,01324414
366267,5;0,01324638
366284;0,0132478
366300,5;0,01324944
366317,1;0,01325027
366333,7;0,01325027
366350,3;0,01325195
366366,8;0,01325289
366383,7;0,01325497
366399,9;0,01325611
366416,9;0,01325712
366433,1;0,01325735
366449,7;0,0132584
366466,2;0,01325875
366483,4;0,01325926
366499,6;0,01325943
366515,9;0,01325924
366532,5;0,01325954
366549,3;0,01325954
366565,7;0,01325954
366582,8;0,01325937
366598,8;0,01325856
366615,3;0,01325707
366631,9;0,01325709
366648,8;0,01325603
366665,1;0,01325546
366681,7;0,01325346
366698,2;0,01325235
366714,7;0,01325049
366731,3;0,01324943
366748,4;0,01324714
366764,4;0,01324714
366781;0,01324455
366797,6;0,0132417
366814,4;0,0132417
366830,7;0,01323724
366847,3;0,01323396
366863,8;0,01323246
366880,7;0,01322793
366896,9;0,01322714
366913,5;0,01322243
366930,1;0,01322102
366946,7;0,01321898
366963,2;0,01321236
366979,8;0,01320754
366996,4;0,01320502
367012,9;0,01320502
367029,5;0,01319646
367046,1;0,01319247
367062,8;0,01318918
367079,2;0,01318393
367095,7;0,01317881
367112,3;0,01317539
367128,9;0,01317207
367146,4;0,0131701
367162,1;0,01316856
367178,6;0,01316589
367195,3;0,01316494
367211,7;0,01315364
367229;0,01313533
367245;0,01312812
367261,4;0,01312812
367278;0,01312341
367294,6;0,01311508
367311,3;0,0130944
367328,4;0,01308873
367344,3;0,0130803
367361;0,01307186
367377,4;0,01306511
367393,9;0,01305891
367410,9;0,01305517
367427,2;0,01304715
367443,9;0,01303536
367460,3;0,0130302
367477;0,01301975
367494;0,01300971
367510;0,01300495
367526,5;0,01300495
367543;0,01298427
367560,2;0,01298136
367576,2;0,0129741
367593;0,01296487
367609,8;0,01295205
367625,9;0,0129461
367642,5;0,01293446
367659,1;0,01292634
367675,8;0,01292252
367692,2;0,01291039
367708,7;0,01289802
367725,3;0,01289802
367741,8;0,01288229
367758,4;0,0128721
367775;0,0128587
367791,5;0,01285198
367808,3;0,0128453
367825;0,0128453
367841,8;0,01283921
367857,8;0,0128204
367874,4;0,01279739
367890,9;0,01278716
367907,5;0,01277412
367924,1;0,01276729
367940,7;0,01275383
367957,9;0,01275383
367973,9;0,01274531
367990,3;0,01272841
368007,1;0,01271576
368023,6;0,01270769
368040;0,01270252
368057,6;0,01269585
368073,3;0,0126767
368089,8;0,0126706
368106,7;0,0126577
368122,9;0,01264585
368139,5;0,0126398
368156,2;0,01262904
368172,6;0,01261741
368189,2;0,01261689
368206,4;0,01261091
368222,3;0,0125955
368238,8;0,01258568
368255,4;0,01257992
368272;0,01257334
368288,5;0,01256421
368305,1;0,01255547
368321,7;0,01255102
368338,7;0,01254141
368354,8;0,01254141
368371,4;0,01252677
368387,9;0,01252315
368404,5;0,01251853
368421,1;0,01250558
368437,7;0,01250558
368454,3;0,01250122
368470,8;0,01249727
368487,4;0,01248922
368504,2;0,01247559
368520,8;0,01246926
368537,1;0,01246194
368553,6;0,01246194
368570,2;0,01245494
368586,8;0,01244787
368604;0,01244132
368619,9;0,01243502
368636,7;0,0124321
368653;0,012429
368669,7;0,01242281
368686,2;0,01241732
368702,7;0,01241455
368719,4;0,01240978
368736;0,01240687
368752,7;0,01240466
368769,3;0,01240335
368785,6;0,01239616
368802,1;0,01239616
368818,7;0,01239433
368835,3;0,01238769
368851,8;0,01238506
368868,4;0,01238202
368884,9;0,01238202
368901,5;0,01238038
368918,1;0,01237588
368935,1;0,0123739
368951,9;0,01237293
368967,8;0,01237293
368985;0,01236961
369000,9;0,01236919
369017,5;0,01236919
369034,3;0,01236722
369050,6;0,0123658
369067,2;0,01236537
369083,8;0,01236544
369100,4;0,01236511
369116,9;0,01236511
369133,5;0,01236481
369150,4;0,01236452
369166,8;0,01236462
369183,1;0,01236462
369199,7;0,01236489
369216,3;0,01236554
369232,8;0,0123661
369249,5;0,01236702
369266;0,01236767
369282,5;0,01236883
369299,1;0,01236945
369317,1;0,01237095
369333,7;0,01237261
369350,3;0,01237331
369366,8;0,01237479
369383,5;0,01237623
369399,9;0,01237825
369416,5;0,01237825
369433,2;0,01237946
369449,7;0,01238242
369466,2;0,01238242
369482,8;0,01238655
369499,9;0,0123871
369515,9;0,0123898
369532,5;0,01239218
369549;0,01239404
369565,8;0,01239606
369582,2;0,01239747
369599,5;0,01239799
369615,6;0,01240272
369631,9;0,01240324
369648,4;0,01240596
369665;0,01240907
369681,8;0,01241198
369698,2;0,01241356
369714,9;0,01241356
369731,3;0,01241499
369748;0,01241499
369764,7;0,01241885
369781,3;0,01242595
369797,8;0,01243014
369814,1;0,01243173
369830,8;0,01243511
369847,3;0,01243511
369864,1;0,01244036
369881;0,01244413
369897,2;0,01244581
369913,5;0,01244851
369930,2;0,01245114
369947;0,0124547
369963,2;0,01245796
369979,8;0,01246009
369996,3;0,01246253
370012,9;0,01246407
370029,5;0,01246739
370046,1;0,01247225
370062,6;0,01248817
370079,4;0,01249492
370095,7;0,01250897
370112,3;0,01252256
370128,9;0,01254312
370145,4;0,01255589
370162;0,0125639
370178,6;0,01257441
370195,1;0,01260328
370211,7;0,01261863
370228,3;0,01262654
370244,8;0,01262654
370261,7;0,01265198
370278,5;0,01266138
370294,5;0,01266723
370311,4;0,01267889
370328,3;0,01267889
370344,5;0,01268419
370361;0,01268419
370377,4;0,01268419
370394,7;0,01268807
370410,5;0,01270931
370427,2;0,01272502
370443,6;0,01273332
370460,4;0,01273395
370476,8;0,01274458
370493,8;0,01274783
370510,6;0,0127543
370526,5;0,01276183
370543;0,01276855
370559,8;0,01276997
370576,3;0,01277893
370593,3;0,01278206
370609,3;0,01278857
370626,3;0,01279269
370642,4;0,01279887
370659;0,01280436
370675,6;0,01280753
370692,1;0,01281323
370708,7;0,01281611
370725,4;0,01281903
370741,8;0,01282374
370758,4;0,01282762
370775;0,01283035
370791,9;0,01283755
370808,1;0,0128418
370824,7;0,0128445
370841,3;0,01284859
370858,4;0,01285045
370874,5;0,01285425
370890,9;0,01285649
370907,7;0,01285964
370924,1;0,01286119
370940,7;0,01286452
370957,2;0,01286661
370973,8;0,01286892
370990,3;0,0128705
371006,9;0,01287181
371023,5;0,01287181
371040;0,0128728
371056,6;0,01287834
371073,8;0,01287834
371090,2;0,01288232
371106,3;0,01288532
371122,9;0,01288605
371139,4;0,01288737
371156;0,0128915
371173,2;0,01289402
371189,2;0,01289588
371205,7;0,01289811
371222,3;0,01290021
371238,8;0,01290228
371255,4;0,01290364
371272,5;0,01290625
371288,9;0,01290769
371305,1;0,01291036
371322,3;0,01291307
371338,2;0,01291427
371354,9;0,01291562
371372,3;0,01291687
371387,9;0,01291975
371404,5;0,01292209
371421,2;0,01292489
371437,8;0,01292489
371454,7;0,01292934
371470,8;0,01293064
371487,5;0,0129336
371503,9;0,01293656
371520,5;0,01293801
371537,2;0,0129413
371553,6;0,0129413
371570,2;0,01294505
371587,1;0,01294876
371603,3;0,01294942
371620,4;0,01295397
371636,4;0,01295397
371653;0,01295741
371669,7;0,01295741
371686,3;0,01296253
371702,7;0,01296826
371719,3;0,01297016
371735,8;0,01297232
371752,4;0,01297385
371769,2;0,01297538
371785,5;0,01298182
371802,1;0,0129858
371818,7;0,01298714
371835,3;0,01298979
371851,8;0,01299191
371868,5;0,01299811
371885,1;0,01300025
371901,5;0,01300451
371918,9;0,01300875
371935;0,01301084
371951,2;0,01301534
371967,8;0,01301789
371984,3;0,01302053
372000,9;0,01302359
372017,5;0,01302689
372034;0,01302777
372050,8;0,01302735
372067,5;0,01302407
372083,9;0,01301979
372100,3;0,01301201
372116,9;0,01300369
372134;0,01300369
372150,2;0,01298623
372166,7;0,01297231
372183,1;0,01296624
372200,1;0,01295712
372216,3;0,01295307
372232,9;0,0129464
372249,8;0,0129406
372266,3;0,0129376
372282,5;0,0129376
372299,9;0,01293502
372315,7;0,01293292
372332,3;0,0129279
372349,5;0,01292389
372365,4;0,01292275
372382;0,01292245
372398,5;0,01292236
372415,3;0,01292234
372432,1;0,01292279
372449;0,01292305
372465,5;0,01292366
372481,4;0,0129243
372498,3;0,01292448
372514,5;0,01292597
372531;0,01292597
372547,9;0,0129264
372564,2;0,01292881
372581;0,01292956
372597,4;0,01293011
372614;0,0129312
372630,4;0,01293259
372647;0,01293288
372664;0,01293453
372680,2;0,01293625
372696,8;0,01293721
372713,4;0,01293885
372729,8;0,01294088
372746,4;0,01294242
372763,1;0,01294488
372779,5;0,01294488
372796,1;0,01294908
372812,7;0,01295133
372829,3;0,01295425
372845,8;0,0129577
372862,4;0,01295807
372879,3;0,01296329
372895,5;0,01296515
372912,1;0,01296515
372928,7;0,01296745
372945,3;0,01296745
372961,8;0,01297223
372978,3;0,01298015
372995,1;0,01298698
373011,9;0,01298931
373028;0,01299316
373044,6;0,01299777
373061,2;0,01300086
373077,8;0,01300321
373094,3;0,01300532
373110,9;0,01300532
373127,4;0,01301306
373144;0,01301837
373160,6;0,01302064
373177,1;0,0130226
373193,7;0,0130226
373210,3;0,01302818
373226,8;0,0130309
373243,4;0,01303727
373260,2;0,01303924
373276,6;0,01303924
373293,4;0,01304536
373309,7;0,01304949
373326,6;0,01305208
373347;0,0130572
373363,5;0,01305994
373380,1;0,0130619
373396,7;0,01306549
373413,3;0,01306861
373430;0,01307034
373446,3;0,01307366
373462,9;0,01307648
373479,5;0,01307699
373496,4;0,01307867
373512,6;0,01308298
373529,2;0,01308486
373545,8;0,01308708
373562,3;0,01308708
373578,9;0,01308828
373596;0,01308962
373612;0,01309241
373628,7;0,01309447
373645,2;0,01309763
373662;0,01309834
373678,8;0,01309834
373695,1;0,01309975
373711,6;0,01310115
373728;0,01310115
373744,7;0,01310229
373761,2;0,01310229
373777,7;0,01310283
373794,7;0,01310326
373811;0,01310368
373827,4;0,01310404
373844;0,01310421
373860,8;0,01310437
373877,3;0,01310457
373893,7;0,01310467
373910,2;0,01310471
373926,9;0,0131048
373943,9;0,01310482
373960,1;0,01310497
373976,5;0,01310501
373993;0,01310501
374009,8;0,0131052
374026,2;0,01310522
374043,2;0,01310546
374059,7;0,01310558
374075,9;0,01310573
374092,5;0,01310573
374109;0,01310584
374125,7;0,01310599
374142,2;0,01310624
374158,7;0,01310958
374175,3;0,0131128
374192;0,0131128
374208,4;0,01311806
374225;0,01312363
374241,5;0,01312363
374258,1;0,01314618
374274,8;0,01317489
374291,3;0,01318112
374307,9;0,01318112
374324,6;0,01319124
374341,3;0,01319581
374358;0,01320199
374374,8;0,01321356
374391,6;0,01321356
374407,5;0,01322089
374423,8;0,01322557
374440,4;0,01323084
374456,9;0,01323587
374473,5;0,01323822
374490,4;0,01324289
374506,6;0,01324525
374523,2;0,01324961
374540,3;0,0132513
374556,6;0,01325447
374572,9;0,01325682
374589,5;0,01325854
374606;0,01325974
374622,6;0,01325974
374639,2;0,01326388
374655,7;0,01326508
374672,3;0,01326704
374688,8;0,01326704
374705,4;0,01326868
374722;0,01327076
374738,6;0,01327157
374755,1;0,01327235
374772;0,01327262
374788,3;0,01327279
374804,8;0,01327283
374821,7;0,01327283
374838,1;0,01327285
374854,5;0,01327283
374871,6;0,01327283
374887,7;0,01327248
374904,9;0,01327112
374920,8;0,01327089
374937,4;0,0132706
374953,9;0,01327006
374970,7;0,01326946
374987,1;0,01326918
375003,6;0,01326859
375020,2;0,01326833
375036,8;0,01326779
375053,3;0,01326779
375070,3;0,01326697
375086,8;0,0132666
375103;0,0132666
375119,6;0,01326598
375136,5;0,01326567
375153,4;0,01326557
375169,8;0,01326546
375185,8;0,0132652
375203;0,01326465
375219;0,01326496
375235,6;0,01326496
375252,4;0,01326485
375268,7;0,01326496
375285,5;0,01326481
375301,8;0,01326489
375318,4;0,01326447
375335;0,01326474
375354,7;0,01326479
375371,2;0,01326494
375388;0,01326511
375404,7;0,01326518
375421,1;0,01326591
375437,5;0,01326632
375454,3;0,01326671
375470,7;0,01326671
375487,2;0,01326697
375504,2;0,01326697
375520,3;0,01326719
375536,9;0,01326833
375553,5;0,0132699
375570;0,01327098
375586,6;0,01327208
375603,2;0,01327271
375619,7;0,01327393
375636,3;0,01327479
375652,9;0,01327593
375669,6;0,01327704
375686;0,01327855
375702,8;0,01328043
375720,1;0,01328094
375736,1;0,01328215
375753,1;0,01328392
375768,8;0,01328535
375785,8;0,01328677
375801,9;0,01328851
375818,5;0,01328926
375835,1;0,01329102
375851,7;0,01329196
375868,2;0,01329385
375884,8;0,01329495
375901,4;0,01329659
375918,5;0,01329739
375934,5;0,01329739
375951,2;0,01330001
375967,6;0,01330258
375984,2;0,01330372
376001,3;0,01330372
376017,3;0,01330524
376033,9;0,01330719
376050,4;0,01330857
376067;0,01331007
376083,6;0,01331007
376100,2;0,01331089
376117,2;0,01331089
376133,3;0,0133116
376149,9;0,01331197
376166,4;0,01331414
376183,2;0,01330399
376199,6;0,01330238
376216,2;0,01329078
376233;0,01328271
376249,3;0,01327089
376266,6;0,01326427
376282,4;0,01325321
376298,9;0,01324778
376315,7;0,01324037
376332,3;0,01323676
376348,7;0,01323332
376365,3;0,01323197
376386,6;0,01322538
376403,2;0,01321827
376419,8;0,01321478
376436,3;0,01321105
376453,3;0,01320823
376469,4;0,01320569
376486;0,01320315
376503;0,01320056
376519,4;0,01320056
376535,8;0,01319635
376552,6;0,01319424
376569,2;0,01319322
376585,4;0,01318978
376602;0,013188
376618,5;0,01318728
376635,3;0,01318637
376651,8;0,01318466
376668,3;0,01318413
376684,8;0,01318413
376701,6;0,01318396
376717,9;0,01318255
376734,5;0,01318213
376751,1;0,01318222
376767,6;0,01318248
376784,4;0,01318248
376801;0,01318248
376818;0,01318347
376833,9;0,01318619
376850,5;0,01318854
376867;0,01319149
376883,6;0,01319287
376900,2;0,01319468
376916,8;0,01319562
376933,5;0,01319661
376949,9;0,01319707
376966,5;0,01320036
376983;0,01320132
376999,8;0,01320224
377016,3;0,01320342
377033,3;0,01320514
377049,3;0,01320597
377065,8;0,01320771
377082,4;0,01320961
377099;0,01321057
377115,5;0,01321167
377132,1;0,01321309
377148,7;0,01321434
377165,3;0,01321537
377182,3;0,01321672
377198,7;0,01321725
377215,3;0,01321779
377231,5;0,01321886
377248,1;0,01321888
377264,7;0,01321884
377281,4;0,01321858
377298,2;0,01321812
377314,3;0,01321812
377331;0,01321737
377347,5;0,01321646
377364,1;0,01321605
377380,6;0,01321556
377397,3;0,01321556
377413,7;0,0132151
377430,3;0,01321452
377446,9;0,01321314
377463,4;0,01321131
377480,2;0,01321019
377496,6;0,01320944
377513,3;0,01320909
377529,9;0,01320838
377546,3;0,013207
377562,8;0,01320601
377579,4;0,01320532
377596;0,01320504
377612,6;0,01320504
377629,1;0,01320343
377645,7;0,01320196
377662,9;0,01320132
377678,8;0,01320132
377695,4;0,01319889
377712,2;0,01319865
377728,5;0,01319714
377745,5;0,01319609
377761,6;0,01319519
377778,2;0,01319401
377795,1;0,01319265
377811,3;0,01319203
377828,7;0,0131907
377844,5;0,01318988
377861,1;0,01318853
377877,6;0,01318853
377894,2;0,01318666
377911,4;0,01318569
377928,3;0,01318534
377944;0,01318296
377960,4;0,01318222
377977;0,0131816
377993,7;0,01318027
378010,3;0,01318027
378026,7;0,01317958
378043,6;0,01317925
378060,6;0,01317897
378077,1;0,01317824
378093;0,01317622
378111;0,01317305
378127,6;0,01317213
378144,1;0,01317027
378160,7;0,01316949
378177,3;0,01316878
378194,2;0,01316811
378210,4;0,01316751
378227;0,01316585
378243,5;0,01316485
378260,1;0,0131634
378276,7;0,01316258
378293,2;0,01316135
378309,8;0,0131601
378327;0,01315936
378342,9;0,01315787
378359,5;0,01315696
378377;0,01315569
378393,8;0,01315394
378410,2;0,01315297
378426,7;0,01315092
378443,3;0,01314944
378459,8;0,01314828
378476,4;0,01314754
378493;0,01314754
378509,5;0,01314513
378526,7;0,01314433
378543,3;0,01314433
378559,3;0,01314265
378575,8;0,01314205
378592,5;0,01314207
378609;0,01314207
378625,5;0,01314248
378642,1;0,01314347
378658,6;0,01314408
378675,2;0,01314485
378692;0,01314533
378708,3;0,01314533
378724,9;0,01314589
378742;0,01314688
378758;0,01314688
378774,6;0,01314836
378791,4;0,01314816
378807,7;0,01314807
378824,5;0,01314737
378841,7;0,01314737
378857,4;0,0131464
378874;0,01314556
378890,6;0,01314562
378907,1;0,01314316
378923,7;0,013142
378940,6;0,01314108
378956,8;0,01313974
378973,8;0,01313908
378990;0,01313794
379006,9;0,01313762
379023,7;0,01313661
379039,7;0,01313478
379056,2;0,01313478
379072,8;0,01313329
379090,1;0,01313174
379105,9;0,01313016
379122,5;0,01312931
379139,1;0,01312931
379155,7;0,01312852
379172,5;0,01312598
379188,8;0,0131251
379205,7;0,0131241
379222,4;0,01312362
379238,5;0,01312349
379255;0,01312349
379271,6;0,01312375
379288,2;0,01312438
379304,7;0,01312481
379321,4;0,01312481
379337,9;0,01312526
379354,4;0,01312526
379371;0,01312526
379388;0,01312725
379406,9;0,01312857
379420,7;0,01313065
379437,3;0,01313205
379453,8;0,01313346
379470,4;0,01313428
379486,9;0,01313566
379503,5;0,01313732
379520,1;0,01313821
379536,7;0,01313998
379553,2;0,01314163
379570;0,01314267
379586,4;0,01314445
379602,9;0,01314547
379619,5;0,01314547
379636,1;0,01314877
379652,6;0,01315109
379669,2;0,01315109
379685,8;0,0131548
379702,3;0,01315706
379718,9;0,01315734
379735,5;0,01315859
379752;0,01316202
379769,3;0,01316375
379785,3;0,01316576
379802;0,01316576
379818,3;0,01317018
379835,3;0,01317055
379851,5;0,01317354
379868;0,01317562
379884,6;0,01317801
379901,1;0,01317826
379917,7;0,01318219
379934,3;0,01318339
379951,1;0,01318493
379967,4;0,01318493
379983,9;0,01318623
380000,6;0,01318771
380017,1;0,01319351
380033,7;0,01319553
380050,2;0,01319821
380067,1;0,01320095
380083,4;0,01320286
380100,1;0,01320473
380116,5;0,01320638
380133,5;0,01320888
380149,6;0,01321041
380166,5;0,01321283
380183;0,01321533
380199,5;0,01321611
380216;0,0132191
380232,4;0,01322047
380249,3;0,01322239
380265,6;0,01322297
380282,2;0,01322297
380299;0,01322783
380315,6;0,01323047
380331,8;0,01323221
380348,6;0,01323433
380365;0,01323683
380381,6;0,01323829
380402,3;0,0132405
380415,2;0,0132425
380431,7;0,0132425
380448,3;0,01324846
380465,1;0,01324868
380481,4;0,01325157
380498;0,01325349
380514,8;0,01325523
380531,1;0,01325775
380547,7;0,01325906
380564,3;0,01325963
380580,8;0,01326338
380597,4;0,01326338
380614;0,01326419
380631;0,01326477
380647,4;0,01326558
380665,7;0,01326602
380682,2;0,01326608
380698,8;0,01326558
380715,4;0,01326531
380731,9;0,01326531
380748,8;0,01326491
380765;0,0132648
380781,7;0,01326491
380798,8;0,01326511
380814,8;0,01326548
380831,3;0,01326568
380847,9;0,01326654
380864,5;0,01326705
380881,2;0,01326705
380897,6;0,01326749
380914,9;0,01326938
380930,9;0,01327099
380947,3;0,0132725
380964,3;0,0132725
380981,2;0,01327617
380997;0,01327617
381013,6;0,01327872
381030,1;0,01327989
381046,7;0,01328224
381063,5;0,01328334
381079,9;0,01328549
381096,5;0,01328654
381112,9;0,01328819
381129,5;0,01329063
381146,1;0,01329092
381162,7;0,01329092
381179,2;0,0132953
381196;0,01329651
381212,3;0,01329752
381228,9;0,0132986
381245,5;0,0132986
381262,1;0,01330094
381279,2;0,01330094
381295,2;0,01330525
381311,8;0,01330662
381328,3;0,01331109
381344,9;0,01331302
381361,4;0,01331439
381378;0,01331543
381394,8;0,01331543
381412;0,01331623
381431,1;0,01331994
381444,3;0,01332305
381460,9;0,01332533
381477,7;0,0133276
381494,3;0,01332889
381510,6;0,01332889
381527,1;0,01333227
381543,8;0,01333436
381560,7;0,01333609
381576,8;0,01333696
381593,4;0,01333696
381610;0,01333851
381626,5;0,01334056
381643,1;0,01334132
381659,7;0,0133425
381676,2;0,01334363
381692,8;0,01334432
381709,3;0,01334432
381726;0,01334583
381742,5;0,01334717
381759,1;0,01334839
381775,6;0,01334984
381792,7;0,01334984
381808,8;0,01335115
381825,3;0,01335309
381842,7;0,01335386
381858,5;0,01335518
381875;0,01335518
381891,8;0,01335578
381908,2;0,01335578
381924,8;0,01335738
381941,3;0,01336031
381957,8;0,01336031
381975;0,01336257
381991;0,0133634
382007,6;0,0133649
382024,1;0,0133649
382041;0,01336705
382057,3;0,01336765
382073,9;0,01336902
382090,4;0,01336971
382107,4;0,0133704
382123,5;0,01337061
382140,8;0,01337307
382156,7;0,01337412
382173,3;0,01337461
382189,8;0,01337461
382206,4;0,01337568
382223,2;0,01337673
382239,7;0,01337718
382256;0,01337811
382272,8;0,01337811
382289,2;0,01337914
382305,8;0,01337983
382322,3;0,01338073
382339;0,01338166
382355,5;0,01338211
382372;0,01338267
382388,6;0,0133839
382405,2;0,0133839
382422,2;0,01338654
382440,8;0,01338726
382457,7;0,01338871
382473,9;0,01338871
382490,6;0,01339015
382507,1;0,01339149
382524;0,01339149
382540,2;0,01339207
382556,8;0,01339323
382573,3;0,01339748
382590,1;0,01339903
382606,5;0,01340147
382623,1;0,01340625
382639,6;0,01340625
382656,2;0,01340999
382672,7;0,01341298
382689,4;0,01341609
382705,9;0,01341771
382722,4;0,0134189
382739,6;0,01342138
382755,6;0,01342342
382772,1;0,01342432
382788,7;0,01342524
382805,3;0,01342524
382821,8;0,01342865
382838,5;0,01342939
382855;0,01343094
382871,6;0,01343173
382888,3;0,01343173
382904,8;0,01343437
382921,2;0,01343455
382937,8;0,01343455
382954,5;0,01343518
382970,9;0,01343767
382987,5;0,01343861
383004,3;0,01343978
383021,1;0,01344106
383037,6;0,01344171
383053,8;0,01344196
383070,5;0,01344367
383086,9;0,01344502
383103,5;0,01344502
383120,2;0,01344644
383136,6;0,01344786
383153,7;0,01344786
383169,8;0,01344859
383186,9;0,01344865
383202,9;0,01344931
383219,4;0,0134515
383236;0,01345371
383252,6;0,01345464
383269,2;0,01345559
383285,7;0,01345618
383302,3;0,01345654
383319,2;0,01345697
383335,4;0,01345846
383352;0,01345896
383368,6;0,01345982
383385,3;0,01346036
383402,3;0,01346079
383418,3;0,01346143
383444,1;0,01346209
383460,7;0,01346213
383477,6;0,01346338
383493,8;0,01346379
383510,7;0,01346424
383526,9;0,01346449
383543,9;0,01346492
383560,3;0,01346592
383576,7;0,01346774
383593,2;0,01346833
383610,2;0,01346833
383626,6;0,01346973
383643,5;0,01347191
383659,5;0,01347257
383676,1;0,0134733
383693;0,01347393
383709,4;0,01347622
383725,9;0,01347768
383742,7;0,01347849
383758,9;0,01347913
383775,7;0,01348008
383792,4;0,01348008
383808,8;0,01348083
383825,3;0,01348083
383842,1;0,01348226
383858,3;0,01348479
383874,8;0,01348674
383891,4;0,01348912
383908;0,0134905
383924,6;0,01349121
383941,1;0,01349232
383957,7;0,01349232
383974,3;0,01349339
383990,8;0,01349428
384007,6;0,01349526
384024;0,01349579
384040,5;0,01349579
384057,1;0,01349777
384073,8;0,01349829
384090,6;0,01349938
384106,8;0,01349988
384123,3;0,01349988
384139,9;0,01350138
384156,8;0,01350179
384173;0,01350186
384189,6;0,01350378
384206,2;0,01350478
384222,8;0,01350527
384239,4;0,01350563
384255,9;0,01350613
384272,5;0,0135074
384289,4;0,0135079
384305,8;0,01350882
384322,2;0,01350882
384338,7;0,01351116
384355,5;0,0135117
384372;0,01351318
384388,4;0,01351462
384405;0,01351556
384421,6;0,0135172
384438,1;0,0135172
384454,7;0,01351805
384471,3;0,01351805
384487,9;0,01351869
384509,3;0,01352271
384525,8;0,01352852
384542,7;0,01352875
384559;0,01353094
384576,2;0,01353211
384592,1;0,01353234
384608,7;0,01353274
384625,9;0,01353347
384641,8;0,01353407
384658,3;0,01353545
384675,2;0,01353545
384692,2;0,01353682
384708;0,01353987
384724,6;0,01354103
384741,2;0,01354312
384757,8;0,01354448
384774,3;0,01354607
384791,7;0,01354787
384807,4;0,01354909
384824,4;0,01355052
384840,6;0,0135509
384857,2;0,01355178
384873,7;0,01355466
384890,3;0,01355579
384907,1;0,01355721
384923,5;0,01355858
384940,2;0,0135594
384956,5;0,01356011
384973,1;0,01356081
384989,9;0,01356258
385006,3;0,01357188
385022,8;0,01357508
385039,4;0,01358057
385055,9;0,01358251
385072,5;0,01358251
385089,1;0,01358476
385105,8;0,01358648
385122,4;0,01358648
385138,8;0,01359268
385155,5;0,01359934
385171,9;0,01360099
385188,5;0,01360229
385205,1;0,01360229
385221,6;0,01360494
385238,2;0,01360474
385254,8;0,01360431
385271,3;0,01360379
385288,3;0,01360379
385304,4;0,01360361
385321;0,01359935
385337,6;0,01359598
385354,2;0,01359359
385370,7;0,01358947
385387,3;0,0135866
385403,8;0,01358464
385420,7;0,01357893
385437;0,01357673
385453,6;0,01357323
385470,7;0,01357138
385491,2;0,01356489
385507,8;0,01356376
385524,3;0,01355575
385541,3;0,01354798
385557,5;0,01354798
385574;0,01353919
385590,6;0,01353353
385607,9;0,01353016
385623,8;0,01351725
385640,3;0,01351289
385656,9;0,01350733
385673,4;0,01350043
385690,7;0,01350043
385707,1;0,01349588
385723,2;0,01349588
385740,2;0,01349174
385756,3;0,01348589
385773,1;0,01346727
385789,4;0,01345041
385806;0,01345041
385823,4;0,01343593
385839,5;0,01342707
385855,7;0,01342208
385872,2;0,01341708
385889,2;0,01341478
385905,4;0,01340274
385921,9;0,0133952
385938,7;0,01338202
385955,1;0,01337731
385971,7;0,01336724
385988,2;0,01335735
386004,8;0,01335127
386022;0,01334096
386037,9;0,01333598
386054,5;0,01332529
386071;0,01331546
386087,6;0,01331447
386104,2;0,01330873
386120,7;0,0133023
386137,3;0,01329481
386153,9;0,01327267
386170,4;0,01326374
386187;0,0132575
386203,6;0,01324714
386220,3;0,01324714
386236,9;0,0132302
386253,3;0,01322514
386269,9;0,01321391
386286,5;0,01320706
386303;0,01319785
386319,6;0,01319785
386336,1;0,01317543
386352,7;0,01317382
386369,3;0,01317146
386385,8;0,01316767
386402,4;0,01316201
386418,9;0,01315632
386435,5;0,01315632
386452,4;0,01313997
386468,7;0,01312483
386485,4;0,01309561
386505,2;0,01308004
386519,4;0,01307186
386535;0,01305859
386551,5;0,01304524
386568,1;0,01303758
386584,6;0,01303758
386601,3;0,01301874
386617,8;0,0130066
386634,3;0,01299368
386651,3;0,01298341
386667,4;0,01298341
386684;0,01296656
386700,6;0,01295553
386717,3;0,01294196
386734;0,01294196
386750,3;0,01293352
386767,2;0,01291136
386784;0,01290082
386800;0,01290082
386816,5;0,01287429
386833,2;0,01287315
386849,7;0,01286139
386866,3;0,01286139
386883,1;0,01284364
386899,8;0,01282851
386916,1;0,01281615
386933,3;0,01281038
386949,1;0,01279843
386965,6;0,01278615
386982,2;0,0127772
386998,8;0,0127772
387015,9;0,01276908
387032,4;0,01276908
387048,6;0,01275122
387065,1;0,01271636
387081,6;0,01269818
387098,2;0,01268937
387115,2;0,0126745
387131,3;0,01266334
387147,9;0,01264644
387164,8;0,01263822
387181,2;0,0126228
387197,6;0,01261503
387214,2;0,01260828
387231,3;0,01260596
387247,3;0,01258903
387263,8;0,01257374
387280,4;0,01256324
387297,1;0,01255723
387313,6;0,01254616
387330,1;0,01254616
387346,7;0,012541
387363,2;0,01252469
387379,8;0,01251468
387396,4;0,01250425
387413,3;0,01249851
387429,6;0,01248966
387446,1;0,01248966
387462,7;0,01248007
387479,2;0,01246919
387495,8;0,01246116
387512,4;0,01245608
387531,4;0,01244573
387545,6;0,01244049
387562;0,01243446
387578,6;0,01242717
387595,2;0,01242342
387611,7;0,01241592
387628,4;0,0124118
387644,9;0,0124118
387661,5;0,01240842
387678;0,01240842
387694,6;0,01240842
387711,1;0,01240378
387727,7;0,01238869
387744,3;0,0123773
387761,4;0,01236655
387777,4;0,01236297
387794;0,01235944
387810,6;0,01235671
387827,6;0,01234599
387843,7;0,01233923
387860,2;0,01233923
387876,8;0,01232991
387893,4;0,01232601
387910,1;0,01232051
387926,5;0,01231704
387943,4;0,012311
387959,6;0,012311
387976,2;0,01230412
387992,8;0,01229903
388009,8;0,01229903
388026,2;0,01228879
388042,5;0,01228372
388059,3;0,0122818
388075,9;0,01227439
388092,2;0,01227139
388108,7;0,01226776
388125,3;0,01226621
388141,9;0,0122628
388158,4;0,01225648
388175;0,01225142
388191,6;0,01224883
388208,1;0,01224883
388224,7;0,01224253
388241,3;0,01223634
388258,1;0,01223373
388274,9;0,01223238
388291;0,01223114
388307,5;0,01222878
388324,1;0,01222878
388340,7;0,01222039
388357,3;0,01221261
388373,8;0,01220662
388390,4;0,01220133
388406,9;0,01219661
388423,5;0,01219386
388440,1;0,01219386
388456,6;0,01218599
388473,3;0,01218444
388490,2;0,01217973
388506,3;0,0121749
388523,2;0,01217129
388539,5;0,01216849
388556;0,01216565
388575,1;0,0121638
388591,7;0,01215631
388608,3;0,01215414
388624,9;0,01214939
388641,4;0,01214939
388658;0,01214343
388674,5;0,01214025
388691,1;0,01213593
388707,7;0,01213171
388724,3;0,0121295
388740,8;0,01212517
388757,3;0,01212256
388773,9;0,01211932
388790,5;0,01211708
388807,2;0,01211529
388824;0,01211332
388840,3;0,01210779
388856,8;0,01210444
388873,3;0,01210263
388890,4;0,01210263
388906,7;0,01210064
388923;0,01210064
388939,9;0,01209914
388956,2;0,01209726
388972,9;0,01209282
388989,3;0,01208831
389006,6;0,01208444
389022,4;0,01208042
389039;0,01207897
389055,5;0,01207664
389072,1;0,01207443
389088,7;0,01207331
389105,3;0,01207134
389121,8;0,01206969
389138,4;0,01206926
389154,9;0,01206816
389172;0,01206726
389188,3;0,01206651
389204,8;0,01206625
389221,3;0,01206625
389238,7;0,01206644
389254,6;0,01206675
389271,1;0,01206737
389287,5;0,01206756
389304,8;0,01206817
389320,6;0,01207018
389337,2;0,01207167
389354,4;0,01207302
389370,5;0,01207443
389386,9;0,01207562
389403,5;0,01207562
389420;0,01208013
389436,9;0,01208063
389453,2;0,01208348
389470,2;0,01208561
389486,3;0,01208869
389503,5;0,01209088
389520,2;0,01209192
389536,9;0,01209302
389552,7;0,01209526
389569,3;0,01209726
389585,9;0,01209726
389602,3;0,0120987
389618,8;0,01210209
389635,4;0,01211558
389651,9;0,01211827
389668,5;0,0121228
389685,1;0,01212656
389701,6;0,01212788
389718,2;0,01213042
389734,8;0,01213795
389751,4;0,01214139
389768;0,01214335
389784,5;0,01214612
389801,3;0,01215433
389817,6;0,01215959
389834,2;0,01216261
389850,9;0,01216261
389867,4;0,0121702
389883,9;0,01217766
389900,4;0,01218159
389917,3;0,01218676
389933,6;0,01219314
389950,1;0,01219602
389966,7;0,01220213
389983,3;0,01220566
390000,3;0,01220823
390016,4;0,01221145
390033;0,01222083
390049,8;0,01222707
390066,1;0,01223039
390083,3;0,01223039
390099,3;0,0122405
390115,8;0,01224317
390132,4;0,0122494
390149,5;0,01225574
390165,5;0,01226034
390182,3;0,01226584
390198,6;0,01226584
390215,2;0,01226584
390231,8;0,01226584
390248,9;0,01227297
390264,9;0,01228787
390281,5;0,01229612
390298;0,01230339
390315,1;0,01230339
390331,6;0,01231405
390348,1;0,01231923
390364,3;0,01232688
390380,9;0,01233109
390397,4;0,01233458
390414;0,01233684
390431,2;0,01235068
390447,3;0,01235858
390463,7;0,01236376
390480,3;0,0123665
390496,8;0,0123706
390513,4;0,01238255
390530;0,01238622
390546,7;0,01239442
390563,1;0,01239442
390579,9;0,01240828
390596,3;0,01241033
390613,6;0,01241814
390629,9;0,0124259
390646,1;0,01243224
390662,6;0,01243793
390679,3;0,01244153
390695,7;0,01244153
390712,3;0,01245691
390728,8;0,01246236
390745,3;0,01246824
390761,9;0,01247211
390778,5;0,01247911
390795;0,01248452
390812;0,01249039
390828,2;0,01249468
390844,8;0,01249468
390861,8;0,01250212
390877,9;0,01250212
390894,4;0,0125187
390911;0,01252436
390928,1;0,01252811
390944,2;0,01252961
390960,8;0,01254295
390977,9;0,01254774
390993,8;0,01255301
391010,4;0,01255301
391027;0,01256131
391043,6;0,01257026
391060,8;0,01257408
391076,7;0,01258081
391093,2;0,01258081
391109,8;0,01258944
391126,4;0,01259408
391142,9;0,01259408
391160;0,01260746
391176,1;0,01261091
391192,7;0,01261662
391209,5;0,0126178
391226,5;0,01262448
391242,5;0,01262747
391258,9;0,01263671
391275,5;0,01263999
391292,3;0,01263999
391308,6;0,01264958
391325,5;0,01265562
391341,8;0,01265841
391358,6;0,01266491
391374,9;0,01267019
391391,4;0,01267319
391408;0,01267865
391424,6;0,01268122
391441,2;0,01268409
391457,9;0,01269258
391474,3;0,01269258
391490,8;0,01269501
391507,4;0,01269501
391524;0,01270081
391540,6;0,01270767
391557,1;0,01271514
391573,7;0,01271786
391590,3;0,0127219
391606,8;0,01272576
391623,4;0,01272816
391640;0,01273002
391656,5;0,01273053
391673,7;0,01273477
391690,3;0,01274112
391706,8;0,01274322
391723,3;0,01274322
391740,3;0,01274673
391756,5;0,01274897
391773;0,01275375
391789,9;0,01275553
391806,2;0,0127559
391822,8;0,01276171
391839,3;0,01276448
391856,8;0,01276625
391872,6;0,01276755
391889;0,01277024
391906,1;0,0127721
391922,2;0,0127744
391939,4;0,01277685
391956;0,012778
391972,6;0,01278028
391989,2;0,01278193
392006;0,0127838
392022,3;0,01278513
392038,8;0,01278626
392055,4;0,01278626
392072;0,01278886
392088,6;0,01279341
392105,1;0,01279471
392121,7;0,01279471
392138,3;0,01279585
392154,8;0,01279585
392172;0,01279972
392188,2;0,01280369
392204,5;0,01280687
392221,6;0,01280847
392237,9;0,01281093
392254,3;0,01281235
392271;0,01281383
392287,3;0,01281573
392303,9;0,01281766
392320,6;0,01281856
392337,6;0,01282053
392354,1;0,01282053
392370,2;0,01282151
392386,8;0,01282488
392403,3;0,01282578
392419,9;0,01282736
392436,5;0,01282818
392453;0,01282948
392469,6;0,01283026
392486,2;0,01283159
392503,2;0,01283251
392519,3;0,01283349
392535,8;0,01283417
392552,4;0,01283519
392569;0,01283627
392586,4;0,01283684
392602,1;0,01283729
392618,8;0,01283782
392635,3;0,01283782
392652,8;0,01283873
392668,4;0,01283908
392684,9;0,01283914
392703,7;0,01283984
392720,7;0,01284051
392736,8;0,01284067
392753,5;0,01284067
392770;0,01284085
392786,5;0,0128409
392803,3;0,01284126
392819,7;0,01284132
392836,2;0,01284122
392852,8;0,0128411
392869,3;0,01284088
392885,9;0,01284057
392902,5;0,01284037
392919;0,01284004
392935,6;0,01283982
392952,3;0,01283982
392968,8;0,01283953
392985,3;0,01283929
393001,9;0,01283904
393018,4;0,01283892
393035;0,01283892
393051,6;0,01283873
393068,2;0,01283865
393084,7;0,01283861
393101,3;0,01283849
393117,8;0,01283843
393134,4;0,01283829
393151;0,01283827
393167,5;0,0128381
393184,1;0,01283771
393200,7;0,01283724
393217,6;0,01283695
393234,4;0,01283685
393250,4;0,01283679
393266,9;0,01283722
393283,5;0,01283739
393300,2;0,01283848
393317;0,01283915
393333,2;0,01283944
393349,8;0,01283992
393366,3;0,01283992
393382,9;0,01284013
393399,6;0,01284013
393416;0,01284013
393432,6;0,01284013
393449,3;0,0128408
393466,6;0,01284134
393482,6;0,01284138
393498,9;0,01284144
393515,8;0,01284163
393532;0,01284178
393548,8;0,01284186
393565,1;0,01284186
393582,3;0,01284207
393598,8;0,01284215
393614,8;0,01284226
393631,4;0,01284232
393648;0,01284232
393664,8;0,01284284
393681,7;0,01284292
393700,3;0,01284342
393716,9;0,01284354
393733,9;0,01284396
393750,1;0,01284431
393766,7;0,01284431
393783,3;0,01284448
393800,1;0,01284462
393816,4;0,01284475
393833,4;0,01284512
393849,5;0,0128451
393866;0,01284512
393882,6;0,01284512
393899,4;0,01284512
393915,9;0,0128449
393932,3;0,01284475
393948,8;0,01284471
393965,4;0,01284471
393982;0,01284463
393998,6;0,01284475
394015,1;0,01284467
394031,7;0,01284467
394048,3;0,01284463
394064,8;0,01284461
394081,4;0,01284434
394098,5;0,01284405
394114,5;0,01284405
394131,2;0,01284356
394147,7;0,01284192
394164,2;0,01284182
394180,8;0,01284137
394197,3;0,01283992
394214,6;0,01283899
394231,2;0,01283803
394247;0,01283743
394263,7;0,01283649
394280,7;0,01283598
394297,2;0,01283534
394313,3;0,01283454
394330,2;0,01283364
394346,5;0,01283306
394363;0,01283209
394379,6;0,0128314
394396,2;0,01283105
394412,8;0,0128306
394429,5;0,01282914
394446;0,01282914
394462,4;0,0128285
394479;0,01282698
394495,5;0,01282659
394512,1;0,0128263
394529;0,01282612
394545,3;0,0128252
394561,8;0,01282491
394579,3;0,01282454
394595,2;0,01282454
394611,6;0,01282442
394628,5;0,01282415
394645,1;0,01282397
394661,2;0,01282395
394678,5;0,01282395
394694,4;0,01282395
394710,9;0,01282395
394727,5;0,01282395
394744,8;0,01282399
394760,6;0,01282434
394777,3;0,01282469
394793,8;0,01282497
394810,8;0,01282524
394827,1;0,01282524
394843,8;0,01282581
394860;0,01282669
394876,6;0,01282726
394893,2;0,01282822
394909,7;0,01282884
394926,3;0,01282939
394943;0,01283035
394959,4;0,01283135
394976,3;0,01283182
394992,6;0,01283182
395009,1;0,0128333
395025,7;0,01283348
395042,3;0,01283418
395058,8;0,01283515
395075,4;0,01283589
395092,2;0,01283626
395108,5;0,01283698
395125,1;0,01283741
395141,8;0,01283811
395158,2;0,01283889
395175;0,01283903
395191,3;0,01283988
395207,9;0,01284031
395224,9;0,01284031
395241,1;0,01284081
395257,6;0,01284039
395274,2;0,01283985
395290,9;0,01283882
395307,3;0,01283826
395323,9;0,01283826
395340,9;0,0128378
395357;0,01283765
395373,6;0,01283642
395390,2;0,01283501
395406,7;0,01283455
395424,2;0,0128344
395439,8;0,01283434
395456,4;0,01283428
395473;0,0128344
395489,8;0,01283467
395506,1;0,01283493
395522,8;0,01283547
395539,3;0,01283574
395555,9;0,01283611
395572,4;0,01283705
395589;0,01283745
395605,9;0,01283827
395622,1;0,01283866
395638,8;0,01283896
395655,2;0,0128395
395671,8;0,01283992
395688,3;0,01283992
395704,9;0,01284002
395723,8;0,01284042
395740,3;0,0128404
395756,9;0,01284056
395773,5;0,01284067
395790,1;0,01284104
395806,6;0,01284102
395823,2;0,01284152
395839,8;0,01284212
395856,6;0,01284285
395873;0,01284335
395890,3;0,01284399
395906;0,0128448
395922,6;0,01284532
395939,4;0,01284573
395956,2;0,01284627
395972,6;0,01284627
395988,9;0,0128467
396005,4;0,0128467
396022;0,01284906
396038,6;0,01285076
396055,2;0,0128514
396071,7;0,01285266
396088,3;0,01285406
396104,8;0,01285479
396121,4;0,01285621
396138,4;0,01285632
396154,9;0,01285733
396171,2;0,0128603
396187,8;0,01286158
396204,8;0,01286327
396220,9;0,01286444
396237,4;0,01286626
396253,9;0,01286773
396270,7;0,01286949
396287,1;0,01286949
396303,7;0,01286986
396320,4;0,01287411
396336,8;0,01287586
396353,3;0,01287686
396370;0,01287893
396386,8;0,01288106
396403;0,01288216
396419,6;0,0128835
396436,2;0,01288514
396452,7;0,01288615
396469,8;0,01288727
396486,1;0,01289042
396502,8;0,01289042
396519;0,01289092
396535,6;0,0128951
396552,1;0,01289645
396569,1;0,01289852
396585,3;0,01289956
396601,8;0,01289956
396618,4;0,01290054
396634,9;0,01290151
396651,5;0,01290388
396668,3;0,01290774
396684,7;0,01290867
396701,3;0,01290867
396718,3;0,01291308
396734,5;0,01291406
396750,9;0,01291614
396767,5;0,01291614
396784,1;0,01291826
396800,6;0,01292042
396817,3;0,01292242
396833,8;0,01292347
396850,3;0,01292347
396866,9;0,0129263
396883,5;0,01292824
396900;0,0129296
396916,6;0,0129307
396933,2;0,0129307
396949,8;0,01293231
396966,7;0,01293496
396983;0,01293578
396999,5;0,01293578
397016;0,01293897
397033;0,01293983
397050;0,01294111
397066,2;0,01294146
397082,5;0,01294301
397099,3;0,01294485
397115,6;0,01294654
397132;0,01294769
397148,5;0,01294813
397165,6;0,01294955
397182,2;0,01295031
397199,2;0,01295257
397214,8;0,01295336
397231,3;0,01295336
397247,9;0,0129541
397264,5;0,01295483
397281,1;0,01295483
397297,6;0,01295726
397314,3;0,01296006
397331;0,01296122
397347,3;0,01296277
397364,4;0,01296356
397380,5;0,0129648
397397;0,01296609
397413,8;0,01296708
397430,7;0,01296708
397446,7;0,01296842
397463,4;0,01296919
397479,9;0,01296991
397497;0,01297039
397513;0,01297054
397529,6;0,01297073
397546,4;0,01297081
397562,7;0,01297081
397579,4;0,01297104
397595,8;0,01297117
397612,4;0,01297131
397629;0,01297133
397645,5;0,01297165
397662,4;0,01297192
397678,7;0,01297257
397696;0,01297293
397711,8;0,01297366
397728,4;0,01297402
397744,9;0,01297484
397762;0,01297484
397778,7;0,01297524
397794,7;0,01297717
397811,2;0,01297766
397828,4;0,01297868
397844,3;0,01297923
397860,9;0,01298005
397877,5;0,01298005
397894;0,01298005
397910,7;0,01298005
397927,3;0,0129807
397943,7;0,0129829
397960,3;0,01298408
397976,9;0,01298489
397993,9;0,01298489
398010,3;0,01298571
398026,7;0,01298619
398043,1;0,01298665
398059,7;0,01298684
398076,3;0,01298705
398092,8;0,01298709
398109,4;0,01298753
398126,1;0,0129882
398142,5;0,0129883
398159,1;0,01298849
398175,7;0,0129886
398192,4;0,01298898
398208,8;0,01298904
398225,4;0,01298904
398241,9;0,01298904
398258,5;0,01298893
398275,1;0,01298895
398291,7;0,01298893
398308,2;0,01298887
398324,8;0,01298877
398341,3;0,01298862
398357,9;0,01298862
398374,4;0,01298847
398391;0,01298828
398407,6;0,01298818
398424,2;0,01298791
398441;0,01298791
398457,3;0,01298726
398473,9;0,01298701
398490,4;0,0129865
398507;0,01298652
398523,6;0,01298627
398540,3;0,01298627
398556,7;0,01298602
398573,3;0,01298508
398589,8;0,01298426
398606,4;0,01298371
398623;0,01298346
398639,5;0,01298346
398656,1;0,01298258
398672,7;0,01298208
398689,3;0,01298189
398706,3;0,01298145
398722,6;0,01298145
398739,2;0,01298079
398755,5;0,01298052
398772,1;0,01297997
398791;0,01297932
398808,3;0,01297877
398824,2;0,01297852
398841;0,01297825
398857,3;0,01297816
398873,8;0,01297699
398890,4;0,0129765
398906,9;0,01297608
398923,5;0,01297555
398940,1;0,01297497
398956,7;0,01297432
398973,3;0,01297385
398989,8;0,01297312
399006,4;0,01297272
399022,9;0,01297225
399039,5;0,01297173
399056,3;0,01297173
399072,6;0,01297082
399089,2;0,01297023
399105,8;0,01296983
399122,3;0,01296945
399138,9;0,01296903
399155,5;0,01296901
399172;0,01296901
399188,6;0,01296893
399205,2;0,01296796
399221,8;0,01296726
399238,4;0,01296697
399255,2;0,01296629
399271,4;0,01296621
399288;0,0129657
399304,6;0,01296501
399321,1;0,01296463
399338,4;0,01296419
399354,3;0,01296357
399370,8;0,01296334
399387,4;0,01296305
399404;0,01296303
399420,6;0,0129621
399437,1;0,01296174
399453,7;0,01296136
399470,4;0,01296109
399486,8;0,0129609
399503,7;0,01296084
399519,9;0,0129609
399536,5;0,01296094
399553,3;0,01296107
399569,7;0,01296111
399586,3;0,01296122
399602,8;0,01296153
399619,3;0,01296172
399636,1;0,01296181
399652,5;0,01296202
399669,2;0,01296219
399685,6;0,01296229
399702,9;0,01296246
399718,7;0,01296257
399735,3;0,01296257
399751,9;0,01296282
399768,6;0,01296297
399785;0,01296297
399801,6;0,01296297
399820,5;0,01296303
399837,5;0,01296303
399853,8;0,0129632
399870,2;0,01296356
399886,8;0,01296388
399903,3;0,01296407
399919,9;0,0129646
399936,5;0,01296496
399953,5;0,012966
399969,8;0,01296717
399986,3;0,01296801
400002,7;0,01296871
400019,3;0,01296898
400035,8;0,01297126
400052,9;0,01297271
400069;0,01297466
400085,8;0,01297466
400102,1;0,01297642
400119;0,01297838
400135,8;0,01297948
400152;0,01298088
400168,4;0,01298158
400184,9;0,01298215
400201,6;0,01298215
400218,5;0,01298469
400234,8;0,01298524
400251,4;0,0129864
400267,8;0,01298699
400284,3;0,012988
400300,9;0,01298912
400317,4;0,01298965
400334;0,01299048
400350,8;0,01299077
400367,2;0,01299126
400383,9;0,01299341
400400,3;0,01299341
400416,9;0,01299472
400433,4;0,01299516
400450;0,01299567
400466,6;0,01299567
400483,4;0,01299687
400499,8;0,01299871
400516,3;0,01300014
400532,8;0,01300126
400549,4;0,0130018
400566;0,01300292
400582,5;0,01300319
400599,2;0,01300416
400615,7;0,01300511
400632,2;0,01300619
400648,8;0,01300684
400665,4;0,01300739
400682;0,0130084
400698,5;0,01300918
400715,3;0,01300958
400731,6;0,01301007
400748,2;0,01301034
400765,1;0,01301063
400781,3;0,01301086
400797,9;0,01301086
400814,6;0,01301126
400831;0,01301158
400847,6;0,01301189
400864,2;0,01301227
400880,8;0,01301225
400897,5;0,01301242
400913,8;0,01301267
400930,4;0,01301298
400947;0,01301319
400963,6;0,0130133
400980,1;0,01301355
400996,7;0,01301369
401013,6;0,01301393
401029,8;0,01301393
401046,4;0,01301395
401063;0,01301401
401079,5;0,01301397
401096,1;0,01301397
401112,7;0,01301395
401129,2;0,01301376
401145,8;0,01301338
401162,4;0,01301332
401178,9;0,01301332
401195,5;0,01301328
401212,1;0,01301321
401228,6;0,01301321
401245,2;0,01301321
401261,9;0,01301332
401278,4;0,01301342
401294,9;0,01301351
401311,5;0,01301365
401328,5;0,01301374
401344,7;0,01301378
401361,8;0,01301382
401377,7;0,01301384
401394,3;0,01301378
401410,8;0,01301376
401427,5;0,01301372
401444;0,01301378
401460,6;0,01301384
401477,1;0,01301386
401493,8;0,01301395
401510,9;0,01301399
401526,8;0,01301401
401543,5;0,01301407
401560;0,01301405
401576,8;0,01301443
401593,1;0,01301454
401610,3;0,01301492
401626,3;0,01301492
401642,8;0,01301564
401659,8;0,01301589
401676,3;0,01301613
401692,5;0,01301636
401709,2;0,01301659
401725,9;0,01301672
401742,6;0,01301674
401758,8;0,01301687
401775,3;0,01301732
401792;0,01301732
401808,6;0,01301787
401825,1;0,01301853
401844,1;0,01301914
401860,6;0,01301914
401877,2;0,01301968
401893,8;0,01302063
401910,3;0,01302115
401926,9;0,01302119
401943,4;0,01302143
401960;0,01302179
401976,6;0,01302188
401993,2;0,01302162
402010;0,01302162
402026,3;0,01302125
402042,8;0,01302127
402059,4;0,01302114
402076;0,01302084
402092,6;0,01302084
402109,1;0,01302074
402125,7;0,01302089
402142,3;0,01302099
402158,8;0,01302099
402175,4;0,01302148
402192;0,01302146
402208,6;0,01302191
402225,1;0,01302217
402241,6;0,01302249
402258,4;0,0130226
402275,2;0,01302283
402291,3;0,0130229
402307,9;0,01302352
402324,8;0,01302394
402341,1;0,01302422
402358;0,01302422
402374,2;0,0130245
402390,8;0,01302471
402407,3;0,01302493
402423,9;0,01302538
402440,5;0,01302619
402457,1;0,01302678
402473,6;0,01302736
402490,2;0,01302787
402507;0,01302787
402523,3;0,01302894
402539,9;0,01302986
402556,4;0,01303121
402573;0,01303211
402589,9;0,01303241
402606,2;0,01303489
402622,8;0,01303683
402639,3;0,01304023
402655,8;0,01304023
402672,4;0,01304377
402689;0,01304623
402705,5;0,01304623
402722,6;0,01305304
402738,7;0,01305624
402755,2;0,01305918
402771,8;0,01306288
402788,4;0,01306721
402804,9;0,01306986
402821,5;0,01307472
402838;0,0130773
402854,6;0,01308161
402871,2;0,01308664
402887,8;0,01308664
402904,3;0,01308898
402920,9;0,01309478
402937,4;0,01310087
402954;0,01310354
402970,6;0,01310354
402987,2;0,01310602
403003,7;0,01310602
403020,6;0,01310838
403036,8;0,01310838
403053,4;0,01311262
403070;0,01311843
403086,6;0,01312631
403103,1;0,01313102
403119,7;0,01313261
403136,3;0,01313601
403153,2;0,01313929
403169,9;0,01314157
403185,9;0,01314426
403202,5;0,01314783
403219,1;0,01314783
403235,7;0,01315294
403252,2;0,01315481
403268,8;0,01315833
403285,3;0,01316021
403301,9;0,01316401
403318,5;0,01316576
403335,2;0,01316576
403351,6;0,01317224
403368,2;0,0131755
403384,8;0,01317955
403401,6;0,01318153
403418,2;0,0131857
403434,9;0,01318758
403451;0,01319146
403467,9;0,0131933
403484,2;0,01319631
403500,8;0,0131993
403517,3;0,01319947
403533,8;0,01320242
403550,4;0,01320479
403567;0,01320728
403583,6;0,01320851
403600,9;0,01321088
403616,7;0,01321185
403634,3;0,0132123
403649,8;0,01321289
403666,4;0,01321385
403683,1;0,01321675
403699,5;0,01321963
403716,1;0,01322153
403732,6;0,0132228
403749,3;0,01322427
403766,1;0,01322517
403782,3;0,01322697
403798,9;0,01322787
403815,5;0,01322942
403832,1;0,01323031
403848,6;0,01323191
403865,7;0,01323191
403882;0,01323273
403898,3;0,01323526
403915,2;0,01323586
403931,5;0,01323712
403948;0,01323773
403964,8;0,01323831
403981,1;0,0132389
403997,7;0,01324074
404014,3;0,01324193
404030,8;0,01324249
404047,4;0,01324375
404064;0,0132444
404080,6;0,0132457
404097,3;0,01324628
404114,3;0,01324689
404130,3;0,01324728
404147,3;0,01324782
404163,4;0,01325074
404180;0,01325143
404196,5;0,01325275
404213,1;0,0132534
404229,7;0,01325503
404246,2;0,01325586
404262,8;0,01325679
404279,3;0,01325707
404296,6;0,01325774
404312,5;0,01325852
404329,1;0,01325946
404345,6;0,01326131
404362,2;0,01326457
404378,9;0,01326776
404395,3;0,01326882
404412;0,01327078
404428,4;0,01327176
404445,6;0,01327273
404462,1;0,01327505
404478,2;0,01327664
404494,7;0,01327866
404511,3;0,01328004
404528,5;0,01328054
404544,4;0,01328104
404561,3;0,01328378
404577,5;0,01328428
404594,1;0,01328513
404610,7;0,01328551
404627,3;0,01328564
404644,4;0,01328562
404660,4;0,01328533
404677,4;0,01328495
404693,8;0,01328471
404710,1;0,0132842
404726,7;0,0132842
404743,2;0,01328377
404759,8;0,01328362
404776,6;0,01328188
404792,9;0,01328161
404810;0,01328098
404826,1;0,0132804
404842,6;0,01328017
404861,8;0,01327972
404878,4;0,01327984
404895;0,01327954
404911,6;0,01327954
404928,1;0,0132795
404944,9;0,01327945
404961,3;0,01327945
404977,8;0,01327941
404994,4;0,01328024
405011;0,01328091
405027,5;0,01328214
405044,1;0,01328356
405060,8;0,01328356
405077,3;0,01328744
405093,8;0,01329089
405110,8;0,01329239
405127,4;0,01329402
405144;0,01329583
405160,9;0,01329658
405177,1;0,01329812
405193,8;0,0132989
405210,3;0,01329999
405226,8;0,01330092
405243,4;0,01330146
405259,9;0,01330185
405276,8;0,0133023
405293,5;0,0133023
405309,6;0,01330292
405326,4;0,01330335
405342,8;0,0133035
405359,3;0,0133037
405375,9;0,01330379
405392,5;0,01330397
405409,1;0,01330401
405425,8;0,01330417
405442,2;0,01330417
405458,8;0,01330461
405475,5;0,01330486
405492;0,01330554
405508,5;0,01330663
405525;0,0133072
405541,6;0,01330793
405558,1;0,01330791
405574,8;0,01330791
405591,3;0,01330791
405607,8;0,01330868
405624,5;0,01331053
405641,3;0,01331205
405657,6;0,01331253
405674,1;0,0133135
405691,1;0,0133146
405707,6;0,01331535
405723,8;0,01331603
405740,4;0,01331669
405757;0,01331755
405773,5;0,01331755
405790,9;0,01331894
405806,8;0,01332035
405823,2;0,01332094
405842,9;0,01332202
405856,7;0,01332294
405872,9;0,01332378
405889,5;0,01332506
405906,8;0,01332587
405922,6;0,01332693
405939,2;0,01332779
405956;0,01332846
405972,3;0,01332956
405988,9;0,01333026
406005,4;0,01333134
406022;0,0133322
406038,6;0,01333257
406055,2;0,01333283
406071,7;0,01333338
406088,3;0,01333338
406104,8;0,01333419
406121,4;0,01333456
406138;0,01333505
406154,5;0,01333535
406171,4;0,01333535
406187,7;0,01333577
406204,8;0,01333577
406221,2;0,01333623
406237,4;0,01333672
406253,9;0,01333831
406271,2;0,01334038
406287,3;0,01334162
406303,7;0,01334329
406320,3;0,0133441
406336,9;0,01334615
406353,4;0,01334778
406370,3;0,01334886
406386,6;0,01335123
406403;0,01335123
406419,6;0,0133553
406436,2;0,01335739
406452,9;0,01335864
406469,3;0,01336129
406486,2;0,01336333
406502,6;0,01336464
406519,3;0,01336617
406535,8;0,0133663
406552,2;0,01337114
406568,7;0,01337278
406585,3;0,01337517
406602,2;0,01337652
406618,5;0,01337921
406635;0,0133814
406651,6;0,01338344
406668,2;0,01338344
406684,9;0,01338603
406701,2;0,0133889
406718,1;0,0133912
406734,4;0,0133912
406751,3;0,01339518
406767,6;0,01339737
406784,1;0,01339905
406800,7;0,01339948
406817,2;0,01340063
406833,8;0,01340063
406850,9;0,01340165
406866,9;0,01340278
406883,5;0,01340396
406901,1;0,0134066
406917,6;0,01341115
406934,2;0,01341286
406950,8;0,01341398
406967,3;0,01341578
406984;0,01341683
407001,1;0,01341683
407017,3;0,01341943
407033,6;0,01342132
407050,7;0,01342141
407066,8;0,01342146
407083,3;0,01342185
407099,9;0,01342245
407116,5;0,01342373
407133;0,01342446
407149,6;0,01342446
407166,6;0,01342646
407182,8;0,01342851
407199,9;0,01342967
407215,8;0,01342967
407232,4;0,01342967
407249;0,01343284
407266,2;0,01343665
407282,1;0,01343874
407298,7;0,01344142
407316,1;0,01344264
407331,8;0,01344465
407348,5;0,01344679
407364,9;0,01344951
407381,5;0,01345076
407398,1;0,01345339
407414,7;0,01345339
407431,2;0,01345723
407448;0,01345868
407464,3;0,01345868
407480,9;0,01345983
407497,5;0,01346117
407514;0,01346117
407530,6;0,01346465
407547,2;0,01346974
407564,2;0,01347248
407580,4;0,01347497
407596,9;0,01347734
407613,4;0,01347894
407630;0,01348149
407646,6;0,01348285
407663,2;0,01348285
407680;0,0134872
407696,3;0,01348935
407712,8;0,01349068
407729,4;0,01349127
407746,2;0,01349491
407762,6;0,01349725
407779,6;0,01349994
407795,7;0,01350114
407812,3;0,01350313
407828,8;0,0135057
407846,4;0,01350765
407863,1;0,01350886
407879,6;0,01351004
407896,4;0,01351162
407913;0,01351492
407929,3;0,01351649
407945,9;0,01351857
407962,4;0,01351857
407979;0,01352237
407995,5;0,01352492
408012,1;0,01352642
408028,7;0,01352774
408045,7;0,01353171
408061,8;0,01353223
408078,4;0,0135354
408094,9;0,01353884
408112,1;0,01354061
408128,1;0,0135418
408144,7;0,01354213
408162,1;0,01354723
408177,8;0,01355179
408194,3;0,01355376
408210,9;0,0135546
408227,4;0,01355589
408244;0,01355731
408260,6;0,0135623
408277,5;0,0135633
408293,7;0,0135633
408310,9;0,01356603
408326,9;0,01356752
408343,4;0,01356768
408360;0,01356932
408376,6;0,01356932
408393,1;0,0135707
408409,8;0,01357164
408426,3;0,01357207
408442,8;0,01357228
408459,6;0,01357264
408476,3;0,01357324
408492,5;0,01357354
408509,1;0,01357372
408525,7;0,01357393
408542,3;0,01357404
408558,8;0,01357411
408575,4;0,01357407
408591,9;0,01357413
408608,9;0,01357416
408625,1;0,01357413
408641,7;0,01357409
408658,2;0,01357409
408675;0,01357395
408691,4;0,01357395
408708;0,01357363
408724,5;0,01357363
408741,3;0,01357347
408757,6;0,01357347
408774,8;0,01357335
408790,8;0,01357317
408807,5;0,01357289
408823,9;0,01357255
408845,5;0,01357218
408862,2;0,01357172
408878,6;0,01357103
408895,2;0,01357067
408911,7;0,01356982
408928,3;0,01356982
408944,8;0,01356888
408961,4;0,01356766
408978;0,01356688
408994,6;0,01356638
409011,1;0,01356622
409027,8;0,01356445
409044,3;0,01356358
409061;0,01356293
409077,5;0,01356255
409094;0,01356183
409111,3;0,01356122
409127,2;0,01356122
409143,9;0,01356076
409160,2;0,01356034
409176,8;0,0135597
409193,4;0,01355803
409209,9;0,0135572
409226,5;0,01355674
409243,2;0,01355596
409259,7;0,01355559
409276,2;0,0135555
409292,8;0,01355385
409309,3;0,01355323
409325,9;0,0135527
409342,4;0,01355226
409359,6;0,01355047
409375,6;0,01355006
409392,2;0,01354948
409409;0,01354907
409425,4;0,01354907
409441,9;0,01354856
409459;0,01354748
409475;0,01354748
409491,5;0,01354675
409508,1;0,01354567
409524,8;0,01354516
409541,3;0,01354487
409557,8;0,01354471
409574,7;0,01354438
409591;0,01354409
409607,6;0,01354409
409624,1;0,01354397
409640,7;0,01354365
409657,2;0,01354337
409674,5;0,01354335
409690,3;0,01354342
409707,5;0,01354333
409723,5;0,01354321
409740,1;0,01354307
409757,1;0,01354298
409773,2;0,01354289
409790,3;0,01354273
409806,3;0,01354261
409823;0,01354268
409842,7;0,01354275
409859,4;0,01354284
409875,8;0,01354307
409892,5;0,01354335
409909,7;0,01354332
409925,5;0,01354328
409942,1;0,01354333
409959,1;0,01354344
409975,8;0,01354356
409992,2;0,01354358
410008,4;0,01354376
410025,8;0,01354381
410041,9;0,01354381
410058,1;0,01354388
410074,7;0,01354388
410091,2;0,01354402
410107,8;0,01354422
410124,5;0,01354411
410141;0,01354411
410157,9;0,01354395
410174,6;0,01354383
410191,3;0,01354369
410207,7;0,01354369
410223,8;0,01354349
410240,3;0,01354328
410257,1;0,01354323
410273,6;0,0135433
410290;0,0135433
410306,6;0,0135434
410323,2;0,01354344
410339,7;0,01354344
410356,3;0,01354344
410372,8;0,0135434
410389,4;0,01354344
410406,2;0,01354349
410422,6;0,01354365
410439,5;0,01354379
410455,8;0,0135439
410472,3;0,01354425
410488,8;0,0135445
410505,4;0,01354489
410522;0,01354519
410539,2;0,01354537
410555,1;0,01354565
410571,7;0,01354572
410588,2;0,01354643
410604,8;0,01354717
410621,3;0,01354747
410638,1;0,01354804
410654,5;0,01354827
410671,2;0,01354862
410687,7;0,01354885
410704,2;0,01354885
410720,7;0,01354929
410737,3;0,01355058
410753,9;0,01355147
410770,4;0,01355147
410787;0,01355214
410803,6;0,0135529
410820,1;0,01355343
410840,5;0,01355424
410857,1;0,01355467
410874,2;0,01355587
410890,2;0,01355691
410906,8;0,01355709
410923,3;0,01355843
410939,9;0,01355958
410956,5;0,01356056
410973,1;0,01356135
410989,7;0,01356261
411006,2;0,01356275
411023,6;0,01356464
411039,3;0,01356519
411055,9;0,01356661
411072,4;0,01356735
411089,7;0,01356868
411105,6;0,01356912
411122,6;0,0135703
411138,7;0,01357099
411155,3;0,01357099
411171,8;0,01357366
411188,8;0,01357437
411205;0,01357573
411221,9;0,01357635
411238,1;0,01357761
411255;0,01357849
411271,3;0,01357959
411287,8;0,01358026
411304,4;0,01358026
411321,2;0,01358086
411337,5;0,01358118
411354,1;0,01358155
411370,6;0,01358328
411387,2;0,01358613
411404,1;0,01358768
411420,3;0,01358802
411436,9;0,01358867
411453,6;0,01359046
411470;0,01359046
411486,8;0,0135921
411503,2;0,01359397
411519,8;0,01359487
411536,3;0,01359533
411552,9;0,01359531
411569,4;0,01359773
411586,2;0,0135988
411603;0,01359984
411619,1;0,0135999
411635,7;0,01359997
411652,3;0,01360194
411668,8;0,01360228
411685,4;0,013603
411702;0,01360513
411718,5;0,01360571
411735,1;0,01360571
411752,2;0,01360761
411768,3;0,01360831
411784,8;0,01360831
411801,4;0,01361037
411820;0,01361113
411834,5;0,01361187
411851,3;0,01361238
411867,7;0,01361238
411884,2;0,01361349
411900,8;0,01361444
411917,3;0,01361516
411934;0,01361563
411950,5;0,01361604
411967;0,01361628
411983,6;0,01361644
412000,9;0,01361679
412017,2;0,01361771
412033,3;0,0136194
412050;0,01361975
412066,4;0,01362006
412083,6;0,01362145
412099,6;0,01362258
412116,3;0,01362307
412132,7;0,01362377
412149,3;0,01362465
412165,8;0,01362539
412182,4;0,01362586
412199,7;0,01362674
412215,8;0,01362674
412232,2;0,01362718
412248,9;0,01362873
412265,9;0,01362951
412282,5;0,01362975
412299;0,01363012
412315,6;0,01363123
412332,2;0,01363244
412348,9;0,01363328
412365,3;0,01363543
412381,9;0,01363701
412398,5;0,01364119
412415;0,01364428
412431,8;0,01365277
412448,2;0,01366209
412464,7;0,01367145
412481,3;0,01367868
412497,8;0,01367868
412514,9;0,01370743
412531;0,01371572
412548,2;0,01372927
412564,1;0,01372927
412580,7;0,01373564
412597,2;0,01373564
412613,8;0,01374172
412630,9;0,01374172
412646,9;0,01375654
412663,5;0,01376468
412680,1;0,01377787
412696,7;0,01378137
412713,2;0,0137831
412729,9;0,013786
412746,6;0,01378791
412763,1;0,01378864
412779,5;0,01379064
412796,1;0,01379382
412815,2;0,01379523
412829,3;0,01379744
412845,9;0,0137995
412862,5;0,01380044
412879,4;0,01380206
412895,8;0,01380331
412912,7;0,01380464
412928,8;0,01380624
412945,3;0,0138071
412961,9;0,0138079
412978,5;0,01380797
412995;0,01381097
413011,6;0,01381181
413028,5;0,01381327
413044,8;0,01381327
413061,3;0,01381474
413077,8;0,01381608
413094,4;0,01381725
413111;0,01381788
413127,6;0,01381788
413144,1;0,01381966
413161,1;0,01382064
413177,3;0,01382179
413193,8;0,0138223
413210,4;0,01382328
413227;0,0138238
413243,5;0,01382382
413260,1;0,01382424
413276,7;0,01382466
413293,8;0,01382548
413309,9;0,01382711
413326,4;0,0138277
413343,1;0,01382821
413360;0,01382821
413376,1;0,01382912
413393,6;0,01382973
413409,8;0,0138302
413427;0,01383062
413442,3;0,01383087
413459,2;0,01383094
413475,7;0,01383128
413492,3;0,01383166
413508,9;0,0138319
413525,2;0,0138319
413542;0,01383201
413558,6;0,01383232
413574,9;0,01383253
413591,4;0,01383265
413608,8;0,013832
413624,6;0,01383265
413641,1;0,01383253
413657,7;0,01383232
413674,3;0,01383215
413690,8;0,0138319
413707,4;0,01383162
413724;0,0138316
413740,5;0,01383108
413757,2;0,01383076
413773,7;0,01383041
413790,3;0,01383015
413807,1;0,01383015
413827,2;0,01382964
413839,9;0,01382936
413856,8;0,01382906
413873,1;0,01382894
413889,7;0,0138289
413906,2;0,0138289
413923;0,01382824
413939,5;0,01382804
413955,9;0,01382783
413972,5;0,01382783
413989;0,01382769
414005,6;0,01382678
414022,2;0,01382701
414038,7;0,01382694
414055,3;0,01382694
414071,9;0,01382641
414088,9;0,01382617
414105,3;0,01382556
414121,6;0,01382547
414138,1;0,01382547
414154,7;0,01382498
414171,3;0,01382463
414187,8;0,01382459
414204,5;0,01382456
414220,9;0,01382445
414237,5;0,01382428
414254,3;0,01382419
414270,7;0,01382398
414287,2;0,01382374
414303,8;0,01382391
414320,4;0,0138237
414336,9;0,01382337
414353,5;0,01382253
414370,1;0,01382079
414386,7;0,01381929
414403,2;0,01381488
414420,4;0,01381293
414436,8;0,01380335
414453,8;0,01379126
414469,4;0,01378499
414486,1;0,01377591
414502,6;0,0137629
414519,2;0,0137629
414535,8;0,01375609
414552,3;0,01374944
414568,9;0,01372267
414585,4;0,01371416
414602,1;0,0137123
414618,8;0,01370332
414635,1;0,01369593
414651,7;0,01369038
414668,3;0,01368694
414684,9;0,01368611
414701,4;0,01368437
414718;0,01367912
414734,5;0,01367912
414751,6;0,01367563
414768,4;0,01367198
414784,3;0,01367071
414800,9;0,01366819
414817,5;0,01366648
414833,9;0,01366568
414850,5;0,01366352
414867,1;0,01366113
414883,9;0,01365907
414901,1;0,01365814
414917,6;0,01365617
414935,8;0,01365411
414953,1;0,01365306
414969,6;0,01365306
414987,4;0,0136493
415004,4;0,0136493
415022,5;0,01364637
415039;0,01364572
415062,3;0,0136442
415078,9;0,01364331
415095,5;0,01364268
415112;0,01363995
415128,6;0,01363838
415145,2;0,01363761
415161,7;0,01363761
415178,4;0,0136368
415194,8;0,0136368
415211,4;0,01363451
415228,1;0,0136326
415244,8;0,01363
415261,7;0,01362898
415278,3;0,01362816
415294,8;0,01362816
415312,2;0,01362487
415327,9;0,01362329
415344,8;0,0136222
415361,1;0,01362141
415377,9;0,01362139
415394,2;0,01361875
415411,1;0,01361669
415427,3;0,01361469
415444,3;0,01361469
415461,6;0,01361362
415478,2;0,01360904
415495;0,01360776
415511,6;0,01360521
415529,3;0,01360392
415545,8;0,01360133
415562,4;0,01360003
415580;0,01359716
415596,9;0,01359716
415615,2;0,01359272
415631,8;0,01359121
415648,5;0,01359078
415665,3;0,0135842
415686,4;0,01358073
415703,4;0,01357898
415720,7;0,01357898
415737,7;0,01357352
415753,8;0,01357066
415770,6;0,01356724
415791;0,01356724
415813,5;0,01356543
415833,3;0,01356349
415852,8;0,0135599
415876,9;0,01355163
415893,8;0,01354216
415914,2;0,01353924
415937,4;0,01353444
415962;0,01353038
415983,7;0,01352418
416007,8;0,01351529
416029,4;0,01350995
416050,1;0,01350708
416072,3;0,01349935
416097,2;0,01349136
416121,3;0,01348499
416145,4;0,01347695
416162;0,01347169
416180,8;0,01346421
416201,3;0,01345849
416221,4;0,01345152
416243,6;0,01344303
416265,3;0,01343773
416286,6;0,0134312
416305,5;0,0134237
416322,3;0,01342352
416339,4;0,01341657
416357,5;0,01340618
416375,4;0,01340126
416394,5;0,01339325
416412,9;0,01338821
416430,2;0,01338482
416447,9;0,01338131
416465,9;0,0133802
416483,7;0,01337523
416501,8;0,01335892
416518,5;0,01335522
416535,8;0,01335206
416553,3;0,01334445
416571,6;0,01333516
416588,2;0,01332966
416605,5;0,01332849
416623,8;0,01332229
416641;0,01331941
416657,6;0,01330815
416674,6;0,01330184
416691,5;0,01329732
416708,9;0,01329211
416725,8;0,01328578
416744,8;0,01328148
416761,4;0,01327608
416780,2;0,01327152
416797,3;0,01326462
416813,8;0,01326462
416830,4;0,0132581
416846,9;0,0132581
416863,8;0,01324939
416886,1;0,01323948
416903,3;0,01323181
416919,3;0,01322522
416935,8;0,01322176
416952,5;0,01321472
416969;0,01321132
416985,5;0,01320468
417007,1;0,01319791
417026,7;0,013192
417047,3;0,01318369
417067;0,01318034
417085,6;0,01317711
417106,2;0,0131768
417125,8;0,01316893
417142,7;0,01316282
417165,5;0,01315637
417183;0,0131393
417203,3;0,01313458
417221;0,01312798
417237,6;0,01312438
417254,4;0,01312113
417271,5;0,01311751
417289;0,01310717
417306,7;0,01310049
417323,3;0,01309687
417339,8;0,01309687
417358,6;0,01308942
417378,2;0,01307741
417401,7;0,0130703
417418,3;0,01306655
417434,9;0,01306033
417451,5;0,01306033
417468,4;0,01305778
417484,9;0,01304562
417501,2;0,01304297
417518,1;0,01303784
417534,3;0,01303459
417551,4;0,0130294
417567,4;0,01302694
417586,4;0,01302138
417603,9;0,01301902
417620,4;0,01301902
417638,1;0,01301679
417655,1;0,01301432
417675,7;0,01300616
417692,3;0,01300027
417708,9;0,01299854
417725,4;0,01299824
417742;0,01299671
417758,6;0,01299513
417778,8;0,01299088
417798,1;0,0129862
417820,3;0,01298476
417840,1;0,01298413
417862,3;0,01298352
417880,5;0,01298291
417907,6;0,01298274
417924,2;0,01298274
417941,4;0,01298328
417962,6;0,01298376
417983,1;0,01298493
418008,3;0,01298669
418030,3;0,01298822
418048,8;0,01298928
418069,4;0,01299081
418096,7;0,01299143
418116,2;0,01299309
418133,2;0,01299648
418154,3;0,01299801
418172,1;0,01299801
418199;0,01300359
418222,2;0,01300537
418242,2;0,01300547
418267;0,01300842
418286,8;0,01300912
418307,1;0,01301061
418329,2;0,01301127
418349,1;0,01301299
418369,9;0,01301376
418391,8;0,01301451
418414,1;0,0130167
418437,4;0,01302029
418463,9;0,01302165
418480,4;0,0130222
418497;0,01302375
418514,1;0,01302437
418531,6;0,01302541
418548,2;0,01302698
418565,1;0,01302822
418581,3;0,01302911
418597,9;0,01302956
418614,4;0,01303062
418631,6;0,01303256
418650,3;0,01303403
418666,8;0,0130352
418683,4;0,01303558
418701;0,01303745
418717,8;0,01303809
418734,3;0,01303931
418750,7;0,01304159
418767,3;0,01304332
418784,7;0,01304438
418800,7;0,01304606
418817,3;0,013047
418833,8;0,013047
418850,4;0,01304939
418866,9;0,01305143
418883,5;0,0130537
418900,1;0,0130553
418921,7;0,01305672
418938,6;0,01305672
418954,9;0,01306018
418971,7;0,01306146
418988,1;0,01306248
419004,8;0,01306248
419021,5;0,01306359
419037,7;0,01306359
419054,3;0,01306951
419070,8;0,01307395
419087,4;0,01307596
419103,9;0,01307596
419121,1;0,0130789
419137,1;0,01308132
419153,9;0,01308401
419170,3;0,01308606
419186,8;0,01308684
419203,3;0,01309002
419220,7;0,0130928
419236,5;0,01309555
419253,1;0,01309555
419269,6;0,01309704
419286,9;0,01310179
419303,7;0,01310529
419320,5;0,0131066
419336,7;0,01311002
419353,4;0,01311362
419369,8;0,01311578
419386,3;0,01311887
419402,9;0,01312234
419419,5;0,01312411
419436;0,01312654
419452,6;0,01312795
419469,4;0,01313062
419485,8;0,01313492
419502,5;0,01313492
419519,4;0,01313937
419535,4;0,01314395
419552;0,01314706
419568,6;0,01314944
419585,1;0,01315126
419602,1;0,01315513
419618,3;0,01315881
419634,8;0,01315881
419651,4;0,01316069
419668;0,01316069
419684,5;0,01316535
419701,1;0,01317148
419718,1;0,01317398
419734,2;0,01317398
419750,8;0,01317558
419767,4;0,01318051
419783,9;0,01318179
419801;0,0131829
419817,1;0,0131829
419833,6;0,01318681
419850,2;0,01318768
419866,8;0,01318928
419883,3;0,01319007
419899,9;0,01319117
419916,5;0,01319303
419933;0,01319365
419949,6;0,01319424
419966,8;0,01319424
419982,7;0,01319631
419999,5;0,01319715
420016,3;0,01319816
420032,4;0,01319931
420049;0,01320001
420065,6;0,0132016
420082,1;0,01320226
420098,7;0,01320327
420115,3;0,01320416
420132,1;0,01320581
420148,4;0,01320749
420165,1;0,01320859
420181,5;0,01320965
420198,2;0,01321098
420214,7;0,01321293
420231,2;0,01321324
420248,3;0,01321658
420264,4;0,01321658
420280,9;0,01321774
420297,5;0,01321774
420314,1;0,01321915
420331,3;0,01322259
420347,4;0,01322755
420363,8;0,01323102
420380,3;0,01323275
420396,9;0,01323275
420413,5;0,01323568
420430,7;0,01323979
420446,6;0,01324106
420463,3;0,01324417
420479,8;0,01324571
420496,3;0,01324844
420513,2;0,01324844
420529,6;0,01324971
420546;0,01325504
420562,6;0,01325594
420579,1;0,01325836
420596,2;0,01325843
420612,3;0,0132605
420628,8;0,01326292
420645,4;0,01326434
420662;0,01326595
420678,6;0,01326724
420695,3;0,01326878
420712,1;0,01326896
420728,3;0,01327024
420744,8;0,01327098
420761,6;0,01327185
420777,9;0,01327217
420794,5;0,01327217
420811,1;0,01327271
420827,9;0,01327304
420844,2;0,01327291
420860,8;0,01327282
420877,5;0,01327282
420893,9;0,01327164
420910,6;0,01327145
420927,6;0,01327138
420943,6;0,01327091
420960,4;0,01327007
420976,8;0,01326857
420993,5;0,01326478
421009,8;0,01326378
421026,4;0,0132617
421043,1;0,01325965
421059,8;0,01325801
421076,2;0,01325667
421092,8;0,01325386
421109,3;0,01325135
421125,9;0,01325068
421142,5;0,01324902
421159,4;0,01324369
421175,6;0,01323963
421192,1;0,01323718
421208,7;0,01323379
421225,3;0,01323107
421242,1;0,01322858
421258,8;0,01322782
421274,9;0,01321831
421291,5;0,0132141
421308,1;0,01320988
421324,8;0,01320708
421341,2;0,01320708
421358,1;0,01319881
421374,3;0,01319146
421391,4;0,01318512
421407,5;0,01318512
421424;0,01317726
421440,8;0,01317147
421457,2;0,0131646
421473,8;0,01315742
421490,3;0,01315362
421506,9;0,01314816
421523,4;0,01314067
421540,3;0,01313433
421556,6;0,01313433
421573,1;0,01313035
421589,7;0,01312794
421606,6;0,01311069
421622,8;0,01310348
421639,4;0,01309815
421656;0,01309266
421672,9;0,01308466
421689,1;0,01307728
421705,7;0,01307338
421722,2;0,01306479
421738,8;0,01306394
421755,4;0,01305253
421771,9;0,01304545
421788,5;0,01303955
421805,3;0,01303546
421821,8;0,01302686
421838,2;0,01301811
421854,8;0,01301296
421871,8;0,01300382
421888,1;0,01299944
421904,4;0,01298896
421921,1;0,01297932
421937,6;0,01297458
421954,2;0,01297458
421971,7;0,01296241
421987,6;0,01295043
422003,9;0,012941
422020,5;0,01293318
422037;0,01292765
422053,6;0,0129168
422070,1;0,01291057
422086,7;0,01291057
422103,3;0,01289416
422120,2;0,01288286
422136,4;0,01287492
422153;0,01286499
422169,5;0,01286499
422186,1;0,01285349
422202,7;0,01285279
422219,3;0,01284805
422235,8;0,01284255
422252,9;0,01281835
422268,9;0,01280068
422285,5;0,01280068
422302,3;0,01278614
422318,6;0,01277058
422335,3;0,01276503
422351,8;0,0127533
422368,3;0,01274587
422384,9;0,0127352
422401,8;0,01272374
422418,3;0,01271821
422434,7;0,01270685
422451,2;0,0127009
422467,8;0,01269144
422484,7;0,01267777
422500,9;0,01267212
422517,6;0,01266624
422534;0,01265514
422551,3;0,01264359
422567,1;0,01264359
422583,7;0,01262728
422600,3;0,01262217
422616,8;0,01261462
422633,4;0,01261165
422650;0,01260279
422666,8;0,0125905
422683,1;0,01258045
422700,1;0,01257205
422716,9;0,0125696
422732,8;0,01256174
422749,3;0,01255062
422765,9;0,01254143
422782,5;0,01253716
422799,8;0,01252751
422815,7;0,0125234
422832,2;0,01251932
422848,8;0,01251487
422865,3;0,01251487
422882,6;0,01250718
422898,5;0,01249324
422915,1;0,01248279
422931,9;0,01247692
422948,2;0,01247323
422965;0,01246972
422981,7;0,01246461
422997,9;0,01246207
423014,6;0,01245898
423031,2;0,01245426
423047,8;0,01245426
423064,4;0,01244315
423080,9;0,01244043
423098;0,0124355
423114,1;0,0124348
423131,1;0,01243158
423147,2;0,01242673
423163,7;0,01242197
423180,3;0,01241386
423197,1;0,01241001
423213,4;0,01240727
423230,3;0,0124026
423246,7;0,01239909
423263,7;0,01239552
423279,7;0,01239057
423296,3;0,01238846
423312,8;0,01238399
423329,4;0,01238069
423346;0,01237959
423362,7;0,01237519
423379,2;0,01237111
423395,9;0,01236918
423412,3;0,01236429
423428,8;0,01236149
423446,1;0,01235931
423461,9;0,01235931
423478,8;0,01235738
423495,1;0,01235566
423511,6;0,01235566
423528,2;0,01235029
423544,8;0,01234449
423561,3;0,01234024
423577,9;0,01233793
423594,4;0,01233541
423611;0,01233223
423627,6;0,01233079
423644,2;0,01232852
423660,8;0,01232547
423677,4;0,01232305
423694,5;0,01232006
423710,6;0,01231783
423727;0,01231703
423744;0,0123155
423760,4;0,01231083
423777,3;0,01230934
423793,3;0,01230642
423809,8;0,01230642
423826,4;0,01230173
423843,3;0,01230084
423859,6;0,01229995
423876,3;0,01230007
423892,7;0,01230007
423909,3;0,01230003
423925,8;0,01229982
423942,3;0,0122998
423958,9;0,01229969
423975,5;0,01229957
423992,3;0,01229919
424008,6;0,01229919
424025,2;0,01229906
424043,7;0,01229861
424058,3;0,01229847
424074,9;0,01229842
424091,9;0,01229842
424108;0,01229843
424125,5;0,01229843
424142,3;0,01229843
424162,1;0,01229847
424178,7;0,01229868
424198,8;0,01229891
424220,3;0,01229881
424238,9;0,01229923
424256,6;0,01229926
424274,4;0,01229943
424292;0,01229943
424309,3;0,01229958
424326,2;0,01229964
424342,7;0,01229987
424359,3;0,01229996
424375,8;0,01230015
424392,4;0,01230015
424409,2;0,01230024
424427,1;0,01230034
424443,6;0,01230039
424460,2;0,01230058
424476,8;0,0123007
424493,7;0,01230083
424510,3;0,0123009
424526,5;0,01230107
424543;0,01230123
424559,8;0,0123013
424576,3;0,01230145
424592,8;0,01230189
424609,3;0,01230202
424626,1;0,01230232
424642,4;0,01230276
424659,3;0,0123031
424675,6;0,01230341
424692,1;0,01230375
424708,7;0,012304
424725,3;0,01230421
424742,4;0,01230421
424758,4;0,01230421
424775,3;0,01230438
424791,9;0,01230448
424808,1;0,01230457
424824,7;0,01230511
424841,3;0,01230558
424857,9;0,01230596
424874,3;0,01230638
424890,9;0,01230722
424907,5;0,01230814
424924,1;0,01230851
424941,5;0,01230889
424957,2;0,01230879
424973,8;0,01230788
424990,4;0,01230652
425007,3;0,01230642
425023,5;0,0123056
425040,2;0,01230543
425063,9;0,01230583
425073,2;0,01230603
425089,8;0,01230684
425107;0,01230724
425123;0,01230755
425139,4;0,01230791
425156,7;0,01231006
425172,6;0,01231099
425189,2;0,01231304
425205,7;0,01231473
425222,3;0,01231629
425238,8;0,0123175
425255,4;0,01231986
425272;0,01232216
425288,7;0,01232255
425305,1;0,01232376
425321,7;0,01232823
425338,2;0,01232943
425355,2;0,012333
425371,4;0,01233535
425387,9;0,01233675
425404,5;0,01233675
425421,1;0,01233836
425437,8;0,01233836
425454,2;0,01234214
425470,8;0,01234777
425487,3;0,01235317
425504;0,01235552
425521;0,01235689
425537,1;0,01235864
425553,9;0,01236397
425570,2;0,01236595
425586,7;0,01237016
425603,3;0,01237016
425620,4;0,01237596
425636,4;0,01237996
425653;0,01238211
425669,6;0,01238642
425686,1;0,01238954
425702,7;0,01239258
425719,4;0,0123948
425735,8;0,0123948
425752,4;0,01239804
425769;0,01240641
425785,5;0,01240958
425802,8;0,01240958
425818,7;0,0124137
425835,3;0,01241805
425851,9;0,01242057
425868,4;0,01242201
425884,9;0,01242391
425901,5;0,0124262
425918,3;0,0124262
425934,7;0,01242792
425951,2;0,01243173
425968,8;0,0124348
425984,3;0,01243718
426000,9;0,01243862
426017,5;0,01244128
426034,1;0,0124424
426050,6;0,0124443
426067,2;0,01244632
426084,3;0,01244922
426100,3;0,01245744
426117,1;0,01246036
426133,4;0,01246205
426150;0,01246485
426166,6;0,01247203
426183,3;0,01247468
426199,7;0,01247696
426216,3;0,01247729
426232,8;0,01248374
426249,7;0,01248787
426266;0,01249238
426283,2;0,0124947
426299,1;0,01249894
426315,7;0,01250249
426332,3;0,0125056
426348,8;0,01250767
426365,3;0,01251206
426382,2;0,0125147
426398,5;0,01251901
426415,1;0,01252346
426431,6;0,01252559
426448,2;0,01253053
426464,8;0,01253053
426481,9;0,01253267
426497,9;0,01253937
426514,5;0,01254145
426531,2;0,01254577
426547,7;0,01255045
426564,2;0,01255045
426580,7;0,01255472
426597,5;0,01256094
426613,9;0,01256505
426631,4;0,01256505
426647;0,01257122
426663,7;0,01257122
426680,2;0,01257337
426696,7;0,0125738
426713,4;0,01257551
426729,9;0,01257931
426746,4;0,01259079
426763,5;0,01259406
426780;0,01259852
426796,4;0,01260218
426812,8;0,01260601
426829,4;0,01261103
426845,8;0,01261349
426862,8;0,01261723
426878,9;0,01262215
426895,5;0,01262587
426912,1;0,01262986
426929,3;0,0126353
426945,2;0,01263916
426962,8;0,01264375
426978,3;0,01264922
426994,9;0,01265223
427011,5;0,01265278
427028;0,01265845
427044,8;0,01266472
427061,8;0,01266932
427077,9;0,01266981
427094,3;0,0126806
427110,9;0,01268338
427127,7;0,01268989
427145,6;0,01269271
427160,6;0,01269834
427177,1;0,01270124
427194,3;0,01270495
427210,5;0,01271224
427226,8;0,01271222
427243,4;0,01271794
427260,1;0,0127203
427276,9;0,01272105
427293,1;0,01272808
427309,7;0,01273368
427326,3;0,01273433
427342,8;0,01273646
427359,7;0,01273918
427376,4;0,01274984
427392,5;0,01274984
427409,3;0,01276087
427425,6;0,01276573
427442,2;0,01276853
427458,8;0,01277115
427475,3;0,01277115
427491,9;0,01277234
427508,5;0,01278341
427525,4;0,01278835
427541,6;0,01279059
427558,2;0,01279498
427575,5;0,01279914
427591,4;0,01279914
427607,9;0,01280332
427624,4;0,01280728
427641,7;0,01281113
427657,6;0,01281171
427674,5;0,01281711
427690,8;0,01281889
427707,3;0,01281889
427723,8;0,01282216
427740,4;0,01282482
427757,4;0,01283099
427773,5;0,01283473
427790,4;0,01283657
427806,7;0,01283657
427823,3;0,01284134
427840,6;0,01284645
427856,8;0,01285026
427872,9;0,01285311
427889,7;0,01285658
427906,1;0,01285975
427922,6;0,01286061
427939,2;0,01286646
427956,3;0,01286646
427972,3;0,01286845
427988,9;0,01286938
428006,1;0,01287041
428022;0,01287211
428038,6;0,01287749
428055,2;0,01288127
428071,8;0,0128862
428088,3;0,01288984
428104,8;0,01288984
428121,8;0,01289164
428138;0,01289469
428154,6;0,01290205
428172,3;0,01290387
428188,8;0,01290684
428205,3;0,01290907
428221,9;0,01291185
428239,3;0,01291185
428255,1;0,01291701
428271,9;0,01291858
428288,2;0,01292004
428304,8;0,01292494
428321,4;0,01292638
428338;0,01292924
428354,5;0,01293121
428371,7;0,01293349
428387,6;0,0129349
428404,2;0,0129349
428421,2;0,0129378
428437,5;0,01294169
428453,8;0,01294423
428478,1;0,01295455
428478,1;0,01295832
428498,1;0,0129595
428514,7;0,0129595
428531,5;0,0129595
428547,8;0,01296267
428564,5;0,01296741
428581,5;0,0129683
428597,5;0,01296925
428614,1;0,01297176
428631,5;0,01297176
428647,2;0,01297296
428663,8;0,01297403
428680,5;0,01297474
428697,1;0,01297507
428713,5;0,01297507
428730,1;0,01297561
428746,7;0,0129759
428763,2;0,01297571
428780,3;0,0129755
428796,6;0,0129755
428813;0,01297422
428829,9;0,01297328
428846;0,01297335
428862,7;0,01297339
428879,3;0,01297438
428895,7;0,01297601
428913,2;0,01297795
428928,9;0,01297971
428945,6;0,01298138
428962,1;0,01298227
428978,6;0,01298336
428995,1;0,01298336
429011,7;0,01298346
429028,9;0,01298296
429045,3;0,01298289
429061,4;0,01298045
429078,3;0,01297841
429094,8;0,0129767
429111,6;0,01297562
429127,7;0,01297425
429144,4;0,01297425
429160,8;0,01297425
429177,4;0,01297317
429193,9;0,01296837
429210,5;0,01296326
429227,1;0,01295773
429243,8;0,01295705
429260,7;0,0129495
429276,8;0,0129473
429293,5;0,01294469
429309,9;0,01294087
429327,1;0,01293599
429343;0,01293599
429359,6;0,01293146
429376,3;0,01292691
429392,7;0,01292231
429409,9;0,0129201
429425,9;0,01291617
429442,4;0,0129126
429459;0,01290774
429475,6;0,01290774
429492,1;0,01289801
429508,7;0,01289801
429525,3;0,012893
429542;0,01288837
429558,6;0,01288326
429574,9;0,0128807
429591,5;0,01287828
429608,3;0,01287312
429624,7;0,01286803
429641,3;0,01286478
429658,1;0,01286201
429674,3;0,01286201
429690,9;0,01285122
429707,7;0,0128475
429724,1;0,01284308
429740,9;0,01284308
429757,2;0,01283723
429773,8;0,01283135
429790,6;0,01282816
429806,9;0,01282816
429823,5;0,01282206
429840;0,01281244
429856,6;0,01280775
429873,2;0,01279994
429889,8;0,01279729
429907,1;0,01279729
429922,8;0,01278457
429939,6;0,01278226
429956,4;0,01277686
429973,1;0,01277126
429989,4;0,01276524
430005,9;0,01276164
430022,3;0,01276164
430038,8;0,01275048
430055,4;0,01274549
430072;0,01274231
430088,5;0,01273577
430105,2;0,01272882
430121,8;0,01272536
430138,6;0,01271864
430154,8;0,01271864
430171,3;0,01270853
430187,9;0,01270427
430205,6;0,01269899
430221,1;0,01269268
430238;0,01268896
430254,2;0,01268593
430270,8;0,01267861
430287,3;0,0126759
430303,9;0,01266947
430320,5;0,01266316
430337;0,01265983
430353,6;0,01265983
430370,4;0,0126566
430386,9;0,0126439
430403,3;0,01263945
430419,9;0,01263749
430436,6;0,01263414
430453;0,01263414
430470;0,01263386
430486,2;0,01262015
430502,7;0,01261016
430519,3;0,01260287
430536;0,01260201
430552,8;0,01259214
430569;0,01259176
430585,5;0,01258323
430602,1;0,01257914
430619,1;0,01257697
430636,3;0,01257612
430651,8;0,01256509
430668,6;0,01256247
430684,9;0,01255921
430701,5;0,01255091
430718,6;0,01254808
430734,7;0,01254422
430751,8;0,01254003
430767,8;0,01253419
430784,6;0,01253419
430800,9;0,0125334
430817,5;0,01252297
430834,3;0,01252189
430850,6;0,01251923
430867,2;0,0125096
430884,4;0,01250419
430900,3;0,01250213
430917,1;0,01249503
430933,4;0,01248527
430950;0,01247745
430967,2;0,01247318
430983,1;0,01247318
430999,7;0,01246071
431016,3;0,0124569
431033,2;0,01245367
431049,4;0,01244907
431065,9;0,01244907
431082,6;0,01244657
431099,1;0,01244405
431115,7;0,01243535
431132,6;0,0124314
431148,8;0,01242833
431165,4;0,01242599
431181,9;0,01242599
431198,7;0,01242405
431215,3;0,01241767
431231,6;0,01241767
431248,2;0,0124146
431265,1;0,01241159
431282;0,01241007
431297,9;0,01240628
431314,4;0,01240617
431331;0,01240479
431347,8;0,01240059
431364,3;0,01239896
431380,8;0,01239667
431397,4;0,01239667
431413,8;0,01239234
431430,4;0,01239104
431447,1;0,01238981
431463,6;0,01238569
431480,1;0,01238458
431496,7;0,01238195
431513,5;0,01238195
431537,9;0,01238013
431546,8;0,01237616
431563;0,01237378
431579,5;0,01237378
431596,1;0,01237166
431612,7;0,01236648
431629,6;0,01236333
431645,8;0,01236201
431662,3;0,01236029
431679,1;0,01235718
431695,5;0,01235718
431712,5;0,01235572
431728,6;0,01235572
431745,7;0,0123541
431761,8;0,01234848
431778,5;0,01234239
431795,3;0,01234114
431812,2;0,01233632
431828,2;0,01233472
431844,6;0,01233211
431861,3;0,01233137
431878;0,01232775
431894,3;0,01232412
431911,4;0,01232065
431927,7;0,01231747
431944;0,01231554
431960,6;0,01231193
431977,3;0,01231016
431994,1;0,01231016
432010,5;0,01230659
432027,2;0,01230154
432043,4;0,01229835
432060;0,01229654
432076,5;0,01229404
432093,1;0,01229328
432109,7;0,01228996
432126,4;0,01228649
432142,8;0,01228445
432159,4;0,01228126
432176,2;0,01228126
432192,8;0,01227402
432209,2;0,01227402
432225,6;0,01226953
432242,6;0,01226787
432258,8;0,01226493
432275,3;0,01225939
432292,3;0,01225504
432309,1;0,01225249
432325;0,01224825
432342,1;0,01224821
432358,2;0,01224583
432375,2;0,0122456
432391,3;0,01224252
432408,4;0,01223571
432424,4;0,0122342
432441,1;0,01222505
432458,1;0,01221639
432474,1;0,01221101
432490,7;0,01220799
432507,3;0,01220231
432523,8;0,01219936
432540,8;0,01219334
432557,3;0,01219177
432573,5;0,01218336
432590,1;0,01218149
432606,7;0,01217549
432623,2;0,01216907
432639,8;0,01216588
432656,4;0,01215969
432672,9;0,0121567
432690,2;0,01215647
432706,1;0,01214637
432722,6;0,01214363
432739,9;0,01213534
432756,3;0,01213098
432772,3;0,01212484
432788,9;0,01212056
432805,4;0,01211572
432822,2;0,01211252
432838,6;0,01210634
432855,2;0,01210253
432872,6;0,01209991
432888,3;0,01209796
432905;0,01208737
432922;0,01208407
432938;0,01207754
432955;0,01207131
432971,1;0,01206838
432987,8;0,01206838
433004,5;0,01206522
433020,8;0,01206522
433037,4;0,01206522
433054;0,01205552
433071,2;0,01204139
433087,1;0,01203545
433103,9;0,0120298
433120,3;0,01202677
433137;0,01202111
433153,6;0,01201565
433169,9;0,01201205
433186,5;0,01200897
433203,3;0,01200414
433219,6;0,01199778
433236,2;0,01199473
433253,3;0,01198874
433269,7;0,01198603
433286,6;0,01198603
433302,5;0,01197753
433319;0,01197208
433335,6;0,01197208
433352,2;0,01196352
433368,9;0,01196057
433386,1;0,01195661
433401,8;0,01195415
433418,5;0,01195364
433435,3;0,01194635
433451,6;0,01194308
433468,2;0,01193873
433484,7;0,01193474
433501,3;0,01193289
433517,8;0,01192922
433534,4;0,01192719
433551,5;0,01192556
433567,5;0,01192528
433584,1;0,0119202
433600,7;0,01191745
433617,5;0,0119162
433633,8;0,0119162
433650,4;0,01191477
433666,9;0,01191411
433683,9;0,01190774
433700,1;0,01190447
433717;0,01190447
433733,2;0,01190331
433749,8;0,01190059
433766,3;0,01189838
433782,9;0,01189755
433799,7;0,01189755
433816;0,01189428
433832,6;0,01189348
433849,2;0,01189252
433866,2;0,01189187
433883,1;0,011891
433899,2;0,01189063
433915,4;0,01189043
433932;0,0118902
433949,1;0,01189002
433965,1;0,01188922
433981,7;0,01188907
433998,3;0,01188891
434015;0,01188891
434031,5;0,01188842
434048;0,01188831
434064,7;0,01188814
434081,2;0,01188827
434097,7;0,01188813
434114,2;0,01188809
434130,8;0,01188821
434147,5;0,01188813
434163,9;0,01188845
434180,5;0,011889
434197,5;0,0118894
434213,6;0,0118901
434230,2;0,01189077
434246,8;0,011891
434263,3;0,01189147
434280;0,01189147
434296,4;0,01189209
434313,3;0,01189284
434329,6;0,01189635
434346,2;0,01189796
434362,7;0,01189988
434379,8;0,01190121
434395,9;0,01190188
434412,8;0,01190406
434429;0,01190647
434445,9;0,01190902
434462,1;0,01190944
434479;0,01191283
434495,3;0,01191398
434511,8;0,01191522
434528,8;0,01191558
434544,9;0,0119201
434561,5;0,01192145
434578,2;0,01192389
434594,7;0,01192644
434611,3;0,01192765
434628,1;0,01192993
434644,3;0,01193104
434660,9;0,01193332
434677,9;0,01193444
434694,1;0,01193668
434710,6;0,01193819
434727,2;0,01193955
434744,1;0,01193955
434760,3;0,01194053
434776,9;0,01194242
434793,5;0,01194489
434810,3;0,01194548
434826,6;0,01194697
434843,2;0,01194848
434860,2;0,01194922
434876,3;0,01194922
434892,8;0,01194984
434909,4;0,01195063
434926;0,01195063
434943;0,01195128
434959,1;0,01195342
434975,7;0,01195412
434992,3;0,01195639
435008,8;0,01195773
435025,4;0,01195888
435042;0,01195923
435058,5;0,01195923
435075,6;0,01195931
435091,9;0,01196026
435108,2;0,01196062
435124,8;0,01196079
435141,4;0,01196116
435157,9;0,01196162
435174,9;0,01196162
435191,1;0,01196227
435207,7;0,01196251
435224,2;0,01196251
435240,8;0,01196283
435257,3;0,0119635
435274,5;0,01196357
435290,5;0,01196369
435307;0,01196369
435323,7;0,01196392
435340,5;0,01196407
435356,7;0,01196413
435373,3;0,01196416
435390;0,01196411
435406,8;0,01196402
435423;0,011964
435439,6;0,01196392
435456,2;0,01196385
435473,6;0,01196353
435489,3;0,01196326
435506,4;0,01196305
435522,7;0,01196286
435539;0,01196286
435555,8;0,01196264
435572,1;0,01196243
435588,7;0,01196178
435605,2;0,01196051
435622;0,01196051
435638,4;0,01195994
435654,9;0,01195936
435671,5;0,01195893
435688,1;0,01195865
435704,6;0,01195865
435721,2;0,01195806
435737,8;0,01195725
435754,3;0,01195678
435771,5;0,01195632
435787,9;0,01195632
435804,1;0,01195556
435820,6;0,01195502
435837,7;0,01195424
435853,9;0,01195342
435870,4;0,01195297
435886,9;0,01195252
435903,9;0,01195121
435920,2;0,0119503
435936,6;0,0119503
435953,9;0,01194894
435969,7;0,01194806
435986,3;0,01194736
436003,5;0,01194649
436019,8;0,01194549
436036;0,0119448
436052,6;0,01194444
436069,1;0,01194376
436085,7;0,01194203
436102,2;0,01194153
436118,8;0,01194068
436135,5;0,01194026
436152,5;0,01193938
436168,5;0,01193896
436185,1;0,01193896
436201,6;0,01193896
436218,2;0,01193894
436234,8;0,01193704
436251,3;0,01193594
436267,9;0,01193568
436284,5;0,01193502
436301,6;0,01193462
436317,6;0,01193427
436334,2;0,01193395
436350,8;0,01193387
436367,5;0,01193394
436383,8;0,01193382
436401,2;0,01193386
436417;0,01193765
436433,6;0,01195055
436450,5;0,01196815
436466,9;0,01196815
436483,7;0,01198502
436499,8;0,01199865
436516,4;0,01201055
436533;0,01201601
436549,5;0,012022
436566,1;0,01202455
436582,7;0,01202888
436599,3;0,01202888
436615,8;0,01203073
436632,3;0,0120365
436649,8;0,0120376
436665,5;0,01203882
436682,1;0,01203965
436699,1;0,01204326
436715,2;0,01204546
436731,8;0,01204655
436748,3;0,01204816
436765,3;0,01205035
436781,5;0,01205285
436798;0,01205285
436814,6;0,01205421
436831,3;0,01205421
436847,8;0,01205539
436864,3;0,01205632
436881,2;0,01205954
436897,7;0,01206537
436914,1;0,01206968
436930,6;0,01207259
436947,2;0,01207399
436963,7;0,01207566
436980,5;0,01207741
436996,8;0,01208168
437013,4;0,01208379
437030;0,01208679
437046,5;0,01208881
437063,1;0,01209239
437079,9;0,0120952
437096,2;0,01209821
437113;0,0120999
437129,4;0,0120999
437145,9;0,01210755
437162,7;0,01210976
437179,1;0,01211374
437195,6;0,01211561
437213;0,01211966
437229,3;0,01212269
437245,3;0,01212607
437261,9;0,01213027
437279,4;0,01213027
437295,1;0,01213459
437311,7;0,01213918
437328,2;0,01213918
437345;0,01214607
437361,6;0,01215055
437377,9;0,01215498
437394,4;0,01215594
437411;0,01216201
437427,9;0,01216648
437444,1;0,01216648
437460,9;0,01216703
437477,6;0,01216851
437494,3;0,01217089
437510,5;0,01217317
437527;0,01217793
437543,8;0,01218537
437560,1;0,0121922
437576,7;0,01219694
437593,2;0,01219912
437609,8;0,01219912
437626,4;0,01220884
437643,3;0,01221208
437659,5;0,01221677
437676,5;0,01221914
437692,7;0,01222419
437709,3;0,01222747
437725,8;0,01223197
437745,9;0,01223375
437758,9;0,01223927
437775,4;0,01224433
437792,4;0,01224681
437808,6;0,01224681
437825,2;0,01225416
437841,8;0,01225899
437858,8;0,01226216
437875,3;0,01226384
437891,4;0,01226661
437908;0,01227388
437924,6;0,01227848
437941,1;0,01228108
437958,2;0,01228611
437974,3;0,01228858
437990,9;0,01229345
438007,4;0,01229575
438024;0,01229813
438041,1;0,01229901
438057,4;0,01231097
438074,6;0,01231097
438090,3;0,01231595
438106,8;0,01231721
438123,3;0,01231863
438139,9;0,01232112
438156,5;0,0123286
438173,9;0,01233586
438189,6;0,01234033
438206,7;0,01234345
438222,8;0,01234829
438239,5;0,01234829
438256,3;0,01235403
438272,5;0,01235817
438289;0,01236288
438305,6;0,01236779
438322,2;0,01236997
438338,8;0,01237209
438355,3;0,01237472
438371,8;0,01237889
438388,4;0,01238315
438405;0,01238545
438421,6;0,01238177
438438,5;0,0123754
438454,9;0,0123681
438471,3;0,01235409
438487,8;0,0123494
438504,4;0,01234514
438521,2;0,01234224
438537,9;0,01233375
438554,2;0,01233287
438571;0,01233308
438587,3;0,01233336
438604;0,01233444
438620,8;0,01233816
438637,2;0,01234163
438654,3;0,01234163
438670,9;0,01234709
438686,8;0,01234946
438703,2;0,01235353
438719,8;0,01235353
438736,3;0,01235573
438753;0,01235573
438769,8;0,01235573
438786,2;0,01235764
438802,6;0,01236643
438819,3;0,01236999
438835,7;0,01237931
438852,3;0,0123813
438868,9;0,01238353
438885,8;0,01238984
438902,3;0,01239213
438918,7;0,01239657
438935,1;0,0124007
438951,7;0,01240293
438968,7;0,01240299
438984,8;0,01240902
439001,5;0,01241288
439018;0,01241519
439034,5;0,01241689
439051,1;0,01241747
439067,9;0,01242074
439084,3;0,0124269
439101,1;0,01242941
439117,4;0,0124311
439134,1;0,0124345
439150,8;0,01243811
439167,2;0,01243986
439183,8;0,01244333
439200,9;0,01244552
439216,8;0,0124486
439233,3;0,01245097
439249,9;0,01245458
439266,4;0,01245458
439283;0,01245833
439299,6;0,01246371
439316,2;0,01246657
439332,7;0,01246936
439349,5;0,01246936
439365,9;0,01247286
439382,4;0,01247286
439399;0,01247286
439415,6;0,01247457
439432,1;0,01247811
439448,8;0,01248625
439465,3;0,01249132
439482,7;0,0124949
439498,4;0,01249708
439515;0,01250062
439531,9;0,01250356
439548,5;0,01250409
439565,3;0,01250764
439581,3;0,01250962
439597,8;0,01251456
439614,3;0,01251621
439631,1;0,01251965
439647,5;0,01252129
439664,7;0,01252305
439681,2;0,01252349
439697,2;0,0125289
439713,9;0,01253087
439730,3;0,0125344
439747,2;0,01253581
439763,5;0,01253628
439780;0,0125405
439797,1;0,0125415
439813,5;0,01254687
439829,8;0,01254851
439846,9;0,01255185
439862,9;0,0125536
439880,1;0,0125536
439896;0,01255517
439912,6;0,01256178
439929,1;0,01256405
439945,7;0,01256635
439962,3;0,01256635
439978,8;0,01257117
439995,4;0,01257419
440012,4;0,01257563
440028,5;0,01257622
440045,1;0,01257705
440061,7;0,01257843
440078,7;0,01258202
440094,8;0,01258281
440111,3;0,01258899
440127,9;0,0125912
440145,1;0,01259388
440161,1;0,01259565
440177,8;0,0125978
440194,2;0,01259981
440210,8;0,01260183
440227,3;0,0126029
440243,9;0,01260325
440260,5;0,01260774
440277;0,01261031
440293,6;0,01261031
440310,7;0,012613
440326,7;0,01261506
440343,3;0,01261747
440359,9;0,01261747
440376,5;0,01261982
440393;0,01262206
440409,7;0,01262206
440426,1;0,01262576
440442,7;0,01262746
440459,3;0,01262861
440476,6;0,01263049
440492,4;0,01263186
440509,3;0,01263327
440525,5;0,01263511
440542,1;0,01263585
440558,9;0,01263739
440575,6;0,01263816
440592;0,01263967
440608,7;0,01264031
440625,1;0,01264096
440641,5;0,01264122
440658,4;0,01264194
440674,7;0,01264235
440691,2;0,01264235
440707,8;0,01264235
440724,5;0,01264271
440740,9;0,01264348
440757,4;0,01264431
440774;0,01264439
440790,6;0,01264388
440807,2;0,01264352
440823,7;0,01264313
440840,5;0,01264313
440856,9;0,01264112
440873,8;0,01264036
440890;0,01263899
440906,6;0,01263798
440923,3;0,01263605
440939,7;0,01263492
440956,3;0,01263388
440973,8;0,01263243
440989,9;0,01262905
441005,9;0,01262654
441023,2;0,01262503
441039,2;0,01262503
441055,9;0,01262066
441072,3;0,01261767
441089,4;0,01261597
441105,3;0,01261267
441121,9;0,01261267
441138,9;0,012609
441155,1;0,012604
441171,6;0,01260067
441188,2;0,01259863
441204,8;0,01259767
441221,4;0,01258917
441237,9;0,01258921
441254,7;0,0125865
441271,3;0,01257629
441287,6;0,012572
441304,2;0,012572
441321,3;0,01256889
441337,3;0,01256588
441354,1;0,012554
441370,4;0,01254553
441387,8;0,01253896
441403,6;0,01253427
441420,1;0,01252854
441437;0,01252612
441453,3;0,0125212
441470;0,01250901
441486,7;0,01249992
441503;0,01249533
441519,5;0,01248691
441536,2;0,01248131
441552,7;0,01247278
441569,3;0,01247278
441585,8;0,01246188
441602,3;0,01245187
441618,9;0,01244391
441635,5;0,01243286
441652,1;0,01242742
441668,7;0,01222098
441668,7;0,01218533
441688,7;0,01216998
441704,9;0,01216277
441721,4;0,01215001
441738,1;0,01214254
441754,6;0,01213122
441771,1;0,01212228
441788,4;0,01211199
441804,3;0,01211199
441821,1;0,01210485
441837,8;0,01208993
441854;0,01207034
441871,2;0,01205999
441887,1;0,01205999
441903,7;0,01205225
441920,2;0,01203154
441937;0,01202209
441953,4;0,0120101
441969,9;0,01200289
441986,8;0,01199486
442003,1;0,01198488
442019,6;0,01198488
442036,9;0,01196422
442052,8;0,01195976
442069,3;0,01195708
442086;0,01193562
442103,3;0,01192311
442119;0,01191686
442135,6;0,0119112
442152,2;0,0118995
442168,7;0,0118995
442185,5;0,0118995
442201,8;0,01189349
442218,6;0,01188156
442235;0,01186968
442251,8;0,01184809
442268,4;0,0118367
442284,7;0,01182602
442301,3;0,01182055
442317,8;0,01181089
442334,4;0,01180494
442351,3;0,01179457
442367,6;0,01179
442384,1;0,01178046
442400,7;0,01177087
442417,3;0,01177087
442434,1;0,01176656
442450,3;0,01176156
442466,9;0,01174573
442483,5;0,01174085
442500,2;0,01173432
442517,2;0,01173074
442533,2;0,01172755
442549,9;0,01172505
442573,1;0,01171567
442583,4;0,01171471
442599,5;0,01170867
442616;0,01170077
442632,6;0,0116982
442649,2;0,01169352
442666,1;0,01168894
442682,5;0,01168685
442699;0,01168685
442715,7;0,0116816
442732,3;0,01167998
442748,6;0,01167817
442765,1;0,01167396
442782,1;0,01167259
442798,3;0,01167161
442814,9;0,01167049
442831,4;0,01167049
442848;0,01167048
442864,5;0,01166658
442881,8;0,01166479
442897,8;0,01166394
442914,2;0,01166353
442930,8;0,01166351
442947,3;0,01166351
442963,9;0,0116643
442980,5;0,01166466
442997,5;0,01166521
443013,7;0,01166641
443030,2;0,01166801
443046,8;0,01166911
443063,3;0,01167124
443080,1;0,0116727
443096,6;0,01167349
443113;0,0116754
443129,6;0,01167911
443146,2;0,01168118
443162,7;0,01168431
443179,5;0,01168696
443195,9;0,0116897
443212,5;0,01169375
443229;0,01169569
443245,6;0,01170014
443262,1;0,01170014
443278,8;0,01170336
443295,3;0,01171071
443311,9;0,01171363
443328,4;0,01171659
443345,5;0,01172069
443361,7;0,0117241
443378,1;0,0117286
443394,7;0,01173434
443411,2;0,01173741
443427,8;0,01174266
443444,4;0,01174294
443461,3;0,01174609
443478,1;0,01174666
443494,1;0,01175633
443510,8;0,01176642
443528;0,01177123
443544,5;0,01177798
443560,4;0,01177833
443577,3;0,01178282
443593,4;0,0117932
443610,4;0,01179836
443627;0,01180231
443643,2;0,0118092
443659,8;0,01181366
443676,7;0,01181971
443692,8;0,01182778
443709,4;0,01182778
443726;0,01183615
443742,6;0,0118425
443759,1;0,0118425
443775,7;0,01184986
443792,3;0,01186183
443809,1;0,01186673
443825,9;0,01187407
443841,9;0,0118809
443858,5;0,01188488
443875,4;0,01188569
443891,7;0,0118961
443908,2;0,01190371
443925,1;0,01190371
443941,3;0,01191131
443957,9;0,01191982
443974,5;0,0119253
443991,2;0,01192701
444007,6;0,01193466
444024,2;0,01194669
444041,1;0,01195072
444057,3;0,011958
444073,9;0,011958
444090,5;0,01196193
444107;0,01196193
444124,2;0,0119659
444140,2;0,01197479
444157,6;0,01199178
444173,7;0,01199906
444189,8;0,01200309
444206,4;0,01201028
444223;0,01201739
444239,6;0,01202119
444256,6;0,01202119
444272,7;0,01202878
444289,5;0,01203729
444306,6;0,01204333
444322,4;0,01204991
444339;0,01205514
444355,8;0,01206242
444372,2;0,01206586
444388,7;0,01206586
444405,4;0,0120788
444421,8;0,01208472
444439,1;0,0120898
444454,9;0,01209522
444471,9;0,01210211
444488,6;0,01210603
444504,6;0,01211276
444521,2;0,01211777
444537,8;0,01211971
444554,6;0,01212462
444570,9;0,0121335
444587,5;0,01213483
444604;0,01214421
444620,8;0,01215093
444637,2;0,01215417
444653,7;0,01216142
444671;0,01216142
444687,2;0,01216421
444703,4;0,01217475
444720,4;0,01217694
444736,5;0,01218015
444753,5;0,01218022
444769,7;0,01218504
444786,3;0,01219549
444803,2;0,01220168
444819,4;0,01220783
444836;0,01221357
444852,6;0,01221719
444869,1;0,01222191
444886,7;0,0122248
444902,2;0,0122248
444919;0,01223459
444936;0,01223754
444951,9;0,01224041
444969,3;0,01224327
444985,2;0,01224724
445001,6;0,01224826
445018,2;0,01225285
445034,8;0,01225666
445051,3;0,01225844
445067,9;0,01226058
445084,5;0,01226227
445101;0,01226393
445117,6;0,01226909
445134,2;0,01227233
445150,8;0,01227434
445167,3;0,01227701
445183,9;0,01228003
445200,4;0,0122816
445217,3;0,01228303
445233,6;0,01228615
445250,4;0,01228919
445266,7;0,01229253
445283,5;0,01229408
445299,8;0,01229749
445316,5;0,01229801
445332,9;0,0123021
445349,5;0,0123021
445366,2;0,01230383
445382,7;0,01230383
445399,2;0,01230527
445415,8;0,01230865
445432,7;0,01231402
445448,9;0,01231667
445465,5;0,01231817
445482,4;0,01231918
445498,6;0,01232318
445515,3;0,01232577
445532,5;0,01232692
445548,4;0,01232863
445565,1;0,01233086
445581,4;0,01233285
445598;0,01233397
445615;0,01233611
445631,2;0,01233756
445647,8;0,01233927
445664,3;0,01234125
445681,3;0,01234225
445697,4;0,01234309
445714,1;0,0123432
445730,6;0,0123453
445747,1;0,01234784
445764,1;0,01234961
445780,3;0,01234961
445796,8;0,0123508
445813,9;0,01235317
445830;0,01235449
445846,5;0,01235534
445863,1;0,01235551
445879,7;0,01235867
445896,3;0,01235992
445913,5;0,01236028
445929,5;0,01236192
445945,9;0,01236374
445962,8;0,01236529
445979,1;0,01236529
445995,7;0,012366
446012,7;0,012366
446028,8;0,01236681
446045,3;0,01236746
446061,9;0,01236969
446078,5;0,0123729
446095;0,01237448
446112,1;0,01237569
446128,2;0,01237702
446144,8;0,01237875
446161,7;0,01237969
446177,8;0,0123805
446194,4;0,01238071
446211,6;0,01238402
446228,3;0,01238486
446244,1;0,01238648
446260,9;0,01238648
446277,3;0,01238788
446293,8;0,0123898
446310,4;0,01239135
446327;0,01239212
446343,5;0,01239227
446360,5;0,01239482
446377;0,0123961
446393,3;0,01239684
446409,8;0,01239747
446427;0,0123986
446442,9;0,0123996
446459,5;0,0123996
446476;0,01240049
446492,8;0,01240151
446509,3;0,01240221
446525,8;0,01240277
446542,7;0,01240314
446559,4;0,01240328
446575,6;0,01240355
446592,1;0,01240374
446610,3;0,01240394
446626,9;0,01240394
446643,7;0,01240396
446660,1;0,012404
446676,6;0,01240406
446693,3;0,01240423
446709,8;0,01240466
446726,3;0,01240505
446742,9;0,01240505
446759,5;0,01240571
446776,1;0,01240642
446792,6;0,0124069
446809,2;0,01240743
446826,1;0,01240837
446842,3;0,01241062
446858,8;0,01241165
446875,4;0,01241281
446892,1;0,01241566
446908,6;0,01241906
446925,1;0,012423
446941,7;0,01242518
446958,3;0,01242958
446974,8;0,01243261
446991,4;0,01243673
447008;0,01243887
447024,7;0,01244356
447041,1;0,01244588
447057,7;0,0124512
447074,2;0,01245362
447090,9;0,01245976
447107,4;0,01246173
447123,9;0,0124627
447140,5;0,01246423
447157,1;0,01246423
447174,4;0,01247556
447190,2;0,01248417
447206,9;0,01248948
447223,3;0,01249406
447239,9;0,01249846
447256,5;0,01250363
447273;0,012507
447289,8;0,01250844
447306,2;0,01251026
447322,7;0,01251277
447339,6;0,01251925
447355,9;0,01252203
447372,4;0,01252603
447389,2;0,01254112
447405,6;0,01254343
447422,2;0,01255014
447439,5;0,01255185
447455,3;0,0125527
447471,8;0,0125638
447489,2;0,0125638
447506;0,01257101
447521,5;0,01257687
447538,7;0,01258144
447554,9;0,01258778
447571,3;0,01259114
447587,9;0,01259392
447604,4;0,01260079
447624,9;0,01260538
447641,8;0,01261097
447658,1;0,01261097
447674,7;0,01261318
447691,3;0,01262262
447707,8;0,01262875
447724,3;0,01263301
447741,3;0,01263785
447757,6;0,01264268
447774,1;0,01264563
447790,6;0,01264877
447807,2;0,01265004
447823,8;0,01265988
447840,6;0,01266392
447857,3;0,01266873
447873,4;0,01267417
447890;0,01267791
447906,9;0,01268258
447923,8;0,01268287
447939,8;0,01268619
447956,3;0,01268619
447973,1;0,01268775
447989,4;0,01269733
448006;0,01270893
448022,8;0,01271271
448039,1;0,01271789
448055,8;0,01272271
448072,3;0,01272621
448089,1;0,01273208
448105,4;0,01273208
448122;0,01273626
448138,5;0,01274316
448155,1;0,0127489
448171,7;0,01275179
448188,2;0,01275734
448204,8;0,01276198
448221,3;0,01276283
448237,9;0,01276833
448254,5;0,0127747
448271,1;0,01277693
448287,6;0,01278114
448304,2;0,01278824
448320,8;0,012794
448337,3;0,01279717
448354,2;0,01280064
448370,4;0,0128027
448387,4;0,01280774
448403,6;0,01281366
448420,4;0,01281938
448436,8;0,01282231
448453,4;0,01282231
448469,9;0,01283052
448486,5;0,01283341
448503,4;0,01284166
448519,9;0,01284453
448536,1;0,01284453
448553;0,01285018
448569,3;0,01285018
448586,2;0,01285295
448602,4;0,01285295
448619;0,01286004
448635,5;0,01286859
448652,1;0,0128821
448668,6;0,01288508
448685,2;0,01288935
448701,8;0,01289585
448718,4;0,0128995
448735,7;0,01290256
448751,5;0,01290755
448768;0,01291276
448784,6;0,01291276
448801,2;0,01291781
448818,3;0,01292302
448834,6;0,01292302
448850,9;0,01292992
448867,5;0,01293102
448884;0,01293483
448900,6;0,01293689
448917,2;0,01294029
448934,1;0,01294334
448951,1;0,0129449
448966,8;0,0129449
448983,4;0,01294927
449000;0,01294969
449017,3;0,01295474
449033,3;0,01295605
449049,8;0,01295882
449066,9;0,01296059
449082,8;0,01296114
449099,4;0,01296223
449115,9;0,01296575
449132,5;0,01296575
449149,6;0,01296911
449165,7;0,01297189
449182,2;0,01297295
449199,4;0,01297306
449215,4;0,01297411
449231,9;0,01297523
449248,6;0,01297561
449265;0,01298061
449281,7;0,01298393
449298,4;0,01298516
449314,8;0,01298673
449332;0,01298785
449347,9;0,01298785
449364,4;0,01299182
449381;0,01299212
449397,6;0,01299396
449414,2;0,01299607
449430,7;0,0129984
449447,5;0,01299944
449463,9;0,01300122
449480,4;0,01300367
449497;0,01300518
449513,8;0,01300726
449530,1;0,01300994
449546,7;0,01300994
449563,6;0,01301238
449580;0,01301484
449596,4;0,01301484
449613,6;0,01301722
449629,9;0,01301992
449646,3;0,01302131
449663,3;0,01302198
449679,3;0,01302198
449696,7;0,01302362
449712,4;0,01302404
449729,3;0,01302538
449745,5;0,01302582
449762,1;0,01302657
449778,6;0,01302684
449795,2;0,01302684
449811,8;0,01302707
449828,5;0,01302739
449845,2;0,01302739
449861,4;0,01302739
449878;0,01302737
449894,6;0,01302714
449911,4;0,01302616
449928;0,01302528
449944,3;0,01302508
449960,8;0,01302389
449977,5;0,01302317
449994;0,01302317
450010,6;0,01302317
450027,1;0,01302172
450044,3;0,01301983
450061;0,01301853
450076,8;0,0130178
450093,9;0,0130165
450110,1;0,01301532
450127,1;0,01301532
450143,1;0,01301185
450159,6;0,01301092
450176,3;0,01300948
450192,9;0,01300863
450209,3;0,01300649
450225,9;0,01300441
450242,8;0,0130022
450259,1;0,0130022
450276;0,01300073
450292,2;0,01299654
450309,3;0,01299491
450325,3;0,0129946
450341,9;0,01299047
450358,5;0,01298765
450375;0,01298757
450391,8;0,0129845
450408,6;0,01298134
450424,7;0,01297872
450441,3;0,01297507
450458,4;0,01297222
450474,7;0,01297036
450491;0,01296976
450507,8;0,01296829
450524,1;0,01296829
450540,7;0,01296002
450557,3;0,01295241
450574,2;0,01294929
450590,4;0,01294464
450607;0,01294464
450623,5;0,01293436
450640,1;0,01293295
450656,8;0,0129265
450674;0,01292474
450689,8;0,01292044
450706,4;0,01291238
450723;0,01290554
450739,5;0,01290182
450756,1;0,0128956
450772,7;0,01288955
450789,5;0,0128855
450806,2;0,01287972
450823,3;0,01287846
450838,9;0,01287275
450856,2;0,0128631
450872,2;0,01285578
450888,6;0,01285153
450905,7;0,01285153
450921,7;0,01284053
450938,4;0,01282933
450954,9;0,01282453
450971,6;0,01282047
450988;0,01281547
451004,6;0,01279928
451021,5;0,01279704
451037,7;0,01278738
451054,3;0,01277734
451070,8;0,01277152
451088,3;0,0127627
451103,9;0,0127627
451120,8;0,01275793
451137,1;0,01275793
451153,9;0,01275266
451170,2;0,01273723
451186,8;0,0127158
451203,3;0,0127041
451219,9;0,01269608
451236,5;0,01268748
451253,1;0,01268224
451269,6;0,01268224
451286,2;0,01266006
451303;0,01265326
451319,3;0,01264222
451335,9;0,01263668
451352,6;0,01262503
451369,4;0,01261683
451386,5;0,01260635
451402,2;0,01259639
451418,7;0,01258789
451435,3;0,01258129
451451,8;0,01256959
451468,4;0,01255848
451485,3;0,01254942
451501,7;0,01253707
451518,1;0,01253026
451534,7;0,01251771
451551,6;0,01250991
451567,8;0,01249785
451584,4;0,01249047
451601,6;0,01248447
451617,9;0,01247803
451634,1;0,01245713
451650,7;0,01245301
451667,4;0,01244094
451684;0,01243519
451700,3;0,01242801
451716,9;0,01241041
451733,5;0,01240478
451750,3;0,01239297
451766,9;0,01239297
451783,3;0,01238684
451799,8;0,01238268
451816,5;0,0123632
451833,1;0,01234652
451849,5;0,01234075
451866;0,01232902
451882,6;0,01231812
451899,2;0,0123125
451915,7;0,01230581
451932,3;0,01229678
451948,9;0,01229678
451965,4;0,01229678
451982,3;0,01228094
451998,6;0,01226505
452015,3;0,01225614
452031,7;0,01224958
452048,4;0,01224212
452065,2;0,01223757
452081,6;0,01222818
452098;0,01222818
452114,5;0,01221158
452131,1;0,01220993
452147,7;0,01220074
452164,5;0,0121969
452180,8;0,01218634
452197,3;0,01217912
452214,2;0,01217506
452230,5;0,01217419
452247;0,01215778
452263,6;0,01215349
452280,2;0,01214424
452296,8;0,01214012
452313,3;0,0121317
452330;0,01212617
452346,4;0,0121188
452363;0,01211074
452379,6;0,01210655
452396,2;0,01210655
452413;0,01210279
452429,3;0,01210067
452445,9;0,01209837
452462,4;0,01208351
452479;0,01207641
452495,5;0,01206597
452512,1;0,01206255
452528,7;0,01206255
452545,3;0,01204992
452561,8;0,01204819
452578,4;0,01204501
452594,9;0,01204037
452612,2;0,01203455
452628,3;0,01202899
452644,7;0,01202349
452661,4;0,01202349
452677,9;0,01202083
452694,3;0,01201364
452710,9;0,01200902
452727,5;0,0120046
452744,4;0,0120046
452760,6;0,01200216
452777,2;0,01199578
452793,8;0,01199195
452811,1;0,01198984
452826,9;0,01198984
452843,4;0,01198563
452860,2;0,01198026
452876,9;0,01197868
452893,2;0,01197503
452910;0,01197251
452926,3;0,01197108
452942,8;0,01196855
452959,4;0,01196698
452976;0,01196484
452992,6;0,01196299
453009,1;0,0119617
453025,7;0,01196049
453042,3;0,01195978
453058,8;0,01195888
453075,4;0,01195876
453091,9;0,01195788
453108,6;0,01195661
453125,1;0,01195315
453141,7;0,01195135
453158,4;0,01195032
453174,8;0,01194914
453191,8;0,01194863
453207,9;0,01194767
453224,5;0,01194722
453241,1;0,01194642
453258,5;0,01194606
453274,2;0,01194541
453290,8;0,0119451
453307,3;0,0119447
453323,9;0,01194451
453340,5;0,01194451
453357;0,01194463
453373,6;0,01194472
453390,2;0,01194487
453406,8;0,01194551
453423,3;0,0119456
453440,3;0,0119464
453456,4;0,0119465
453473;0,01194693
453490;0,01194842
453506,1;0,0119492
453522,7;0,0119502
453539,8;0,0119502
453555,8;0,01195273
453579,3;0,01195399
453592,5;0,0119555
453609,1;0,01195632
453625,9;0,01195819
453642,3;0,01195987
453658,8;0,01195987
453675,4;0,01196077
453692;0,01196077
453708,5;0,01196077
453725,1;0,01196152
453742;0,01196357
453758,2;0,01196792
453774,8;0,01197291
453791,4;0,01197475
453808,1;0,01197633
453824,5;0,0119781
453841,1;0,0119781
453857,6;0,01198225
453874,2;0,01198374
453890,8;0,01198492
453907,3;0,01198927
453923,9;0,01199191
453940,5;0,0119934
453957;0,01199565
453973,6;0,01199683
453990,2;0,01199683
454007;0,01199909
454023,3;0,0120021
454039,8;0,01200367
454056,4;0,01200499
454073;0,01200699
454089,5;0,01200829
454106,5;0,01200902
454122,7;0,0120097
454139,3;0,01201299
454155,8;0,01201511
454172,4;0,01201614
454188,9;0,01201763
454206,2;0,01201971
454222,3;0,01202157
454238,7;0,01202277
454255,6;0,01202501
454271,8;0,01202658
454288,4;0,01202846
454304,9;0,01203076
454321,5;0,01203076
454338;0,01203194
454354,6;0,01203196
454371,2;0,01203516
454388;0,01204046
454404,7;0,01204164
454421,6;0,01204291
454437,4;0,0120452
454454,2;0,01204742
454470,6;0,01204866
454487,6;0,01204993
454503,8;0,01205217
454520,3;0,01205217
454537;0,01205643
454553,5;0,01205802
454570;0,01205927
454586,6;0,01206181
454603,1;0,0120642
454620,1;0,0120642
454636,7;0,01206661
454653,3;0,01206899
454669,8;0,01207151
454686,4;0,01207339
454703;0,01207522
454720;0,01207651
454736,1;0,01207768
454752,7;0,01208035
454769,2;0,01208257
454786,1;0,01208389
454802,8;0,01208389
454818,9;0,01208804
454835,5;0,01209055
454852,1;0,01209447
454868,6;0,01209807
454885,2;0,01209997
454902;0,01210307
454918,3;0,01210566
454934,9;0,01210939
454951,4;0,01211155
454968;0,0121122
454984,6;0,01211559
455001,7;0,01211643
455018,1;0,01212148
455034,6;0,01212398
455050,9;0,01212699
455067,4;0,01213502
455084,6;0,01213937
455100,6;0,0121414
455117,7;0,01214379
455133,9;0,01214557
455150,5;0,01215291
455166,8;0,01215291
455183,7;0,0121594
455199,9;0,01216263
455216,9;0,0121674
455235,4;0,01217242
455252,6;0,012175
455271,5;0,01217963
455288,3;0,01218451
455309,7;0,01218969
455329,3;0,01219455
455349,7;0,01219969
455366,8;0,01220235
455382,8;0,01220607
455399,5;0,01220981
455416;0,01221486
455432,6;0,01221486
455449,1;0,01222076
455465,6;0,01222535
455482,6;0,01222535
455499;0,012234
455515,4;0,01223569
455532;0,01224184
455548,9;0,01224297
455565,3;0,01224786
455581,6;0,01225248
455598,2;0,0122551
455614,8;0,01225707
455631,6;0,01225784
455648,3;0,01226022
455671,2;0,012268
455681;0,01227493
455698,2;0,01228065
455714,2;0,01228313
455730,7;0,01228313
455747,3;0,01229353
455763,8;0,01229623
455780,4;0,01230177
455797;0,01230446
455813,5;0,01231003
455830,2;0,01231572
455846,8;0,01231827
455863,3;0,01232392
455879,8;0,01232917
455896,4;0,01233195
455913;0,01233487
455930,2;0,01234036
455946,3;0,01234353
455962,7;0,01234851
455979,2;0,01235516
455996,8;0,01235793
456012,4;0,01236333
456029;0,01236404
456045,5;0,01236987
456062;0,01237543
456078,6;0,01238183
456095,3;0,01238557
456111,8;0,0123907
456128,3;0,01239615
456144,9;0,01239904
456161,4;0,01240211
456178,4;0,01240874
456194,6;0,01241386
456211,6;0,01241666
456227,7;0,0124224
456244,9;0,0124224
456260,9;0,01242536
456278,1;0,01242813
456294;0,01243418
456310,8;0,01244596
456327,1;0,01244898
456344;0,01245475
456360,3;0,01246054
456376,8;0,01246342
456393,4;0,0124644
456409,9;0,01247241
456426,5;0,01247535
456443,1;0,01247535
456459,7;0,01248385
456476,2;0,0124881
456493,1;0,0124944
456509,6;0,01249585
456526,8;0,01250186
456542,5;0,01250724
456559,6;0,01251339
456575,8;0,01251813
456592,7;0,01252155
456608,8;0,01252724
456625,5;0,01252813
456641,9;0,0125345
456661;0,01253944
456675,3;0,01254139
456691,6;0,01254719
456708,2;0,01255278
456724,7;0,01255693
456741,3;0,01255829
456757,9;0,01256147
456774,4;0,0125642
456791,1;0,01257266
456807,7;0,01257942
456824,9;0,01258351
456840,7;0,01258616
456857,3;0,01259044
456873,9;0,01259044
456890,4;0,01259281
456906,9;0,01259401
456923,5;0,01259497
456940,1;0,01260182
456956,7;0,01260697
456973,2;0,01261264
456989,8;0,01261443
457006,4;0,0126183
457023;0,01262031
457039,5;0,01262376
457056,1;0,0126272
457072,6;0,01262882
457089,2;0,01263211
457105,8;0,01263382
457122,3;0,01263661
457138,9;0,01263714
457155,5;0,01263887
457172;0,01264437
457188,6;0,01264775
457205,2;0,01264951
457221,7;0,01264951
457238,3;0,01265687
457254,8;0,01265861
457271,9;0,01266238
457288,3;0,0126635
457304,6;0,01266793
457321,1;0,01266793
457337,7;0,01267314
457354,7;0,01267579
457371,6;0,0126765
457387,5;0,01267821
457404;0,01268305
457420,5;0,01268305
457437,3;0,01268753
457453,7;0,0126915
457470,2;0,01269308
457487,6;0,0126964
457503,3;0,01269838
457520,2;0,01269969
457536,5;0,01270145
457553;0,01270145
457569,6;0,01270288
457586,2;0,01271114
457603;0,01271517
457619,3;0,01271892
457635,9;0,01272071
457652,5;0,01272237
457669;0,01272575
457685,6;0,01272905
457702,2;0,01273086
457718,7;0,01273414
457735,3;0,01273572
457751,9;0,01273742
457768,7;0,01274062
457785;0,01274062
457801,5;0,01274227
457818,7;0,01274809
457834,7;0,01275025
457851,3;0,01275279
457867,8;0,01275569
457884,4;0,01275721
457901,1;0,01275721
457917,5;0,01276098
457934,1;0,01276416
457950,8;0,01276544
457967,2;0,01276805
457983,8;0,01276805
458000,4;0,01277062
458016,9;0,01277432
458033,5;0,01277565
458050,6;0,01277695
458066,6;0,01277769
458083,2;0,01278198
458099,9;0,0127829
458116,3;0,01278559
458133;0,01278723
458149,4;0,01278923
458166;0,01278923
458182,7;0,01279058
458199,2;0,01279175
458216,1;0,0127937
458233,2;0,01279975
458248,9;0,0128018
458265,5;0,01280354
458282,4;0,01280491
458298,6;0,012806
458315,1;0,01280719
458331,7;0,0128111
458348,3;0,01281363
458364,8;0,01281517
458381,4;0,01281735
458397,9;0,01281875
458414,5;0,01282099
458431,1;0,01282099
458447,8;0,01282362
458464,5;0,01282636
458480,8;0,01282731
458498;0,0128299
458513,9;0,01283196
458530,5;0,01283311
458547,1;0,01283509
458563,6;0,01283666
458580,3;0,01283843
458596,8;0,01284082
458613,6;0,01284225
458630,5;0,01284424
458652,2;0,01284666
458668,7;0,01284666
458685,8;0,01284895
458702,4;0,01285239
458718,4;0,01285399
458735;0,01285603
458751,7;0,01285794
458768,4;0,01285951
458784,8;0,01286167
458801,3;0,01286167
458817,8;0,01286274
458834,4;0,01286338
458850,9;0,01286471
458867,6;0,01286889
458884,7;0,0128712
458900,7;0,01287336
458917,4;0,01287336
458934;0,01287533
458950,3;0,01287708
458966,9;0,01287708
458983,5;0,01287947
459000,1;0,01287978
459017,3;0,0128808
459033,7;0,01288236
459049,8;0,0128843
459066,5;0,01288736
459082,9;0,01288736
459099,7;0,01289282
459116;0,01290012
459132,6;0,012906
459150;0,01290941
459165,8;0,01290941
459182,4;0,01292083
459199,2;0,01292396
459215,4;0,01292722
459232;0,01292901
459248,6;0,01293237
459265,1;0,012934
459281,7;0,01293736
459298,3;0,01294049
459314,8;0,01294218
459331,4;0,01294433
459348;0,01294868
459364,9;0,01295259
459381,1;0,01295466
459397,8;0,01295466
459414,2;0,01296294
459430,8;0,01296551
459447,3;0,01296551
459463,9;0,0129686
459480,5;0,0129711
459497,1;0,01297958
459513,7;0,01298764
459530,2;0,01299257
459546,8;0,01299471
459563,3;0,01299471
459579,9;0,01299934
459597,1;0,01300579
459613;0,01301039
459635,1;0,01301788
459646,5;0,01302224
459663,3;0,01303182
459679,7;0,01303726
459696,2;0,01304589
459712,9;0,01304728
459729,3;0,01305653
459746;0,01306437
459762,5;0,01306943
459779,6;0,01307654
459795,8;0,01307654
459812,2;0,01308567
459829,2;0,01309374
459845,3;0,01310101
459861,9;0,01310959
459878,4;0,01311532
459895;0,01311979
459911,6;0,01312396
459928,2;0,01313846
459944,7;0,01314887
459961,9;0,01315956
459977,9;0,01315956
459994,6;0,01317069
460011,4;0,01317718
460027,7;0,01318351
460044,5;0,01319252
460060,7;0,01319252
460077,3;0,01319711
460093,8;0,01319711
460110,6;0,01320214
460127,6;0,01320388
460143,5;0,01322354
460160,3;0,01322846
460176,9;0,01325062
460193,3;0,01327709
460209,8;0,01328597
460226,4;0,01330122
460242,9;0,01331992
460259,6;0,01331992
460276,5;0,01335304
460292,6;0,01335399
460309,5;0,01337705
460325,8;0,0133938
460343;0,01341619
460361,3;0,01343235
460378,2;0,0134496
460399,5;0,0134725
460416,1;0,01348223
460432,7;0,0135038
460449,2;0,01351454
460465,8;0,01351443
460482,4;0,01355821
460499,7;0,01357638
460515,5;0,01359151
460532,6;0,01359435
460548,7;0,01365166
460565,3;0,01368594
460581,8;0,01370264
460598,8;0,01371814
460614,9;0,0137197
460631,5;0,01378581
460653,5;0,01379316
460667,1;0,01382068
460683,6;0,0138589
460700,2;0,01386393
460716,8;0,01387561
460733,3;0,01387561
460750;0,01388722
460766,4;0,01388722
460783,2;0,0139124
460799,6;0,01392506
460816,2;0,01392982
460832,7;0,01393119
460849,6;0,01393196
460865,8;0,01393145
460882,4;0,01393125
460899;0,0139315
460915,6;0,01393
460933;0,01393011
460948,9;0,01392855
460965,4;0,01392822
460981,8;0,01392744
460998,9;0,01392713
461015,3;0,01392645
461031,5;0,01392596
461048,1;0,01392491
461064,6;0,01392491
461081,2;0,01391771
461098;0,01391474
461114,3;0,01390897
461130,9;0,01390579
461148,3;0,01389892
461164,1;0,01389304
461180,6;0,01388902
461197,5;0,01388779
461213,8;0,01388333
461230,3;0,01388083
461246,9;0,01387941
461263,5;0,0138733
461280,4;0,01387138
461305,8;0,01386739
461334,7;0,01385862
461363,5;0,01385629
461382,6;0,01385324
461403;0,01385105
461419,6;0,01384425
461436,2;0,01383537
461452,7;0,0138288
461469,5;0,01382549
461485,8;0,01381913
461502,4;0,01381605
461519;0,01381605
461535,9;0,01380667
461552,4;0,01380106
461568,7;0,01379702
461585,5;0,01379532
461601,8;0,01379202
461618,6;0,01378043
461634,9;0,01377415
461651,5;0,01376672
461668,5;0,01376336
461685;0,01374692
461701,2;0,01374166
461717,8;0,01373619
461734,5;0,01372638
461750,9;0,01371632
461767,5;0,01371159
461784,1;0,01370661
461800,6;0,01370351
461817,2;0,0136873
461833,8;0,0136873
461850,3;0,01367778
461866,9;0,01366132
461884;0,01365545
461900;0,01365001
461916,9;0,01363734
461933,1;0,01362262
461949,9;0,01361586
461966,3;0,01360465
461982,8;0,01359801
461999,9;0,01359553
462016;0,01359553
462033,3;0,01359553
462049,1;0,01358815
462065,7;0,01356257
462082,6;0,01355294
462098,8;0,0135467
462115,5;0,01352789
462132,1;0,01351821
462149,1;0,0135064
462165,1;0,01349944
462181,6;0,01349944
462198,5;0,01348155
462214,9;0,01345578
462231,5;0,01343235
462247,9;0,01341939
462264,7;0,01340092
462281,2;0,01339314
462298;0,01337435
462314,2;0,01335867
462330,8;0,01333842
462347,9;0,01332683
462363,9;0,01330134
462380,5;0,01330134
462397;0,01326664
462413,7;0,01326664
462430,2;0,0132299
462447,4;0,01320857
462463,3;0,01318786
462479,8;0,01316829
462496,4;0,01313867
462513;0,01312372
462529,7;0,01309309
462546,1;0,01307439
462562,7;0,01305868
462579,3;0,01305868
462595,9;0,01302169
462612,4;0,0129861
462628,9;0,01293605
462646,3;0,01293605
462662,1;0,01293605
462678,7;0,01293186
462697,6;0,01289087
462711,8;0,01283679
462728,4;0,01282339
462744,9;0,01278998
462761,5;0,01277913
462778;0,01277359
462794,9;0,01277043
462811,2;0,01277043
462828;0,01276342
462844,3;0,0127625
462860,9;0,01276192
462877,7;0,01275896
462894,4;0,01275818
462910,6;0,01275789
462927,8;0,01275771
462943,7;0,01275781
462960,3;0,01275789
462976,9;0,01275811
462993,4;0,0127583
463010,2;0,0127585
463026,7;0,01275856
463043,5;0,01275899
463059,7;0,01275924
463076,7;0,01275958
463092,8;0,01275977
463109,4;0,01276012
463126;0,01276032
463142,8;0,01276075
463159,1;0,01276114
463176,1;0,01276142
463192,8;0,0127615
463208,8;0,01276218
463225,9;0,0127625
463241,9;0,01276289
463259;0,01276291
463275,3;0,01276314
463291,6;0,01276314
463308,3;0,01276338
463324,8;0,01276357
463341,6;0,01276458
463357,9;0,0127665
463375;0,01276691
463391,2;0,01276724
463407,6;0,01276795
463424,1;0,01276832
463441,2;0,01276901
463457,8;0,01276901
463473,8;0,01276992
463490,4;0,01277088
463507;0,0127716
463523,6;0,0127716
463540,2;0,01277202
463556,7;0,01277325
463573,3;0,0127739
463590,1;0,0127742
463606,4;0,0127742
463623;0,01277492
463639,5;0,01277563
463657,3;0,01277651
463674;0,01277726
463690,4;0,01277726
463707,1;0,01277846
463723,5;0,01277885
463740,1;0,01277923
463756,7;0,01278023
463773,3;0,01278056
463789,8;0,01278105
463806,6;0,01278121
463822,9;0,01278188
463839,8;0,01278268
463856,4;0,01278382
463872,7;0,01278495
463889,2;0,01278495
463906,5;0,01278619
463922,4;0,01278619
463939,4;0,01278638
463955,6;0,01278681
463972,6;0,01278681
463988,6;0,01278955
464005,9;0,01279075
464021,8;0,01279186
464038,3;0,01279315
464054,9;0,01279427
464071,4;0,01279576
464088;0,01279576
464104,6;0,01279783
464121,2;0,0127981
464137,7;0,01279934
464154,3;0,01279992
464170,8;0,01280115
464187,4;0,01280208
464204;0,01280294
464220,6;0,01280393
464237,6;0,01280393
464253,7;0,01280393
464270,3;0,01280471
464286,8;0,01280514
464303,5;0,01280551
464319,9;0,01280756
464336,5;0,01280801
464353,1;0,01280801
464369,9;0,01280979
464386,5;0,01281076
464402,8;0,01281318
464419,3;0,01281701
464435,9;0,01282235
464452,5;0,01282562
464469,1;0,01282918
464485,8;0,01283054
464502,2;0,01283297
464519;0,01283295
464535,8;0,01283534
464551,9;0,01283659
464568,7;0,01283671
464585;0,01283803
464601,6;0,01283803
464618,9;0,01284205
464634,7;0,01284713
464651,3;0,01285006
464668,1;0,01285178
464685;0,01285417
464701;0,01285536
464717,6;0,01285812
464734,3;0,01285979
464750,8;0,0128616
464767,3;0,01286356
464783,8;0,01286505
464800,4;0,01286762
464817,1;0,01286887
464833,5;0,01287111
464850,3;0,01287232
464866,7;0,01287346
464883,2;0,0128768
464899,8;0,01287796
464916,3;0,01288017
464932,9;0,01288228
464949,5;0,01288489
464966,1;0,01288489
464982,9;0,01288888
464999,2;0,01289005
465015,8;0,01289262
465032,3;0,01289262
465048,9;0,01289677
465065,9;0,01289819
465082;0,01290086
465098,6;0,01290214
465115,7;0,01290483
465131,7;0,01290738
465148,3;0,01290937
465164,8;0,0129122
465181,4;0,0129136
465198;0,01291512
465214,5;0,01291602
465231,3;0,01291671
465247,8;0,01291801
465264,3;0,01292357
465281,3;0,01292714
465297,8;0,0129293
465314;0,01293202
465330,5;0,01293371
465347,6;0,01293639
465363,9;0,01293863
465380,3;0,01294083
465396,9;0,01294243
465413,5;0,01294545
465429,9;0,01294545
465446,5;0,01294886
465463,4;0,01295288
465479,6;0,01295502
465496,4;0,01295676
465512,8;0,0129571
465529,4;0,01296339
465546,5;0,01296596
465562,4;0,01296832
465579,1;0,0129699
465595,6;0,01297049
465612,2;0,01297656
465628,7;0,01297849
465645,3;0,01298194
465661,9;0,01298194
465678,4;0,0129825
465695;0,01298691
465712,3;0,01299261
465728,8;0,01299448
465744,7;0,01299471
465761,3;0,01300213
465777,8;0,01300258
465794,9;0,01300782
465811;0,01301003
465828;0,01301346
465844,4;0,01301346
465860,8;0,01301346
465877,2;0,01301418
465893,8;0,0130188
465911;0,01302574
465927,8;0,01302882
465944,3;0,01303221
465960,1;0,01303221
465976,6;0,0130356
465993,2;0,01303994
466009,8;0,01304275
466026,3;0,01304459
466042,9;0,01304504
466059,8;0,0130502
466076,1;0,01305358
466093;0,01305615
466109,2;0,01305887
466125,7;0,01306233
466142,6;0,01306438
466159,5;0,01306759
466175,7;0,01307001
466192,2;0,0130719
466208,6;0,01307557
466225,1;0,0130772
466241,7;0,01307931
466258,3;0,01308151
466275,1;0,01308432
466291,9;0,01308599
466307,9;0,0130884
466325,1;0,01308977
466341,1;0,01308977
466357,7;0,01309326
466374,2;0,01309557
466390,8;0,01309809
466407,3;0,01309953
466423,9;0,01309953
466440,5;0,01310396
466457,1;0,01310396
466473,6;0,01310621
466490,6;0,01310621
466506,8;0,01310752
466523,4;0,0131086
466539,9;0,01311081
466556,5;0,01311478
466573;0,01311635
466589,7;0,01311801
466606,1;0,01311893
466623,1;0,0131214
466639,3;0,01312318
466655,9;0,01312415
466673;0,01312614
466689;0,01312808
466705,8;0,01312833
466722,1;0,01313071
466738,7;0,01313104
466755,4;0,01313194
466771,8;0,01313383
466788,4;0,01313523
466805;0,01313761
466821,5;0,01313961
466838,4;0,01314071
466854,9;0,01314174
466871,2;0,0131447
466888,5;0,01314573
466904,3;0,01314756
466920,9;0,01314915
466937,7;0,01314984
466954;0,01315053
466970,6;0,01315195
466987,7;0,0131527
467003,9;0,0131527
467020,3;0,01315526
467037;0,01315684
467053,5;0,01315858
467070;0,01316013
467086,9;0,013161
467103,2;0,01316192
467119,7;0,01316263
467136,3;0,0131635
467153,4;0,0131635
467169,4;0,01316501
467186,5;0,01316825
467202,5;0,01316963
467219,1;0,01317063
467235,7;0,01317233
467252,9;0,01317341
467268,9;0,01317492
467285,4;0,01317672
467302,8;0,01317762
467318,7;0,01317933
467335,1;0,01318035
467351,7;0,01318148
467368,8;0,01318306
467384,8;0,01318418
467401,3;0,01318483
467417,9;0,01318609
467434,7;0,01318714
467451,1;0,01318771
467467,6;0,01318864
467484,2;0,01318911
467500,8;0,01318959
467517,3;0,01319026
467534;0,01319114
467550,4;0,01319185
467567;0,0131922
467583,6;0,01319283
467600,2;0,01319296
467616,8;0,01319363
467633,3;0,01319434
467650,1;0,01319508
467666,4;0,01319562
467683;0,01319629
467699,6;0,01319655
467716,2;0,01319683
467732,7;0,01319685
467749,3;0,0131975
467765,8;0,0131978
467782,4;0,0131978
467798,9;0,01319789
467816;0,01319811
467832,1;0,01319833
467848,7;0,01319837
467865,2;0,01319839
467881,8;0,01319839
467898,4;0,01319828
467914,9;0,01319813
467931,5;0,01319783
467948,1;0,01319746
467965,1;0,0131972
467981,2;0,01319703
467998,1;0,01319677
468014,3;0,0131961
468030,9;0,01319582
468047,5;0,01319543
468064;0,01319521
468080,8;0,01319499
468097,1;0,01319493
468113,7;0,01319493
468130,3;0,01319478
468146,8;0,0131948
468163,6;0,01319482
468180;0,01319484
468196,6;0,01319491
468213,1;0,01319495
468230,2;0,01319506
468246,3;0,01319513
468262,8;0,01319526
468279,4;0,0131958
468296;0,01319607
468312,5;0,01319659
468329,1;0,01319683
468346;0,01319712
468362,2;0,01319775
468378,8;0,01319841
468395,3;0,01319863
468412;0,01319878
468428,5;0,01319887
468445,1;0,01319913
468461,9;0,01320094
468478,4;0,01320237
468494,8;0,01320385
468511,8;0,01320385
468528,4;0,01320574
468544,5;0,01320742
468561;0,01320865
468577,6;0,01320982
468594,2;0,01321081
468610,7;0,01321196
468627,4;0,01321261
468644,8;0,01321261
468660,4;0,01321459
468677;0,01321576
468693,6;0,01321677
468710,2;0,01321773
468726,9;0,01321903
468743,3;0,01321964
468759,8;0,01322085
468776,4;0,01322178
468793;0,0132229
468809,5;0,01322411
468826,1;0,01322525
468842,7;0,01322631
468859,2;0,01322735
468875,8;0,01322877
468892,4;0,01323114
468908,9;0,01323351
468925,5;0,01323512
468942,1;0,01323592
468958,9;0,01323722
468975,2;0,0132412
468991,8;0,01324251
469008,3;0,01324503
469025,4;0,01324503
469041,4;0,0132463
469058;0,01324741
469074,7;0,01324874
469091,2;0,01324992
469107,8;0,01325441
469124,3;0,01325941
469140,9;0,01326204
469157,4;0,01326328
469174;0,01326538
469190,7;0,01326715
469207,1;0,01326974
469224;0,01326974
469240,7;0,01327274
469256,8;0,01327473
469273,5;0,01327713
469290,2;0,01327851
469306,5;0,01327851
469323,1;0,01328323
469339,7;0,01328412
469356,4;0,01328681
469373,2;0,01328793
469389,3;0,01329033
469405,9;0,01329075
469422,6;0,01329415
469439,1;0,01329672
469455,6;0,01329819
469472,2;0,01330071
469488,9;0,01330233
469505,4;0,01330233
469521,9;0,01330602
469538,7;0,01330824
469555,3;0,01330866
469571,6;0,0133122
469588,2;0,01331406
469604,7;0,01331729
469621,4;0,01331968
469637,8;0,01332081
469654,6;0,01332287
469671;0,01332411
469687,6;0,01332411
469704,3;0,01332541
469720,7;0,01332581
469737,3;0,01332968
469753,8;0,01333355
469770,5;0,01333355
469789,4;0,01333623
469803,7;0,01333857
469820,3;0,01334051
469836,6;0,01334271
469853,4;0,01334271
469869,8;0,01334497
469886,3;0,01334695
469902,9;0,0133491
469919,5;0,01335072
469936,1;0,01335246
469952,6;0,01335362
469969,2;0,01335567
469985,8;0,01335567
470002,3;0,01335985
470018,9;0,01335985
470035,5;0,01336176
470052,4;0,01336357
470069;0,01336537
470085,5;0,01336633
470102;0,01336802
470118,6;0,01336863
470134,8;0,01336969
470151,8;0,01336988
470168;0,01337052
470184,6;0,01337199
470201,1;0,01337245
470218,1;0,01337335
470234,4;0,01337335
470250,8;0,01337413
470267,7;0,01337474
470284,5;0,01337499
470300,5;0,01337503
470317,1;0,0133751
470333,7;0,0133751
470350,3;0,0133751
470366,8;0,01337527
470383,4;0,01337538
470399,9;0,01337538
470417,3;0,01337521
470433;0,01337503
470450,1;0,01337481
470466,3;0,01337393
470483;0,01337311
470499,3;0,01337311
470516,1;0,01337102
470532,4;0,01336971
470549,5;0,01336847
470565,6;0,01336847
470582,2;0,01336668
470598,7;0,0133662
470615,3;0,01336549
470631,9;0,0133643
470648,4;0,01336318
470665,2;0,01336254
470681,6;0,0133619
470698,2;0,01336109
470714,7;0,01336109
470731,3;0,01336069
470748;0,01335948
470764,4;0,01335948
470781;0,01335825
470802,4;0,01335699
470816,8;0,01335606
470833,5;0,01335472
470849,9;0,01335395
470866,5;0,01335233
470883,1;0,01335107
470899,7;0,0133492
470916,2;0,01334727
470932,9;0,01334512
470949,4;0,01334512
470966,2;0,0133441
470982,5;0,01334399
470999;0,01334297
471015,6;0,01334092
471032,2;0,0133369
471048,8;0,01333494
471065,3;0,01333299
471082,5;0,01333107
471098,4;0,01333009
471115,2;0,01332919
471131,6;0,0133272
471148,1;0,01332606
471164,8;0,01332434
471181,4;0,01332244
471197,8;0,01332144
471214,5;0,01332039
471231;0,01331813
471248,3;0,01331654
471264,2;0,01331654
471280,7;0,01331477
471297,7;0,01331302
471313,9;0,01331108
471330,4;0,0133098
471346,9;0,0133098
471363,5;0,01330896
471380,7;0,01330553
471396,8;0,01330466
471413,3;0,01330388
471430;0,01330383
471446,8;0,01330106
471462,9;0,01330052
471479,5;0,01329987
471496;0,01329881
471512,7;0,01329845
471529,7;0,01329859
471545,8;0,01329895
471562,4;0,01329997
471579;0,01330059
471595,4;0,01330127
471612,6;0,01330127
471629,1;0,01330213
471645,8;0,01330298
471661,7;0,01330687
471678,3;0,01330904
471694,8;0,01331059
471711,4;0,01331169
471728,3;0,01331381
471744,5;0,01331493
471761,2;0,01331536
471778;0,01331957
471794,6;0,01331951
471810,8;0,01332194
471827,6;0,01332376
471843,9;0,01332709
471860,5;0,01332862
471877,6;0,01333167
471893,8;0,01333477
471910,3;0,01333616
471926,8;0,01333886
471943,6;0,01334086
471960,5;0,01334427
471977;0,01334603
471993;0,0133476
472009,6;0,01335067
472026,2;0,01335465
472043;0,01335631
472059,8;0,01336004
472075,9;0,0133612
472092,9;0,01336484
472109;0,01336756
472125,6;0,01337168
472142,2;0,01337382
472158,7;0,0133786
472175,3;0,01338233
472191,8;0,01338674
472208,4;0,01338674
472224,9;0,01339142
472241,7;0,01339142
472258,1;0,01339366
472275;0,01339386
472291,3;0,01339627
472307,8;0,01340588
472324,4;0,01340588
472341,7;0,01341747
472357,6;0,01342313
472374,1;0,0134284
472390,7;0,01343075
472407,2;0,01343582
472423,8;0,01343854
472440,3;0,01344403
472456,9;0,01344659
472473,4;0,0134522
472490,1;0,01345602
472507;0,01346037
472523,2;0,01346567
472539,7;0,01346638
472556,3;0,01347393
472573,3;0,0134778
472589,4;0,01348217
472606;0,01348764
472622,8;0,01348764
472639,1;0,01349105
472656,1;0,01349942
472672,3;0,01350469
472688,8;0,01350804
472705,9;0,01351215
472722;0,01351691
472738,5;0,01352259
472755,3;0,01352537
472771,8;0,01353121
472788,3;0,01353121
472805,1;0,01353723
472821,6;0,01354467
472838,1;0,0135493
472857,3;0,01355211
472871,1;0,01355829
472887,6;0,01355829
472904,2;0,01356164
472920,8;0,01356447
472937,3;0,01357042
472953,9;0,01357958
472970,8;0,01358693
472987;0,01359168
473003,7;0,01359746
473020,2;0,01359746
473037,5;0,01360503
473053,7;0,01360503
473070,5;0,01360917
473086,8;0,01361242
473103;0,01361617
473119,6;0,01361766
473136,4;0,01361766
473152,7;0,01362185
473169,3;0,01362471
473186,2;0,01362648
473202,8;0,01362895
473219;0,01362895
473236,1;0,01363296
473252,1;0,01363568
473269,5;0,01363716
473285,8;0,01363955
473301,9;0,01364079
473319;0,01364352
473334,9;0,01364624
473351,6;0,01364766
473368,1;0,01364789
473384,6;0,0136519
473401,5;0,01365332
473417,8;0,01365607
473434,3;0,01365728
473450,9;0,01365886
473467,9;0,0136611
473484,1;0,01366451
473500,7;0,01366538
473517,6;0,01366538
473533,7;0,0136656
473550,3;0,01366613
473567,6;0,01366617
473583,4;0,01366784
473600,2;0,01366814
473616,7;0,01366812
473633,4;0,01366775
473649,9;0,01366728
473666,3;0,01366717
473683,1;0,01366696
473699,4;0,01366611
473716;0,01366496
473732,7;0,01366443
473749,5;0,01366353
473765,7;0,01366353
473782,2;0,01366213
473798,8;0,01366183
473815,4;0,01366135
473831,9;0,01366102
473848,5;0,01366102
473870,4;0,01365964
473881,7;0,01365825
473898,2;0,01365737
473914,8;0,01365654
473931,3;0,01365654
473948,3;0,01365495
473964,4;0,01365444
473981;0,0136543
473998,1;0,01365227
474014,2;0,01365151
474030,7;0,01365114
474047,3;0,01364947
474064,3;0,01364926
474080,4;0,01364757
474097,3;0,01364683
474113,8;0,01364549
474130,8;0,01364472
474147,3;0,01364335
474163,3;0,01364321
474179,9;0,01364321
474196,4;0,01364321
474213;0,01364205
474229,5;0,01364038
474246,7;0,01363753
474263,4;0,01363418
474279,3;0,01363404
474296,6;0,01363355
474312,4;0,01363028
474328,9;0,01362842
474345,5;0,01362653
474362,1;0,01362623
474378,6;0,01362444
474395,2;0,01362279
474411,8;0,01362181
474428,5;0,01362
474444,9;0,01361888
474461,5;0,01361692
474478;0,01361692
474495,1;0,01361571
474511,7;0,01361179
474528;0,01361071
474544,3;0,01361032
474560,8;0,01360931
474577,5;0,01360665
474594;0,01360665
474611,2;0,01360387
474627,1;0,01360387
474644,5;0,01360013
474660,3;0,01359983
474677,5;0,01359782
474693,4;0,0135966
474710;0,01359381
474726,9;0,01359234
474743,1;0,01359189
474760,2;0,01358976
474776,3;0,01358807
474792,8;0,01358704
474809,8;0,01358704
474825,9;0,01358704
474842,5;0,01358496
474859,1;0,01358299
474875,7;0,01358104
474892,2;0,01358003
474910,6;0,01357792
474925,3;0,01357473
474942,6;0,01357288
474958,5;0,01357089
474975;0,01356997
474991,6;0,01356793
475008,2;0,01356664
475024,7;0,01356516
475041,3;0,01356516
475057,9;0,01356412
475074,4;0,01356412
475091;0,01356412
475107,6;0,01356412
475124,1;0,01356416
475140,7;0,01356493
475157,3;0,01356583
475173,8;0,01356677
475190,7;0,01356677
475207;0,01356795
475223,5;0,01356862
475240,2;0,01356979
475256,7;0,01357109
475273,6;0,01357197
475290,1;0,01357287
475306,4;0,01357287
475323;0,01357354
475339,5;0,01357537
475356,1;0,01357578
475373,4;0,01357632
475389,2;0,01357632
475405,8;0,01357794
475422,8;0,01357909
475439,2;0,01357951
475455,8;0,01358011
475472;0,01358011
475488,6;0,01358129
475505,2;0,01358356
475521,7;0,01358449
475538,4;0,01358497
475554,9;0,01358599
475571,4;0,01358683
475588;0,01358759
475604,6;0,01358812
475621,3;0,01358916
475638;0,01358972
475654,5;0,0135909
475671,6;0,01359159
475687,4;0,01359291
475703,9;0,0135943
475720,6;0,01359501
475737,1;0,01359501
475753,7;0,01359686
475770,2;0,01359899
475786,8;0,0135998
475803,4;0,01360128
475819,9;0,01360184
475836,6;0,01360323
475853,1;0,01360409
475869,7;0,0136042
475886,2;0,0136068
475902,8;0,01360818
475919,3;0,01360974
475935,9;0,01361171
475952,5;0,01361262
475969;0,01361394
475985,6;0,01361524
476002,7;0,01361684
476018,8;0,01361756
476035,7;0,01361912
476051,8;0,01362033
476068,4;0,01362151
476085;0,01362151
476101,6;0,0136223
476118,5;0,0136223
476134,7;0,01362302
476151,3;0,01362639
476167,8;0,01362913
476184,4;0,01363087
476201;0,01363168
476217,7;0,01363168
476234,1;0,01363301
476250,7;0,01363526
476267,6;0,01363649
476283,8;0,01363749
476300,5;0,0136406
476317;0,0136406
476333,5;0,01364156
476350,1;0,01364425
476366,6;0,01364425
476383,2;0,01364616
476400,5;0,01364804
476416,5;0,01365065
476432,9;0,01365151
476449,8;0,01365314
476466,2;0,01365332
476482,6;0,01365437
476499,2;0,01365709
476516,1;0,01365858
476532,3;0,01365956
476548,9;0,01365998
476565,4;0,01366312
476582;0,01366472
476598,9;0,01366721
476615,1;0,01367076
476631,7;0,01367302
476648,3;0,01367788
476664,8;0,01368256
476681,4;0,01368256
476698;0,01369016
476715;0,01369299
476731,5;0,01369299
476747,7;0,01369299
476764,3;0,01369435
476780,8;0,01370305
476797,4;0,01371489
476814,1;0,01372038
476830,5;0,01372438
476847,4;0,01372757
476863,7;0,01373166
476880,2;0,01373795
476896,8;0,01373795
476913,3;0,01374565
476930,6;0,0137535
476946,5;0,01375721
476963,3;0,01376344
476979,6;0,01376803
476996,2;0,01377457
477012,8;0,01378149
477029,5;0,01378379
477046,6;0,01378915
477062,4;0,01379114
477079;0,01380037
477095,7;0,01380272
477112,6;0,01380978
477128,7;0,01381688
477145,3;0,0138231
477161,8;0,01382655
477178,4;0,01383004
477194,9;0,01383325
477211,5;0,01384349
477228,1;0,01384349
477245,2;0,01384656
477261,2;0,01384656
477278,1;0,01385897
477294,9;0,0138663
477310,9;0,01387342
477327,5;0,01387895
477344,7;0,01388484
477360,7;0,01388581
477377,3;0,01388916
477394;0,01388916
477410,7;0,01389676
477426,9;0,01390841
477443,4;0,01391141
477460,3;0,01391226
477476,7;0,01392247
477493,2;0,01392729
477510,2;0,0139336
477526,3;0,01393732
477542,8;0,01393791
477559,5;0,01394979
477576,5;0,01395612
477592,6;0,01395949
477609,1;0,01396314
477626;0,01396701
477642,3;0,01397471
477658,8;0,01397583
477675,6;0,0139789
477692;0,01398887
477708,5;0,01399321
477725,1;0,0139982
477741,7;0,0139982
477758,4;0,01400483
477774,8;0,01400483
477791,3;0,01400911
477808;0,01402131
477824,5;0,01402937
477841,1;0,01403384
477858,3;0,01403685
477874,2;0,01403895
477890,8;0,01404819
477907,4;0,01405297
477923,9;0,01405564
477940,5;0,01405652
477957;0,01406807
477973,6;0,01407242
477992,5;0,01407593
478007,3;0,01407768
478023,3;0,01407797
478039,8;0,01407979
478056,5;0,01408869
478073;0,01409343
478089,6;0,01409667
478106,5;0,01410174
478122,7;0,01410732
478139,7;0,01411896
478156,4;0,01412867
478172,5;0,0141316
478189;0,01413782
478205,5;0,0141414
478222,3;0,01414731
478238,7;0,01415053
478255,2;0,01415673
478271,8;0,01416291
478288,4;0,01416737
478304,9;0,01416938
478321,5;0,01417513
478338,1;0,01417786
478354,8;0,01418183
478371,2;0,01418525
478388;0,01418525
478404,3;0,01418681
478420,9;0,01419056
478437,7;0,01419143
478454,3;0,01419261
478470,6;0,01419496
478487,4;0,01419566
478503,8;0,01419741
478520,4;0,01419741
478537,2;0,01419952
478553,6;0,01420058
478570,1;0,01420111
478586,6;0,01420116
478603,1;0,01420081
478619,7;0,01420011
478636,7;0,01419933
478652,8;0,01419906
478669,6;0,01419836
478686;0,01419836
478702,5;0,01419336
478719,1;0,01418724
478735,7;0,01418575
478752,2;0,01418249
478768,8;0,01418064
478785,4;0,01417723
478801,9;0,01417519
478818,5;0,01417273
478835,2;0,01416856
478851,6;0,01416594
478868,2;0,01416362
478885,4;0,01415935
478901,4;0,01415578
478917,9;0,01415248
478934,5;0,01414765
478951;0,01414486
478967,6;0,01413985
478984,2;0,01413724
479006,3;0,01413337
479017,3;0,01412979
479034,7;0,01412462
479050,4;0,01412094
479067,9;0,01411921
479083,6;0,01411533
479100,1;0,01411136
479116,7;0,01410342
479133,3;0,01410079
479150;0,01409844
479166,4;0,01409246
479182,9;0,0140887
479199,5;0,01408621
479216,1;0,01408145
479232,7;0,01407676
479249,3;0,01407455
479265,8;0,0140726
479282,3;0,0140726
479299,1;0,01407242
479315,5;0,01407033
479332,1;0,01406438
479349;0,01405597
479365,2;0,0140487
479381,8;0,0140453
479398,3;0,01404217
479415;0,01403756
479431,5;0,01403526
479448;0,01403099
479464,6;0,01402791
479481,2;0,01402463
479497,8;0,01402235
479514,3;0,01402235
479531,5;0,01401473
479547,4;0,0140116
479564;0,01400717
479580,6;0,01400519
479597,6;0,01400057
479613,8;0,01399859
479630,3;0,01399859
479646,8;0,01399456
479663,4;0,01398799
479680;0,01398358
479696,9;0,01398319
479713,1;0,01397787
479729,7;0,013975
479746,5;0,01397045
479762,8;0,0139682
479779,3;0,01396412
479795,9;0,01396136
479812,5;0,01395775
479829,1;0,01395324
479845,6;0,01395092
479862,5;0,01395092
479879,2;0,01394477
479895,3;0,01394278
479912,2;0,01394226
479928,8;0,01394092
479945;0,01393886
479961,6;0,01393546
479978,2;0,01392779
479994,7;0,01392138
480011,3;0,01391694
480027,9;0,01391496
480044,4;0,01391056
480061;0,01391056
480077,5;0,01390649
480094,5;0,01390219
480110,8;0,01389813
480127,4;0,01389452
480143,8;0,01389413
480160,4;0,01388997
480177;0,01388608
480193,5;0,01388346
480210,4;0,01388032
480226,7;0,01387845
480243,2;0,01387507
480259,8;0,01387169
480276,8;0,01386953
480292,9;0,01386728
480309,5;0,01386557
480326,1;0,0138636
480342,8;0,01386268
480359,2;0,01386258
480375,8;0,01386288
480392,3;0,01386288
480408,9;0,01386371
480425,4;0,01386442
480442,3;0,01386665
480458,6;0,01386743
480475,3;0,01386787
480491,7;0,01387156
480508,3;0,01387256
480524,9;0,01387473
480541,5;0,01387583
480558,1;0,01387693
480575,2;0,01387819
480591,1;0,01387819
480607,7;0,01387917
480624,4;0,01388298
480641,6;0,01388554
480657,7;0,0138873
480673,9;0,0138873
480690,9;0,0138931
480707,6;0,01389346
480723,7;0,01389689
480740,5;0,01389907
480756,8;0,01390112
480773,5;0,01390349
480789,9;0,01390541
480806,5;0,01390817
480823,1;0,0139113
480840;0,01391283
480856,2;0,01391593
480872,8;0,01391593
480889,3;0,01391857
480906,4;0,01392357
480922,5;0,01392584
480939,1;0,01392754
480955,6;0,01392817
480972,3;0,01393392
480989;0,01393578
481005,3;0,01393906
481021,9;0,01394071
481038,4;0,01394383
481055;0,01394529
481071,6;0,01394529
481088,1;0,0139492
481104,7;0,01395361
481121,3;0,01395611
481137,8;0,01395674
481154,4;0,0139594
481171;0,01396226
481187,5;0,01396367
481204,1;0,01396476
481220,7;0,01396497
481237,2;0,01396652
481253,8;0,01396776
481270,3;0,01397298
481286,9;0,01397698
481303,5;0,01397876
481320,6;0,01397985
481336,6;0,01398225
481353,2;0,01398264
481369,8;0,01398582
481386,3;0,01398693
481403,4;0,013989
481419,7;0,01399133
481436;0,01399223
481452,6;0,0139943
481469,3;0,01399514
481485,7;0,01399711
481502,3;0,01399711
481518,9;0,01399837
481535,9;0,01400064
481552;0,01400064
481568,6;0,01400144
481585,2;0,01400374
481601,7;0,01400578
481618,8;0,01400578
481634,8;0,01400784
481651,4;0,01400859
481668;0,01400983
481684,5;0,01401034
481701,3;0,01401034
481717,7;0,0140114
481734,2;0,01401198
481750,8;0,01401217
481768,3;0,01401229
481783,9;0,01401253
481800,5;0,01401244
481817,1;0,01401244
481833,7;0,01401227
481850,5;0,01401227
481867,2;0,01401227
481883,5;0,01401196
481900;0,01401032
481916,5;0,01400898
481933;0,01400795
481949,6;0,01400671
481966,2;0,01400669
481982,7;0,01400597
481999,7;0,0140038
482015,9;0,01400243
482032,4;0,01400096
482049;0,01399854
482068,2;0,01399738
482082,4;0,01399414
482098,8;0,01399236
482115,5;0,01398877
482132,2;0,01398877
482148,4;0,01398364
482165,2;0,01398018
482181,7;0,01397688
482198,5;0,01397165
482214,7;0,01396882
482232;0,01396439
482247,8;0,01396035
482264,5;0,0139575
482280,9;0,01395118
482297,5;0,01394426
482314,4;0,01393842
482330,6;0,01393351
482347,2;0,01392624
482364,3;0,01392624
482380,5;0,01392085
482397;0,01391096
482414;0,01390293
482430;0,01389576
482447,1;0,01389391
482463,4;0,01388278
482479,8;0,01388278
482496,7;0,0138779
482513,3;0,0138779
482530,1;0,0138728
482546;0,01385444
482562,8;0,01384216
482579,1;0,01384216
482596,1;0,01382885
482612,4;0,01382885
482628,9;0,01381751
482646;0,01380964
482662;0,01380031
482678,5;0,01379583
482695,9;0,01378643
482711,8;0,01377647
482728,3;0,01377146
482744,8;0,01377146
482761,3;0,0137572
482778,3;0,01374702
482794,6;0,01373896
482811,1;0,0137326
482827,9;0,01372303
482844,2;0,01371846
482860,8;0,01371288
482877,7;0,01370822
482894,2;0,01369287
482910,5;0,01368274
482927,5;0,01367741
482943,6;0,0136701
482960,2;0,0136615
482976,7;0,01365662
482993,5;0,01365185
483009,8;0,01363651
483026,4;0,01363125
483043;0,01362078
483059,6;0,01362078
483077,8;0,01361691
483092,7;0,01359472
483109,3;0,01359472
483125,8;0,01358933
483142,4;0,01358933
483159,2;0,01358933
483175,5;0,01358342
483192,1;0,01356531
483208,9;0,01355337
483225,2;0,01353334
483241,8;0,01352862
483258,4;0,01351854
483275,2;0,01350789
483291,6;0,01350261
483308,1;0,01349262
483324,6;0,01348789
483341,4;0,01347699
483357,8;0,01347699
483374,7;0,01346902
483390,9;0,01345239
483407,5;0,01345239
483424;0,01343898
483440,9;0,01343706
483457,2;0,01342736
483473,7;0,01342201
483490,3;0,01342047
483506,9;0,01340785
483524,1;0,01339778
483540;0,01338403
483556,6;0,01337871
483573,1;0,01337871
483589,7;0,01336531
483606,3;0,01335932
483622,8;0,01335058
483639,4;0,01334121
483656,3;0,01333632
483672,8;0,01332884
483689,1;0,01332025
483705,7;0,01331304
483722,2;0,01330884
483738,8;0,01330884
483755,4;0,01329966
483771,9;0,01329709
483788,5;0,01329544
483805,1;0,01329544
483821,6;0,0132794
483838,8;0,01326484
483854,8;0,01325201
483871,3;0,01324799
483887,9;0,01324368
483904,6;0,01324086
483921;0,01322648
483937,7;0,0132188
483954,2;0,01321459
483970,8;0,01321459
483987,3;0,01320376
484003,8;0,01319824
484020,8;0,0131867
484037;0,01318267
484053,6;0,01318267
484073,6;0,01317165
484090,2;0,01316614
484106,8;0,01316051
484123,3;0,01315386
484139,9;0,01315386
484156,4;0,01314332
484173,7;0,01313995
484189,9;0,01313995
484206,2;0,01313683
484222,7;0,01313683
484239,5;0,01313683
484255,8;0,01313324
484272,8;0,01313324
484289,3;0,01313324
484305,5;0,01313324
484322,1;0,01313324
484338,8;0,01313324
484355,3;0,01312622
484371,8;0,01311268
484388,4;0,01310372
484404,9;0,01310048
484421,5;0,01310048
484438,1;0,0130974
484454,7;0,01309209
484471,2;0,01308255
484488;0,01307281
484504,8;0,01305941
484520,9;0,01305308
484538,2;0,01304489
484554;0,01303962
484570,6;0,01303686
484587,2;0,01303151
484603,8;0,01302237
484620,7;0,01301412
484636,9;0,01301122
484653,4;0,01300748
484670,4;0,0130026
484686,6;0,01299829
484703,1;0,01299586
484719,9;0,01299296
484736,4;0,012992
484752,8;0,01298247
484769,4;0,01297829
484786;0,01297353
484802,6;0,01297284
484819,1;0,0129681
484835,8;0,01296413
484852,2;0,01296063
484868,8;0,01295588
484885,4;0,01295105
484901,9;0,01294893
484918,5;0,01294417
484935,6;0,01294417
484951,6;0,01293718
484968,2;0,01293483
484984,8;0,01293283
485002,2;0,01292627
485017,9;0,01292335
485034,7;0,01292084
485051,5;0,01292084
485067,6;0,01292084
485084,2;0,01291824
485100,9;0,0129137
485117,8;0,01290175
485133,9;0,01289881
485150,4;0,01289357
485167;0,01289017
485183,6;0,01288801
485200,1;0,01288288
485216,7;0,01287824
485234,2;0,01287596
485249,8;0,01287128
485266,4;0,01287128
485283;0,01286837
485300;0,01286168
485316,1;0,0128569
485332,7;0,01285433
485349,3;0,01285336
485365,8;0,01284442
485382,4;0,01284367
485399,3;0,01283977
485415,5;0,01283527
485432,1;0,01283206
485448,6;0,01283077
485465,2;0,0128273
485481,8;0,01282352
485498,4;0,01281665
485514,9;0,01281318
485531,6;0,01280955
485548;0,01280677
485564,6;0,01280306
485581,2;0,01280302
485597,8;0,01279629
485614,3;0,01279321
485630,9;0,01278949
485647,8;0,01278595
485664;0,01278392
485680,6;0,01278392
485697,6;0,01278205
485714,1;0,01278205
485730,4;0,01278205
485746,8;0,01278188
485763,7;0,01277946
485780,1;0,01277652
485796,5;0,01277158
485813,1;0,01276676
485830,2;0,01276454
485846,3;0,01276299
485863,1;0,01276277
485879,4;0,01276404
485895,9;0,01276495
485912,8;0,01276658
485929,1;0,01276828
485945,7;0,01276925
485962,5;0,01277105
485979,2;0,01277186
485995,3;0,01277186
486011,9;0,01277429
486028,5;0,01277491
486045;0,01277593
486061,8;0,01277593
486078,7;0,01277694
486095,6;0,01277753
486111,3;0,01277988
486127,9;0,01278041
486144,4;0,01278041
486161;0,01278115
486177,7;0,01278404
486194,5;0,01278488
486210,8;0,01278661
486227,7;0,01278661
486243,8;0,01278776
486260,4;0,01279048
486277;0,01279204
486293,8;0,01279348
486310,1;0,0127939
486326,8;0,01279468
486343,2;0,01279591
486359,8;0,01279591
486376,5;0,01279743
486392,9;0,01280302
486409,5;0,01280814
486426,1;0,01281073
486442,9;0,01281364
486459,2;0,01281364
486475,8;0,01281698
486492,7;0,01281817
486508,9;0,01282034
486525,5;0,01282389
486542,2;0,01282706
486558,6;0,01282829
486575,2;0,0128315
486591,9;0,01283463
486608,3;0,01283626
486624,9;0,01283846
486641,4;0,01284078
486658,2;0,01284487
486674,6;0,01284487
486691,2;0,01284659
486708,1;0,01285274
486724,3;0,01285444
486741;0,01285834
486757,4;0,01286222
486774,4;0,01286587
486790,5;0,01286787
486807,1;0,01287197
486823,7;0,01287195
486840,3;0,01287382
486857,7;0,01287998
486873,4;0,01288147
486890;0,01288776
486906,6;0,01289068
486923,2;0,01289504
486939,6;0,01289721
486956,2;0,01289721
486973,1;0,01289721
486990,1;0,01289721
487005,9;0,01289951
487023;0,01290248
487039;0,01290872
487055,8;0,01291083
487072,8;0,01291565
487089,1;0,01291631
487108,1;0,01292282
487121,8;0,01292849
487138,6;0,01293538
487155;0,01293776
487171,6;0,01293776
487188,2;0,01294297
487204,7;0,01294497
487221,3;0,0129478
487237,8;0,0129478
487254,4;0,01295052
487271;0,01295481
487287,7;0,01295583
487304,1;0,01296086
487321;0,01296136
487337,8;0,01296951
487353,8;0,01297905
487370,6;0,01298748
487387,3;0,01299268
487403,5;0,01299887
487420,1;0,01300884
487436,7;0,01302084
487453,2;0,01303068
487470,3;0,01303604
487486,4;0,01303604
487503;0,01304247
487519,5;0,01305021
487536;0,01305545
487552,7;0,01306037
487569,6;0,01306332
487585,7;0,01306595
487602,3;0,01306882
487619;0,01306882
487636;0,01306907
487652;0,01307176
487668,8;0,01308047
487685,2;0,01309239
487701,7;0,01309589
487718,3;0,01309963
487734,9;0,01310243
487751,4;0,01310803
487768;0,013112
487784,6;0,01311387
487801,1;0,01311592
487817,8;0,01311917
487834,2;0,01312126
487851,1;0,01312262
487867,4;0,01312334
487883,9;0,01312438
487900,5;0,01312438
487917,2;0,01312542
487934;0,01312591
487950,3;0,01312708
487966,8;0,01312732
487983,4;0,01312798
487999,9;0,0131286
488016,5;0,01312927
488033,4;0,01313011
488050,3;0,01313067
488066,2;0,01313067
488082,8;0,01313133
488100,5;0,01313352
488117,1;0,01313465
488133,9;0,01313528
488150,5;0,01313528
488167,2;0,01313647
488183,6;0,01313816
488199,9;0,01313906
488216,9;0,01314034
488233,3;0,01314105
488249,6;0,01314105
488266,5;0,01314167
488282,8;0,01314167
488299,4;0,01314237
488315,9;0,01314307
488332,7;0,01314449
488349,2;0,01314536
488365,6;0,01314626
488382,2;0,01314776
488398,7;0,01314885
488415,3;0,01314885
488431,8;0,01314894
488448,4;0,01315091
488465;0,0131518
488481,6;0,01315334
488498,4;0,01315334
488514,7;0,01315388
488531,6;0,01315538
488548,1;0,01315677
488564,4;0,01315752
488581;0,01315898
488597,5;0,01315968
488614,1;0,01315996
488630,7;0,01316031
488647,4;0,01316137
488664,1;0,01316362
488680,3;0,01316456
488696,9;0,01316486
488713,5;0,01316681
488730,1;0,01316731
488746,9;0,01316944
488763,9;0,01317012
488779,9;0,01317103
488796,4;0,01317165
488812,9;0,01317319
488829,5;0,01317347
488846;0,01317524
488863;0,01317578
488879,3;0,01317627
488895,9;0,01317685
488912,3;0,01317685
488929;0,01317746
488945,5;0,01318025
488962;0,01318282
488978,6;0,01318428
488995,1;0,01318662
489011,8;0,01318797
489028,4;0,01318797
489044,8;0,01319294
489061,4;0,01319408
489078,7;0,01319596
489094,9;0,01319764
489111,3;0,01319939
489127,7;0,01320024
489144,7;0,01320183
489160,8;0,01320279
489177,4;0,01320327
489193,9;0,01320393
489210,5;0,01320528
489227,2;0,01320683
489243,6;0,01320738
489260,5;0,01320912
489276,8;0,01320967
489293,3;0,01321079
489309,9;0,01321122
489326,5;0,0132119
489343;0,01321225
489360,1;0,01321298
489376,2;0,01321276
489392,7;0,01321256
489409,3;0,01321249
489426,2;0,01321222
489442,6;0,01321225
489459;0,01321262
489475,6;0,01321315
489492,1;0,01321391
489508,7;0,01321435
489525,3;0,01321435
489542,7;0,01321435
489558,4;0,01321435
489575,1;0,01321479
489591,5;0,01321631
489608,1;0,01321755
489624,7;0,01321839
489641,4;0,01322044
489657,8;0,01322492
489674,3;0,01322745
489690,9;0,01322889
489707,5;0,01322989
489724,1;0,01323209
489740,7;0,01323329
489757,5;0,01323504
489773,8;0,01323701
489790,4;0,01323846
489806,9;0,01323957
489823,5;0,01324226
489840;0,01324226
489856,6;0,01324226
489873,2;0,01324226
489889,8;0,01324226
489906,3;0,01324439
489922,8;0,01324657
489939,4;0,01324759
489956,3;0,01324823
489972,6;0,01324874
489989,4;0,01324985
490005,7;0,01325148
490022,6;0,01325272
490038,8;0,01325637
490055,4;0,01325637
490072,8;0,01325885
490088,8;0,01326004
490105,1;0,01326004
490121,7;0,01326276
490138,2;0,01326725
490154,9;0,01326997
490171,3;0,01326997
490187,9;0,01326997
490204,5;0,01326997
490221,1;0,01327387
490237,7;0,01328003
490254,2;0,01328402
490270,8;0,01328986
490287,3;0,01329584
490303,9;0,01329792
490320,5;0,01330314
490337,3;0,01330523
490353,7;0,01330707
490370,2;0,01331477
490386,7;0,01331809
490403,4;0,01332199
490420;0,01332199
490436,4;0,01332594
490453,1;0,01332958
490469,7;0,01332958
490486,1;0,01333725
490502,7;0,01333896
490519,3;0,01334272
490535,9;0,01334272
490552,4;0,01334621
490569;0,01334665
490585,5;0,01334665
490602,3;0,01335051
490618,7;0,01335051
490635,2;0,01335051
490652,1;0,01335236
490668,4;0,01335236
490685,1;0,01335236
490701,5;0,01335236
490718,3;0,01335442
490734,8;0,0133563
490751,2;0,01336025
490768,1;0,01336616
490784,3;0,01336825
490800,9;0,01336825
490817,6;0,01337026
490834;0,01337026
490851,2;0,01337399
490867,8;0,01338106
490883,9;0,01338717
490900,3;0,01339148
490916,9;0,01339786
490933,4;0,01340499
490950;0,01340816
490966,6;0,01341039
490983,1;0,01341172
491000;0,013413
491016,8;0,01341378
491032,8;0,01341398
491049,4;0,01341409
491065,9;0,0134151
491082,5;0,01341539
491099,1;0,01341628
491115,7;0,01341686
491132,2;0,01341806
491148,8;0,01341936
491165,4;0,01342009
491181,9;0,01342009
491198,6;0,01342167
491215,4;0,01342261
491232,1;0,01342497
491248,2;0,0134256
491264,8;0,0134272
491281,3;0,0134272
491298;0,01342878
491314,8;0,01342979
491331,2;0,01343192
491347,6;0,01343626
491364,2;0,01343626
491380,9;0,01343746
491398,2;0,01343746
491414;0,0134399
491430,6;0,01344233
491447,2;0,01344233
491463,8;0,01344233
491480,3;0,01344233
491497,3;0,01344233
491513,4;0,01344487
491530;0,01344487
491546,5;0,01344727
491563,1;0,01344847
491579,7;0,01344987
491596,2;0,01344987
491612,8;0,01345254
491629,4;0,01345254
491645,9;0,01345254
491662,5;0,01345561
491679,1;0,01345561
491695,7;0,01345676
491712,2;0,01345781
491728,8;0,0134587
491745,3;0,01346179
491761,9;0,01346179
491778,6;0,01346338
491795,6;0,01346338
491811,6;0,01346482
491828,2;0,01346482
491844,8;0,01346648
491861,3;0,0134687
491877,9;0,01347037
491894,4;0,01347168
491911,2;0,01347418
491927,6;0,01347601
491944,1;0,013478
491960,7;0,01347935
491977,3;0,01348194
491994;0,01348194
492010,4;0,01348334
492027,4;0,01348591
492043,8;0,01348838
492060,3;0,01349072
492076,7;0,01349298
492093,5;0,01349298
492109,9;0,01349298
492126,4;0,01349298
492142,9;0,01349516
492159,9;0,01349729
492176,6;0,01349946
492193,4;0,01350175
492209,3;0,01350175
492225,8;0,0135039
492243,1;0,01350529
492258,9;0,01350666
492275,5;0,01350823
492292;0,01350903
492308,6;0,01350903
492325,2;0,01351062
492342,1;0,01351219
492358,7;0,01351374
492374,9;0,01351422
492391,8;0,0135162
492408,1;0,0135162
492424,6;0,01351784
492441,1;0,013519
492458;0,01352087
492474,3;0,01352096
492490,8;0,01352239
492507,4;0,01352342
492524;0,01352342
492540,5;0,01352461
492557,1;0,0135257
492573,7;0,01352602
492590,3;0,01352764
492606,8;0,01352764
492623,4;0,01352764
492640;0,01352846
492656,5;0,01352983
492673,6;0,01353097
492689,6;0,01353228
492706,3;0,01353456
492722,8;0,01353456
492739,3;0,0135362
492755,9;0,0135362
492772,5;0,01353804
492789,2;0,01354017
492805,9;0,01354272
492822,2;0,01354351
492838,8;0,01354982
492855,3;0,01355253
492872,1;0,01355653
492888,4;0,01356235
492905,4;0,01356587
492921,9;0,01356853
492938,2;0,01356871
492954,7;0,01357406
492972,2;0,01357727
492988,4;0,01358327
493004,4;0,01359226
493021;0,01359385
493037,7;0,01359919
493054,1;0,01360736
493070,7;0,01361167
493087,7;0,01361951
493103,8;0,01362705
493120,4;0,01363109
493136,9;0,01363595
493160,1;0,01364197
493170,9;0,01364405
493187,4;0,01364552
493204,4;0,01364552
493220,6;0,01364755
493237,2;0,013651
493253,9;0,01365458
493270,3;0,01366083
493286,8;0,0136625
493303,4;0,01366336
493320,7;0,01367045
493336,6;0,01367267
493353,7;0,01367716
493370,4;0,01367716
493386,2;0,01367913
493402,9;0,01368121
493420,2;0,0136874
493436,1;0,01368879
493452,5;0,01369068
493469,1;0,0136969
493485,6;0,01369892
493502,2;0,01370059
493519,1;0,01370225
493535,3;0,01370225
493551,9;0,01370444
493569,4;0,01370509
493585,1;0,01370638
493601,7;0,01370638
493618,5;0,01370784
493634,8;0,01370871
493651,3;0,01370913
493667,9;0,0137096
493685,2;0,01371066
493701,6;0,01371141
493718,5;0,0137119
493734,7;0,01371197
493750,7;0,01371197
493767,4;0,01371253
493783,8;0,01371304
493800,7;0,01371363
493817;0,01371405
493833,8;0,0137144
493850,1;0,0137151
493866,7;0,01371545
493883,8;0,01371617
493900,4;0,01371699
493916,5;0,01371746
493933,5;0,0137187
493949,5;0,01371942
493966,1;0,01372098
493982,8;0,01372196
493999,7;0,01372263
494016,1;0,01372263
494032,4;0,01372263
494048,9;0,01372263
494065,6;0,01372454
494082;0,01372624
494098,9;0,01372794
494115,3;0,01373027
494131,9;0,01373116
494148,3;0,01373288
494167,2;0,01373575
494181,5;0,01373833
494198;0,01373933
494214,9;0,01374117
494231,1;0,01374266
494247,7;0,01374427
494264,3;0,01374634
494280,8;0,01374746
494297,4;0,01375022
494314,1;0,01375169
494330,7;0,01375356
494348;0,01375442
494363,7;0,01375531
494380,3;0,0137576
494397,7;0,01375826
494413,4;0,01375946
494430;0,01375995
494446,8;0,01376092
494463,4;0,01376134
494479,7;0,01376174
494497,2;0,0137621
494512,9;0,0137621
494529,7;0,01376243
494545,9;0,01376305
494562,5;0,01376331
494579,7;0,01376385
494595,7;0,01376416
494612,2;0,0137644
494628,8;0,01376502
494645,3;0,01376502
494662,3;0,01376502
494678,7;0,01376533
494695;0,01376554
494711,6;0,01376681
494728,2;0,01376908
494745,1;0,01377008
494761,3;0,01377008
494777,9;0,0137718
494794,4;0,01377396
494811;0,01377501
494827,5;0,0137758
494844,5;0,0137758
494861;0,01377741
494877,3;0,01377956
494894,2;0,01378138
494910,7;0,01378221
494926,9;0,01378379
494943,6;0,01378487
494960,2;0,01378592
494977,2;0,01378731
494993,2;0,01378731
495009,8;0,01378817
495026,8;0,01379008
495043,3;0,01379008
495059,5;0,01379282
495076,1;0,01379302
495092,6;0,01379469
495109,2;0,01379525
495126,6;0,01379615
495142,8;0,01379876
495162,6;0,01380025
495175,9;0,01380152
495192;0,01380332
495208,8;0,01380434
495225,2;0,01380434
495242,5;0,01380773
495258,8;0,01380787
495275,5;0,01380859
495291,4;0,01380922
495308;0,01380922
495324,6;0,01380982
495341,1;0,01381158
495357,7;0,01381291
495374,4;0,01381371
495390,8;0,01381371
495407,4;0,013815
495424,1;0,01381567
495440,5;0,0138164
495457,1;0,01381698
495473,7;0,01381698
495490,6;0,01381864
495506,8;0,01382125
495523,3;0,01382398
495539,9;0,01382598
495556,8;0,0138273
495573;0,01382855
495590,1;0,01383096
495606,9;0,01383308
495622,8;0,01383483
495640,1;0,01383664
495656,1;0,01383904
495672,5;0,01384198
495689;0,0138434
495705,8;0,01384648
495722,5;0,01384995
495738,7;0,01385142
495755,3;0,01385514
495771,8;0,01385871
495788,7;0,01385871
495805;0,01385876
495821,5;0,01386594
495838,1;0,01386816
495854,7;0,01387133
495871,3;0,01387133
495888,7;0,01387298
495904,3;0,01387592
495921;0,01387821
495937,5;0,0138802
495954,1;0,0138802
495970,7;0,01388437
495987,2;0,01389061
496003,8;0,01389575
496020,3;0,01389751
496036,9;0,01389751
496053,5;0,01390446
496070;0,01390644
496087;0,01391044
496103,2;0,01391233
496119,8;0,01391632
496136,3;0,01391864
496152,9;0,01392103
496169,5;0,01392444
496191;0,01392667
496202,9;0,01392885
496219,3;0,01393248
496235,9;0,01393248
496252,3;0,01393732
496268,9;0,01394185
496285,9;0,01394443
496302;0,01394523
496318,6;0,01394674
496335,1;0,0139525
496351,7;0,01395451
496368,4;0,01395808
496384,8;0,01395808
496401,4;0,01396002
496417,9;0,01396371
496434,5;0,01396973
496451,1;0,01397291
496467,7;0,01397548
496484,2;0,0139783
496500,8;0,01397999
496517,3;0,01398013
496533,9;0,01398582
496550,6;0,01398702
496567,2;0,01398886
496583,8;0,01399069
496600,6;0,01399069
496616,7;0,01399134
496633,3;0,01399862
496650,6;0,01400581
496666,7;0,01400593
496683,6;0,01401073
496699,6;0,01401073
496716,1;0,01401503
496732,7;0,0140165
496749,3;0,01401911
496765,8;0,01402026
496782,4;0,01402166
496799,7;0,01402403
496815,6;0,01402403
496832,1;0,01402779
496848,7;0,0140304
496865,3;0,0140332
496882,4;0,01403431
496898,6;0,01403687
496915,3;0,01403845
496931,5;0,01404019
496948,1;0,01404265
496964,8;0,01404265
496981,3;0,01404823
496997,8;0,01404976
497014,3;0,01405247
497030,9;0,01405428
497047,5;0,01405711
497064;0,01405866
497080,7;0,01406127
497097,2;0,01406313
497114;0,01406552
497130,3;0,01406818
497146,9;0,01406818
497163,4;0,01407218
497180;0,01407329
497197,2;0,01407474
497213,2;0,01407598
497229,7;0,01407598
497246,3;0,01407729
497262,8;0,01408444
497279,4;0,01408637
497296,3;0,01408845
497312,5;0,01408966
497329,1;0,01409025
497345,7;0,01409493
497362,3;0,01409614
497378,8;0,01409857
497395,4;0,01410023
497412;0,01410112
497428,5;0,0141032
497445,1;0,01410672
497461,6;0,01410943
497478,2;0,01411067
497494,8;0,01411266
497511,3;0,01411405
497528,2;0,0141152
497545,1;0,01411565
497561;0,01411995
497577,6;0,01412127
497594,2;0,01412127
497610,8;0,01412509
497627,3;0,01412751
497643,9;0,01412903
497660,8;0,01413097
497677,3;0,01413329
497693,9;0,01413434
497710,2;0,01413628
497727,4;0,01413745
497743,3;0,01413886
497759,8;0,01413991
497777,2;0,0141407
497793,1;0,01414184
497809,6;0,01414261
497826,6;0,0141437
497842,7;0,0141437
497859,3;0,0141437
497875,8;0,01414378
497893,1;0,01414474
497909,4;0,01414516
497925,5;0,01414528
497942,1;0,01414526
497958,7;0,01414511
497975,2;0,01414511
497992,7;0,01414489
498008,3;0,01414487
498024,9;0,01414487
498041,5;0,01414469
498058,3;0,01414442
498074,6;0,01414417
498091,5;0,01414378
498107,7;0,01414328
498124,3;0,01414286
498140,9;0,01414269
498157,4;0,01414261
498174;0,01414219
498190,8;0,01414207
498207,2;0,01414187
498223,7;0,01414155
498241,8;0,01414108
498258,4;0,01414088
498275;0,01414028
498291,6;0,01413982
498308,3;0,01413982
498324,7;0,01413813
498341,3;0,01413776
498357,8;0,01413697
498374,4;0,01413697
498390,9;0,01413665
498407,5;0,01413492
498424,1;0,01413361
498440,7;0,01413287
498457,2;0,01413194
498474,3;0,01413031
498490,3;0,01413024
498506,9;0,01413024
498523,8;0,01412751
498540;0,01412403
498556,8;0,01412403
498573,2;0,01411854
498589,8;0,01411854
498606,3;0,01411637
498622,9;0,01411045
498639,5;0,01410862
498656;0,01410658
498672,8;0,01410238
498689,7;0,01409995
498706,2;0,01409995
498722,3;0,01409138
498738,8;0,01408815
498755,5;0,01408701
498772;0,01407951
498788,5;0,01407683
498805,2;0,01407369
498821,9;0,01407169
498838,3;0,01406805
498855,1;0,01406031
498871,4;0,01405442
498887,9;0,01404948
498904,5;0,01404825
498921,1;0,01404429
498937,8;0,01403551
498954,3;0,01403154
498970,8;0,01402443
498987,4;0,01401788
499003,9;0,01401346
499020,7;0,01400545
499037,1;0,01400131
499053,6;0,01399334
499070,2;0,01399334
499086,7;0,01398573
499103,7;0,01397645
499120,3;0,01397244
499136,4;0,01397203
499153;0,01397203
499170;0,01396793
499186,2;0,01395469
499202,7;0,01393438
499219,6;0,0139273
499235,8;0,01391756
499252,5;0,01390944
499269;0,01390475
499285,6;0,01389384
499302,4;0,01388434
499318,9;0,01387591
499335,3;0,01387591
499351,9;0,01386832
499369,2;0,01385665
499384,9;0,01384695
499402;0,0138421
499418,1;0,01383668
499434,6;0,01381806
499451,2;0,01381143
499468,6;0,01380161
499484,3;0,01379832
499501;0,01377742
499517,7;0,01377029
499534,1;0,01375909
499550,7;0,01375744
499567,2;0,01374693
499583,8;0,01373459
499600,3;0,01372158
499616,9;0,01371508
499633,5;0,01369598
499650,4;0,01368934
499666,6;0,01368275
499683,3;0,01367425
499699,7;0,01366181
499716,4;0,01365769
499732,8;0,01365176
499749,4;0,0136325
499766,2;0,0136325
499782,7;0,0136325
499799,4;0,01362683
499815,7;0,01361495
499832,6;0,01359612
499848,8;0,01357713
499865,4;0,01356755
499882;0,01356167
499898,5;0,01355079
499915,1;0,0135441
499931,7;0,01353377
499948,2;0,01352306
499964,8;0,01351262
499981,3;0,01351199
499997,9;0,01350594
500015;0,01349127
500031,1;0,01348574
500047,6;0,01347619
500064,2;0,01346409
500080,8;0,01345905
500097,3;0,01344944
500113,9;0,01344839
500130,4;0,01344273
500147,1;0,01342603
500163,6;0,0134154
500180,2;0,01341028
500196,7;0,01341028
500213,3;0,01339394
500229,8;0,0133827
500246,4;0,01337575
500263;0,01336685
500279,7;0,01336685
500296,4;0,01335272
500313,2;0,01333937
500329,3;0,01333073
500345,8;0,01332876
500362,4;0,01331909
500379,6;0,01330721
500396,1;0,01330721
500412,4;0,0133012
500428,8;0,01329949
500445,2;0,01329621
500461,8;0,01327527
500478,3;0,01326001
500494,9;0,01325013
500511,5;0,01324033
500528,2;0,01323545
500544,6;0,01322585
500561,2;0,0132215
500577,7;0,01321295
500594,5;0,0132033
500610,9;0,01319917
500627,5;0,01319415
500644;0,01319026
500660,9;0,01318363
500677,2;0,01317366
500693,7;0,01316943
500710,3;0,013161
500726,8;0,01315504
500743,4;0,01314801
500760;0,01314143
500776,6;0,0131375
500793,1;0,01313371
500809,7;0,01313096
500826,2;0,01312312
500842,8;0,01311246
500859,4;0,01310961
500875,9;0,01310269
500892,5;0,01309944
500909,5;0,01309327
500925,6;0,01308721
500942,3;0,01308391
500958,8;0,01308043
500975,6;0,01307569
500992;0,01307029
501008,5;0,01306751
501025,1;0,013062
501041,6;0,013062
501058,2;0,013062
501074,9;0,013062
501091,3;0,01305678
501107,9;0,01305134
501124,4;0,01304665
501141,6;0,01304219
501158,4;0,01303635
501174,1;0,01303489
501190,7;0,01303446
501207,9;0,0130317
501224,5;0,01303
501240,4;0,0130291
501257;0,01302864
501274,1;0,01302771
501290,7;0,01302713
501306,7;0,01302713
501323,8;0,01302598
501339,9;0,01302405
501356,4;0,01302306
501373;0,0130218
501389,5;0,01302025
501406,5;0,01301927
501422,6;0,01301927
501439,2;0,01301706
501455,9;0,01300913
501472,3;0,01300655
501488,9;0,0130008
501505,5;0,0129966
501522,1;0,01299158
501538,6;0,01298506
501555,2;0,01297955
501571,8;0,01297799
501588,5;0,0129694
501604,9;0,01296365
501621,4;0,01296018
501638;0,01295431
501654,7;0,01294522
501671,3;0,01294135
501687,8;0,01294135
501704,4;0,01294135
501720,9;0,01293787
501737,5;0,01293391
501754,1;0,0129241
501770,7;0,01291707
501787,2;0,01290797
501804;0,01289864
501820,8;0,01289063
501837,4;0,01288178
501853,5;0,01287225
501870,4;0,01286572
501886,6;0,0128608
501903,2;0,01285347
501920;0,01284632
501936,5;0,01283942
501952,9;0,01283289
501969,6;0,01282732
501986,1;0,01281983
502002,7;0,01281586
502019,2;0,01281586
502035,7;0,01281586
502052,3;0,01281032
502069,2;0,01279317
502085,6;0,01278374
502102;0,01278029
502119;0,0127766
502135,4;0,01277073
502151,9;0,0127658
502168,3;0,01275807
502184,8;0,01275542
502201,5;0,0127494
502218,2;0,01274534
502234,6;0,01274032
502251,2;0,01273451
502267,6;0,0127318
502284,7;0,01272855
502301;0,01272746
502317,3;0,01272514
502334,5;0,01272252
502350,5;0,01272252
502367,7;0,01271813
502393,7;0,01270701
502410,2;0,01269233
502427,3;0,0126801
502443,4;0,01267231
502460;0,0126682
502476,5;0,01266035
502493;0,01266035
502509,6;0,01265237
502526,2;0,01264356
502542,8;0,01263519
502559,3;0,01262688
502575,9;0,01262287
502592,4;0,01261856
502609;0,01261032
502625,6;0,01261032
502642,2;0,01260163
502658,9;0,0125933
502675,3;0,01258498
502692,7;0,01257639
502708,7;0,01256863
502725;0,01256483
502741,9;0,0125576
502758,1;0,01255352
502774,7;0,01254582
502791,3;0,0125414
502807,8;0,01253368
502824,4;0,01253012
502840,9;0,01252214
502857,5;0,01251667
502874,1;0,01251053
502890,7;0,01250304
502907,2;0,01249918
502923,8;0,01249166
502940,3;0,01248763
502957,3;0,01248449
502973,9;0,01248449
502990,5;0,01248449
503006,6;0,0124798
503023,4;0,01246503
503039,8;0,01245646
503056,3;0,01244984
503072,9;0,01244282
503089,4;0,01243749
503106;0,01243141
503122,6;0,01242801
503139,2;0,01242078
503156;0,01241715
503172,8;0,01240884
503188,8;0,01240418
503205,4;0,01239563
503222;0,01239138
503238,6;0,01239022
503255,1;0,01237799
503271,7;0,01236918
503288,3;0,01236544
503304,8;0,01235746
503327,7;0,01235009
503338;0,01234484
503354,5;0,01234287
503371,3;0,01233397
503387,9;0,0123304
503404,3;0,01232622
503420,8;0,01232187
503438;0,01231905
503453,9;0,01231758
503470,5;0,01231615
503487,1;0,01231453
503503,6;0,01231407
503520,3;0,01231339
503537;0,01231287
503553,5;0,01231304
503569,9;0,01231304
503586,5;0,01231383
503603;0,01231383
503619,9;0,01231383
503636,3;0,01231503
503652,7;0,01231701
503669,3;0,01231863
503686,1;0,01231955
503702,4;0,01232228
503719;0,01232366
503735,7;0,01232724
503752,1;0,01232872
503768,8;0,01233003
503785,3;0,01233003
503801,8;0,01233295
503818,8;0,01233684
503835;0,01234122
503851,5;0,01234274
503868,1;0,01234591
503884,7;0,01234637
503901,2;0,01235177
503917,8;0,01235433
503934,8;0,01235593
503951,4;0,01235945
503967,5;0,01236292
503984;0,01236292
504000,6;0,01236617
504017,3;0,01236935
504034,3;0,01237248
504050,3;0,0123747
504067;0,01237717
504083,4;0,01237717
504100;0,01237976
504116,6;0,0123813
504133,2;0,01238335
504150,5;0,01238463
504166,3;0,01238628
504182,9;0,01238711
504199,5;0,01238904
504216;0,01239073
504232,5;0,01239165
504249,1;0,01239171
504265,7;0,01239177
504282,3;0,01239177
504298,8;0,01239446
504315,4;0,01240077
504339,5;0,01240616
504349,2;0,01240808
504365,8;0,01241142
504382,4;0,01241142
504398,9;0,01241327
504415,9;0,01242151
504432,1;0,01242511
504448,6;0,012431
504465,2;0,012431
504481,9;0,01243382
504498,3;0,01243689
504515,1;0,0124487
504531,4;0,01245218
504548;0,01245218
504564,5;0,01246471
504581,1;0,01246514
504597,7;0,012468
504614,3;0,01247765
504631,3;0,01248468
504647,5;0,0124892
504663,9;0,01249167
504680,5;0,01249627
504697,1;0,01249893
504713,7;0,01251342
504730,2;0,01251708
504747,3;0,0125237
504763,3;0,01252812
504780,1;0,01253565
504796,5;0,01253971
504813,1;0,01254731
504829,6;0,01255383
504846,2;0,01255938
504862,9;0,01256673
504879,3;0,0125671
504895,9;0,0125671
504912,4;0,0125671
504929;0,01257074
504945,6;0,01258631
504962,2;0,01259876
504978,7;0,01260624
504995,3;0,01261434
505011,8;0,01262281
505028,4;0,01262703
505045;0,0126321
505061,6;0,012639
505078,3;0,0126476
505094,7;0,01265189
505111,3;0,01266
505128,3;0,0126642
505144,4;0,01267192
505161,2;0,01267801
505177,5;0,01268454
505194,4;0,01268454
505210,7;0,01269028
505227,6;0,01270481
505244,1;0,01270893
505260,4;0,01271312
505276,9;0,01271312
505293,5;0,01272631
505310,3;0,01273344
505333,3;0,01274074
505344,3;0,01274074
505360,8;0,01274992
505377,3;0,01275976
505394,5;0,01276652
505410,5;0,01277158
505427,1;0,01277607
505443,6;0,01278297
505460,3;0,01278664
505477,3;0,01278664
505493,3;0,01280222
505509,9;0,01280623
505526,5;0,01280623
505543,5;0,01280991
505560,3;0,01281381
505576,2;0,0128216
505592,8;0,01283433
505609,3;0,01284215
505625,8;0,01284382
505642,4;0,01285085
505659,7;0,01285898
505675,6;0,01286448
505692,2;0,01287049
505708,7;0,01287746
505725,7;0,01288446
505741,8;0,01288479
505758,8;0,01289179
505775;0,01289872
505791,5;0,01290558
505808,1;0,01290947
505824,7;0,01290947
505841,3;0,01291787
505857,8;0,01292649
505874,3;0,01293377
505891;0,01293377
505907,5;0,01294443
505924,1;0,01294443
505940,6;0,01295255
505957,2;0,0129583
505974,4;0,01296555
505990,3;0,01296918
506007,3;0,01296918
506023,6;0,01298095
506040,1;0,01298707
506056,6;0,01299038
506073,2;0,01299398
506090,2;0,01299705
506106,4;0,01300741
506122,9;0,01301347
506139,4;0,01301815
506156;0,01302168
506172,5;0,01302502
506189,1;0,01302516
506205,7;0,01302828
506222,3;0,01304196
506238,8;0,01304803
506255,5;0,01305434
506272,4;0,01305871
506288,6;0,01306377
506305,5;0,0130672
506324,3;0,0130727
506340,8;0,01307302
506357,4;0,01308506
506374;0,0130857
506390,6;0,01309162
506407,1;0,01309739
506423,7;0,01310328
506440,3;0,01310328
506456,8;0,013111
506473,4;0,01311527
506490,3;0,01311527
506507,2;0,01312356
506523,5;0,01312912
506539,6;0,01313193
506556,3;0,01313721
506572,8;0,01314241
506589,3;0,01314479
506606,3;0,0131475
506622,5;0,01314943
506639,3;0,01315512
506655,6;0,01316158
506672,2;0,01316427
506688,7;0,01316654
506705,3;0,01316875
506721,9;0,01317467
506738,7;0,01317467
506755,2;0,01317929
506771,7;0,01318267
506788,2;0,01318455
506804,8;0,01318455
506821,3;0,01318455
506837,9;0,01318455
506855,2;0,01318552
506871;0,01319322
506888;0,01319996
506904,4;0,01320543
506920,9;0,01320697
506937,7;0,01320697
506954,3;0,01320697
506971,1;0,01320697
506986,9;0,01321059
507003,5;0,0132172
507020,3;0,01322317
507036,6;0,01322491
507053,3;0,01322637
507069,8;0,01322964
507086,5;0,01323256
507103;0,01323478
507119,4;0,01323721
507136,2;0,01324013
507152,8;0,01324013
507169,2;0,01324487
507185,7;0,01324487
507202,4;0,01324487
507218,8;0,01324487
507235,4;0,01324681
507252;0,01325233
507268,9;0,01325695
507285,2;0,01326133
507302;0,01326265
507319,2;0,01326547
507335,7;0,01326707
507352,3;0,01326983
507368,9;0,01326983
507385,4;0,013273
507402;0,01327541
507418,8;0,0132782
507435,2;0,01327989
507451,9;0,01327989
507468,6;0,01328125
507484,8;0,01328264
507501,4;0,01328736
507518,1;0,01329082
507534,5;0,0132934
507551,1;0,01329511
507568,2;0,01329745
507584,2;0,0133001
507600,8;0,01330172
507617,4;0,01330462
507634,3;0,01330535
507650,5;0,01330987
507667,1;0,01330987
507683,6;0,01331146
507700,3;0,01331538
507716,8;0,01332011
507733,3;0,01332211
507749,9;0,01332211
507766,4;0,01332385
507783;0,01333015
507799,6;0,01333494
507816,2;0,01333693
507833,4;0,013341
507849,9;0,01334491
507866,2;0,01334491
507882,4;0,01335072
507899,2;0,01335306
507915,6;0,01335661
507932,2;0,0133591
507948,7;0,01336212
507965,3;0,01336509
507981,8;0,01336509
507998,7;0,01337323
508015;0,01337323
508032,3;0,01337918
508048,4;0,01338158
508065,1;0,01338537
508081,4;0,01338537
508098,5;0,01338537
508114,3;0,01338537
508130,9;0,01339023
508147,5;0,01339524
508164,1;0,01340129
508180,6;0,01340389
508197,2;0,01340846
508213,8;0,01341196
508230,3;0,0134149
508246,9;0,01341893
508263,5;0,01342077
508280,3;0,0134228
508296,6;0,01342728
508313,2;0,01343124
508329,8;0,01343324
508349,4;0,01343486
508366,8;0,01343854
508382,6;0,01344233
508399,1;0,01344592
508415,8;0,01344948
508432,3;0,01344948
508448,9;0,0134513
508466;0,01345691
508482,4;0,01345891
508498,5;0,01346219
508515,4;0,01346219
508531,8;0,01346946
508548,2;0,01347
508564,8;0,01347504
508582;0,01347684
508597,9;0,01348061
508614,5;0,01348274
508631,1;0,01348655
508648;0,01348893
508664,6;0,01349222
508680,8;0,01349423
508697,3;0,01349838
508713,9;0,01350029
508730,5;0,01350029
508747,7;0,01350241
508763,7;0,01350449
508780,2;0,01350939
508796,9;0,01351051
508813,3;0,01351476
508829,9;0,01352253
508846,8;0,01352536
508863;0,01353019
508880;0,01353366
508896,1;0,01353656
508912,7;0,01353986
508929,3;0,01354197
508945,8;0,01354266
508962,4;0,01355098
508979,1;0,01355458
508995,5;0,01355681
509012,1;0,0135588
509029,3;0,01356297
509045,2;0,01356696
509061,8;0,01356696
509078,4;0,01357106
509094,9;0,01357532
509111,8;0,01357936
509128,1;0,01358257
509144,6;0,01358526
509161,2;0,01358964
509178;0,01358996
509194,3;0,01359362
509210,9;0,01359831
509227,6;0,01359936
509244;0,01360325
509260,7;0,01360545
509277,2;0,01360658
509293,7;0,01361314
509310,5;0,013617
509326,9;0,01361925
509344;0,0136222
509360;0,01362307
509380,3;0,01362475
509393,3;0,01362486
509409,7;0,01362486
509426,7;0,01363155
509443,2;0,01363914
509459,4;0,01364261
509475,9;0,01364475
509492,5;0,01364711
509509,2;0,01365033
509526;0,01365427
509542,3;0,01365626
509558,8;0,01366049
509575,3;0,01366248
509591,9;0,0136662
509608,5;0,01366796
509625,1;0,01367139
509641,6;0,01367449
509658,4;0,01367587
509674,8;0,01367899
509691,3;0,01368053
509707,9;0,01368205
509724,5;0,01368375
509741,5;0,01368826
509757,6;0,01368985
509774,4;0,01368985
509790,8;0,01369571
509807,3;0,01369571
509823,8;0,01369756
509840,4;0,01370132
509857;0,01370338
509873,6;0,0137051
509891,1;0,01370766
509906,8;0,01370895
509923,3;0,01370895
509940,7;0,01371281
509956,4;0,01371459
509973;0,01371677
509989,6;0,01371788
510006,2;0,01371788
510022,7;0,01371788
510039,3;0,01371889
510055,8;0,01372042
510073;0,01372176
510089;0,01372713
510105,5;0,01372955
510122,1;0,01373034
510138,7;0,01373187
510155,3;0,01373342
510171,8;0,01373457
510188,5;0,01373539
510204,9;0,0137357
510221,5;0,01373814
510238;0,01373922
510254,6;0,01374018
510271,2;0,01374018
510288,4;0,01374136
510304,3;0,01374211
510321,3;0,01374211
510337,4;0,01374293
510354,2;0,01374495
510370,6;0,01374578
510387,3;0,01374724
510403,8;0,01374846
510420,4;0,01374846
510437,3;0,01374926
510453,6;0,01375168
510470,7;0,01375276
510486,7;0,01375418
510503,3;0,01375418
510519,8;0,01375625
510536,4;0,01375651
510552,9;0,01375848
510569,5;0,01375917
510586,1;0,01376067
510603,5;0,01376154
510619,8;0,01376281
510635,8;0,01376281
510652,4;0,01376357
510669,7;0,01376423
510685,5;0,01376423
510702,1;0,01376699
510719;0,01376981
510735,2;0,01376981
510752,1;0,01377085
510768,3;0,01377251
510785,3;0,0137741
510801,4;0,0137741
510818;0,01377549
510834,6;0,01377685
510851,2;0,01377815
510867,7;0,01377815
510884,3;0,01377928
510901,6;0,01378144
510917,7;0,01378196
510934;0,01378244
510950,8;0,0137837
510967,1;0,01378398
510983,7;0,01378512
511000,3;0,01378593
511016,9;0,01378707
511033,4;0,01378828
511050,3;0,01378942
511066,5;0,0137899
511083,1;0,0137899
511099,6;0,01379049
511116,4;0,01379237
511132,9;0,01379306
511149,4;0,01379306
511166;0,01379377
511182,5;0,01379441
511199,2;0,01379481
511215,6;0,01379552
511232,4;0,01379583
511249;0,01379597
511265,4;0,01379738
511282;0,01379738
511298,5;0,0137978
511315;0,0137978
511331,6;0,01379844
511348,2;0,01380006
511364,9;0,01380058
511381,5;0,01380131
511398,1;0,01380196
511414,4;0,01380295
511431,8;0,01380326
511447,6;0,01380404
511464,1;0,01380438
511480,7;0,01380468
511497,3;0,01380485
511513,8;0,01380577
511530,6;0,01380599
511547;0,01380601
511563,5;0,01380601
511580,1;0,01380615
511596,8;0,01380634
511613,2;0,01380651
511629,8;0,01380665
511646,7;0,0138067
511663,3;0,01380684
511679,5;0,01380679
511696,3;0,01380684
511712,6;0,01380689
511729,2;0,01380687
511745,8;0,01380691
511762,3;0,01380694
511778,9;0,01380718
511795,5;0,01380826
511812;0,01380915
511828,6;0,01380977
511845,4;0,01381093
511861,7;0,01381163
511878,8;0,01381303
511894,9;0,01381462
511911,5;0,01381542
511928;0,01381542
511944,6;0,01381622
511961,1;0,01381622
511977,8;0,0138189
511994,3;0,01382208
512010,8;0,01382208
512027,5;0,01382399
512043,9;0,01382589
512060,8;0,01382652
512077,1;0,01382748
512093,6;0,0138282
512110,2;0,01382959
512127,8;0,01383117
512143,4;0,01383211
512159,9;0,01383228
512176,5;0,01383228
512193,1;0,01383474
512209,6;0,0138352
512226,3;0,01383651
512243,2;0,01383754
512259,3;0,01383821
512276,1;0,01383876
512292,5;0,01384062
512309;0,01384143
512326,5;0,01384179
512342,7;0,01384179
512358,8;0,01384248
512375,4;0,01384303
512391,8;0,01384379
512408,8;0,01384415
512428,2;0,0138446
512444,8;0,01384517
512461,3;0,01384522
512477,9;0,01384584
512494,4;0,01384649
512511;0,0138468
512527,8;0,01384758
512544,1;0,01384797
512560,7;0,01384797
512577,3;0,01384797
512593,9;0,01384842
512610,4;0,01384842
512626,9;0,0138488
512644;0,01385026
512660,1;0,01385139
512676,7;0,01385139
512693,4;0,01385139
512709,8;0,01385369
512726,4;0,01385589
512742,9;0,01385695
512759,8;0,0138573
512776,1;0,01385764
512792,7;0,01385788
512809,3;0,01385831
512825,8;0,01385867
512842,7;0,01385915
512858,9;0,01385939
512875,5;0,01385973
512892;0,01386009
512908,6;0,01386028
512925,9;0,01386033
512941,8;0,0138604
512958,3;0,01386035
512974,8;0,01386011
512991,6;0,01386011
513008;0,01385966
513024,6;0,01385908
513041,4;0,01385832
513058,1;0,0138578
513074,3;0,0138578
513090,9;0,01385632
513107,4;0,01385632
513124,8;0,01385632
513140,6;0,01385568
513158;0,01385521
513173,8;0,01385426
513190,5;0,01385308
513206,8;0,01385308
513223,8;0,01385237
513239,9;0,01385154
513256,5;0,01384975
513273,9;0,01384695
513289,7;0,01384571
513306,3;0,01384571
513322,8;0,01384325
513339,3;0,01383732
513356,8;0,01383566
513372,8;0,01383131
513389;0,01382523
513406,1;0,01382523
513423,2;0,01382222
513439,3;0,01381281
513458,4;0,01380483
513475;0,01380151
513491,5;0,01379617
513508,1;0,01379347
513524,7;0,01378832
513541,2;0,01378209
513557,8;0,01377771
513574,3;0,01377086
513590,9;0,01377086
513607,7;0,01376846
513624,2;0,01375541
513640,8;0,013747
513657,5;0,01373873
513673,8;0,01373431
513690,6;0,01372611
513706,9;0,01372611
513723,9;0,01371257
513740,3;0,0137026
513757,2;0,01369531
513773,2;0,01368858
513789,7;0,01368204
513806,7;0,01367524
513823;0,01366706
513839,4;0,01366706
513856,3;0,01366203
513872,6;0,01366203
513889,6;0,01365363
513905,8;0,01363385
513922,3;0,01361551
513939;0,01360378
513955,4;0,01359174
513972;0,01358148
513988,5;0,01357262
514005,1;0,01356032
514021,7;0,01355345
514038,2;0,01354703
514054,9;0,01353276
514071,3;0,01352063
514087,9;0,01351364
514104,5;0,01350159
514121;0,01350081
514137,9;0,01348117
514154,2;0,0134744
514170,8;0,0134744
514187,3;0,01344801
514204;0,01344156
514221;0,01343369
514237;0,0134158
514253,6;0,01340608
514270,2;0,01339759
514286,8;0,01338459
514303,3;0,01337807
514320,1;0,01337177
514336,4;0,01335139
514353;0,01334445
514369,6;0,01333745
514386,3;0,01332419
514402,7;0,01331717
514419,3;0,0133039
514435,8;0,0133039
514452,5;0,01329562
514470;0,01328237
514486,6;0,01327648
514503,1;0,01327019
514519,7;0,01327019
514536,4;0,01326307
514552,8;0,01326307
514569,3;0,01324233
514585,9;0,01322768
514602,5;0,01321233
514619,2;0,01318611
514635,9;0,01317819
514652,2;0,01315496
514668,8;0,01313493
514685,3;0,01312636
514702;0,01311253
514718,4;0,01310575
514735;0,01310499
514751,6;0,01307982
514768,1;0,01306893
514784,7;0,01305755
514801,7;0,01304969
514817,9;0,01303594
514834,5;0,01303594
514851;0,01301431
514867,6;0,0130078
514884,1;0,01299422
514900,7;0,01298709
514917,8;0,01297383
514934,6;0,01296641
514950,4;0,01295329
514967;0,01294711
514983,5;0,01293432
515000,1;0,01292176
515016,7;0,01291469
515033,2;0,01290247
515049,8;0,01290247
515066,5;0,01289049
515083,3;0,01287219
515099,5;0,01286669
515116;0,01286078
515132,6;0,01286078
515149,2;0,01285533
515165,8;0,01284296
515182,4;0,01282758
515198,9;0,01281755
515216;0,01280788
515232,5;0,01280788
515248,6;0,01280033
515265,1;0,01278462
515281,8;0,01277937
515298,4;0,01277107
515314,9;0,01276495
515331,4;0,01275824
515348;0,01275824
515364,6;0,01275465
515381,1;0,01274241
515397,7;0,01273766
515414,9;0,01273155
515431,2;0,01272885
515447,6;0,01272599
515464,7;0,01272001
515480,5;0,01271728
515498,3;0,01271128
515515;0,01270897
515532;0,01270572
515548,1;0,01270331
515564,6;0,01269976
515581,3;0,0126982
515598;0,01269576
515614,4;0,01269388
515631;0,01269263
515647,6;0,01269188
515664,1;0,01269102
515681,5;0,01268982
515697,2;0,01268903
515713,8;0,01268838
515730,3;0,01268838
515747,1;0,01268813
515763,4;0,01268803
515780;0,01268803
515796,9;0,01268809
515813,2;0,01268761
515829,7;0,01268782
515846,3;0,01268867
515863,2;0,01268872
515879,6;0,0126896
515896;0,01269127
515912,7;0,0126925
515929,1;0,0126938
515946,5;0,01269528
515962,2;0,01269555
515979,1;0,01269799
515995,4;0,01270051
516012,1;0,01270259
516028,5;0,01270508
516045,2;0,01270508
516061,7;0,01270867
516078,4;0,0127143
516095;0,01271834
516111,4;0,01272041
516127,9;0,01272487
516144,5;0,01272709
516161,1;0,01273048
516177,6;0,01273451
516194,9;0,01273912
516210,8;0,01274215
516227,5;0,01274478
516244;0,01275195
516260,6;0,01275633
516277;0,01276236
516293,6;0,01276582
516310,1;0,012772
516326,7;0,01277494
516343,4;0,01278145
516359,9;0,01278145
516376,4;0,01278447
516393,3;0,0127911
516409,6;0,01279114
516426,4;0,01279443
516442,7;0,01279443
516459,2;0,0127975
516475,8;0,01280093
516492,4;0,01280686
516509;0,01282184
516529,9;0,01283331
516542,1;0,0128431
516558,7;0,01285057
516575,3;0,01285512
516592,2;0,01286172
516608,3;0,01286869
516625,4;0,01287384
516641,5;0,01287722
516658,1;0,01288646
516674,7;0,01288929
516691,2;0,0129021
516707,8;0,01290361
516724,3;0,01291053
516740,9;0,01291901
516757,9;0,01292608
516774,8;0,01293269
516790,7;0,01293269
516807,2;0,01294032
516824,3;0,01294824
516840,3;0,01295056
516857,1;0,01295631
516873,4;0,01296424
516890;0,01297351
516906,6;0,01298966
516923,5;0,01299201
516939,7;0,01300517
516956,3;0,01300997
516972,8;0,01301591
516989,4;0,01302364
517006,6;0,01303446
517022,5;0,01303952
517039,3;0,01304395
517055,7;0,01304395
517072,2;0,01304395
517088,8;0,01304395
517105,7;0,01304395
517121,9;0,01304886
517138,5;0,01305388
517155;0,01305877
517171,6;0,01306899
517188,2;0,01307466
517204,8;0,013089
517221,8;0,01310366
517237,8;0,01311363
517254,5;0,01311363
517271;0,01311894
517287,6;0,01313121
517304,1;0,01313551
517320,8;0,01314723
517337,3;0,01315182
517353,8;0,0131586
517370,4;0,0131766
517387;0,01318117
517403,6;0,0131912
517420,1;0,01319569
517436,8;0,01320348
517453,8;0,01321432
517469,8;0,01322387
517486,4;0,01322876
517503,6;0,01323323
517519,5;0,01323323
517536,1;0,01323323
517552,7;0,0132382
517569,2;0,01324272
517586;0,01324779
517602,3;0,01325335
517618,9;0,01325624
517635,5;0,01325793
517652;0,01326701
517668,7;0,01329224
517685,2;0,01329224
517701,7;0,01329224
517718,3;0,01329224
517734,9;0,01330634
517751,7;0,01331802
517768,4;0,01333717
517785;0,01335523
517801,2;0,01335883
517817,7;0,01336662
517834,3;0,01338479
517850,8;0,01339805
517867,6;0,01339953
517884,2;0,01340672
517900,6;0,01341048
517917,1;0,01341048
517934,2;0,01342517
517950,3;0,01342858
517967,5;0,01343611
517983,4;0,01344275
518000,6;0,01344627
518016,8;0,01345289
518033,3;0,01345661
518049,6;0,01346306
518066,4;0,01346668
518082,8;0,0134724
518099,6;0,0134724
518116,5;0,01347575
518132,5;0,01348293
518149,1;0,01349146
518165,7;0,01349779
518182,2;0,01350055
518198,7;0,01350361
518215,3;0,0135044
518232,2;0,01350993
518248,8;0,01352084
518265;0,01352374
518281,6;0,0135267
518298,2;0,0135326
518314,7;0,0135326
518331,7;0,01353535
518347,8;0,01353535
518364,4;0,01353826
518381;0,01354258
518397,5;0,01355228
518414,1;0,01355486
518431;0,01356271
518447,7;0,0135682
518463,9;0,01357477
518480,4;0,01357871
518496,9;0,01358154
518513,5;0,01358154
518530,1;0,01358197
518547,4;0,01358958
518563,8;0,01359447
518580,3;0,01359749
518596,4;0,01360886
518613,3;0,01361189
518629,8;0,01361435
518646,1;0,01361869
518662,6;0,01362207
518679,7;0,01362691
518696,2;0,01363161
518712,3;0,01363583
518728,9;0,01363894
518745,4;0,0136419
518762,1;0,01364406
518778,6;0,01364737
518795,2;0,01365073
518812;0,0136525
518828,3;0,013654
518844,8;0,013654
518861,9;0,01365508
518878;0,01366029
518894,8;0,01366141
518911,7;0,01366473
518927,7;0,01366812
518944,5;0,01367237
518960,8;0,01367313
518977,4;0,01367449
518994;0,01367449
519010,5;0,0136772
519027,1;0,01367956
519043,6;0,01368082
519060,3;0,01368478
519076,8;0,01368644
519093,3;0,01368644
519110,8;0,01368947
519127,2;0,0136905
519143,1;0,0136905
519159,6;0,01369379
519176,2;0,01369613
519192,8;0,01369822
519209,3;0,01369929
519226,4;0,01369929
519242,7;0,01370056
519259;0,0137033
519276,4;0,01370579
519292,2;0,01370675
519308,7;0,01370814
519325,3;0,01370894
519341,8;0,0137092
519358,4;0,01371054
519375,1;0,0137128
519391,5;0,01371371
519408,5;0,01371524
519425,5;0,01371663
519441,3;0,01371668
519457,8;0,01371829
519474,4;0,01371829
519491,1;0,0137189
519507,5;0,01372023
519524,5;0,01372061
519541,1;0,01372099
519557,2;0,01372127
519574,4;0,01372342
519591,7;0,0137237
519608,7;0,01372446
519624,8;0,01372446
519641,3;0,01372532
519658;0,01372719
519674,6;0,01373044
519691;0,01373404
519707,7;0,01373506
519724,5;0,01373506
519740,8;0,01373617
519757,4;0,01373901
519773,9;0,01374168
519790,5;0,01374392
519807;0,01374565
519823,6;0,013747
519840,2;0,01374801
519856,8;0,01374801
519873,3;0,01375017
519889,8;0,01375081
519906,4;0,0137518
519923;0,01375275
519939,6;0,01375279
519956,1;0,0137536
519973,2;0,0137536
519989,3;0,0137536
520006,3;0,0137536
520022,4;0,01375374
520039,3;0,01375452
520055,5;0,01375452
520072,1;0,01375533
520088,7;0,01375798
520105,2;0,01376096
520121,8;0,01376477
520139;0,01376749
520154,9;0,01377124
520171,5;0,01377396
520188,1;0,01377727
520204,6;0,01378133
520221,6;0,0137833
520237,8;0,01378451
520254,3;0,01378451
520270,9;0,01378463
520287,8;0,0137858
520304,3;0,01379045
520320,6;0,01379344
520337,2;0,01379558
520353,8;0,0137972
520370,4;0,0137995
520386,8;0,01380131
520403,8;0,01380234
520420,2;0,01380455
520436,5;0,01380669
520453,1;0,01380707
520469,7;0,01380982
520486,3;0,0138107
520502,8;0,0138107
520519,4;0,01381228
520536,1;0,01381534
520552,7;0,01381708
520569,1;0,01381708
520585,6;0,01381912
520602,5;0,01382077
520618,8;0,01382233
520635,4;0,01382316
520652;0,01382316
520669;0,01382364
520685,1;0,01382613
520701,6;0,01382888
520718,2;0,01383096
520734,8;0,01383239
520751,5;0,01383309
520768,3;0,01383431
520784,5;0,01383744
520801;0,0138396
520817,6;0,01384079
520834,2;0,01384079
520850,8;0,01384544
520867,4;0,01384764
520883,8;0,01384764
520900,5;0,01384909
520917;0,01384909
520933,6;0,01385326
520950,7;0,01385818
520966,7;0,01385943
520983,3;0,01386203
520999,8;0,01386332
521016,8;0,01386606
521033;0,01386724
521049,5;0,01386988
521066,1;0,01387111
521082,9;0,01387369
521099,4;0,01387604
521116,2;0,01387722
521132,3;0,01387953
521148,9;0,01388117
521165,5;0,01388296
521182,4;0,01388397
521198,6;0,01388397
521215,2;0,01388749
521231,8;0,01388956
521248,3;0,01389062
521264,9;0,01389279
521281,5;0,01389484
521298,7;0,01389595
521314,6;0,01389702
521331,2;0,01389914
521347,7;0,0139016
521364,3;0,01390261
521381,5;0,01390377
521397,4;0,01390493
521414,4;0,01390947
521430,5;0,01390947
521447,3;0,01391186
521463,8;0,0139137
521480,3;0,01391532
521496,8;0,0139172
521513,4;0,01391878
521530;0,01391897
521546,5;0,01391994
521563,1;0,0139213
521579,7;0,01392474
521596,2;0,01392669
521615,3;0,01392984
521629,3;0,01393077
521646;0,01393188
521662,7;0,01393188
521679,1;0,0139338
521695,6;0,0139372
521712,2;0,0139389
521728,8;0,01393983
521745,6;0,01393983
521761,9;0,01394182
521778,4;0,01394287
521795;0,01394287
521812,2;0,01394384
521828,1;0,01394623
521844,7;0,01394879
521861,6;0,01395072
521877,9;0,01395455
521895,3;0,01395809
521911;0,01396223
521927,6;0,01396387
521944,1;0,01396611
521960,7;0,01396745
521977,2;0,01396745
521994;0,01397157
522010,4;0,01397411
522027,3;0,01397682
522043,5;0,01397887
522060,1;0,01398084
522076,7;0,01398209
522093,2;0,01398346
522109,8;0,01398451
522126,4;0,01398781
522142,9;0,0139906
522159,5;0,0139906
522176,1;0,01399214
522193,1;0,01399214
522209,2;0,0139928
522226,3;0,01399638
522242,8;0,01400207
522259;0,01400689
522275,4;0,01400783
522292,1;0,01401115
522308,7;0,01401118
522325,4;0,01401566
522341,8;0,01401861
522358,3;0,01402144
522374,9;0,01402308
522391,6;0,01402491
522408,3;0,01402629
522424,6;0,01403028
522441,7;0,01403153
522457,9;0,01403449
522474,8;0,01403602
522490,8;0,01403871
522507,4;0,01404068
522523,9;0,01404349
522540,5;0,01404564
522557,6;0,01404686
522573,7;0,01404955
522590,4;0,01404987
522606,8;0,01405074
522623,3;0,01405074
522640;0,01405457
522656,5;0,01405691
522673,7;0,01406018
522690,2;0,0140624
522706,2;0,01406345
522723,4;0,0140648
522739,3;0,01406633
522756,3;0,01406792
522772,5;0,01406952
522789,4;0,0140702
522805,6;0,0140702
522822,2;0,01407074
522838,8;0,01407074
522855,3;0,01407145
522871,8;0,01407174
522888,4;0,01407108
522905;0,01407026
522921,6;0,0140697
522938,1;0,01406837
522954,7;0,01406718
522971,3;0,01406588
522987,8;0,01406364
523004,4;0,01406239
523021,1;0,01406117
523037,8;0,01405826
523054,3;0,01405553
523070,7;0,01405304
523087,7;0,01405208
523103,8;0,01405208
523120,4;0,01405208
523137,3;0,01404848
523153,6;0,01404043
523170;0,01403225
523186,7;0,01402963
523203,5;0,01402389
523219,7;0,01402155
523236,3;0,01402071
523252,9;0,01401048
523269,5;0,01400363
523286;0,01399881
523302,8;0,01399274
523319,7;0,01398482
523335,7;0,01397623
523352,3;0,01397495
523368,8;0,01397176
523385,4;0,01395865
523402;0,01394956
523418,6;0,01394357
523435,1;0,01394357
523452;0,01394357
523468,3;0,01394357
523484,8;0,01393881
523501,5;0,0139279
523517,9;0,01391025
523534,5;0,01389469
523551,3;0,01389188
523567,6;0,01387574
523584,4;0,01385056
523600,8;0,0138437
523617,8;0,01383058
523633,9;0,013823
523650,5;0,01381722
523667,6;0,01380074
523683,6;0,01378916
523700,2;0,01377506
523716,8;0,01377506
523733,3;0,01376759
523750,1;0,01374353
523766,8;0,0137338
523783;0,01372297
523799,6;0,01372297
523816,2;0,01369881
523832,7;0,01368375
523849,3;0,01367571
523865,8;0,01365956
523882,4;0,0136436
523899,2;0,01363433
523915,7;0,01363433
523932,1;0,01361826
523948,8;0,01360993
523965,3;0,01358561
523981,8;0,01357634
523998,5;0,01355659
524015;0,0135519
524031,5;0,01353702
524048,3;0,0135168
524064,6;0,01350783
524081,3;0,01350061
524097,8;0,01350061
524114,4;0,01350061
524131,8;0,01348256
524147,8;0,01345664
524164,1;0,0134412
524180,6;0,0134025
524197,3;0,013392
524213,8;0,0133825
524230,3;0,01338011
524246,9;0,01334684
524263,4;0,01333237
524280;0,01331861
524296,6;0,01330806
524313,2;0,01329036
524329,7;0,01327204
524346,3;0,01327089
524362,9;0,01325259
524379,4;0,01323359
524396,3;0,01321944
524413,5;0,01320264
524429,1;0,01318825
524445,7;0,01317885
524462,3;0,01317885
524478,9;0,0131663
524495,4;0,01313226
524511,9;0,01312592
524528,5;0,01310898
524545,6;0,01309141
524561,6;0,01308336
524578,9;0,01306673
524594,8;0,01305736
524611,4;0,01304104
524627,9;0,01303072
524644,5;0,01301716
524661,4;0,01300127
524677,6;0,01299229
524694,2;0,01297676
524710,8;0,0129687
524727,3;0,0129687
524743,9;0,01296126
524760,4;0,01296126
524777,1;0,01295394
524793,7;0,01291846
524810,4;0,01289608
524826,9;0,01288636
524843,4;0,01287225
524859,9;0,01286563
524876,6;0,01285477
524893,6;0,01284286
524909,6;0,01283499
524926,1;0,01282684
524942,8;0,01281429
524959,6;0,01281429
524976,6;0,01280493
524992,4;0,01279107
525009;0,01277976
525025,5;0,01276959
525042,4;0,01276191
525058,6;0,01275383
525075,5;0,01275383
525091,8;0,01274815
525108,3;0,012737
525124,9;0,01272513
525141,8;0,01272014
525158,6;0,01271169
525174,6;0,01270716
525191,2;0,01269938
525208,1;0,01269267
525224,5;0,01268791
525241,4;0,01268331
525257,4;0,01267717
525274,7;0,01267717
525290,6;0,01267634
525307,1;0,01266703
525323,9;0,01266477
525340,6;0,01266274
525356,9;0,01266055
525374,4;0,01265885
525390;0,01265885
525406,6;0,01265534
525423,5;0,01265155
525439,8;0,01265003
525456,6;0,01264848
525472,8;0,01264818
525489,4;0,0126482
525506,1;0,01264849
525522,6;0,01264887
525539,4;0,01264938
525555,7;0,01265071
525572,2;0,01265159
525588,8;0,0126532
525605,4;0,01265483
525621,9;0,0126563
525638,5;0,01265951
525655;0,01266203
525672,4;0,01266629
525688,2;0,0126688
525704,8;0,01267318
525721,4;0,01267454
525738,5;0,01267556
525754,7;0,01268289
525771,2;0,01268562
525787,6;0,01268562
525804,1;0,01269394
525820,8;0,01270017
525837,3;0,01270594
525853,9;0,01271256
525870,4;0,01271595
525886,9;0,01271939
525903,6;0,01272609
525920,6;0,01273294
525936,7;0,01273874
525953,3;0,01274041
525970;0,0127487
525986,6;0,01275166
526002,9;0,01275523
526019,5;0,01275523
526036,1;0,0127556
526052,7;0,0127642
526069,3;0,01277895
526086;0,01279271
526102,4;0,01280182
526118,9;0,01280646
526135,9;0,01281544
526152,1;0,01282278
526168,8;0,01282682
526185,2;0,01283338
526201,9;0,01284246
526218,3;0,01284926
526234,9;0,01285781
526251,6;0,01286628
526268,2;0,01287118
526284,6;0,01287561
526301,1;0,01287561
526317,9;0,0128944
526334,4;0,01289869
526350,8;0,01290793
526367,4;0,01291286
526384,4;0,01292089
526400,6;0,01292907
526417,1;0,0129333
526433,7;0,01294105
526450,3;0,01294142
526467,8;0,01294658
526483,4;0,01295382
526499,9;0,01296279
526516,6;0,01296941
526533,1;0,01297047
526549,9;0,01297862
526566,3;0,0129794
526582,8;0,01298559
526599,4;0,01299179
526616,1;0,01299558
526632,5;0,01300032
526649,1;0,01300032
526665,6;0,01300292
526682,2;0,01300562
526698,8;0,01301263
526715,3;0,01302001
526731,9;0,01302666
526750,4;0,01302849
526765;0,01303184
526781,8;0,01303715
526798,2;0,0130403
526814,7;0,01304221
526831,7;0,01304437
526847,8;0,01304922
526864,4;0,01305328
526881;0,0130561
526897,6;0,01306384
526914,4;0,013077
526930,7;0,013077
526947,3;0,01308516
526963,8;0,01310574
526980,4;0,01314663
526997,7;0,01316472
527013,8;0,01319829
527030,8;0,01323378
527046,6;0,01325109
527063,3;0,01327019
527079,8;0,01327019
527096,4;0,01334123
527112,9;0,01336675
527129,5;0,01340274
527146,9;0,01344236
527163;0,01346027
527179,2;0,01349569
527195,8;0,01349951
527212,6;0,01351713
527229;0,01351713
527245,7;0,01358123
527262,3;0,0136333
527279,5;0,0136333
527295,2;0,01364672
527311,8;0,01364672
527328,3;0,01364672
527345,1;0,01367199
527361,8;0,01370329
527378;0,01373218
527394,5;0,01374528
527411,1;0,0137477
527427,7;0,01375585
527444,4;0,01376448
527460,9;0,01376884
527477,4;0,01377238
527493,9;0,01377751
527510,8;0,01378588
527527,1;0,01378898
527543,6;0,01379264
527560,3;0,01379482
527576,8;0,01379588
527594,3;0,01379588
527609,9;0,01379588
527626,5;0,01379588
527643,1;0,01379629
527659,6;0,01380019
527676,2;0,01380118
527692,8;0,01380152
527709,4;0,01379989
527725,9;0,01380062
527742,7;0,01379929
527759,1;0,01379806
527783,1;0,01379508
527792,2;0,01379575
527809;0,01379395
527825,3;0,01379301
527842,2;0,01379136
527858,5;0,01379007
527875;0,01378829
527891,6;0,01378573
527908,1;0,01378586
527924,7;0,01378586
527941,7;0,01378556
527958,1;0,01378495
527974,4;0,01378413
527991,2;0,01378316
528007,5;0,01378131
528024,1;0,01378131
528040,6;0,01378027
528057,3;0,01377748
528073,8;0,01377493
528090,4;0,01377306
528106,9;0,01377191
528124;0,01376977
528140,1;0,0137696
528156,8;0,01376886
528173,2;0,01376886
528189,8;0,01376744
528206,3;0,01376703
528223,3;0,0137657
528239,4;0,01376458
528256,4;0,01376429
528272,6;0,01376403
528289,1;0,01376385
528305,8;0,0137629
528322,8;0,01376449
528338,9;0,01376505
528355,4;0,01376505
528372;0,01376536
528388,6;0,01376722
528405,1;0,01376913
528421,7;0,01376991
528438,3;0,01377299
528454,8;0,01377377
528471,4;0,01377685
528488;0,0137792
528504,5;0,01378168
528521,1;0,01378584
528537,7;0,01378883
528554,2;0,01378883
528570,8;0,01378883
528587,3;0,01379036
528603,9;0,01379176
528620,6;0,01379737
528637,8;0,01380083
528653,6;0,01380357
528670,2;0,0138045
528686,9;0,01380754
528703,3;0,01380889
528719,9;0,01380984
528736,7;0,01381114
528753,2;0,01381166
528769,6;0,01381267
528786,1;0,01381302
528802,8;0,01381375
528821,1;0,01381411
528837,8;0,01381428
528854,4;0,01381417
528870,8;0,01381355
528887,4;0,01381271
528904;0,01380769
528920,5;0,01379721
528937;0,01379721
528953,6;0,01378998
528970,1;0,01378761
528986,8;0,01377528
529003,8;0,01370722
529020,6;0,01368486
529036,4;0,01366762
529053;0,01363549
529069,6;0,01361584
529086,1;0,01356246
529102,8;0,01354537
529119,3;0,01352831
529135,9;0,01349048
529152,5;0,01346973
529169;0,01345457
529185,6;0,01340032
529202,1;0,01340032
529219;0,01340032
529235,3;0,01338194
529252,3;0,01334736
529268,4;0,01333025
529284,9;0,0132966
529301,5;0,01325565
529318,3;0,01323008
529334,6;0,01322028
529351,2;0,01322028
529367,8;0,01319986
529384,3;0,01317993
529400,9;0,01316885
529417,5;0,01316026
529434,1;0,01316026
529450,6;0,01314221
529467,5;0,01313955
529484,1;0,0131334
529500,9;0,01312338
529516,9;0,01311962
529533,4;0,01311178
529550,1;0,01310985
529566,6;0,01310702
529583,1;0,01310442
529599,8;0,01309384
529616,3;0,01309133
529632,8;0,0130868
529649,4;0,01308448
529665,9;0,0130827
529682,6;0,01308195
529699,1;0,01307595
529715,7;0,01307183
529732,3;0,01307022
529748,8;0,01307022
529765,4;0,0130666
529781,9;0,01306422
529798,5;0,01306118
529815,1;0,0130587
529831,7;0,01305691
529848,3;0,01305604
529864,8;0,01305542
529881,4;0,01305414
529897,9;0,0130495
529914,6;0,01304406
529931,1;0,01304058
529948,1;0,01304058
529964,9;0,01303863
529980,7;0,01303409
529997,3;0,01303146
530013,9;0,01302899
530030,4;0,01302857
530047;0,01302701
530063,8;0,01302184
530080,1;0,01302009
530096,7;0,01301706
530113,3;0,01301204
530130;0,01300643
530146,4;0,01300643
530162,9;0,01299996
530179,6;0,01299812
530196,3;0,01299417
530212,6;0,01298519
530229,3;0,01297832
530245,9;0,01297501
530262,4;0,01296866
530278,9;0,01296405
530295,6;0,01295693
530312,7;0,01295212
530328,6;0,01294632
530345,3;0,0129406
530361,8;0,01293512
530378,5;0,01292725
530394,9;0,0129233
530412,1;0,01291573
530428,3;0,01291206
530444,8;0,01290362
530461,2;0,01290362
530477,8;0,01289992
530495,1;0,01289992
530511;0,01289992
530527,4;0,01289992
530544;0,01288741
530560,6;0,01287391
530577,1;0,01285647
530593,7;0,01285113
530611;0,01284295
530626,9;0,0128358
530643,5;0,01283126
530660,4;0,01282561
530676,5;0,01281884
530693,1;0,01281532
530709,7;0,01281235
530726,5;0,01280643
530742,9;0,01280386
530759,4;0,01280386
530775,9;0,0127984
530792,5;0,01279499
530809,2;0,0127906
530825,7;0,01278704
530842,3;0,01278401
530858,8;0,01278332
530875,4;0,01278085
530892,3;0,01277413
530908,8;0,01276948
530925,1;0,01276468
530942,4;0,01276113
530958,4;0,01275931
530975,1;0,01275613
530991,3;0,01275299
531007,9;0,01275138
531024,8;0,01274841
531041,1;0,01274567
531057,9;0,01274415
531074,3;0,01274184
531090,8;0,01274184
531107,6;0,0127405
531123,9;0,0127405
531140,4;0,0127405
531157,1;0,0127405
531173,6;0,0127405
531190,1;0,01273762
531206,8;0,01273503
531223,6;0,01273375
531240,1;0,01273018
531256,4;0,01272876
531273,3;0,0127272
531289,7;0,0127254
531306,1;0,01272478
531322,7;0,01272419
531339,3;0,01272384
531356,7;0,01272384
531372,8;0,01272373
531389;0,01272384
531405,5;0,01272404
531422,6;0,01272439
531438,7;0,01272447
531455,3;0,01272504
531471,8;0,01272525
531488,3;0,01272634
531505,1;0,01272675
531521,5;0,01272675
531538,8;0,01272792
531554,6;0,01272925
531571,3;0,0127306
531587,8;0,01273081
531604,3;0,01273232
531620,9;0,01273349
531638;0,01273526
531654,1;0,01273628
531670,6;0,01273721
531687,1;0,01273914
531703,8;0,01273914
531720,5;0,01274109
531737,1;0,01274228
531753,4;0,01274339
531769,9;0,01274382
531786,6;0,01274446
531803,6;0,01274551
531819,8;0,01274821
531836,9;0,01274957
531853,4;0,01275337
531870,1;0,01275479
531886,6;0,01276
531903,1;0,01276225
531919,8;0,01276727
531936,3;0,01276727
531953,3;0,01277208
531969,4;0,01277494
531985,9;0,01277643
532002,6;0,01277881
532019,1;0,01278108
532035,7;0,01278325
532052,7;0,01278507
532068,8;0,01278836
532085,4;0,01279162
532102,9;0,01279401
532118,5;0,0127961
532135,6;0,0127961
532151,7;0,01279822
532168,2;0,01280187
532184,8;0,0128068
532201,6;0,01281157
532217,9;0,01281696
532234,5;0,01282086
532251,1;0,01282724
532267,8;0,01282826
532284,2;0,01283348
532300,8;0,01283348
532317,3;0,01283849
532333,9;0,01284612
532350,4;0,01284862
532367,1;0,0128515
532383,6;0,01285279
532400,1;0,01285666
532417;0,01285945
532433,7;0,01285945
532450;0,01286037
532466,4;0,01287237
532483,3;0,01288402
532499,9;0,01288402
532516,2;0,01288933
532533,1;0,01289806
532549,6;0,01289806
532566,4;0,01290281
532582,5;0,01290948
532599,1;0,01291527
532615,6;0,01291815
532632,9;0,01291815
532648,6;0,01292322
532665,3;0,0129307
532681,8;0,01293372
532698,4;0,01293899
532715,3;0,01293899
532731,5;0,01294682
532748,5;0,01294957
532764,6;0,01295006
532781,2;0,01295935
532799,6;0,01296287
532816,1;0,01296773
532832,7;0,01296773
532849,3;0,01297291
532865,9;0,01297691
532882,4;0,01298273
532898,9;0,01298757
532915,5;0,01298757
532932,5;0,01299316
532948,9;0,01299849
532965,4;0,0130021
532981,8;0,01300449
532998,4;0,01300545
533015;0,01301425
533031,6;0,01301425
533048,3;0,01301681
533064,6;0,01301681
533081,2;0,01301911
533097,8;0,01302928
533114,3;0,0130355
533131,1;0,01303988
533147,4;0,01304222
533164,5;0,01304493
533180,6;0,01305072
533197,1;0,01305438
533213,8;0,01305662
533230,3;0,01305917
533246,8;0,01306137
533263,4;0,0130642
533279,9;0,01307389
533296,9;0,01307649
533313,1;0,01307649
533330,4;0,01308601
533346,6;0,0130897
533362,8;0,01309263
533379,4;0,0130983
533395,9;0,0130983
533412,9;0,01310336
533429,2;0,01311175
533445,8;0,01311605
533462,4;0,01311898
533478,9;0,0131204
533495,4;0,01313032
533511,9;0,01313522
533528,6;0,01313876
533545,1;0,01314236
533561,6;0,01314801
533578,3;0,01314988
533594,8;0,01315751
533611,3;0,01316398
533627,9;0,01316398
533644,5;0,01316707
533661;0,01317955
533677,6;0,01318085
533694,4;0,01318434
533711;0,01318434
533727,3;0,01318738
533743,9;0,01319893
533760,4;0,01320911
533777;0,01320911
533793,6;0,01321615
533811,1;0,01322279
533827,3;0,01322725
533843,3;0,01322725
533859,8;0,01323392
533876,4;0,0132401
533893,2;0,01324594
533909,6;0,01324884
533926,1;0,01324884
533942,6;0,01326057
533959,6;0,01326361
533975,8;0,01326593
533992,6;0,01326866
534008,9;0,01327599
534025,5;0,01327963
534042,2;0,01328336
534058,6;0,01328765
534075,2;0,01328765
534091,8;0,01329161
534108,3;0,01329495
534125;0,01329495
534141,5;0,0132993
534158;0,01330202
534175,3;0,01330355
534191,2;0,01330436
534207,8;0,01330727
534224,3;0,01330902
534241,2;0,01331144
534257,4;0,01331294
534274;0,01331294
534290,5;0,01331442
534307,3;0,01331999
534323,8;0,01331999
534340,3;0,01332144
534356,9;0,01332144
534373,9;0,01332485
534390,3;0,01332792
534406,5;0,01333073
534423,1;0,01333258
534439,6;0,01333373
534456,3;0,0133359
534472,8;0,0133359
534489,4;0,01333698
534505,9;0,01333877
534522,4;0,01334331
534539,1;0,01334579
534555,6;0,01334703
534572,2;0,0133494
534589,1;0,01335032
534605,4;0,0133526
534621,9;0,01335498
534638,4;0,01335634
534655,1;0,01335799
534671,6;0,01336102
534688,8;0,01336251
534704,7;0,01336251
534721,3;0,01336954
534738,4;0,01337237
534754,4;0,01337501
534771,3;0,01337837
534787,8;0,01338088
534804,1;0,01338088
534820,9;0,01338615
534838,4;0,01338954
534855,1;0,01339107
534871,6;0,01339466
534888,2;0,01339738
534904,8;0,01339989
534921,3;0,01340192
534938,8;0,01340192
534954,9;0,01340369
534971;0,01340524
534988;0,01340588
535004,1;0,01340681
535020,7;0,0134139
535037,5;0,01341998
535053,8;0,01342169
535070,5;0,01342422
535087;0,01342926
535103,5;0,01342926
535120,1;0,01343461
535136,8;0,01343706
535153,3;0,01344033
535169,8;0,01344212
535186,3;0,01344212
535202,9;0,01344816
535219,5;0,01345151
535236,1;0,01345634
535253,3;0,01346024
535269,7;0,01346209
535285,8;0,01346209
535302,3;0,01346794
535318,9;0,01346986
535335,7;0,01347356
535352,1;0,01347522
535368,9;0,0134775
535385,3;0,01348174
535402,1;0,01348448
535418,3;0,01348631
535435,1;0,01348821
535451,8;0,01349089
535468;0,0134935
535484,6;0,01349657
535501,2;0,0135003
535517,7;0,0135003
535534,3;0,01350384
535550,8;0,01350906
535567,4;0,01351068
535584,3;0,01351343
535600,5;0,01351343
535617,6;0,01351491
535633,7;0,01351586
535650,6;0,01351756
535666,8;0,01352245
535683,6;0,01352513
535699,9;0,01352807
535716,6;0,01352807
535733,3;0,01353112
535750,1;0,01353401
535766,2;0,01353401
535782,8;0,01353855
535799,4;0,01354169
535816,3;0,01354321
535836,9;0,0135467
535849,1;0,01354913
535865,8;0,01355146
535882,1;0,0135555
535898,8;0,01355746
535916,1;0,0135607
535932,1;0,01356378
535948,4;0,01356883
535965;0,01357115
535981,6;0,01357611
535998,2;0,01357611
536014,8;0,01358574
536031,8;0,01358665
536048,2;0,01358665
536065;0,01359858
536081;0,01360196
536097,6;0,01360689
536114,1;0,01361258
536130,8;0,01361258
536147,6;0,01362449
536164,1;0,01362675
536180,4;0,01362926
536196,9;0,01364066
536213,7;0,01364669
536230,1;0,01364996
536246,6;0,01365003
536263,2;0,01365282
536279,9;0,01365308
536296,7;0,01366385
536312,9;0,01367081
536329,4;0,01367316
536346,1;0,01367601
536363;0,01368247
536379,1;0,01368492
536395,9;0,01368854
536412,3;0,01369277
536428,9;0,01369781
536445,4;0,01370282
536462,2;0,01370522
536478,6;0,01370522
536495,1;0,01371347
536511,8;0,01371522
536528,8;0,01372078
536544,9;0,01372318
536561,4;0,01372879
536577,9;0,01373347
536595,1;0,01373623
536611,2;0,01374167
536627,9;0,0137447
536644,3;0,01374902
536661,2;0,01375414
536677,9;0,01375414
536693,9;0,01375694
536710,6;0,01376408
536727,9;0,01376908
536743,6;0,01377128
536760,2;0,01377128
536777,4;0,01377912
536793,3;0,01378363
536810,4;0,01378919
536826,5;0,01378919
536843;0,01379212
536859,6;0,01379506
536876,7;0,01380073
536892,8;0,01380341
536909,9;0,01380341
536925,9;0,01380908
536942,4;0,01381791
536959;0,01382112
536975,6;0,01382112
536992,2;0,01382112
537008,8;0,01382112
537025,4;0,01383172
537041,8;0,01383968
537058,4;0,01384595
537074,9;0,01386076
537091,6;0,013871
537108,1;0,01387571
537124,7;0,01387735
537141,7;0,0138801
537157,9;0,01388032
537174,4;0,01389008
537190,9;0,01389902
537207,5;0,01389902
537224,2;0,01390213
537240,7;0,01390213
537257,8;0,01390213
537273,8;0,01390213
537290,4;0,01391558
537307,6;0,01392931
537323,5;0,01393785
537340,1;0,01394074
537357,1;0,01394331
537373,2;0,01395045
537389,8;0,01395478
537406,3;0,0139573
537422,9;0,01396011
537439,4;0,01396217
537456;0,01397056
537472,8;0,01397564
537489,1;0,01397788
537505,7;0,01398029
537522,3;0,01398253
537538,8;0,01398253
537555,4;0,01398504
537571,9;0,01398504
537588,6;0,0139941
537605,7;0,01400593
537621,7;0,01400933
537638,3;0,01400933
537654,8;0,01401181
537671,4;0,01401424
537687,9;0,01402208
537704,6;0,01402572
537721,1;0,01402572
537737,6;0,0140331
537754,3;0,0140371
537770,8;0,0140371
537787,8;0,01404438
537803,9;0,01404934
537820,6;0,01405178
537837,6;0,01405178
537853,6;0,01405735
537874,6;0,01406228
537886,8;0,01406405
537903,4;0,01406725
537920,1;0,01407031
537936,9;0,01407031
537953;0,014073
537969,8;0,01407557
537986,1;0,01407774
538002,7;0,01407938
538019,7;0,01408065
538035,8;0,01408154
538052,5;0,01408229
538069,3;0,01408229
538086;0,01408373
538102,1;0,01408535
538118,8;0,01408657
538135,9;0,01408729
538151,9;0,01408826
538168,9;0,01408826
538184,9;0,01408897
538201,5;0,01408897
538218,1;0,01409157
538235,1;0,01409519
538251,3;0,01409711
538267,8;0,01409807
538284,4;0,01409902
538301,3;0,01410125
538317,6;0,01410354
538334,1;0,01410554
538350,7;0,01410615
538367,6;0,01410854
538383,8;0,01410956
538400,3;0,01411157
538416,9;0,01411198
538434;0,01411208
538450;0,01411193
538466,6;0,01411128
538483,1;0,01411081
538500;0,01410964
538516,3;0,01410892
538532,8;0,01410726
538549,6;0,01410726
538566,1;0,01410344
538582,5;0,01410325
538599,1;0,01410068
538615,8;0,0140979
538632,3;0,01409589
538649,4;0,01409295
538665,4;0,01408895
538681,9;0,0140871
538698,5;0,0140832
538715,1;0,01408087
538731,9;0,01407702
538748,3;0,0140754
538764,8;0,01407148
538781,3;0,01406839
538798,8;0,01406801
538814,9;0,01406625
538831,1;0,01406625
538847,6;0,01406386
538864,2;0,01405592
538881,2;0,01405391
538897,7;0,01405202
538914,3;0,01405032
538930,9;0,01404431
538947,8;0,01403997
538964,2;0,01403506
538980,5;0,01403271
538997,5;0,0140301
539013,7;0,01402389
539030,3;0,01402102
539047,4;0,01401706
539063,4;0,01401165
539079,9;0,01400922
539097,1;0,01400385
539113,1;0,0139992
539129,6;0,01399601
539146,3;0,01399601
539162,8;0,01398984
539179,6;0,01398267
539195,9;0,01397992
539212,6;0,01397992
539229,3;0,01397066
539245,9;0,01396579
539262,2;0,01396297
539278,8;0,01396297
539295,6;0,01395177
539311,9;0,01395119
539328,4;0,013945
539345,1;0,01394091
539361,7;0,01394091
539378,2;0,01393264
539394,7;0,01393
539411,3;0,01392869
539428;0,01391864
539444,4;0,01391864
539461;0,01391613
539477,6;0,01391613
539494,8;0,01390934
539510,7;0,01390332
539527,3;0,01390097
539543,8;0,01389033
539560,4;0,01388718
539576,9;0,01388234
539593,8;0,01387857
539610,1;0,01387709
539626,6;0,01387436
539643,2;0,0138662
539660,1;0,01386084
539676,4;0,01385826
539693,1;0,01385249
539709,5;0,01384934
539726,1;0,01384413
539743,3;0,01384129
539759,1;0,01384129
539776,4;0,01382956
539792,3;0,01382635
539808,9;0,01382335
539826,1;0,01382335
539842,1;0,01381494
539858,7;0,01380789
539875,4;0,01380498
539891,8;0,01380269
539913,4;0,01379654
539924,9;0,01378637
539941,4;0,01378355
539958;0,01378355
539974,8;0,01377432
539991,1;0,01376882
540007,9;0,01376629
540024,3;0,01376143
540040,8;0,01375827
540057,8;0,01375452
540074;0,01375235
540090,5;0,01375235
540107,1;0,01375026
540123,8;0,01375004
540140,2;0,01374717
540156,8;0,01373738
540173,8;0,01373
540189,9;0,01372748
540206,5;0,01372305
540223,6;0,01371878
540239,6;0,01371663
540256,2;0,0137145
540272,8;0,01371418
540289,3;0,01370667
540306,2;0,01370329
540322,8;0,01370102
540339;0,01369896
540355,6;0,01369524
540372,9;0,01369201
540389,2;0,01369064
540405,3;0,01368803
540421,9;0,01368701
540438,4;0,01368589
540454,9;0,01368536
540471,6;0,01368439
540488,1;0,01368375
540504,7;0,01368349
540521,5;0,01368363
540538,1;0,01368354
540554,4;0,01368391
540570,9;0,01368424
540587,6;0,01368484
540604,6;0,01368618
540620,7;0,01368771
540637,4;0,01368927
540654;0,01369011
540670,5;0,01369143
540687,6;0,01369288
540704;0,01369482
540720,1;0,01369482
540736,6;0,01369482
540753,9;0,01369597
540769,8;0,01369701
540786,3;0,01370178
540802,9;0,01370265
540819,9;0,01370279
540836;0,01370634
540852,6;0,01370821
540869,1;0,01370918
540885,8;0,01370918
540902,4;0,01371126
540919,1;0,01371381
540935,4;0,01371445
540951,9;0,01371594
540968,6;0,01371818
540985,1;0,01372077
541001,7;0,01372308
541018,3;0,01372475
541035;0,01372754
541051,6;0,01372764
541067,9;0,01373181
541084,6;0,01373359
541101,1;0,0137361
541117,7;0,0137374
541134,2;0,01374051
541150,8;0,01374051
541167,4;0,01374558
541183,9;0,01374698
541200,7;0,01375009
541217,1;0,0137533
541233,6;0,01375533
541250,2;0,0137573
541266,8;0,01376101
541283,3;0,01376256
541300,6;0,0137652
541316,4;0,01376573
541333,3;0,01376756
541349,6;0,01376906
541366,1;0,01376906
541382,8;0,01377077
541399,3;0,01377252
541416,4;0,01377709
541432,9;0,01378431
541449;0,01378758
541465,6;0,01379056
541482,1;0,01379384
541498,8;0,01379559
541515,3;0,01379881
541532;0,01380056
541548,4;0,01380337
541564,9;0,01380469
541581,6;0,01380976
541598,5;0,01381344
541614,9;0,01381387
541631,3;0,01381799
541647,8;0,01381918
541665;0,01381918
541680,9;0,01381918
541697,5;0,01382325
541715,2;0,01382754
541730,6;0,01383182
541747,3;0,01383759
541763,8;0,01384008
541780,3;0,01384453
541797,2;0,01384768
541813,5;0,01385038
541830;0,01385316
541846,8;0,01385689
541863,2;0,0138589
541879,7;0,01386224
541896,6;0,01386587
541912,8;0,01386861
541929,4;0,01387099
541946;0,01387455
541962,5;0,01387731
541979,1;0,0138806
541995,8;0,01388241
542012,6;0,01388301
542028,8;0,01388418
542045,4;0,01388493
542061,9;0,01389095
542078,5;0,01389261
542095,1;0,01389908
542111,6;0,01390166
542128,3;0,01390405
542144,8;0,0139074
542161,3;0,0139092
542177,9;0,01391145
542194,4;0,01391552
542211,4;0,01391826
542227,7;0,01391826
542244,2;0,01392166
542260,8;0,01392595
542277,8;0,01392665
542293,9;0,01393133
542311,3;0,01393511
542327;0,01393664
542343,6;0,01393876
542360,2;0,01394214
542376,7;0,01394214
542393,4;0,01394549
542410,1;0,01394881
542426,4;0,01395214
542443;0,01395555
542459,6;0,01395717
542476,6;0,01395871
542492,7;0,01396074
542510,2;0,01396485
542525,8;0,01396702
542542,4;0,01396951
542558,9;0,01396951
542575,7;0,01397274
542592,1;0,01397577
542608,8;0,01397849
542625,3;0,01398151
542642,4;0,01398151
542658,3;0,01398327
542674,9;0,01398327
542691,4;0,01398575
542708,4;0,01399292
542725,2;0,01399618
542741,1;0,01399797
542757,8;0,01399797
542774,5;0,0140035
542790,9;0,0140055
542807,5;0,01400833
542824,3;0,01400982
542840,6;0,01400982
542857,1;0,01401402
542873,7;0,01401717
542890,4;0,01401853
542906,9;0,01402149
542923,5;0,01402442
542940,1;0,01402597
542956,6;0,01402732
542973,1;0,01403041
542991,2;0,01403359
543008;0,01403513
543024,3;0,0140378
543040,9;0,01403905
543057,5;0,01404182
543074,1;0,0140429
543090,6;0,01404528
543107,2;0,01404767
543123,7;0,01404914
543140,3;0,01405143
543156,9;0,01405325
543173,5;0,01405469
543190,4;0,0140557
543206,6;0,01405846
543223,1;0,01406044
543239,9;0,01406044
543256,4;0,01406175
543272,8;0,01406419
543289,8;0,01406419
543306;0,01406419
543322,7;0,01406649
543339,1;0,01407118
543355,6;0,01407492
543372,2;0,01407683
543388,8;0,01407849
543405,3;0,01407901
543422,2;0,01408025
543438,5;0,01408315
543455,1;0,01408521
543471,8;0,0140873
543488,2;0,01408829
543504,8;0,01408918
543521,8;0,01409073
543537,9;0,01409177
543554,4;0,01409177
543571,2;0,01409334
543587,6;0,0140952
543604,5;0,0140966
543620,8;0,01409789
543637,7;0,01409904
543653,9;0,01409961
543670,8;0,01409961
543687,8;0,01410105
543703,7;0,01410144
543720,6;0,01410179
543737,4;0,01410311
543753,7;0,01410338
543769,9;0,0141038
543787;0,01410477
543803;0,01410527
543819,5;0,01410633
543836,6;0,01410703
543853,2;0,01410792
543869,3;0,01410792
543885,8;0,0141084
543902,9;0,01411048
543919;0,01411048
543935,5;0,014111
543952;0,014111
543968,8;0,01411197
543986;0,01411319
544001,8;0,01411485
544018,3;0,01411565
544034,9;0,01411667
544051,4;0,01411719
544068;0,01411836
544084,6;0,01411836
544102;0,0141203
544117,8;0,01412105
544134,7;0,01412117
544150,9;0,01412363
544167,4;0,01412466
544183,9;0,01412643
544200,8;0,01412741
544217,1;0,01412908
544233,7;0,01413042
544250,3;0,0141314
544266,9;0,01413299
544283,4;0,01413377
544300,5;0,01413491
544316,5;0,01413621
544333,9;0,01413803
544349,8;0,01413886
544366,3;0,01413886
544382,8;0,0141418
544399,4;0,0141433
544416,3;0,01414527
544432,5;0,01414527
544449,3;0,01414639
544465,8;0,01414904
544482,2;0,01415038
544498,9;0,01415163
544515,3;0,01415163
544532,5;0,01415243
544548,4;0,01415442
544565,3;0,01415442
544581,6;0,01415504
544598,1;0,01415562
544615,3;0,01415639
544631,6;0,01415741
544648,9;0,01415906
544664,8;0,01416078
544681,6;0,01416135
544697,6;0,014162
544714,9;0,014162
544730,7;0,01416288
544747,3;0,01416373
544763,8;0,01416435
544780,5;0,01416478
544796,9;0,0141649
544813,6;0,0141659
544830,1;0,01416618
544847,3;0,01416658
544863,3;0,0141668
544880,2;0,01416722
544896,4;0,0141674
544912,9;0,0141674
544929,8;0,01416827
544946,6;0,0141684
544962,6;0,01416917
544979,3;0,01416938
544998,7;0,01416942
545015,3;0,0141702
545031,8;0,01417045
545048,4;0,0141708
545064,9;0,01417105
545081,6;0,0141713
545098,1;0,01417158
545114,6;0,01417158
545131,4;0,01417168
545147,8;0,01417185
545164,4;0,01417193
545180,9;0,01417198
545197,4;0,014172
545214,3;0,01417205
545230,6;0,01417205
545247,2;0,01417203
545263,8;0,01417198
545280,3;0,01417158
545296,9;0,01417143
545313,5;0,0141713
545330,3;0,0141714
545346,7;0,01417143
545363,2;0,0141717
545379,9;0,0141717
545396,3;0,01417173
545413,1;0,01417188
545429,4;0,01417203
545446;0,01417208
545462,5;0,01417228
545479,1;0,01417248
545495,7;0,01417279
545512,3;0,01417316
545529;0,01417337
545545,4;0,01417362
545561,9;0,01417422
545579;0,01417443
545595,1;0,01417443
545611,8;0,01417538
545628,2;0,01417579
545644,8;0,01417664
545661,3;0,01417758
545678,4;0,01417813
545694,6;0,01417878
545711,1;0,01417984
545727,6;0,01418034
545744,6;0,01418034
545760,8;0,01418152
545777,3;0,01418331
545793,9;0,01418457
545810,4;0,01418527
545826,9;0,01418608
545843,6;0,01418608
545860,1;0,01418658
545876,8;0,01418658
545893,3;0,01418802
545909,9;0,01419138
545926,4;0,01419216
545943;0,01419358
545959,6;0,01419433
545976,4;0,01419557
545997,1;0,01419673
546013,8;0,01419789
546030,3;0,0141989
546047,2;0,01419961
546063,4;0,01420014
546080,2;0,01420191
546096,6;0,01420191
546113,1;0,01420315
546129,7;0,01420429
546146,4;0,01420543
546162,8;0,01420588
546179,4;0,01420644
546195,9;0,01420672
546212,5;0,0142071
546229,1;0,01420746
546245,7;0,0142086
546262,2;0,01420943
546278,8;0,01420991
546295,9;0,01421022
546312,3;0,01421075
546328,5;0,01421171
546345,2;0,01421225
546361,8;0,01421247
546378,7;0,01421265
546394,8;0,01421288
546411,3;0,01421298
546428,1;0,01421298
546444,5;0,01421303
546461;0,01421361
546478,4;0,01421361
546494,1;0,0142141
546510,8;0,0142141
546527,8;0,0142146
546544,3;0,01421612
546560,4;0,01421652
546577,3;0,01421652
546593,6;0,01421652
546610,8;0,01421597
546626,9;0,01421547
546643,3;0,01421532
546659,8;0,01421507
546677,2;0,01421477
546693,1;0,01421482
546709,6;0,01421472
546726,2;0,01421489
546742,7;0,01421512
546759,2;0,01421514
546776,1;0,01421524
546792,4;0,01421545
546808,9;0,01421595
546826,2;0,01421625
546842,1;0,01421706
546858,6;0,01421796
546875,2;0,01421844
546891,8;0,01421897
546908,3;0,01421897
546924,9;0,01422082
546941,4;0,0142219
546958;0,01422309
546975,4;0,01422375
546991,4;0,01422441
547008,3;0,0142257
547024,8;0,01422634
547041,4;0,01422793
547058,1;0,01423007
547074,5;0,01423174
547091,1;0,0142326
547107,7;0,0142343
547124,3;0,0142343
547141,2;0,01423526
547157,4;0,0142362
547173,9;0,01423785
547190,5;0,01424003
547207,9;0,01424301
547223,6;0,01424408
547240,4;0,01424461
547257;0,0142485
547273,4;0,01425084
547289,9;0,01425084
547306,5;0,01425448
547323,1;0,0142556
547339,6;0,01425708
547356,3;0,01425894
547372,8;0,0142608
547389,5;0,01426183
547405,9;0,01426379
547422,4;0,01426489
547439;0,01426489
547456,3;0,0142689
547472,2;0,01426987
547488,7;0,01427136
547505,4;0,01427179
547521,9;0,01427427
547538,4;0,01427545
547555;0,01427614
547571,6;0,01427668
547588,1;0,01427973
547604,7;0,01428181
547621,7;0,01428283
547637,8;0,01428283
547654,4;0,01428383
547671,2;0,01428734
547687,6;0,01428813
547704,1;0,01428974
547720,6;0,01429107
547738,1;0,01429143
547753,8;0,01429228
547770,3;0,01429228
547787,4;0,014293
547803,4;0,014293
547820,1;0,01429328
547836,6;0,01429576
547853,2;0,01429824
547869,8;0,01429939
547886,3;0,0143001
547902,9;0,01430033
547919,4;0,01430033
547936,1;0,01430133
547952,6;0,01430161
547969,2;0,01430207
547990,8;0,01430263
548007,8;0,01430317
548024,3;0,01430343
548040,4;0,01430343
548057,1;0,01430381
548073,8;0,01430453
548090,2;0,01430486
548107,1;0,01430509
548123,4;0,01430509
548139,9;0,01430588
548156,4;0,01430673
548173,1;0,01430755
548189,8;0,01430847
548206,2;0,01430896
548222,7;0,01430916
548239,6;0,01431057
548255,9;0,01431124
548272,4;0,01431124
548289;0,01431312
548305,6;0,01431487
548322,1;0,0143161
548338,9;0,0143161
548355,3;0,01431785
548371,8;0,01431983
548388,4;0,01432197
548405,6;0,01432197
548421,5;0,01432197
548438,3;0,01432317
548454,6;0,01432803
548471,3;0,01433054
548487,8;0,01433226
548504,3;0,01433324
548520,9;0,0143343
548537,6;0,01433607
548554,1;0,01433752
548570,6;0,01433933
548587,5;0,01434165
548603,9;0,01434276
548620,8;0,01434276
548637,4;0,01434604
548653,4;0,01434829
548670,7;0,0143504
548686,6;0,01435129
548703,2;0,01435129
548719,8;0,01435309
548736,3;0,01435448
548752,9;0,01435706
548769,5;0,014358
548786;0,01435846
548802,6;0,01436145
548819,1;0,01436306
548835,7;0,01436437
548852,3;0,0143655
548868,8;0,01436769
548885,4;0,01437069
548902,5;0,01437069
548918,5;0,01437482
548935,1;0,01437841
548951,8;0,01438799
548968,2;0,01439582
548990;0,01440241
549001,6;0,0144121
549017,9;0,01442812
549034,5;0,01443668
549051,1;0,01443668
549067,6;0,01443668
549084,2;0,01444682
549100,8;0,0144988
549117,3;0,0145318
549133,9;0,01455917
549150,4;0,01458234
549167,1;0,01459914
549183,6;0,01459914
549200,2;0,01463517
549216,8;0,01465917
549233,3;0,01468096
549250,4;0,01470257
549266,5;0,01473357
549283;0,01473929
549300;0,01476899
549316,6;0,01480579
549332,7;0,01482128
549349,3;0,01484906
549365,9;0,01488444
549382,5;0,01490444
549399;0,01490444
549415,5;0,01494649
549432,3;0,01498491
549449,4;0,01501284
549465,4;0,01503614
549482,3;0,01503614
549498,7;0,01506083
549515,1;0,01510405
549531,5;0,01513492
549548,1;0,01515195
549564,7;0,01518422
549581,2;0,01521613
549597,8;0,01523104
549614,3;0,01526456
549630,9;0,01526456
549647,4;0,01527896
549664;0,01527896
549680,6;0,01527896
549697,1;0,01529476
549713,8;0,01529476
549730,3;0,01531769
549746,9;0,01535339
549763,4;0,01538539
549780,4;0,015403
549796,9;0,0154488
549813,1;0,01546087
549829,9;0,01550097
549846,6;0,01551307
549862,9;0,01552977
549879,4;0,015549
549895,9;0,01559264
549912,8;0,0156281
549929,1;0,01564092
549945,7;0,01568478
549962,3;0,01568741
549978,8;0,01573222
549995,4;0,0157574
550011,9;0,01579841
550029,8;0,01582133
550045,4;0,01585721
550061,6;0,01587278
550078,2;0,01590347
550094,8;0,01593052
550111,6;0,01595338
550128,1;0,01598605
550144,5;0,0160114
550161,5;0,01602729
550177,6;0,01605218
550194,1;0,01608523
550210,8;0,01612018
550227,3;0,01615386
550243,8;0,01618752
550260,6;0,01618755
550277,1;0,01620528
550293,6;0,01624058
550310,1;0,0162581
550326,9;0,0162581
550343,3;0,01627418
550359,8;0,01627418
550376,4;0,01629813
550392,9;0,0163285
550409,6;0,01635949
550426,2;0,01638817
550442,7;0,01641031
550459,3;0,01642153
550476,3;0,01643249
550492,4;0,01643956
550508,9;0,01644489
550525,5;0,01645063
550542,1;0,01645491
550558,6;0,01645783
550575,2;0,01645923
550591,8;0,01646142
550608,3;0,01646153
550624,9;0,01646355
550641,6;0,01646633
550658,2;0,01646923
550675;0,01647149
550691,7;0,01647321
550707,7;0,01647715
550724,3;0,0164783
550740,9;0,01647927
550757,4;0,01648131
550774;0,01648233
550790,9;0,01648312
550807,1;0,01648614
550823,7;0,016487
550840,3;0,01648769
550856,8;0,01648666
550873,4;0,01648942
550889,9;0,01648942
550906,6;0,01648918
550923,4;0,01648613
550939,6;0,01648404
550956,3;0,01648153
550972,8;0,01648153
550989,7;0,01648153
551005,9;0,01648153
551022,5;0,01648153
551039,1;0,01647165
551055,7;0,0164581
551073,8;0,01644268
551088,8;0,01642622
551105,4;0,01641781
551122,2;0,0163852
551138,8;0,0163852
551155;0,01637371
551171,6;0,01634533
551188,5;0,01633772
551205,1;0,01631373
551221,3;0,01628947
551237,9;0,01626313
551254,5;0,01623275
551271;0,0162164
551287,6;0,01620418
551304,1;0,01617214
551321,2;0,01615782
551337,3;0,01613462
551353,8;0,01610366
551370,6;0,01610366
551386,9;0,01606029
551403,5;0,0160436
551420,3;0,01601131
551436,6;0,01598456
551453,3;0,01597055
551469,8;0,01597055
551486,4;0,01595501
551502,9;0,01593963
551519,6;0,01592407
551536,1;0,01589464
551552,6;0,0158747
551569,2;0,01580848
551585,8;0,0157752
551602,4;0,0157752
551618,9;0,01576152
551635,8;0,01576152
551652,1;0,01572693
551668,7;0,01566892
551685,2;0,01560865
551702;0,01560865
551718,3;0,01558866
551734,9;0,01553689
551751,4;0,01552404
551768;0,01549837
551784,6;0,01548697
551801,4;0,01546799
551818,1;0,01545471
551834,3;0,01544641
551850,8;0,01543572
551868;0,01543227
551884,1;0,01542819
551900,9;0,01542426
551917,2;0,01542098
551933,6;0,01542015
551950,6;0,01541925
551966,9;0,01542
551983,4;0,01541904
551999,9;0,01541866
552016,5;0,0154147
552033,3;0,0154147
552050,3;0,01540856
552066,4;0,01538659
552082,9;0,01536798
552099,9;0,015365
552115,9;0,01533589
552132,4;0,01532301
552149,4;0,01530409
552165,6;0,0152869
552182,2;0,01526878
552199,1;0,01524467
552215,3;0,01524467
552231,9;0,01521671
552248,5;0,01521554
552265;0,0152033
552281,9;0,0151898
552298,3;0,01515584
552314,7;0,0150966
552331,5;0,01505279
552348,1;0,01503475
552364,5;0,01502436
552381;0,01499651
552397,6;0,0149844
552414,4;0,0149844
552430,7;0,0149718
552447,2;0,01496704
552463,8;0,01496436
552480,4;0,01496259
552496,9;0,01496223
552513,9;0,01496229
552530,3;0,01496315
552546,6;0,01496437
552563,2;0,01496531
552579,8;0,01496609
552596,5;0,01496848
552612,9;0,01497038
552630,3;0,0149719
552646,1;0,01497402
552662,6;0,014976
552679,1;0,01497688
552696;0,01497857
552712,3;0,01497857
552728,9;0,01498001
552745,4;0,01498153
552762;0,01498215
552778,6;0,01498289
552795,1;0,01498364
552811,8;0,01498454
552828,3;0,01498416
552845,1;0,01498539
552861,4;0,01498603
552878,2;0,01498619
552894,5;0,01498624
552911,1;0,01498731
552927,9;0,01498731
552944,6;0,01498874
552960,8;0,01499106
552977,6;0,01499959
552993,9;0,01501408
553010,5;0,0150253
553028;0,0150335
553043,6;0,01504264
553060,2;0,01504312
553076,8;0,01505352
553093,3;0,01506195
553109,9;0,01506736
553126,4;0,01507802
553143,1;0,01508921
553159,9;0,01509639
553176,1;0,01510727
553192,8;0,01510727
553209,3;0,01511976
553226;0,0151319
553242,4;0,01514665
553259;0,01515031
553275,6;0,01516316
553292,1;0,01517724
553308,7;0,01518341
553325,3;0,01519625
553342;0,01520297
553358,4;0,01521587
553375,1;0,01522317
553391,6;0,01523609
553408,1;0,01524902
553424,7;0,01525577
553441,3;0,01525577
553457,8;0,0152767
553474,4;0,01528501
553490,9;0,01529408
553507,5;0,01529408
553524,3;0,01530053
553540,6;0,01530111
553557,2;0,01530643
553574;0,01531277
553590,3;0,01532455
553607,9;0,01533724
553623,5;0,01534581
553640;0,01535479
553657,3;0,01535723
553673,2;0,01535892
553689,7;0,01535994
553706,4;0,01536045
553722,8;0,01536061
553739,4;0,01536013
553756,3;0,01535796
553773,4;0,01535225
553789,1;0,01535002
553805,7;0,01533775
553822,4;0,01532367
553839;0,01531485
553856,1;0,01530159
553872,2;0,01528319
553888,6;0,01527405
553905,1;0,01525166
553921,8;0,01524064
553938,3;0,01522836
553954,8;0,01522836
553971,4;0,01521497
553988,2;0,01520476
554004,5;0,01519196
554021,1;0,0151766
554037,8;0,01513454
554054,3;0,01512876
554070,9;0,01510053
554087,3;0,01507396
554103,9;0,01507396
554120,6;0,01506534
554137;0,01506358
554153,6;0,01506503
554170,2;0,01506661
554187,1;0,01506685
554203,4;0,01507347
554219,9;0,01508142
554236,4;0,01509028
554253,3;0,01509989
554269,5;0,01510993
554287;0,01511532
554302,7;0,01512632
554319,3;0,01513301
554335,8;0,01514094
554352,4;0,01514651
554369,3;0,01514651
554385,5;0,01516095
554402,6;0,01516277
554418,8;0,0151681
554435,3;0,01517056
554451,8;0,01517423
554468,4;0,01517393
554485,1;0,01517393
554501,4;0,01517432
554518,1;0,01517291
554535;0,01517093
554551,2;0,01517093
554568,3;0,01516855
554584,4;0,01516681
554600,9;0,01515404
554617,8;0,01513504
554634,2;0,01511387
554650,8;0,01510225
554667,2;0,01510225
554684;0,01508576
554700,4;0,0150801
554716,9;0,01507392
554733,4;0,01506685
554750;0,01505956
554766,7;0,01505439
554783,1;0,01504703
554799,7;0,01504703
554816,4;0,01504511
554832,9;0,01504304
554849,4;0,01503648
554866,2;0,01502777
554882,5;0,01502088
554899,1;0,01500683
554915,9;0,01500053
554932,3;0,01499566
554948,8;0,01499548
554965,5;0,0149791
554981,9;0,01497505
554998,9;0,01495452
555016;0,01495452
555031,6;0,01494064
555048,2;0,01492723
555064,8;0,01491272
555081,3;0,01490156
555098,3;0,01489038
555114,7;0,0148816
555131,1;0,01486734
555153,8;0,0148539
555165,3;0,0148362
555181,8;0,01483248
555198,4;0,01481227
555214,9;0,01479353
555231,7;0,0147741
555248,4;0,01476214
555264,7;0,01476214
555281,4;0,01475041
555298,6;0,01470779
555314,8;0,01468635
555331,7;0,01468632
555348,1;0,01465942
555364;0,01464416
555380,6;0,01462607
555397,1;0,01461214
555413,7;0,0146014
555430,3;0,01458102
555447,8;0,01458102
555463,6;0,01457151
555480,3;0,01457151
555497,2;0,01454965
555513,1;0,01450635
555529,7;0,01449032
555546,3;0,01447099
555563,2;0,01445331
555579,4;0,01444484
555596;0,01444484
555612,5;0,01442267
555629,1;0,01441731
555645,6;0,01440246
555662,3;0,01439852
555679,2;0,01439852
555695,3;0,01439312
555711,9;0,01438046
555728,4;0,01437756
555745,1;0,01437199
555761,6;0,01436936
555778,3;0,01436343
555794,8;0,01436343
555811,3;0,01436343
555827,9;0,01435261
555844,8;0,0143474
555861,3;0,01434202
555878,3;0,01433939
555894,2;0,01433413
555910,7;0,01433145
555927,6;0,01432537
555943,9;0,01431849
555960,4;0,01431447
555977;0,01431123
555993,6;0,01430761
556010,1;0,01430254
556026,7;0,01429716
556043,8;0,01428839
556059,9;0,01428597
556077;0,01428294
556092,9;0,01428294
556109,8;0,01428294
556126,1;0,01428008
556142,6;0,01426979
556159,3;0,01425772
556176,3;0,01425312
556192,3;0,0142512
556208,9;0,0142512
556225,4;0,01424974
556242,1;0,01425009
556259,1;0,01425069
556275,3;0,01425069
556291,8;0,01425186
556308,3;0,01425857
556324,9;0,0142636
556341,4;0,01426691
556358,1;0,01426691
556374,6;0,0142799
556391,2;0,01428557
556407,9;0,01429139
556425,1;0,01431303
556440,9;0,01432225
556457,4;0,01432225
556474;0,0143426
556490,6;0,01437537
556507,1;0,01439216
556523,7;0,01440596
556540,3;0,01441298
556556,9;0,01444419
556573,4;0,01447285
556590,3;0,01450292
556606,5;0,0145161
556623,1;0,01454362
556639,6;0,01455679
556656,2;0,01456709
556672,8;0,01459965
556689,6;0,01461518
556705,9;0,01464132
556722,5;0,01464132
556739,4;0,01465429
556756,3;0,01465429
556772,6;0,01468178
556788,8;0,01471454
556805,3;0,01475959
556821,9;0,01476634
556838,8;0,01479744
556855;0,01481505
556871,6;0,01485381
556888,4;0,01489457
556904,8;0,01489457
556921,3;0,01492474
556937,9;0,01496502
556954,4;0,01496773
556971;0,01499881
556987,7;0,01502048
557004,1;0,0150476
557020,9;0,01505545
557037,3;0,01508903
557053,8;0,01510178
557070,4;0,01511554
557086,9;0,01514315
557103,5;0,01516603
557120,1;0,01517708
557136,7;0,01517708
557153,2;0,0151888
557169,8;0,01522368
557186,6;0,01524671
557207,1;0,01525806
557223,7;0,01525806
557240,4;0,01528582
557257,1;0,01530996
557273,4;0,01531872
557290;0,01532725
557306,6;0,01534376
557323,7;0,01535617
557340,3;0,01537267
557356,5;0,01537267
557373;0,01537977
557389,3;0,01537977
557406,4;0,01538593
557422,5;0,01541164
557439,1;0,01542343
557455,6;0,01542928
557472,2;0,01543867
557488,8;0,01545134
557505,3;0,01546188
557521,9;0,01546734
557538,4;0,01546734
557555,3;0,01547833
557572,1;0,01548387
557588,1;0,01549971
557604,8;0,01551021
557621,3;0,0155187
557637,9;0,01552554
557654,4;0,01553539
557671;0,01553984
557687,6;0,01554912
557704,1;0,01555564
557720,8;0,01556335
557737,3;0,01556749
557754;0,01557594
557770,9;0,01557594
557786,9;0,01558904
557803,7;0,01559251
557820,1;0,01559948
557836,7;0,0156032
557853,2;0,01560814
557869,8;0,01561712
557886,4;0,01562382
557902,9;0,01562742
557919,6;0,01562742
557936,1;0,01563421
557952,6;0,01564
557969,2;0,01564885
557985,8;0,0156566
558002,7;0,0156566
558019;0,0156566
558035,4;0,0156566
558052,2;0,0156566
558068,6;0,01566428
558085,1;0,01567865
558102,1;0,01568239
558118,3;0,0156918
558135,2;0,01569203
558151,7;0,01569203
558168,1;0,01568778
558188,9;0,01568297
558205,6;0,01567172
558222,1;0,01566337
558239;0,01565261
558255,3;0,01564335
558271,9;0,01563589
558288,4;0,01562065
558304,9;0,01562065
558321,6;0,01558771
558338,1;0,01558771
558354,7;0,01556887
558371,2;0,01555225
558388;0,01553437
558404,6;0,01553437
558421,3;0,01551445
558437,5;0,01549579
558454,1;0,01549579
558471,2;0,01546142
558487,2;0,01544869
558503,8;0,01543783
558520,3;0,01543783
558537;0,01540999
558554,1;0,0153904
558570;0,01537149
558586,6;0,01536051
558603,1;0,01534518
558619,8;0,01532954
558636,3;0,01531946
558652,9;0,01530822
558669,5;0,01530822
558686,1;0,01529134
558702,8;0,01524223
558719,1;0,01522936
558735,9;0,01520482
558752,3;0,01520482
558769,5;0,01520482
558785,8;0,01519769
558802;0,01514751
558818,8;0,01510674
558835,2;0,01508735
558851,8;0,01506847
558868,3;0,01505883
558884,8;0,01502941
558901,4;0,01501485
558918,3;0,0150119
558934,8;0,01496279
558951,6;0,01496262
558967,8;0,0149501
558984,5;0,01490476
559001,1;0,01488246
559017,6;0,0148698
559033,9;0,0148698
559050,7;0,01481442
559067,1;0,01481442
559083,6;0,01479617
559100,2;0,0147577
559116,7;0,0147401
559133,3;0,01472189
559149,8;0,01471593
559166,8;0,01469793
559183;0,01467989
559201,1;0,01467184
559217,6;0,01465411
559235,1;0,01463906
559250,8;0,01463215
559267,6;0,01463215
559284,1;0,01463215
559300,5;0,01462483
559317,1;0,01462483
559333,6;0,01460283
559350,2;0,01458151
559366,8;0,014568
559383,3;0,01456306
559399,8;0,01454986
559416,4;0,01454133
559433,2;0,01454133
559450,3;0,01453234
559466,1;0,01451971
559482,9;0,01451416
559499,3;0,01450787
559515,8;0,01450787
559532,6;0,01449899
559548,9;0,01449253
559565,6;0,01448496
559582,1;0,01448102
559598,9;0,01447328
559615,3;0,01446856
559631,8;0,01446148
559648,4;0,01445334
559664,9;0,01444905
559681,5;0,01444041
559698,1;0,01443536
559714,9;0,01443536
559731,3;0,01442016
559748,3;0,01441325
559764,9;0,01440361
559780,9;0,01439897
559797,5;0,01439019
559814;0,01438607
559830,6;0,01437766
559847,2;0,01437207
559863,7;0,01436879
559880,5;0,01436497
559896,9;0,01435791
559913,4;0,01434971
559930,6;0,01434833
559947;0,01434637
559963,4;0,0143413
559979,7;0,01433025
559996,4;0,01432672
560012,8;0,01431743
560029,4;0,01431338
560045,9;0,01430972
560062,6;0,01430972
560079,1;0,01430553
560095,6;0,01430057
560112,3;0,01429746
560128,9;0,01429397
560145,4;0,01429225
560162;0,01428883
560178,9;0,01428619
560201,7;0,01428345
560212,6;0,01427992
560229,3;0,0142782
560245,8;0,0142753
560262,3;0,01427197
560278,9;0,01426855
560295,5;0,01426684
560312,1;0,01426337
560329,4;0,01426337
560345,2;0,01425723
560361,8;0,01425501
560378,3;0,01425082
560394,9;0,01424884
560411,9;0,01424424
560428,1;0,014241
560444,6;0,01423807
560461,4;0,01423579
560477,8;0,01423422
560494,3;0,01423242
560511,3;0,01422982
560527,4;0,01422572
560544;0,01422327
560560,6;0,01422327
560577,1;0,01422193
560593,7;0,01422163
560610,3;0,01422076
560626,8;0,0142185
560643,4;0,01421987
560660;0,01422084
560676,6;0,01422084
560693,1;0,01422579
560709,8;0,01422662
560726,3;0,01423096
560742,9;0,01423324
560759,5;0,01423801
560775,9;0,01424016
560792,5;0,01424472
560809,1;0,01424716
560825,6;0,01425156
560842,2;0,01425509
560858,8;0,01425509
560875,3;0,01426692
560891,9;0,01427001
560909;0,01427327
560925,1;0,01427986
560941,8;0,01428678
560958,3;0,01429158
560974,8;0,01429806
560991,4;0,01430523
561007,9;0,01430956
561024,4;0,01431711
561041;0,01432256
561057,6;0,01433013
561074,2;0,01433752
561090,7;0,01434311
561107,4;0,01434917
561123,8;0,01435191
561140,4;0,01436398
561157;0,01436932
561173,8;0,01437709
561190,1;0,01438074
561206,9;0,01438074
561223,2;0,01438074
561239,8;0,01438382
561259,9;0,01439316
561273;0,01440643
561289,6;0,01441814
561306,4;0,01441871
561322,7;0,0144219
561339,3;0,0144219
561355,8;0,01443371
561372,4;0,01444249
561389;0,0144451
561405,5;0,01445381
561422,1;0,01445478
561438,9;0,0144609
561455,2;0,01446318
561471,8;0,01446963
561488,3;0,01447632
561505;0,01448265
561521,5;0,01448724
561538,4;0,01449227
561554,7;0,01449864
561571,9;0,01450175
561587,9;0,0145065
561604,3;0,01451224
561621,2;0,01451224
561637,4;0,01451902
561654;0,01453205
561670,7;0,01453786
561687,1;0,01454504
561703,8;0,01454989
561720,5;0,0145596
561736,9;0,0145596
561753,8;0,01457454
561770,1;0,01458271
561786,6;0,01459036
561803,4;0,01460058
561819,7;0,014607
561837,1;0,01461051
561852,9;0,01461514
561869,4;0,01461514
561886;0,01462017
561902,5;0,01464172
561919,1;0,01465024
561935,7;0,01465792
561952,3;0,01466215
561968,8;0,01466326
561985,6;0,01467351
562002,2;0,01468624
562018,5;0,0146941
562035,1;0,0146941
562051,6;0,0146999
562068,3;0,01471278
562084,8;0,01472094
562101,3;0,01472425
562118,2;0,01473199
562134,4;0,01473561
562151;0,01473766
562168,1;0,01475074
562184,1;0,01475468
562201,1;0,01476254
562217,5;0,01476254
562234,3;0,01477209
562252,5;0,01477416
562269,1;0,01478339
562286,2;0,01479347
562302,8;0,01479931
562318,8;0,01480471
562335,3;0,0148121
562351,9;0,01481309
562368,5;0,01482288
562385,5;0,01482841
562402;0,01483375
562418,3;0,01483744
562434,8;0,01483744
562451,3;0,01484164
562467,9;0,01485466
562484,4;0,01485466
562501,1;0,01485798
562517,6;0,01485842
562534,1;0,01486131
562551,1;0,0148677
562567,6;0,01487055
562583,9;0,01488231
562600,4;0,01489139
562617,4;0,01489674
562633,6;0,01490244
562650,6;0,01490474
562666,7;0,0149076
562683,3;0,01491232
562699,8;0,01491688
562716,4;0,01491985
562733;0,01492348
562749,5;0,01492541
562766,1;0,01492933
562782,8;0,01493306
562799,2;0,014935
562815,8;0,01493674
562832,6;0,01494041
562848,9;0,01494388
562865,5;0,014946
562882,5;0,0149484
562899,3;0,0149484
562915,2;0,01495159
562931,8;0,01495405
562948,8;0,01495405
562965,1;0,01495815
562981,4;0,01496099
562998;0,01496356
563014,6;0,01496491
563031,1;0,01496706
563048,4;0,01496706
563064,3;0,01496816
563080,9;0,01497189
563097,6;0,01497316
563113,9;0,01497384
563130,6;0,01497384
563147,7;0,01497426
563163,7;0,01497426
563180,3;0,01497429
563196,8;0,01497479
563213,4;0,0149752
563230;0,01497559
563248,9;0,01497548
563265,9;0,01497504
563282,1;0,01497452
563299,3;0,01497397
563315,3;0,01497356
563332,4;0,01497356
563348,9;0,01497242
563364,9;0,01497217
563381,5;0,01497258
563398,1;0,01497291
563414,6;0,01497404
563431,3;0,01497473
563447,8;0,01497537
563464,7;0,01497537
563480,9;0,01497537
563497,5;0,01497746
563514,1;0,01498129
563530,6;0,01498285
563547,8;0,01498564
563563,8;0,0149877
563580,9;0,0149877
563596,9;0,01499052
563613,4;0,01499332
563630;0,01499673
563646,6;0,01499778
563663,1;0,01500065
563679,8;0,01500233
563696,3;0,0150055
563713,8;0,01500867
563729,4;0,01500867
563746,1;0,01501201
563762,5;0,01501201
563779,1;0,01501201
563795,6;0,01501281
563812,3;0,01501906
563828,8;0,01502857
563845,3;0,01503333
563862;0,01503846
563878,6;0,01504087
563895,1;0,01504626
563912;0,01504877
563928,3;0,01505389
563945,4;0,01505801
563961,3;0,01506137
563978,6;0,01506615
563994,4;0,01506868
564011,1;0,01507347
564027,6;0,01507621
564044,9;0,01507949
564061;0,01507949
564077,5;0,01508171
564093,9;0,01508254
564110,4;0,01509172
564127;0,0150952
564143,8;0,01509773
564160,3;0,0151018
564176,9;0,01510443
564193,6;0,01510801
564210,3;0,01510997
564226,6;0,0151142
564243,2;0,01511667
564259,7;0,01512093
564276,4;0,01512536
564293,1;0,01512744
564309,4;0,01512984
564326;0,01513135
564342,9;0,01513924
564359,1;0,01514284
564375,7;0,01514635
564392,6;0,01514879
564408,8;0,01514879
564425,5;0,01514879
564442,1;0,01515153
564458,6;0,01516163
564475,1;0,01516864
564491,6;0,01516864
564508,3;0,01517516
564525,1;0,0151811
564541,6;0,0151837
564558,2;0,01518614
564574,5;0,01518862
564591,1;0,01519682
564607,6;0,01519916
564624,2;0,01520397
564640,8;0,01520906
564657,3;0,01521202
564673,9;0,01521202
564690,8;0,0152227
564707;0,0152227
564724;0,01522451
564740,2;0,01523397
564757,6;0,01523944
564773,9;0,01524208
564790,3;0,0152448
564806,4;0,01524817
564823;0,01525415
564839,6;0,01526045
564856,1;0,01526348
564872,7;0,01526729
564889,3;0,01527095
564905,8;0,01527475
564922,6;0,01527781
564939,3;0,01528199
564955,5;0,01528407
564973,1;0,01528827
564988,6;0,01528827
565005,3;0,01529023
565021,8;0,01529279
565038,3;0,01529673
565054,9;0,01529811
565071,5;0,01529867
565088,1;0,01530106
565104,6;0,01530953
565121,4;0,0153155
565138,1;0,01532027
565154,3;0,01532891
565171,1;0,01533424
565187,8;0,01533531
565204,1;0,01534843
565220,8;0,01535434
565237,2;0,01536339
565253,9;0,01536797
565272;0,01537689
565288,6;0,01538195
565305,2;0,01538195
565321,6;0,01539744
565338,3;0,01540205
565354,9;0,01540526
565371,4;0,01542199
565388,5;0,01543143
565404,6;0,01543748
565421,1;0,01544248
565437,9;0,01544975
565454,3;0,01545858
565470,9;0,01546626
565487,7;0,01547078
565504,2;0,01547078
565520,5;0,01547962
565537,1;0,01549032
565553,9;0,01549465
565570,2;0,01550011
565586,8;0,01550544
565603,3;0,01551004
565619,9;0,01551304
565636,5;0,01551385
565653;0,01552224
565669,6;0,01552362
565686,2;0,01552603
565702,7;0,01552603
565719,6;0,01552852
565735,8;0,01553627
565752,4;0,01554452
565769;0,01554746
565785,5;0,01555114
565802,1;0,01555114
565819,1;0,01555287
565835,3;0,0155573
565851,8;0,01556265
565868,9;0,01556643
565884,9;0,01556852
565901,5;0,01557074
565918,1;0,01557172
565934,6;0,0155727
565951,3;0,0155733
565967,8;0,01557341
565984,4;0,01557347
566000,9;0,01557327
566017,4;0,015573
566034,1;0,01557285
566050,6;0,0155725
566067,2;0,01557238
566083,8;0,01557238
566100,5;0,01557191
566117,7;0,01557176
566133,8;0,01557129
566150;0,01557114
566166,6;0,01557114
566183,2;0,01557085
566200;0,01557023
566216,4;0,01556946
566233,3;0,0155694
566249,6;0,01556848
566266,1;0,01556751
566286,3;0,01556653
566303,4;0,01556558
566319,6;0,01556558
566336;0,01556534
566352,9;0,01556517
566369,3;0,01556431
566385,7;0,01556347
566402,3;0,01556266
566418,8;0,01556248
566435,6;0,01556248
566451,9;0,0155623
566468,6;0,01556254
566485,1;0,01556257
566501,6;0,01556278
566518,3;0,01556293
566534,8;0,0155633
566551,4;0,01556369
566567,9;0,01556396
566584,6;0,01556441
566601,1;0,0155649
566617,6;0,01556511
566634,2;0,01556532
566650,8;0,0155659
566667,4;0,01556656
566683,9;0,01556687
566700,4;0,01556741
566717,1;0,01556763
566733,6;0,0155679
566750,2;0,01556793
566767,5;0,01556863
566783,3;0,01556875
566799,9;0,01556836
566817;0,01556809
566833;0,01556712
566849,6;0,01556619
566866,1;0,01556466
566883,2;0,01556322
566899,3;0,01556223
566915,8;0,01556154
566932,4;0,01556076
566949,3;0,01556061
566965,6;0,01556061
566982,1;0,01556028
566998,7;0,01556028
567015,3;0,01555992
567031,8;0,01555992
567048,3;0,01556026
567064,9;0,0155615
567081,5;0,01556348
567098,1;0,01556442
567114,6;0,01556598
567131,3;0,01556665
567147,8;0,01556809
567164,3;0,01556809
567180,9;0,01556959
567198,1;0,01557122
567214,1;0,01557233
567230,7;0,01557343
567247,2;0,01557414
567263,8;0,01557507
567280,4;0,01557574
567297;0,01557636
567313,8;0,01557689
567330;0,01557717
567346,6;0,01557757
567363,2;0,01557794
567379,8;0,01557853
567396,3;0,01557896
567412,8;0,01557896
567429,8;0,0155789
567446,1;0,0155789
567463;0,01557878
567479,1;0,01557865
567495,7;0,01557856
567512,2;0,0155784
567528,8;0,01557855
567545,4;0,01557831
567561,9;0,01557844
567578,5;0,01557897
567595,1;0,01557912
567612;0,01557928
567628,2;0,01557928
567644,8;0,01557974
567661,3;0,01558186
567678,7;0,01558382
567694,8;0,01558503
567711,1;0,0155859
567728,1;0,0155859
567744,1;0,01558868
567760,8;0,01559073
567777,5;0,01559224
567793,9;0,0155933
567810,4;0,01559537
567827,4;0,01559806
567843,6;0,01559943
567860,1;0,01560124
567877,2;0,01560124
567893,3;0,01561312
567909,9;0,01561786
567926,4;0,01562656
567943;0,01562809
567959,6;0,01564039
567976,1;0,01565246
567992,7;0,01566462
568009,2;0,01567483
568026;0,01567778
568042,4;0,01568861
568058,9;0,01569679
568075,5;0,01569679
568092,2;0,0157066
568108,6;0,0157115
568125,6;0,0157134
568141,8;0,01571725
568158,3;0,01571725
568174,9;0,01572051
568191,4;0,01572399
568208,9;0,01572591
568225,3;0,01572875
568241,1;0,01572875
568257,9;0,01573028
568274,4;0,01573028
568290,9;0,01573168
568307,9;0,0157369
568324;0,01574236
568342,8;0,01574384
568359,4;0,0157439
568376,1;0,01574884
568393,4;0,01575084
568409,1;0,01575247
568425,8;0,01575247
568442,3;0,0157554
568458,8;0,01575904
568475,4;0,01576225
568491,9;0,01576535
568508,6;0,0157672
568525,3;0,01577118
568541,7;0,01577295
568558,3;0,01577295
568574,8;0,01577838
568591,4;0,01578203
568607,9;0,01578535
568624,5;0,01578709
568641,1;0,01578709
568658,1;0,01579034
568674,2;0,01579373
568690,8;0,01579795
568707,3;0,01579855
568723,9;0,01580172
568740,6;0,01580607
568757,5;0,01580965
568773,6;0,01581139
568790,2;0,01581427
568807,3;0,01581814
568823,8;0,01582325
568839,9;0,01582634
568856,4;0,01582858
568873,2;0,01583129
568889,9;0,01583129
568906,4;0,01583421
568922,9;0,01583535
568939,3;0,01584215
568955,8;0,01585444
568972,4;0,01586307
568988,9;0,01586548
569005,6;0,01587017
569022,2;0,01587392
569038,6;0,0158766
569055,3;0,01587816
569071,9;0,01588195
569088,4;0,01588496
569105,3;0,01588744
569121,5;0,01589052
569138,2;0,01589209
569154,7;0,0158947
569171,3;0,01589614
569188,1;0,01589705
569204,4;0,01590035
569221,2;0,01590214
569237,5;0,01590371
569254;0,01590626
569270,6;0,01590808
569287,2;0,01590943
569303,7;0,01591185
569320,3;0,01591367
569336,9;0,01591524
569353,4;0,01591652
569370,4;0,01591801
569386,9;0,01591999
569403,6;0,01591999
569420,1;0,01592116
569436,8;0,01592455
569453,6;0,01592641
569469,9;0,0159277
569486,8;0,01592953
569503,1;0,01593085
569519,9;0,01593158
569536,8;0,01593272
569552,8;0,01593272
569569,2;0,01593525
569585,8;0,01593936
569602,9;0,01594062
569618,9;0,0159416
569635,5;0,01594268
569652,1;0,0159437
569668,8;0,01594773
569685,2;0,0159497
569701,8;0,01595072
569718,3;0,01595072
569734,9;0,01595336
569751,4;0,01595501
569768,8;0,01595578
569784,6;0,01595645
569801,1;0,01595795
569817,8;0,01595837
569834,3;0,01595878
569850,8;0,01595872
569868,1;0,0159583
569884;0,015958
569900,6;0,01595218
569917,4;0,01594965
569933,9;0,01594965
569950,3;0,01594089
569967,3;0,01593584
569983,4;0,01592996
569999,9;0,01592839
570016,6;0,01592281
570033,8;0,01592211
570049,7;0,01592083
570066,5;0,01592083
570082,8;0,01592264
570099,4;0,01592614
570115,9;0,01592963
570132,5;0,01593203
570149,1;0,01593647
570165,6;0,01593647
570182,2;0,01593896
570198,8;0,01594124
570215,4;0,01594721
570232,4;0,01595161
570248,5;0,01596006
570265;0,01596512
570281,6;0,0159694
570298,4;0,01597245
570315,1;0,01597796
570331,3;0,01598003
570348,6;0,01598475
570364,6;0,01598717
570381;0,01599149
570397,6;0,01599363
570416,9;0,01599525
570430,8;0,01600025
570447,6;0,01600455
570463,8;0,01600861
570480,4;0,01600861
570497,1;0,0160106
570513,6;0,01601612
570530,1;0,01601925
570546,6;0,01601925
570563,4;0,01602447
570580,1;0,01602715
570596,8;0,01602801
570613,3;0,01602963
570629,5;0,01603511
570646,1;0,0160382
570662,7;0,01604002
570679,2;0,01604002
570696,2;0,01604574
570712,3;0,01604632
570728,9;0,01604955
570745,5;0,01605233
570762;0,01605521
570779,1;0,0160568
570795,6;0,01605865
570811,7;0,0160603
570828,3;0,0160606
570845,1;0,01606144
570861,6;0,01606598
570878;0,01607186
570894,6;0,0160727
570911,3;0,0160759
570927,7;0,01607768
570944,3;0,01608028
570960,8;0,01608154
570977,6;0,01608401
570993,9;0,01608514
571010,5;0,01608514
571027,4;0,01609007
571043,6;0,01609007
571060,3;0,01609286
571077,1;0,01609487
571093,4;0,01609672
571110,4;0,01609792
571126,4;0,01609906
571143,7;0,01609906
571159,6;0,01609906
571176,3;0,01610203
571193,6;0,01610766
571209,4;0,01610921
571226,3;0,01611138
571242,4;0,01611371
571259,4;0,01611371
571276;0,0161161
571292,2;0,01611866
571308,8;0,0161205
571325,5;0,01612225
571341,9;0,01612225
571358,4;0,0161259
571375;0,01612732
571391,6;0,01613101
571408,1;0,0161314
571429,7;0,01613285
571443,3;0,01613366
571459,9;0,01613498
571476,4;0,01613572
571493,1;0,01613724
571509,8;0,01614205
571526,2;0,01614474
571542,8;0,01614652
571559,3;0,01614746
571575,9;0,01614933
571592,4;0,01615053
571609,3;0,01615201
571625,9;0,0161534
571642,1;0,0161534
571658,7;0,01615347
571675,3;0,0161536
571691,8;0,01615273
571708,4;0,01615251
571725;0,01615251
571741,5;0,01615231
571758,1;0,01615231
571774,9;0,01615322
571791,3;0,01615377
571808,3;0,016155
571824,3;0,01615571
571841,3;0,01615642
571857,5;0,01615737
571874,1;0,01615876
571891;0,01615979
571907,3;0,01616046
571923,8;0,01616046
571940,6;0,01616011
571956,9;0,01615884
571973,8;0,01615875
571990,1;0,01615529
572006,8;0,01615207
572023,2;0,01614643
572039,8;0,01614109
572056,4;0,01613649
572072,9;0,01613649
572089,4;0,01613268
572106;0,01612982
572122,6;0,01612882
572139,2;0,01611771
572155,7;0,01610419
572172,3;0,01609961
572189,6;0,01609654
572205,9;0,0160908
572222;0,01608653
572238,5;0,01608164
572255,1;0,01607608
572271,7;0,01607363
572288,2;0,01606867
572305;0,01606498
572321,4;0,01606188
572337,9;0,01606101
572354,5;0,01605641
572371,4;0,01605241
572387,6;0,01604803
572404,3;0,01604544
572420,8;0,01604544
572437,3;0,01603706
572453,9;0,01603408
572470,4;0,01602965
572487,3;0,01602674
572503,6;0,01602334
572520,4;0,01602163
572537,6;0,01601819
572553,4;0,01601641
572569,9;0,01601563
572586,4;0,0160138
572602,9;0,01601137
572619,6;0,01600987
572636,2;0,01600941
572652,7;0,01600941
572669,6;0,0160083
572685,9;0,01600728
572702,4;0,01600698
572718,9;0,01600659
572735,6;0,01600656
572752,3;0,01600656
572768,7;0,01600656
572785,2;0,01600742
572801,8;0,01600797
572818,4;0,01600686
572835,2;0,01600693
572851,5;0,01600696
572868,1;0,01600696
572884,6;0,01600711
572901,6;0,01600677
572917,8;0,0160066
572934,3;0,01600666
572950,9;0,01600627
572967,4;0,01600623
572984;0,01600578
573000,6;0,01600581
573017,8;0,01600542
573033,8;0,01600496
573050,3;0,01600446
573066,8;0,0160041
573084,1;0,01600394
573100;0,01600361
573116,6;0,01600345
573133,3;0,01600374
573149,8;0,01600391
573166,3;0,01600404
573183,6;0,01600429
573199,4;0,01600391
573216,5;0,01600381
573232,6;0,01600387
573249,1;0,01600342
573265,7;0,01600309
573282,8;0,01600293
573298,8;0,01600289
573315,6;0,0160023
573331,9;0,01600132
573348,5;0,016001
573365,1;0,016001
573381,6;0,01600073
573398,5;0,01600073
573415,3;0,01600077
573431,3;0,01600277
573447,9;0,01600521
573464,5;0,01600726
573481;0,01600945
573498,2;0,01601041
573514,5;0,0160111
573531,8;0,01601402
573547,3;0,01601511
573563,8;0,01601537
573580,4;0,01601866
573597,1;0,01602091
573613,6;0,01602204
573630,1;0,01602617
573647,1;0,01602772
573663,3;0,01603061
573680,4;0,0160347
573696,4;0,01603714
573713,2;0,01603822
573729,6;0,01604811
573746,1;0,01605363
573762,9;0,01605788
573779,4;0,01606107
573795,8;0,01606107
573812,4;0,01606585
573828,9;0,01607269
573845,5;0,01607653
573862,1;0,0160805
573879,1;0,01608564
573895,2;0,01608989
573911,8;0,01609197
573928,8;0,01609741
573944,9;0,01610691
573961,5;0,01611582
573978,8;0,01612057
573994,6;0,01612661
574011,2;0,01612661
574027,7;0,01613174
574044,5;0,01613174
574061,1;0,01615153
574077,4;0,01617306
574094,1;0,01618198
574110,6;0,01619203
574127,1;0,01619664
574143,8;0,01620385
574160,3;0,0162061
574176,8;0,01621119
574193,4;0,01622442
574209,9;0,01623221
574226,6;0,01623763
574243,1;0,0162442
574259,6;0,01625202
574276,3;0,01625584
574292,8;0,0162607
574309,4;0,0162624
574325,9;0,0162624
574342,4;0,01627818
574359,1;0,01628205
574375,6;0,01629159
574392,2;0,01629665
574408,9;0,01630418
574425,9;0,01630418
574441,9;0,01631089
574458,4;0,01631805
574475,3;0,01631805
574491,6;0,01633133
574508,2;0,01633182
574524,8;0,016338
574544,1;0,01634337
574557,9;0,01634801
574574,4;0,01635077
574591,3;0,01635516
574607,6;0,0163574
574624,1;0,0163574
574640,7;0,0163574
574657,5;0,01635922
574673,8;0,01635922
574690,4;0,01636334
574707,4;0,01637109
574723,8;0,01637616
574740,1;0,01637746
574757,3;0,01637997
574773,3;0,01637997
574789,8;0,01638283
574806,4;0,01638624
574823,1;0,01638812
574839,9;0,01638949
574857,1;0,01639338
574872,8;0,01639585
574889,3;0,01639829
574905,8;0,01640084
574922,6;0,01640343
574939;0,01640614
574955,4;0,01641023
574972,1;0,01641207
574988,6;0,01641565
575005,2;0,01641565
575021,8;0,01642034
575038,3;0,01642378
575054,9;0,01642716
575071,4;0,01643104
575088,6;0,0164334
575104,6;0,01643671
575121,1;0,0164399
575138,2;0,01644344
575154,5;0,01644589
575170,8;0,01644908
575187,4;0,01645134
575204;0,01645134
575220,5;0,01645908
575237,1;0,01646102
575253,7;0,01646386
575270,4;0,01646714
575286,9;0,01646714
575303,4;0,01646931
575320;0,01646968
575336,5;0,01647575
575353,1;0,0164842
575369,6;0,01648782
575386,2;0,01648977
575402,8;0,01648977
575419,4;0,01649225
575436,6;0,01649627
575453,1;0,01649695
575469,1;0,01649797
575486,1;0,01649946
575502,1;0,01649973
575518,8;0,01650095
575535,6;0,01650394
575552,6;0,016505
575568,6;0,01650666
575585,6;0,01650897
575602,2;0,01650999
575618,9;0,01651179
575635,3;0,01651261
575651,9;0,01651441
575668,4;0,01651567
575685,3;0,01651632
575701,6;0,01651741
575718,1;0,01651793
575735,6;0,01651817
575751,5;0,01651792
575767,8;0,01651703
575784,4;0,01651706
575800,9;0,01651706
575817,8;0,01651713
575834,1;0,01651696
575850,7;0,01651679
575867,6;0,01651668
575883,8;0,01651589
575900,5;0,01651572
575917,3;0,01651541
575933,6;0,01651541
575950,1;0,01651503
575966,8;0,01651485
575983,8;0,01651312
575999,8;0,01651198
576016,5;0,01651143
576032,9;0,01651153
576049,5;0,01651184
576066,1;0,01651277
576082,6;0,01651417
576099,2;0,0165151
576115,9;0,01651626
576132,3;0,01651848
576149;0,01652162
576165,4;0,01652162
576182,3;0,01652507
576198,6;0,0165261
576215,2;0,01652793
576231,8;0,01653391
576248,3;0,01653598
576265,2;0,0165387
576281,6;0,01654148
576298;0,01654539
576314,6;0,01654539
576331,1;0,01654862
576347,6;0,01655166
576364,3;0,01655476
576381,3;0,01655623
576397,5;0,01655947
576413,9;0,01656104
576430,8;0,01656377
576447,1;0,0165664
576463,6;0,01656866
576480,3;0,01656897
576496,8;0,0165717
576514,2;0,0165717
576529,9;0,01657454
576546,8;0,01657766
576563,4;0,01657766
576579,6;0,0165781
576596,3;0,01657893
576612,8;0,01658133
576629,9;0,01658369
576645,9;0,01658746
576662,5;0,01658863
576679,3;0,01658863
576695,6;0,01659217
576712,2;0,0165945
576729,1;0,01659577
576745,3;0,0165974
576761,8;0,01659933
576778,4;0,01660164
576795;0,01660263
576811,6;0,01660367
576828,1;0,01660553
576844,7;0,01660722
576861,3;0,01660894
576877,8;0,01661014
576894,9;0,01661193
576910,9;0,01661266
576927,8;0,01661266
576944,2;0,01661477
576961;0,01661556
576977,3;0,01661556
576993,8;0,01661777
577010,4;0,01662426
577026,9;0,01662843
577044;0,01662843
577060,1;0,01663272
577076,8;0,01664251
577093,2;0,01665103
577109,9;0,01665299
577126,3;0,01665984
577143,4;0,01666594
577160,1;0,01667227
577176,7;0,01667523
577192,6;0,01667857
577209,8;0,0166791
577226,4;0,01668188
577242,3;0,01668525
577259,1;0,01669676
577275,6;0,01670474
577292,1;0,01670809
577308,7;0,01671745
577325,1;0,01672121
577341,7;0,01672121
577358,3;0,01672348
577374,8;0,01673266
577391,4;0,01674194
577408,5;0,01674597
577424,6;0,01675215
577441,1;0,01675914
577457,7;0,01676348
577474,3;0,01676767
577491,3;0,01677463
577507,5;0,01677596
577524,1;0,0167864
577541,2;0,01678815
577557,1;0,01679603
577574;0,0167976
577590,9;0,01680509
577606,8;0,01680509
577623,6;0,01680822
577639,9;0,01681191
577656,4;0,01682519
577673,1;0,01683289
577689,6;0,01683647
577706,2;0,016841
577722,7;0,01684767
577739,9;0,01685165
577755,9;0,01685165
577772,4;0,01686731
577789;0,01687321
577805,6;0,01687853
577822,7;0,01688605
577839,1;0,01688605
577855,6;0,01688982
577871,9;0,01689011
577888,9;0,01689337
577905,3;0,01690319
577921,5;0,01690319
577938,1;0,01690931
577954,6;0,01691315
577971,3;0,0169143
577988,3;0,01691485
578004,3;0,01691485
578020,9;0,01691502
578037,8;0,01691458
578054,1;0,01691437
578070,7;0,01691399
578087,2;0,01691371
578103,8;0,01691313
578120,8;0,01691236
578137;0,01691206
578154,3;0,01691133
578170,1;0,01691123
578186,6;0,0169113
578203,3;0,01691147
578220,5;0,01691147
578236,3;0,01691321
578252,9;0,0169145
578269,4;0,01691477
578286;0,01691516
578302,6;0,01691454
578319,5;0,01691454
578336;0,01691227
578352,3;0,016911
578368,8;0,01690942
578385,4;0,01690845
578402;0,0169077
578418,6;0,0169077
578435,1;0,01690653
578451,7;0,01690594
578468,2;0,01690511
578484,8;0,01690511
578501,3;0,01690518
578517,9;0,01690518
578534,5;0,01690549
578551,1;0,01690738
578567,6;0,01691025
578584,2;0,01691236
578600,8;0,01691407
578617,8;0,01691552
578633,9;0,01691552
578650,4;0,01691837
578667;0,01692089
578683,6;0,01692234
578700,1;0,01692477
578716,8;0,01692477
578733,3;0,01692558
578749,9;0,01692932
578766,9;0,01693148
578782,9;0,01693399
578799,6;0,01693519
578816,2;0,01693681
578832,7;0,0169377
578849,3;0,0169377
578865,9;0,01694321
578882,4;0,01694455
578899,6;0,01694597
578915,5;0,0169501
578932,1;0,01695243
578948,7;0,01695381
578965,2;0,01695576
578981,8;0,0169575
578998,4;0,01695883
579014,9;0,01695923
579031,8;0,01695955
579048,3;0,01696003
579064,6;0,01696037
579081,4;0,01696082
579097,8;0,01696082
579114,3;0,01696267
579130,9;0,01696267
579147,8;0,01696267
579164;0,01696568
579180,6;0,01697279
579197,4;0,01698267
579213,8;0,01698782
579230,4;0,0169923
579246,8;0,01699359
579263,9;0,01699425
579279,9;0,01699367
579297,1;0,01699152
579313,1;0,01699001
579329,7;0,01699001
579346,3;0,01698795
579362,9;0,01697668
579379,4;0,01696982
579395,9;0,01696982
579412,6;0,01696194
579429,1;0,01695333
579445,7;0,0169498
579462,4;0,01693698
579478,8;0,01692965
579495,4;0,01692537
579512,6;0,01692106
579528,5;0,01691876
579545,1;0,01690801
579561,6;0,01690418
579578,2;0,01690298
579594,8;0,0169025
579611,3;0,01690243
579627,9;0,01690446
579644,5;0,01690699
579661;0,01691009
579677,6;0,01691184
579694,9;0,01691523
579711;0,01691523
579727,3;0,0169192
579744,8;0,01692553
579760,4;0,01692553
579777,3;0,01692771
579793,6;0,01692989
579810,4;0,01693165
579827,3;0,01693993
579843,8;0,01694235
579860,5;0,0169451
579876,4;0,0169473
579892,9;0,01695097
579909,8;0,01695284
579926,1;0,01695284
579942,6;0,0169565
579959,3;0,01695804
579975,8;0,01696203
579992,4;0,0169626
580008,9;0,01696568
580026,6;0,01696677
580042,1;0,01696878
580058,6;0,01696878
580075,5;0,01697152
580092,4;0,01697205
580108,3;0,01697339
580125,2;0,01697405
580142,4;0,01697494
580158,4;0,01697494
580174,6;0,01697525
580191,2;0,01697546
580207,7;0,01697476
580224,5;0,01697386
580241,1;0,01697271
580257,4;0,0169717
580274;0,01697125
580290,8;0,01697129
580307,5;0,01697177
580323,7;0,01697288
580340,6;0,01697421
580356,8;0,01697476
580373,4;0,01697585
580389,9;0,01697637
580406,5;0,01697597
580423,1;0,01697657
580439,8;0,01697661
580456,3;0,0169768
580472,8;0,01697681
580489,4;0,01697441
580505,9;0,0169737
580522,4;0,01697186
580539,1;0,01697071
580555,6;0,01696939
580572,2;0,01696615
580588,9;0,01696174
580605,6;0,01695952
580623,3;0,01695342
580638,4;0,01695383
580655;0,01694163
580672;0,01693826
580688,2;0,01692923
580704,7;0,01691915
580721,3;0,01691112
580737,9;0,01690434
580754,4;0,01689981
580771,5;0,0168989
580788,2;0,01688279
580804,1;0,01688093
580820,7;0,01687556
580837,3;0,01686136
580853,8;0,01685293
580870,4;0,01684842
580887,6;0,01684842
580903,5;0,01683588
580920,1;0,01682529
580936,6;0,01682098
580953,3;0,0168163
580969,8;0,01681162
580986,8;0,01679736
581003,2;0,0167875
581020,2;0,01678011
581036,1;0,01677707
581052,6;0,01677062
581069,4;0,01677062
581085,8;0,01676495
581102,3;0,01673686
581118,9;0,01672019
581135,5;0,01670559
581152,1;0,01669006
581168,6;0,01668173
581185,2;0,01667343
581201,8;0,01665749
581218,5;0,01664161
581234,9;0,0166346
581251,4;0,01662184
581268,1;0,01662184
581284,6;0,01661197
581301,1;0,01660175
581317,7;0,01659805
581334,5;0,01659321
581350,8;0,01659019
581367,4;0,01658792
581384,4;0,01658651
581400,5;0,01658651
581417,5;0,01658446
581433,9;0,01658446
581450,3;0,01658459
581466,8;0,01658523
581483,3;0,01658543
581500,1;0,01658427
581516,5;0,01658349
581533,3;0,01658061
581549,6;0,016577
581566,4;0,01657405
581582,8;0,016571
581599,3;0,01656992
581615,9;0,01655221
581632,5;0,01654059
581651,6;0,01653396
581666,3;0,01652166
581682,2;0,01652166
581698,8;0,01651465
581715,3;0,01650888
581731,9;0,01649686
581748,9;0,01647358
581765,1;0,01646706
581781,6;0,01645896
581798,1;0,01645141
581814,8;0,01644058
581831,4;0,0164359
581847,8;0,0164359
581865,3;0,01642568
581881;0,01641259
581897,5;0,01640918
581914,2;0,01640305
581930,7;0,01639824
581947,2;0,01639824
581964;0,01639508
581980,4;0,01639295
581997,6;0,01639295
582013,5;0,01639214
582030,1;0,01639045
582046,8;0,01639014
582063,2;0,01638972
582079,8;0,01638972
582096,3;0,0163894
582112,9;0,0163894
582129,4;0,01638954
582146,5;0,01638985
582162,6;0,01639034
582179,1;0,01639034
582195,8;0,01639052
582212,3;0,01639075
582229,1;0,01639187
582245,4;0,01639272
582261,9;0,01639319
582278,6;0,01639346
582295,1;0,01639367
582311,7;0,01639385
582328,3;0,01639385
582344,9;0,01639409
582361,5;0,01639419
582378;0,01639633
582394,5;0,0163978
582411,5;0,01639842
582427,7;0,01639977
582444,4;0,01640057
582460,8;0,01640125
582477,4;0,01640376
582493,9;0,01640535
582510,6;0,01640629
582527,7;0,01640629
582543,9;0,01640742
582560,3;0,01641181
582576,9;0,01641372
582593,3;0,01641692
582609,9;0,01641936
582626,4;0,01642255
582643;0,01642686
582659,6;0,01643314
582676,1;0,01643314
582693,7;0,01644322
582709,4;0,01644929
582725,9;0,01645283
582742,5;0,01645799
582759,2;0,01647026
582775,6;0,0164741
582792,2;0,01647628
582809,1;0,01648979
582825,3;0,01649715
582841,9;0,01650099
582858,4;0,01650581
582874,9;0,01651104
582891,8;0,01651849
582908,1;0,0165222
582924,7;0,01652927
582941,8;0,01653355
582957,8;0,01653664
582974,4;0,01654008
582990,9;0,01654008
583007,6;0,01654887
583024,3;0,01655816
583041,3;0,0165672
583057,7;0,01657275
583073,8;0,01657995
583090,3;0,0165845
583107;0,01659165
583124;0,01659588
583140;0,01659588
583157,3;0,01661053
583173,3;0,01661418
583189,7;0,01662024
583206,3;0,01662088
583222,8;0,01662458
583239,8;0,01662755
583256;0,01663768
583272,6;0,01664221
583289,1;0,01664797
583306,3;0,01665326
583322,4;0,01665593
583338,8;0,01665832
583356,1;0,0166644
583371,9;0,01666635
583388,5;0,01667141
583405,4;0,01667626
583421,6;0,01667855
583438,3;0,01668291
583454,8;0,0166874
583471,4;0,01668959
583488,4;0,01669287
583504,4;0,01669673
583521,1;0,01669673
583537,6;0,01670192
583554,3;0,01670912
583570,8;0,0167127
583587,3;0,01671687
583604,4;0,01671687
583620,4;0,0167195
583637,4;0,0167195
583654;0,01672301
583670,2;0,01673114
583687,1;0,01673568
583703,9;0,01673868
583719,9;0,01673868
583736,4;0,01674164
583753;0,01674317
583769,5;0,01674379
583786,1;0,01674421
583802,7;0,01674432
583819,3;0,01674529
583835,8;0,01674568
583852,8;0,01674613
583868,9;0,01674638
583885,5;0,01674697
583902,1;0,01674725
583918,8;0,01674799
583935,3;0,01674869
583951,8;0,01674869
583968,3;0,01674946
583984,9;0,0167502
584001,4;0,01675055
584018,1;0,01675083
584034,6;0,01675129
584051,5;0,01675129
584068,3;0,01675276
584084,6;0,01675392
584101,4;0,01675448
584117,4;0,016755
584134,1;0,01675528
584150,6;0,01675683
584167,8;0,01675784
584183,8;0,0167584
584200,3;0,01675897
584216,9;0,01675984
584233,4;0,01676044
584250;0,01676044
584267,1;0,01676044
584283,1;0,01676093
584299,7;0,01676282
584316,3;0,01676472
584333;0,0167658
584349,4;0,01676637
584366,4;0,01676784
584382,5;0,01676893
584399,1;0,01676938
584415,7;0,01676966
584432,2;0,01676974
584448,8;0,01676981
584465,3;0,01676987
584482,1;0,01676984
584498,5;0,01676967
584515,6;0,01676949
584532,4;0,01676886
584548,2;0,01676886
584564,8;0,01676886
584581,3;0,01676745
584597,9;0,01676717
584614,6;0,01676661
584631,1;0,01676661
584647,6;0,01676466
584664,1;0,01676466
584680,8;0,01676312
584698,6;0,01676198
584713,9;0,01676069
584730,4;0,01675964
584747,6;0,01675877
584763,7;0,01675877
584780,1;0,01675685
584796,7;0,0167548
584813,3;0,0167532
584829,8;0,0167532
584846,8;0,01675132
584863;0,01675059
584879,5;0,01675059
584896,1;0,0167501
584912,7;0,0167494
584929,2;0,01674905
584945,8;0,01674678
584962,5;0,01674563
584979,1;0,01674563
584995,8;0,01674465
585012;0,01674409
585028,6;0,01674402
585045,2;0,01674353
585061,8;0,0167429
585078,3;0,0167429
585095;0,01674185
585111,4;0,01674087
585128;0,01674013
585144,6;0,01673964
585161,1;0,01673932
585178;0,01673813
585194,3;0,01673789
585210,9;0,01673754
585227,4;0,01673736
585243,9;0,01673725
585261,1;0,01673697
585277,1;0,01673694
585293,7;0,01673697
585310,3;0,01673697
585327,3;0,01673757
585343,4;0,01673789
585360;0,0167387
585376,5;0,01673984
585393,1;0,01674083
585409,8;0,01674175
585426,2;0,01674274
585442,8;0,01674274
585459,4;0,01674544
585476;0,01674636
585492,6;0,01674796
585509,1;0,01675034
585525,6;0,01675034
585542,2;0,01675133
585559;0,01675148
585575,4;0,01675368
585592,4;0,01675538
585608,9;0,01675659
585625,3;0,01676125
585641,8;0,01676424
585658,1;0,01676612
585674,8;0,01676751
585691,3;0,01676751
585707,9;0,01677196
585724,4;0,01677427
585740,9;0,01677609
585757,6;0,01677609
585774,1;0,01677768
585790,7;0,01678199
585807,3;0,01678476
585823,8;0,01678554
585840,4;0,01678845
585856,9;0,01679102
585873,6;0,01679258
585890,4;0,01679475
585906,7;0,01679475
585923,2;0,01679824
585939,8;0,01679927
585956,4;0,0168012
585972,9;0,01680291
585989,5;0,0168043
586006,1;0,0168064
586022,6;0,01680743
586039,2;0,01680743
586055,8;0,01681106
586072,3;0,01681238
586088,9;0,01681342
586105,7;0,01681516
586122;0,01681687
586138,8;0,01681772
586156,2;0,01681772
586171,7;0,01681847
586188,3;0,01681943
586204,8;0,01681943
586221,4;0,01681943
586238;0,01682177
586254,8;0,01682448
586271,3;0,01682711
586288,3;0,0168306
586304,3;0,01683068
586321,4;0,01683253
586337,4;0,01683421
586353,9;0,01683559
586370,6;0,01683595
586387,1;0,01683777
586403,6;0,01683905
586420,4;0,01684139
586436,8;0,01684253
586453,5;0,01684515
586470;0,01684651
586486,5;0,01684789
586503,1;0,01684849
586519,6;0,01684924
586536,4;0,01685279
586553;0,01685805
586569,4;0,01685973
586585,9;0,01686268
586602,5;0,01686587
586619;0,01686587
586635,6;0,01687069
586652,2;0,01687321
586668,9;0,016877
586685,3;0,01688061
586701,8;0,01688305
586718,4;0,01688531
586735;0,01688828
586751,5;0,01689308
586768,1;0,01689354
586784,7;0,0168957
586801,3;0,0168957
586817,8;0,0168957
586834,4;0,0168957
586851,2;0,01690099
586867,9;0,01691004
586884,1;0,01691762
586900,6;0,01691938
586918;0,01692343
586934,4;0,01692343
586950,4;0,01692962
586966,9;0,01693367
586983,6;0,016937
587000,1;0,01693932
587016,8;0,01694074
587033,2;0,01694238
587049,8;0,0169476
587066,6;0,01694953
587082,9;0,01694953
587099,4;0,01695601
587116,1;0,01695899
587132,6;0,01695978
587149,4;0,01696437
587165,7;0,01696783
587182,9;0,01696979
587198,9;0,01696979
587215,8;0,01697214
587232;0,01697561
587248,6;0,01697964
587265,1;0,01698271
587281,7;0,01698271
587298,9;0,01698582
587314,8;0,01698829
587331,8;0,01698937
587347,9;0,0169927
587364,5;0,01699371
587381,1;0,01699483
587397,6;0,01699522
587414,3;0,01699641
587430,9;0,01699781
587447,8;0,01699803
587464,1;0,01699843
587481,3;0,0169989
587497,1;0,01700084
587513,6;0,01700178
587530,2;0,01700254
587546,8;0,01700297
587563,6;0,01700395
587580,5;0,0170046
587596,4;0,01700583
587613,1;0,01700652
587629,6;0,01700681
587646,2;0,01700699
587663,6;0,01700728
587679,3;0,01700753
587695,9;0,01700811
587712,4;0,01700862
587729,1;0,01700919
587749,6;0,01700949
587762,1;0,01700995
587778,7;0,01701025
587795,3;0,01701075
587811,8;0,01701148
587828,4;0,01701184
587845;0,01701202
587861,5;0,01701256
587878,5;0,01701314
587894,9;0,01701347
587911,5;0,0170139
587927,8;0,0170143
587944,3;0,0170143
587960,9;0,01701579
587977,5;0,01701866
587994,1;0,01701892
588010,6;0,01702154
588027,3;0,01702396
588043,8;0,01702487
588060,3;0,01703114
588076,9;0,01703122
588093,4;0,01703402
588110,2;0,01703537
588126,6;0,01703677
588143,2;0,01704645
588159,8;0,01705115
588176,3;0,01705679
588192,9;0,01707168
588209,4;0,01707168
588226,3;0,01707677
588242,6;0,01708912
588259,2;0,01709163
588275,7;0,0171013
588293,1;0,01710481
588308,8;0,01711195
588325,4;0,01711543
588342;0,01712174
588358,5;0,01712742
588375,2;0,01713279
588391,7;0,01713735
588408,2;0,01714363
588424,8;0,0171471
588441,4;0,0171471
588457,9;0,01715398
588474,9;0,01716399
588491;0,01716931
588507,6;0,01717425
588524,8;0,01717425
588540,8;0,01718713
588558,2;0,01718713
588573,9;0,01719229
588590,4;0,01720019
588607,6;0,01720648
588624,5;0,01721003
588640,1;0,01721277
588656,8;0,01721277
588673,7;0,01722047
588689,9;0,0172286
588706,4;0,01723155
588723,1;0,01723328
588739,6;0,01723482
588756,1;0,01723837
588773,4;0,01724762
588789,8;0,01725439
588806,3;0,0172636
588822,9;0,01726988
588839,5;0,01727291
588856,1;0,01727947
588872,8;0,01727947
588889,2;0,01728982
588906,1;0,01729311
588922,3;0,01729311
588938,8;0,01730502
588955,4;0,01730772
588972;0,01731432
588988,6;0,01731902
589005,1;0,01732345
589022;0,01732648
589038,2;0,01733305
589054,8;0,01733624
589071,4;0,01733624
589088,3;0,01734868
589105,2;0,01735311
589121,4;0,01735717
589137,8;0,01736123
589154,2;0,01736123
589170,8;0,01736736
589187,3;0,01737393
589203,9;0,01738187
589221,3;0,01738304
589237,1;0,01738856
589253,6;0,01739529
589270,1;0,01739845
589286,9;0,01740386
589303,3;0,01741115
589319,9;0,01741709
589336,6;0,01742043
589353;0,01742448
589369,6;0,01742872
589386,8;0,01742872
589402,7;0,01743319
589419,3;0,01744384
589435,9;0,01746971
589452,4;0,01748375
589469;0,01749649
589485,6;0,01750703
589502,7;0,01751628
589519,3;0,0175247
589535,2;0,0175467
589551,8;0,01755415
589568,4;0,01756202
589584,9;0,01756666
589601,5;0,01759217
589618,1;0,01760129
589634,8;0,01761413
589651,9;0,01762918
589667,8;0,01763773
589684,3;0,01765268
589701,1;0,01766058
589717,6;0,01767485
589734,1;0,01768317
589750,6;0,01769829
589767,1;0,01770602
589784,1;0,01770602
589801,8;0,01771763
589816,9;0,01773547
589834,4;0,01774219
589850;0,01776566
589867,4;0,01778055
589883,1;0,01778825
589900,3;0,01780431
589916,3;0,01781023
589932,9;0,01782545
589949,9;0,01783978
589965,9;0,01784715
589982,6;0,01785618
589999,5;0,01786098
590015,7;0,01786806
590032,3;0,01786806
590049,3;0,01787556
590065,8;0,01790325
590081,9;0,01791835
590098,5;0,01792432
590115,1;0,0179351
590131,6;0,01794571
590148,2;0,01795201
590164,8;0,01796277
590181,3;0,01796277
590197,9;0,01796837
590214,6;0,01798468
590231,4;0,01799558
590247,6;0,01800372
590264,8;0,01801191
590280,8;0,01802282
590297,3;0,01802799
590313,8;0,01804017
590330,4;0,01804544
590347;0,01805616
590363,6;0,01806133
590380,1;0,01806893
590396,8;0,01807755
590413,3;0,01807755
590430;0,01809428
590446,8;0,01810466
590462,9;0,01811211
590479,6;0,01812034
590496,1;0,01813124
590512,8;0,01813124
590529,9;0,01814317
590545,8;0,01815506
590562,4;0,01816305
590579,2;0,018168
590595,5;0,01817839
590612,1;0,01818438
590628,9;0,01819424
590645,2;0,01819424
590661,8;0,01819963
590678,4;0,01819963
590694,9;0,0182171
590711,5;0,01822965
590728,2;0,01824379
590744,7;0,01824993
590761,5;0,01824993
590778,3;0,01826039
590794,8;0,01827071
590810,9;0,01827492
590827,4;0,01828212
590844,1;0,01828251
590860,6;0,01829268
590877,1;0,01829558
590893,8;0,01829558
590910,4;0,01829932
590927,4;0,01831209
590943,4;0,01831706
590959,9;0,01831846
590976,6;0,01832166
590993,1;0,01833129
591009,6;0,01833694
591026,3;0,01833796
591042,8;0,01834562
591059,4;0,01834805
591075,9;0,01834805
591092,6;0,01835733
591109,6;0,01835942
591125,6;0,01836317
591142,2;0,01836317
591158,8;0,01836658
591175,4;0,01836982
591191,9;0,01836982
591208,5;0,01837336
591225,1;0,01837689
591241,6;0,01837849
591258,2;0,01838187
591274,8;0,01838187
591292;0,01838345
591307,9;0,01838479
591324,4;0,01838479
591341,6;0,01838731
591357,8;0,01838934
591374,1;0,01839227
591390,7;0,01839171
591407,3;0,01838787
591423,8;0,01838583
591440,6;0,01838125
591457;0,01837846
591473,5;0,01837694
591490,1;0,01837136
591506,9;0,01836
591523,3;0,01835509
591539,8;0,01834824
591556,4;0,01834507
591572,9;0,0183379
591589,5;0,01833443
591606,1;0,01833122
591622,7;0,0183243
591639,3;0,01831801
591655,8;0,01831451
591672,4;0,0183078
591688,9;0,01830052
591705,4;0,0182969
591722,1;0,01829367
591738,6;0,01828656
591755,2;0,01827873
591771,8;0,01827139
591788,3;0,01826819
591804,9;0,01826819
591821,8;0,01825829
591838,2;0,01825472
591854,6;0,0182473
591871,1;0,01823993
591887,7;0,01823592
591904,3;0,01822823
591920,8;0,01822823
591937,8;0,01822823
591954;0,01822823
591970,5;0,01822415
591987,1;0,01820742
592003,7;0,01819139
592020,4;0,01818751
592037,3;0,01818576
592053,4;0,01817705
592069,9;0,01816537
592086,5;0,0181563
592103,1;0,01815138
592119,6;0,01814185
592136,8;0,01813662
592152,8;0,0181291
592169,3;0,01811503
592186,1;0,0181093
592202,6;0,0181093
592219,4;0,01809328
592236,2;0,01808122
592252,3;0,01807594
592269,1;0,01806498
592285,3;0,01805774
592301,9;0,01804762
592318,4;0,01803681
592335;0,01803094
592351,6;0,01803094
592368,2;0,01801777
592384,7;0,01800437
592401,4;0,01799896
592417,9;0,0179939
592434,4;0,0179939
592451;0,01798275
592467,6;0,01797559
592484,4;0,01795697
592500,7;0,01795054
592517,5;0,01793987
592533,8;0,01792927
592550,4;0,0179232
592566,9;0,0179232
592583,5;0,01791783
592600,1;0,01791306
592616,9;0,01790231
592633,2;0,01789159
592649,9;0,01788898
592666,3;0,01788898
592683,3;0,01787998
592699,4;0,01787849
592716,3;0,01787656
592732,6;0,01787656
592749,1;0,01787155
592765,8;0,01787171
592782,3;0,01786864
592798,9;0,01786782
592815,4;0,01786579
592832,6;0,01786418
592848,6;0,01786356
592865,1;0,01785919
592882,1;0,01785295
592898,3;0,01784955
592914,9;0,01784675
592931,6;0,01784211
592948,3;0,01783722
592965,2;0,01783722
592981,1;0,01783432
592998,1;0,0178264
593014,3;0,01782142
593031;0,01781774
593047,4;0,01781774
593063,9;0,01781214
593080,5;0,01780489
593097,1;0,01780147
593114;0,01779809
593130,8;0,01779437
593146,8;0,01779235
593163,5;0,01779073
593179,9;0,01778636
593196,5;0,01778553
593213,6;0,01778395
593229,6;0,01778395
593246,6;0,01778245
593263,6;0,01777574
593279,3;0,01777574
593295,8;0,01777255
593312,4;0,01776669
593329,1;0,01776464
593346,3;0,01776221
593362,4;0,01776221
593378,8;0,01776079
593395,3;0,01775639
593412,3;0,01775435
593428,4;0,01775211
593445,1;0,01774931
593461,6;0,01774813
593478,1;0,01774735
593494,7;0,01774263
593511,3;0,0177411
593527,8;0,01773866
593544,4;0,01773641
593561,4;0,01773523
593577,8;0,01773409
593594,3;0,0177317
593610,7;0,01773044
593627,3;0,01772965
593643,9;0,01772557
593660,3;0,01772397
593677,4;0,01772318
593693,5;0,01772318
593710;0,01771895
593726,8;0,01771742
593743,2;0,01771577
593759,8;0,01771499
593776,6;0,01771484
593793,1;0,01771311
593809,4;0,01771025
593826;0,0177079
593842,6;0,0177079
593859,1;0,01770696
593875,8;0,01770696
593892,3;0,01770696
593915,4;0,01770442
593932,5;0,01770115
593948,6;0,01769958
593965,1;0,01769896
593981,7;0,01769849
593998,3;0,01769849
594014,9;0,01769689
594031,4;0,01769603
594048;0,01769525
594064,5;0,01769494
594081,1;0,01769494
594097,6;0,01769444
594114,4;0,01769385
594130,8;0,01769389
594147,5;0,01769424
594163,9;0,01769467
594180,9;0,01769483
594197,1;0,01769483
594213,6;0,01769506
594230,5;0,01769549
594246,8;0,01769552
594263,3;0,01769592
594279,9;0,01769623
594296,6;0,01769689
594313,1;0,0176974
594329,6;0,0176981
594346,2;0,01769896
594363;0,01769943
594379,8;0,01769943
594395,9;0,01769997
594412,4;0,01770107
594429,2;0,01770216
594445,6;0,01770313
594462,2;0,01770399
594478,7;0,01770427
594495,6;0,01770427
594511,8;0,01770427
594528,5;0,0177059
594545;0,01770828
594561,6;0,01771007
594578,1;0,01771007
594594,7;0,01771015
594611,3;0,01770999
594627,9;0,01770548
594644,4;0,01770166
594660,9;0,01769909
594677,5;0,01769466
594694,1;0,01769215
594710,8;0,01768718
594727,2;0,01768431
594743,8;0,01767913
594760,3;0,01767589
594777;0,01767147
594793,6;0,01766802
594810,1;0,0176675
594826,6;0,01766412
594843,8;0,0176632
594859,8;0,01766232
594876,3;0,01766165
594892,9;0,01766149
594909,4;0,01766149
594926;0,01766196
594942,8;0,01766259
594959,1;0,01766334
594975,7;0,01766378
594992,7;0,01766532
595008,9;0,01766626
595025,4;0,01766952
595042,2;0,01767063
595058,8;0,01767283
595075,6;0,01767354
595091,7;0,01767625
595108,3;0,0176775
595124,8;0,0176775
595141,4;0,0176775
595158,3;0,01767856
595174,8;0,017681
595191,2;0,01768697
595207,6;0,01768839
595224,2;0,01769102
595240,8;0,01769102
595257,3;0,0176946
595274,1;0,01769668
595290,4;0,01769668
595307;0,01770101
595323,6;0,01770324
595340,1;0,01770631
595356,8;0,01770631
595373,4;0,01770914
595389,9;0,01771245
595406,6;0,01771552
595423;0,0177165
595439,6;0,0177165
595456,1;0,01772252
595472,7;0,01772429
595489,3;0,01772705
595505,9;0,01772918
595522,9;0,01772918
595538,9;0,01773539
595555,6;0,01773602
595572,1;0,01774032
595588,9;0,01774218
595605,5;0,01774522
595621,8;0,01774703
595638,4;0,01775014
595655,1;0,01775259
595671,5;0,01775551
595688,1;0,0177574
595704,8;0,01776088
595721,2;0,01776088
595737,8;0,01776455
595754,3;0,01776795
595770,9;0,01776795
595787,6;0,01776956
595804;0,01777055
595820,6;0,01777943
595837,2;0,01778224
595854;0,01778595
595870,4;0,01778595
595887,5;0,01779211
595903,4;0,01779353
595920,3;0,01779654
595937,4;0,01780108
595953,1;0,01780389
595970,1;0,0178065
595986,6;0,0178101
596002,8;0,01781227
596020,1;0,01781472
596035,9;0,01781579
596052,8;0,01781804
596069,1;0,01782327
596085,7;0,01782692
596102,5;0,01782937
596118,8;0,01783052
596135,4;0,01783294
596152,4;0,017837
596168,5;0,01783978
596185,1;0,01784192
596201,8;0,0178451
596218,2;0,01784733
596235,6;0,0178496
596251,3;0,01785167
596267,9;0,01785678
596284,5;0,01785916
596301;0,01786307
596317,6;0,01786459
596334,2;0,01786809
596350,8;0,01786989
596367,6;0,01787328
596383,9;0,01787683
596400,9;0,01787683
596417,1;0,0178785
596434,3;0,0178785
596450,1;0,0178813
596466,8;0,01788893
596483,3;0,01789297
596499,8;0,01789485
596516,4;0,01789825
596532,9;0,01790172
596549,8;0,01790172
596566,3;0,01790524
596582,8;0,01790852
596599,3;0,01791157
596615,8;0,01791325
596632,8;0,0179167
596648,9;0,0179167
596665,6;0,01792186
596682,1;0,01792498
596698,9;0,01792678
596715,2;0,01792855
596732,2;0,01792875
596748,6;0,0179318
596764,9;0,01793721
596781,9;0,0179399
596798,1;0,0179399
596814,6;0,01794107
596831,3;0,01794595
596847,9;0,01794832
596864,3;0,01795146
596880,9;0,01795146
596897,4;0,01795318
596914,2;0,01795797
596931,1;0,01796103
596947,4;0,01796288
596963,7;0,01796511
596980,3;0,01796907
596997,6;0,01797195
597013,4;0,01797646
597030,1;0,01797971
597046,6;0,01797971
597063,1;0,01797971
597079,6;0,01797971
597096,3;0,01797971
597113,3;0,01799586
597129,4;0,01801985
597145,9;0,01803697
597162,6;0,01804301
597179,1;0,01805639
597196,4;0,01806933
597212,3;0,01807607
597228,9;0,01807607
597245,4;0,01809487
597261,9;0,01810158
597278,9;0,01812131
597295,1;0,01812731
597311,8;0,01812731
597328,2;0,01812731
597344,8;0,01812731
597361,7;0,01814555
597377,9;0,01815788
597394,4;0,01817333
597411;0,01818226
597427,6;0,01818879
597444,1;0,01819179
597460,8;0,01819442
597477,8;0,01819738
597493,8;0,0182042
597510,4;0,01820578
597527,3;0,01821003
597543,7;0,01821265
597560,8;0,01821372
597576,7;0,01821699
597593,2;0,01822112
597610,1;0,01822452
597626,3;0,01822635
597643,4;0,01823016
597659,5;0,0182323
597676,1;0,0182323
597692,6;0,0182323
597709,2;0,01823422
597725,8;0,018235
597742,3;0,01824111
597758,9;0,01824811
597775,4;0,01824987
597792,1;0,01825579
597808,7;0,01825805
597825,4;0,01826313
597841,8;0,01826313
597858,8;0,0182703
597874,9;0,01827398
597891,4;0,01827971
597908,3;0,01828574
597924,6;0,01828864
597941,2;0,01829254
597957,7;0,01829741
597974,3;0,01829741
597993,3;0,0183007
598007,4;0,01831263
598024;0,01831734
598040,6;0,01831867
598057,1;0,01832335
598073,7;0,01833044
598090,3;0,01833456
598106,8;0,01833879
598123,4;0,01834351
598139,9;0,01834587
598156,5;0,0183508
598173,1;0,01835394
598189,6;0,01835522
598206,2;0,01836164
598222,8;0,01836367
598239,7;0,01836367
598255,9;0,01836774
598272,4;0,01837208
598289;0,01837208
598305,6;0,0183756
598322,1;0,0183756
598338,8;0,01837775
598355,4;0,0183784
598371,9;0,01838364
598388,4;0,01838828
598405;0,01839026
598421,6;0,0183986
598438,6;0,01839939
598454,9;0,01840283
598471,6;0,01840635
598488,5;0,01840971
598504,5;0,01841216
598521,3;0,01841498
598537,6;0,01841896
598554,1;0,0184207
598570,7;0,0184207
598587,5;0,01842432
598604;0,01842432
598620,4;0,01843116
598637,3;0,01843315
598653,5;0,01843389
598670,1;0,01843995
598686,6;0,01844335
598703,2;0,01844335
598720;0,01844788
598736,5;0,01845025
598753,4;0,01845025
598769,5;0,01845608
598786;0,01845676
598802,6;0,01845876
598819,2;0,01846316
598835,8;0,01846623
598852,3;0,01846781
598868,8;0,01846939
598885,4;0,01847259
598902;0,01847259
598918,8;0,01847687
598935,1;0,01847845
598951,8;0,01847974
598968,3;0,01847974
598984,8;0,01848099
599001,8;0,01848099
599017,9;0,01848461
599034,6;0,01848701
599051,1;0,01848762
599067,7;0,01848415
599084,3;0,01848052
599100,8;0,01847809
599117,4;0,018472
599133,9;0,0184671
599150,5;0,01846202
599167,1;0,0184587
599183,6;0,0184587
599200,2;0,01844768
599216,8;0,01844189
599233,3;0,01843343
599249,9;0,01843343
599266,5;0,01842952
599283;0,01841709
599299,6;0,01841154
599316,2;0,01840887
599332,7;0,01840147
599349,3;0,01839562
599365,9;0,01839308
599382,4;0,01838943
599399,1;0,01838943
599415,9;0,01838943
599432,5;0,01838569
599448,7;0,01838416
599465,3;0,01838366
599481,8;0,01838353
599498,8;0,01838341
599514,9;0,01838379
599531,8;0,01838416
599548,3;0,01838441
599564,7;0,01838479
599581,6;0,01838513
599598,2;0,01838554
599614,4;0,01838575
599630,9;0,018386
599648;0,01838713
599664,1;0,01838886
599680,9;0,01839007
599697,2;0,01839054
599714,1;0,01839142
599730,5;0,01839217
599747;0,01839263
599764;0,01839276
599780,8;0,01839431
599796,6;0,01839482
599813,2;0,01839498
599829,7;0,01839494
599846,3;0,01839439
599862,9;0,01839363
599879,5;0,01839354
599896,3;0,01839252
599912,6;0,0183912
599929,1;0,01839065
599945,7;0,01838907
599962,3;0,01838856
599978,8;0,01838771
599995,4;0,01838643
600011,9;0,01838643
600028,9;0,01838592
600045,4;0,01838392
600061,6;0,01838272
600078,5;0,01838225
600094,8;0,01838191
600111,4;0,01838081
600127,9;0,01838051
600144,5;0,01838047
600161,2;0,01838055
600178,4;0,01838077
600194,2;0,01838098
600210,8;0,01838119
600227,5;0,01838144
600243,9;0,01838157
600260,6;0,01838157
600277,3;0,01838157
600294;0,01838195
600310,2;0,01838425
600327,1;0,01838565
600343,8;0,0183862
600359,9;0,01838718
600376,4;0,01838756
600393;0,01838819
600409,6;0,01838883
600426,1;0,01838972
600442,7;0,01838972
600459,5;0,0183915
600475,8;0,01839227
600492,4;0,01839261
600509;0,01839261
600525,5;0,01839405
600542,1;0,01839503
600558,6;0,01839592
600575,3;0,01839639
600592,5;0,01839728
600608,7;0,01839774
600624,9;0,018398
600641,5;0,01839885
600658,4;0,01839902
600674,7;0,01840161
600691,3;0,01840238
600708,2;0,01840365
600724,4;0,01840365
600740,9;0,01840438
600758,1;0,01840689
600774,1;0,01840855
600790,8;0,01840991
600807,2;0,01841166
600823,8;0,01841298
600840,3;0,01841387
600857;0,01841553
600874,3;0,01841553
600890;0,01841656
600906,8;0,01841656
600923,2;0,01841788
600939,7;0,01841844
600956,3;0,01841917
600972,8;0,01842186
600989,4;0,01842659
601006,1;0,01842919
601026,1;0,01843
601042,6;0,01843261
601059,2;0,01843261
601076,2;0,01843508
601092,3;0,01843653
601108,9;0,01843764
601125,4;0,01843764
601142;0,01844127
601158,6;0,01844225
601175,5;0,01844404
601192,7;0,01844404
601208,3;0,01844584
601224,9;0,01844759
601241,4;0,01844921
601258;0,01845015
601274,6;0,01845215
601291,6;0,01845416
601307,7;0,01845531
601324,3;0,01845531
601341,2;0,01845829
601357,4;0,0184611
601373,9;0,0184634
601390,5;0,018464
601407,3;0,01846702
601423,6;0,01846847
601440,6;0,01846975
601457;0,01847277
601473,3;0,01847494
601490;0,01847759
601506,6;0,01847994
601523,1;0,01847994
601539,9;0,0184813
601556,1;0,0184813
601573,1;0,0184813
601589,4;0,01848378
601606,1;0,01848999
601622,9;0,01849366
601639,1;0,01849558
601655,6;0,01849558
601672,5;0,01849656
601688,8;0,01850001
601705,4;0,01850278
601721,9;0,01850338
601738,4;0,01850487
601755;0,01850759
601771,6;0,01850853
601788,8;0,01851075
601804,8;0,01851117
601821,3;0,01851207
601837,9;0,01851475
601854,7;0,01851548
601871;0,0185162
601887,5;0,01851637
601904,1;0,01851987
601920,8;0,01852008
601937,4;0,01852149
601953,8;0,01852315
601970,3;0,01852405
601986,9;0,01852549
602003,7;0,01852635
602020;0,0185278
602037,1;0,0185278
602054,7;0,01852857
602071,7;0,01853062
602088,8;0,01853306
602104,4;0,01853447
602121,1;0,01853571
602137,5;0,01853682
602154,1;0,01853682
602170,6;0,01853755
602187,4;0,01853755
602203,8;0,01853802
602220,7;0,01854063
602237,2;0,01854384
602253,5;0,01854461
602270,1;0,01854512
602287,2;0,01854551
602303,3;0,01854835
602320,3;0,01854912
602337,3;0,01855062
602353,5;0,01855178
602370,1;0,01855303
602387,1;0,01855303
602403,2;0,01855517
602419,8;0,01855646
602436,4;0,01855792
602452,9;0,0185593
602469,4;0,01856011
602486;0,01856076
602503;0,0185623
602519,4;0,01856346
602536,4;0,01856411
602552,3;0,01856561
602568,9;0,01856682
602585,6;0,01856703
602602,1;0,01856905
602618,8;0,01856987
602635,1;0,01857103
602651,9;0,01857245
602668,3;0,01857461
602684,8;0,01857578
602701,4;0,01857578
602718,5;0,01857934
602734,8;0,01857994
602751,4;0,01858133
602767,8;0,01858341
602784,3;0,01858523
602801,2;0,01858523
602817,3;0,01858523
602834,5;0,01858605
602850,4;0,01858697
602867,4;0,01859109
602883,6;0,01859309
602900,2;0,01859388
602917,6;0,0185954
602933,5;0,01859736
602950,4;0,01859845
602966,4;0,01860058
602983,1;0,01860166
602999,6;0,01860275
603016,2;0,01860484
603032,7;0,01860593
603049,4;0,01860797
603065,9;0,0186091
603082,4;0,01861093
603099;0,01861271
603115,6;0,01861463
603132,1;0,01861589
603148,7;0,01861767
603165,3;0,01861859
603182,1;0,01862002
603198,4;0,01862172
603214,9;0,01862316
603231,5;0,0186245
603248,3;0,01862633
603264,9;0,0186289
603281,2;0,01863091
603297,8;0,01863257
603314,8;0,01863261
603333,5;0,01863601
603350,2;0,01863806
603367,9;0,01863806
603384,8;0,0186391
603403,3;0,01864211
603419,9;0,01864381
603436,9;0,01864485
603453,5;0,01864537
603470,4;0,01864581
603486,6;0,01864747
603503,6;0,01865079
603519,7;0,01865201
603536,3;0,01865336
603553,1;0,01865502
603569,4;0,01865667
603586;0,01865672
603602,6;0,01865924
603619,1;0,0186595
603635,7;0,01866089
603652,3;0,01866172
603668,8;0,01866262
603685,4;0,01866306
603701,9;0,01866306
603718,5;0,01866327
603735,3;0,01866422
603751,6;0,0186647
603768,3;0,01866508
603784,9;0,01866522
603804,8;0,01866616
603826,2;0,01866659
603844,6;0,01866698
603861,1;0,01866728
603877,7;0,01866759
603895,1;0,0186688
603910,9;0,01866932
603927,5;0,01866979
603944;0,01867083
603960,6;0,01867121
603977,3;0,01867121
603993,6;0,0186716
604010,3;0,01867298
604027,1;0,01867324
604043,7;0,01867368
604060,2;0,01867372
604076,5;0,01867402
604099,7;0,01867424
604111,5;0,01867445
604128,1;0,01867467
604145,4;0,01867558
604161,5;0,01867688
604177,9;0,01867865
604194,8;0,01867904
604211,1;0,0186803
604227,5;0,01868065
604244,6;0,01868191
604261,1;0,01868295
604277,2;0,01868404
604293,7;0,01868465
604310,4;0,01868578
604326,8;0,01868626
604346,3;0,01868757
604362,8;0,01868857
604379,4;0,01868914
604395,9;0,01868922
604413,2;0,0186914
604432,2;0,01869171
604451,1;0,01869292
604467,8;0,01869423
604484,2;0,01869554
604501,3;0,01869676
604517,4;0,01869759
604533,9;0,01869873
604550,7;0,01870126
604567,4;0,01870244
604584,1;0,01870244
604600,2;0,01870441
604616,8;0,01870567
604633,3;0,0187065
604650,3;0,01870869
604666,4;0,01870917
604683,4;0,0187093
604699,6;0,01870943
604716,1;0,01870983
604732,9;0,01870983
604749,3;0,01870983
604765,8;0,01871092
604782,4;0,01871303
604799,1;0,0187147
604815,6;0,0187151
604832,1;0,01871571
604848,8;0,01871589
604865,3;0,01871686
604881,9;0,01871734
604898,6;0,01871761
604914,9;0,018718
604931,8;0,01871844
604948,1;0,01871844
604964,7;0,01871906
604981,2;0,01871963
604997,8;0,01871985
605014,6;0,01872038
605031,1;0,01872087
605047,5;0,018721
605064;0,01872174
605080,6;0,01872245
605097,2;0,01872289
605113,7;0,01872289
605130,3;0,01872444
605147,4;0,01872492
605163,4;0,0187266
605180,4;0,01872802
605196,6;0,018729
605213,2;0,01872997
605229,9;0,01873046
605246,3;0,01873068
605262,8;0,0187336
605279,9;0,01873444
605296,3;0,01873551
605312,5;0,01873667
605329,6;0,01873778
605345,8;0,01873929
605362,3;0,01873929
605379;0,01874022
605395,4;0,01874022
605411,9;0,01874248
605428,7;0,01874643
605445,2;0,0187474
605461,6;0,018749
605478,2;0,01874967
605494,8;0,01874967
605511,4;0,01875166
605527,9;0,01875357
605544,4;0,0187545
605561,3;0,01875526
605577,6;0,01875703
605594,2;0,01875876
605610,7;0,01876084
605627,3;0,01876221
605643,9;0,018763
605660,4;0,01876424
605677;0,01876852
605694,2;0,01877019
605710,1;0,01877297
605726,8;0,01877297
605743,4;0,01877851
605759,8;0,01877939
605776,7;0,0187833
605793;0,01878692
605809,5;0,01878692
605826,6;0,01879336
605843,1;0,01879526
605859,9;0,01879953
605876,3;0,01880293
605892,8;0,01880532
605910,2;0,01880731
605926,3;0,01880766
605942,7;0,01881377
605959,1;0,01881735
605976,3;0,01882099
605992,2;0,01882413
606008,9;0,0188244
606025,3;0,0188244
606041,9;0,01882834
606058,5;0,01883684
606075;0,01884252
606095,6;0,01884687
606112,3;0,01885095
606128,8;0,0188533
606145,7;0,01885495
606162,3;0,01885748
606178,6;0,018862
606195,3;0,01886666
606211,6;0,01886826
606228,2;0,01887074
606245,1;0,0188731
606261,5;0,01887488
606278,5;0,01887488
606294,4;0,0188811
606311,1;0,01888324
606329,8;0,01888617
606351,3;0,01888617
606367,9;0,01889097
606384,4;0,01889417
606401,4;0,01889631
606418,3;0,01889876
606434,1;0,01890143
606450,7;0,01890362
606467,3;0,01890733
606484,6;0,01891058
606500,4;0,01891241
606516,9;0,01891522
606533,5;0,01891522
606551,3;0,01891719
606567,8;0,01892072
606584,4;0,01892072
606600,9;0,01892636
606617,5;0,01892928
606634,1;0,01893162
606650,6;0,01893396
606667,8;0,01893396
606683,8;0,01893621
606700,4;0,01894241
606717,7;0,01895315
606734,4;0,01895814
606750,2;0,01896382
606766,7;0,01896695
606783,2;0,01897136
606799,8;0,01897505
606816,4;0,01898132
606832,9;0,01898478
606849,4;0,01899032
606866,6;0,01899553
606882,6;0,01899585
606899,2;0,01899847
606915,8;0,01900322
606932,3;0,01901004
606949,8;0,01901221
606965,4;0,01901221
606982;0,01901699
606998,9;0,01902229
607015,1;0,01902414
607031,7;0,01902756
607048,3;0,01903013
607064,8;0,01903264
607081,4;0,01903264
607098,2;0,01903359
607114,8;0,01903737
607137,1;0,01904383
607153,9;0,0190474
607170,3;0,0190493
607186,8;0,01905192
607203,4;0,01905224
607220,2;0,01905562
607236,6;0,01905693
607253,1;0,01905802
607269,7;0,01906064
607286,4;0,01906064
607302,8;0,01906195
607319,4;0,01906195
607336,1;0,01906531
607352,6;0,01906929
607369,4;0,01907064
607385,8;0,01907177
607402,3;0,01907294
607418,8;0,01907366
607435,4;0,01907447
607451,9;0,01907546
607468,6;0,01907659
607485,1;0,01907748
607501,6;0,01907798
607518,2;0,01907847
607534,8;0,01907919
607551,4;0,01908004
607568,1;0,01908058
607584,6;0,01908157
607601;0,01908202
607617,8;0,01908292
607634,1;0,01908346
607650,7;0,01908444
607667,3;0,01908444
607683,9;0,01908557
607701;0,01908638
607717;0,01908705
607733,6;0,01908853
607750,4;0,01908853
607767,2;0,01909007
607783,3;0,0190916
607800;0,0190916
607816,6;0,0190916
607833,7;0,01909238
607850,3;0,01909414
607866,8;0,01909613
607883,4;0,01909681
607899,9;0,01909731
607917,1;0,01909762
607933,6;0,01909799
607950,2;0,01909799
607966,3;0,0190983
607982,8;0,01909871
607999,4;0,01909853
608015,9;0,01909848
608032,7;0,01909808
608049;0,01909762
608066,1;0,01909695
608082,1;0,01909695
608098,8;0,01909645
608115,6;0,01909532
608135,1;0,01909469
608151,8;0,01909424
608168,3;0,01909306
608184,9;0,01909266
608201,5;0,01909198
608217,9;0,01909198
608234,6;0,0190914
608251,1;0,01909073
608267,7;0,01908996
608284,6;0,01908933
608300,8;0,0190887
608317,4;0,01908825
608334;0,01908722
608351,3;0,01908722
608367,2;0,01908564
608383,7;0,01908492
608400,2;0,01908452
608416,8;0,01908438
608433,4;0,01908384
608450,4;0,01908353
608466,5;0,01908163
608483,1;0,01908059
608499,7;0,01908
608516,2;0,01907888
608532,8;0,01907771
608549,3;0,0190769
608566,3;0,0190769
608582,8;0,01907631
608599,4;0,01907577
608615,6;0,01907464
608632,1;0,0190732
608649,3;0,01907197
608666,3;0,01906629
608681,9;0,0190621
608698,4;0,0190594
608715,4;0,01905717
608731,6;0,01905671
608748,1;0,01905003
608764,7;0,01904563
608781,3;0,01904233
608797,8;0,01904031
608814,5;0,01903618
608830,9;0,01903403
608847,6;0,01903013
608864,1;0,01902665
608880,8;0,01902496
608897,9;0,01902204
608913,8;0,01902053
608930,6;0,01901856
608946,9;0,01901692
608963,5;0,01901614
608980,1;0,01901555
608997,2;0,01901436
609014,1;0,01901345
609029,8;0,01901317
609046,3;0,01901322
609062,9;0,01901281
609080;0,01901181
609096;0,01901077
609112,6;0,01901077
609129,1;0,01900335
609145,8;0,01900322
609168,3;0,01899545
609185,3;0,01898977
609201,4;0,01898977
609217,9;0,01898671
609234,6;0,01898671
609251,1;0,01898671
609267,8;0,01897392
609284,3;0,01896425
609300,8;0,01894769
609317,6;0,01894377
609334,7;0,01893616
609350,5;0,0189286
609367,7;0,01892486
609383,6;0,0189217
609400,3;0,0189152
609416,8;0,0189152
609433,4;0,01890849
609449,9;0,01890201
609466,5;0,018896
609483,1;0,01889201
609499,6;0,01888728
609516,4;0,01888378
609532,7;0,01887783
609549,9;0,01887512
609566,5;0,01887338
609582,4;0,01886231
609599;0,01885663
609615,8;0,01885295
609632,1;0,01884906
609648,8;0,0188424
609665,3;0,01884121
609682;0,01883478
609699,1;0,01883195
609715,1;0,01882885
609731,6;0,01882743
609748,6;0,01882399
609764,6;0,01882269
609781,4;0,01882151
609797,9;0,01882142
609814,4;0,01881894
609831,1;0,018817
609847,5;0,018817
609864,1;0,018817
609880,6;0,01881619
609897,7;0,01881372
609913,8;0,01881223
609930,5;0,01881097
609947,4;0,01880994
609963,4;0,01880912
609980,1;0,01880647
609996,6;0,01880405
610013,2;0,01880192
610029,8;0,0188005
610046,3;0,01880049
610062,9;0,01880018
610079,4;0,01880035
610096;0,01880031
610112,9;0,01880031
610129,1;0,0188005
610146,1;0,0188014
610167,9;0,0188023
610184,5;0,0188023
610200,9;0,01880311
610217,8;0,01880415
610234,1;0,01880487
610250,8;0,01880604
610267,2;0,01880681
610283,8;0,0188078
610300,6;0,01880826
610316,9;0,01881155
610333,6;0,01881296
610350,1;0,01881413
610366,6;0,01881598
610383,2;0,01881683
610399,8;0,01881827
610416,4;0,01881869
610432,9;0,01882005
610449,4;0,01882005
610466,3;0,01882154
610482,8;0,01882168
610499,2;0,01882263
610515,9;0,01882263
610532,3;0,0188252
610548,9;0,01882887
610565,4;0,01883212
610582,3;0,01883217
610598,6;0,01883438
610615,3;0,01883592
610631,7;0,01883692
610648,3;0,01883692
610664,8;0,01884009
610681,4;0,01884127
610698,1;0,01884457
610714,6;0,01884566
610731,3;0,01884807
610748,1;0,01884929
610764,3;0,01885151
610780,8;0,01885292
610797,4;0,01885406
610813,9;0,01885627
610830,5;0,01885759
610847,1;0,01885841
610863,6;0,01885859
610880,2;0,01886286
610896,8;0,01886364
610913,3;0,01886533
610929,9;0,01886533
610946,5;0,01886642
610963,3;0,01886751
610979,6;0,0188682
610996,9;0,01886897
611012,9;0,01886915
611029,3;0,01886966
611045,8;0,01886997
611062,4;0,0188702
611079;0,01887084
611095,6;0,01887288
611112,1;0,01887442
611128,7;0,01887442
611145,3;0,01887595
611161,8;0,01887595
611178,8;0,01888483
611195,8;0,01889531
611212,4;0,01889796
611228,9;0,01890538
611245,6;0,01891327
611262,5;0,01891676
611278,8;0,01891676
611295,3;0,01892146
611311,8;0,0189376
611328,4;0,01894393
611344,9;0,01894658
611361,7;0,01895439
611378,1;0,01896216
611394,8;0,0189697
611411,2;0,01897588
611427,8;0,01898157
611444,4;0,01898908
611461,1;0,01899289
611478,1;0,01899821
611494,2;0,01900533
611510,6;0,01900533
611527,7;0,0190175
611543,7;0,01902113
611560,3;0,01902228
611576,8;0,01903715
611593,8;0,01904528
611610,5;0,01904969
611626,5;0,01905809
611643,1;0,01906212
611659,7;0,0190667
611676,3;0,0190667
611692,9;0,01908112
611709,4;0,01908451
611725,9;0,01909089
611742,5;0,01909361
611759,1;0,01909577
611775,6;0,019098
611792,3;0,019098
611809,3;0,0190999
611825,4;0,01910435
611841,9;0,0191093
611858,4;0,01911256
611875,1;0,01911546
611891,7;0,01911817
611908,3;0,01912088
611924,8;0,01912236
611941,4;0,01912408
611958,1;0,01912669
611974,4;0,01912787
611991;0,01913016
612007,8;0,01913111
612024,2;0,01913265
612040,7;0,0191336
612057,3;0,01913505
612073,9;0,01913687
612090,4;0,0191375
612107,6;0,01913832
612123,6;0,01913904
612140,4;0,01913968
612156,7;0,01913986
612173,3;0,01914017
612189,8;0,01914017
612206,4;0,0191404
612222,9;0,01914072
612240,2;0,01914094
612256,1;0,01914099
612272,6;0,01914072
612289,3;0,01913994
612306,1;0,01913981
612322,3;0,01913953
612339,1;0,01913876
612355,5;0,01913835
612372,4;0,01913781
612388,6;0,01913781
612405,2;0,0191374
612421,9;0,0191374
612438,3;0,01913717
612454,9;0,01913622
612471,6;0,01913413
612488,1;0,01913372
612504,6;0,01913313
612521,5;0,01913258
612537,8;0,01913154
612554,6;0,01913054
612571,3;0,01912954
612587,8;0,01912909
612604;0,01912863
612620,7;0,019128
612637,7;0,01912604
612653,7;0,01912491
612670,8;0,01912491
612687,4;0,01912377
612703,4;0,01912317
612720,1;0,01912317
612736,5;0,01912258
612753,4;0,01911934
612769,9;0,0191183
612786,3;0,01911762
612802,8;0,01911611
612819,9;0,01911534
612835,9;0,01911507
612852,5;0,01911329
612869,2;0,01911175
612885,6;0,01911006
612902,4;0,01910901
612919;0,01910855
612935,6;0,01910778
612952,3;0,01910609
612968,4;0,01910428
612985,1;0,01910302
613001,6;0,01909943
613018,7;0,01909692
613035,2;0,01909438
613051,6;0,01909375
613068,6;0,01909192
613084,6;0,01908944
613101,2;0,01907683
613117,7;0,01907098
613134,1;0,01907
613150,8;0,01906448
613167,3;0,01906362
613184,2;0,01906174
613204,4;0,01905592
613217;0,01905361
613233,9;0,01905221
613250,1;0,01905221
613266,7;0,01904763
613283,2;0,01904677
613299,8;0,01904599
613316,4;0,01904445
613332,9;0,01904445
613349,9;0,01904267
613366,1;0,01903994
613382,6;0,01903903
613399,2;0,01903739
613415,9;0,01903598
613432,5;0,01903484
613448,9;0,01903484
613465,4;0,01903407
613482,2;0,01903033
613498,6;0,01902955
613515,1;0,01902818
613531,8;0,01902741
613548,3;0,01902668
613564,9;0,01902562
613581,5;0,0190239
613597,9;0,0190239
613614,6;0,01902203
613631,1;0,01901928
613647,7;0,01901928
613664,3;0,01901576
613681;0,01901576
613697,4;0,01901484
613714,4;0,01901484
613730,5;0,01901315
613747,1;0,01901264
613763,7;0,01901022
613780,2;0,01900802
613796,8;0,01900522
613813,4;0,01900325
613829,9;0,01900293
613846,5;0,01900137
613863,1;0,01900137
613879,6;0,01900087
613896,2;0,01900041
613912,8;0,01900023
613929,4;0,0190011
613945,9;0,01900142
613962,4;0,01900142
613979;0,01900211
613995,6;0,01900302
614012,1;0,01900357
614028,8;0,01900426
614045,4;0,01900485
614061,8;0,01900517
614078,4;0,01900517
614095,9;0,01900595
614111,6;0,01900747
614128,7;0,01900861
614145;0,0190104
614161,3;0,0190104
614178,1;0,01901242
614194,4;0,01901489
614210,9;0,01901715
614229,3;0,01901945
614245,9;0,01902077
614262,5;0,01902312
614279,3;0,01902312
614296,3;0,01902578
614312,4;0,01902854
614328,8;0,01902854
614345,6;0,01902983
614361,8;0,01902983
614378,8;0,01903263
614395;0,01903973
614411,8;0,01904314
614428,1;0,01904534
614444,7;0,01904768
614461,3;0,0190492
614477,9;0,01905223
614494,4;0,01905525
614510,9;0,0190569
614527,8;0,01906026
614544,1;0,01906238
614560,7;0,01906238
614577,4;0,01906491
614594,3;0,01907125
614610,6;0,01907359
614627,3;0,01907671
614643,5;0,01907956
614660,1;0,0190815
614676,6;0,01908376
614693,2;0,0190862
614710,4;0,01908942
614726,3;0,01909158
614742,9;0,01909438
614760,1;0,01909618
614776;0,01909977
614792,6;0,01910368
614809,1;0,01910561
614825,7;0,01910722
614842,3;0,01910722
614858,8;0,0191126
614875,6;0,01911618
614892,1;0,01911935
614908,6;0,019121
614925,3;0,019121
614941,6;0,01912767
614958,3;0,01912767
614974,8;0,01912767
614991,6;0,01912767
615008;0,01913124
615024,6;0,01914223
615041,4;0,01915235
615057,9;0,01915707
615074,3;0,01916362
615090,8;0,01916774
615107,4;0,01917449
615123,9;0,01917927
615140,5;0,01918348
615157,6;0,01918636
615173,7;0,01918636
615190,2;0,0191898
615206,8;0,01920156
615228,8;0,01920452
615240,3;0,01920666
615256,9;0,01920666
615273,4;0,01921191
615289,9;0,01921356
615306,5;0,01921746
615323,3;0,01922121
615339,7;0,01922245
615356,3;0,01922612
615372,8;0,01922924
615389,9;0,01922924
615405,9;0,01923259
615422,6;0,01923667
615439;0,0192391
615455,6;0,01924194
615472,2;0,01924355
615488,7;0,0192463
615505,3;0,01924791
615521,9;0,01924791
615538,4;0,01925199
615555,4;0,0192547
615571,6;0,0192564
615588,5;0,01925897
615604,7;0,01925897
615621,4;0,01926025
615637,8;0,01926167
615654,6;0,01926466
615670,9;0,01926998
615687,5;0,01927131
615704,7;0,01927356
615720,7;0,01927663
615737,3;0,01927802
615754,1;0,01927802
615770,4;0,01928233
615786,9;0,01928325
615803,6;0,0192845
615820,1;0,01928804
615836,6;0,01928976
615853,2;0,01929234
615870,1;0,0192947
615886,4;0,01929585
615902,9;0,01929585
615919,6;0,01929807
615936,1;0,01929946
615952,7;0,01930034
615969,8;0,01930122
615985,7;0,01930344
616002,6;0,01930358
616018,9;0,01930455
616035,4;0,01930695
616052,2;0,01930853
616068,6;0,01930931
616085,1;0,01930931
616101,9;0,01931066
616118,3;0,01931237
616134,8;0,01931298
616151,4;0,01931363
616168;0,01931423
616184,5;0,01931456
616201,1;0,01931479
616217,6;0,01931488
616234,3;0,01931521
616251,6;0,01931535
616267,4;0,01931549
616284,2;0,01931567
616301,9;0,01931605
616318,6;0,01931642
616335,1;0,01931674
616352;0,01931679
616368,3;0,01931679
616384,8;0,01931693
616402;0,01931703
616418;0,01931703
616434,5;0,01931791
616451,4;0,01931819
616467,7;0,01931889
616484,2;0,01931988
616500,9;0,01932167
616517,4;0,01932204
616533,9;0,01932435
616551,1;0,01932539
616567;0,01932638
616583,8;0,01932751
616600,2;0,01932808
616616,8;0,01932841
616633,3;0,0193319
616649,9;0,01933379
616666,4;0,01933501
616683,1;0,01933577
616700,1;0,01933676
616716,2;0,01933855
616732,8;0,01934002
616749,4;0,0193429
616765,8;0,01934431
616782,4;0,01934545
616799;0,01934691
616815,6;0,01934743
616832,1;0,01934837
616848,7;0,01935007
616865,3;0,01935134
616881,8;0,01935134
616898,6;0,0193521
616914,9;0,0193521
616931,9;0,0193521
616948,1;0,01935346
616964,8;0,01935647
616981,4;0,01935816
616998,4;0,01936028
617014,3;0,01936155
617031,4;0,01936188
617047,5;0,01936296
617064,5;0,01936474
617080,6;0,019367
617097,4;0,01936892
617113,8;0,01936977
617130,3;0,01937051
617147,3;0,01937235
617163,4;0,01937489
617180;0,01937559
617196,6;0,01937559
617213,1;0,01937686
617229,7;0,01937747
617246,4;0,01937747
617262,8;0,01938053
617279,4;0,01938198
617296,7;0,01938353
617312,8;0,01938414
617329,2;0,01938414
617345,6;0,01938701
617362,3;0,01938837
617378,8;0,01939021
617395,4;0,01939021
617411,9;0,0193926
617428,5;0,01939368
617445,1;0,01939439
617461,9;0,01939721
617478,2;0,01939819
617494,8;0,01939998
617511,4;0,01939998
617527,9;0,01940101
617544,5;0,01940101
617561,1;0,01940186
617577,6;0,01940496
617594,3;0,01940872
617610,7;0,01941069
617627,3;0,01941195
617644,4;0,01941383
617660,4;0,01941473
617677,4;0,01941684
617694,1;0,01941773
617710,1;0,01941882
617727;0,01941971
617743,3;0,01942149
617759,9;0,01942426
617777;0,01942563
617793;0,01942789
617809,5;0,01942996
617826,1;0,01943128
617842,6;0,0194318
617859,6;0,01943265
617875,8;0,0194344
617892,5;0,019436
617908,9;0,01943703
617926,1;0,01943703
617942,5;0,01944061
617958,6;0,01944231
617975,8;0,01944372
617991,9;0,01944461
618008,9;0,01944659
618024,9;0,01944659
618041,4;0,01944961
618058,1;0,0194506
618074,6;0,01945253
618091,2;0,01945367
618107,8;0,01945404
618124,3;0,01945786
618140,9;0,01945937
618157,5;0,01946012
618174;0,01946107
618190,6;0,01946107
618207,4;0,01946357
618223,7;0,01946885
618240,3;0,01947012
618256,8;0,0194713
618273,4;0,01947371
618290;0,01947442
618306,5;0,01947489
618323,1;0,01947857
618339,7;0,01948098
618356,3;0,01948221
618372,8;0,01948475
618389,3;0,01948711
618405,9;0,01948863
618422,5;0,01949153
618439,1;0,01949333
618455,6;0,01949451
618472,3;0,01949751
618488,8;0,01949817
618505,4;0,0194986
618521,9;0,01949889
618538,4;0,01949951
618555,1;0,01950037
618571,6;0,01950079
618588,2;0,01950184
618605,4;0,01950261
618621,3;0,01950328
618638,2;0,01950385
618654,4;0,01950419
618671;0,01950467
618687,6;0,01950562
618704,3;0,01950601
618720,7;0,0195061
618737,5;0,01950677
618753,9;0,0195074
618770,4;0,0195074
618787,4;0,01950868
618803,5;0,01950868
618820,1;0,01950912
618836,8;0,01950912
618853,7;0,0195105
618869,8;0,01951174
618886,6;0,01951379
618902,9;0,01951518
618919,5;0,01951618
618936,1;0,01951742
618952,6;0,01951852
618969,9;0,01951981
618985,8;0,01952086
619002,4;0,0195221
619019,1;0,0195221
619035,7;0,01952516
619052,1;0,01952732
619068,8;0,01952827
619085,2;0,01953052
619101,8;0,01953143
619118,3;0,01953353
619135,3;0,01953544
619151,8;0,01953611
619168;0,01953611
619184,6;0,01953745
619201,4;0,0195406
619218;0,01954223
619234,3;0,01954409
619250,9;0,01954615
619268,1;0,01954762
619284;0,01954762
619300,8;0,01955021
619319,4;0,01955317
619336;0,01955523
619352,6;0,01955523
619369,1;0,01955575
619385,8;0,0195569
619402,6;0,01955805
619418,9;0,01956111
619435,4;0,01956121
619451,9;0,01956169
619468,9;0,01956207
619485,1;0,01956207
619501,7;0,01956302
619518,3;0,01956418
619534,9;0,01956767
619551,8;0,01957159
619568,4;0,01957594
619585;0,01957594
619601,1;0,01957819
619617,8;0,01958073
619634,2;0,0195829
619650,8;0,01958486
619667,5;0,01958486
619684,3;0,0195862
619700,5;0,01958879
619717,3;0,01959181
619733,6;0,01959431
619750,4;0,01959579
619767,1;0,01959761
619783,3;0,01959953
619800,1;0,01959963
619816,4;0,01960271
619834;0,01960333
619849,6;0,01960559
619866,2;0,01960636
619882,9;0,01960848
619899,3;0,01960896
619915,9;0,01961185
619932,6;0,01961672
619949;0,01961956
619965,6;0,0196226
619982,3;0,01962309
619998,7;0,01962449
620015,3;0,01962603
620031,8;0,01963188
620048,4;0,01963454
620065,6;0,0196359
620081,6;0,0196359
620098,4;0,0196359
620114,8;0,01963763
620131,3;0,01963938
620147,8;0,0196448
620164,4;0,0196495
620181,1;0,01965613
620197,6;0,01965788
620214,1;0,01966122
620230,6;0,01966448
620247,2;0,01966734
620264,3;0,01967036
620280,3;0,01967333
620297,7;0,01967488
620313,8;0,01967775
620330,3;0,01968164
620354,1;0,01968518
620370,7;0,01968867
620387,3;0,01968915
620403,9;0,01969182
620420,5;0,01969406
620436,9;0,01969528
620453,5;0,01969528
620470,1;0,01970097
620486,7;0,0197033
620503,2;0,01970393
620519,8;0,0197064
620536,6;0,01970951
620552,9;0,01971159
620569,4;0,01971266
620586,1;0,01971629
620602,8;0,01971751
620619,3;0,01971921
620635,9;0,01972144
620652,3;0,01972144
620668,9;0,01972441
620686;0,01972756
620702,1;0,01972892
620718,8;0,01973017
620735,2;0,0197313
620751,7;0,0197313
620768,3;0,01973173
620785,1;0,01973601
620801,4;0,01973984
620818,9;0,01974319
620834,6;0,01974587
620851,1;0,01974957
620867,7;0,01975132
620884,4;0,01975132
620900,9;0,01975523
620917,7;0,01975888
620934,1;0,01976025
620950,6;0,01976312
620967,4;0,01976595
620984,1;0,01976736
621000,4;0,01976897
621017,1;0,01976897
621033,6;0,01977097
621050,8;0,01977552
621066,4;0,01977621
621083;0,01977885
621099,9;0,01978203
621116,1;0,01978339
621132,9;0,01978339
621149,5;0,01978633
621165,8;0,01979067
621182,4;0,01979224
621199;0,01979336
621216,1;0,01979527
621232,1;0,019796
621248,8;0,0197985
621265,3;0,0198029
621281,8;0,01980349
621298,4;0,01980403
621314,9;0,01980804
621331,6;0,01980804
621348,1;0,0198094
621364,7;0,0198094
621381,6;0,01981175
621397,8;0,01981175
621416,4;0,01981366
621431,1;0,01981659
621447,5;0,0198202
621464,1;0,0198249
621480,6;0,01982701
621497,2;0,01982995
621514,3;0,01983235
621530,3;0,01983386
621546,9;0,01983635
621563,6;0,01983758
621580;0,01984012
621596,6;0,01984119
621613,5;0,01984119
621629,7;0,01984359
621646,3;0,01984457
621662,8;0,01984834
621679,9;0,01984943
621696,9;0,01985158
621713,1;0,01985276
621729,1;0,01985476
621745,7;0,01985511
621762,4;0,01985815
621778,9;0,01985952
621795,4;0,01986119
621811,9;0,01986119
621829,1;0,01986325
621845,7;0,01986452
621861,6;0,01986727
621878,3;0,01986727
621894,8;0,01986904
621911,4;0,01987017
621928,3;0,01987086
621945,1;0,01987086
621961,1;0,01987243
621977,9;0,01987347
621994,2;0,01987347
622011,1;0,01987406
622027,8;0,0198745
622043,9;0,0198745
622060,5;0,01987579
622077;0,01987643
622093,6;0,01987821
622110,2;0,01988064
622127,3;0,01988083
622143,3;0,01988222
622160,4;0,01988331
622176,4;0,0198848
622193;0,01988649
622209,6;0,01988743
622226,2;0,01988743
622242,8;0,01988743
622259,3;0,01988882
622275,8;0,01989131
622292,4;0,01989255
622309,1;0,019893
622325,5;0,0198944
622342,4;0,01989644
622360,2;0,01989853
622382,1;0,01989952
622398,8;0,01989927
622422,3;0,01989775
622439,1;0,01989653
622455,6;0,01989522
622473,2;0,01989191
622489,8;0,01988987
622506,4;0,01988649
622525,3;0,01988435
622544,4;0,01988131
622563,2;0,01987764
622579,8;0,01987455
622599,6;0,01987194
622616,6;0,0198677
622633,6;0,01986554
622657;0,01986554
622677,4;0,01986482
622697,9;0,01985568
622716,6;0,01984736
622738,7;0,01984306
622756,4;0,0198405
622776,5;0,01983611
622795,8;0,01983287
622816,5;0,01983049
622838,8;0,01982942
622859,6;0,01982942
622882,8;0,01982392
622899,9;0,01982299
622916,6;0,01982167
622933,1;0,01982083
622949,7;0,01982039
622966,5;0,0198198
622983,1;0,01981921
622999,6;0,01981886
623016,5;0,01981861
623033,1;0,01981797
623049,6;0,01981753
623066,3;0,01981733
623084,3;0,01981753
623100,8;0,01981812
623117,4;0,01981812
623134,1;0,01981856
623150,5;0,01982006
623167,1;0,01982051
623183,6;0,01982175
623200,2;0,0198233
623216,8;0,01982439
623233,4;0,01982599
623249,9;0,01982849
623266,5;0,01982979
623283;0,01982979
623299,8;0,01983084
623316,6;0,01983214
623338,6;0,01983866
623360,1;0,01984439
623382,8;0,01984656
623400,4;0,01985024
623418,6;0,01985456
623437;0,01985753
623455,6;0,01986275
623480,2;0,019866
623496,7;0,019866
623513,3;0,019866
623529,9;0,01987541
623547,2;0,01988561
623563,3;0,0198908
623580,1;0,01989385
623596,1;0,01989871
623612,7;0,01990379
623629,3;0,01990703
623645,8;0,01990952
623662,4;0,01990952
623678,9;0,01991609
623695,5;0,01991609
623712,3;0,01992853
623728,6;0,01993213
623745,3;0,01993766
623761,9;0,01994118
623778,3;0,01994595
623795,2;0,01994862
623811,6;0,01995353
623828,1;0,01995897
623844,6;0,01996166
623861,2;0,01996642
623878,4;0,01996694
623894,3;0,01997154
623910,9;0,01997726
623927,8;0,01997726
623944;0,01997726
623960,6;0,01997874
623977,1;0,01998477
623993,7;0,01998724
624010,8;0,01999708
624026,9;0,02000618
624043,4;0,02001041
624060;0,02001239
624076,6;0,02001521
624093,8;0,02001821
624109,7;0,02002258
624126,3;0,0200238
624143,6;0,02002838
624160,2;0,02003338
624176,1;0,02003696
624192,9;0,02003855
624210;0,02004445
624226;0,02004984
624242,2;0,02005369
624258,8;0,02005808
624275,5;0,02006337
624292,3;0,02006337
624308,6;0,02006625
624325;0,02007497
624341,6;0,02008044
624358,1;0,02008359
624374,8;0,02008359
624391,3;0,02009959
624407,9;0,02010533
624424,4;0,02011492
624441;0,02012029
624457,9;0,02013231
624474,1;0,02013749
624490,8;0,02014836
624507,3;0,02015566
624524;0,02016626
624540,6;0,02017209
624557;0,02017779
624573,8;0,020182
624591,1;0,02018295
624607,4;0,02018295
624623,3;0,02019394
624639,8;0,02021719
624656,4;0,02022984
624672,9;0,02023813
624689,5;0,02024248
624706,1;0,02024635
624722,6;0,02025549
624739,2;0,02026035
624755,8;0,02026753
624772,3;0,02026753
624789,1;0,02027094
624806;0,02027761
624822;0,02028378
624838,6;0,02028837
624855,2;0,02029344
624872,2;0,0202963
624888,8;0,02029989
624904,9;0,02030193
624921,4;0,02030193
624938,6;0,02030749
624954,6;0,02031027
624971,1;0,02031276
624987,8;0,020313
625004,3;0,02031538
625020,9;0,02031756
625037,4;0,02031901
625054;0,02031901
625070,6;0,0203224
625087,5;0,02032381
625103,9;0,02032618
625120,8;0,02032744
625136,8;0,02032967
625153,4;0,02033159
625170,8;0,02033265
625186,6;0,02033265
625203,1;0,02033341
625220,2;0,02033341
625236,2;0,02033442
625252,9;0,02033726
625269,9;0,02033985
625285,9;0,02034098
625302,5;0,02034098
625319;0,02034067
625336;0,02034057
625352,4;0,02033976
625368,7;0,0203395
625386,3;0,02033807
625401,9;0,02033761
625418,4;0,0203371
625435,3;0,02033588
625452,2;0,02033588
625468,1;0,02033142
625484,7;0,02032829
625501,8;0,02032567
625518,4;0,02032297
625534,6;0,02032297
625551,1;0,0203156
625574,2;0,02031145
625590,8;0,02030834
625607,3;0,02030569
625623,9;0,02030257
625640,4;0,02029813
625657,1;0,02029597
625673,6;0,02029085
625690,2;0,02028815
625706,8;0,02028483
625723,3;0,02028268
625740,5;0,02027855
625757,1;0,02027615
625773,4;0,02027175
625789,6;0,02026844
625806,1;0,02026808
625822,7;0,0202667
625839,3;0,02026522
625855,8;0,02026353
625873;0,02026353
625889;0,02026188
625905,5;0,0202559
625922,6;0,02024944
625938,7;0,0202479
625955,9;0,02024616
625972,1;0,0202438
625988,4;0,0202422
626004,9;0,02023988
626021,5;0,02023895
626038,4;0,02023798
626054,6;0,02023711
626071,3;0,02023588
626087,8;0,02023506
626104,4;0,02023358
626121,1;0,02023077
626137,4;0,02023001
626154,3;0,02022428
626170,6;0,0202186
626187,1;0,02021053
626203,8;0,02021053
626220,8;0,02020364
626237,3;0,02019224
626253,5;0,0201852
626270;0,02017634
626286,6;0,02017148
626303,3;0,02016722
626319,7;0,0201653
626336,4;0,0201487
626352,9;0,02014571
626369,4;0,02013465
626386;0,02012883
626402,6;0,02012004
626419,1;0,02012004
626435,7;0,02010827
626452,2;0,02010153
626468,8;0,02009868
626485,4;0,02009868
626501,9;0,0200963
626518,7;0,02009563
626535,3;0,02008909
626551,6;0,02008067
626568,2;0,0200787
626585,5;0,02007606
626601,3;0,02007367
626618;0,02007295
626634,9;0,02007253
626651,1;0,02007187
626667,8;0,0200708
626684,6;0,0200708
626700,8;0,02006974
626717,4;0,02006873
626733,9;0,02006747
626750,8;0,02006732
626767,1;0,02006622
626783,7;0,02006582
626800,3;0,02006582
626816,8;0,0200637
626833,9;0,0200637
626850,4;0,02006244
626866,4;0,02006043
626883,1;0,02006022
626899,6;0,02005921
626916,2;0,02005921
626932,8;0,02005866
626949,3;0,02005871
626965,9;0,02005906
626982,4;0,02005951
626999,2;0,02006017
627015,6;0,02006077
627032,6;0,02006153
627048,7;0,02006153
627065,3;0,02006153
627081,9;0,02006341
627098,4;0,02006442
627115;0,02006534
627131,5;0,02006595
627148,1;0,0200659
627164,7;0,02006667
627181,7;0,02006846
627198,1;0,02007093
627214,4;0,02007288
627230,9;0,02007489
627247,6;0,02007608
627264,1;0,02007716
627280,6;0,02007963
627297,6;0,02008143
627313,8;0,02008271
627330,3;0,02008271
627346,9;0,0200842
627363,4;0,02008898
627380,4;0,02009208
627396,7;0,02009362
627413,1;0,0200962
627430;0,02009752
627446,3;0,020099
627463,2;0,02009972
627479,4;0,02009972
627496,1;0,02010451
627513,1;0,02010557
627529,1;0,02010781
627545,7;0,02010862
627562,3;0,02010937
627578,9;0,02010927
627595,4;0,02010927
627612;0,02010822
627628,9;0,02010723
627645,1;0,02010693
627661,7;0,02010693
627678,3;0,02010799
627694,9;0,0201091
627711,4;0,02011184
627727,9;0,02011377
627744,6;0,02011754
627761,1;0,02011754
627777,7;0,02011938
627794,7;0,02012152
627810,8;0,02012483
627827,7;0,020129
627844;0,02012997
627860,5;0,02012997
627877,2;0,02013028
627893,6;0,02012808
627910,1;0,02012555
627927,5;0,02012303
627943,3;0,0201175
627959,9;0,02011312
627976,4;0,0201092
627993;0,02010168
628009,6;0,02009364
628026,1;0,02008917
628042,8;0,02008001
628059,3;0,02008001
628075,9;0,02006863
628092,4;0,02006101
628108,9;0,020055
628125,6;0,02005231
628142,1;0,02004947
628158,7;0,02004977
628175,3;0,02005052
628191,9;0,02005231
628208,4;0,02006297
628225,2;0,02007335
628241,5;0,02007924
628258,3;0,02007924
628275,1;0,02010871
628293,8;0,02011673
628310,4;0,02013228
628327,3;0,02013228
628343,6;0,02013993
628360,4;0,02016792
628376,7;0,02018124
628393,3;0,02018937
628409,8;0,02019656
628426,4;0,02019656
628443,4;0,02020405
628459,6;0,02022135
628476,1;0,02023459
628492,7;0,02023429
628509,2;0,02023589
628525,8;0,02023352
628542,9;0,02023118
628559,8;0,02023118
628575,7;0,02021652
628592,3;0,02021173
628608,6;0,02020439
628625,8;0,02019666
628641,9;0,02019666
628658,7;0,02017595
628674,9;0,02017152
628691,4;0,02016284
628708;0,02015483
628724,6;0,02014844
628741,1;0,02014435
628757,7;0,02014435
628774,3;0,02013646
628790,9;0,02012407
628807,9;0,02011682
628824,1;0,02011294
628841,3;0,02010755
628857,1;0,02010586
628873,8;0,02009993
628890,3;0,02009247
628906,8;0,02008623
628923,4;0,02007979
628939,9;0,02007091
628956,8;0,02006154
628973,1;0,0200567
628989,6;0,02005074
629006,3;0,02004504
629022,8;0,02003404
629039,4;0,02003277
629056;0,02002822
629072,5;0,02002822
629089,4;0,02001792
629105,6;0,02000617
629122,2;0,01999478
629138,8;0,01999115
629155,3;0,01998764
629172,2;0,01998764
629188,5;0,01997755
629205,2;0,01996945
629222,2;0,01996503
629238,2;0,01995985
629255,2;0,01995312
629271,3;0,01994709
629294,2;0,01993957
629307,3;0,01993382
629323,9;0,01993382
629340,4;0,01991213
629357;0,01991185
629373,6;0,01989454
629390,1;0,01988665
629406,7;0,01987386
629423,3;0,0198674
629439,8;0,0198674
629457;0,01984998
629472,9;0,01983913
629490,1;0,01983285
629506,1;0,01982687
629522,7;0,01982124
629539,3;0,01980268
629556,2;0,01979229
629572,4;0,0197866
629588,9;0,0197821
629605,5;0,01977896
629622,1;0,0197703
629638,8;0,01975789
629655,2;0,01975072
629671,8;0,01974568
629688,4;0,01974568
629704,9;0,01974077
629721,5;0,01974077
629738,1;0,01971893
629754,6;0,01970533
629771,3;0,01970533
629787,8;0,01969848
629804,3;0,01969629
629820,9;0,01969692
629837,4;0,0196968
629854,1;0,01969925
629870,6;0,01970168
629887,4;0,01970383
629903,7;0,0197048
629920,3;0,01971556
629936,8;0,01971968
629953,4;0,01973879
629970,8;0,01975348
629986,5;0,0197612
630003,1;0,01976967
630019,6;0,01978291
630036,3;0,01979698
630053,1;0,01980513
630069,3;0,01981772
630085,9;0,01982238
630102,7;0,01983219
630119,2;0,019837
630135,7;0,01983729
630152,3;0,01983656
630168,8;0,01983244
630185,6;0,01982364
630202,1;0,01981805
630218,4;0,0198048
630235,1;0,01979649
630251,6;0,01979649
630268,2;0,01976422
630284,8;0,01974854
630307;0,01972909
630323,6;0,01972909
630340,1;0,01971984
630356,7;0,01971984
630373,6;0,01970087
630389,8;0,01966206
630406,4;0,01964278
630423,1;0,01962678
630439,5;0,01961761
630456,4;0,01960534
630472,6;0,01959568
630489,3;0,01959044
630505,8;0,01958658
630522,4;0,01958421
630538,9;0,01958421
630555,5;0,01958557
630572,1;0,01958899
630588,6;0,01959136
630605,3;0,01959136
630621,9;0,01960185
630638,3;0,01960647
630654,9;0,01961165
630671,4;0,01961831
630688,3;0,01962665
630704,7;0,01963054
630721,2;0,01963877
630737,8;0,01963877
630754,3;0,01964927
630771,4;0,01965572
630787,4;0,01965572
630804,8;0,01966986
630820,6;0,01967149
630837,6;0,01968025
630853,7;0,01968388
630870,3;0,01969008
630886,8;0,01969439
630903,5;0,01970077
630920;0,01970547
630936,5;0,0197126
630953,1;0,01971683
630969,7;0,01971736
630986,2;0,0197211
631002,8;0,01972637
631019,4;0,01974606
631035,9;0,01974989
631052,5;0,01975341
631069;0,01976085
631086;0,01976656
631102,2;0,01976945
631118,9;0,01976945
631135,3;0,01977911
631152,4;0,01977911
631168,4;0,01978123
631185;0,01978515
631201,6;0,01978694
631218,3;0,01978882
631234,8;0,01979264
631251,3;0,01979773
631268,1;0,01980043
631284,9;0,01980281
631300,9;0,01980549
631317,6;0,01981172
631334,1;0,01981172
631350,9;0,01981493
631367,3;0,01981493
631383,9;0,01982131
631406,7;0,0198324
631418,1;0,01983776
631434,7;0,01984265
631451,3;0,01984475
631468,4;0,01985361
631484,4;0,01985881
631501;0,01986028
631517,5;0,01986461
631534,1;0,01986461
631550,7;0,01986461
631567,5;0,01988216
631583,9;0,01989402
631600,3;0,01989913
631616,9;0,01990019
631633,5;0,01990019
631650,3;0,01992449
631666,9;0,01994476
631683,3;0,01995676
631699,8;0,0199822
631716,4;0,0199952
631732,9;0,02002181
631749,4;0,02003421
631766,1;0,02005249
631782,6;0,02005525
631799,2;0,02005908
631815,9;0,02005924
631832,3;0,02005796
631849,1;0,02005626
631865,8;0,02005425
631882;0,02005286
631898,6;0,02005136
631915,2;0,02004631
631931,7;0,02004406
631948,3;0,02003912
631964,9;0,02003589
631981,4;0,02003325
631998;0,02003332
632015,2;0,02002213
632031,1;0,02001981
632047,7;0,02001981
632064,2;0,02001322
632080,8;0,0200125
632097,8;0,020014
632114,4;0,0200187
632130,5;0,0200224
632147,1;0,02002675
632163,6;0,02003072
632180,4;0,02003731
632196,8;0,0200523
632213,3;0,02006426
632229,9;0,02007103
632246,8;0,02007103
632263,1;0,0200771
632279,6;0,0200771
632296,1;0,02009835
632313,5;0,02012715
632329,6;0,02014049
632345,9;0,0201469
632363,3;0,0201573
632379,8;0,02016917
632396,6;0,02018225
632413,6;0,02019415
632429,9;0,02020019
632446,1;0,02020574
632462,8;0,02021536
632479,3;0,02021536
632496,8;0,02022434
632512,4;0,02023728
632528,9;0,02024139
632545,6;0,02024968
632562,1;0,02025796
632578,7;0,02026262
632595,2;0,02026262
632612,1;0,02026816
632628,8;0,0202836
632644,9;0,0202857
632661,5;0,02029368
632678,1;0,02030258
632694,6;0,02030793
632711,2;0,02031814
632727,8;0,02031933
632744,3;0,02032669
632760,9;0,0203355
632778,3;0,02034412
632794,1;0,02034821
632810,6;0,02035647
632827,5;0,02036038
632843,8;0,02036916
632860,3;0,02037504
632876,8;0,02037806
632893,6;0,02037806
632910,5;0,02037806
632926,6;0,02038715
632943,1;0,02040147
632959,8;0,02041321
632976,3;0,02042133
632992,8;0,02043105
633009,4;0,02043105
633026;0,02043995
633042,6;0,02044979
633059,1;0,02045868
633075,8;0,02046376
633092,4;0,02046696
633108,9;0,02047256
633125,4;0,02048942
633142,7;0,02049441
633159;0,02050424
633175,3;0,0205084
633191,8;0,02051718
633208,2;0,02051718
633224,8;0,0205298
633241,3;0,02053335
633257,9;0,0205393
633274,9;0,02054571
633291;0,02055051
633307,6;0,02055051
633324,2;0,02055504
633340,7;0,02055923
633359,3;0,02056126
633373,8;0,02056518
633390,6;0,02056518
633407,6;0,02057348
633423,5;0,02057669
633440,6;0,02058038
633456,7;0,02058038
633473,4;0,02058295
633490,4;0,0205932
633506,4;0,02059696
633522,9;0,02059696
633539,6;0,02059961
633556,3;0,02060257
633572,7;0,02060692
633589,3;0,02061835
633605,8;0,02062169
633622,4;0,02062169
633638,9;0,02062991
633655,5;0,02063273
633672,1;0,02063484
633688,8;0,02064139
633705,2;0,02064695
633721,8;0,02064846
633738,6;0,02065577
633755,3;0,02066045
633771,5;0,02066529
633788;0,02066852
633804,7;0,02067436
633821,8;0,02067655
633837,7;0,02068288
633854,6;0,02068874
633870,9;0,02069172
633887,4;0,02069434
633904;0,02069576
633920,6;0,02070256
633937,1;0,02070966
633953,9;0,02071249
633970,3;0,02071249
633986,9;0,02071808
634003,6;0,02072235
634019,9;0,02072577
634036,5;0,02073042
634053,1;0,02073252
634069,6;0,02073638
634086,3;0,02073653
634102,8;0,02073992
634119,3;0,02074337
634135,9;0,02074337
634152,4;0,02074779
634169,2;0,02074779
634185,6;0,02074901
634202,2;0,02075072
634218,8;0,02075667
634235,4;0,02076457
634251,9;0,02076848
634268,4;0,02077105
634285,1;0,02077741
634301,6;0,02078368
634318,2;0,02078736
634334,7;0,02078736
634351,3;0,02079599
634371,7;0,02079977
634388,8;0,02080255
634404,9;0,02080293
634421,4;0,02080504
634437,9;0,02080785
634454,5;0,02081113
634471,1;0,0208142
634487,7;0,02081855
634504,2;0,02082227
634521;0,0208258
634537,4;0,02082913
634553,9;0,02083046
634570,5;0,02083046
634587,9;0,02083202
634603,9;0,02083256
634620,2;0,02083256
634636,9;0,02083245
634653,6;0,02083229
634670,4;0,0208317
634686,4;0,02083127
634703;0,02083127
634719,8;0,02082871
634736,1;0,02082444
634752,8;0,02081894
634769,3;0,02081894
634786,8;0,02081532
634802,4;0,02081532
634819,5;0,02081137
634836,1;0,02081137
634852,4;0,02079881
634868,7;0,02077983
634885,9;0,02076465
634901,8;0,02075468
634918,4;0,02074918
634935,6;0,02074918
634951,6;0,02074365
634968,1;0,02072226
634984,7;0,02071068
635001,3;0,02071068
635017,8;0,02069916
635034,5;0,02068538
635050,9;0,02068268
635067,5;0,02066774
635084,1;0,02065909
635101,7;0,02065263
635118,1;0,02064195
635133,8;0,02064195
635150,3;0,02063029
635166,9;0,02061229
635183,5;0,02060601
635200,1;0,02059975
635216,8;0,02059644
635233,1;0,02057829
635249,7;0,02056916
635266,5;0,02055774
635283,1;0,0205509
635299,7;0,02054358
635316,1;0,02053479
635332,6;0,02053479
635349,1;0,0205304
635365,7;0,02051708
635383,9;0,02050901
635400,4;0,02050442
635417,1;0,02050442
635434,1;0,0204951
635450,1;0,0204951
635466,8;0,0204951
635483,5;0,02049016
635500,4;0,02047289
635516,4;0,02045063
635533;0,02044063
635549,9;0,02043061
635566,1;0,02042489
635582,8;0,02042023
635600;0,02041396
635615,9;0,02040094
635632,4;0,02039521
635649,8;0,02038551
635665,5;0,02038551
635682,1;0,02037971
635698,7;0,02036443
635715,2;0,02035948
635731,9;0,02035375
635748,4;0,02034637
635764,9;0,02033899
635781,9;0,02033546
635798,1;0,02032716
635814,9;0,02032716
635831,2;0,0203191
635847,8;0,02030715
635864,4;0,02030005
635880,9;0,02029057
635897,9;0,02028626
635914;0,020277
635930,6;0,02027705
635947,8;0,02026763
635963,8;0,02025776
635980,4;0,0202483
635997,3;0,02024338
636013,6;0,02024338
636029,9;0,02022419
636046,9;0,02021958
636063,1;0,02021383
636080,3;0,0202111
636096,3;0,02020712
636112,9;0,02020712
636129,4;0,02020301
636145,9;0,02018961
636162,8;0,02017659
636179,1;0,02017072
636195,7;0,02016502
636212,3;0,02015658
636228,8;0,02015193
636245,4;0,02014388
636261,9;0,02014011
636278,5;0,02013236
636295,1;0,02012688
636311,8;0,02011959
636328,2;0,02011586
636344,8;0,02011586
636361,8;0,02010516
636377,9;0,02009944
636397,3;0,02009495
636413,9;0,02009495
636431,1;0,02009163
636447,4;0,02008856
636463,9;0,02008507
636480,2;0,02008076
636496,8;0,02007814
636513,3;0,02007325
636529,9;0,020071
636546,4;0,020071
636563,1;0,02006343
636579,7;0,02006158
636596,1;0,02005824
636612,8;0,02005644
636629,3;0,02005644
636645,9;0,02005111
636662,4;0,02004932
636679;0,02004932
636695,8;0,02004867
636712,4;0,02004489
636729,2;0,02004509
636745,3;0,0200441
636762,1;0,02004362
636778,8;0,02004798
636795,3;0,02005332
636811,6;0,02005967
636828,1;0,02006231
636845,1;0,02006721
636861,2;0,02006987
636878;0,02007366
636894,4;0,02007689
636910,9;0,02008188
636927,9;0,02008188
636944;0,02008486
636960,6;0,02009393
636977,2;0,02010019
636993,8;0,0201044
637010,9;0,02010866
637027,4;0,02011689
637043,5;0,02011689
637060,3;0,02012579
637076,6;0,02013247
637093,4;0,02014036
637109,8;0,02014424
637126,4;0,02015309
637143;0,02016035
637160,1;0,02016609
637175,9;0,02016609
637192,6;0,02017859
637209,1;0,02018712
637225,9;0,02019376
637242,6;0,02020061
637259,4;0,02021079
637275,8;0,02021079
637292;0,02022183
637308,8;0,02023136
637325,1;0,0202464
637341,7;0,02025866
637358,4;0,02025866
637374,8;0,02026121
637391,4;0,02026467
637408;0,02026467
637424,5;0,02027984
637441,2;0,02031082
637457,6;0,02032519
637474,6;0,02032986
637490,8;0,02033633
637507,7;0,02035569
637524;0,02035569
637540,6;0,02037596
637557,7;0,02038672
637573,9;0,0203944
637590,1;0,02040103
637606,8;0,02040103
637623,3;0,02041135
637639,9;0,0204378
637656,6;0,02044743
637673,8;0,02046077
637689,6;0,02046779
637706,1;0,02046779
637722,7;0,02048096
637739,9;0,02049825
637756,4;0,02050602
637772,4;0,02051051
637789,9;0,02051688
637805,6;0,02053818
637822,6;0,02054475
637838,7;0,02055746
637855,3;0,02057049
637872,2;0,0205801
637888,4;0,02059088
637904,9;0,02059663
637921,5;0,02060406
637938,1;0,02061556
637954,6;0,02062507
637971,2;0,02063539
637987,8;0,02064071
638004,8;0,02064071
638020,9;0,02064071
638037,9;0,02064071
638054;0,0206489
638070,8;0,02066393
638087,3;0,02068119
638104,3;0,02068802
638120,3;0,02069143
638136,8;0,02069901
638153,8;0,02070282
638170;0,02070349
638186,8;0,02071735
638203,4;0,02072412
638219,7;0,02072828
638236,3;0,0207315
638252,8;0,02073734
638269,4;0,02073965
638285,9;0,02074479
638302,8;0,02074694
638319,1;0,02074694
638335,6;0,02075479
638352,3;0,02075543
638368,8;0,0207586
638385,4;0,02076095
638403,8;0,02076234
638418,9;0,02076335
638435,1;0,02076346
638451,6;0,02076389
638468,2;0,0207642
638484,8;0,0207642
638501,3;0,020766
638517,9;0,02076732
638534,5;0,02076796
638551,4;0,02076843
638567,6;0,02076848
638584,6;0,02076995
638600,7;0,02077042
638617,6;0,02077136
638634,3;0,02077136
638650,8;0,02077178
638667;0,02077173
638683,6;0,02077245
638700,1;0,02077392
638716,7;0,02077617
638733,4;0,02077654
638750;0,02077712
638766,5;0,02077759
638782,9;0,02077901
638799,6;0,02077989
638816,5;0,02078151
638832,6;0,02078303
638849,3;0,02078303
638866,3;0,02078527
638882,4;0,02078845
638899,1;0,02079006
638915,4;0,02079153
638932,1;0,02079231
638949,1;0,02079372
638965,2;0,02079428
638982,2;0,02079576
638998,4;0,0207966
639015,4;0,02079717
639032,2;0,02079733
639048,1;0,02079776
639064,6;0,02079781
639081,2;0,02079739
639098,4;0,02079717
639114,3;0,02079717
639130,9;0,02079516
639147,4;0,02079394
639164,2;0,02079358
639181;0,02079262
639197,1;0,0207922
639213,7;0,02079056
639230,3;0,02078945
639246,9;0,02078722
639263,4;0,02078706
639279,9;0,02078545
639296,9;0,02078364
639313,1;0,02078364
639329,6;0,02078149
639346,3;0,02077691
639362,8;0,02077691
639380,1;0,02078386
639400,7;0,0207996
639412,5;0,0208112
639429,1;0,0208208
639445,6;0,02083471
639462,3;0,02084364
639478,8;0,02086128
639495,3;0,0208767
639511,9;0,020883
639528,4;0,02089336
639545,1;0,02089454
639561,8;0,02090294
639578,9;0,02090738
639594,9;0,02090761
639611,3;0,02090486
639628,2;0,02090431
639645,5;0,02089831
639661,5;0,02089445
639677,6;0,02088921
639694,1;0,02087598
639710,7;0,02087049
639727,3;0,02087049
639744,1;0,02084825
639760,4;0,02084825
639777;0,02083848
639793,5;0,02082379
639810,1;0,02082379
639826,7;0,02080596
639843,3;0,02079418
639859,8;0,02078209
639876,3;0,02077634
639892,9;0,02076973
639909,5;0,02075958
639926,1;0,02075656
639942,8;0,02075436
639959,3;0,02075436
639975,8;0,02074923
639992,3;0,02073836
640009,1;0,02071739
640025,6;0,02070905
640042,1;0,02070089
640058,9;0,02069672
640075,1;0,02068856
640091,8;0,02068192
640108,3;0,02067606
640125;0,02067208
640141,5;0,02067208
640158;0,02065577
640174,8;0,02065134
640191,2;0,02064021
640207,9;0,02064021
640224,3;0,02062814
640240,9;0,02061973
640257,9;0,02061017
640274;0,02060461
640291,2;0,02059996
640307,4;0,02058794
640323,8;0,02058112
640340,2;0,02058112
640356,8;0,0205699
640373,8;0,02056368
640389,9;0,02056119
640406,5;0,02056056
640423,1;0,02055912
640439,6;0,02055784
640462,3;0,02055848
640474,3;0,02056082
640490,9;0,02056235
640507,6;0,02056313
640524,2;0,02056628
640540,7;0,02056851
640557,2;0,02056857
640573,9;0,02056857
640590,3;0,02056857
640606,9;0,02056878
640623,4;0,02056747
640640,1;0,02056327
640657,1;0,02056016
640673,2;0,02055634
640689,8;0,02055276
640706,3;0,02055054
640723,3;0,0205466
640739,7;0,02054406
640756,3;0,02054145
640772,5;0,02054051
640789,1;0,02054051
640806,1;0,02053893
640822,2;0,02053857
640838,8;0,02053857
640855,4;0,02053857
640871,9;0,02053856
640888,8;0,02054053
640905,4;0,02054164
640921,6;0,02054228
640938,3;0,02054228
640955,3;0,02054376
640971,3;0,02054524
640987,9;0,02054577
641004,4;0,02054635
641021,3;0,02054554
641037,7;0,02054436
641054,1;0,02054149
641071,1;0,02053973
641088,4;0,02053973
641104,3;0,02053595
641121,2;0,02053052
641137,6;0,02052645
641154,8;0,02052645
641170,8;0,02051952
641187,1;0,02051794
641203,7;0,02051794
641220,8;0,02051589
641236,8;0,02051589
641253,6;0,02051233
641269,9;0,02050167
641286,8;0,02049621
641303,3;0,02049367
641319,6;0,02049014
641336,2;0,02048216
641353,2;0,02046949
641369,3;0,02046949
641385,9;0,02046184
641402,4;0,02043871
641419;0,02040653
641435,6;0,02038678
641452,8;0,02036675
641468,9;0,020349
641489,3;0,02032348
641505,8;0,0203055
641522,4;0,02029487
641539,4;0,02027943
641555,6;0,02026552
641572,1;0,02026552
641588,8;0,02026005
641605,6;0,02025219
641621,8;0,0202509
641638,4;0,02025107
641654,9;0,02025107
641671,5;0,02025515
641688,1;0,0202594
641704,6;0,02026547
641721,2;0,02026704
641737,8;0,02027429
641754,3;0,02028198
641770,9;0,02028994
641787,5;0,02029614
641804,3;0,02029857
641821,3;0,02030566
641837,2;0,02030902
641853,7;0,02031082
641871,5;0,02031184
641893,6;0,02032036
641914,9;0,02033179
641933,6;0,02033567
641950,1;0,02033939
641966,7;0,02034297
641984,5;0,02034801
642002;0,0203505
642023,9;0,02035508
642042,5;0,02036018
642059,4;0,02036563
642076,6;0,02036563
642095,9;0,02037363
642117,4;0,02037811
642138,1;0,02038319
642156,4;0,02038319
642173;0,02039383
642189,5;0,02039481
642209,4;0,02040367
642229,8;0,02040936
642246,8;0,02041216
642264,5;0,02041645
642282,5;0,02042021
642300,1;0,02042265
642320,9;0,02042443
642341,5;0,02042606
642359,8;0,02042704
642379,1;0,02042704
642395,7;0,02042574
642413,6;0,02042392
642431,2;0,02042229
642450,2;0,02041825
642467,4;0,02041767
642485,4;0,02041599
642505,4;0,02041334
642526;0,02041334
642556;0,02039916
642573;0,02039042
642589,1;0,02038912
642605,7;0,02038907
642622,3;0,02038928
642638,8;0,02039067
642655,7;0,02039185
642671,9;0,02039241
642688,6;0,02039241
642706,8;0,0203956
642726,6;0,02039924
642746;0,02040058
642762,7;0,02040001
642780,1;0,02039934
642798,3;0,02039681
642814,8;0,02039335
642831,8;0,0203934
642851,1;0,02039002
642868,1;0,02038716
642884,6;0,02038716
642902,3;0,02037902
642919,8;0,02037438
642938,4;0,02037136
642956,3;0,02037136
642973,7;0,02036724
642990,3;0,0203602
643007;0,02035724
643023,6;0,02035554
643040,2;0,02035554
643056,8;0,02035363
643073,3;0,02035378
643089,9;0,02035409
643106,5;0,02035491
643123,4;0,02035491
643143,1;0,02035552
643165,3;0,02035598
643181,9;0,02035796
643199,9;0,02036158
643216,4;0,02036265
643233,1;0,02036433
643249,6;0,0203655
643266,2;0,02036708
643282,7;0,02036861
643299,4;0,02036927
643316,3;0,02037003
643333,2;0,02037049
643349,1;0,02037136
643365,6;0,02037161
643382,1;0,02037253
643398,7;0,02037309
643415,3;0,02037416
643431,8;0,02037477
643448,4;0,02037492
643464,9;0,02037748
643481,7;0,02037748
643498,8;0,02037675
643514,6;0,02037675
643532,6;0,02037529
643547,8;0,02037243
643564,5;0,02037012
643580,9;0,02036897
643597,5;0,02036594
643614,1;0,02036426
643630,6;0,02036201
643647,8;0,02036201
643664,6;0,02035263
643680,8;0,02034768
643697,6;0,02034427
643713,8;0,02034248
643730,3;0,02034012
643746,6;0,02033185
643763,6;0,02033185
643779,8;0,02032906
643796,3;0,02032906
643812,9;0,02032372
643829,9;0,0203167
643846,1;0,02031601
643862,6;0,02031606
643879,1;0,02031596
643895,7;0,02031702
643912,3;0,02031913
643928,8;0,02032057
643945,4;0,02032343
643962,3;0,02032427
643978,5;0,0203273
643995,3;0,0203325
644011,8;0,02033708
644028,2;0,02034054
644045,1;0,02034176
644061,7;0,02034363
644077,9;0,02035119
644094,5;0,02035119
644111,7;0,02035637
644127,6;0,02036187
644144,2;0,02036187
644160,8;0,02036752
644178,2;0,02037633
644194,2;0,02037993
644210,4;0,02038246
644227,9;0,02038246
644244,1;0,02039235
644260,6;0,02039571
644276,9;0,02040266
644293,5;0,02040937
644310;0,02041315
644326,4;0,02041667
644343;0,02042474
644359,6;0,02042956
644376,1;0,02043846
644392,7;0,02044264
644409,4;0,0204435
644425,8;0,02044758
644442,4;0,02045178
644459,1;0,0204683
644475,8;0,02048074
644492,1;0,02048558
644509,4;0,02049055
644525,2;0,02050664
644542,4;0,02051263
644558,4;0,02052188
644575;0,02052188
644591,6;0,02053592
644608,3;0,02054831
644624,6;0,02055318
644641,2;0,02056321
644658,3;0,02057058
644674,6;0,02057342
644690,9;0,02058199
644707,9;0,02059468
644724;0,02060497
644740,7;0,02061072
644757,5;0,02062277
644773,8;0,02063123
644790,3;0,02064123
644806,9;0,0206487
644823,5;0,02065438
644840,4;0,02066232
644856,6;0,02067983
644873,6;0,02068647
644889,7;0,0206992
644906,3;0,02070839
644922,9;0,02071838
644939,6;0,02073066
644955,9;0,0207371
644972,6;0,02074884
644989,1;0,02074884
645005,7;0,02076598
645022,3;0,02077129
645039,2;0,02077129
645055,4;0,02077618
645071,9;0,0207865
645088,5;0,02078682
645105,1;0,02080827
645121,7;0,02082436
645138,2;0,02083214
645154,8;0,02083558
645171,5;0,02084496
645187,9;0,02085854
645204,4;0,02085854
645221;0,02087214
645237,8;0,02088764
645254,6;0,02089288
645270,8;0,02090472
645287,8;0,02091148
645303,9;0,0209222
645320,4;0,0209324
645337;0,02094047
645353,6;0,02094047
645370,8;0,0209478
645386,8;0,02097054
645403,3;0,02097054
645419,8;0,02098208
645437,1;0,02099326
645452,9;0,02100423
645469,6;0,02101342
645486,1;0,02102259
645503,1;0,02102615
645519,4;0,02103634
645535,8;0,02104593
645552,4;0,0210502
645569,3;0,02105515
645585,5;0,02105948
645602,1;0,0210688
645618,7;0,02107942
645635,9;0,02108723
645652,1;0,02109177
645668,3;0,02109177
645684,9;0,02109587
645701,6;0,02109988
645718;0,02109988
645734,6;0,02110761
645751,2;0,02112316
645767,7;0,02113191
645784,3;0,02113675
645800,9;0,02114038
645817,4;0,02114814
645834;0,02115617
645850,6;0,02116009
645867,5;0,02116009
645883,7;0,02117042
645900,3;0,02118026
645917,8;0,0211844
645933,4;0,02118704
645949,9;0,02119009
645966,6;0,02119859
645983,1;0,02120184
645999,6;0,02120326
646016,3;0,02120326
646032,8;0,02120622
646049,5;0,02120738
646066;0,0212077
646082,9;0,02120841
646099,1;0,02120841
646115,6;0,02120825
646132,5;0,02120765
646148,8;0,02120738
646165,4;0,02120689
646182,1;0,02120634
646198,5;0,02120504
646215;0,02120465
646231,9;0,02120346
646248,3;0,02120346
646264,7;0,02120035
646281,3;0,02119905
646297,9;0,02119682
646314,4;0,02119573
646331,1;0,02119491
646347,8;0,02119432
646364,3;0,02119186
646380,7;0,0211824
646397,3;0,0211801
646413,8;0,02117753
646430,5;0,02117517
646447,6;0,02116668
646463,9;0,02116103
646480,1;0,02115764
646496,6;0,02115764
646513,6;0,02115118
646529,8;0,02113994
646546,4;0,02113634
646563,3;0,02112829
646579,9;0,02112829
646599,7;0,02112101
646612,6;0,02111647
646629,2;0,02110304
646645,8;0,02109863
646662,3;0,02109426
646679,5;0,02107901
646695,4;0,02107393
646712,5;0,02106375
646728,6;0,02105886
646745,4;0,0210483
646761,8;0,02103681
646778,3;0,02103095
646794,9;0,0210198
646811,4;0,02101448
646828,1;0,02100259
646844,6;0,02100259
646861,1;0,02099138
646877,7;0,02097853
646894,3;0,02096555
646911,1;0,02096169
646927,5;0,02094883
646944,1;0,02094325
646960,5;0,02094093
646977,5;0,02093761
646994,2;0,0209315
647010,3;0,02092711
647026,9;0,02090956
647043,3;0,02090956
647059,9;0,02089158
647076,5;0,02087322
647093,3;0,02086286
647109,9;0,02085774
647126,3;0,02085774
647143,4;0,02084611
647159,4;0,02082846
647175,9;0,02081794
647192,6;0,02081064
647209,1;0,02080281
647225,8;0,02079858
647242,2;0,02079428
647258,8;0,02077501
647275,3;0,02077501
647291,9;0,02075948
647308,6;0,02074534
647325;0,02073958
647341,6;0,02072788
647358,6;0,02072007
647374,7;0,02070869
647391,3;0,02069842
647408,2;0,02068755
647424,4;0,02068702
647441;0,02067216
647457,8;0,02066499
647474,1;0,02065603
647490,9;0,02064763
647507,9;0,02064763
647523,8;0,02063436
647540,8;0,0206223
647557,4;0,02060997
647573,5;0,02060997
647590;0,02059978
647607,4;0,02059492
647623,2;0,02059464
647639,8;0,02059004
647657,1;0,02058817
647672,9;0,02056489
647690,1;0,02055706
647706,1;0,02054741
647722,6;0,0205445
647739,3;0,0205445
647755,8;0,02053286
647772,3;0,0205274
647788,9;0,02051933
647805,9;0,0205151
647821,9;0,0205151
647838,6;0,02049755
647855,1;0,02048804
647871,7;0,02047593
647888,3;0,02047593
647905,3;0,02046314
647921,6;0,02045218
647937,9;0,02044019
647955,1;0,02044019
647971,8;0,02044019
647987,8;0,02041817
648004,2;0,02041012
648020,9;0,02041012
648037,4;0,02039718
648054,2;0,02038949
648071,3;0,02038504
648087,1;0,02038234
648103,6;0,02037771
648120,2;0,02037053
648136,8;0,02036694
648153,3;0,02036539
648170,3;0,02036399
648186,4;0,02036243
648203,6;0,0203614
648219,6;0,02036173
648236,1;0,02036227
648252,8;0,02036227
648269,4;0,02036227
648285,8;0,0203644
648302,8;0,02037126
648319,3;0,02038199
648335,6;0,02038345
648352,1;0,02039084
648368,7;0,02039949
648385,3;0,02040825
648401,8;0,02041683
648418,4;0,02042226
648434,9;0,02042774
648451,6;0,02042774
648468,6;0,02043935
648484,7;0,02045243
648501,3;0,02046309
648517,8;0,02047496
648534,4;0,02047496
648551,3;0,02048911
648567,5;0,02049229
648584,1;0,02050129
648600,8;0,02051635
648617,2;0,02052281
648633,8;0,02053495
648650,3;0,02054459
648666,9;0,0205537
648683,5;0,02056798
648700;0,02057571
648716,9;0,02058816
648733,1;0,02059458
648749,8;0,02059458
648766,3;0,02061676
648782,8;0,02063109
648799,4;0,02064389
648816,2;0,02064516
648832,6;0,02065198
648849,2;0,02067138
648865,7;0,0206827
648882,3;0,0206827
648898,9;0,02068878
648915,6;0,02069438
648931,9;0,02070039
648948,6;0,02072053
648965,1;0,02073464
648981,6;0,02074507
648998,5;0,02075123
649014,8;0,02075678
649031,4;0,02075873
649047,9;0,02077697
649064,5;0,0207862
649081,1;0,02079323
649097,6;0,02079856
649114,3;0,02080085
649130,8;0,0208187
649147,3;0,0208187
649164,5;0,02082868
649180,8;0,02083692
649197;0,02083692
649214,2;0,02084921
649230,2;0,02085418
649247,1;0,02085695
649263,3;0,02086215
649280;0,02086739
649296,4;0,02086739
649313;0,02087007
649329,5;0,02087765
649346,1;0,02088188
649362,7;0,02088188
649379,3;0,02088422
649396,4;0,02089074
649412,4;0,02089393
649428,9;0,02089577
649445,6;0,02089758
649462,3;0,02089964
649478,6;0,02090504
649495,3;0,02090858
649512,1;0,02091024
649528,4;0,02091024
649544,9;0,02091226
649561,4;0,02091414
649578,1;0,02091824
649594,6;0,02092468
649611,2;0,02092784
649627,8;0,0209295
649644,4;0,02093303
649660,9;0,02093508
649677,5;0,02093811
649695,2;0,0209409
649724,1;0,02094888
649724,1;0,02095139
649744,1;0,02095187
649760,8;0,02095227
649777,3;0,02095509
649793,8;0,02095509
649810,4;0,02096294
649826,9;0,02096322
649843,8;0,02097077
649860,1;0,02097403
649876,6;0,02097966
649893,2;0,02098168
649910,1;0,02098502
649926,4;0,02099248
649942,9;0,02099561
649960;0,02099561
649976,4;0,02099699
649992,6;0,02100227
650009,1;0,02100247
650025,9;0,02100216
650042,3;0,02100216
650058,9;0,02100029
650075,4;0,02099878
650092,2;0,02099878
650109,4;0,02099716
650125,4;0,02098989
650141,8;0,02097799
650158,3;0,02096557
650174,9;0,02096107
650192,1;0,02096107
650208,1;0,02094237
650224,6;0,02092894
650241,5;0,02091458
650257,7;0,02090606
650274,3;0,02090606
650291;0,02088238
650307,4;0,02087504
650323,9;0,020865
650340,5;0,02084189
650357,1;0,02082539
650374,4;0,02081328
650390,3;0,02080884
650406,8;0,02079591
650423,4;0,02077436
650439,9;0,02076534
650456,5;0,02074788
650473;0,0207307
650489,6;0,02072178
650506,2;0,02070437
650522,8;0,02069532
650539,3;0,02067826
650555,9;0,02066927
650572,9;0,02065094
650589;0,02065094
650605,6;0,02064101
650622,1;0,02061034
650638,8;0,02059603
650655,3;0,0205795
650671,8;0,0205795
650688,4;0,02056044
650705,4;0,02055312
650721,8;0,02054374
650738,2;0,02054374
650755;0,02052457
650771,4;0,02049996
650787,8;0,02047827
650804,4;0,02047827
650821,1;0,02046352
650837,5;0,02044185
650854,1;0,02043222
650870,6;0,02042725
650887,5;0,0204174
650903,8;0,02039968
650920,4;0,02038649
650936,9;0,02037972
650953,5;0,02036682
650970,1;0,02036015
650986,6;0,02034714
651003,2;0,02034055
651020,1;0,02032795
651036,3;0,02032023
651052,9;0,02030867
651070,1;0,0203031
651086;0,02030248
651102,6;0,02028361
651119,1;0,0202754
651135,7;0,02026747
651152,8;0,02026314
651168,8;0,02025431
651185,4;0,02024967
651201,9;0,02024967
651218,5;0,02023273
651235,4;0,02022841
651251,6;0,02022315
651268,3;0,02021614
651284,8;0,02021614
651301,4;0,02020294
651318,4;0,02019448
651334,5;0,02019041
651351,1;0,02019041
651367,9;0,02018587
651384,4;0,02018124
651400,8;0,02016787
651417,4;0,02015507
651433,9;0,02015047
651450,8;0,02013658
651467,1;0,02013169
651483,6;0,02012594
651500,2;0,02011747
651516,8;0,02011094
651533,3;0,02010183
651550,6;0,02010183
651566,4;0,0200899
651583;0,02007556
651599,7;0,02006997
651616,1;0,02006487
651632,7;0,02006487
651649,3;0,02005308
651666,3;0,02003215
651682,4;0,02002582
651699,4;0,02002053
651715,5;0,0200087
651732,1;0,0200087
651748,7;0,02000703
651765,3;0,01998738
651781,8;0,01996177
651798,4;0,01996177
651814,9;0,01993931
651831,9;0,01992826
651848,1;0,01991956
651864,6;0,01989996
651881,3;0,0198804
651897,8;0,01986998
651915,1;0,01984998
651931;0,01984998
651947,4;0,01982938
651964,1;0,01981086
651980,6;0,01981086
651997,2;0,01981086
652014,2;0,01980209
652030,3;0,01980209
652046,9;0,01979264
652064,1;0,01976623
652080,6;0,01974792
652096,9;0,01972309
652113,2;0,01969336
652129,7;0,01967116
652146,3;0,01966223
652162,9;0,01966223
652179,4;0,01963525
652196,1;0,01961787
652212,5;0,01961114
652229,1;0,01959416
652245,7;0,01957694
652262,7;0,01957616
652278,8;0,01955084
652295,6;0,01953256
652311,9;0,01952335
652328,5;0,01950561
652345,1;0,01949652
652361,9;0,01948548
652378,3;0,01946884
652395,6;0,01945203
652411,3;0,0194426
652428,1;0,01942443
652444,4;0,01940922
652461;0,01939661
652477,6;0,01938505
652494,1;0,01936841
652510,8;0,01935831
652527,3;0,01934023
652543,9;0,01934023
652560,6;0,0193117
652577,5;0,01929201
652593,6;0,01928124
652610,4;0,01926428
652626,7;0,01926428
652643,3;0,0192544
652659,9;0,0192544
652676,4;0,01923224
652692,9;0,01918761
652710,5;0,01918584
652726,1;0,01916679
652742,7;0,01914671
652759,2;0,01912858
652775,8;0,01910863
652792,6;0,01910863
652808,9;0,01908946
652825,5;0,01906921
652842,1;0,01906921
652858,6;0,01904799
652875,2;0,01901971
652891,8;0,01901022
652908,3;0,01898936
652924,9;0,01897225
652941,4;0,0189695
652958,5;0,01894961
652974,6;0,01892847
652991,1;0,01890927
653007,8;0,01890013
653024,3;0,01888085
653041,1;0,01887071
653058,1;0,01885059
653074,1;0,01883868
653090,6;0,01882233
653107,1;0,01880359
653123,7;0,01879418
653141,1;0,01878363
653157,6;0,01877629
653173,4;0,01874754
653190,9;0,01872935
653207;0,01872078
653223,1;0,01871043
653239,7;0,0186929
653256,3;0,01868443
653272,9;0,01868443
653289,4;0,01867539
653306,2;0,01866633
653322,5;0,01863574
653339,1;0,01860829
653355,6;0,01859904
653372,3;0,01859052
653388,8;0,01857457
653405,6;0,01855891
653422,1;0,01855089
653438,5;0,01853559
653455;0,01852701
653471,8;0,01852701
653488,2;0,01852701
653505,1;0,01852104
653521,3;0,01849143
653537,8;0,0184704
653554,4;0,01846184
653571;0,01845175
653587,6;0,0184419
653604,1;0,01843398
653620,7;0,01842311
653637,3;0,01841731
653653,8;0,01841047
653670,4;0,01839887
653687,1;0,0183936
653703,6;0,01838464
653720,1;0,01838038
653737,2;0,01837654
653753,6;0,01837654
653770,1;0,01836183
653786,4;0,01835874
653802,9;0,01835564
653819,5;0,01834719
653836,1;0,01834459
653852,6;0,01834214
653869,9;0,0183384
653885,8;0,01833359
653902,4;0,01833359
653918,9;0,01833175
653935,7;0,01833175
653952,1;0,0183282
653968,6;0,01832339
653985,2;0,01832139
654002,7;0,01831982
654018,3;0,01831917
654034,9;0,01831886
654051,4;0,01831808
654068;0,01831808
654084,6;0,01831834
654101,8;0,01831904
654117,7;0,01831964
654134,3;0,01831964
654151,7;0,01832255
654167,4;0,01832345
654184,1;0,01832514
654200,5;0,01832566
654217,3;0,01832786
654233,8;0,01833134
654250,4;0,01833533
654266,8;0,01833731
654283,6;0,01834103
654299,9;0,01834298
654316,6;0,0183473
654333,1;0,01835002
654349,8;0,01835489
654366,2;0,01835991
654382,8;0,01836423
654399,4;0,01836549
654415,9;0,01837163
654432,6;0,01837689
654449,1;0,01838203
654465,7;0,01838764
654482,2;0,0183911
654498,7;0,01839432
654515,3;0,01839618
654532,3;0,01840856
654548,4;0,01840856
654565;0,01841232
654581,6;0,01841232
654598,2;0,01841655
654614,7;0,01843048
654631,3;0,01844778
654647,8;0,01845208
654665,1;0,01845208
654681;0,01846508
654697,9;0,01847203
654714,4;0,01847832
654730,7;0,01848842
654747,6;0,01849425
654763,9;0,01850183
654780,4;0,01850255
654797,4;0,0185115
654813,5;0,0185266
654830,6;0,018531
654846,6;0,01853956
654863,3;0,01854632
654879,8;0,0185512
654896,4;0,0185512
654913;0,01856831
654930,5;0,01857351
654946,1;0,01859006
654962,9;0,01860101
654979,2;0,01860638
654995,8;0,01860638
655012,3;0,01862204
655028,9;0,01863311
655045,6;0,01863966
655062;0,01864546
655078,6;0,01865143
655095,1;0,01866857
655111,7;0,0186802
655128,3;0,01868575
655144,8;0,01869658
655161,6;0,01870422
655178,2;0,01870987
655194,5;0,01870987
655211,1;0,01871612
655227,7;0,01872073
655244,6;0,01874523
655260,9;0,01876555
655277,4;0,01877223
655294,3;0,01878115
655310,5;0,01879151
655327,1;0,0188013
655343,6;0,01881091
655360,2;0,01882451
655377,3;0,0188313
655393,3;0,0188313
655410,1;0,01885442
655426,4;0,01886392
655443,1;0,01887792
655460,1;0,01888219
655476,4;0,01889834
655492,8;0,01890467
655509,3;0,01891814
655525,9;0,0189264
655542,5;0,0189393
655559,8;0,01895296
655575,6;0,01896011
655592,1;0,01896011
655609,1;0,01897535
655625,3;0,01899373
655641,9;0,01900074
655658,4;0,01901404
655675;0,01901404
655691,6;0,01902907
655708,1;0,01904116
655724,7;0,01905427
655741,2;0,01906734
655757,8;0,01907413
655774,7;0,01908419
655790,9;0,01909364
655807,6;0,01910622
655824,1;0,01910622
655840,6;0,0191128
655857,7;0,0191128
655874,1;0,01913512
655890,3;0,01915081
655906,9;0,01916314
655923,4;0,01917516
655940,9;0,01918195
655956,6;0,0191939
655973,6;0,01920563
655990,1;0,01921126
656006,3;0,01921126
656022,9;0,0192219
656039,6;0,01923811
656056;0,01924182
656072,6;0,0192584
656089,1;0,01926382
656105,7;0,01927545
656122,3;0,01927545
656139,1;0,01928656
656155,8;0,01930331
656171,9;0,01930575
656188,6;0,01931571
656205,1;0,01932559
656221,7;0,01933622
656238,3;0,01934163
656254,8;0,01935023
656272,1;0,01935763
656287,9;0,01936789
656304,7;0,01937344
656321,1;0,01938417
656337,6;0,01938934
656354,5;0,01938934
656370,8;0,01940932
656387,3;0,01941397
656404;0,01942099
656420,6;0,01942364
656437;0,0194309
656453,6;0,01944337
656470,1;0,01944337
656487,1;0,01944844
656503,3;0,01945283
656519,8;0,01946017
656536,4;0,01948191
656553,6;0,01949141
656569,6;0,01949562
656586,4;0,0195035
656602,8;0,01950895
656619,4;0,01951762
656635,8;0,01951762
656652,6;0,01952921
656669,1;0,01953507
656685,8;0,01953507
656702,1;0,01954737
656719,4;0,0195553
656735,7;0,01956324
656751,8;0,01956324
656768,4;0,01956324
656784,9;0,01957068
656801,7;0,01957518
656818,1;0,01958549
656834,6;0,0195965
656851,2;0,01960366
656867,8;0,01960724
656884,3;0,01961435
656900,9;0,0196182
656917,5;0,01962479
656934,1;0,01962805
656950,6;0,01963507
656967,2;0,01963507
656984,1;0,01964305
657000,6;0,01965317
657016,9;0,01965665
657033,4;0,01965988
657050;0,0196666
657066,6;0,01967338
657083,3;0,01967338
657099,9;0,01967688
657116,3;0,01967688
657132,9;0,01967984
657149,4;0,01968272
657166,2;0,01969128
657183,4;0,01970198
657199,1;0,01971067
657215,8;0,0197148
657232,5;0,01972
657248,8;0,01972461
657265,4;0,0197278
657282;0,01972981
657298,5;0,0197319
657315,1;0,01974044
657331,7;0,01974522
657348,3;0,01974753
657365;0,01974753
657381,4;0,01975073
657397,9;0,01975868
657414,5;0,01976066
657431,3;0,01976469
657447,6;0,01976678
657464,2;0,01977047
657480,7;0,01977373
657497,4;0,01977612
657513,9;0,01977836
657530,4;0,01978188
657547,1;0,01978378
657563,6;0,01978378
657580,1;0,01978935
657596,7;0,01979096
657613,7;0,01979326
657629,8;0,01979448
657646,4;0,01979687
657662,9;0,01979805
657679,6;0,01979805
657696,1;0,01980025
657713,1;0,01980411
657729,3;0,01980489
657746,1;0,01980489
657763,1;0,01980567
657779;0,01980567
657795,5;0,01980635
657812,4;0,01980889
657828,7;0,01981036
657845,2;0,01981114
657861,8;0,01981162
657878,4;0,01981211
657894,9;0,01981211
657912,2;0,01981235
657928,1;0,01981265
657944,6;0,01981279
657961,2;0,01981279
657977,8;0,01981269
657994,3;0,0198126
658011,3;0,0198124
658030,5;0,01981177
658044;0,0198111
658060,6;0,01981071
658077,1;0,01981071
658093,7;0,01980872
658110,3;0,01980796
658126,8;0,01980713
658143,9;0,01980588
658160;0,01980496
658176,5;0,01980351
658193,2;0,01980274
658209,6;0,01980086
658226,3;0,01979902
658242,8;0,0197966
658259,3;0,0197951
658275,9;0,0197951
658292,5;0,01979129
658309,1;0,01978797
658325,9;0,0197857
658342,6;0,0197857
658358,8;0,0197829
658375,3;0,01978005
658391,9;0,01978005
658408,6;0,0197785
658425,1;0,0197773
658441,6;0,01977358
658458,2;0,01976659
658475;0,01976365
658491,3;0,01976018
658507,9;0,01975777
658524,4;0,01975589
658541;0,01975232
658557,6;0,01975232
658574,2;0,01974587
658591,1;0,01974529
658607,4;0,01974197
658623,8;0,01973898
658640,4;0,01973676
658657;0,01973425
658673,5;0,0197316
658690,1;0,01973049
658706,7;0,01972914
658723,4;0,01972663
658739,8;0,01972547
658756,6;0,01972547
658772,9;0,01972199
658789,6;0,01972088
658806,1;0,01971981
658822,9;0,01971802
658839,3;0,01971725
658855,8;0,01971647
658872,5;0,01971458
658889,3;0,01971244
658905,9;0,01971244
658922,1;0,01971074
658938,8;0,01970899
658955,9;0,01970723
658972,1;0,01970612
658988,3;0,0197048
659004,9;0,01970377
659021,4;0,01970304
659038;0,01970211
659054,6;0,01970211
659071,6;0,01970118
659088,9;0,01969854
659104,3;0,01969434
659120,9;0,01969307
659137,4;0,01969125
659154,3;0,01968934
659170,6;0,01968856
659187,2;0,01968719
659203,7;0,01968557
659220,3;0,01968391
659237,3;0,01968302
659253,4;0,01968141
659269,9;0,01968057
659286,5;0,01967881
659303,8;0,01967881
659319,6;0,01967773
659336,2;0,01967513
659353,3;0,01967341
659369,9;0,01967218
659385,9;0,01967168
659402,4;0,01967104
659419;0,01967104
659435,6;0,01966967
659452,1;0,0196678
659468,8;0,01966672
659485,4;0,01966672
659501,9;0,01966538
659518,4;0,0196636
659535;0,01966252
659551,6;0,01966193
659568,1;0,01966202
659584,8;0,01966099
659601,7;0,01966035
659617,9;0,01966005
659634,8;0,01966005
659650,9;0,0196599
659667,6;0,0196599
659684,2;0,01965975
659700,8;0,01965985
659717,3;0,01965921
659733,8;0,01965926
659750,4;0,01965965
659767,1;0,01966063
659783,6;0,01966137
659800,4;0,01966192
659816,6;0,01966295
659833,2;0,01966379
659849,8;0,01966379
659866,6;0,0196662
659882,9;0,01966817
659899,5;0,01966964
659916,3;0,01967029
659932,8;0,01967142
659949,2;0,01967501
659965,8;0,01967673
659982,3;0,01967969
659998,8;0,01967969
660015,4;0,01968638
660032;0,01968677
660048,6;0,01969075
660065,3;0,01969404
660081,8;0,01969792
660098,3;0,0196984
660115,3;0,01970454
660131,4;0,01970693
660147,9;0,01970974
660164,6;0,01971126
660181,1;0,01971377
660197,6;0,01972113
660214,5;0,01972612
660230,8;0,01972935
660247,9;0,01973468
660264,4;0,01973752
660280,6;0,01974305
660297,2;0,01974563
660314,2;0,01974843
660330,6;0,01974843
660346,8;0,01975125
660363,3;0,01975951
660380,8;0,01977001
660396,5;0,01977001
660413;0,01977294
660429,6;0,01977865
660446,2;0,0197844
660462,8;0,01979045
660479,3;0,01979644
660496,6;0,01979991
